file,stage,predictor,cell,feature,scale,muc_tai,verdict,that_kha_thi,kc_bien,lo,hi
predictions_frozen_RE2.json,,P0,promox1,promo,1.0,100.0,FEASIBLE,True,0.375,150.0,170.0
predictions_frozen_RE2.json,,P0,promox1,promo,1.0,120.0,FEASIBLE,True,0.25,150.0,170.0
predictions_frozen_RE2.json,,P0,promox1,promo,1.0,140.0,FEASIBLE,True,0.125,150.0,170.0
predictions_frozen_RE2.json,,P0,promox1,promo,1.0,180.0,INFEASIBLE,False,0.125,150.0,170.0
predictions_frozen_RE2.json,,P0,promox1,promo,1.0,200.0,INFEASIBLE,False,0.25,150.0,170.0
predictions_frozen_RE2.json,,P0,promox1,promo,1.0,220.0,INFEASIBLE,False,0.375,150.0,170.0
predictions_frozen_RE2.json,,P0,promox1,promo,1.0,240.0,INFEASIBLE,False,0.5,150.0,170.0
predictions_frozen_RE2.json,,P0,promox1,promo,1.0,260.0,INFEASIBLE,False,0.625,150.0,170.0
predictions_frozen_RE2.json,,P0,promox1,promo,1.0,40.0,FEASIBLE,True,0.75,150.0,170.0
predictions_frozen_RE2.json,,P0,promox1,promo,1.0,60.0,FEASIBLE,True,0.625,150.0,170.0
predictions_frozen_RE2.json,,P0,promox1,promo,1.0,80.0,FEASIBLE,True,0.5,150.0,170.0
predictions_frozen_RE2.json,,P1,promox1,promo,1.0,100.0,FEASIBLE,True,0.375,150.0,170.0
predictions_frozen_RE2.json,,P1,promox1,promo,1.0,120.0,FEASIBLE,True,0.25,150.0,170.0
predictions_frozen_RE2.json,,P1,promox1,promo,1.0,140.0,FEASIBLE,True,0.125,150.0,170.0
predictions_frozen_RE2.json,,P1,promox1,promo,1.0,180.0,INFEASIBLE,False,0.125,150.0,170.0
predictions_frozen_RE2.json,,P1,promox1,promo,1.0,200.0,INFEASIBLE,False,0.25,150.0,170.0
predictions_frozen_RE2.json,,P1,promox1,promo,1.0,220.0,INFEASIBLE,False,0.375,150.0,170.0
predictions_frozen_RE2.json,,P1,promox1,promo,1.0,240.0,INFEASIBLE,False,0.5,150.0,170.0
predictions_frozen_RE2.json,,P1,promox1,promo,1.0,260.0,INFEASIBLE,False,0.625,150.0,170.0
predictions_frozen_RE2.json,,P1,promox1,promo,1.0,40.0,FEASIBLE,True,0.75,150.0,170.0
predictions_frozen_RE2.json,,P1,promox1,promo,1.0,60.0,FEASIBLE,True,0.625,150.0,170.0
predictions_frozen_RE2.json,,P1,promox1,promo,1.0,80.0,FEASIBLE,True,0.5,150.0,170.0
predictions_frozen_RE2.json,,P1_ctrl,promox1,promo,1.0,100.0,FEASIBLE,True,0.375,150.0,170.0
predictions_frozen_RE2.json,,P1_ctrl,promox1,promo,1.0,120.0,FEASIBLE,True,0.25,150.0,170.0
predictions_frozen_RE2.json,,P1_ctrl,promox1,promo,1.0,140.0,FEASIBLE,True,0.125,150.0,170.0
predictions_frozen_RE2.json,,P1_ctrl,promox1,promo,1.0,180.0,INFEASIBLE,False,0.125,150.0,170.0
predictions_frozen_RE2.json,,P1_ctrl,promox1,promo,1.0,200.0,INFEASIBLE,False,0.25,150.0,170.0
predictions_frozen_RE2.json,,P1_ctrl,promox1,promo,1.0,220.0,INFEASIBLE,False,0.375,150.0,170.0
predictions_frozen_RE2.json,,P1_ctrl,promox1,promo,1.0,240.0,INFEASIBLE,False,0.5,150.0,170.0
predictions_frozen_RE2.json,,P1_ctrl,promox1,promo,1.0,260.0,INFEASIBLE,False,0.625,150.0,170.0
predictions_frozen_RE2.json,,P1_ctrl,promox1,promo,1.0,40.0,FEASIBLE,True,0.75,150.0,170.0
predictions_frozen_RE2.json,,P1_ctrl,promox1,promo,1.0,60.0,FEASIBLE,True,0.625,150.0,170.0
predictions_frozen_RE2.json,,P1_ctrl,promox1,promo,1.0,80.0,FEASIBLE,True,0.5,150.0,170.0
predictions_frozen_RE2.json,,P0,promox2,promo,2.0,100.0,FEASIBLE,False,0.1111111111111111,80.0,100.0
predictions_frozen_RE2.json,,P0,promox2,promo,2.0,120.0,FEASIBLE,False,0.3333333333333333,80.0,100.0
predictions_frozen_RE2.json,,P0,promox2,promo,2.0,140.0,MARGINAL,False,0.5555555555555556,80.0,100.0
predictions_frozen_RE2.json,,P0,promox2,promo,2.0,160.0,INFEASIBLE,False,0.7777777777777778,80.0,100.0
predictions_frozen_RE2.json,,P0,promox2,promo,2.0,180.0,INFEASIBLE,False,1.0,80.0,100.0
predictions_frozen_RE2.json,,P0,promox2,promo,2.0,200.0,INFEASIBLE,False,1.2222222222222223,80.0,100.0
predictions_frozen_RE2.json,,P0,promox2,promo,2.0,220.0,INFEASIBLE,False,1.4444444444444444,80.0,100.0
predictions_frozen_RE2.json,,P0,promox2,promo,2.0,240.0,INFEASIBLE,False,1.6666666666666667,80.0,100.0
predictions_frozen_RE2.json,,P0,promox2,promo,2.0,260.0,INFEASIBLE,False,1.8888888888888888,80.0,100.0
predictions_frozen_RE2.json,,P0,promox2,promo,2.0,40.0,FEASIBLE,True,0.5555555555555556,80.0,100.0
predictions_frozen_RE2.json,,P0,promox2,promo,2.0,60.0,FEASIBLE,True,0.3333333333333333,80.0,100.0
predictions_frozen_RE2.json,,P1,promox2,promo,2.0,100.0,FEASIBLE,False,0.1111111111111111,80.0,100.0
predictions_frozen_RE2.json,,P1,promox2,promo,2.0,120.0,FEASIBLE,False,0.3333333333333333,80.0,100.0
predictions_frozen_RE2.json,,P1,promox2,promo,2.0,140.0,MARGINAL,False,0.5555555555555556,80.0,100.0
predictions_frozen_RE2.json,,P1,promox2,promo,2.0,160.0,INFEASIBLE,False,0.7777777777777778,80.0,100.0
predictions_frozen_RE2.json,,P1,promox2,promo,2.0,180.0,INFEASIBLE,False,1.0,80.0,100.0
predictions_frozen_RE2.json,,P1,promox2,promo,2.0,200.0,INFEASIBLE,False,1.2222222222222223,80.0,100.0
predictions_frozen_RE2.json,,P1,promox2,promo,2.0,220.0,INFEASIBLE,False,1.4444444444444444,80.0,100.0
predictions_frozen_RE2.json,,P1,promox2,promo,2.0,240.0,INFEASIBLE,False,1.6666666666666667,80.0,100.0
predictions_frozen_RE2.json,,P1,promox2,promo,2.0,260.0,INFEASIBLE,False,1.8888888888888888,80.0,100.0
predictions_frozen_RE2.json,,P1,promox2,promo,2.0,40.0,FEASIBLE,True,0.5555555555555556,80.0,100.0
predictions_frozen_RE2.json,,P1,promox2,promo,2.0,60.0,FEASIBLE,True,0.3333333333333333,80.0,100.0
predictions_frozen_RE2.json,,P1_ctrl,promox2,promo,2.0,100.0,FEASIBLE,False,0.1111111111111111,80.0,100.0
predictions_frozen_RE2.json,,P1_ctrl,promox2,promo,2.0,120.0,FEASIBLE,False,0.3333333333333333,80.0,100.0
predictions_frozen_RE2.json,,P1_ctrl,promox2,promo,2.0,140.0,MARGINAL,False,0.5555555555555556,80.0,100.0
predictions_frozen_RE2.json,,P1_ctrl,promox2,promo,2.0,160.0,INFEASIBLE,False,0.7777777777777778,80.0,100.0
predictions_frozen_RE2.json,,P1_ctrl,promox2,promo,2.0,180.0,INFEASIBLE,False,1.0,80.0,100.0
predictions_frozen_RE2.json,,P1_ctrl,promox2,promo,2.0,200.0,INFEASIBLE,False,1.2222222222222223,80.0,100.0
predictions_frozen_RE2.json,,P1_ctrl,promox2,promo,2.0,220.0,INFEASIBLE,False,1.4444444444444444,80.0,100.0
predictions_frozen_RE2.json,,P1_ctrl,promox2,promo,2.0,240.0,INFEASIBLE,False,1.6666666666666667,80.0,100.0
predictions_frozen_RE2.json,,P1_ctrl,promox2,promo,2.0,260.0,INFEASIBLE,False,1.8888888888888888,80.0,100.0
predictions_frozen_RE2.json,,P1_ctrl,promox2,promo,2.0,40.0,FEASIBLE,True,0.5555555555555556,80.0,100.0
predictions_frozen_RE2.json,,P1_ctrl,promox2,promo,2.0,60.0,FEASIBLE,True,0.3333333333333333,80.0,100.0
predictions_frozen_RE2.json,,P0,recsx1,recs,1.0,100.0,FEASIBLE,True,0.23076923076923078,120.0,140.0
predictions_frozen_RE2.json,,P0,recsx1,recs,1.0,140.0,FEASIBLE,False,0.07692307692307693,120.0,140.0
predictions_frozen_RE2.json,,P0,recsx1,recs,1.0,160.0,INFEASIBLE,False,0.23076923076923078,120.0,140.0
predictions_frozen_RE2.json,,P0,recsx1,recs,1.0,180.0,INFEASIBLE,False,0.38461538461538464,120.0,140.0
predictions_frozen_RE2.json,,P0,recsx1,recs,1.0,200.0,INFEASIBLE,False,0.5384615384615384,120.0,140.0
predictions_frozen_RE2.json,,P0,recsx1,recs,1.0,220.0,INFEASIBLE,False,0.6923076923076923,120.0,140.0
predictions_frozen_RE2.json,,P0,recsx1,recs,1.0,240.0,INFEASIBLE,False,0.8461538461538461,120.0,140.0
predictions_frozen_RE2.json,,P0,recsx1,recs,1.0,260.0,INFEASIBLE,False,1.0,120.0,140.0
predictions_frozen_RE2.json,,P0,recsx1,recs,1.0,40.0,FEASIBLE,True,0.6923076923076923,120.0,140.0
predictions_frozen_RE2.json,,P0,recsx1,recs,1.0,60.0,FEASIBLE,True,0.5384615384615384,120.0,140.0
predictions_frozen_RE2.json,,P0,recsx1,recs,1.0,80.0,FEASIBLE,True,0.38461538461538464,120.0,140.0
predictions_frozen_RE2.json,,P1,recsx1,recs,1.0,100.0,FEASIBLE,True,0.23076923076923078,120.0,140.0
predictions_frozen_RE2.json,,P1,recsx1,recs,1.0,140.0,FEASIBLE,False,0.07692307692307693,120.0,140.0
predictions_frozen_RE2.json,,P1,recsx1,recs,1.0,160.0,INFEASIBLE,False,0.23076923076923078,120.0,140.0
predictions_frozen_RE2.json,,P1,recsx1,recs,1.0,180.0,INFEASIBLE,False,0.38461538461538464,120.0,140.0
predictions_frozen_RE2.json,,P1,recsx1,recs,1.0,200.0,INFEASIBLE,False,0.5384615384615384,120.0,140.0
predictions_frozen_RE2.json,,P1,recsx1,recs,1.0,220.0,INFEASIBLE,False,0.6923076923076923,120.0,140.0
predictions_frozen_RE2.json,,P1,recsx1,recs,1.0,240.0,INFEASIBLE,False,0.8461538461538461,120.0,140.0
predictions_frozen_RE2.json,,P1,recsx1,recs,1.0,260.0,INFEASIBLE,False,1.0,120.0,140.0
predictions_frozen_RE2.json,,P1,recsx1,recs,1.0,40.0,FEASIBLE,True,0.6923076923076923,120.0,140.0
predictions_frozen_RE2.json,,P1,recsx1,recs,1.0,60.0,FEASIBLE,True,0.5384615384615384,120.0,140.0
predictions_frozen_RE2.json,,P1,recsx1,recs,1.0,80.0,FEASIBLE,True,0.38461538461538464,120.0,140.0
predictions_frozen_RE2.json,,P1_ctrl,recsx1,recs,1.0,100.0,FEASIBLE,True,0.23076923076923078,120.0,140.0
predictions_frozen_RE2.json,,P1_ctrl,recsx1,recs,1.0,140.0,FEASIBLE,False,0.07692307692307693,120.0,140.0
predictions_frozen_RE2.json,,P1_ctrl,recsx1,recs,1.0,160.0,INFEASIBLE,False,0.23076923076923078,120.0,140.0
predictions_frozen_RE2.json,,P1_ctrl,recsx1,recs,1.0,180.0,INFEASIBLE,False,0.38461538461538464,120.0,140.0
predictions_frozen_RE2.json,,P1_ctrl,recsx1,recs,1.0,200.0,INFEASIBLE,False,0.5384615384615384,120.0,140.0
predictions_frozen_RE2.json,,P1_ctrl,recsx1,recs,1.0,220.0,INFEASIBLE,False,0.6923076923076923,120.0,140.0
predictions_frozen_RE2.json,,P1_ctrl,recsx1,recs,1.0,240.0,INFEASIBLE,False,0.8461538461538461,120.0,140.0
predictions_frozen_RE2.json,,P1_ctrl,recsx1,recs,1.0,260.0,INFEASIBLE,False,1.0,120.0,140.0
predictions_frozen_RE2.json,,P1_ctrl,recsx1,recs,1.0,40.0,FEASIBLE,True,0.6923076923076923,120.0,140.0
predictions_frozen_RE2.json,,P1_ctrl,recsx1,recs,1.0,60.0,FEASIBLE,True,0.5384615384615384,120.0,140.0
predictions_frozen_RE2.json,,P1_ctrl,recsx1,recs,1.0,80.0,FEASIBLE,True,0.38461538461538464,120.0,140.0
predictions_frozen_RE2.json,,P0,recsx2,recs,2.0,120.0,MARGINAL,False,0.09090909090909091,100.0,120.0
predictions_frozen_RE2.json,,P0,recsx2,recs,2.0,140.0,INFEASIBLE,False,0.2727272727272727,100.0,120.0
predictions_frozen_RE2.json,,P0,recsx2,recs,2.0,160.0,INFEASIBLE,False,0.45454545454545453,100.0,120.0
predictions_frozen_RE2.json,,P0,recsx2,recs,2.0,180.0,INFEASIBLE,False,0.6363636363636364,100.0,120.0
predictions_frozen_RE2.json,,P0,recsx2,recs,2.0,200.0,INFEASIBLE,False,0.8181818181818182,100.0,120.0
predictions_frozen_RE2.json,,P0,recsx2,recs,2.0,220.0,INFEASIBLE,False,1.0,100.0,120.0
predictions_frozen_RE2.json,,P0,recsx2,recs,2.0,240.0,INFEASIBLE,False,1.1818181818181819,100.0,120.0
predictions_frozen_RE2.json,,P0,recsx2,recs,2.0,260.0,INFEASIBLE,False,1.3636363636363635,100.0,120.0
predictions_frozen_RE2.json,,P0,recsx2,recs,2.0,40.0,FEASIBLE,True,0.6363636363636364,100.0,120.0
predictions_frozen_RE2.json,,P0,recsx2,recs,2.0,60.0,FEASIBLE,True,0.45454545454545453,100.0,120.0
predictions_frozen_RE2.json,,P0,recsx2,recs,2.0,80.0,FEASIBLE,True,0.2727272727272727,100.0,120.0
predictions_frozen_RE2.json,,P1,recsx2,recs,2.0,120.0,INFEASIBLE,False,0.09090909090909091,100.0,120.0
predictions_frozen_RE2.json,,P1,recsx2,recs,2.0,140.0,INFEASIBLE,False,0.2727272727272727,100.0,120.0
predictions_frozen_RE2.json,,P1,recsx2,recs,2.0,160.0,INFEASIBLE,False,0.45454545454545453,100.0,120.0
predictions_frozen_RE2.json,,P1,recsx2,recs,2.0,180.0,INFEASIBLE,False,0.6363636363636364,100.0,120.0
predictions_frozen_RE2.json,,P1,recsx2,recs,2.0,200.0,INFEASIBLE,False,0.8181818181818182,100.0,120.0
predictions_frozen_RE2.json,,P1,recsx2,recs,2.0,220.0,INFEASIBLE,False,1.0,100.0,120.0
predictions_frozen_RE2.json,,P1,recsx2,recs,2.0,240.0,INFEASIBLE,False,1.1818181818181819,100.0,120.0
predictions_frozen_RE2.json,,P1,recsx2,recs,2.0,260.0,INFEASIBLE,False,1.3636363636363635,100.0,120.0
predictions_frozen_RE2.json,,P1,recsx2,recs,2.0,40.0,FEASIBLE,True,0.6363636363636364,100.0,120.0
predictions_frozen_RE2.json,,P1,recsx2,recs,2.0,60.0,FEASIBLE,True,0.45454545454545453,100.0,120.0
predictions_frozen_RE2.json,,P1,recsx2,recs,2.0,80.0,FEASIBLE,True,0.2727272727272727,100.0,120.0
predictions_frozen_RE2.json,,P1_ctrl,recsx2,recs,2.0,120.0,MARGINAL,False,0.09090909090909091,100.0,120.0
predictions_frozen_RE2.json,,P1_ctrl,recsx2,recs,2.0,140.0,INFEASIBLE,False,0.2727272727272727,100.0,120.0
predictions_frozen_RE2.json,,P1_ctrl,recsx2,recs,2.0,160.0,INFEASIBLE,False,0.45454545454545453,100.0,120.0
predictions_frozen_RE2.json,,P1_ctrl,recsx2,recs,2.0,180.0,INFEASIBLE,False,0.6363636363636364,100.0,120.0
predictions_frozen_RE2.json,,P1_ctrl,recsx2,recs,2.0,200.0,INFEASIBLE,False,0.8181818181818182,100.0,120.0
predictions_frozen_RE2.json,,P1_ctrl,recsx2,recs,2.0,220.0,INFEASIBLE,False,1.0,100.0,120.0
predictions_frozen_RE2.json,,P1_ctrl,recsx2,recs,2.0,240.0,INFEASIBLE,False,1.1818181818181819,100.0,120.0
predictions_frozen_RE2.json,,P1_ctrl,recsx2,recs,2.0,260.0,INFEASIBLE,False,1.3636363636363635,100.0,120.0
predictions_frozen_RE2.json,,P1_ctrl,recsx2,recs,2.0,40.0,FEASIBLE,True,0.6363636363636364,100.0,120.0
predictions_frozen_RE2.json,,P1_ctrl,recsx2,recs,2.0,60.0,FEASIBLE,True,0.45454545454545453,100.0,120.0
predictions_frozen_RE2.json,,P1_ctrl,recsx2,recs,2.0,80.0,FEASIBLE,True,0.2727272727272727,100.0,120.0
predictions_frozen_RE2.json,,P0,trackx1,track,1.0,100.0,FEASIBLE,True,0.4444444444444444,170.0,190.0
predictions_frozen_RE2.json,,P0,trackx1,track,1.0,120.0,FEASIBLE,True,0.3333333333333333,170.0,190.0
predictions_frozen_RE2.json,,P0,trackx1,track,1.0,140.0,FEASIBLE,True,0.2222222222222222,170.0,190.0
predictions_frozen_RE2.json,,P0,trackx1,track,1.0,160.0,FEASIBLE,True,0.1111111111111111,170.0,190.0
predictions_frozen_RE2.json,,P0,trackx1,track,1.0,200.0,INFEASIBLE,False,0.1111111111111111,170.0,190.0
predictions_frozen_RE2.json,,P0,trackx1,track,1.0,220.0,INFEASIBLE,False,0.2222222222222222,170.0,190.0
predictions_frozen_RE2.json,,P0,trackx1,track,1.0,240.0,INFEASIBLE,False,0.3333333333333333,170.0,190.0
predictions_frozen_RE2.json,,P0,trackx1,track,1.0,260.0,INFEASIBLE,False,0.4444444444444444,170.0,190.0
predictions_frozen_RE2.json,,P0,trackx1,track,1.0,40.0,FEASIBLE,True,0.7777777777777778,170.0,190.0
predictions_frozen_RE2.json,,P0,trackx1,track,1.0,60.0,FEASIBLE,True,0.6666666666666666,170.0,190.0
predictions_frozen_RE2.json,,P0,trackx1,track,1.0,80.0,FEASIBLE,True,0.5555555555555556,170.0,190.0
predictions_frozen_RE2.json,,P1,trackx1,track,1.0,100.0,FEASIBLE,True,0.4444444444444444,170.0,190.0
predictions_frozen_RE2.json,,P1,trackx1,track,1.0,120.0,FEASIBLE,True,0.3333333333333333,170.0,190.0
predictions_frozen_RE2.json,,P1,trackx1,track,1.0,140.0,FEASIBLE,True,0.2222222222222222,170.0,190.0
predictions_frozen_RE2.json,,P1,trackx1,track,1.0,160.0,FEASIBLE,True,0.1111111111111111,170.0,190.0
predictions_frozen_RE2.json,,P1,trackx1,track,1.0,200.0,INFEASIBLE,False,0.1111111111111111,170.0,190.0
predictions_frozen_RE2.json,,P1,trackx1,track,1.0,220.0,INFEASIBLE,False,0.2222222222222222,170.0,190.0
predictions_frozen_RE2.json,,P1,trackx1,track,1.0,240.0,INFEASIBLE,False,0.3333333333333333,170.0,190.0
predictions_frozen_RE2.json,,P1,trackx1,track,1.0,260.0,INFEASIBLE,False,0.4444444444444444,170.0,190.0
predictions_frozen_RE2.json,,P1,trackx1,track,1.0,40.0,FEASIBLE,True,0.7777777777777778,170.0,190.0
predictions_frozen_RE2.json,,P1,trackx1,track,1.0,60.0,FEASIBLE,True,0.6666666666666666,170.0,190.0
predictions_frozen_RE2.json,,P1,trackx1,track,1.0,80.0,FEASIBLE,True,0.5555555555555556,170.0,190.0
predictions_frozen_RE2.json,,P1_ctrl,trackx1,track,1.0,100.0,FEASIBLE,True,0.4444444444444444,170.0,190.0
predictions_frozen_RE2.json,,P1_ctrl,trackx1,track,1.0,120.0,FEASIBLE,True,0.3333333333333333,170.0,190.0
predictions_frozen_RE2.json,,P1_ctrl,trackx1,track,1.0,140.0,FEASIBLE,True,0.2222222222222222,170.0,190.0
predictions_frozen_RE2.json,,P1_ctrl,trackx1,track,1.0,160.0,FEASIBLE,True,0.1111111111111111,170.0,190.0
predictions_frozen_RE2.json,,P1_ctrl,trackx1,track,1.0,200.0,INFEASIBLE,False,0.1111111111111111,170.0,190.0
predictions_frozen_RE2.json,,P1_ctrl,trackx1,track,1.0,220.0,INFEASIBLE,False,0.2222222222222222,170.0,190.0
predictions_frozen_RE2.json,,P1_ctrl,trackx1,track,1.0,240.0,INFEASIBLE,False,0.3333333333333333,170.0,190.0
predictions_frozen_RE2.json,,P1_ctrl,trackx1,track,1.0,260.0,INFEASIBLE,False,0.4444444444444444,170.0,190.0
predictions_frozen_RE2.json,,P1_ctrl,trackx1,track,1.0,40.0,FEASIBLE,True,0.7777777777777778,170.0,190.0
predictions_frozen_RE2.json,,P1_ctrl,trackx1,track,1.0,60.0,FEASIBLE,True,0.6666666666666666,170.0,190.0
predictions_frozen_RE2.json,,P1_ctrl,trackx1,track,1.0,80.0,FEASIBLE,True,0.5555555555555556,170.0,190.0
predictions_frozen_RE2.json,,P0,trackx2,track,2.0,100.0,FEASIBLE,True,0.3333333333333333,140.0,160.0
predictions_frozen_RE2.json,,P0,trackx2,track,2.0,120.0,FEASIBLE,True,0.2,140.0,160.0
predictions_frozen_RE2.json,,P0,trackx2,track,2.0,160.0,INFEASIBLE,False,0.06666666666666667,140.0,160.0
predictions_frozen_RE2.json,,P0,trackx2,track,2.0,180.0,INFEASIBLE,False,0.2,140.0,160.0
predictions_frozen_RE2.json,,P0,trackx2,track,2.0,200.0,INFEASIBLE,False,0.3333333333333333,140.0,160.0
predictions_frozen_RE2.json,,P0,trackx2,track,2.0,220.0,INFEASIBLE,False,0.4666666666666667,140.0,160.0
predictions_frozen_RE2.json,,P0,trackx2,track,2.0,240.0,INFEASIBLE,False,0.6,140.0,160.0
predictions_frozen_RE2.json,,P0,trackx2,track,2.0,260.0,INFEASIBLE,False,0.7333333333333333,140.0,160.0
predictions_frozen_RE2.json,,P0,trackx2,track,2.0,40.0,FEASIBLE,True,0.7333333333333333,140.0,160.0
predictions_frozen_RE2.json,,P0,trackx2,track,2.0,60.0,FEASIBLE,True,0.6,140.0,160.0
predictions_frozen_RE2.json,,P0,trackx2,track,2.0,80.0,FEASIBLE,True,0.4666666666666667,140.0,160.0
predictions_frozen_RE2.json,,P1,trackx2,track,2.0,100.0,FEASIBLE,True,0.3333333333333333,140.0,160.0
predictions_frozen_RE2.json,,P1,trackx2,track,2.0,120.0,FEASIBLE,True,0.2,140.0,160.0
predictions_frozen_RE2.json,,P1,trackx2,track,2.0,160.0,INFEASIBLE,False,0.06666666666666667,140.0,160.0
predictions_frozen_RE2.json,,P1,trackx2,track,2.0,180.0,INFEASIBLE,False,0.2,140.0,160.0
predictions_frozen_RE2.json,,P1,trackx2,track,2.0,200.0,INFEASIBLE,False,0.3333333333333333,140.0,160.0
predictions_frozen_RE2.json,,P1,trackx2,track,2.0,220.0,INFEASIBLE,False,0.4666666666666667,140.0,160.0
predictions_frozen_RE2.json,,P1,trackx2,track,2.0,240.0,INFEASIBLE,False,0.6,140.0,160.0
predictions_frozen_RE2.json,,P1,trackx2,track,2.0,260.0,INFEASIBLE,False,0.7333333333333333,140.0,160.0
predictions_frozen_RE2.json,,P1,trackx2,track,2.0,40.0,FEASIBLE,True,0.7333333333333333,140.0,160.0
predictions_frozen_RE2.json,,P1,trackx2,track,2.0,60.0,FEASIBLE,True,0.6,140.0,160.0
predictions_frozen_RE2.json,,P1,trackx2,track,2.0,80.0,FEASIBLE,True,0.4666666666666667,140.0,160.0
predictions_frozen_RE2.json,,P1_ctrl,trackx2,track,2.0,100.0,FEASIBLE,True,0.3333333333333333,140.0,160.0
predictions_frozen_RE2.json,,P1_ctrl,trackx2,track,2.0,120.0,FEASIBLE,True,0.2,140.0,160.0
predictions_frozen_RE2.json,,P1_ctrl,trackx2,track,2.0,160.0,INFEASIBLE,False,0.06666666666666667,140.0,160.0
predictions_frozen_RE2.json,,P1_ctrl,trackx2,track,2.0,180.0,INFEASIBLE,False,0.2,140.0,160.0
predictions_frozen_RE2.json,,P1_ctrl,trackx2,track,2.0,200.0,INFEASIBLE,False,0.3333333333333333,140.0,160.0
predictions_frozen_RE2.json,,P1_ctrl,trackx2,track,2.0,220.0,INFEASIBLE,False,0.4666666666666667,140.0,160.0
predictions_frozen_RE2.json,,P1_ctrl,trackx2,track,2.0,240.0,INFEASIBLE,False,0.6,140.0,160.0
predictions_frozen_RE2.json,,P1_ctrl,trackx2,track,2.0,260.0,INFEASIBLE,False,0.7333333333333333,140.0,160.0
predictions_frozen_RE2.json,,P1_ctrl,trackx2,track,2.0,40.0,FEASIBLE,True,0.7333333333333333,140.0,160.0
predictions_frozen_RE2.json,,P1_ctrl,trackx2,track,2.0,60.0,FEASIBLE,True,0.6,140.0,160.0
predictions_frozen_RE2.json,,P1_ctrl,trackx2,track,2.0,80.0,FEASIBLE,True,0.4666666666666667,140.0,160.0
predictions_frozen_RE2.json,,P0,reviewx1,review,1.0,100.0,FEASIBLE,True,0.47368421052631576,180.0,200.0
predictions_frozen_RE2.json,,P0,reviewx1,review,1.0,120.0,FEASIBLE,True,0.3684210526315789,180.0,200.0
predictions_frozen_RE2.json,,P0,reviewx1,review,1.0,140.0,FEASIBLE,True,0.2631578947368421,180.0,200.0
predictions_frozen_RE2.json,,P0,reviewx1,review,1.0,160.0,FEASIBLE,True,0.15789473684210525,180.0,200.0
predictions_frozen_RE2.json,,P0,reviewx1,review,1.0,200.0,INFEASIBLE,False,0.05263157894736842,180.0,200.0
predictions_frozen_RE2.json,,P0,reviewx1,review,1.0,220.0,INFEASIBLE,False,0.15789473684210525,180.0,200.0
predictions_frozen_RE2.json,,P0,reviewx1,review,1.0,240.0,INFEASIBLE,False,0.2631578947368421,180.0,200.0
predictions_frozen_RE2.json,,P0,reviewx1,review,1.0,260.0,INFEASIBLE,False,0.3684210526315789,180.0,200.0
predictions_frozen_RE2.json,,P0,reviewx1,review,1.0,40.0,FEASIBLE,True,0.7894736842105263,180.0,200.0
predictions_frozen_RE2.json,,P0,reviewx1,review,1.0,60.0,FEASIBLE,True,0.6842105263157895,180.0,200.0
predictions_frozen_RE2.json,,P0,reviewx1,review,1.0,80.0,FEASIBLE,True,0.5789473684210527,180.0,200.0
predictions_frozen_RE2.json,,P1,reviewx1,review,1.0,100.0,FEASIBLE,True,0.47368421052631576,180.0,200.0
predictions_frozen_RE2.json,,P1,reviewx1,review,1.0,120.0,FEASIBLE,True,0.3684210526315789,180.0,200.0
predictions_frozen_RE2.json,,P1,reviewx1,review,1.0,140.0,FEASIBLE,True,0.2631578947368421,180.0,200.0
predictions_frozen_RE2.json,,P1,reviewx1,review,1.0,160.0,FEASIBLE,True,0.15789473684210525,180.0,200.0
predictions_frozen_RE2.json,,P1,reviewx1,review,1.0,200.0,INFEASIBLE,False,0.05263157894736842,180.0,200.0
predictions_frozen_RE2.json,,P1,reviewx1,review,1.0,220.0,INFEASIBLE,False,0.15789473684210525,180.0,200.0
predictions_frozen_RE2.json,,P1,reviewx1,review,1.0,240.0,INFEASIBLE,False,0.2631578947368421,180.0,200.0
predictions_frozen_RE2.json,,P1,reviewx1,review,1.0,260.0,INFEASIBLE,False,0.3684210526315789,180.0,200.0
predictions_frozen_RE2.json,,P1,reviewx1,review,1.0,40.0,FEASIBLE,True,0.7894736842105263,180.0,200.0
predictions_frozen_RE2.json,,P1,reviewx1,review,1.0,60.0,FEASIBLE,True,0.6842105263157895,180.0,200.0
predictions_frozen_RE2.json,,P1,reviewx1,review,1.0,80.0,FEASIBLE,True,0.5789473684210527,180.0,200.0
predictions_frozen_RE2.json,,P1_ctrl,reviewx1,review,1.0,100.0,FEASIBLE,True,0.47368421052631576,180.0,200.0
predictions_frozen_RE2.json,,P1_ctrl,reviewx1,review,1.0,120.0,FEASIBLE,True,0.3684210526315789,180.0,200.0
predictions_frozen_RE2.json,,P1_ctrl,reviewx1,review,1.0,140.0,FEASIBLE,True,0.2631578947368421,180.0,200.0
predictions_frozen_RE2.json,,P1_ctrl,reviewx1,review,1.0,160.0,FEASIBLE,True,0.15789473684210525,180.0,200.0
predictions_frozen_RE2.json,,P1_ctrl,reviewx1,review,1.0,200.0,INFEASIBLE,False,0.05263157894736842,180.0,200.0
predictions_frozen_RE2.json,,P1_ctrl,reviewx1,review,1.0,220.0,INFEASIBLE,False,0.15789473684210525,180.0,200.0
predictions_frozen_RE2.json,,P1_ctrl,reviewx1,review,1.0,240.0,INFEASIBLE,False,0.2631578947368421,180.0,200.0
predictions_frozen_RE2.json,,P1_ctrl,reviewx1,review,1.0,260.0,INFEASIBLE,False,0.3684210526315789,180.0,200.0
predictions_frozen_RE2.json,,P1_ctrl,reviewx1,review,1.0,40.0,FEASIBLE,True,0.7894736842105263,180.0,200.0
predictions_frozen_RE2.json,,P1_ctrl,reviewx1,review,1.0,60.0,FEASIBLE,True,0.6842105263157895,180.0,200.0
predictions_frozen_RE2.json,,P1_ctrl,reviewx1,review,1.0,80.0,FEASIBLE,True,0.5789473684210527,180.0,200.0
predictions_frozen_RE2.json,,P0,reviewx2,review,2.0,100.0,FEASIBLE,True,0.375,150.0,170.0
predictions_frozen_RE2.json,,P0,reviewx2,review,2.0,120.0,FEASIBLE,True,0.25,150.0,170.0
predictions_frozen_RE2.json,,P0,reviewx2,review,2.0,140.0,FEASIBLE,True,0.125,150.0,170.0
predictions_frozen_RE2.json,,P0,reviewx2,review,2.0,180.0,INFEASIBLE,False,0.125,150.0,170.0
predictions_frozen_RE2.json,,P0,reviewx2,review,2.0,200.0,INFEASIBLE,False,0.25,150.0,170.0
predictions_frozen_RE2.json,,P0,reviewx2,review,2.0,220.0,INFEASIBLE,False,0.375,150.0,170.0
predictions_frozen_RE2.json,,P0,reviewx2,review,2.0,240.0,INFEASIBLE,False,0.5,150.0,170.0
predictions_frozen_RE2.json,,P0,reviewx2,review,2.0,260.0,INFEASIBLE,False,0.625,150.0,170.0
predictions_frozen_RE2.json,,P0,reviewx2,review,2.0,40.0,FEASIBLE,True,0.75,150.0,170.0
predictions_frozen_RE2.json,,P0,reviewx2,review,2.0,60.0,FEASIBLE,True,0.625,150.0,170.0
predictions_frozen_RE2.json,,P0,reviewx2,review,2.0,80.0,FEASIBLE,True,0.5,150.0,170.0
predictions_frozen_RE2.json,,P1,reviewx2,review,2.0,100.0,FEASIBLE,True,0.375,150.0,170.0
predictions_frozen_RE2.json,,P1,reviewx2,review,2.0,120.0,FEASIBLE,True,0.25,150.0,170.0
predictions_frozen_RE2.json,,P1,reviewx2,review,2.0,140.0,FEASIBLE,True,0.125,150.0,170.0
predictions_frozen_RE2.json,,P1,reviewx2,review,2.0,180.0,INFEASIBLE,False,0.125,150.0,170.0
predictions_frozen_RE2.json,,P1,reviewx2,review,2.0,200.0,INFEASIBLE,False,0.25,150.0,170.0
predictions_frozen_RE2.json,,P1,reviewx2,review,2.0,220.0,INFEASIBLE,False,0.375,150.0,170.0
predictions_frozen_RE2.json,,P1,reviewx2,review,2.0,240.0,INFEASIBLE,False,0.5,150.0,170.0
predictions_frozen_RE2.json,,P1,reviewx2,review,2.0,260.0,INFEASIBLE,False,0.625,150.0,170.0
predictions_frozen_RE2.json,,P1,reviewx2,review,2.0,40.0,FEASIBLE,True,0.75,150.0,170.0
predictions_frozen_RE2.json,,P1,reviewx2,review,2.0,60.0,FEASIBLE,True,0.625,150.0,170.0
predictions_frozen_RE2.json,,P1,reviewx2,review,2.0,80.0,FEASIBLE,True,0.5,150.0,170.0
predictions_frozen_RE2.json,,P1_ctrl,reviewx2,review,2.0,100.0,FEASIBLE,True,0.375,150.0,170.0
predictions_frozen_RE2.json,,P1_ctrl,reviewx2,review,2.0,120.0,FEASIBLE,True,0.25,150.0,170.0
predictions_frozen_RE2.json,,P1_ctrl,reviewx2,review,2.0,140.0,FEASIBLE,True,0.125,150.0,170.0
predictions_frozen_RE2.json,,P1_ctrl,reviewx2,review,2.0,180.0,INFEASIBLE,False,0.125,150.0,170.0
predictions_frozen_RE2.json,,P1_ctrl,reviewx2,review,2.0,200.0,INFEASIBLE,False,0.25,150.0,170.0
predictions_frozen_RE2.json,,P1_ctrl,reviewx2,review,2.0,220.0,INFEASIBLE,False,0.375,150.0,170.0
predictions_frozen_RE2.json,,P1_ctrl,reviewx2,review,2.0,240.0,INFEASIBLE,False,0.5,150.0,170.0
predictions_frozen_RE2.json,,P1_ctrl,reviewx2,review,2.0,260.0,INFEASIBLE,False,0.625,150.0,170.0
predictions_frozen_RE2.json,,P1_ctrl,reviewx2,review,2.0,40.0,FEASIBLE,True,0.75,150.0,170.0
predictions_frozen_RE2.json,,P1_ctrl,reviewx2,review,2.0,60.0,FEASIBLE,True,0.625,150.0,170.0
predictions_frozen_RE2.json,,P1_ctrl,reviewx2,review,2.0,80.0,FEASIBLE,True,0.5,150.0,170.0
predictions_frozen_RE2_P2.json,"DEVELOPMENT model P2 (tham so fit tren promo/recs), dong bang TRUOC khi mo tap khoa",P2,promox1,promo,1.0,100.0,FEASIBLE,True,0.375,150.0,170.0
predictions_frozen_RE2_P2.json,"DEVELOPMENT model P2 (tham so fit tren promo/recs), dong bang TRUOC khi mo tap khoa",P2,promox1,promo,1.0,120.0,FEASIBLE,True,0.25,150.0,170.0
predictions_frozen_RE2_P2.json,"DEVELOPMENT model P2 (tham so fit tren promo/recs), dong bang TRUOC khi mo tap khoa",P2,promox1,promo,1.0,140.0,MARGINAL,True,0.125,150.0,170.0
predictions_frozen_RE2_P2.json,"DEVELOPMENT model P2 (tham so fit tren promo/recs), dong bang TRUOC khi mo tap khoa",P2,promox1,promo,1.0,180.0,INFEASIBLE,False,0.125,150.0,170.0
predictions_frozen_RE2_P2.json,"DEVELOPMENT model P2 (tham so fit tren promo/recs), dong bang TRUOC khi mo tap khoa",P2,promox1,promo,1.0,200.0,INFEASIBLE,False,0.25,150.0,170.0
predictions_frozen_RE2_P2.json,"DEVELOPMENT model P2 (tham so fit tren promo/recs), dong bang TRUOC khi mo tap khoa",P2,promox1,promo,1.0,220.0,INFEASIBLE,False,0.375,150.0,170.0
predictions_frozen_RE2_P2.json,"DEVELOPMENT model P2 (tham so fit tren promo/recs), dong bang TRUOC khi mo tap khoa",P2,promox1,promo,1.0,240.0,INFEASIBLE,False,0.5,150.0,170.0
predictions_frozen_RE2_P2.json,"DEVELOPMENT model P2 (tham so fit tren promo/recs), dong bang TRUOC khi mo tap khoa",P2,promox1,promo,1.0,260.0,INFEASIBLE,False,0.625,150.0,170.0
predictions_frozen_RE2_P2.json,"DEVELOPMENT model P2 (tham so fit tren promo/recs), dong bang TRUOC khi mo tap khoa",P2,promox1,promo,1.0,40.0,FEASIBLE,True,0.75,150.0,170.0
predictions_frozen_RE2_P2.json,"DEVELOPMENT model P2 (tham so fit tren promo/recs), dong bang TRUOC khi mo tap khoa",P2,promox1,promo,1.0,60.0,FEASIBLE,True,0.625,150.0,170.0
predictions_frozen_RE2_P2.json,"DEVELOPMENT model P2 (tham so fit tren promo/recs), dong bang TRUOC khi mo tap khoa",P2,promox1,promo,1.0,80.0,FEASIBLE,True,0.5,150.0,170.0
predictions_frozen_RE2_P2.json,"DEVELOPMENT model P2 (tham so fit tren promo/recs), dong bang TRUOC khi mo tap khoa",P2,promox2,promo,2.0,100.0,FEASIBLE,False,0.1111111111111111,80.0,100.0
predictions_frozen_RE2_P2.json,"DEVELOPMENT model P2 (tham so fit tren promo/recs), dong bang TRUOC khi mo tap khoa",P2,promox2,promo,2.0,120.0,INFEASIBLE,False,0.3333333333333333,80.0,100.0
predictions_frozen_RE2_P2.json,"DEVELOPMENT model P2 (tham so fit tren promo/recs), dong bang TRUOC khi mo tap khoa",P2,promox2,promo,2.0,140.0,INFEASIBLE,False,0.5555555555555556,80.0,100.0
predictions_frozen_RE2_P2.json,"DEVELOPMENT model P2 (tham so fit tren promo/recs), dong bang TRUOC khi mo tap khoa",P2,promox2,promo,2.0,160.0,INFEASIBLE,False,0.7777777777777778,80.0,100.0
predictions_frozen_RE2_P2.json,"DEVELOPMENT model P2 (tham so fit tren promo/recs), dong bang TRUOC khi mo tap khoa",P2,promox2,promo,2.0,180.0,INFEASIBLE,False,1.0,80.0,100.0
predictions_frozen_RE2_P2.json,"DEVELOPMENT model P2 (tham so fit tren promo/recs), dong bang TRUOC khi mo tap khoa",P2,promox2,promo,2.0,200.0,INFEASIBLE,False,1.2222222222222223,80.0,100.0
predictions_frozen_RE2_P2.json,"DEVELOPMENT model P2 (tham so fit tren promo/recs), dong bang TRUOC khi mo tap khoa",P2,promox2,promo,2.0,220.0,INFEASIBLE,False,1.4444444444444444,80.0,100.0
predictions_frozen_RE2_P2.json,"DEVELOPMENT model P2 (tham so fit tren promo/recs), dong bang TRUOC khi mo tap khoa",P2,promox2,promo,2.0,240.0,INFEASIBLE,False,1.6666666666666667,80.0,100.0
predictions_frozen_RE2_P2.json,"DEVELOPMENT model P2 (tham so fit tren promo/recs), dong bang TRUOC khi mo tap khoa",P2,promox2,promo,2.0,260.0,INFEASIBLE,False,1.8888888888888888,80.0,100.0
predictions_frozen_RE2_P2.json,"DEVELOPMENT model P2 (tham so fit tren promo/recs), dong bang TRUOC khi mo tap khoa",P2,promox2,promo,2.0,40.0,FEASIBLE,True,0.5555555555555556,80.0,100.0
predictions_frozen_RE2_P2.json,"DEVELOPMENT model P2 (tham so fit tren promo/recs), dong bang TRUOC khi mo tap khoa",P2,promox2,promo,2.0,60.0,FEASIBLE,True,0.3333333333333333,80.0,100.0
predictions_frozen_RE2_P2.json,"DEVELOPMENT model P2 (tham so fit tren promo/recs), dong bang TRUOC khi mo tap khoa",P2,recsx1,recs,1.0,100.0,FEASIBLE,True,0.23076923076923078,120.0,140.0
predictions_frozen_RE2_P2.json,"DEVELOPMENT model P2 (tham so fit tren promo/recs), dong bang TRUOC khi mo tap khoa",P2,recsx1,recs,1.0,140.0,INFEASIBLE,False,0.07692307692307693,120.0,140.0
predictions_frozen_RE2_P2.json,"DEVELOPMENT model P2 (tham so fit tren promo/recs), dong bang TRUOC khi mo tap khoa",P2,recsx1,recs,1.0,160.0,INFEASIBLE,False,0.23076923076923078,120.0,140.0
predictions_frozen_RE2_P2.json,"DEVELOPMENT model P2 (tham so fit tren promo/recs), dong bang TRUOC khi mo tap khoa",P2,recsx1,recs,1.0,180.0,INFEASIBLE,False,0.38461538461538464,120.0,140.0
predictions_frozen_RE2_P2.json,"DEVELOPMENT model P2 (tham so fit tren promo/recs), dong bang TRUOC khi mo tap khoa",P2,recsx1,recs,1.0,200.0,INFEASIBLE,False,0.5384615384615384,120.0,140.0
predictions_frozen_RE2_P2.json,"DEVELOPMENT model P2 (tham so fit tren promo/recs), dong bang TRUOC khi mo tap khoa",P2,recsx1,recs,1.0,220.0,INFEASIBLE,False,0.6923076923076923,120.0,140.0
predictions_frozen_RE2_P2.json,"DEVELOPMENT model P2 (tham so fit tren promo/recs), dong bang TRUOC khi mo tap khoa",P2,recsx1,recs,1.0,240.0,INFEASIBLE,False,0.8461538461538461,120.0,140.0
predictions_frozen_RE2_P2.json,"DEVELOPMENT model P2 (tham so fit tren promo/recs), dong bang TRUOC khi mo tap khoa",P2,recsx1,recs,1.0,260.0,INFEASIBLE,False,1.0,120.0,140.0
predictions_frozen_RE2_P2.json,"DEVELOPMENT model P2 (tham so fit tren promo/recs), dong bang TRUOC khi mo tap khoa",P2,recsx1,recs,1.0,40.0,FEASIBLE,True,0.6923076923076923,120.0,140.0
predictions_frozen_RE2_P2.json,"DEVELOPMENT model P2 (tham so fit tren promo/recs), dong bang TRUOC khi mo tap khoa",P2,recsx1,recs,1.0,60.0,FEASIBLE,True,0.5384615384615384,120.0,140.0
predictions_frozen_RE2_P2.json,"DEVELOPMENT model P2 (tham so fit tren promo/recs), dong bang TRUOC khi mo tap khoa",P2,recsx1,recs,1.0,80.0,FEASIBLE,True,0.38461538461538464,120.0,140.0
predictions_frozen_RE2_P2.json,"DEVELOPMENT model P2 (tham so fit tren promo/recs), dong bang TRUOC khi mo tap khoa",P2,recsx2,recs,2.0,120.0,INFEASIBLE,False,0.09090909090909091,100.0,120.0
predictions_frozen_RE2_P2.json,"DEVELOPMENT model P2 (tham so fit tren promo/recs), dong bang TRUOC khi mo tap khoa",P2,recsx2,recs,2.0,140.0,INFEASIBLE,False,0.2727272727272727,100.0,120.0
predictions_frozen_RE2_P2.json,"DEVELOPMENT model P2 (tham so fit tren promo/recs), dong bang TRUOC khi mo tap khoa",P2,recsx2,recs,2.0,160.0,INFEASIBLE,False,0.45454545454545453,100.0,120.0
predictions_frozen_RE2_P2.json,"DEVELOPMENT model P2 (tham so fit tren promo/recs), dong bang TRUOC khi mo tap khoa",P2,recsx2,recs,2.0,180.0,INFEASIBLE,False,0.6363636363636364,100.0,120.0
predictions_frozen_RE2_P2.json,"DEVELOPMENT model P2 (tham so fit tren promo/recs), dong bang TRUOC khi mo tap khoa",P2,recsx2,recs,2.0,200.0,INFEASIBLE,False,0.8181818181818182,100.0,120.0
predictions_frozen_RE2_P2.json,"DEVELOPMENT model P2 (tham so fit tren promo/recs), dong bang TRUOC khi mo tap khoa",P2,recsx2,recs,2.0,220.0,INFEASIBLE,False,1.0,100.0,120.0
predictions_frozen_RE2_P2.json,"DEVELOPMENT model P2 (tham so fit tren promo/recs), dong bang TRUOC khi mo tap khoa",P2,recsx2,recs,2.0,240.0,INFEASIBLE,False,1.1818181818181819,100.0,120.0
predictions_frozen_RE2_P2.json,"DEVELOPMENT model P2 (tham so fit tren promo/recs), dong bang TRUOC khi mo tap khoa",P2,recsx2,recs,2.0,260.0,INFEASIBLE,False,1.3636363636363635,100.0,120.0
predictions_frozen_RE2_P2.json,"DEVELOPMENT model P2 (tham so fit tren promo/recs), dong bang TRUOC khi mo tap khoa",P2,recsx2,recs,2.0,40.0,FEASIBLE,True,0.6363636363636364,100.0,120.0
predictions_frozen_RE2_P2.json,"DEVELOPMENT model P2 (tham so fit tren promo/recs), dong bang TRUOC khi mo tap khoa",P2,recsx2,recs,2.0,60.0,FEASIBLE,True,0.45454545454545453,100.0,120.0
predictions_frozen_RE2_P2.json,"DEVELOPMENT model P2 (tham so fit tren promo/recs), dong bang TRUOC khi mo tap khoa",P2,recsx2,recs,2.0,80.0,FEASIBLE,True,0.2727272727272727,100.0,120.0
predictions_frozen_RE2_P2.json,"DEVELOPMENT model P2 (tham so fit tren promo/recs), dong bang TRUOC khi mo tap khoa",P2,trackx1,track,1.0,100.0,FEASIBLE,True,0.4444444444444444,170.0,190.0
predictions_frozen_RE2_P2.json,"DEVELOPMENT model P2 (tham so fit tren promo/recs), dong bang TRUOC khi mo tap khoa",P2,trackx1,track,1.0,120.0,FEASIBLE,True,0.3333333333333333,170.0,190.0
predictions_frozen_RE2_P2.json,"DEVELOPMENT model P2 (tham so fit tren promo/recs), dong bang TRUOC khi mo tap khoa",P2,trackx1,track,1.0,140.0,FEASIBLE,True,0.2222222222222222,170.0,190.0
predictions_frozen_RE2_P2.json,"DEVELOPMENT model P2 (tham so fit tren promo/recs), dong bang TRUOC khi mo tap khoa",P2,trackx1,track,1.0,160.0,MARGINAL,True,0.1111111111111111,170.0,190.0
predictions_frozen_RE2_P2.json,"DEVELOPMENT model P2 (tham so fit tren promo/recs), dong bang TRUOC khi mo tap khoa",P2,trackx1,track,1.0,200.0,INFEASIBLE,False,0.1111111111111111,170.0,190.0
predictions_frozen_RE2_P2.json,"DEVELOPMENT model P2 (tham so fit tren promo/recs), dong bang TRUOC khi mo tap khoa",P2,trackx1,track,1.0,220.0,INFEASIBLE,False,0.2222222222222222,170.0,190.0
predictions_frozen_RE2_P2.json,"DEVELOPMENT model P2 (tham so fit tren promo/recs), dong bang TRUOC khi mo tap khoa",P2,trackx1,track,1.0,240.0,INFEASIBLE,False,0.3333333333333333,170.0,190.0
predictions_frozen_RE2_P2.json,"DEVELOPMENT model P2 (tham so fit tren promo/recs), dong bang TRUOC khi mo tap khoa",P2,trackx1,track,1.0,260.0,INFEASIBLE,False,0.4444444444444444,170.0,190.0
predictions_frozen_RE2_P2.json,"DEVELOPMENT model P2 (tham so fit tren promo/recs), dong bang TRUOC khi mo tap khoa",P2,trackx1,track,1.0,40.0,FEASIBLE,True,0.7777777777777778,170.0,190.0
predictions_frozen_RE2_P2.json,"DEVELOPMENT model P2 (tham so fit tren promo/recs), dong bang TRUOC khi mo tap khoa",P2,trackx1,track,1.0,60.0,FEASIBLE,True,0.6666666666666666,170.0,190.0
predictions_frozen_RE2_P2.json,"DEVELOPMENT model P2 (tham so fit tren promo/recs), dong bang TRUOC khi mo tap khoa",P2,trackx1,track,1.0,80.0,FEASIBLE,True,0.5555555555555556,170.0,190.0
predictions_frozen_RE2_P2.json,"DEVELOPMENT model P2 (tham so fit tren promo/recs), dong bang TRUOC khi mo tap khoa",P2,trackx2,track,2.0,100.0,FEASIBLE,True,0.3333333333333333,140.0,160.0
predictions_frozen_RE2_P2.json,"DEVELOPMENT model P2 (tham so fit tren promo/recs), dong bang TRUOC khi mo tap khoa",P2,trackx2,track,2.0,120.0,FEASIBLE,True,0.2,140.0,160.0
predictions_frozen_RE2_P2.json,"DEVELOPMENT model P2 (tham so fit tren promo/recs), dong bang TRUOC khi mo tap khoa",P2,trackx2,track,2.0,160.0,INFEASIBLE,False,0.06666666666666667,140.0,160.0
predictions_frozen_RE2_P2.json,"DEVELOPMENT model P2 (tham so fit tren promo/recs), dong bang TRUOC khi mo tap khoa",P2,trackx2,track,2.0,180.0,INFEASIBLE,False,0.2,140.0,160.0
predictions_frozen_RE2_P2.json,"DEVELOPMENT model P2 (tham so fit tren promo/recs), dong bang TRUOC khi mo tap khoa",P2,trackx2,track,2.0,200.0,INFEASIBLE,False,0.3333333333333333,140.0,160.0
predictions_frozen_RE2_P2.json,"DEVELOPMENT model P2 (tham so fit tren promo/recs), dong bang TRUOC khi mo tap khoa",P2,trackx2,track,2.0,220.0,INFEASIBLE,False,0.4666666666666667,140.0,160.0
predictions_frozen_RE2_P2.json,"DEVELOPMENT model P2 (tham so fit tren promo/recs), dong bang TRUOC khi mo tap khoa",P2,trackx2,track,2.0,240.0,INFEASIBLE,False,0.6,140.0,160.0
predictions_frozen_RE2_P2.json,"DEVELOPMENT model P2 (tham so fit tren promo/recs), dong bang TRUOC khi mo tap khoa",P2,trackx2,track,2.0,260.0,INFEASIBLE,False,0.7333333333333333,140.0,160.0
predictions_frozen_RE2_P2.json,"DEVELOPMENT model P2 (tham so fit tren promo/recs), dong bang TRUOC khi mo tap khoa",P2,trackx2,track,2.0,40.0,FEASIBLE,True,0.7333333333333333,140.0,160.0
predictions_frozen_RE2_P2.json,"DEVELOPMENT model P2 (tham so fit tren promo/recs), dong bang TRUOC khi mo tap khoa",P2,trackx2,track,2.0,60.0,FEASIBLE,True,0.6,140.0,160.0
predictions_frozen_RE2_P2.json,"DEVELOPMENT model P2 (tham so fit tren promo/recs), dong bang TRUOC khi mo tap khoa",P2,trackx2,track,2.0,80.0,FEASIBLE,True,0.4666666666666667,140.0,160.0
predictions_frozen_RE2_P2.json,"DEVELOPMENT model P2 (tham so fit tren promo/recs), dong bang TRUOC khi mo tap khoa",P2,reviewx1,review,1.0,100.0,FEASIBLE,True,0.47368421052631576,180.0,200.0
predictions_frozen_RE2_P2.json,"DEVELOPMENT model P2 (tham so fit tren promo/recs), dong bang TRUOC khi mo tap khoa",P2,reviewx1,review,1.0,120.0,FEASIBLE,True,0.3684210526315789,180.0,200.0
predictions_frozen_RE2_P2.json,"DEVELOPMENT model P2 (tham so fit tren promo/recs), dong bang TRUOC khi mo tap khoa",P2,reviewx1,review,1.0,140.0,FEASIBLE,True,0.2631578947368421,180.0,200.0
predictions_frozen_RE2_P2.json,"DEVELOPMENT model P2 (tham so fit tren promo/recs), dong bang TRUOC khi mo tap khoa",P2,reviewx1,review,1.0,160.0,MARGINAL,True,0.15789473684210525,180.0,200.0
predictions_frozen_RE2_P2.json,"DEVELOPMENT model P2 (tham so fit tren promo/recs), dong bang TRUOC khi mo tap khoa",P2,reviewx1,review,1.0,200.0,INFEASIBLE,False,0.05263157894736842,180.0,200.0
predictions_frozen_RE2_P2.json,"DEVELOPMENT model P2 (tham so fit tren promo/recs), dong bang TRUOC khi mo tap khoa",P2,reviewx1,review,1.0,220.0,INFEASIBLE,False,0.15789473684210525,180.0,200.0
predictions_frozen_RE2_P2.json,"DEVELOPMENT model P2 (tham so fit tren promo/recs), dong bang TRUOC khi mo tap khoa",P2,reviewx1,review,1.0,240.0,INFEASIBLE,False,0.2631578947368421,180.0,200.0
predictions_frozen_RE2_P2.json,"DEVELOPMENT model P2 (tham so fit tren promo/recs), dong bang TRUOC khi mo tap khoa",P2,reviewx1,review,1.0,260.0,INFEASIBLE,False,0.3684210526315789,180.0,200.0
predictions_frozen_RE2_P2.json,"DEVELOPMENT model P2 (tham so fit tren promo/recs), dong bang TRUOC khi mo tap khoa",P2,reviewx1,review,1.0,40.0,FEASIBLE,True,0.7894736842105263,180.0,200.0
predictions_frozen_RE2_P2.json,"DEVELOPMENT model P2 (tham so fit tren promo/recs), dong bang TRUOC khi mo tap khoa",P2,reviewx1,review,1.0,60.0,FEASIBLE,True,0.6842105263157895,180.0,200.0
predictions_frozen_RE2_P2.json,"DEVELOPMENT model P2 (tham so fit tren promo/recs), dong bang TRUOC khi mo tap khoa",P2,reviewx1,review,1.0,80.0,FEASIBLE,True,0.5789473684210527,180.0,200.0
predictions_frozen_RE2_P2.json,"DEVELOPMENT model P2 (tham so fit tren promo/recs), dong bang TRUOC khi mo tap khoa",P2,reviewx2,review,2.0,100.0,FEASIBLE,True,0.375,150.0,170.0
predictions_frozen_RE2_P2.json,"DEVELOPMENT model P2 (tham so fit tren promo/recs), dong bang TRUOC khi mo tap khoa",P2,reviewx2,review,2.0,120.0,FEASIBLE,True,0.25,150.0,170.0
predictions_frozen_RE2_P2.json,"DEVELOPMENT model P2 (tham so fit tren promo/recs), dong bang TRUOC khi mo tap khoa",P2,reviewx2,review,2.0,140.0,MARGINAL,True,0.125,150.0,170.0
predictions_frozen_RE2_P2.json,"DEVELOPMENT model P2 (tham so fit tren promo/recs), dong bang TRUOC khi mo tap khoa",P2,reviewx2,review,2.0,180.0,INFEASIBLE,False,0.125,150.0,170.0
predictions_frozen_RE2_P2.json,"DEVELOPMENT model P2 (tham so fit tren promo/recs), dong bang TRUOC khi mo tap khoa",P2,reviewx2,review,2.0,200.0,INFEASIBLE,False,0.25,150.0,170.0
predictions_frozen_RE2_P2.json,"DEVELOPMENT model P2 (tham so fit tren promo/recs), dong bang TRUOC khi mo tap khoa",P2,reviewx2,review,2.0,220.0,INFEASIBLE,False,0.375,150.0,170.0
predictions_frozen_RE2_P2.json,"DEVELOPMENT model P2 (tham so fit tren promo/recs), dong bang TRUOC khi mo tap khoa",P2,reviewx2,review,2.0,240.0,INFEASIBLE,False,0.5,150.0,170.0
predictions_frozen_RE2_P2.json,"DEVELOPMENT model P2 (tham so fit tren promo/recs), dong bang TRUOC khi mo tap khoa",P2,reviewx2,review,2.0,260.0,INFEASIBLE,False,0.625,150.0,170.0
predictions_frozen_RE2_P2.json,"DEVELOPMENT model P2 (tham so fit tren promo/recs), dong bang TRUOC khi mo tap khoa",P2,reviewx2,review,2.0,40.0,FEASIBLE,True,0.75,150.0,170.0
predictions_frozen_RE2_P2.json,"DEVELOPMENT model P2 (tham so fit tren promo/recs), dong bang TRUOC khi mo tap khoa",P2,reviewx2,review,2.0,60.0,FEASIBLE,True,0.625,150.0,170.0
predictions_frozen_RE2_P2.json,"DEVELOPMENT model P2 (tham so fit tren promo/recs), dong bang TRUOC khi mo tap khoa",P2,reviewx2,review,2.0,80.0,FEASIBLE,True,0.5,150.0,170.0
predictions_frozen_RE2_P2_indep.json,PRE-REGISTERED cho tinh nang DOC LAP (P2 fit chi tren promo/recs; dong bang TRUOC khi agent cai),P0,cartsumx1,cartsum,1.0,100.0,FEASIBLE,True,0.4117647058823529,160.0,180.0
predictions_frozen_RE2_P2_indep.json,PRE-REGISTERED cho tinh nang DOC LAP (P2 fit chi tren promo/recs; dong bang TRUOC khi agent cai),P0,cartsumx1,cartsum,1.0,120.0,FEASIBLE,True,0.29411764705882354,160.0,180.0
predictions_frozen_RE2_P2_indep.json,PRE-REGISTERED cho tinh nang DOC LAP (P2 fit chi tren promo/recs; dong bang TRUOC khi agent cai),P0,cartsumx1,cartsum,1.0,140.0,FEASIBLE,True,0.17647058823529413,160.0,180.0
predictions_frozen_RE2_P2_indep.json,PRE-REGISTERED cho tinh nang DOC LAP (P2 fit chi tren promo/recs; dong bang TRUOC khi agent cai),P0,cartsumx1,cartsum,1.0,180.0,MARGINAL,False,0.058823529411764705,160.0,180.0
predictions_frozen_RE2_P2_indep.json,PRE-REGISTERED cho tinh nang DOC LAP (P2 fit chi tren promo/recs; dong bang TRUOC khi agent cai),P0,cartsumx1,cartsum,1.0,200.0,INFEASIBLE,False,0.17647058823529413,160.0,180.0
predictions_frozen_RE2_P2_indep.json,PRE-REGISTERED cho tinh nang DOC LAP (P2 fit chi tren promo/recs; dong bang TRUOC khi agent cai),P0,cartsumx1,cartsum,1.0,220.0,INFEASIBLE,False,0.29411764705882354,160.0,180.0
predictions_frozen_RE2_P2_indep.json,PRE-REGISTERED cho tinh nang DOC LAP (P2 fit chi tren promo/recs; dong bang TRUOC khi agent cai),P0,cartsumx1,cartsum,1.0,240.0,INFEASIBLE,False,0.4117647058823529,160.0,180.0
predictions_frozen_RE2_P2_indep.json,PRE-REGISTERED cho tinh nang DOC LAP (P2 fit chi tren promo/recs; dong bang TRUOC khi agent cai),P0,cartsumx1,cartsum,1.0,260.0,INFEASIBLE,False,0.5294117647058824,160.0,180.0
predictions_frozen_RE2_P2_indep.json,PRE-REGISTERED cho tinh nang DOC LAP (P2 fit chi tren promo/recs; dong bang TRUOC khi agent cai),P0,cartsumx1,cartsum,1.0,40.0,FEASIBLE,True,0.7647058823529411,160.0,180.0
predictions_frozen_RE2_P2_indep.json,PRE-REGISTERED cho tinh nang DOC LAP (P2 fit chi tren promo/recs; dong bang TRUOC khi agent cai),P0,cartsumx1,cartsum,1.0,60.0,FEASIBLE,True,0.6470588235294118,160.0,180.0
predictions_frozen_RE2_P2_indep.json,PRE-REGISTERED cho tinh nang DOC LAP (P2 fit chi tren promo/recs; dong bang TRUOC khi agent cai),P0,cartsumx1,cartsum,1.0,80.0,FEASIBLE,True,0.5294117647058824,160.0,180.0
predictions_frozen_RE2_P2_indep.json,PRE-REGISTERED cho tinh nang DOC LAP (P2 fit chi tren promo/recs; dong bang TRUOC khi agent cai),P1,cartsumx1,cartsum,1.0,100.0,FEASIBLE,True,0.4117647058823529,160.0,180.0
predictions_frozen_RE2_P2_indep.json,PRE-REGISTERED cho tinh nang DOC LAP (P2 fit chi tren promo/recs; dong bang TRUOC khi agent cai),P1,cartsumx1,cartsum,1.0,120.0,FEASIBLE,True,0.29411764705882354,160.0,180.0
predictions_frozen_RE2_P2_indep.json,PRE-REGISTERED cho tinh nang DOC LAP (P2 fit chi tren promo/recs; dong bang TRUOC khi agent cai),P1,cartsumx1,cartsum,1.0,140.0,FEASIBLE,True,0.17647058823529413,160.0,180.0
predictions_frozen_RE2_P2_indep.json,PRE-REGISTERED cho tinh nang DOC LAP (P2 fit chi tren promo/recs; dong bang TRUOC khi agent cai),P1,cartsumx1,cartsum,1.0,180.0,MARGINAL,False,0.058823529411764705,160.0,180.0
predictions_frozen_RE2_P2_indep.json,PRE-REGISTERED cho tinh nang DOC LAP (P2 fit chi tren promo/recs; dong bang TRUOC khi agent cai),P1,cartsumx1,cartsum,1.0,200.0,INFEASIBLE,False,0.17647058823529413,160.0,180.0
predictions_frozen_RE2_P2_indep.json,PRE-REGISTERED cho tinh nang DOC LAP (P2 fit chi tren promo/recs; dong bang TRUOC khi agent cai),P1,cartsumx1,cartsum,1.0,220.0,INFEASIBLE,False,0.29411764705882354,160.0,180.0
predictions_frozen_RE2_P2_indep.json,PRE-REGISTERED cho tinh nang DOC LAP (P2 fit chi tren promo/recs; dong bang TRUOC khi agent cai),P1,cartsumx1,cartsum,1.0,240.0,INFEASIBLE,False,0.4117647058823529,160.0,180.0
predictions_frozen_RE2_P2_indep.json,PRE-REGISTERED cho tinh nang DOC LAP (P2 fit chi tren promo/recs; dong bang TRUOC khi agent cai),P1,cartsumx1,cartsum,1.0,260.0,INFEASIBLE,False,0.5294117647058824,160.0,180.0
predictions_frozen_RE2_P2_indep.json,PRE-REGISTERED cho tinh nang DOC LAP (P2 fit chi tren promo/recs; dong bang TRUOC khi agent cai),P1,cartsumx1,cartsum,1.0,40.0,FEASIBLE,True,0.7647058823529411,160.0,180.0
predictions_frozen_RE2_P2_indep.json,PRE-REGISTERED cho tinh nang DOC LAP (P2 fit chi tren promo/recs; dong bang TRUOC khi agent cai),P1,cartsumx1,cartsum,1.0,60.0,FEASIBLE,True,0.6470588235294118,160.0,180.0
predictions_frozen_RE2_P2_indep.json,PRE-REGISTERED cho tinh nang DOC LAP (P2 fit chi tren promo/recs; dong bang TRUOC khi agent cai),P1,cartsumx1,cartsum,1.0,80.0,FEASIBLE,True,0.5294117647058824,160.0,180.0
predictions_frozen_RE2_P2_indep.json,PRE-REGISTERED cho tinh nang DOC LAP (P2 fit chi tren promo/recs; dong bang TRUOC khi agent cai),P1_ctrl,cartsumx1,cartsum,1.0,100.0,FEASIBLE,True,0.4117647058823529,160.0,180.0
predictions_frozen_RE2_P2_indep.json,PRE-REGISTERED cho tinh nang DOC LAP (P2 fit chi tren promo/recs; dong bang TRUOC khi agent cai),P1_ctrl,cartsumx1,cartsum,1.0,120.0,FEASIBLE,True,0.29411764705882354,160.0,180.0
predictions_frozen_RE2_P2_indep.json,PRE-REGISTERED cho tinh nang DOC LAP (P2 fit chi tren promo/recs; dong bang TRUOC khi agent cai),P1_ctrl,cartsumx1,cartsum,1.0,140.0,FEASIBLE,True,0.17647058823529413,160.0,180.0
predictions_frozen_RE2_P2_indep.json,PRE-REGISTERED cho tinh nang DOC LAP (P2 fit chi tren promo/recs; dong bang TRUOC khi agent cai),P1_ctrl,cartsumx1,cartsum,1.0,180.0,MARGINAL,False,0.058823529411764705,160.0,180.0
predictions_frozen_RE2_P2_indep.json,PRE-REGISTERED cho tinh nang DOC LAP (P2 fit chi tren promo/recs; dong bang TRUOC khi agent cai),P1_ctrl,cartsumx1,cartsum,1.0,200.0,INFEASIBLE,False,0.17647058823529413,160.0,180.0
predictions_frozen_RE2_P2_indep.json,PRE-REGISTERED cho tinh nang DOC LAP (P2 fit chi tren promo/recs; dong bang TRUOC khi agent cai),P1_ctrl,cartsumx1,cartsum,1.0,220.0,INFEASIBLE,False,0.29411764705882354,160.0,180.0
predictions_frozen_RE2_P2_indep.json,PRE-REGISTERED cho tinh nang DOC LAP (P2 fit chi tren promo/recs; dong bang TRUOC khi agent cai),P1_ctrl,cartsumx1,cartsum,1.0,240.0,INFEASIBLE,False,0.4117647058823529,160.0,180.0
predictions_frozen_RE2_P2_indep.json,PRE-REGISTERED cho tinh nang DOC LAP (P2 fit chi tren promo/recs; dong bang TRUOC khi agent cai),P1_ctrl,cartsumx1,cartsum,1.0,260.0,INFEASIBLE,False,0.5294117647058824,160.0,180.0
predictions_frozen_RE2_P2_indep.json,PRE-REGISTERED cho tinh nang DOC LAP (P2 fit chi tren promo/recs; dong bang TRUOC khi agent cai),P1_ctrl,cartsumx1,cartsum,1.0,40.0,FEASIBLE,True,0.7647058823529411,160.0,180.0
predictions_frozen_RE2_P2_indep.json,PRE-REGISTERED cho tinh nang DOC LAP (P2 fit chi tren promo/recs; dong bang TRUOC khi agent cai),P1_ctrl,cartsumx1,cartsum,1.0,60.0,FEASIBLE,True,0.6470588235294118,160.0,180.0
predictions_frozen_RE2_P2_indep.json,PRE-REGISTERED cho tinh nang DOC LAP (P2 fit chi tren promo/recs; dong bang TRUOC khi agent cai),P1_ctrl,cartsumx1,cartsum,1.0,80.0,FEASIBLE,True,0.5294117647058824,160.0,180.0
predictions_frozen_RE2_P2_indep.json,PRE-REGISTERED cho tinh nang DOC LAP (P2 fit chi tren promo/recs; dong bang TRUOC khi agent cai),P2,cartsumx1,cartsum,1.0,100.0,FEASIBLE,True,0.4117647058823529,160.0,180.0
predictions_frozen_RE2_P2_indep.json,PRE-REGISTERED cho tinh nang DOC LAP (P2 fit chi tren promo/recs; dong bang TRUOC khi agent cai),P2,cartsumx1,cartsum,1.0,120.0,FEASIBLE,True,0.29411764705882354,160.0,180.0
predictions_frozen_RE2_P2_indep.json,PRE-REGISTERED cho tinh nang DOC LAP (P2 fit chi tren promo/recs; dong bang TRUOC khi agent cai),P2,cartsumx1,cartsum,1.0,140.0,FEASIBLE,True,0.17647058823529413,160.0,180.0
predictions_frozen_RE2_P2_indep.json,PRE-REGISTERED cho tinh nang DOC LAP (P2 fit chi tren promo/recs; dong bang TRUOC khi agent cai),P2,cartsumx1,cartsum,1.0,180.0,MARGINAL,False,0.058823529411764705,160.0,180.0
predictions_frozen_RE2_P2_indep.json,PRE-REGISTERED cho tinh nang DOC LAP (P2 fit chi tren promo/recs; dong bang TRUOC khi agent cai),P2,cartsumx1,cartsum,1.0,200.0,INFEASIBLE,False,0.17647058823529413,160.0,180.0
predictions_frozen_RE2_P2_indep.json,PRE-REGISTERED cho tinh nang DOC LAP (P2 fit chi tren promo/recs; dong bang TRUOC khi agent cai),P2,cartsumx1,cartsum,1.0,220.0,INFEASIBLE,False,0.29411764705882354,160.0,180.0
predictions_frozen_RE2_P2_indep.json,PRE-REGISTERED cho tinh nang DOC LAP (P2 fit chi tren promo/recs; dong bang TRUOC khi agent cai),P2,cartsumx1,cartsum,1.0,240.0,INFEASIBLE,False,0.4117647058823529,160.0,180.0
predictions_frozen_RE2_P2_indep.json,PRE-REGISTERED cho tinh nang DOC LAP (P2 fit chi tren promo/recs; dong bang TRUOC khi agent cai),P2,cartsumx1,cartsum,1.0,260.0,INFEASIBLE,False,0.5294117647058824,160.0,180.0
predictions_frozen_RE2_P2_indep.json,PRE-REGISTERED cho tinh nang DOC LAP (P2 fit chi tren promo/recs; dong bang TRUOC khi agent cai),P2,cartsumx1,cartsum,1.0,40.0,FEASIBLE,True,0.7647058823529411,160.0,180.0
predictions_frozen_RE2_P2_indep.json,PRE-REGISTERED cho tinh nang DOC LAP (P2 fit chi tren promo/recs; dong bang TRUOC khi agent cai),P2,cartsumx1,cartsum,1.0,60.0,FEASIBLE,True,0.6470588235294118,160.0,180.0
predictions_frozen_RE2_P2_indep.json,PRE-REGISTERED cho tinh nang DOC LAP (P2 fit chi tren promo/recs; dong bang TRUOC khi agent cai),P2,cartsumx1,cartsum,1.0,80.0,FEASIBLE,True,0.5294117647058824,160.0,180.0
predictions_frozen_RE2_P2_indep.json,PRE-REGISTERED cho tinh nang DOC LAP (P2 fit chi tren promo/recs; dong bang TRUOC khi agent cai),P0,cartsumx2,cartsum,2.0,100.0,FEASIBLE,True,0.3333333333333333,140.0,160.0
predictions_frozen_RE2_P2_indep.json,PRE-REGISTERED cho tinh nang DOC LAP (P2 fit chi tren promo/recs; dong bang TRUOC khi agent cai),P0,cartsumx2,cartsum,2.0,120.0,FEASIBLE,True,0.2,140.0,160.0
predictions_frozen_RE2_P2_indep.json,PRE-REGISTERED cho tinh nang DOC LAP (P2 fit chi tren promo/recs; dong bang TRUOC khi agent cai),P0,cartsumx2,cartsum,2.0,160.0,MARGINAL,False,0.06666666666666667,140.0,160.0
predictions_frozen_RE2_P2_indep.json,PRE-REGISTERED cho tinh nang DOC LAP (P2 fit chi tren promo/recs; dong bang TRUOC khi agent cai),P0,cartsumx2,cartsum,2.0,180.0,INFEASIBLE,False,0.2,140.0,160.0
predictions_frozen_RE2_P2_indep.json,PRE-REGISTERED cho tinh nang DOC LAP (P2 fit chi tren promo/recs; dong bang TRUOC khi agent cai),P0,cartsumx2,cartsum,2.0,200.0,INFEASIBLE,False,0.3333333333333333,140.0,160.0
predictions_frozen_RE2_P2_indep.json,PRE-REGISTERED cho tinh nang DOC LAP (P2 fit chi tren promo/recs; dong bang TRUOC khi agent cai),P0,cartsumx2,cartsum,2.0,220.0,INFEASIBLE,False,0.4666666666666667,140.0,160.0
predictions_frozen_RE2_P2_indep.json,PRE-REGISTERED cho tinh nang DOC LAP (P2 fit chi tren promo/recs; dong bang TRUOC khi agent cai),P0,cartsumx2,cartsum,2.0,240.0,INFEASIBLE,False,0.6,140.0,160.0
predictions_frozen_RE2_P2_indep.json,PRE-REGISTERED cho tinh nang DOC LAP (P2 fit chi tren promo/recs; dong bang TRUOC khi agent cai),P0,cartsumx2,cartsum,2.0,260.0,INFEASIBLE,False,0.7333333333333333,140.0,160.0
predictions_frozen_RE2_P2_indep.json,PRE-REGISTERED cho tinh nang DOC LAP (P2 fit chi tren promo/recs; dong bang TRUOC khi agent cai),P0,cartsumx2,cartsum,2.0,40.0,FEASIBLE,True,0.7333333333333333,140.0,160.0
predictions_frozen_RE2_P2_indep.json,PRE-REGISTERED cho tinh nang DOC LAP (P2 fit chi tren promo/recs; dong bang TRUOC khi agent cai),P0,cartsumx2,cartsum,2.0,60.0,FEASIBLE,True,0.6,140.0,160.0
predictions_frozen_RE2_P2_indep.json,PRE-REGISTERED cho tinh nang DOC LAP (P2 fit chi tren promo/recs; dong bang TRUOC khi agent cai),P0,cartsumx2,cartsum,2.0,80.0,FEASIBLE,True,0.4666666666666667,140.0,160.0
predictions_frozen_RE2_P2_indep.json,PRE-REGISTERED cho tinh nang DOC LAP (P2 fit chi tren promo/recs; dong bang TRUOC khi agent cai),P1,cartsumx2,cartsum,2.0,100.0,FEASIBLE,True,0.3333333333333333,140.0,160.0
predictions_frozen_RE2_P2_indep.json,PRE-REGISTERED cho tinh nang DOC LAP (P2 fit chi tren promo/recs; dong bang TRUOC khi agent cai),P1,cartsumx2,cartsum,2.0,120.0,FEASIBLE,True,0.2,140.0,160.0
predictions_frozen_RE2_P2_indep.json,PRE-REGISTERED cho tinh nang DOC LAP (P2 fit chi tren promo/recs; dong bang TRUOC khi agent cai),P1,cartsumx2,cartsum,2.0,160.0,MARGINAL,False,0.06666666666666667,140.0,160.0
predictions_frozen_RE2_P2_indep.json,PRE-REGISTERED cho tinh nang DOC LAP (P2 fit chi tren promo/recs; dong bang TRUOC khi agent cai),P1,cartsumx2,cartsum,2.0,180.0,INFEASIBLE,False,0.2,140.0,160.0
predictions_frozen_RE2_P2_indep.json,PRE-REGISTERED cho tinh nang DOC LAP (P2 fit chi tren promo/recs; dong bang TRUOC khi agent cai),P1,cartsumx2,cartsum,2.0,200.0,INFEASIBLE,False,0.3333333333333333,140.0,160.0
predictions_frozen_RE2_P2_indep.json,PRE-REGISTERED cho tinh nang DOC LAP (P2 fit chi tren promo/recs; dong bang TRUOC khi agent cai),P1,cartsumx2,cartsum,2.0,220.0,INFEASIBLE,False,0.4666666666666667,140.0,160.0
predictions_frozen_RE2_P2_indep.json,PRE-REGISTERED cho tinh nang DOC LAP (P2 fit chi tren promo/recs; dong bang TRUOC khi agent cai),P1,cartsumx2,cartsum,2.0,240.0,INFEASIBLE,False,0.6,140.0,160.0
predictions_frozen_RE2_P2_indep.json,PRE-REGISTERED cho tinh nang DOC LAP (P2 fit chi tren promo/recs; dong bang TRUOC khi agent cai),P1,cartsumx2,cartsum,2.0,260.0,INFEASIBLE,False,0.7333333333333333,140.0,160.0
predictions_frozen_RE2_P2_indep.json,PRE-REGISTERED cho tinh nang DOC LAP (P2 fit chi tren promo/recs; dong bang TRUOC khi agent cai),P1,cartsumx2,cartsum,2.0,40.0,FEASIBLE,True,0.7333333333333333,140.0,160.0
predictions_frozen_RE2_P2_indep.json,PRE-REGISTERED cho tinh nang DOC LAP (P2 fit chi tren promo/recs; dong bang TRUOC khi agent cai),P1,cartsumx2,cartsum,2.0,60.0,FEASIBLE,True,0.6,140.0,160.0
predictions_frozen_RE2_P2_indep.json,PRE-REGISTERED cho tinh nang DOC LAP (P2 fit chi tren promo/recs; dong bang TRUOC khi agent cai),P1,cartsumx2,cartsum,2.0,80.0,FEASIBLE,True,0.4666666666666667,140.0,160.0
predictions_frozen_RE2_P2_indep.json,PRE-REGISTERED cho tinh nang DOC LAP (P2 fit chi tren promo/recs; dong bang TRUOC khi agent cai),P1_ctrl,cartsumx2,cartsum,2.0,100.0,FEASIBLE,True,0.3333333333333333,140.0,160.0
predictions_frozen_RE2_P2_indep.json,PRE-REGISTERED cho tinh nang DOC LAP (P2 fit chi tren promo/recs; dong bang TRUOC khi agent cai),P1_ctrl,cartsumx2,cartsum,2.0,120.0,FEASIBLE,True,0.2,140.0,160.0
predictions_frozen_RE2_P2_indep.json,PRE-REGISTERED cho tinh nang DOC LAP (P2 fit chi tren promo/recs; dong bang TRUOC khi agent cai),P1_ctrl,cartsumx2,cartsum,2.0,160.0,MARGINAL,False,0.06666666666666667,140.0,160.0
predictions_frozen_RE2_P2_indep.json,PRE-REGISTERED cho tinh nang DOC LAP (P2 fit chi tren promo/recs; dong bang TRUOC khi agent cai),P1_ctrl,cartsumx2,cartsum,2.0,180.0,INFEASIBLE,False,0.2,140.0,160.0
predictions_frozen_RE2_P2_indep.json,PRE-REGISTERED cho tinh nang DOC LAP (P2 fit chi tren promo/recs; dong bang TRUOC khi agent cai),P1_ctrl,cartsumx2,cartsum,2.0,200.0,INFEASIBLE,False,0.3333333333333333,140.0,160.0
predictions_frozen_RE2_P2_indep.json,PRE-REGISTERED cho tinh nang DOC LAP (P2 fit chi tren promo/recs; dong bang TRUOC khi agent cai),P1_ctrl,cartsumx2,cartsum,2.0,220.0,INFEASIBLE,False,0.4666666666666667,140.0,160.0
predictions_frozen_RE2_P2_indep.json,PRE-REGISTERED cho tinh nang DOC LAP (P2 fit chi tren promo/recs; dong bang TRUOC khi agent cai),P1_ctrl,cartsumx2,cartsum,2.0,240.0,INFEASIBLE,False,0.6,140.0,160.0
predictions_frozen_RE2_P2_indep.json,PRE-REGISTERED cho tinh nang DOC LAP (P2 fit chi tren promo/recs; dong bang TRUOC khi agent cai),P1_ctrl,cartsumx2,cartsum,2.0,260.0,INFEASIBLE,False,0.7333333333333333,140.0,160.0
predictions_frozen_RE2_P2_indep.json,PRE-REGISTERED cho tinh nang DOC LAP (P2 fit chi tren promo/recs; dong bang TRUOC khi agent cai),P1_ctrl,cartsumx2,cartsum,2.0,40.0,FEASIBLE,True,0.7333333333333333,140.0,160.0
predictions_frozen_RE2_P2_indep.json,PRE-REGISTERED cho tinh nang DOC LAP (P2 fit chi tren promo/recs; dong bang TRUOC khi agent cai),P1_ctrl,cartsumx2,cartsum,2.0,60.0,FEASIBLE,True,0.6,140.0,160.0
predictions_frozen_RE2_P2_indep.json,PRE-REGISTERED cho tinh nang DOC LAP (P2 fit chi tren promo/recs; dong bang TRUOC khi agent cai),P1_ctrl,cartsumx2,cartsum,2.0,80.0,FEASIBLE,True,0.4666666666666667,140.0,160.0
predictions_frozen_RE2_P2_indep.json,PRE-REGISTERED cho tinh nang DOC LAP (P2 fit chi tren promo/recs; dong bang TRUOC khi agent cai),P2,cartsumx2,cartsum,2.0,100.0,FEASIBLE,True,0.3333333333333333,140.0,160.0
predictions_frozen_RE2_P2_indep.json,PRE-REGISTERED cho tinh nang DOC LAP (P2 fit chi tren promo/recs; dong bang TRUOC khi agent cai),P2,cartsumx2,cartsum,2.0,120.0,FEASIBLE,True,0.2,140.0,160.0
predictions_frozen_RE2_P2_indep.json,PRE-REGISTERED cho tinh nang DOC LAP (P2 fit chi tren promo/recs; dong bang TRUOC khi agent cai),P2,cartsumx2,cartsum,2.0,160.0,MARGINAL,False,0.06666666666666667,140.0,160.0
predictions_frozen_RE2_P2_indep.json,PRE-REGISTERED cho tinh nang DOC LAP (P2 fit chi tren promo/recs; dong bang TRUOC khi agent cai),P2,cartsumx2,cartsum,2.0,180.0,INFEASIBLE,False,0.2,140.0,160.0
predictions_frozen_RE2_P2_indep.json,PRE-REGISTERED cho tinh nang DOC LAP (P2 fit chi tren promo/recs; dong bang TRUOC khi agent cai),P2,cartsumx2,cartsum,2.0,200.0,INFEASIBLE,False,0.3333333333333333,140.0,160.0
predictions_frozen_RE2_P2_indep.json,PRE-REGISTERED cho tinh nang DOC LAP (P2 fit chi tren promo/recs; dong bang TRUOC khi agent cai),P2,cartsumx2,cartsum,2.0,220.0,INFEASIBLE,False,0.4666666666666667,140.0,160.0
predictions_frozen_RE2_P2_indep.json,PRE-REGISTERED cho tinh nang DOC LAP (P2 fit chi tren promo/recs; dong bang TRUOC khi agent cai),P2,cartsumx2,cartsum,2.0,240.0,INFEASIBLE,False,0.6,140.0,160.0
predictions_frozen_RE2_P2_indep.json,PRE-REGISTERED cho tinh nang DOC LAP (P2 fit chi tren promo/recs; dong bang TRUOC khi agent cai),P2,cartsumx2,cartsum,2.0,260.0,INFEASIBLE,False,0.7333333333333333,140.0,160.0
predictions_frozen_RE2_P2_indep.json,PRE-REGISTERED cho tinh nang DOC LAP (P2 fit chi tren promo/recs; dong bang TRUOC khi agent cai),P2,cartsumx2,cartsum,2.0,40.0,FEASIBLE,True,0.7333333333333333,140.0,160.0
predictions_frozen_RE2_P2_indep.json,PRE-REGISTERED cho tinh nang DOC LAP (P2 fit chi tren promo/recs; dong bang TRUOC khi agent cai),P2,cartsumx2,cartsum,2.0,60.0,FEASIBLE,True,0.6,140.0,160.0
predictions_frozen_RE2_P2_indep.json,PRE-REGISTERED cho tinh nang DOC LAP (P2 fit chi tren promo/recs; dong bang TRUOC khi agent cai),P2,cartsumx2,cartsum,2.0,80.0,FEASIBLE,True,0.4666666666666667,140.0,160.0
predictions_frozen_RE2_P2_indep.json,PRE-REGISTERED cho tinh nang DOC LAP (P2 fit chi tren promo/recs; dong bang TRUOC khi agent cai),P0,quickaddx1,quickadd,1.0,100.0,FEASIBLE,False,0.1111111111111111,80.0,100.0
predictions_frozen_RE2_P2_indep.json,PRE-REGISTERED cho tinh nang DOC LAP (P2 fit chi tren promo/recs; dong bang TRUOC khi agent cai),P0,quickaddx1,quickadd,1.0,120.0,FEASIBLE,False,0.3333333333333333,80.0,100.0
predictions_frozen_RE2_P2_indep.json,PRE-REGISTERED cho tinh nang DOC LAP (P2 fit chi tren promo/recs; dong bang TRUOC khi agent cai),P0,quickaddx1,quickadd,1.0,140.0,FEASIBLE,False,0.5555555555555556,80.0,100.0
predictions_frozen_RE2_P2_indep.json,PRE-REGISTERED cho tinh nang DOC LAP (P2 fit chi tren promo/recs; dong bang TRUOC khi agent cai),P0,quickaddx1,quickadd,1.0,160.0,FEASIBLE,False,0.7777777777777778,80.0,100.0
predictions_frozen_RE2_P2_indep.json,PRE-REGISTERED cho tinh nang DOC LAP (P2 fit chi tren promo/recs; dong bang TRUOC khi agent cai),P0,quickaddx1,quickadd,1.0,180.0,INFEASIBLE,False,1.0,80.0,100.0
predictions_frozen_RE2_P2_indep.json,PRE-REGISTERED cho tinh nang DOC LAP (P2 fit chi tren promo/recs; dong bang TRUOC khi agent cai),P0,quickaddx1,quickadd,1.0,200.0,INFEASIBLE,False,1.2222222222222223,80.0,100.0
predictions_frozen_RE2_P2_indep.json,PRE-REGISTERED cho tinh nang DOC LAP (P2 fit chi tren promo/recs; dong bang TRUOC khi agent cai),P0,quickaddx1,quickadd,1.0,220.0,INFEASIBLE,False,1.4444444444444444,80.0,100.0
predictions_frozen_RE2_P2_indep.json,PRE-REGISTERED cho tinh nang DOC LAP (P2 fit chi tren promo/recs; dong bang TRUOC khi agent cai),P0,quickaddx1,quickadd,1.0,240.0,INFEASIBLE,False,1.6666666666666667,80.0,100.0
predictions_frozen_RE2_P2_indep.json,PRE-REGISTERED cho tinh nang DOC LAP (P2 fit chi tren promo/recs; dong bang TRUOC khi agent cai),P0,quickaddx1,quickadd,1.0,260.0,INFEASIBLE,False,1.8888888888888888,80.0,100.0
predictions_frozen_RE2_P2_indep.json,PRE-REGISTERED cho tinh nang DOC LAP (P2 fit chi tren promo/recs; dong bang TRUOC khi agent cai),P0,quickaddx1,quickadd,1.0,40.0,FEASIBLE,True,0.5555555555555556,80.0,100.0
predictions_frozen_RE2_P2_indep.json,PRE-REGISTERED cho tinh nang DOC LAP (P2 fit chi tren promo/recs; dong bang TRUOC khi agent cai),P0,quickaddx1,quickadd,1.0,60.0,FEASIBLE,True,0.3333333333333333,80.0,100.0
predictions_frozen_RE2_P2_indep.json,PRE-REGISTERED cho tinh nang DOC LAP (P2 fit chi tren promo/recs; dong bang TRUOC khi agent cai),P1,quickaddx1,quickadd,1.0,100.0,FEASIBLE,False,0.1111111111111111,80.0,100.0
predictions_frozen_RE2_P2_indep.json,PRE-REGISTERED cho tinh nang DOC LAP (P2 fit chi tren promo/recs; dong bang TRUOC khi agent cai),P1,quickaddx1,quickadd,1.0,120.0,FEASIBLE,False,0.3333333333333333,80.0,100.0
predictions_frozen_RE2_P2_indep.json,PRE-REGISTERED cho tinh nang DOC LAP (P2 fit chi tren promo/recs; dong bang TRUOC khi agent cai),P1,quickaddx1,quickadd,1.0,140.0,FEASIBLE,False,0.5555555555555556,80.0,100.0
predictions_frozen_RE2_P2_indep.json,PRE-REGISTERED cho tinh nang DOC LAP (P2 fit chi tren promo/recs; dong bang TRUOC khi agent cai),P1,quickaddx1,quickadd,1.0,160.0,FEASIBLE,False,0.7777777777777778,80.0,100.0
predictions_frozen_RE2_P2_indep.json,PRE-REGISTERED cho tinh nang DOC LAP (P2 fit chi tren promo/recs; dong bang TRUOC khi agent cai),P1,quickaddx1,quickadd,1.0,180.0,INFEASIBLE,False,1.0,80.0,100.0
predictions_frozen_RE2_P2_indep.json,PRE-REGISTERED cho tinh nang DOC LAP (P2 fit chi tren promo/recs; dong bang TRUOC khi agent cai),P1,quickaddx1,quickadd,1.0,200.0,INFEASIBLE,False,1.2222222222222223,80.0,100.0
predictions_frozen_RE2_P2_indep.json,PRE-REGISTERED cho tinh nang DOC LAP (P2 fit chi tren promo/recs; dong bang TRUOC khi agent cai),P1,quickaddx1,quickadd,1.0,220.0,INFEASIBLE,False,1.4444444444444444,80.0,100.0
predictions_frozen_RE2_P2_indep.json,PRE-REGISTERED cho tinh nang DOC LAP (P2 fit chi tren promo/recs; dong bang TRUOC khi agent cai),P1,quickaddx1,quickadd,1.0,240.0,INFEASIBLE,False,1.6666666666666667,80.0,100.0
predictions_frozen_RE2_P2_indep.json,PRE-REGISTERED cho tinh nang DOC LAP (P2 fit chi tren promo/recs; dong bang TRUOC khi agent cai),P1,quickaddx1,quickadd,1.0,260.0,INFEASIBLE,False,1.8888888888888888,80.0,100.0
predictions_frozen_RE2_P2_indep.json,PRE-REGISTERED cho tinh nang DOC LAP (P2 fit chi tren promo/recs; dong bang TRUOC khi agent cai),P1,quickaddx1,quickadd,1.0,40.0,FEASIBLE,True,0.5555555555555556,80.0,100.0
predictions_frozen_RE2_P2_indep.json,PRE-REGISTERED cho tinh nang DOC LAP (P2 fit chi tren promo/recs; dong bang TRUOC khi agent cai),P1,quickaddx1,quickadd,1.0,60.0,FEASIBLE,True,0.3333333333333333,80.0,100.0
predictions_frozen_RE2_P2_indep.json,PRE-REGISTERED cho tinh nang DOC LAP (P2 fit chi tren promo/recs; dong bang TRUOC khi agent cai),P1_ctrl,quickaddx1,quickadd,1.0,100.0,FEASIBLE,False,0.1111111111111111,80.0,100.0
predictions_frozen_RE2_P2_indep.json,PRE-REGISTERED cho tinh nang DOC LAP (P2 fit chi tren promo/recs; dong bang TRUOC khi agent cai),P1_ctrl,quickaddx1,quickadd,1.0,120.0,FEASIBLE,False,0.3333333333333333,80.0,100.0
predictions_frozen_RE2_P2_indep.json,PRE-REGISTERED cho tinh nang DOC LAP (P2 fit chi tren promo/recs; dong bang TRUOC khi agent cai),P1_ctrl,quickaddx1,quickadd,1.0,140.0,FEASIBLE,False,0.5555555555555556,80.0,100.0
predictions_frozen_RE2_P2_indep.json,PRE-REGISTERED cho tinh nang DOC LAP (P2 fit chi tren promo/recs; dong bang TRUOC khi agent cai),P1_ctrl,quickaddx1,quickadd,1.0,160.0,FEASIBLE,False,0.7777777777777778,80.0,100.0
predictions_frozen_RE2_P2_indep.json,PRE-REGISTERED cho tinh nang DOC LAP (P2 fit chi tren promo/recs; dong bang TRUOC khi agent cai),P1_ctrl,quickaddx1,quickadd,1.0,180.0,INFEASIBLE,False,1.0,80.0,100.0
predictions_frozen_RE2_P2_indep.json,PRE-REGISTERED cho tinh nang DOC LAP (P2 fit chi tren promo/recs; dong bang TRUOC khi agent cai),P1_ctrl,quickaddx1,quickadd,1.0,200.0,INFEASIBLE,False,1.2222222222222223,80.0,100.0
predictions_frozen_RE2_P2_indep.json,PRE-REGISTERED cho tinh nang DOC LAP (P2 fit chi tren promo/recs; dong bang TRUOC khi agent cai),P1_ctrl,quickaddx1,quickadd,1.0,220.0,INFEASIBLE,False,1.4444444444444444,80.0,100.0
predictions_frozen_RE2_P2_indep.json,PRE-REGISTERED cho tinh nang DOC LAP (P2 fit chi tren promo/recs; dong bang TRUOC khi agent cai),P1_ctrl,quickaddx1,quickadd,1.0,240.0,INFEASIBLE,False,1.6666666666666667,80.0,100.0
predictions_frozen_RE2_P2_indep.json,PRE-REGISTERED cho tinh nang DOC LAP (P2 fit chi tren promo/recs; dong bang TRUOC khi agent cai),P1_ctrl,quickaddx1,quickadd,1.0,260.0,INFEASIBLE,False,1.8888888888888888,80.0,100.0
predictions_frozen_RE2_P2_indep.json,PRE-REGISTERED cho tinh nang DOC LAP (P2 fit chi tren promo/recs; dong bang TRUOC khi agent cai),P1_ctrl,quickaddx1,quickadd,1.0,40.0,FEASIBLE,True,0.5555555555555556,80.0,100.0
predictions_frozen_RE2_P2_indep.json,PRE-REGISTERED cho tinh nang DOC LAP (P2 fit chi tren promo/recs; dong bang TRUOC khi agent cai),P1_ctrl,quickaddx1,quickadd,1.0,60.0,FEASIBLE,True,0.3333333333333333,80.0,100.0
predictions_frozen_RE2_P2_indep.json,PRE-REGISTERED cho tinh nang DOC LAP (P2 fit chi tren promo/recs; dong bang TRUOC khi agent cai),P2,quickaddx1,quickadd,1.0,100.0,FEASIBLE,False,0.1111111111111111,80.0,100.0
predictions_frozen_RE2_P2_indep.json,PRE-REGISTERED cho tinh nang DOC LAP (P2 fit chi tren promo/recs; dong bang TRUOC khi agent cai),P2,quickaddx1,quickadd,1.0,120.0,FEASIBLE,False,0.3333333333333333,80.0,100.0
predictions_frozen_RE2_P2_indep.json,PRE-REGISTERED cho tinh nang DOC LAP (P2 fit chi tren promo/recs; dong bang TRUOC khi agent cai),P2,quickaddx1,quickadd,1.0,140.0,FEASIBLE,False,0.5555555555555556,80.0,100.0
predictions_frozen_RE2_P2_indep.json,PRE-REGISTERED cho tinh nang DOC LAP (P2 fit chi tren promo/recs; dong bang TRUOC khi agent cai),P2,quickaddx1,quickadd,1.0,160.0,MARGINAL,False,0.7777777777777778,80.0,100.0
predictions_frozen_RE2_P2_indep.json,PRE-REGISTERED cho tinh nang DOC LAP (P2 fit chi tren promo/recs; dong bang TRUOC khi agent cai),P2,quickaddx1,quickadd,1.0,180.0,INFEASIBLE,False,1.0,80.0,100.0
predictions_frozen_RE2_P2_indep.json,PRE-REGISTERED cho tinh nang DOC LAP (P2 fit chi tren promo/recs; dong bang TRUOC khi agent cai),P2,quickaddx1,quickadd,1.0,200.0,INFEASIBLE,False,1.2222222222222223,80.0,100.0
predictions_frozen_RE2_P2_indep.json,PRE-REGISTERED cho tinh nang DOC LAP (P2 fit chi tren promo/recs; dong bang TRUOC khi agent cai),P2,quickaddx1,quickadd,1.0,220.0,INFEASIBLE,False,1.4444444444444444,80.0,100.0
predictions_frozen_RE2_P2_indep.json,PRE-REGISTERED cho tinh nang DOC LAP (P2 fit chi tren promo/recs; dong bang TRUOC khi agent cai),P2,quickaddx1,quickadd,1.0,240.0,INFEASIBLE,False,1.6666666666666667,80.0,100.0
predictions_frozen_RE2_P2_indep.json,PRE-REGISTERED cho tinh nang DOC LAP (P2 fit chi tren promo/recs; dong bang TRUOC khi agent cai),P2,quickaddx1,quickadd,1.0,260.0,INFEASIBLE,False,1.8888888888888888,80.0,100.0
predictions_frozen_RE2_P2_indep.json,PRE-REGISTERED cho tinh nang DOC LAP (P2 fit chi tren promo/recs; dong bang TRUOC khi agent cai),P2,quickaddx1,quickadd,1.0,40.0,FEASIBLE,True,0.5555555555555556,80.0,100.0
predictions_frozen_RE2_P2_indep.json,PRE-REGISTERED cho tinh nang DOC LAP (P2 fit chi tren promo/recs; dong bang TRUOC khi agent cai),P2,quickaddx1,quickadd,1.0,60.0,FEASIBLE,True,0.3333333333333333,80.0,100.0
predictions_frozen_RE2_P2_indep.json,PRE-REGISTERED cho tinh nang DOC LAP (P2 fit chi tren promo/recs; dong bang TRUOC khi agent cai),P0,quickaddx2,quickadd,2.0,100.0,FEASIBLE,False,1.0,40.0,60.0
predictions_frozen_RE2_P2_indep.json,PRE-REGISTERED cho tinh nang DOC LAP (P2 fit chi tren promo/recs; dong bang TRUOC khi agent cai),P0,quickaddx2,quickadd,2.0,120.0,FEASIBLE,False,1.4,40.0,60.0
predictions_frozen_RE2_P2_indep.json,PRE-REGISTERED cho tinh nang DOC LAP (P2 fit chi tren promo/recs; dong bang TRUOC khi agent cai),P0,quickaddx2,quickadd,2.0,140.0,FEASIBLE,False,1.8,40.0,60.0
predictions_frozen_RE2_P2_indep.json,PRE-REGISTERED cho tinh nang DOC LAP (P2 fit chi tren promo/recs; dong bang TRUOC khi agent cai),P0,quickaddx2,quickadd,2.0,160.0,INFEASIBLE,False,2.2,40.0,60.0
predictions_frozen_RE2_P2_indep.json,PRE-REGISTERED cho tinh nang DOC LAP (P2 fit chi tren promo/recs; dong bang TRUOC khi agent cai),P0,quickaddx2,quickadd,2.0,180.0,INFEASIBLE,False,2.6,40.0,60.0
predictions_frozen_RE2_P2_indep.json,PRE-REGISTERED cho tinh nang DOC LAP (P2 fit chi tren promo/recs; dong bang TRUOC khi agent cai),P0,quickaddx2,quickadd,2.0,200.0,INFEASIBLE,False,3.0,40.0,60.0
predictions_frozen_RE2_P2_indep.json,PRE-REGISTERED cho tinh nang DOC LAP (P2 fit chi tren promo/recs; dong bang TRUOC khi agent cai),P0,quickaddx2,quickadd,2.0,220.0,INFEASIBLE,False,3.4,40.0,60.0
predictions_frozen_RE2_P2_indep.json,PRE-REGISTERED cho tinh nang DOC LAP (P2 fit chi tren promo/recs; dong bang TRUOC khi agent cai),P0,quickaddx2,quickadd,2.0,240.0,INFEASIBLE,False,3.8,40.0,60.0
predictions_frozen_RE2_P2_indep.json,PRE-REGISTERED cho tinh nang DOC LAP (P2 fit chi tren promo/recs; dong bang TRUOC khi agent cai),P0,quickaddx2,quickadd,2.0,260.0,INFEASIBLE,False,4.2,40.0,60.0
predictions_frozen_RE2_P2_indep.json,PRE-REGISTERED cho tinh nang DOC LAP (P2 fit chi tren promo/recs; dong bang TRUOC khi agent cai),P0,quickaddx2,quickadd,2.0,60.0,FEASIBLE,False,0.2,40.0,60.0
predictions_frozen_RE2_P2_indep.json,PRE-REGISTERED cho tinh nang DOC LAP (P2 fit chi tren promo/recs; dong bang TRUOC khi agent cai),P0,quickaddx2,quickadd,2.0,80.0,FEASIBLE,False,0.6,40.0,60.0
predictions_frozen_RE2_P2_indep.json,PRE-REGISTERED cho tinh nang DOC LAP (P2 fit chi tren promo/recs; dong bang TRUOC khi agent cai),P1,quickaddx2,quickadd,2.0,100.0,FEASIBLE,False,1.0,40.0,60.0
predictions_frozen_RE2_P2_indep.json,PRE-REGISTERED cho tinh nang DOC LAP (P2 fit chi tren promo/recs; dong bang TRUOC khi agent cai),P1,quickaddx2,quickadd,2.0,120.0,FEASIBLE,False,1.4,40.0,60.0
predictions_frozen_RE2_P2_indep.json,PRE-REGISTERED cho tinh nang DOC LAP (P2 fit chi tren promo/recs; dong bang TRUOC khi agent cai),P1,quickaddx2,quickadd,2.0,140.0,FEASIBLE,False,1.8,40.0,60.0
predictions_frozen_RE2_P2_indep.json,PRE-REGISTERED cho tinh nang DOC LAP (P2 fit chi tren promo/recs; dong bang TRUOC khi agent cai),P1,quickaddx2,quickadd,2.0,160.0,INFEASIBLE,False,2.2,40.0,60.0
predictions_frozen_RE2_P2_indep.json,PRE-REGISTERED cho tinh nang DOC LAP (P2 fit chi tren promo/recs; dong bang TRUOC khi agent cai),P1,quickaddx2,quickadd,2.0,180.0,INFEASIBLE,False,2.6,40.0,60.0
predictions_frozen_RE2_P2_indep.json,PRE-REGISTERED cho tinh nang DOC LAP (P2 fit chi tren promo/recs; dong bang TRUOC khi agent cai),P1,quickaddx2,quickadd,2.0,200.0,INFEASIBLE,False,3.0,40.0,60.0
predictions_frozen_RE2_P2_indep.json,PRE-REGISTERED cho tinh nang DOC LAP (P2 fit chi tren promo/recs; dong bang TRUOC khi agent cai),P1,quickaddx2,quickadd,2.0,220.0,INFEASIBLE,False,3.4,40.0,60.0
predictions_frozen_RE2_P2_indep.json,PRE-REGISTERED cho tinh nang DOC LAP (P2 fit chi tren promo/recs; dong bang TRUOC khi agent cai),P1,quickaddx2,quickadd,2.0,240.0,INFEASIBLE,False,3.8,40.0,60.0
predictions_frozen_RE2_P2_indep.json,PRE-REGISTERED cho tinh nang DOC LAP (P2 fit chi tren promo/recs; dong bang TRUOC khi agent cai),P1,quickaddx2,quickadd,2.0,260.0,INFEASIBLE,False,4.2,40.0,60.0
predictions_frozen_RE2_P2_indep.json,PRE-REGISTERED cho tinh nang DOC LAP (P2 fit chi tren promo/recs; dong bang TRUOC khi agent cai),P1,quickaddx2,quickadd,2.0,60.0,FEASIBLE,False,0.2,40.0,60.0
predictions_frozen_RE2_P2_indep.json,PRE-REGISTERED cho tinh nang DOC LAP (P2 fit chi tren promo/recs; dong bang TRUOC khi agent cai),P1,quickaddx2,quickadd,2.0,80.0,FEASIBLE,False,0.6,40.0,60.0
predictions_frozen_RE2_P2_indep.json,PRE-REGISTERED cho tinh nang DOC LAP (P2 fit chi tren promo/recs; dong bang TRUOC khi agent cai),P1_ctrl,quickaddx2,quickadd,2.0,100.0,FEASIBLE,False,1.0,40.0,60.0
predictions_frozen_RE2_P2_indep.json,PRE-REGISTERED cho tinh nang DOC LAP (P2 fit chi tren promo/recs; dong bang TRUOC khi agent cai),P1_ctrl,quickaddx2,quickadd,2.0,120.0,FEASIBLE,False,1.4,40.0,60.0
predictions_frozen_RE2_P2_indep.json,PRE-REGISTERED cho tinh nang DOC LAP (P2 fit chi tren promo/recs; dong bang TRUOC khi agent cai),P1_ctrl,quickaddx2,quickadd,2.0,140.0,FEASIBLE,False,1.8,40.0,60.0
predictions_frozen_RE2_P2_indep.json,PRE-REGISTERED cho tinh nang DOC LAP (P2 fit chi tren promo/recs; dong bang TRUOC khi agent cai),P1_ctrl,quickaddx2,quickadd,2.0,160.0,INFEASIBLE,False,2.2,40.0,60.0
predictions_frozen_RE2_P2_indep.json,PRE-REGISTERED cho tinh nang DOC LAP (P2 fit chi tren promo/recs; dong bang TRUOC khi agent cai),P1_ctrl,quickaddx2,quickadd,2.0,180.0,INFEASIBLE,False,2.6,40.0,60.0
predictions_frozen_RE2_P2_indep.json,PRE-REGISTERED cho tinh nang DOC LAP (P2 fit chi tren promo/recs; dong bang TRUOC khi agent cai),P1_ctrl,quickaddx2,quickadd,2.0,200.0,INFEASIBLE,False,3.0,40.0,60.0
predictions_frozen_RE2_P2_indep.json,PRE-REGISTERED cho tinh nang DOC LAP (P2 fit chi tren promo/recs; dong bang TRUOC khi agent cai),P1_ctrl,quickaddx2,quickadd,2.0,220.0,INFEASIBLE,False,3.4,40.0,60.0
predictions_frozen_RE2_P2_indep.json,PRE-REGISTERED cho tinh nang DOC LAP (P2 fit chi tren promo/recs; dong bang TRUOC khi agent cai),P1_ctrl,quickaddx2,quickadd,2.0,240.0,INFEASIBLE,False,3.8,40.0,60.0
predictions_frozen_RE2_P2_indep.json,PRE-REGISTERED cho tinh nang DOC LAP (P2 fit chi tren promo/recs; dong bang TRUOC khi agent cai),P1_ctrl,quickaddx2,quickadd,2.0,260.0,INFEASIBLE,False,4.2,40.0,60.0
predictions_frozen_RE2_P2_indep.json,PRE-REGISTERED cho tinh nang DOC LAP (P2 fit chi tren promo/recs; dong bang TRUOC khi agent cai),P1_ctrl,quickaddx2,quickadd,2.0,60.0,FEASIBLE,False,0.2,40.0,60.0
predictions_frozen_RE2_P2_indep.json,PRE-REGISTERED cho tinh nang DOC LAP (P2 fit chi tren promo/recs; dong bang TRUOC khi agent cai),P1_ctrl,quickaddx2,quickadd,2.0,80.0,FEASIBLE,False,0.6,40.0,60.0
predictions_frozen_RE2_P2_indep.json,PRE-REGISTERED cho tinh nang DOC LAP (P2 fit chi tren promo/recs; dong bang TRUOC khi agent cai),P2,quickaddx2,quickadd,2.0,100.0,FEASIBLE,False,1.0,40.0,60.0
predictions_frozen_RE2_P2_indep.json,PRE-REGISTERED cho tinh nang DOC LAP (P2 fit chi tren promo/recs; dong bang TRUOC khi agent cai),P2,quickaddx2,quickadd,2.0,120.0,FEASIBLE,False,1.4,40.0,60.0
predictions_frozen_RE2_P2_indep.json,PRE-REGISTERED cho tinh nang DOC LAP (P2 fit chi tren promo/recs; dong bang TRUOC khi agent cai),P2,quickaddx2,quickadd,2.0,140.0,INFEASIBLE,False,1.8,40.0,60.0
predictions_frozen_RE2_P2_indep.json,PRE-REGISTERED cho tinh nang DOC LAP (P2 fit chi tren promo/recs; dong bang TRUOC khi agent cai),P2,quickaddx2,quickadd,2.0,160.0,INFEASIBLE,False,2.2,40.0,60.0
predictions_frozen_RE2_P2_indep.json,PRE-REGISTERED cho tinh nang DOC LAP (P2 fit chi tren promo/recs; dong bang TRUOC khi agent cai),P2,quickaddx2,quickadd,2.0,180.0,INFEASIBLE,False,2.6,40.0,60.0
predictions_frozen_RE2_P2_indep.json,PRE-REGISTERED cho tinh nang DOC LAP (P2 fit chi tren promo/recs; dong bang TRUOC khi agent cai),P2,quickaddx2,quickadd,2.0,200.0,INFEASIBLE,False,3.0,40.0,60.0
predictions_frozen_RE2_P2_indep.json,PRE-REGISTERED cho tinh nang DOC LAP (P2 fit chi tren promo/recs; dong bang TRUOC khi agent cai),P2,quickaddx2,quickadd,2.0,220.0,INFEASIBLE,False,3.4,40.0,60.0
predictions_frozen_RE2_P2_indep.json,PRE-REGISTERED cho tinh nang DOC LAP (P2 fit chi tren promo/recs; dong bang TRUOC khi agent cai),P2,quickaddx2,quickadd,2.0,240.0,INFEASIBLE,False,3.8,40.0,60.0
predictions_frozen_RE2_P2_indep.json,PRE-REGISTERED cho tinh nang DOC LAP (P2 fit chi tren promo/recs; dong bang TRUOC khi agent cai),P2,quickaddx2,quickadd,2.0,260.0,INFEASIBLE,False,4.2,40.0,60.0
predictions_frozen_RE2_P2_indep.json,PRE-REGISTERED cho tinh nang DOC LAP (P2 fit chi tren promo/recs; dong bang TRUOC khi agent cai),P2,quickaddx2,quickadd,2.0,60.0,FEASIBLE,False,0.2,40.0,60.0
predictions_frozen_RE2_P2_indep.json,PRE-REGISTERED cho tinh nang DOC LAP (P2 fit chi tren promo/recs; dong bang TRUOC khi agent cai),P2,quickaddx2,quickadd,2.0,80.0,FEASIBLE,False,0.6,40.0,60.0
predictions_frozen_RE2_P2_indep.json,PRE-REGISTERED cho tinh nang DOC LAP (P2 fit chi tren promo/recs; dong bang TRUOC khi agent cai),P0,expressx1,express,1.0,100.0,FEASIBLE,False,0.25,70.0,90.0
predictions_frozen_RE2_P2_indep.json,PRE-REGISTERED cho tinh nang DOC LAP (P2 fit chi tren promo/recs; dong bang TRUOC khi agent cai),P0,expressx1,express,1.0,120.0,FEASIBLE,False,0.5,70.0,90.0
predictions_frozen_RE2_P2_indep.json,PRE-REGISTERED cho tinh nang DOC LAP (P2 fit chi tren promo/recs; dong bang TRUOC khi agent cai),P0,expressx1,express,1.0,140.0,FEASIBLE,False,0.75,70.0,90.0
predictions_frozen_RE2_P2_indep.json,PRE-REGISTERED cho tinh nang DOC LAP (P2 fit chi tren promo/recs; dong bang TRUOC khi agent cai),P0,expressx1,express,1.0,160.0,MARGINAL,False,1.0,70.0,90.0
predictions_frozen_RE2_P2_indep.json,PRE-REGISTERED cho tinh nang DOC LAP (P2 fit chi tren promo/recs; dong bang TRUOC khi agent cai),P0,expressx1,express,1.0,180.0,INFEASIBLE,False,1.25,70.0,90.0
predictions_frozen_RE2_P2_indep.json,PRE-REGISTERED cho tinh nang DOC LAP (P2 fit chi tren promo/recs; dong bang TRUOC khi agent cai),P0,expressx1,express,1.0,200.0,INFEASIBLE,False,1.5,70.0,90.0
predictions_frozen_RE2_P2_indep.json,PRE-REGISTERED cho tinh nang DOC LAP (P2 fit chi tren promo/recs; dong bang TRUOC khi agent cai),P0,expressx1,express,1.0,220.0,INFEASIBLE,False,1.75,70.0,90.0
predictions_frozen_RE2_P2_indep.json,PRE-REGISTERED cho tinh nang DOC LAP (P2 fit chi tren promo/recs; dong bang TRUOC khi agent cai),P0,expressx1,express,1.0,240.0,INFEASIBLE,False,2.0,70.0,90.0
predictions_frozen_RE2_P2_indep.json,PRE-REGISTERED cho tinh nang DOC LAP (P2 fit chi tren promo/recs; dong bang TRUOC khi agent cai),P0,expressx1,express,1.0,260.0,INFEASIBLE,False,2.25,70.0,90.0
predictions_frozen_RE2_P2_indep.json,PRE-REGISTERED cho tinh nang DOC LAP (P2 fit chi tren promo/recs; dong bang TRUOC khi agent cai),P0,expressx1,express,1.0,40.0,FEASIBLE,True,0.5,70.0,90.0
predictions_frozen_RE2_P2_indep.json,PRE-REGISTERED cho tinh nang DOC LAP (P2 fit chi tren promo/recs; dong bang TRUOC khi agent cai),P0,expressx1,express,1.0,60.0,FEASIBLE,True,0.25,70.0,90.0
predictions_frozen_RE2_P2_indep.json,PRE-REGISTERED cho tinh nang DOC LAP (P2 fit chi tren promo/recs; dong bang TRUOC khi agent cai),P1,expressx1,express,1.0,100.0,FEASIBLE,False,0.25,70.0,90.0
predictions_frozen_RE2_P2_indep.json,PRE-REGISTERED cho tinh nang DOC LAP (P2 fit chi tren promo/recs; dong bang TRUOC khi agent cai),P1,expressx1,express,1.0,120.0,FEASIBLE,False,0.5,70.0,90.0
predictions_frozen_RE2_P2_indep.json,PRE-REGISTERED cho tinh nang DOC LAP (P2 fit chi tren promo/recs; dong bang TRUOC khi agent cai),P1,expressx1,express,1.0,140.0,FEASIBLE,False,0.75,70.0,90.0
predictions_frozen_RE2_P2_indep.json,PRE-REGISTERED cho tinh nang DOC LAP (P2 fit chi tren promo/recs; dong bang TRUOC khi agent cai),P1,expressx1,express,1.0,160.0,MARGINAL,False,1.0,70.0,90.0
predictions_frozen_RE2_P2_indep.json,PRE-REGISTERED cho tinh nang DOC LAP (P2 fit chi tren promo/recs; dong bang TRUOC khi agent cai),P1,expressx1,express,1.0,180.0,INFEASIBLE,False,1.25,70.0,90.0
predictions_frozen_RE2_P2_indep.json,PRE-REGISTERED cho tinh nang DOC LAP (P2 fit chi tren promo/recs; dong bang TRUOC khi agent cai),P1,expressx1,express,1.0,200.0,INFEASIBLE,False,1.5,70.0,90.0
predictions_frozen_RE2_P2_indep.json,PRE-REGISTERED cho tinh nang DOC LAP (P2 fit chi tren promo/recs; dong bang TRUOC khi agent cai),P1,expressx1,express,1.0,220.0,INFEASIBLE,False,1.75,70.0,90.0
predictions_frozen_RE2_P2_indep.json,PRE-REGISTERED cho tinh nang DOC LAP (P2 fit chi tren promo/recs; dong bang TRUOC khi agent cai),P1,expressx1,express,1.0,240.0,INFEASIBLE,False,2.0,70.0,90.0
predictions_frozen_RE2_P2_indep.json,PRE-REGISTERED cho tinh nang DOC LAP (P2 fit chi tren promo/recs; dong bang TRUOC khi agent cai),P1,expressx1,express,1.0,260.0,INFEASIBLE,False,2.25,70.0,90.0
predictions_frozen_RE2_P2_indep.json,PRE-REGISTERED cho tinh nang DOC LAP (P2 fit chi tren promo/recs; dong bang TRUOC khi agent cai),P1,expressx1,express,1.0,40.0,FEASIBLE,True,0.5,70.0,90.0
predictions_frozen_RE2_P2_indep.json,PRE-REGISTERED cho tinh nang DOC LAP (P2 fit chi tren promo/recs; dong bang TRUOC khi agent cai),P1,expressx1,express,1.0,60.0,FEASIBLE,True,0.25,70.0,90.0
predictions_frozen_RE2_P2_indep.json,PRE-REGISTERED cho tinh nang DOC LAP (P2 fit chi tren promo/recs; dong bang TRUOC khi agent cai),P1_ctrl,expressx1,express,1.0,100.0,FEASIBLE,False,0.25,70.0,90.0
predictions_frozen_RE2_P2_indep.json,PRE-REGISTERED cho tinh nang DOC LAP (P2 fit chi tren promo/recs; dong bang TRUOC khi agent cai),P1_ctrl,expressx1,express,1.0,120.0,FEASIBLE,False,0.5,70.0,90.0
predictions_frozen_RE2_P2_indep.json,PRE-REGISTERED cho tinh nang DOC LAP (P2 fit chi tren promo/recs; dong bang TRUOC khi agent cai),P1_ctrl,expressx1,express,1.0,140.0,FEASIBLE,False,0.75,70.0,90.0
predictions_frozen_RE2_P2_indep.json,PRE-REGISTERED cho tinh nang DOC LAP (P2 fit chi tren promo/recs; dong bang TRUOC khi agent cai),P1_ctrl,expressx1,express,1.0,160.0,MARGINAL,False,1.0,70.0,90.0
predictions_frozen_RE2_P2_indep.json,PRE-REGISTERED cho tinh nang DOC LAP (P2 fit chi tren promo/recs; dong bang TRUOC khi agent cai),P1_ctrl,expressx1,express,1.0,180.0,INFEASIBLE,False,1.25,70.0,90.0
predictions_frozen_RE2_P2_indep.json,PRE-REGISTERED cho tinh nang DOC LAP (P2 fit chi tren promo/recs; dong bang TRUOC khi agent cai),P1_ctrl,expressx1,express,1.0,200.0,INFEASIBLE,False,1.5,70.0,90.0
predictions_frozen_RE2_P2_indep.json,PRE-REGISTERED cho tinh nang DOC LAP (P2 fit chi tren promo/recs; dong bang TRUOC khi agent cai),P1_ctrl,expressx1,express,1.0,220.0,INFEASIBLE,False,1.75,70.0,90.0
predictions_frozen_RE2_P2_indep.json,PRE-REGISTERED cho tinh nang DOC LAP (P2 fit chi tren promo/recs; dong bang TRUOC khi agent cai),P1_ctrl,expressx1,express,1.0,240.0,INFEASIBLE,False,2.0,70.0,90.0
predictions_frozen_RE2_P2_indep.json,PRE-REGISTERED cho tinh nang DOC LAP (P2 fit chi tren promo/recs; dong bang TRUOC khi agent cai),P1_ctrl,expressx1,express,1.0,260.0,INFEASIBLE,False,2.25,70.0,90.0
predictions_frozen_RE2_P2_indep.json,PRE-REGISTERED cho tinh nang DOC LAP (P2 fit chi tren promo/recs; dong bang TRUOC khi agent cai),P1_ctrl,expressx1,express,1.0,40.0,FEASIBLE,True,0.5,70.0,90.0
predictions_frozen_RE2_P2_indep.json,PRE-REGISTERED cho tinh nang DOC LAP (P2 fit chi tren promo/recs; dong bang TRUOC khi agent cai),P1_ctrl,expressx1,express,1.0,60.0,FEASIBLE,True,0.25,70.0,90.0
predictions_frozen_RE2_P2_indep.json,PRE-REGISTERED cho tinh nang DOC LAP (P2 fit chi tren promo/recs; dong bang TRUOC khi agent cai),P2,expressx1,express,1.0,100.0,FEASIBLE,False,0.25,70.0,90.0
predictions_frozen_RE2_P2_indep.json,PRE-REGISTERED cho tinh nang DOC LAP (P2 fit chi tren promo/recs; dong bang TRUOC khi agent cai),P2,expressx1,express,1.0,120.0,INFEASIBLE,False,0.5,70.0,90.0
predictions_frozen_RE2_P2_indep.json,PRE-REGISTERED cho tinh nang DOC LAP (P2 fit chi tren promo/recs; dong bang TRUOC khi agent cai),P2,expressx1,express,1.0,140.0,INFEASIBLE,False,0.75,70.0,90.0
predictions_frozen_RE2_P2_indep.json,PRE-REGISTERED cho tinh nang DOC LAP (P2 fit chi tren promo/recs; dong bang TRUOC khi agent cai),P2,expressx1,express,1.0,160.0,INFEASIBLE,False,1.0,70.0,90.0
predictions_frozen_RE2_P2_indep.json,PRE-REGISTERED cho tinh nang DOC LAP (P2 fit chi tren promo/recs; dong bang TRUOC khi agent cai),P2,expressx1,express,1.0,180.0,INFEASIBLE,False,1.25,70.0,90.0
predictions_frozen_RE2_P2_indep.json,PRE-REGISTERED cho tinh nang DOC LAP (P2 fit chi tren promo/recs; dong bang TRUOC khi agent cai),P2,expressx1,express,1.0,200.0,INFEASIBLE,False,1.5,70.0,90.0
predictions_frozen_RE2_P2_indep.json,PRE-REGISTERED cho tinh nang DOC LAP (P2 fit chi tren promo/recs; dong bang TRUOC khi agent cai),P2,expressx1,express,1.0,220.0,INFEASIBLE,False,1.75,70.0,90.0
predictions_frozen_RE2_P2_indep.json,PRE-REGISTERED cho tinh nang DOC LAP (P2 fit chi tren promo/recs; dong bang TRUOC khi agent cai),P2,expressx1,express,1.0,240.0,INFEASIBLE,False,2.0,70.0,90.0
predictions_frozen_RE2_P2_indep.json,PRE-REGISTERED cho tinh nang DOC LAP (P2 fit chi tren promo/recs; dong bang TRUOC khi agent cai),P2,expressx1,express,1.0,260.0,INFEASIBLE,False,2.25,70.0,90.0
predictions_frozen_RE2_P2_indep.json,PRE-REGISTERED cho tinh nang DOC LAP (P2 fit chi tren promo/recs; dong bang TRUOC khi agent cai),P2,expressx1,express,1.0,40.0,FEASIBLE,True,0.5,70.0,90.0
predictions_frozen_RE2_P2_indep.json,PRE-REGISTERED cho tinh nang DOC LAP (P2 fit chi tren promo/recs; dong bang TRUOC khi agent cai),P2,expressx1,express,1.0,60.0,FEASIBLE,True,0.25,70.0,90.0
predictions_frozen_RE2_P2_prosp.json,"DEVELOPMENT model P2 (tham so fit tren promo/recs), dong bang TRUOC khi mo tap khoa",P0,browsex1,browse,1.0,100.0,FEASIBLE,True,0.5238095238095238,200.0,220.0
predictions_frozen_RE2_P2_prosp.json,"DEVELOPMENT model P2 (tham so fit tren promo/recs), dong bang TRUOC khi mo tap khoa",P0,browsex1,browse,1.0,120.0,FEASIBLE,True,0.42857142857142855,200.0,220.0
predictions_frozen_RE2_P2_prosp.json,"DEVELOPMENT model P2 (tham so fit tren promo/recs), dong bang TRUOC khi mo tap khoa",P0,browsex1,browse,1.0,140.0,FEASIBLE,True,0.3333333333333333,200.0,220.0
predictions_frozen_RE2_P2_prosp.json,"DEVELOPMENT model P2 (tham so fit tren promo/recs), dong bang TRUOC khi mo tap khoa",P0,browsex1,browse,1.0,160.0,FEASIBLE,True,0.23809523809523808,200.0,220.0
predictions_frozen_RE2_P2_prosp.json,"DEVELOPMENT model P2 (tham so fit tren promo/recs), dong bang TRUOC khi mo tap khoa",P0,browsex1,browse,1.0,180.0,MARGINAL,True,0.14285714285714285,200.0,220.0
predictions_frozen_RE2_P2_prosp.json,"DEVELOPMENT model P2 (tham so fit tren promo/recs), dong bang TRUOC khi mo tap khoa",P0,browsex1,browse,1.0,220.0,INFEASIBLE,False,0.047619047619047616,200.0,220.0
predictions_frozen_RE2_P2_prosp.json,"DEVELOPMENT model P2 (tham so fit tren promo/recs), dong bang TRUOC khi mo tap khoa",P0,browsex1,browse,1.0,240.0,INFEASIBLE,False,0.14285714285714285,200.0,220.0
predictions_frozen_RE2_P2_prosp.json,"DEVELOPMENT model P2 (tham so fit tren promo/recs), dong bang TRUOC khi mo tap khoa",P0,browsex1,browse,1.0,260.0,INFEASIBLE,False,0.23809523809523808,200.0,220.0
predictions_frozen_RE2_P2_prosp.json,"DEVELOPMENT model P2 (tham so fit tren promo/recs), dong bang TRUOC khi mo tap khoa",P0,browsex1,browse,1.0,40.0,FEASIBLE,True,0.8095238095238095,200.0,220.0
predictions_frozen_RE2_P2_prosp.json,"DEVELOPMENT model P2 (tham so fit tren promo/recs), dong bang TRUOC khi mo tap khoa",P0,browsex1,browse,1.0,60.0,FEASIBLE,True,0.7142857142857143,200.0,220.0
predictions_frozen_RE2_P2_prosp.json,"DEVELOPMENT model P2 (tham so fit tren promo/recs), dong bang TRUOC khi mo tap khoa",P0,browsex1,browse,1.0,80.0,FEASIBLE,True,0.6190476190476191,200.0,220.0
predictions_frozen_RE2_P2_prosp.json,"DEVELOPMENT model P2 (tham so fit tren promo/recs), dong bang TRUOC khi mo tap khoa",P1,browsex1,browse,1.0,100.0,FEASIBLE,True,0.5238095238095238,200.0,220.0
predictions_frozen_RE2_P2_prosp.json,"DEVELOPMENT model P2 (tham so fit tren promo/recs), dong bang TRUOC khi mo tap khoa",P1,browsex1,browse,1.0,120.0,FEASIBLE,True,0.42857142857142855,200.0,220.0
predictions_frozen_RE2_P2_prosp.json,"DEVELOPMENT model P2 (tham so fit tren promo/recs), dong bang TRUOC khi mo tap khoa",P1,browsex1,browse,1.0,140.0,FEASIBLE,True,0.3333333333333333,200.0,220.0
predictions_frozen_RE2_P2_prosp.json,"DEVELOPMENT model P2 (tham so fit tren promo/recs), dong bang TRUOC khi mo tap khoa",P1,browsex1,browse,1.0,160.0,FEASIBLE,True,0.23809523809523808,200.0,220.0
predictions_frozen_RE2_P2_prosp.json,"DEVELOPMENT model P2 (tham so fit tren promo/recs), dong bang TRUOC khi mo tap khoa",P1,browsex1,browse,1.0,180.0,MARGINAL,True,0.14285714285714285,200.0,220.0
predictions_frozen_RE2_P2_prosp.json,"DEVELOPMENT model P2 (tham so fit tren promo/recs), dong bang TRUOC khi mo tap khoa",P1,browsex1,browse,1.0,220.0,INFEASIBLE,False,0.047619047619047616,200.0,220.0
predictions_frozen_RE2_P2_prosp.json,"DEVELOPMENT model P2 (tham so fit tren promo/recs), dong bang TRUOC khi mo tap khoa",P1,browsex1,browse,1.0,240.0,INFEASIBLE,False,0.14285714285714285,200.0,220.0
predictions_frozen_RE2_P2_prosp.json,"DEVELOPMENT model P2 (tham so fit tren promo/recs), dong bang TRUOC khi mo tap khoa",P1,browsex1,browse,1.0,260.0,INFEASIBLE,False,0.23809523809523808,200.0,220.0
predictions_frozen_RE2_P2_prosp.json,"DEVELOPMENT model P2 (tham so fit tren promo/recs), dong bang TRUOC khi mo tap khoa",P1,browsex1,browse,1.0,40.0,FEASIBLE,True,0.8095238095238095,200.0,220.0
predictions_frozen_RE2_P2_prosp.json,"DEVELOPMENT model P2 (tham so fit tren promo/recs), dong bang TRUOC khi mo tap khoa",P1,browsex1,browse,1.0,60.0,FEASIBLE,True,0.7142857142857143,200.0,220.0
predictions_frozen_RE2_P2_prosp.json,"DEVELOPMENT model P2 (tham so fit tren promo/recs), dong bang TRUOC khi mo tap khoa",P1,browsex1,browse,1.0,80.0,FEASIBLE,True,0.6190476190476191,200.0,220.0
predictions_frozen_RE2_P2_prosp.json,"DEVELOPMENT model P2 (tham so fit tren promo/recs), dong bang TRUOC khi mo tap khoa",P1_ctrl,browsex1,browse,1.0,100.0,FEASIBLE,True,0.5238095238095238,200.0,220.0
predictions_frozen_RE2_P2_prosp.json,"DEVELOPMENT model P2 (tham so fit tren promo/recs), dong bang TRUOC khi mo tap khoa",P1_ctrl,browsex1,browse,1.0,120.0,FEASIBLE,True,0.42857142857142855,200.0,220.0
predictions_frozen_RE2_P2_prosp.json,"DEVELOPMENT model P2 (tham so fit tren promo/recs), dong bang TRUOC khi mo tap khoa",P1_ctrl,browsex1,browse,1.0,140.0,FEASIBLE,True,0.3333333333333333,200.0,220.0
predictions_frozen_RE2_P2_prosp.json,"DEVELOPMENT model P2 (tham so fit tren promo/recs), dong bang TRUOC khi mo tap khoa",P1_ctrl,browsex1,browse,1.0,160.0,FEASIBLE,True,0.23809523809523808,200.0,220.0
predictions_frozen_RE2_P2_prosp.json,"DEVELOPMENT model P2 (tham so fit tren promo/recs), dong bang TRUOC khi mo tap khoa",P1_ctrl,browsex1,browse,1.0,180.0,MARGINAL,True,0.14285714285714285,200.0,220.0
predictions_frozen_RE2_P2_prosp.json,"DEVELOPMENT model P2 (tham so fit tren promo/recs), dong bang TRUOC khi mo tap khoa",P1_ctrl,browsex1,browse,1.0,220.0,INFEASIBLE,False,0.047619047619047616,200.0,220.0
predictions_frozen_RE2_P2_prosp.json,"DEVELOPMENT model P2 (tham so fit tren promo/recs), dong bang TRUOC khi mo tap khoa",P1_ctrl,browsex1,browse,1.0,240.0,INFEASIBLE,False,0.14285714285714285,200.0,220.0
predictions_frozen_RE2_P2_prosp.json,"DEVELOPMENT model P2 (tham so fit tren promo/recs), dong bang TRUOC khi mo tap khoa",P1_ctrl,browsex1,browse,1.0,260.0,INFEASIBLE,False,0.23809523809523808,200.0,220.0
predictions_frozen_RE2_P2_prosp.json,"DEVELOPMENT model P2 (tham so fit tren promo/recs), dong bang TRUOC khi mo tap khoa",P1_ctrl,browsex1,browse,1.0,40.0,FEASIBLE,True,0.8095238095238095,200.0,220.0
predictions_frozen_RE2_P2_prosp.json,"DEVELOPMENT model P2 (tham so fit tren promo/recs), dong bang TRUOC khi mo tap khoa",P1_ctrl,browsex1,browse,1.0,60.0,FEASIBLE,True,0.7142857142857143,200.0,220.0
predictions_frozen_RE2_P2_prosp.json,"DEVELOPMENT model P2 (tham so fit tren promo/recs), dong bang TRUOC khi mo tap khoa",P1_ctrl,browsex1,browse,1.0,80.0,FEASIBLE,True,0.6190476190476191,200.0,220.0
predictions_frozen_RE2_P2_prosp.json,"DEVELOPMENT model P2 (tham so fit tren promo/recs), dong bang TRUOC khi mo tap khoa",P2,browsex1,browse,1.0,100.0,FEASIBLE,True,0.5238095238095238,200.0,220.0
predictions_frozen_RE2_P2_prosp.json,"DEVELOPMENT model P2 (tham so fit tren promo/recs), dong bang TRUOC khi mo tap khoa",P2,browsex1,browse,1.0,120.0,FEASIBLE,True,0.42857142857142855,200.0,220.0
predictions_frozen_RE2_P2_prosp.json,"DEVELOPMENT model P2 (tham so fit tren promo/recs), dong bang TRUOC khi mo tap khoa",P2,browsex1,browse,1.0,140.0,FEASIBLE,True,0.3333333333333333,200.0,220.0
predictions_frozen_RE2_P2_prosp.json,"DEVELOPMENT model P2 (tham so fit tren promo/recs), dong bang TRUOC khi mo tap khoa",P2,browsex1,browse,1.0,160.0,FEASIBLE,True,0.23809523809523808,200.0,220.0
predictions_frozen_RE2_P2_prosp.json,"DEVELOPMENT model P2 (tham so fit tren promo/recs), dong bang TRUOC khi mo tap khoa",P2,browsex1,browse,1.0,180.0,MARGINAL,True,0.14285714285714285,200.0,220.0
predictions_frozen_RE2_P2_prosp.json,"DEVELOPMENT model P2 (tham so fit tren promo/recs), dong bang TRUOC khi mo tap khoa",P2,browsex1,browse,1.0,220.0,INFEASIBLE,False,0.047619047619047616,200.0,220.0
predictions_frozen_RE2_P2_prosp.json,"DEVELOPMENT model P2 (tham so fit tren promo/recs), dong bang TRUOC khi mo tap khoa",P2,browsex1,browse,1.0,240.0,INFEASIBLE,False,0.14285714285714285,200.0,220.0
predictions_frozen_RE2_P2_prosp.json,"DEVELOPMENT model P2 (tham so fit tren promo/recs), dong bang TRUOC khi mo tap khoa",P2,browsex1,browse,1.0,260.0,INFEASIBLE,False,0.23809523809523808,200.0,220.0
predictions_frozen_RE2_P2_prosp.json,"DEVELOPMENT model P2 (tham so fit tren promo/recs), dong bang TRUOC khi mo tap khoa",P2,browsex1,browse,1.0,40.0,FEASIBLE,True,0.8095238095238095,200.0,220.0
predictions_frozen_RE2_P2_prosp.json,"DEVELOPMENT model P2 (tham so fit tren promo/recs), dong bang TRUOC khi mo tap khoa",P2,browsex1,browse,1.0,60.0,FEASIBLE,True,0.7142857142857143,200.0,220.0
predictions_frozen_RE2_P2_prosp.json,"DEVELOPMENT model P2 (tham so fit tren promo/recs), dong bang TRUOC khi mo tap khoa",P2,browsex1,browse,1.0,80.0,FEASIBLE,True,0.6190476190476191,200.0,220.0
predictions_frozen_RE2_P2_prosp.json,"DEVELOPMENT model P2 (tham so fit tren promo/recs), dong bang TRUOC khi mo tap khoa",P0,browsex2,browse,2.0,100.0,FEASIBLE,True,0.5238095238095238,200.0,220.0
predictions_frozen_RE2_P2_prosp.json,"DEVELOPMENT model P2 (tham so fit tren promo/recs), dong bang TRUOC khi mo tap khoa",P0,browsex2,browse,2.0,120.0,FEASIBLE,True,0.42857142857142855,200.0,220.0
predictions_frozen_RE2_P2_prosp.json,"DEVELOPMENT model P2 (tham so fit tren promo/recs), dong bang TRUOC khi mo tap khoa",P0,browsex2,browse,2.0,140.0,FEASIBLE,True,0.3333333333333333,200.0,220.0
predictions_frozen_RE2_P2_prosp.json,"DEVELOPMENT model P2 (tham so fit tren promo/recs), dong bang TRUOC khi mo tap khoa",P0,browsex2,browse,2.0,160.0,MARGINAL,True,0.23809523809523808,200.0,220.0
predictions_frozen_RE2_P2_prosp.json,"DEVELOPMENT model P2 (tham so fit tren promo/recs), dong bang TRUOC khi mo tap khoa",P0,browsex2,browse,2.0,180.0,INFEASIBLE,True,0.14285714285714285,200.0,220.0
predictions_frozen_RE2_P2_prosp.json,"DEVELOPMENT model P2 (tham so fit tren promo/recs), dong bang TRUOC khi mo tap khoa",P0,browsex2,browse,2.0,220.0,INFEASIBLE,False,0.047619047619047616,200.0,220.0
predictions_frozen_RE2_P2_prosp.json,"DEVELOPMENT model P2 (tham so fit tren promo/recs), dong bang TRUOC khi mo tap khoa",P0,browsex2,browse,2.0,240.0,INFEASIBLE,False,0.14285714285714285,200.0,220.0
predictions_frozen_RE2_P2_prosp.json,"DEVELOPMENT model P2 (tham so fit tren promo/recs), dong bang TRUOC khi mo tap khoa",P0,browsex2,browse,2.0,260.0,INFEASIBLE,False,0.23809523809523808,200.0,220.0
predictions_frozen_RE2_P2_prosp.json,"DEVELOPMENT model P2 (tham so fit tren promo/recs), dong bang TRUOC khi mo tap khoa",P0,browsex2,browse,2.0,40.0,FEASIBLE,True,0.8095238095238095,200.0,220.0
predictions_frozen_RE2_P2_prosp.json,"DEVELOPMENT model P2 (tham so fit tren promo/recs), dong bang TRUOC khi mo tap khoa",P0,browsex2,browse,2.0,60.0,FEASIBLE,True,0.7142857142857143,200.0,220.0
predictions_frozen_RE2_P2_prosp.json,"DEVELOPMENT model P2 (tham so fit tren promo/recs), dong bang TRUOC khi mo tap khoa",P0,browsex2,browse,2.0,80.0,FEASIBLE,True,0.6190476190476191,200.0,220.0
predictions_frozen_RE2_P2_prosp.json,"DEVELOPMENT model P2 (tham so fit tren promo/recs), dong bang TRUOC khi mo tap khoa",P1,browsex2,browse,2.0,100.0,FEASIBLE,True,0.5238095238095238,200.0,220.0
predictions_frozen_RE2_P2_prosp.json,"DEVELOPMENT model P2 (tham so fit tren promo/recs), dong bang TRUOC khi mo tap khoa",P1,browsex2,browse,2.0,120.0,FEASIBLE,True,0.42857142857142855,200.0,220.0
predictions_frozen_RE2_P2_prosp.json,"DEVELOPMENT model P2 (tham so fit tren promo/recs), dong bang TRUOC khi mo tap khoa",P1,browsex2,browse,2.0,140.0,FEASIBLE,True,0.3333333333333333,200.0,220.0
predictions_frozen_RE2_P2_prosp.json,"DEVELOPMENT model P2 (tham so fit tren promo/recs), dong bang TRUOC khi mo tap khoa",P1,browsex2,browse,2.0,160.0,MARGINAL,True,0.23809523809523808,200.0,220.0
predictions_frozen_RE2_P2_prosp.json,"DEVELOPMENT model P2 (tham so fit tren promo/recs), dong bang TRUOC khi mo tap khoa",P1,browsex2,browse,2.0,180.0,INFEASIBLE,True,0.14285714285714285,200.0,220.0
predictions_frozen_RE2_P2_prosp.json,"DEVELOPMENT model P2 (tham so fit tren promo/recs), dong bang TRUOC khi mo tap khoa",P1,browsex2,browse,2.0,220.0,INFEASIBLE,False,0.047619047619047616,200.0,220.0
predictions_frozen_RE2_P2_prosp.json,"DEVELOPMENT model P2 (tham so fit tren promo/recs), dong bang TRUOC khi mo tap khoa",P1,browsex2,browse,2.0,240.0,INFEASIBLE,False,0.14285714285714285,200.0,220.0
predictions_frozen_RE2_P2_prosp.json,"DEVELOPMENT model P2 (tham so fit tren promo/recs), dong bang TRUOC khi mo tap khoa",P1,browsex2,browse,2.0,260.0,INFEASIBLE,False,0.23809523809523808,200.0,220.0
predictions_frozen_RE2_P2_prosp.json,"DEVELOPMENT model P2 (tham so fit tren promo/recs), dong bang TRUOC khi mo tap khoa",P1,browsex2,browse,2.0,40.0,FEASIBLE,True,0.8095238095238095,200.0,220.0
predictions_frozen_RE2_P2_prosp.json,"DEVELOPMENT model P2 (tham so fit tren promo/recs), dong bang TRUOC khi mo tap khoa",P1,browsex2,browse,2.0,60.0,FEASIBLE,True,0.7142857142857143,200.0,220.0
predictions_frozen_RE2_P2_prosp.json,"DEVELOPMENT model P2 (tham so fit tren promo/recs), dong bang TRUOC khi mo tap khoa",P1,browsex2,browse,2.0,80.0,FEASIBLE,True,0.6190476190476191,200.0,220.0
predictions_frozen_RE2_P2_prosp.json,"DEVELOPMENT model P2 (tham so fit tren promo/recs), dong bang TRUOC khi mo tap khoa",P1_ctrl,browsex2,browse,2.0,100.0,FEASIBLE,True,0.5238095238095238,200.0,220.0
predictions_frozen_RE2_P2_prosp.json,"DEVELOPMENT model P2 (tham so fit tren promo/recs), dong bang TRUOC khi mo tap khoa",P1_ctrl,browsex2,browse,2.0,120.0,FEASIBLE,True,0.42857142857142855,200.0,220.0
predictions_frozen_RE2_P2_prosp.json,"DEVELOPMENT model P2 (tham so fit tren promo/recs), dong bang TRUOC khi mo tap khoa",P1_ctrl,browsex2,browse,2.0,140.0,FEASIBLE,True,0.3333333333333333,200.0,220.0
predictions_frozen_RE2_P2_prosp.json,"DEVELOPMENT model P2 (tham so fit tren promo/recs), dong bang TRUOC khi mo tap khoa",P1_ctrl,browsex2,browse,2.0,160.0,MARGINAL,True,0.23809523809523808,200.0,220.0
predictions_frozen_RE2_P2_prosp.json,"DEVELOPMENT model P2 (tham so fit tren promo/recs), dong bang TRUOC khi mo tap khoa",P1_ctrl,browsex2,browse,2.0,180.0,INFEASIBLE,True,0.14285714285714285,200.0,220.0
predictions_frozen_RE2_P2_prosp.json,"DEVELOPMENT model P2 (tham so fit tren promo/recs), dong bang TRUOC khi mo tap khoa",P1_ctrl,browsex2,browse,2.0,220.0,INFEASIBLE,False,0.047619047619047616,200.0,220.0
predictions_frozen_RE2_P2_prosp.json,"DEVELOPMENT model P2 (tham so fit tren promo/recs), dong bang TRUOC khi mo tap khoa",P1_ctrl,browsex2,browse,2.0,240.0,INFEASIBLE,False,0.14285714285714285,200.0,220.0
predictions_frozen_RE2_P2_prosp.json,"DEVELOPMENT model P2 (tham so fit tren promo/recs), dong bang TRUOC khi mo tap khoa",P1_ctrl,browsex2,browse,2.0,260.0,INFEASIBLE,False,0.23809523809523808,200.0,220.0
predictions_frozen_RE2_P2_prosp.json,"DEVELOPMENT model P2 (tham so fit tren promo/recs), dong bang TRUOC khi mo tap khoa",P1_ctrl,browsex2,browse,2.0,40.0,FEASIBLE,True,0.8095238095238095,200.0,220.0
predictions_frozen_RE2_P2_prosp.json,"DEVELOPMENT model P2 (tham so fit tren promo/recs), dong bang TRUOC khi mo tap khoa",P1_ctrl,browsex2,browse,2.0,60.0,FEASIBLE,True,0.7142857142857143,200.0,220.0
predictions_frozen_RE2_P2_prosp.json,"DEVELOPMENT model P2 (tham so fit tren promo/recs), dong bang TRUOC khi mo tap khoa",P1_ctrl,browsex2,browse,2.0,80.0,FEASIBLE,True,0.6190476190476191,200.0,220.0
predictions_frozen_RE2_P2_prosp.json,"DEVELOPMENT model P2 (tham so fit tren promo/recs), dong bang TRUOC khi mo tap khoa",P2,browsex2,browse,2.0,100.0,FEASIBLE,True,0.5238095238095238,200.0,220.0
predictions_frozen_RE2_P2_prosp.json,"DEVELOPMENT model P2 (tham so fit tren promo/recs), dong bang TRUOC khi mo tap khoa",P2,browsex2,browse,2.0,120.0,FEASIBLE,True,0.42857142857142855,200.0,220.0
predictions_frozen_RE2_P2_prosp.json,"DEVELOPMENT model P2 (tham so fit tren promo/recs), dong bang TRUOC khi mo tap khoa",P2,browsex2,browse,2.0,140.0,FEASIBLE,True,0.3333333333333333,200.0,220.0
predictions_frozen_RE2_P2_prosp.json,"DEVELOPMENT model P2 (tham so fit tren promo/recs), dong bang TRUOC khi mo tap khoa",P2,browsex2,browse,2.0,160.0,MARGINAL,True,0.23809523809523808,200.0,220.0
predictions_frozen_RE2_P2_prosp.json,"DEVELOPMENT model P2 (tham so fit tren promo/recs), dong bang TRUOC khi mo tap khoa",P2,browsex2,browse,2.0,180.0,INFEASIBLE,True,0.14285714285714285,200.0,220.0
predictions_frozen_RE2_P2_prosp.json,"DEVELOPMENT model P2 (tham so fit tren promo/recs), dong bang TRUOC khi mo tap khoa",P2,browsex2,browse,2.0,220.0,INFEASIBLE,False,0.047619047619047616,200.0,220.0
predictions_frozen_RE2_P2_prosp.json,"DEVELOPMENT model P2 (tham so fit tren promo/recs), dong bang TRUOC khi mo tap khoa",P2,browsex2,browse,2.0,240.0,INFEASIBLE,False,0.14285714285714285,200.0,220.0
predictions_frozen_RE2_P2_prosp.json,"DEVELOPMENT model P2 (tham so fit tren promo/recs), dong bang TRUOC khi mo tap khoa",P2,browsex2,browse,2.0,260.0,INFEASIBLE,False,0.23809523809523808,200.0,220.0
predictions_frozen_RE2_P2_prosp.json,"DEVELOPMENT model P2 (tham so fit tren promo/recs), dong bang TRUOC khi mo tap khoa",P2,browsex2,browse,2.0,40.0,FEASIBLE,True,0.8095238095238095,200.0,220.0
predictions_frozen_RE2_P2_prosp.json,"DEVELOPMENT model P2 (tham so fit tren promo/recs), dong bang TRUOC khi mo tap khoa",P2,browsex2,browse,2.0,60.0,FEASIBLE,True,0.7142857142857143,200.0,220.0
predictions_frozen_RE2_P2_prosp.json,"DEVELOPMENT model P2 (tham so fit tren promo/recs), dong bang TRUOC khi mo tap khoa",P2,browsex2,browse,2.0,80.0,FEASIBLE,True,0.6190476190476191,200.0,220.0
predictions_frozen_RE2_P2_prosp2.json,"DEVELOPMENT model P2 (tham so fit tren promo/recs), dong bang TRUOC khi mo tap khoa",P0,loginx1,login,1.0,100.0,FEASIBLE,True,0.42857142857142855,155.0,195.0
predictions_frozen_RE2_P2_prosp2.json,"DEVELOPMENT model P2 (tham so fit tren promo/recs), dong bang TRUOC khi mo tap khoa",P0,loginx1,login,1.0,120.0,FEASIBLE,True,0.3142857142857143,155.0,195.0
predictions_frozen_RE2_P2_prosp2.json,"DEVELOPMENT model P2 (tham so fit tren promo/recs), dong bang TRUOC khi mo tap khoa",P0,loginx1,login,1.0,140.0,FEASIBLE,True,0.2,155.0,195.0
predictions_frozen_RE2_P2_prosp2.json,"DEVELOPMENT model P2 (tham so fit tren promo/recs), dong bang TRUOC khi mo tap khoa",P0,loginx1,login,1.0,200.0,INFEASIBLE,False,0.14285714285714285,155.0,195.0
predictions_frozen_RE2_P2_prosp2.json,"DEVELOPMENT model P2 (tham so fit tren promo/recs), dong bang TRUOC khi mo tap khoa",P0,loginx1,login,1.0,220.0,INFEASIBLE,False,0.2571428571428571,155.0,195.0
predictions_frozen_RE2_P2_prosp2.json,"DEVELOPMENT model P2 (tham so fit tren promo/recs), dong bang TRUOC khi mo tap khoa",P0,loginx1,login,1.0,240.0,INFEASIBLE,False,0.37142857142857144,155.0,195.0
predictions_frozen_RE2_P2_prosp2.json,"DEVELOPMENT model P2 (tham so fit tren promo/recs), dong bang TRUOC khi mo tap khoa",P0,loginx1,login,1.0,260.0,INFEASIBLE,False,0.4857142857142857,155.0,195.0
predictions_frozen_RE2_P2_prosp2.json,"DEVELOPMENT model P2 (tham so fit tren promo/recs), dong bang TRUOC khi mo tap khoa",P0,loginx1,login,1.0,40.0,FEASIBLE,True,0.7714285714285715,155.0,195.0
predictions_frozen_RE2_P2_prosp2.json,"DEVELOPMENT model P2 (tham so fit tren promo/recs), dong bang TRUOC khi mo tap khoa",P0,loginx1,login,1.0,60.0,FEASIBLE,True,0.6571428571428571,155.0,195.0
predictions_frozen_RE2_P2_prosp2.json,"DEVELOPMENT model P2 (tham so fit tren promo/recs), dong bang TRUOC khi mo tap khoa",P0,loginx1,login,1.0,80.0,FEASIBLE,True,0.5428571428571428,155.0,195.0
predictions_frozen_RE2_P2_prosp2.json,"DEVELOPMENT model P2 (tham so fit tren promo/recs), dong bang TRUOC khi mo tap khoa",P1,loginx1,login,1.0,100.0,FEASIBLE,True,0.42857142857142855,155.0,195.0
predictions_frozen_RE2_P2_prosp2.json,"DEVELOPMENT model P2 (tham so fit tren promo/recs), dong bang TRUOC khi mo tap khoa",P1,loginx1,login,1.0,120.0,FEASIBLE,True,0.3142857142857143,155.0,195.0
predictions_frozen_RE2_P2_prosp2.json,"DEVELOPMENT model P2 (tham so fit tren promo/recs), dong bang TRUOC khi mo tap khoa",P1,loginx1,login,1.0,140.0,FEASIBLE,True,0.2,155.0,195.0
predictions_frozen_RE2_P2_prosp2.json,"DEVELOPMENT model P2 (tham so fit tren promo/recs), dong bang TRUOC khi mo tap khoa",P1,loginx1,login,1.0,200.0,INFEASIBLE,False,0.14285714285714285,155.0,195.0
predictions_frozen_RE2_P2_prosp2.json,"DEVELOPMENT model P2 (tham so fit tren promo/recs), dong bang TRUOC khi mo tap khoa",P1,loginx1,login,1.0,220.0,INFEASIBLE,False,0.2571428571428571,155.0,195.0
predictions_frozen_RE2_P2_prosp2.json,"DEVELOPMENT model P2 (tham so fit tren promo/recs), dong bang TRUOC khi mo tap khoa",P1,loginx1,login,1.0,240.0,INFEASIBLE,False,0.37142857142857144,155.0,195.0
predictions_frozen_RE2_P2_prosp2.json,"DEVELOPMENT model P2 (tham so fit tren promo/recs), dong bang TRUOC khi mo tap khoa",P1,loginx1,login,1.0,260.0,INFEASIBLE,False,0.4857142857142857,155.0,195.0
predictions_frozen_RE2_P2_prosp2.json,"DEVELOPMENT model P2 (tham so fit tren promo/recs), dong bang TRUOC khi mo tap khoa",P1,loginx1,login,1.0,40.0,FEASIBLE,True,0.7714285714285715,155.0,195.0
predictions_frozen_RE2_P2_prosp2.json,"DEVELOPMENT model P2 (tham so fit tren promo/recs), dong bang TRUOC khi mo tap khoa",P1,loginx1,login,1.0,60.0,FEASIBLE,True,0.6571428571428571,155.0,195.0
predictions_frozen_RE2_P2_prosp2.json,"DEVELOPMENT model P2 (tham so fit tren promo/recs), dong bang TRUOC khi mo tap khoa",P1,loginx1,login,1.0,80.0,FEASIBLE,True,0.5428571428571428,155.0,195.0
predictions_frozen_RE2_P2_prosp2.json,"DEVELOPMENT model P2 (tham so fit tren promo/recs), dong bang TRUOC khi mo tap khoa",P1_ctrl,loginx1,login,1.0,100.0,FEASIBLE,True,0.42857142857142855,155.0,195.0
predictions_frozen_RE2_P2_prosp2.json,"DEVELOPMENT model P2 (tham so fit tren promo/recs), dong bang TRUOC khi mo tap khoa",P1_ctrl,loginx1,login,1.0,120.0,FEASIBLE,True,0.3142857142857143,155.0,195.0
predictions_frozen_RE2_P2_prosp2.json,"DEVELOPMENT model P2 (tham so fit tren promo/recs), dong bang TRUOC khi mo tap khoa",P1_ctrl,loginx1,login,1.0,140.0,FEASIBLE,True,0.2,155.0,195.0
predictions_frozen_RE2_P2_prosp2.json,"DEVELOPMENT model P2 (tham so fit tren promo/recs), dong bang TRUOC khi mo tap khoa",P1_ctrl,loginx1,login,1.0,200.0,INFEASIBLE,False,0.14285714285714285,155.0,195.0
predictions_frozen_RE2_P2_prosp2.json,"DEVELOPMENT model P2 (tham so fit tren promo/recs), dong bang TRUOC khi mo tap khoa",P1_ctrl,loginx1,login,1.0,220.0,INFEASIBLE,False,0.2571428571428571,155.0,195.0
predictions_frozen_RE2_P2_prosp2.json,"DEVELOPMENT model P2 (tham so fit tren promo/recs), dong bang TRUOC khi mo tap khoa",P1_ctrl,loginx1,login,1.0,240.0,INFEASIBLE,False,0.37142857142857144,155.0,195.0
predictions_frozen_RE2_P2_prosp2.json,"DEVELOPMENT model P2 (tham so fit tren promo/recs), dong bang TRUOC khi mo tap khoa",P1_ctrl,loginx1,login,1.0,260.0,INFEASIBLE,False,0.4857142857142857,155.0,195.0
predictions_frozen_RE2_P2_prosp2.json,"DEVELOPMENT model P2 (tham so fit tren promo/recs), dong bang TRUOC khi mo tap khoa",P1_ctrl,loginx1,login,1.0,40.0,FEASIBLE,True,0.7714285714285715,155.0,195.0
predictions_frozen_RE2_P2_prosp2.json,"DEVELOPMENT model P2 (tham so fit tren promo/recs), dong bang TRUOC khi mo tap khoa",P1_ctrl,loginx1,login,1.0,60.0,FEASIBLE,True,0.6571428571428571,155.0,195.0
predictions_frozen_RE2_P2_prosp2.json,"DEVELOPMENT model P2 (tham so fit tren promo/recs), dong bang TRUOC khi mo tap khoa",P1_ctrl,loginx1,login,1.0,80.0,FEASIBLE,True,0.5428571428571428,155.0,195.0
predictions_frozen_RE2_P2_prosp2.json,"DEVELOPMENT model P2 (tham so fit tren promo/recs), dong bang TRUOC khi mo tap khoa",P2,loginx1,login,1.0,100.0,FEASIBLE,True,0.42857142857142855,155.0,195.0
predictions_frozen_RE2_P2_prosp2.json,"DEVELOPMENT model P2 (tham so fit tren promo/recs), dong bang TRUOC khi mo tap khoa",P2,loginx1,login,1.0,120.0,FEASIBLE,True,0.3142857142857143,155.0,195.0
predictions_frozen_RE2_P2_prosp2.json,"DEVELOPMENT model P2 (tham so fit tren promo/recs), dong bang TRUOC khi mo tap khoa",P2,loginx1,login,1.0,140.0,FEASIBLE,True,0.2,155.0,195.0
predictions_frozen_RE2_P2_prosp2.json,"DEVELOPMENT model P2 (tham so fit tren promo/recs), dong bang TRUOC khi mo tap khoa",P2,loginx1,login,1.0,200.0,INFEASIBLE,False,0.14285714285714285,155.0,195.0
predictions_frozen_RE2_P2_prosp2.json,"DEVELOPMENT model P2 (tham so fit tren promo/recs), dong bang TRUOC khi mo tap khoa",P2,loginx1,login,1.0,220.0,INFEASIBLE,False,0.2571428571428571,155.0,195.0
predictions_frozen_RE2_P2_prosp2.json,"DEVELOPMENT model P2 (tham so fit tren promo/recs), dong bang TRUOC khi mo tap khoa",P2,loginx1,login,1.0,240.0,INFEASIBLE,False,0.37142857142857144,155.0,195.0
predictions_frozen_RE2_P2_prosp2.json,"DEVELOPMENT model P2 (tham so fit tren promo/recs), dong bang TRUOC khi mo tap khoa",P2,loginx1,login,1.0,260.0,INFEASIBLE,False,0.4857142857142857,155.0,195.0
predictions_frozen_RE2_P2_prosp2.json,"DEVELOPMENT model P2 (tham so fit tren promo/recs), dong bang TRUOC khi mo tap khoa",P2,loginx1,login,1.0,40.0,FEASIBLE,True,0.7714285714285715,155.0,195.0
predictions_frozen_RE2_P2_prosp2.json,"DEVELOPMENT model P2 (tham so fit tren promo/recs), dong bang TRUOC khi mo tap khoa",P2,loginx1,login,1.0,60.0,FEASIBLE,True,0.6571428571428571,155.0,195.0
predictions_frozen_RE2_P2_prosp2.json,"DEVELOPMENT model P2 (tham so fit tren promo/recs), dong bang TRUOC khi mo tap khoa",P2,loginx1,login,1.0,80.0,FEASIBLE,True,0.5428571428571428,155.0,195.0
predictions_frozen_RE2_P2_prosp2.json,"DEVELOPMENT model P2 (tham so fit tren promo/recs), dong bang TRUOC khi mo tap khoa",P0,loginx2,login,2.0,100.0,FEASIBLE,True,0.2857142857142857,125.0,155.0
predictions_frozen_RE2_P2_prosp2.json,"DEVELOPMENT model P2 (tham so fit tren promo/recs), dong bang TRUOC khi mo tap khoa",P0,loginx2,login,2.0,120.0,FEASIBLE,True,0.14285714285714285,125.0,155.0
predictions_frozen_RE2_P2_prosp2.json,"DEVELOPMENT model P2 (tham so fit tren promo/recs), dong bang TRUOC khi mo tap khoa",P0,loginx2,login,2.0,160.0,MARGINAL,False,0.14285714285714285,125.0,155.0
predictions_frozen_RE2_P2_prosp2.json,"DEVELOPMENT model P2 (tham so fit tren promo/recs), dong bang TRUOC khi mo tap khoa",P0,loginx2,login,2.0,180.0,INFEASIBLE,False,0.2857142857142857,125.0,155.0
predictions_frozen_RE2_P2_prosp2.json,"DEVELOPMENT model P2 (tham so fit tren promo/recs), dong bang TRUOC khi mo tap khoa",P0,loginx2,login,2.0,200.0,INFEASIBLE,False,0.42857142857142855,125.0,155.0
predictions_frozen_RE2_P2_prosp2.json,"DEVELOPMENT model P2 (tham so fit tren promo/recs), dong bang TRUOC khi mo tap khoa",P0,loginx2,login,2.0,220.0,INFEASIBLE,False,0.5714285714285714,125.0,155.0
predictions_frozen_RE2_P2_prosp2.json,"DEVELOPMENT model P2 (tham so fit tren promo/recs), dong bang TRUOC khi mo tap khoa",P0,loginx2,login,2.0,240.0,INFEASIBLE,False,0.7142857142857143,125.0,155.0
predictions_frozen_RE2_P2_prosp2.json,"DEVELOPMENT model P2 (tham so fit tren promo/recs), dong bang TRUOC khi mo tap khoa",P0,loginx2,login,2.0,260.0,INFEASIBLE,False,0.8571428571428571,125.0,155.0
predictions_frozen_RE2_P2_prosp2.json,"DEVELOPMENT model P2 (tham so fit tren promo/recs), dong bang TRUOC khi mo tap khoa",P0,loginx2,login,2.0,40.0,FEASIBLE,True,0.7142857142857143,125.0,155.0
predictions_frozen_RE2_P2_prosp2.json,"DEVELOPMENT model P2 (tham so fit tren promo/recs), dong bang TRUOC khi mo tap khoa",P0,loginx2,login,2.0,60.0,FEASIBLE,True,0.5714285714285714,125.0,155.0
predictions_frozen_RE2_P2_prosp2.json,"DEVELOPMENT model P2 (tham so fit tren promo/recs), dong bang TRUOC khi mo tap khoa",P0,loginx2,login,2.0,80.0,FEASIBLE,True,0.42857142857142855,125.0,155.0
predictions_frozen_RE2_P2_prosp2.json,"DEVELOPMENT model P2 (tham so fit tren promo/recs), dong bang TRUOC khi mo tap khoa",P1,loginx2,login,2.0,100.0,FEASIBLE,True,0.2857142857142857,125.0,155.0
predictions_frozen_RE2_P2_prosp2.json,"DEVELOPMENT model P2 (tham so fit tren promo/recs), dong bang TRUOC khi mo tap khoa",P1,loginx2,login,2.0,120.0,FEASIBLE,True,0.14285714285714285,125.0,155.0
predictions_frozen_RE2_P2_prosp2.json,"DEVELOPMENT model P2 (tham so fit tren promo/recs), dong bang TRUOC khi mo tap khoa",P1,loginx2,login,2.0,160.0,MARGINAL,False,0.14285714285714285,125.0,155.0
predictions_frozen_RE2_P2_prosp2.json,"DEVELOPMENT model P2 (tham so fit tren promo/recs), dong bang TRUOC khi mo tap khoa",P1,loginx2,login,2.0,180.0,INFEASIBLE,False,0.2857142857142857,125.0,155.0
predictions_frozen_RE2_P2_prosp2.json,"DEVELOPMENT model P2 (tham so fit tren promo/recs), dong bang TRUOC khi mo tap khoa",P1,loginx2,login,2.0,200.0,INFEASIBLE,False,0.42857142857142855,125.0,155.0
predictions_frozen_RE2_P2_prosp2.json,"DEVELOPMENT model P2 (tham so fit tren promo/recs), dong bang TRUOC khi mo tap khoa",P1,loginx2,login,2.0,220.0,INFEASIBLE,False,0.5714285714285714,125.0,155.0
predictions_frozen_RE2_P2_prosp2.json,"DEVELOPMENT model P2 (tham so fit tren promo/recs), dong bang TRUOC khi mo tap khoa",P1,loginx2,login,2.0,240.0,INFEASIBLE,False,0.7142857142857143,125.0,155.0
predictions_frozen_RE2_P2_prosp2.json,"DEVELOPMENT model P2 (tham so fit tren promo/recs), dong bang TRUOC khi mo tap khoa",P1,loginx2,login,2.0,260.0,INFEASIBLE,False,0.8571428571428571,125.0,155.0
predictions_frozen_RE2_P2_prosp2.json,"DEVELOPMENT model P2 (tham so fit tren promo/recs), dong bang TRUOC khi mo tap khoa",P1,loginx2,login,2.0,40.0,FEASIBLE,True,0.7142857142857143,125.0,155.0
predictions_frozen_RE2_P2_prosp2.json,"DEVELOPMENT model P2 (tham so fit tren promo/recs), dong bang TRUOC khi mo tap khoa",P1,loginx2,login,2.0,60.0,FEASIBLE,True,0.5714285714285714,125.0,155.0
predictions_frozen_RE2_P2_prosp2.json,"DEVELOPMENT model P2 (tham so fit tren promo/recs), dong bang TRUOC khi mo tap khoa",P1,loginx2,login,2.0,80.0,FEASIBLE,True,0.42857142857142855,125.0,155.0
predictions_frozen_RE2_P2_prosp2.json,"DEVELOPMENT model P2 (tham so fit tren promo/recs), dong bang TRUOC khi mo tap khoa",P1_ctrl,loginx2,login,2.0,100.0,FEASIBLE,True,0.2857142857142857,125.0,155.0
predictions_frozen_RE2_P2_prosp2.json,"DEVELOPMENT model P2 (tham so fit tren promo/recs), dong bang TRUOC khi mo tap khoa",P1_ctrl,loginx2,login,2.0,120.0,FEASIBLE,True,0.14285714285714285,125.0,155.0
predictions_frozen_RE2_P2_prosp2.json,"DEVELOPMENT model P2 (tham so fit tren promo/recs), dong bang TRUOC khi mo tap khoa",P1_ctrl,loginx2,login,2.0,160.0,MARGINAL,False,0.14285714285714285,125.0,155.0
predictions_frozen_RE2_P2_prosp2.json,"DEVELOPMENT model P2 (tham so fit tren promo/recs), dong bang TRUOC khi mo tap khoa",P1_ctrl,loginx2,login,2.0,180.0,INFEASIBLE,False,0.2857142857142857,125.0,155.0
predictions_frozen_RE2_P2_prosp2.json,"DEVELOPMENT model P2 (tham so fit tren promo/recs), dong bang TRUOC khi mo tap khoa",P1_ctrl,loginx2,login,2.0,200.0,INFEASIBLE,False,0.42857142857142855,125.0,155.0
predictions_frozen_RE2_P2_prosp2.json,"DEVELOPMENT model P2 (tham so fit tren promo/recs), dong bang TRUOC khi mo tap khoa",P1_ctrl,loginx2,login,2.0,220.0,INFEASIBLE,False,0.5714285714285714,125.0,155.0
predictions_frozen_RE2_P2_prosp2.json,"DEVELOPMENT model P2 (tham so fit tren promo/recs), dong bang TRUOC khi mo tap khoa",P1_ctrl,loginx2,login,2.0,240.0,INFEASIBLE,False,0.7142857142857143,125.0,155.0
predictions_frozen_RE2_P2_prosp2.json,"DEVELOPMENT model P2 (tham so fit tren promo/recs), dong bang TRUOC khi mo tap khoa",P1_ctrl,loginx2,login,2.0,260.0,INFEASIBLE,False,0.8571428571428571,125.0,155.0
predictions_frozen_RE2_P2_prosp2.json,"DEVELOPMENT model P2 (tham so fit tren promo/recs), dong bang TRUOC khi mo tap khoa",P1_ctrl,loginx2,login,2.0,40.0,FEASIBLE,True,0.7142857142857143,125.0,155.0
predictions_frozen_RE2_P2_prosp2.json,"DEVELOPMENT model P2 (tham so fit tren promo/recs), dong bang TRUOC khi mo tap khoa",P1_ctrl,loginx2,login,2.0,60.0,FEASIBLE,True,0.5714285714285714,125.0,155.0
predictions_frozen_RE2_P2_prosp2.json,"DEVELOPMENT model P2 (tham so fit tren promo/recs), dong bang TRUOC khi mo tap khoa",P1_ctrl,loginx2,login,2.0,80.0,FEASIBLE,True,0.42857142857142855,125.0,155.0
predictions_frozen_RE2_P2_prosp2.json,"DEVELOPMENT model P2 (tham so fit tren promo/recs), dong bang TRUOC khi mo tap khoa",P2,loginx2,login,2.0,100.0,FEASIBLE,True,0.2857142857142857,125.0,155.0
predictions_frozen_RE2_P2_prosp2.json,"DEVELOPMENT model P2 (tham so fit tren promo/recs), dong bang TRUOC khi mo tap khoa",P2,loginx2,login,2.0,120.0,FEASIBLE,True,0.14285714285714285,125.0,155.0
predictions_frozen_RE2_P2_prosp2.json,"DEVELOPMENT model P2 (tham so fit tren promo/recs), dong bang TRUOC khi mo tap khoa",P2,loginx2,login,2.0,160.0,MARGINAL,False,0.14285714285714285,125.0,155.0
predictions_frozen_RE2_P2_prosp2.json,"DEVELOPMENT model P2 (tham so fit tren promo/recs), dong bang TRUOC khi mo tap khoa",P2,loginx2,login,2.0,180.0,INFEASIBLE,False,0.2857142857142857,125.0,155.0
predictions_frozen_RE2_P2_prosp2.json,"DEVELOPMENT model P2 (tham so fit tren promo/recs), dong bang TRUOC khi mo tap khoa",P2,loginx2,login,2.0,200.0,INFEASIBLE,False,0.42857142857142855,125.0,155.0
predictions_frozen_RE2_P2_prosp2.json,"DEVELOPMENT model P2 (tham so fit tren promo/recs), dong bang TRUOC khi mo tap khoa",P2,loginx2,login,2.0,220.0,INFEASIBLE,False,0.5714285714285714,125.0,155.0
predictions_frozen_RE2_P2_prosp2.json,"DEVELOPMENT model P2 (tham so fit tren promo/recs), dong bang TRUOC khi mo tap khoa",P2,loginx2,login,2.0,240.0,INFEASIBLE,False,0.7142857142857143,125.0,155.0
predictions_frozen_RE2_P2_prosp2.json,"DEVELOPMENT model P2 (tham so fit tren promo/recs), dong bang TRUOC khi mo tap khoa",P2,loginx2,login,2.0,260.0,INFEASIBLE,False,0.8571428571428571,125.0,155.0
predictions_frozen_RE2_P2_prosp2.json,"DEVELOPMENT model P2 (tham so fit tren promo/recs), dong bang TRUOC khi mo tap khoa",P2,loginx2,login,2.0,40.0,FEASIBLE,True,0.7142857142857143,125.0,155.0
predictions_frozen_RE2_P2_prosp2.json,"DEVELOPMENT model P2 (tham so fit tren promo/recs), dong bang TRUOC khi mo tap khoa",P2,loginx2,login,2.0,60.0,FEASIBLE,True,0.5714285714285714,125.0,155.0
predictions_frozen_RE2_P2_prosp2.json,"DEVELOPMENT model P2 (tham so fit tren promo/recs), dong bang TRUOC khi mo tap khoa",P2,loginx2,login,2.0,80.0,FEASIBLE,True,0.42857142857142855,125.0,155.0
predictions_frozen_RE2_P2_prosp2.json,"DEVELOPMENT model P2 (tham so fit tren promo/recs), dong bang TRUOC khi mo tap khoa",P0,registerx1,register,1.0,100.0,FEASIBLE,True,0.42857142857142855,155.0,195.0
predictions_frozen_RE2_P2_prosp2.json,"DEVELOPMENT model P2 (tham so fit tren promo/recs), dong bang TRUOC khi mo tap khoa",P0,registerx1,register,1.0,120.0,FEASIBLE,True,0.3142857142857143,155.0,195.0
predictions_frozen_RE2_P2_prosp2.json,"DEVELOPMENT model P2 (tham so fit tren promo/recs), dong bang TRUOC khi mo tap khoa",P0,registerx1,register,1.0,140.0,FEASIBLE,True,0.2,155.0,195.0
predictions_frozen_RE2_P2_prosp2.json,"DEVELOPMENT model P2 (tham so fit tren promo/recs), dong bang TRUOC khi mo tap khoa",P0,registerx1,register,1.0,200.0,INFEASIBLE,False,0.14285714285714285,155.0,195.0
predictions_frozen_RE2_P2_prosp2.json,"DEVELOPMENT model P2 (tham so fit tren promo/recs), dong bang TRUOC khi mo tap khoa",P0,registerx1,register,1.0,220.0,INFEASIBLE,False,0.2571428571428571,155.0,195.0
predictions_frozen_RE2_P2_prosp2.json,"DEVELOPMENT model P2 (tham so fit tren promo/recs), dong bang TRUOC khi mo tap khoa",P0,registerx1,register,1.0,240.0,INFEASIBLE,False,0.37142857142857144,155.0,195.0
predictions_frozen_RE2_P2_prosp2.json,"DEVELOPMENT model P2 (tham so fit tren promo/recs), dong bang TRUOC khi mo tap khoa",P0,registerx1,register,1.0,260.0,INFEASIBLE,False,0.4857142857142857,155.0,195.0
predictions_frozen_RE2_P2_prosp2.json,"DEVELOPMENT model P2 (tham so fit tren promo/recs), dong bang TRUOC khi mo tap khoa",P0,registerx1,register,1.0,40.0,FEASIBLE,True,0.7714285714285715,155.0,195.0
predictions_frozen_RE2_P2_prosp2.json,"DEVELOPMENT model P2 (tham so fit tren promo/recs), dong bang TRUOC khi mo tap khoa",P0,registerx1,register,1.0,60.0,FEASIBLE,True,0.6571428571428571,155.0,195.0
predictions_frozen_RE2_P2_prosp2.json,"DEVELOPMENT model P2 (tham so fit tren promo/recs), dong bang TRUOC khi mo tap khoa",P0,registerx1,register,1.0,80.0,FEASIBLE,True,0.5428571428571428,155.0,195.0
predictions_frozen_RE2_P2_prosp2.json,"DEVELOPMENT model P2 (tham so fit tren promo/recs), dong bang TRUOC khi mo tap khoa",P1,registerx1,register,1.0,100.0,FEASIBLE,True,0.42857142857142855,155.0,195.0
predictions_frozen_RE2_P2_prosp2.json,"DEVELOPMENT model P2 (tham so fit tren promo/recs), dong bang TRUOC khi mo tap khoa",P1,registerx1,register,1.0,120.0,FEASIBLE,True,0.3142857142857143,155.0,195.0
predictions_frozen_RE2_P2_prosp2.json,"DEVELOPMENT model P2 (tham so fit tren promo/recs), dong bang TRUOC khi mo tap khoa",P1,registerx1,register,1.0,140.0,FEASIBLE,True,0.2,155.0,195.0
predictions_frozen_RE2_P2_prosp2.json,"DEVELOPMENT model P2 (tham so fit tren promo/recs), dong bang TRUOC khi mo tap khoa",P1,registerx1,register,1.0,200.0,INFEASIBLE,False,0.14285714285714285,155.0,195.0
predictions_frozen_RE2_P2_prosp2.json,"DEVELOPMENT model P2 (tham so fit tren promo/recs), dong bang TRUOC khi mo tap khoa",P1,registerx1,register,1.0,220.0,INFEASIBLE,False,0.2571428571428571,155.0,195.0
predictions_frozen_RE2_P2_prosp2.json,"DEVELOPMENT model P2 (tham so fit tren promo/recs), dong bang TRUOC khi mo tap khoa",P1,registerx1,register,1.0,240.0,INFEASIBLE,False,0.37142857142857144,155.0,195.0
predictions_frozen_RE2_P2_prosp2.json,"DEVELOPMENT model P2 (tham so fit tren promo/recs), dong bang TRUOC khi mo tap khoa",P1,registerx1,register,1.0,260.0,INFEASIBLE,False,0.4857142857142857,155.0,195.0
predictions_frozen_RE2_P2_prosp2.json,"DEVELOPMENT model P2 (tham so fit tren promo/recs), dong bang TRUOC khi mo tap khoa",P1,registerx1,register,1.0,40.0,FEASIBLE,True,0.7714285714285715,155.0,195.0
predictions_frozen_RE2_P2_prosp2.json,"DEVELOPMENT model P2 (tham so fit tren promo/recs), dong bang TRUOC khi mo tap khoa",P1,registerx1,register,1.0,60.0,FEASIBLE,True,0.6571428571428571,155.0,195.0
predictions_frozen_RE2_P2_prosp2.json,"DEVELOPMENT model P2 (tham so fit tren promo/recs), dong bang TRUOC khi mo tap khoa",P1,registerx1,register,1.0,80.0,FEASIBLE,True,0.5428571428571428,155.0,195.0
predictions_frozen_RE2_P2_prosp2.json,"DEVELOPMENT model P2 (tham so fit tren promo/recs), dong bang TRUOC khi mo tap khoa",P1_ctrl,registerx1,register,1.0,100.0,FEASIBLE,True,0.42857142857142855,155.0,195.0
predictions_frozen_RE2_P2_prosp2.json,"DEVELOPMENT model P2 (tham so fit tren promo/recs), dong bang TRUOC khi mo tap khoa",P1_ctrl,registerx1,register,1.0,120.0,FEASIBLE,True,0.3142857142857143,155.0,195.0
predictions_frozen_RE2_P2_prosp2.json,"DEVELOPMENT model P2 (tham so fit tren promo/recs), dong bang TRUOC khi mo tap khoa",P1_ctrl,registerx1,register,1.0,140.0,FEASIBLE,True,0.2,155.0,195.0
predictions_frozen_RE2_P2_prosp2.json,"DEVELOPMENT model P2 (tham so fit tren promo/recs), dong bang TRUOC khi mo tap khoa",P1_ctrl,registerx1,register,1.0,200.0,INFEASIBLE,False,0.14285714285714285,155.0,195.0
predictions_frozen_RE2_P2_prosp2.json,"DEVELOPMENT model P2 (tham so fit tren promo/recs), dong bang TRUOC khi mo tap khoa",P1_ctrl,registerx1,register,1.0,220.0,INFEASIBLE,False,0.2571428571428571,155.0,195.0
predictions_frozen_RE2_P2_prosp2.json,"DEVELOPMENT model P2 (tham so fit tren promo/recs), dong bang TRUOC khi mo tap khoa",P1_ctrl,registerx1,register,1.0,240.0,INFEASIBLE,False,0.37142857142857144,155.0,195.0
predictions_frozen_RE2_P2_prosp2.json,"DEVELOPMENT model P2 (tham so fit tren promo/recs), dong bang TRUOC khi mo tap khoa",P1_ctrl,registerx1,register,1.0,260.0,INFEASIBLE,False,0.4857142857142857,155.0,195.0
predictions_frozen_RE2_P2_prosp2.json,"DEVELOPMENT model P2 (tham so fit tren promo/recs), dong bang TRUOC khi mo tap khoa",P1_ctrl,registerx1,register,1.0,40.0,FEASIBLE,True,0.7714285714285715,155.0,195.0
predictions_frozen_RE2_P2_prosp2.json,"DEVELOPMENT model P2 (tham so fit tren promo/recs), dong bang TRUOC khi mo tap khoa",P1_ctrl,registerx1,register,1.0,60.0,FEASIBLE,True,0.6571428571428571,155.0,195.0
predictions_frozen_RE2_P2_prosp2.json,"DEVELOPMENT model P2 (tham so fit tren promo/recs), dong bang TRUOC khi mo tap khoa",P1_ctrl,registerx1,register,1.0,80.0,FEASIBLE,True,0.5428571428571428,155.0,195.0
predictions_frozen_RE2_P2_prosp2.json,"DEVELOPMENT model P2 (tham so fit tren promo/recs), dong bang TRUOC khi mo tap khoa",P2,registerx1,register,1.0,100.0,FEASIBLE,True,0.42857142857142855,155.0,195.0
predictions_frozen_RE2_P2_prosp2.json,"DEVELOPMENT model P2 (tham so fit tren promo/recs), dong bang TRUOC khi mo tap khoa",P2,registerx1,register,1.0,120.0,FEASIBLE,True,0.3142857142857143,155.0,195.0
predictions_frozen_RE2_P2_prosp2.json,"DEVELOPMENT model P2 (tham so fit tren promo/recs), dong bang TRUOC khi mo tap khoa",P2,registerx1,register,1.0,140.0,FEASIBLE,True,0.2,155.0,195.0
predictions_frozen_RE2_P2_prosp2.json,"DEVELOPMENT model P2 (tham so fit tren promo/recs), dong bang TRUOC khi mo tap khoa",P2,registerx1,register,1.0,200.0,INFEASIBLE,False,0.14285714285714285,155.0,195.0
predictions_frozen_RE2_P2_prosp2.json,"DEVELOPMENT model P2 (tham so fit tren promo/recs), dong bang TRUOC khi mo tap khoa",P2,registerx1,register,1.0,220.0,INFEASIBLE,False,0.2571428571428571,155.0,195.0
predictions_frozen_RE2_P2_prosp2.json,"DEVELOPMENT model P2 (tham so fit tren promo/recs), dong bang TRUOC khi mo tap khoa",P2,registerx1,register,1.0,240.0,INFEASIBLE,False,0.37142857142857144,155.0,195.0
predictions_frozen_RE2_P2_prosp2.json,"DEVELOPMENT model P2 (tham so fit tren promo/recs), dong bang TRUOC khi mo tap khoa",P2,registerx1,register,1.0,260.0,INFEASIBLE,False,0.4857142857142857,155.0,195.0
predictions_frozen_RE2_P2_prosp2.json,"DEVELOPMENT model P2 (tham so fit tren promo/recs), dong bang TRUOC khi mo tap khoa",P2,registerx1,register,1.0,40.0,FEASIBLE,True,0.7714285714285715,155.0,195.0
predictions_frozen_RE2_P2_prosp2.json,"DEVELOPMENT model P2 (tham so fit tren promo/recs), dong bang TRUOC khi mo tap khoa",P2,registerx1,register,1.0,60.0,FEASIBLE,True,0.6571428571428571,155.0,195.0
predictions_frozen_RE2_P2_prosp2.json,"DEVELOPMENT model P2 (tham so fit tren promo/recs), dong bang TRUOC khi mo tap khoa",P2,registerx1,register,1.0,80.0,FEASIBLE,True,0.5428571428571428,155.0,195.0
predictions_frozen_RE2_P2_prosp2.json,"DEVELOPMENT model P2 (tham so fit tren promo/recs), dong bang TRUOC khi mo tap khoa",P0,registerx2,register,2.0,100.0,FEASIBLE,True,0.2857142857142857,125.0,155.0
predictions_frozen_RE2_P2_prosp2.json,"DEVELOPMENT model P2 (tham so fit tren promo/recs), dong bang TRUOC khi mo tap khoa",P0,registerx2,register,2.0,120.0,FEASIBLE,True,0.14285714285714285,125.0,155.0
predictions_frozen_RE2_P2_prosp2.json,"DEVELOPMENT model P2 (tham so fit tren promo/recs), dong bang TRUOC khi mo tap khoa",P0,registerx2,register,2.0,160.0,MARGINAL,False,0.14285714285714285,125.0,155.0
predictions_frozen_RE2_P2_prosp2.json,"DEVELOPMENT model P2 (tham so fit tren promo/recs), dong bang TRUOC khi mo tap khoa",P0,registerx2,register,2.0,180.0,INFEASIBLE,False,0.2857142857142857,125.0,155.0
predictions_frozen_RE2_P2_prosp2.json,"DEVELOPMENT model P2 (tham so fit tren promo/recs), dong bang TRUOC khi mo tap khoa",P0,registerx2,register,2.0,200.0,INFEASIBLE,False,0.42857142857142855,125.0,155.0
predictions_frozen_RE2_P2_prosp2.json,"DEVELOPMENT model P2 (tham so fit tren promo/recs), dong bang TRUOC khi mo tap khoa",P0,registerx2,register,2.0,220.0,INFEASIBLE,False,0.5714285714285714,125.0,155.0
predictions_frozen_RE2_P2_prosp2.json,"DEVELOPMENT model P2 (tham so fit tren promo/recs), dong bang TRUOC khi mo tap khoa",P0,registerx2,register,2.0,240.0,INFEASIBLE,False,0.7142857142857143,125.0,155.0
predictions_frozen_RE2_P2_prosp2.json,"DEVELOPMENT model P2 (tham so fit tren promo/recs), dong bang TRUOC khi mo tap khoa",P0,registerx2,register,2.0,260.0,INFEASIBLE,False,0.8571428571428571,125.0,155.0
predictions_frozen_RE2_P2_prosp2.json,"DEVELOPMENT model P2 (tham so fit tren promo/recs), dong bang TRUOC khi mo tap khoa",P0,registerx2,register,2.0,40.0,FEASIBLE,True,0.7142857142857143,125.0,155.0
predictions_frozen_RE2_P2_prosp2.json,"DEVELOPMENT model P2 (tham so fit tren promo/recs), dong bang TRUOC khi mo tap khoa",P0,registerx2,register,2.0,60.0,FEASIBLE,True,0.5714285714285714,125.0,155.0
predictions_frozen_RE2_P2_prosp2.json,"DEVELOPMENT model P2 (tham so fit tren promo/recs), dong bang TRUOC khi mo tap khoa",P0,registerx2,register,2.0,80.0,FEASIBLE,True,0.42857142857142855,125.0,155.0
predictions_frozen_RE2_P2_prosp2.json,"DEVELOPMENT model P2 (tham so fit tren promo/recs), dong bang TRUOC khi mo tap khoa",P1,registerx2,register,2.0,100.0,FEASIBLE,True,0.2857142857142857,125.0,155.0
predictions_frozen_RE2_P2_prosp2.json,"DEVELOPMENT model P2 (tham so fit tren promo/recs), dong bang TRUOC khi mo tap khoa",P1,registerx2,register,2.0,120.0,FEASIBLE,True,0.14285714285714285,125.0,155.0
predictions_frozen_RE2_P2_prosp2.json,"DEVELOPMENT model P2 (tham so fit tren promo/recs), dong bang TRUOC khi mo tap khoa",P1,registerx2,register,2.0,160.0,MARGINAL,False,0.14285714285714285,125.0,155.0
predictions_frozen_RE2_P2_prosp2.json,"DEVELOPMENT model P2 (tham so fit tren promo/recs), dong bang TRUOC khi mo tap khoa",P1,registerx2,register,2.0,180.0,INFEASIBLE,False,0.2857142857142857,125.0,155.0
predictions_frozen_RE2_P2_prosp2.json,"DEVELOPMENT model P2 (tham so fit tren promo/recs), dong bang TRUOC khi mo tap khoa",P1,registerx2,register,2.0,200.0,INFEASIBLE,False,0.42857142857142855,125.0,155.0
predictions_frozen_RE2_P2_prosp2.json,"DEVELOPMENT model P2 (tham so fit tren promo/recs), dong bang TRUOC khi mo tap khoa",P1,registerx2,register,2.0,220.0,INFEASIBLE,False,0.5714285714285714,125.0,155.0
predictions_frozen_RE2_P2_prosp2.json,"DEVELOPMENT model P2 (tham so fit tren promo/recs), dong bang TRUOC khi mo tap khoa",P1,registerx2,register,2.0,240.0,INFEASIBLE,False,0.7142857142857143,125.0,155.0
predictions_frozen_RE2_P2_prosp2.json,"DEVELOPMENT model P2 (tham so fit tren promo/recs), dong bang TRUOC khi mo tap khoa",P1,registerx2,register,2.0,260.0,INFEASIBLE,False,0.8571428571428571,125.0,155.0
predictions_frozen_RE2_P2_prosp2.json,"DEVELOPMENT model P2 (tham so fit tren promo/recs), dong bang TRUOC khi mo tap khoa",P1,registerx2,register,2.0,40.0,FEASIBLE,True,0.7142857142857143,125.0,155.0
predictions_frozen_RE2_P2_prosp2.json,"DEVELOPMENT model P2 (tham so fit tren promo/recs), dong bang TRUOC khi mo tap khoa",P1,registerx2,register,2.0,60.0,FEASIBLE,True,0.5714285714285714,125.0,155.0
predictions_frozen_RE2_P2_prosp2.json,"DEVELOPMENT model P2 (tham so fit tren promo/recs), dong bang TRUOC khi mo tap khoa",P1,registerx2,register,2.0,80.0,FEASIBLE,True,0.42857142857142855,125.0,155.0
predictions_frozen_RE2_P2_prosp2.json,"DEVELOPMENT model P2 (tham so fit tren promo/recs), dong bang TRUOC khi mo tap khoa",P1_ctrl,registerx2,register,2.0,100.0,FEASIBLE,True,0.2857142857142857,125.0,155.0
predictions_frozen_RE2_P2_prosp2.json,"DEVELOPMENT model P2 (tham so fit tren promo/recs), dong bang TRUOC khi mo tap khoa",P1_ctrl,registerx2,register,2.0,120.0,FEASIBLE,True,0.14285714285714285,125.0,155.0
predictions_frozen_RE2_P2_prosp2.json,"DEVELOPMENT model P2 (tham so fit tren promo/recs), dong bang TRUOC khi mo tap khoa",P1_ctrl,registerx2,register,2.0,160.0,MARGINAL,False,0.14285714285714285,125.0,155.0
predictions_frozen_RE2_P2_prosp2.json,"DEVELOPMENT model P2 (tham so fit tren promo/recs), dong bang TRUOC khi mo tap khoa",P1_ctrl,registerx2,register,2.0,180.0,INFEASIBLE,False,0.2857142857142857,125.0,155.0
predictions_frozen_RE2_P2_prosp2.json,"DEVELOPMENT model P2 (tham so fit tren promo/recs), dong bang TRUOC khi mo tap khoa",P1_ctrl,registerx2,register,2.0,200.0,INFEASIBLE,False,0.42857142857142855,125.0,155.0
predictions_frozen_RE2_P2_prosp2.json,"DEVELOPMENT model P2 (tham so fit tren promo/recs), dong bang TRUOC khi mo tap khoa",P1_ctrl,registerx2,register,2.0,220.0,INFEASIBLE,False,0.5714285714285714,125.0,155.0
predictions_frozen_RE2_P2_prosp2.json,"DEVELOPMENT model P2 (tham so fit tren promo/recs), dong bang TRUOC khi mo tap khoa",P1_ctrl,registerx2,register,2.0,240.0,INFEASIBLE,False,0.7142857142857143,125.0,155.0
predictions_frozen_RE2_P2_prosp2.json,"DEVELOPMENT model P2 (tham so fit tren promo/recs), dong bang TRUOC khi mo tap khoa",P1_ctrl,registerx2,register,2.0,260.0,INFEASIBLE,False,0.8571428571428571,125.0,155.0
predictions_frozen_RE2_P2_prosp2.json,"DEVELOPMENT model P2 (tham so fit tren promo/recs), dong bang TRUOC khi mo tap khoa",P1_ctrl,registerx2,register,2.0,40.0,FEASIBLE,True,0.7142857142857143,125.0,155.0
predictions_frozen_RE2_P2_prosp2.json,"DEVELOPMENT model P2 (tham so fit tren promo/recs), dong bang TRUOC khi mo tap khoa",P1_ctrl,registerx2,register,2.0,60.0,FEASIBLE,True,0.5714285714285714,125.0,155.0
predictions_frozen_RE2_P2_prosp2.json,"DEVELOPMENT model P2 (tham so fit tren promo/recs), dong bang TRUOC khi mo tap khoa",P1_ctrl,registerx2,register,2.0,80.0,FEASIBLE,True,0.42857142857142855,125.0,155.0
predictions_frozen_RE2_P2_prosp2.json,"DEVELOPMENT model P2 (tham so fit tren promo/recs), dong bang TRUOC khi mo tap khoa",P2,registerx2,register,2.0,100.0,FEASIBLE,True,0.2857142857142857,125.0,155.0
predictions_frozen_RE2_P2_prosp2.json,"DEVELOPMENT model P2 (tham so fit tren promo/recs), dong bang TRUOC khi mo tap khoa",P2,registerx2,register,2.0,120.0,FEASIBLE,True,0.14285714285714285,125.0,155.0
predictions_frozen_RE2_P2_prosp2.json,"DEVELOPMENT model P2 (tham so fit tren promo/recs), dong bang TRUOC khi mo tap khoa",P2,registerx2,register,2.0,160.0,MARGINAL,False,0.14285714285714285,125.0,155.0
predictions_frozen_RE2_P2_prosp2.json,"DEVELOPMENT model P2 (tham so fit tren promo/recs), dong bang TRUOC khi mo tap khoa",P2,registerx2,register,2.0,180.0,INFEASIBLE,False,0.2857142857142857,125.0,155.0
predictions_frozen_RE2_P2_prosp2.json,"DEVELOPMENT model P2 (tham so fit tren promo/recs), dong bang TRUOC khi mo tap khoa",P2,registerx2,register,2.0,200.0,INFEASIBLE,False,0.42857142857142855,125.0,155.0
predictions_frozen_RE2_P2_prosp2.json,"DEVELOPMENT model P2 (tham so fit tren promo/recs), dong bang TRUOC khi mo tap khoa",P2,registerx2,register,2.0,220.0,INFEASIBLE,False,0.5714285714285714,125.0,155.0
predictions_frozen_RE2_P2_prosp2.json,"DEVELOPMENT model P2 (tham so fit tren promo/recs), dong bang TRUOC khi mo tap khoa",P2,registerx2,register,2.0,240.0,INFEASIBLE,False,0.7142857142857143,125.0,155.0
predictions_frozen_RE2_P2_prosp2.json,"DEVELOPMENT model P2 (tham so fit tren promo/recs), dong bang TRUOC khi mo tap khoa",P2,registerx2,register,2.0,260.0,INFEASIBLE,False,0.8571428571428571,125.0,155.0
predictions_frozen_RE2_P2_prosp2.json,"DEVELOPMENT model P2 (tham so fit tren promo/recs), dong bang TRUOC khi mo tap khoa",P2,registerx2,register,2.0,40.0,FEASIBLE,True,0.7142857142857143,125.0,155.0
predictions_frozen_RE2_P2_prosp2.json,"DEVELOPMENT model P2 (tham so fit tren promo/recs), dong bang TRUOC khi mo tap khoa",P2,registerx2,register,2.0,60.0,FEASIBLE,True,0.5714285714285714,125.0,155.0
predictions_frozen_RE2_P2_prosp2.json,"DEVELOPMENT model P2 (tham so fit tren promo/recs), dong bang TRUOC khi mo tap khoa",P2,registerx2,register,2.0,80.0,FEASIBLE,True,0.42857142857142855,125.0,155.0
predictions_frozen_RE2_P2_prosp2.json,"DEVELOPMENT model P2 (tham so fit tren promo/recs), dong bang TRUOC khi mo tap khoa",P0,wishlistx1,wishlist,1.0,100.0,FEASIBLE,True,0.36507936507936506,140.0,175.0
predictions_frozen_RE2_P2_prosp2.json,"DEVELOPMENT model P2 (tham so fit tren promo/recs), dong bang TRUOC khi mo tap khoa",P0,wishlistx1,wishlist,1.0,120.0,FEASIBLE,True,0.23809523809523808,140.0,175.0
predictions_frozen_RE2_P2_prosp2.json,"DEVELOPMENT model P2 (tham so fit tren promo/recs), dong bang TRUOC khi mo tap khoa",P0,wishlistx1,wishlist,1.0,180.0,INFEASIBLE,False,0.14285714285714285,140.0,175.0
predictions_frozen_RE2_P2_prosp2.json,"DEVELOPMENT model P2 (tham so fit tren promo/recs), dong bang TRUOC khi mo tap khoa",P0,wishlistx1,wishlist,1.0,200.0,INFEASIBLE,False,0.2698412698412698,140.0,175.0
predictions_frozen_RE2_P2_prosp2.json,"DEVELOPMENT model P2 (tham so fit tren promo/recs), dong bang TRUOC khi mo tap khoa",P0,wishlistx1,wishlist,1.0,220.0,INFEASIBLE,False,0.3968253968253968,140.0,175.0
predictions_frozen_RE2_P2_prosp2.json,"DEVELOPMENT model P2 (tham so fit tren promo/recs), dong bang TRUOC khi mo tap khoa",P0,wishlistx1,wishlist,1.0,240.0,INFEASIBLE,False,0.5238095238095238,140.0,175.0
predictions_frozen_RE2_P2_prosp2.json,"DEVELOPMENT model P2 (tham so fit tren promo/recs), dong bang TRUOC khi mo tap khoa",P0,wishlistx1,wishlist,1.0,260.0,INFEASIBLE,False,0.6507936507936508,140.0,175.0
predictions_frozen_RE2_P2_prosp2.json,"DEVELOPMENT model P2 (tham so fit tren promo/recs), dong bang TRUOC khi mo tap khoa",P0,wishlistx1,wishlist,1.0,40.0,FEASIBLE,True,0.746031746031746,140.0,175.0
predictions_frozen_RE2_P2_prosp2.json,"DEVELOPMENT model P2 (tham so fit tren promo/recs), dong bang TRUOC khi mo tap khoa",P0,wishlistx1,wishlist,1.0,60.0,FEASIBLE,True,0.6190476190476191,140.0,175.0
predictions_frozen_RE2_P2_prosp2.json,"DEVELOPMENT model P2 (tham so fit tren promo/recs), dong bang TRUOC khi mo tap khoa",P0,wishlistx1,wishlist,1.0,80.0,FEASIBLE,True,0.49206349206349204,140.0,175.0
predictions_frozen_RE2_P2_prosp2.json,"DEVELOPMENT model P2 (tham so fit tren promo/recs), dong bang TRUOC khi mo tap khoa",P1,wishlistx1,wishlist,1.0,100.0,FEASIBLE,True,0.36507936507936506,140.0,175.0
predictions_frozen_RE2_P2_prosp2.json,"DEVELOPMENT model P2 (tham so fit tren promo/recs), dong bang TRUOC khi mo tap khoa",P1,wishlistx1,wishlist,1.0,120.0,FEASIBLE,True,0.23809523809523808,140.0,175.0
predictions_frozen_RE2_P2_prosp2.json,"DEVELOPMENT model P2 (tham so fit tren promo/recs), dong bang TRUOC khi mo tap khoa",P1,wishlistx1,wishlist,1.0,180.0,INFEASIBLE,False,0.14285714285714285,140.0,175.0
predictions_frozen_RE2_P2_prosp2.json,"DEVELOPMENT model P2 (tham so fit tren promo/recs), dong bang TRUOC khi mo tap khoa",P1,wishlistx1,wishlist,1.0,200.0,INFEASIBLE,False,0.2698412698412698,140.0,175.0
predictions_frozen_RE2_P2_prosp2.json,"DEVELOPMENT model P2 (tham so fit tren promo/recs), dong bang TRUOC khi mo tap khoa",P1,wishlistx1,wishlist,1.0,220.0,INFEASIBLE,False,0.3968253968253968,140.0,175.0
predictions_frozen_RE2_P2_prosp2.json,"DEVELOPMENT model P2 (tham so fit tren promo/recs), dong bang TRUOC khi mo tap khoa",P1,wishlistx1,wishlist,1.0,240.0,INFEASIBLE,False,0.5238095238095238,140.0,175.0
predictions_frozen_RE2_P2_prosp2.json,"DEVELOPMENT model P2 (tham so fit tren promo/recs), dong bang TRUOC khi mo tap khoa",P1,wishlistx1,wishlist,1.0,260.0,INFEASIBLE,False,0.6507936507936508,140.0,175.0
predictions_frozen_RE2_P2_prosp2.json,"DEVELOPMENT model P2 (tham so fit tren promo/recs), dong bang TRUOC khi mo tap khoa",P1,wishlistx1,wishlist,1.0,40.0,FEASIBLE,True,0.746031746031746,140.0,175.0
predictions_frozen_RE2_P2_prosp2.json,"DEVELOPMENT model P2 (tham so fit tren promo/recs), dong bang TRUOC khi mo tap khoa",P1,wishlistx1,wishlist,1.0,60.0,FEASIBLE,True,0.6190476190476191,140.0,175.0
predictions_frozen_RE2_P2_prosp2.json,"DEVELOPMENT model P2 (tham so fit tren promo/recs), dong bang TRUOC khi mo tap khoa",P1,wishlistx1,wishlist,1.0,80.0,FEASIBLE,True,0.49206349206349204,140.0,175.0
predictions_frozen_RE2_P2_prosp2.json,"DEVELOPMENT model P2 (tham so fit tren promo/recs), dong bang TRUOC khi mo tap khoa",P1_ctrl,wishlistx1,wishlist,1.0,100.0,FEASIBLE,True,0.36507936507936506,140.0,175.0
predictions_frozen_RE2_P2_prosp2.json,"DEVELOPMENT model P2 (tham so fit tren promo/recs), dong bang TRUOC khi mo tap khoa",P1_ctrl,wishlistx1,wishlist,1.0,120.0,FEASIBLE,True,0.23809523809523808,140.0,175.0
predictions_frozen_RE2_P2_prosp2.json,"DEVELOPMENT model P2 (tham so fit tren promo/recs), dong bang TRUOC khi mo tap khoa",P1_ctrl,wishlistx1,wishlist,1.0,180.0,INFEASIBLE,False,0.14285714285714285,140.0,175.0
predictions_frozen_RE2_P2_prosp2.json,"DEVELOPMENT model P2 (tham so fit tren promo/recs), dong bang TRUOC khi mo tap khoa",P1_ctrl,wishlistx1,wishlist,1.0,200.0,INFEASIBLE,False,0.2698412698412698,140.0,175.0
predictions_frozen_RE2_P2_prosp2.json,"DEVELOPMENT model P2 (tham so fit tren promo/recs), dong bang TRUOC khi mo tap khoa",P1_ctrl,wishlistx1,wishlist,1.0,220.0,INFEASIBLE,False,0.3968253968253968,140.0,175.0
predictions_frozen_RE2_P2_prosp2.json,"DEVELOPMENT model P2 (tham so fit tren promo/recs), dong bang TRUOC khi mo tap khoa",P1_ctrl,wishlistx1,wishlist,1.0,240.0,INFEASIBLE,False,0.5238095238095238,140.0,175.0
predictions_frozen_RE2_P2_prosp2.json,"DEVELOPMENT model P2 (tham so fit tren promo/recs), dong bang TRUOC khi mo tap khoa",P1_ctrl,wishlistx1,wishlist,1.0,260.0,INFEASIBLE,False,0.6507936507936508,140.0,175.0
predictions_frozen_RE2_P2_prosp2.json,"DEVELOPMENT model P2 (tham so fit tren promo/recs), dong bang TRUOC khi mo tap khoa",P1_ctrl,wishlistx1,wishlist,1.0,40.0,FEASIBLE,True,0.746031746031746,140.0,175.0
predictions_frozen_RE2_P2_prosp2.json,"DEVELOPMENT model P2 (tham so fit tren promo/recs), dong bang TRUOC khi mo tap khoa",P1_ctrl,wishlistx1,wishlist,1.0,60.0,FEASIBLE,True,0.6190476190476191,140.0,175.0
predictions_frozen_RE2_P2_prosp2.json,"DEVELOPMENT model P2 (tham so fit tren promo/recs), dong bang TRUOC khi mo tap khoa",P1_ctrl,wishlistx1,wishlist,1.0,80.0,FEASIBLE,True,0.49206349206349204,140.0,175.0
predictions_frozen_RE2_P2_prosp2.json,"DEVELOPMENT model P2 (tham so fit tren promo/recs), dong bang TRUOC khi mo tap khoa",P2,wishlistx1,wishlist,1.0,100.0,FEASIBLE,True,0.36507936507936506,140.0,175.0
predictions_frozen_RE2_P2_prosp2.json,"DEVELOPMENT model P2 (tham so fit tren promo/recs), dong bang TRUOC khi mo tap khoa",P2,wishlistx1,wishlist,1.0,120.0,FEASIBLE,True,0.23809523809523808,140.0,175.0
predictions_frozen_RE2_P2_prosp2.json,"DEVELOPMENT model P2 (tham so fit tren promo/recs), dong bang TRUOC khi mo tap khoa",P2,wishlistx1,wishlist,1.0,180.0,INFEASIBLE,False,0.14285714285714285,140.0,175.0
predictions_frozen_RE2_P2_prosp2.json,"DEVELOPMENT model P2 (tham so fit tren promo/recs), dong bang TRUOC khi mo tap khoa",P2,wishlistx1,wishlist,1.0,200.0,INFEASIBLE,False,0.2698412698412698,140.0,175.0
predictions_frozen_RE2_P2_prosp2.json,"DEVELOPMENT model P2 (tham so fit tren promo/recs), dong bang TRUOC khi mo tap khoa",P2,wishlistx1,wishlist,1.0,220.0,INFEASIBLE,False,0.3968253968253968,140.0,175.0
predictions_frozen_RE2_P2_prosp2.json,"DEVELOPMENT model P2 (tham so fit tren promo/recs), dong bang TRUOC khi mo tap khoa",P2,wishlistx1,wishlist,1.0,240.0,INFEASIBLE,False,0.5238095238095238,140.0,175.0
predictions_frozen_RE2_P2_prosp2.json,"DEVELOPMENT model P2 (tham so fit tren promo/recs), dong bang TRUOC khi mo tap khoa",P2,wishlistx1,wishlist,1.0,260.0,INFEASIBLE,False,0.6507936507936508,140.0,175.0
predictions_frozen_RE2_P2_prosp2.json,"DEVELOPMENT model P2 (tham so fit tren promo/recs), dong bang TRUOC khi mo tap khoa",P2,wishlistx1,wishlist,1.0,40.0,FEASIBLE,True,0.746031746031746,140.0,175.0
predictions_frozen_RE2_P2_prosp2.json,"DEVELOPMENT model P2 (tham so fit tren promo/recs), dong bang TRUOC khi mo tap khoa",P2,wishlistx1,wishlist,1.0,60.0,FEASIBLE,True,0.6190476190476191,140.0,175.0
predictions_frozen_RE2_P2_prosp2.json,"DEVELOPMENT model P2 (tham so fit tren promo/recs), dong bang TRUOC khi mo tap khoa",P2,wishlistx1,wishlist,1.0,80.0,FEASIBLE,True,0.49206349206349204,140.0,175.0
predictions_frozen_RE2_P2_prosp2.json,"DEVELOPMENT model P2 (tham so fit tren promo/recs), dong bang TRUOC khi mo tap khoa",P0,catsearchx1,catsearch,1.0,100.0,FEASIBLE,True,0.5402298850574713,195.0,240.0
predictions_frozen_RE2_P2_prosp2.json,"DEVELOPMENT model P2 (tham so fit tren promo/recs), dong bang TRUOC khi mo tap khoa",P0,catsearchx1,catsearch,1.0,120.0,FEASIBLE,True,0.4482758620689655,195.0,240.0
predictions_frozen_RE2_P2_prosp2.json,"DEVELOPMENT model P2 (tham so fit tren promo/recs), dong bang TRUOC khi mo tap khoa",P0,catsearchx1,catsearch,1.0,140.0,FEASIBLE,True,0.3563218390804598,195.0,240.0
predictions_frozen_RE2_P2_prosp2.json,"DEVELOPMENT model P2 (tham so fit tren promo/recs), dong bang TRUOC khi mo tap khoa",P0,catsearchx1,catsearch,1.0,160.0,FEASIBLE,True,0.26436781609195403,195.0,240.0
predictions_frozen_RE2_P2_prosp2.json,"DEVELOPMENT model P2 (tham so fit tren promo/recs), dong bang TRUOC khi mo tap khoa",P0,catsearchx1,catsearch,1.0,180.0,MARGINAL,True,0.1724137931034483,195.0,240.0
predictions_frozen_RE2_P2_prosp2.json,"DEVELOPMENT model P2 (tham so fit tren promo/recs), dong bang TRUOC khi mo tap khoa",P0,catsearchx1,catsearch,1.0,240.0,INFEASIBLE,False,0.10344827586206896,195.0,240.0
predictions_frozen_RE2_P2_prosp2.json,"DEVELOPMENT model P2 (tham so fit tren promo/recs), dong bang TRUOC khi mo tap khoa",P0,catsearchx1,catsearch,1.0,260.0,INFEASIBLE,False,0.19540229885057472,195.0,240.0
predictions_frozen_RE2_P2_prosp2.json,"DEVELOPMENT model P2 (tham so fit tren promo/recs), dong bang TRUOC khi mo tap khoa",P0,catsearchx1,catsearch,1.0,40.0,FEASIBLE,True,0.8160919540229885,195.0,240.0
predictions_frozen_RE2_P2_prosp2.json,"DEVELOPMENT model P2 (tham so fit tren promo/recs), dong bang TRUOC khi mo tap khoa",P0,catsearchx1,catsearch,1.0,60.0,FEASIBLE,True,0.7241379310344828,195.0,240.0
predictions_frozen_RE2_P2_prosp2.json,"DEVELOPMENT model P2 (tham so fit tren promo/recs), dong bang TRUOC khi mo tap khoa",P0,catsearchx1,catsearch,1.0,80.0,FEASIBLE,True,0.632183908045977,195.0,240.0
predictions_frozen_RE2_P2_prosp2.json,"DEVELOPMENT model P2 (tham so fit tren promo/recs), dong bang TRUOC khi mo tap khoa",P1,catsearchx1,catsearch,1.0,100.0,FEASIBLE,True,0.5402298850574713,195.0,240.0
predictions_frozen_RE2_P2_prosp2.json,"DEVELOPMENT model P2 (tham so fit tren promo/recs), dong bang TRUOC khi mo tap khoa",P1,catsearchx1,catsearch,1.0,120.0,FEASIBLE,True,0.4482758620689655,195.0,240.0
predictions_frozen_RE2_P2_prosp2.json,"DEVELOPMENT model P2 (tham so fit tren promo/recs), dong bang TRUOC khi mo tap khoa",P1,catsearchx1,catsearch,1.0,140.0,FEASIBLE,True,0.3563218390804598,195.0,240.0
predictions_frozen_RE2_P2_prosp2.json,"DEVELOPMENT model P2 (tham so fit tren promo/recs), dong bang TRUOC khi mo tap khoa",P1,catsearchx1,catsearch,1.0,160.0,FEASIBLE,True,0.26436781609195403,195.0,240.0
predictions_frozen_RE2_P2_prosp2.json,"DEVELOPMENT model P2 (tham so fit tren promo/recs), dong bang TRUOC khi mo tap khoa",P1,catsearchx1,catsearch,1.0,180.0,MARGINAL,True,0.1724137931034483,195.0,240.0
predictions_frozen_RE2_P2_prosp2.json,"DEVELOPMENT model P2 (tham so fit tren promo/recs), dong bang TRUOC khi mo tap khoa",P1,catsearchx1,catsearch,1.0,240.0,INFEASIBLE,False,0.10344827586206896,195.0,240.0
predictions_frozen_RE2_P2_prosp2.json,"DEVELOPMENT model P2 (tham so fit tren promo/recs), dong bang TRUOC khi mo tap khoa",P1,catsearchx1,catsearch,1.0,260.0,INFEASIBLE,False,0.19540229885057472,195.0,240.0
predictions_frozen_RE2_P2_prosp2.json,"DEVELOPMENT model P2 (tham so fit tren promo/recs), dong bang TRUOC khi mo tap khoa",P1,catsearchx1,catsearch,1.0,40.0,FEASIBLE,True,0.8160919540229885,195.0,240.0
predictions_frozen_RE2_P2_prosp2.json,"DEVELOPMENT model P2 (tham so fit tren promo/recs), dong bang TRUOC khi mo tap khoa",P1,catsearchx1,catsearch,1.0,60.0,FEASIBLE,True,0.7241379310344828,195.0,240.0
predictions_frozen_RE2_P2_prosp2.json,"DEVELOPMENT model P2 (tham so fit tren promo/recs), dong bang TRUOC khi mo tap khoa",P1,catsearchx1,catsearch,1.0,80.0,FEASIBLE,True,0.632183908045977,195.0,240.0
predictions_frozen_RE2_P2_prosp2.json,"DEVELOPMENT model P2 (tham so fit tren promo/recs), dong bang TRUOC khi mo tap khoa",P1_ctrl,catsearchx1,catsearch,1.0,100.0,FEASIBLE,True,0.5402298850574713,195.0,240.0
predictions_frozen_RE2_P2_prosp2.json,"DEVELOPMENT model P2 (tham so fit tren promo/recs), dong bang TRUOC khi mo tap khoa",P1_ctrl,catsearchx1,catsearch,1.0,120.0,FEASIBLE,True,0.4482758620689655,195.0,240.0
predictions_frozen_RE2_P2_prosp2.json,"DEVELOPMENT model P2 (tham so fit tren promo/recs), dong bang TRUOC khi mo tap khoa",P1_ctrl,catsearchx1,catsearch,1.0,140.0,FEASIBLE,True,0.3563218390804598,195.0,240.0
predictions_frozen_RE2_P2_prosp2.json,"DEVELOPMENT model P2 (tham so fit tren promo/recs), dong bang TRUOC khi mo tap khoa",P1_ctrl,catsearchx1,catsearch,1.0,160.0,FEASIBLE,True,0.26436781609195403,195.0,240.0
predictions_frozen_RE2_P2_prosp2.json,"DEVELOPMENT model P2 (tham so fit tren promo/recs), dong bang TRUOC khi mo tap khoa",P1_ctrl,catsearchx1,catsearch,1.0,180.0,MARGINAL,True,0.1724137931034483,195.0,240.0
predictions_frozen_RE2_P2_prosp2.json,"DEVELOPMENT model P2 (tham so fit tren promo/recs), dong bang TRUOC khi mo tap khoa",P1_ctrl,catsearchx1,catsearch,1.0,240.0,INFEASIBLE,False,0.10344827586206896,195.0,240.0
predictions_frozen_RE2_P2_prosp2.json,"DEVELOPMENT model P2 (tham so fit tren promo/recs), dong bang TRUOC khi mo tap khoa",P1_ctrl,catsearchx1,catsearch,1.0,260.0,INFEASIBLE,False,0.19540229885057472,195.0,240.0
predictions_frozen_RE2_P2_prosp2.json,"DEVELOPMENT model P2 (tham so fit tren promo/recs), dong bang TRUOC khi mo tap khoa",P1_ctrl,catsearchx1,catsearch,1.0,40.0,FEASIBLE,True,0.8160919540229885,195.0,240.0
predictions_frozen_RE2_P2_prosp2.json,"DEVELOPMENT model P2 (tham so fit tren promo/recs), dong bang TRUOC khi mo tap khoa",P1_ctrl,catsearchx1,catsearch,1.0,60.0,FEASIBLE,True,0.7241379310344828,195.0,240.0
predictions_frozen_RE2_P2_prosp2.json,"DEVELOPMENT model P2 (tham so fit tren promo/recs), dong bang TRUOC khi mo tap khoa",P1_ctrl,catsearchx1,catsearch,1.0,80.0,FEASIBLE,True,0.632183908045977,195.0,240.0
predictions_frozen_RE2_P2_prosp2.json,"DEVELOPMENT model P2 (tham so fit tren promo/recs), dong bang TRUOC khi mo tap khoa",P2,catsearchx1,catsearch,1.0,100.0,FEASIBLE,True,0.5402298850574713,195.0,240.0
predictions_frozen_RE2_P2_prosp2.json,"DEVELOPMENT model P2 (tham so fit tren promo/recs), dong bang TRUOC khi mo tap khoa",P2,catsearchx1,catsearch,1.0,120.0,FEASIBLE,True,0.4482758620689655,195.0,240.0
predictions_frozen_RE2_P2_prosp2.json,"DEVELOPMENT model P2 (tham so fit tren promo/recs), dong bang TRUOC khi mo tap khoa",P2,catsearchx1,catsearch,1.0,140.0,FEASIBLE,True,0.3563218390804598,195.0,240.0
predictions_frozen_RE2_P2_prosp2.json,"DEVELOPMENT model P2 (tham so fit tren promo/recs), dong bang TRUOC khi mo tap khoa",P2,catsearchx1,catsearch,1.0,160.0,FEASIBLE,True,0.26436781609195403,195.0,240.0
predictions_frozen_RE2_P2_prosp2.json,"DEVELOPMENT model P2 (tham so fit tren promo/recs), dong bang TRUOC khi mo tap khoa",P2,catsearchx1,catsearch,1.0,180.0,MARGINAL,True,0.1724137931034483,195.0,240.0
predictions_frozen_RE2_P2_prosp2.json,"DEVELOPMENT model P2 (tham so fit tren promo/recs), dong bang TRUOC khi mo tap khoa",P2,catsearchx1,catsearch,1.0,240.0,INFEASIBLE,False,0.10344827586206896,195.0,240.0
predictions_frozen_RE2_P2_prosp2.json,"DEVELOPMENT model P2 (tham so fit tren promo/recs), dong bang TRUOC khi mo tap khoa",P2,catsearchx1,catsearch,1.0,260.0,INFEASIBLE,False,0.19540229885057472,195.0,240.0
predictions_frozen_RE2_P2_prosp2.json,"DEVELOPMENT model P2 (tham so fit tren promo/recs), dong bang TRUOC khi mo tap khoa",P2,catsearchx1,catsearch,1.0,40.0,FEASIBLE,True,0.8160919540229885,195.0,240.0
predictions_frozen_RE2_P2_prosp2.json,"DEVELOPMENT model P2 (tham so fit tren promo/recs), dong bang TRUOC khi mo tap khoa",P2,catsearchx1,catsearch,1.0,60.0,FEASIBLE,True,0.7241379310344828,195.0,240.0
predictions_frozen_RE2_P2_prosp2.json,"DEVELOPMENT model P2 (tham so fit tren promo/recs), dong bang TRUOC khi mo tap khoa",P2,catsearchx1,catsearch,1.0,80.0,FEASIBLE,True,0.632183908045977,195.0,240.0
predictions_frozen_RE2_P2_prosp2.json,"DEVELOPMENT model P2 (tham so fit tren promo/recs), dong bang TRUOC khi mo tap khoa",P0,accountx1,account,1.0,100.0,FEASIBLE,True,0.2857142857142857,125.0,155.0
predictions_frozen_RE2_P2_prosp2.json,"DEVELOPMENT model P2 (tham so fit tren promo/recs), dong bang TRUOC khi mo tap khoa",P0,accountx1,account,1.0,120.0,FEASIBLE,True,0.14285714285714285,125.0,155.0
predictions_frozen_RE2_P2_prosp2.json,"DEVELOPMENT model P2 (tham so fit tren promo/recs), dong bang TRUOC khi mo tap khoa",P0,accountx1,account,1.0,160.0,INFEASIBLE,False,0.14285714285714285,125.0,155.0
predictions_frozen_RE2_P2_prosp2.json,"DEVELOPMENT model P2 (tham so fit tren promo/recs), dong bang TRUOC khi mo tap khoa",P0,accountx1,account,1.0,180.0,INFEASIBLE,False,0.2857142857142857,125.0,155.0
predictions_frozen_RE2_P2_prosp2.json,"DEVELOPMENT model P2 (tham so fit tren promo/recs), dong bang TRUOC khi mo tap khoa",P0,accountx1,account,1.0,200.0,INFEASIBLE,False,0.42857142857142855,125.0,155.0
predictions_frozen_RE2_P2_prosp2.json,"DEVELOPMENT model P2 (tham so fit tren promo/recs), dong bang TRUOC khi mo tap khoa",P0,accountx1,account,1.0,220.0,INFEASIBLE,False,0.5714285714285714,125.0,155.0
predictions_frozen_RE2_P2_prosp2.json,"DEVELOPMENT model P2 (tham so fit tren promo/recs), dong bang TRUOC khi mo tap khoa",P0,accountx1,account,1.0,240.0,INFEASIBLE,False,0.7142857142857143,125.0,155.0
predictions_frozen_RE2_P2_prosp2.json,"DEVELOPMENT model P2 (tham so fit tren promo/recs), dong bang TRUOC khi mo tap khoa",P0,accountx1,account,1.0,260.0,INFEASIBLE,False,0.8571428571428571,125.0,155.0
predictions_frozen_RE2_P2_prosp2.json,"DEVELOPMENT model P2 (tham so fit tren promo/recs), dong bang TRUOC khi mo tap khoa",P0,accountx1,account,1.0,40.0,FEASIBLE,True,0.7142857142857143,125.0,155.0
predictions_frozen_RE2_P2_prosp2.json,"DEVELOPMENT model P2 (tham so fit tren promo/recs), dong bang TRUOC khi mo tap khoa",P0,accountx1,account,1.0,60.0,FEASIBLE,True,0.5714285714285714,125.0,155.0
predictions_frozen_RE2_P2_prosp2.json,"DEVELOPMENT model P2 (tham so fit tren promo/recs), dong bang TRUOC khi mo tap khoa",P0,accountx1,account,1.0,80.0,FEASIBLE,True,0.42857142857142855,125.0,155.0
predictions_frozen_RE2_P2_prosp2.json,"DEVELOPMENT model P2 (tham so fit tren promo/recs), dong bang TRUOC khi mo tap khoa",P1,accountx1,account,1.0,100.0,FEASIBLE,True,0.2857142857142857,125.0,155.0
predictions_frozen_RE2_P2_prosp2.json,"DEVELOPMENT model P2 (tham so fit tren promo/recs), dong bang TRUOC khi mo tap khoa",P1,accountx1,account,1.0,120.0,FEASIBLE,True,0.14285714285714285,125.0,155.0
predictions_frozen_RE2_P2_prosp2.json,"DEVELOPMENT model P2 (tham so fit tren promo/recs), dong bang TRUOC khi mo tap khoa",P1,accountx1,account,1.0,160.0,INFEASIBLE,False,0.14285714285714285,125.0,155.0
predictions_frozen_RE2_P2_prosp2.json,"DEVELOPMENT model P2 (tham so fit tren promo/recs), dong bang TRUOC khi mo tap khoa",P1,accountx1,account,1.0,180.0,INFEASIBLE,False,0.2857142857142857,125.0,155.0
predictions_frozen_RE2_P2_prosp2.json,"DEVELOPMENT model P2 (tham so fit tren promo/recs), dong bang TRUOC khi mo tap khoa",P1,accountx1,account,1.0,200.0,INFEASIBLE,False,0.42857142857142855,125.0,155.0
predictions_frozen_RE2_P2_prosp2.json,"DEVELOPMENT model P2 (tham so fit tren promo/recs), dong bang TRUOC khi mo tap khoa",P1,accountx1,account,1.0,220.0,INFEASIBLE,False,0.5714285714285714,125.0,155.0
predictions_frozen_RE2_P2_prosp2.json,"DEVELOPMENT model P2 (tham so fit tren promo/recs), dong bang TRUOC khi mo tap khoa",P1,accountx1,account,1.0,240.0,INFEASIBLE,False,0.7142857142857143,125.0,155.0
predictions_frozen_RE2_P2_prosp2.json,"DEVELOPMENT model P2 (tham so fit tren promo/recs), dong bang TRUOC khi mo tap khoa",P1,accountx1,account,1.0,260.0,INFEASIBLE,False,0.8571428571428571,125.0,155.0
predictions_frozen_RE2_P2_prosp2.json,"DEVELOPMENT model P2 (tham so fit tren promo/recs), dong bang TRUOC khi mo tap khoa",P1,accountx1,account,1.0,40.0,FEASIBLE,True,0.7142857142857143,125.0,155.0
predictions_frozen_RE2_P2_prosp2.json,"DEVELOPMENT model P2 (tham so fit tren promo/recs), dong bang TRUOC khi mo tap khoa",P1,accountx1,account,1.0,60.0,FEASIBLE,True,0.5714285714285714,125.0,155.0
predictions_frozen_RE2_P2_prosp2.json,"DEVELOPMENT model P2 (tham so fit tren promo/recs), dong bang TRUOC khi mo tap khoa",P1,accountx1,account,1.0,80.0,FEASIBLE,True,0.42857142857142855,125.0,155.0
predictions_frozen_RE2_P2_prosp2.json,"DEVELOPMENT model P2 (tham so fit tren promo/recs), dong bang TRUOC khi mo tap khoa",P1_ctrl,accountx1,account,1.0,100.0,FEASIBLE,True,0.2857142857142857,125.0,155.0
predictions_frozen_RE2_P2_prosp2.json,"DEVELOPMENT model P2 (tham so fit tren promo/recs), dong bang TRUOC khi mo tap khoa",P1_ctrl,accountx1,account,1.0,120.0,FEASIBLE,True,0.14285714285714285,125.0,155.0
predictions_frozen_RE2_P2_prosp2.json,"DEVELOPMENT model P2 (tham so fit tren promo/recs), dong bang TRUOC khi mo tap khoa",P1_ctrl,accountx1,account,1.0,160.0,INFEASIBLE,False,0.14285714285714285,125.0,155.0
predictions_frozen_RE2_P2_prosp2.json,"DEVELOPMENT model P2 (tham so fit tren promo/recs), dong bang TRUOC khi mo tap khoa",P1_ctrl,accountx1,account,1.0,180.0,INFEASIBLE,False,0.2857142857142857,125.0,155.0
predictions_frozen_RE2_P2_prosp2.json,"DEVELOPMENT model P2 (tham so fit tren promo/recs), dong bang TRUOC khi mo tap khoa",P1_ctrl,accountx1,account,1.0,200.0,INFEASIBLE,False,0.42857142857142855,125.0,155.0
predictions_frozen_RE2_P2_prosp2.json,"DEVELOPMENT model P2 (tham so fit tren promo/recs), dong bang TRUOC khi mo tap khoa",P1_ctrl,accountx1,account,1.0,220.0,INFEASIBLE,False,0.5714285714285714,125.0,155.0
predictions_frozen_RE2_P2_prosp2.json,"DEVELOPMENT model P2 (tham so fit tren promo/recs), dong bang TRUOC khi mo tap khoa",P1_ctrl,accountx1,account,1.0,240.0,INFEASIBLE,False,0.7142857142857143,125.0,155.0
predictions_frozen_RE2_P2_prosp2.json,"DEVELOPMENT model P2 (tham so fit tren promo/recs), dong bang TRUOC khi mo tap khoa",P1_ctrl,accountx1,account,1.0,260.0,INFEASIBLE,False,0.8571428571428571,125.0,155.0
predictions_frozen_RE2_P2_prosp2.json,"DEVELOPMENT model P2 (tham so fit tren promo/recs), dong bang TRUOC khi mo tap khoa",P1_ctrl,accountx1,account,1.0,40.0,FEASIBLE,True,0.7142857142857143,125.0,155.0
predictions_frozen_RE2_P2_prosp2.json,"DEVELOPMENT model P2 (tham so fit tren promo/recs), dong bang TRUOC khi mo tap khoa",P1_ctrl,accountx1,account,1.0,60.0,FEASIBLE,True,0.5714285714285714,125.0,155.0
predictions_frozen_RE2_P2_prosp2.json,"DEVELOPMENT model P2 (tham so fit tren promo/recs), dong bang TRUOC khi mo tap khoa",P1_ctrl,accountx1,account,1.0,80.0,FEASIBLE,True,0.42857142857142855,125.0,155.0
predictions_frozen_RE2_P2_prosp2.json,"DEVELOPMENT model P2 (tham so fit tren promo/recs), dong bang TRUOC khi mo tap khoa",P2,accountx1,account,1.0,100.0,FEASIBLE,True,0.2857142857142857,125.0,155.0
predictions_frozen_RE2_P2_prosp2.json,"DEVELOPMENT model P2 (tham so fit tren promo/recs), dong bang TRUOC khi mo tap khoa",P2,accountx1,account,1.0,120.0,MARGINAL,True,0.14285714285714285,125.0,155.0
predictions_frozen_RE2_P2_prosp2.json,"DEVELOPMENT model P2 (tham so fit tren promo/recs), dong bang TRUOC khi mo tap khoa",P2,accountx1,account,1.0,160.0,INFEASIBLE,False,0.14285714285714285,125.0,155.0
predictions_frozen_RE2_P2_prosp2.json,"DEVELOPMENT model P2 (tham so fit tren promo/recs), dong bang TRUOC khi mo tap khoa",P2,accountx1,account,1.0,180.0,INFEASIBLE,False,0.2857142857142857,125.0,155.0
predictions_frozen_RE2_P2_prosp2.json,"DEVELOPMENT model P2 (tham so fit tren promo/recs), dong bang TRUOC khi mo tap khoa",P2,accountx1,account,1.0,200.0,INFEASIBLE,False,0.42857142857142855,125.0,155.0
predictions_frozen_RE2_P2_prosp2.json,"DEVELOPMENT model P2 (tham so fit tren promo/recs), dong bang TRUOC khi mo tap khoa",P2,accountx1,account,1.0,220.0,INFEASIBLE,False,0.5714285714285714,125.0,155.0
predictions_frozen_RE2_P2_prosp2.json,"DEVELOPMENT model P2 (tham so fit tren promo/recs), dong bang TRUOC khi mo tap khoa",P2,accountx1,account,1.0,240.0,INFEASIBLE,False,0.7142857142857143,125.0,155.0
predictions_frozen_RE2_P2_prosp2.json,"DEVELOPMENT model P2 (tham so fit tren promo/recs), dong bang TRUOC khi mo tap khoa",P2,accountx1,account,1.0,260.0,INFEASIBLE,False,0.8571428571428571,125.0,155.0
predictions_frozen_RE2_P2_prosp2.json,"DEVELOPMENT model P2 (tham so fit tren promo/recs), dong bang TRUOC khi mo tap khoa",P2,accountx1,account,1.0,40.0,FEASIBLE,True,0.7142857142857143,125.0,155.0
predictions_frozen_RE2_P2_prosp2.json,"DEVELOPMENT model P2 (tham so fit tren promo/recs), dong bang TRUOC khi mo tap khoa",P2,accountx1,account,1.0,60.0,FEASIBLE,True,0.5714285714285714,125.0,155.0
predictions_frozen_RE2_P2_prosp2.json,"DEVELOPMENT model P2 (tham so fit tren promo/recs), dong bang TRUOC khi mo tap khoa",P2,accountx1,account,1.0,80.0,FEASIBLE,True,0.42857142857142855,125.0,155.0
predictions_frozen_RE2_P2_prosp2.json,"DEVELOPMENT model P2 (tham so fit tren promo/recs), dong bang TRUOC khi mo tap khoa",P0,previewx1,preview,1.0,100.0,FEASIBLE,True,0.49044585987261147,175.0,217.5
predictions_frozen_RE2_P2_prosp2.json,"DEVELOPMENT model P2 (tham so fit tren promo/recs), dong bang TRUOC khi mo tap khoa",P0,previewx1,preview,1.0,120.0,FEASIBLE,True,0.3885350318471338,175.0,217.5
predictions_frozen_RE2_P2_prosp2.json,"DEVELOPMENT model P2 (tham so fit tren promo/recs), dong bang TRUOC khi mo tap khoa",P0,previewx1,preview,1.0,140.0,FEASIBLE,True,0.28662420382165604,175.0,217.5
predictions_frozen_RE2_P2_prosp2.json,"DEVELOPMENT model P2 (tham so fit tren promo/recs), dong bang TRUOC khi mo tap khoa",P0,previewx1,preview,1.0,160.0,FEASIBLE,True,0.18471337579617833,175.0,217.5
predictions_frozen_RE2_P2_prosp2.json,"DEVELOPMENT model P2 (tham so fit tren promo/recs), dong bang TRUOC khi mo tap khoa",P0,previewx1,preview,1.0,220.0,INFEASIBLE,False,0.12101910828025478,175.0,217.5
predictions_frozen_RE2_P2_prosp2.json,"DEVELOPMENT model P2 (tham so fit tren promo/recs), dong bang TRUOC khi mo tap khoa",P0,previewx1,preview,1.0,240.0,INFEASIBLE,False,0.2229299363057325,175.0,217.5
predictions_frozen_RE2_P2_prosp2.json,"DEVELOPMENT model P2 (tham so fit tren promo/recs), dong bang TRUOC khi mo tap khoa",P0,previewx1,preview,1.0,260.0,INFEASIBLE,False,0.3248407643312102,175.0,217.5
predictions_frozen_RE2_P2_prosp2.json,"DEVELOPMENT model P2 (tham so fit tren promo/recs), dong bang TRUOC khi mo tap khoa",P0,previewx1,preview,1.0,40.0,FEASIBLE,True,0.7961783439490446,175.0,217.5
predictions_frozen_RE2_P2_prosp2.json,"DEVELOPMENT model P2 (tham so fit tren promo/recs), dong bang TRUOC khi mo tap khoa",P0,previewx1,preview,1.0,60.0,FEASIBLE,True,0.6942675159235668,175.0,217.5
predictions_frozen_RE2_P2_prosp2.json,"DEVELOPMENT model P2 (tham so fit tren promo/recs), dong bang TRUOC khi mo tap khoa",P0,previewx1,preview,1.0,80.0,FEASIBLE,True,0.5923566878980892,175.0,217.5
predictions_frozen_RE2_P2_prosp2.json,"DEVELOPMENT model P2 (tham so fit tren promo/recs), dong bang TRUOC khi mo tap khoa",P1,previewx1,preview,1.0,100.0,FEASIBLE,True,0.49044585987261147,175.0,217.5
predictions_frozen_RE2_P2_prosp2.json,"DEVELOPMENT model P2 (tham so fit tren promo/recs), dong bang TRUOC khi mo tap khoa",P1,previewx1,preview,1.0,120.0,FEASIBLE,True,0.3885350318471338,175.0,217.5
predictions_frozen_RE2_P2_prosp2.json,"DEVELOPMENT model P2 (tham so fit tren promo/recs), dong bang TRUOC khi mo tap khoa",P1,previewx1,preview,1.0,140.0,FEASIBLE,True,0.28662420382165604,175.0,217.5
predictions_frozen_RE2_P2_prosp2.json,"DEVELOPMENT model P2 (tham so fit tren promo/recs), dong bang TRUOC khi mo tap khoa",P1,previewx1,preview,1.0,160.0,FEASIBLE,True,0.18471337579617833,175.0,217.5
predictions_frozen_RE2_P2_prosp2.json,"DEVELOPMENT model P2 (tham so fit tren promo/recs), dong bang TRUOC khi mo tap khoa",P1,previewx1,preview,1.0,220.0,INFEASIBLE,False,0.12101910828025478,175.0,217.5
predictions_frozen_RE2_P2_prosp2.json,"DEVELOPMENT model P2 (tham so fit tren promo/recs), dong bang TRUOC khi mo tap khoa",P1,previewx1,preview,1.0,240.0,INFEASIBLE,False,0.2229299363057325,175.0,217.5
predictions_frozen_RE2_P2_prosp2.json,"DEVELOPMENT model P2 (tham so fit tren promo/recs), dong bang TRUOC khi mo tap khoa",P1,previewx1,preview,1.0,260.0,INFEASIBLE,False,0.3248407643312102,175.0,217.5
predictions_frozen_RE2_P2_prosp2.json,"DEVELOPMENT model P2 (tham so fit tren promo/recs), dong bang TRUOC khi mo tap khoa",P1,previewx1,preview,1.0,40.0,FEASIBLE,True,0.7961783439490446,175.0,217.5
predictions_frozen_RE2_P2_prosp2.json,"DEVELOPMENT model P2 (tham so fit tren promo/recs), dong bang TRUOC khi mo tap khoa",P1,previewx1,preview,1.0,60.0,FEASIBLE,True,0.6942675159235668,175.0,217.5
predictions_frozen_RE2_P2_prosp2.json,"DEVELOPMENT model P2 (tham so fit tren promo/recs), dong bang TRUOC khi mo tap khoa",P1,previewx1,preview,1.0,80.0,FEASIBLE,True,0.5923566878980892,175.0,217.5
predictions_frozen_RE2_P2_prosp2.json,"DEVELOPMENT model P2 (tham so fit tren promo/recs), dong bang TRUOC khi mo tap khoa",P1_ctrl,previewx1,preview,1.0,100.0,FEASIBLE,True,0.49044585987261147,175.0,217.5
predictions_frozen_RE2_P2_prosp2.json,"DEVELOPMENT model P2 (tham so fit tren promo/recs), dong bang TRUOC khi mo tap khoa",P1_ctrl,previewx1,preview,1.0,120.0,FEASIBLE,True,0.3885350318471338,175.0,217.5
predictions_frozen_RE2_P2_prosp2.json,"DEVELOPMENT model P2 (tham so fit tren promo/recs), dong bang TRUOC khi mo tap khoa",P1_ctrl,previewx1,preview,1.0,140.0,FEASIBLE,True,0.28662420382165604,175.0,217.5
predictions_frozen_RE2_P2_prosp2.json,"DEVELOPMENT model P2 (tham so fit tren promo/recs), dong bang TRUOC khi mo tap khoa",P1_ctrl,previewx1,preview,1.0,160.0,FEASIBLE,True,0.18471337579617833,175.0,217.5
predictions_frozen_RE2_P2_prosp2.json,"DEVELOPMENT model P2 (tham so fit tren promo/recs), dong bang TRUOC khi mo tap khoa",P1_ctrl,previewx1,preview,1.0,220.0,INFEASIBLE,False,0.12101910828025478,175.0,217.5
predictions_frozen_RE2_P2_prosp2.json,"DEVELOPMENT model P2 (tham so fit tren promo/recs), dong bang TRUOC khi mo tap khoa",P1_ctrl,previewx1,preview,1.0,240.0,INFEASIBLE,False,0.2229299363057325,175.0,217.5
predictions_frozen_RE2_P2_prosp2.json,"DEVELOPMENT model P2 (tham so fit tren promo/recs), dong bang TRUOC khi mo tap khoa",P1_ctrl,previewx1,preview,1.0,260.0,INFEASIBLE,False,0.3248407643312102,175.0,217.5
predictions_frozen_RE2_P2_prosp2.json,"DEVELOPMENT model P2 (tham so fit tren promo/recs), dong bang TRUOC khi mo tap khoa",P1_ctrl,previewx1,preview,1.0,40.0,FEASIBLE,True,0.7961783439490446,175.0,217.5
predictions_frozen_RE2_P2_prosp2.json,"DEVELOPMENT model P2 (tham so fit tren promo/recs), dong bang TRUOC khi mo tap khoa",P1_ctrl,previewx1,preview,1.0,60.0,FEASIBLE,True,0.6942675159235668,175.0,217.5
predictions_frozen_RE2_P2_prosp2.json,"DEVELOPMENT model P2 (tham so fit tren promo/recs), dong bang TRUOC khi mo tap khoa",P1_ctrl,previewx1,preview,1.0,80.0,FEASIBLE,True,0.5923566878980892,175.0,217.5
predictions_frozen_RE2_P2_prosp2.json,"DEVELOPMENT model P2 (tham so fit tren promo/recs), dong bang TRUOC khi mo tap khoa",P2,previewx1,preview,1.0,100.0,FEASIBLE,True,0.49044585987261147,175.0,217.5
predictions_frozen_RE2_P2_prosp2.json,"DEVELOPMENT model P2 (tham so fit tren promo/recs), dong bang TRUOC khi mo tap khoa",P2,previewx1,preview,1.0,120.0,FEASIBLE,True,0.3885350318471338,175.0,217.5
predictions_frozen_RE2_P2_prosp2.json,"DEVELOPMENT model P2 (tham so fit tren promo/recs), dong bang TRUOC khi mo tap khoa",P2,previewx1,preview,1.0,140.0,FEASIBLE,True,0.28662420382165604,175.0,217.5
predictions_frozen_RE2_P2_prosp2.json,"DEVELOPMENT model P2 (tham so fit tren promo/recs), dong bang TRUOC khi mo tap khoa",P2,previewx1,preview,1.0,160.0,FEASIBLE,True,0.18471337579617833,175.0,217.5
predictions_frozen_RE2_P2_prosp2.json,"DEVELOPMENT model P2 (tham so fit tren promo/recs), dong bang TRUOC khi mo tap khoa",P2,previewx1,preview,1.0,220.0,INFEASIBLE,False,0.12101910828025478,175.0,217.5
predictions_frozen_RE2_P2_prosp2.json,"DEVELOPMENT model P2 (tham so fit tren promo/recs), dong bang TRUOC khi mo tap khoa",P2,previewx1,preview,1.0,240.0,INFEASIBLE,False,0.2229299363057325,175.0,217.5
predictions_frozen_RE2_P2_prosp2.json,"DEVELOPMENT model P2 (tham so fit tren promo/recs), dong bang TRUOC khi mo tap khoa",P2,previewx1,preview,1.0,260.0,INFEASIBLE,False,0.3248407643312102,175.0,217.5
predictions_frozen_RE2_P2_prosp2.json,"DEVELOPMENT model P2 (tham so fit tren promo/recs), dong bang TRUOC khi mo tap khoa",P2,previewx1,preview,1.0,40.0,FEASIBLE,True,0.7961783439490446,175.0,217.5
predictions_frozen_RE2_P2_prosp2.json,"DEVELOPMENT model P2 (tham so fit tren promo/recs), dong bang TRUOC khi mo tap khoa",P2,previewx1,preview,1.0,60.0,FEASIBLE,True,0.6942675159235668,175.0,217.5
predictions_frozen_RE2_P2_prosp2.json,"DEVELOPMENT model P2 (tham so fit tren promo/recs), dong bang TRUOC khi mo tap khoa",P2,previewx1,preview,1.0,80.0,FEASIBLE,True,0.5923566878980892,175.0,217.5
predictions_frozen_RE2_P2_prosp3.json,"DEVELOPMENT model P2 (tham so fit tren promo/recs), dong bang TRUOC khi mo tap khoa",P0,orderhistx1,orderhist,1.0,100.0,FEASIBLE,True,0.42857142857142855,155.0,195.0
predictions_frozen_RE2_P2_prosp3.json,"DEVELOPMENT model P2 (tham so fit tren promo/recs), dong bang TRUOC khi mo tap khoa",P0,orderhistx1,orderhist,1.0,120.0,FEASIBLE,True,0.3142857142857143,155.0,195.0
predictions_frozen_RE2_P2_prosp3.json,"DEVELOPMENT model P2 (tham so fit tren promo/recs), dong bang TRUOC khi mo tap khoa",P0,orderhistx1,orderhist,1.0,140.0,FEASIBLE,True,0.2,155.0,195.0
predictions_frozen_RE2_P2_prosp3.json,"DEVELOPMENT model P2 (tham so fit tren promo/recs), dong bang TRUOC khi mo tap khoa",P0,orderhistx1,orderhist,1.0,200.0,INFEASIBLE,False,0.14285714285714285,155.0,195.0
predictions_frozen_RE2_P2_prosp3.json,"DEVELOPMENT model P2 (tham so fit tren promo/recs), dong bang TRUOC khi mo tap khoa",P0,orderhistx1,orderhist,1.0,220.0,INFEASIBLE,False,0.2571428571428571,155.0,195.0
predictions_frozen_RE2_P2_prosp3.json,"DEVELOPMENT model P2 (tham so fit tren promo/recs), dong bang TRUOC khi mo tap khoa",P0,orderhistx1,orderhist,1.0,240.0,INFEASIBLE,False,0.37142857142857144,155.0,195.0
predictions_frozen_RE2_P2_prosp3.json,"DEVELOPMENT model P2 (tham so fit tren promo/recs), dong bang TRUOC khi mo tap khoa",P0,orderhistx1,orderhist,1.0,260.0,INFEASIBLE,False,0.4857142857142857,155.0,195.0
predictions_frozen_RE2_P2_prosp3.json,"DEVELOPMENT model P2 (tham so fit tren promo/recs), dong bang TRUOC khi mo tap khoa",P0,orderhistx1,orderhist,1.0,40.0,FEASIBLE,True,0.7714285714285715,155.0,195.0
predictions_frozen_RE2_P2_prosp3.json,"DEVELOPMENT model P2 (tham so fit tren promo/recs), dong bang TRUOC khi mo tap khoa",P0,orderhistx1,orderhist,1.0,60.0,FEASIBLE,True,0.6571428571428571,155.0,195.0
predictions_frozen_RE2_P2_prosp3.json,"DEVELOPMENT model P2 (tham so fit tren promo/recs), dong bang TRUOC khi mo tap khoa",P0,orderhistx1,orderhist,1.0,80.0,FEASIBLE,True,0.5428571428571428,155.0,195.0
predictions_frozen_RE2_P2_prosp3.json,"DEVELOPMENT model P2 (tham so fit tren promo/recs), dong bang TRUOC khi mo tap khoa",P1,orderhistx1,orderhist,1.0,100.0,FEASIBLE,True,0.42857142857142855,155.0,195.0
predictions_frozen_RE2_P2_prosp3.json,"DEVELOPMENT model P2 (tham so fit tren promo/recs), dong bang TRUOC khi mo tap khoa",P1,orderhistx1,orderhist,1.0,120.0,FEASIBLE,True,0.3142857142857143,155.0,195.0
predictions_frozen_RE2_P2_prosp3.json,"DEVELOPMENT model P2 (tham so fit tren promo/recs), dong bang TRUOC khi mo tap khoa",P1,orderhistx1,orderhist,1.0,140.0,FEASIBLE,True,0.2,155.0,195.0
predictions_frozen_RE2_P2_prosp3.json,"DEVELOPMENT model P2 (tham so fit tren promo/recs), dong bang TRUOC khi mo tap khoa",P1,orderhistx1,orderhist,1.0,200.0,INFEASIBLE,False,0.14285714285714285,155.0,195.0
predictions_frozen_RE2_P2_prosp3.json,"DEVELOPMENT model P2 (tham so fit tren promo/recs), dong bang TRUOC khi mo tap khoa",P1,orderhistx1,orderhist,1.0,220.0,INFEASIBLE,False,0.2571428571428571,155.0,195.0
predictions_frozen_RE2_P2_prosp3.json,"DEVELOPMENT model P2 (tham so fit tren promo/recs), dong bang TRUOC khi mo tap khoa",P1,orderhistx1,orderhist,1.0,240.0,INFEASIBLE,False,0.37142857142857144,155.0,195.0
predictions_frozen_RE2_P2_prosp3.json,"DEVELOPMENT model P2 (tham so fit tren promo/recs), dong bang TRUOC khi mo tap khoa",P1,orderhistx1,orderhist,1.0,260.0,INFEASIBLE,False,0.4857142857142857,155.0,195.0
predictions_frozen_RE2_P2_prosp3.json,"DEVELOPMENT model P2 (tham so fit tren promo/recs), dong bang TRUOC khi mo tap khoa",P1,orderhistx1,orderhist,1.0,40.0,FEASIBLE,True,0.7714285714285715,155.0,195.0
predictions_frozen_RE2_P2_prosp3.json,"DEVELOPMENT model P2 (tham so fit tren promo/recs), dong bang TRUOC khi mo tap khoa",P1,orderhistx1,orderhist,1.0,60.0,FEASIBLE,True,0.6571428571428571,155.0,195.0
predictions_frozen_RE2_P2_prosp3.json,"DEVELOPMENT model P2 (tham so fit tren promo/recs), dong bang TRUOC khi mo tap khoa",P1,orderhistx1,orderhist,1.0,80.0,FEASIBLE,True,0.5428571428571428,155.0,195.0
predictions_frozen_RE2_P2_prosp3.json,"DEVELOPMENT model P2 (tham so fit tren promo/recs), dong bang TRUOC khi mo tap khoa",P1_ctrl,orderhistx1,orderhist,1.0,100.0,FEASIBLE,True,0.42857142857142855,155.0,195.0
predictions_frozen_RE2_P2_prosp3.json,"DEVELOPMENT model P2 (tham so fit tren promo/recs), dong bang TRUOC khi mo tap khoa",P1_ctrl,orderhistx1,orderhist,1.0,120.0,FEASIBLE,True,0.3142857142857143,155.0,195.0
predictions_frozen_RE2_P2_prosp3.json,"DEVELOPMENT model P2 (tham so fit tren promo/recs), dong bang TRUOC khi mo tap khoa",P1_ctrl,orderhistx1,orderhist,1.0,140.0,FEASIBLE,True,0.2,155.0,195.0
predictions_frozen_RE2_P2_prosp3.json,"DEVELOPMENT model P2 (tham so fit tren promo/recs), dong bang TRUOC khi mo tap khoa",P1_ctrl,orderhistx1,orderhist,1.0,200.0,INFEASIBLE,False,0.14285714285714285,155.0,195.0
predictions_frozen_RE2_P2_prosp3.json,"DEVELOPMENT model P2 (tham so fit tren promo/recs), dong bang TRUOC khi mo tap khoa",P1_ctrl,orderhistx1,orderhist,1.0,220.0,INFEASIBLE,False,0.2571428571428571,155.0,195.0
predictions_frozen_RE2_P2_prosp3.json,"DEVELOPMENT model P2 (tham so fit tren promo/recs), dong bang TRUOC khi mo tap khoa",P1_ctrl,orderhistx1,orderhist,1.0,240.0,INFEASIBLE,False,0.37142857142857144,155.0,195.0
predictions_frozen_RE2_P2_prosp3.json,"DEVELOPMENT model P2 (tham so fit tren promo/recs), dong bang TRUOC khi mo tap khoa",P1_ctrl,orderhistx1,orderhist,1.0,260.0,INFEASIBLE,False,0.4857142857142857,155.0,195.0
predictions_frozen_RE2_P2_prosp3.json,"DEVELOPMENT model P2 (tham so fit tren promo/recs), dong bang TRUOC khi mo tap khoa",P1_ctrl,orderhistx1,orderhist,1.0,40.0,FEASIBLE,True,0.7714285714285715,155.0,195.0
predictions_frozen_RE2_P2_prosp3.json,"DEVELOPMENT model P2 (tham so fit tren promo/recs), dong bang TRUOC khi mo tap khoa",P1_ctrl,orderhistx1,orderhist,1.0,60.0,FEASIBLE,True,0.6571428571428571,155.0,195.0
predictions_frozen_RE2_P2_prosp3.json,"DEVELOPMENT model P2 (tham so fit tren promo/recs), dong bang TRUOC khi mo tap khoa",P1_ctrl,orderhistx1,orderhist,1.0,80.0,FEASIBLE,True,0.5428571428571428,155.0,195.0
predictions_frozen_RE2_P2_prosp3.json,"DEVELOPMENT model P2 (tham so fit tren promo/recs), dong bang TRUOC khi mo tap khoa",P2,orderhistx1,orderhist,1.0,100.0,FEASIBLE,True,0.42857142857142855,155.0,195.0
predictions_frozen_RE2_P2_prosp3.json,"DEVELOPMENT model P2 (tham so fit tren promo/recs), dong bang TRUOC khi mo tap khoa",P2,orderhistx1,orderhist,1.0,120.0,FEASIBLE,True,0.3142857142857143,155.0,195.0
predictions_frozen_RE2_P2_prosp3.json,"DEVELOPMENT model P2 (tham so fit tren promo/recs), dong bang TRUOC khi mo tap khoa",P2,orderhistx1,orderhist,1.0,140.0,FEASIBLE,True,0.2,155.0,195.0
predictions_frozen_RE2_P2_prosp3.json,"DEVELOPMENT model P2 (tham so fit tren promo/recs), dong bang TRUOC khi mo tap khoa",P2,orderhistx1,orderhist,1.0,200.0,INFEASIBLE,False,0.14285714285714285,155.0,195.0
predictions_frozen_RE2_P2_prosp3.json,"DEVELOPMENT model P2 (tham so fit tren promo/recs), dong bang TRUOC khi mo tap khoa",P2,orderhistx1,orderhist,1.0,220.0,INFEASIBLE,False,0.2571428571428571,155.0,195.0
predictions_frozen_RE2_P2_prosp3.json,"DEVELOPMENT model P2 (tham so fit tren promo/recs), dong bang TRUOC khi mo tap khoa",P2,orderhistx1,orderhist,1.0,240.0,INFEASIBLE,False,0.37142857142857144,155.0,195.0
predictions_frozen_RE2_P2_prosp3.json,"DEVELOPMENT model P2 (tham so fit tren promo/recs), dong bang TRUOC khi mo tap khoa",P2,orderhistx1,orderhist,1.0,260.0,INFEASIBLE,False,0.4857142857142857,155.0,195.0
predictions_frozen_RE2_P2_prosp3.json,"DEVELOPMENT model P2 (tham so fit tren promo/recs), dong bang TRUOC khi mo tap khoa",P2,orderhistx1,orderhist,1.0,40.0,FEASIBLE,True,0.7714285714285715,155.0,195.0
predictions_frozen_RE2_P2_prosp3.json,"DEVELOPMENT model P2 (tham so fit tren promo/recs), dong bang TRUOC khi mo tap khoa",P2,orderhistx1,orderhist,1.0,60.0,FEASIBLE,True,0.6571428571428571,155.0,195.0
predictions_frozen_RE2_P2_prosp3.json,"DEVELOPMENT model P2 (tham so fit tren promo/recs), dong bang TRUOC khi mo tap khoa",P2,orderhistx1,orderhist,1.0,80.0,FEASIBLE,True,0.5428571428571428,155.0,195.0
predictions_frozen_RE2_P2_prosp3.json,"DEVELOPMENT model P2 (tham so fit tren promo/recs), dong bang TRUOC khi mo tap khoa",P0,relatedx1,related,1.0,100.0,FEASIBLE,True,0.49044585987261147,175.0,217.5
predictions_frozen_RE2_P2_prosp3.json,"DEVELOPMENT model P2 (tham so fit tren promo/recs), dong bang TRUOC khi mo tap khoa",P0,relatedx1,related,1.0,120.0,FEASIBLE,True,0.3885350318471338,175.0,217.5
predictions_frozen_RE2_P2_prosp3.json,"DEVELOPMENT model P2 (tham so fit tren promo/recs), dong bang TRUOC khi mo tap khoa",P0,relatedx1,related,1.0,140.0,FEASIBLE,True,0.28662420382165604,175.0,217.5
predictions_frozen_RE2_P2_prosp3.json,"DEVELOPMENT model P2 (tham so fit tren promo/recs), dong bang TRUOC khi mo tap khoa",P0,relatedx1,related,1.0,160.0,FEASIBLE,True,0.18471337579617833,175.0,217.5
predictions_frozen_RE2_P2_prosp3.json,"DEVELOPMENT model P2 (tham so fit tren promo/recs), dong bang TRUOC khi mo tap khoa",P0,relatedx1,related,1.0,220.0,INFEASIBLE,False,0.12101910828025478,175.0,217.5
predictions_frozen_RE2_P2_prosp3.json,"DEVELOPMENT model P2 (tham so fit tren promo/recs), dong bang TRUOC khi mo tap khoa",P0,relatedx1,related,1.0,240.0,INFEASIBLE,False,0.2229299363057325,175.0,217.5
predictions_frozen_RE2_P2_prosp3.json,"DEVELOPMENT model P2 (tham so fit tren promo/recs), dong bang TRUOC khi mo tap khoa",P0,relatedx1,related,1.0,260.0,INFEASIBLE,False,0.3248407643312102,175.0,217.5
predictions_frozen_RE2_P2_prosp3.json,"DEVELOPMENT model P2 (tham so fit tren promo/recs), dong bang TRUOC khi mo tap khoa",P0,relatedx1,related,1.0,40.0,FEASIBLE,True,0.7961783439490446,175.0,217.5
predictions_frozen_RE2_P2_prosp3.json,"DEVELOPMENT model P2 (tham so fit tren promo/recs), dong bang TRUOC khi mo tap khoa",P0,relatedx1,related,1.0,60.0,FEASIBLE,True,0.6942675159235668,175.0,217.5
predictions_frozen_RE2_P2_prosp3.json,"DEVELOPMENT model P2 (tham so fit tren promo/recs), dong bang TRUOC khi mo tap khoa",P0,relatedx1,related,1.0,80.0,FEASIBLE,True,0.5923566878980892,175.0,217.5
predictions_frozen_RE2_P2_prosp3.json,"DEVELOPMENT model P2 (tham so fit tren promo/recs), dong bang TRUOC khi mo tap khoa",P1,relatedx1,related,1.0,100.0,FEASIBLE,True,0.49044585987261147,175.0,217.5
predictions_frozen_RE2_P2_prosp3.json,"DEVELOPMENT model P2 (tham so fit tren promo/recs), dong bang TRUOC khi mo tap khoa",P1,relatedx1,related,1.0,120.0,FEASIBLE,True,0.3885350318471338,175.0,217.5
predictions_frozen_RE2_P2_prosp3.json,"DEVELOPMENT model P2 (tham so fit tren promo/recs), dong bang TRUOC khi mo tap khoa",P1,relatedx1,related,1.0,140.0,FEASIBLE,True,0.28662420382165604,175.0,217.5
predictions_frozen_RE2_P2_prosp3.json,"DEVELOPMENT model P2 (tham so fit tren promo/recs), dong bang TRUOC khi mo tap khoa",P1,relatedx1,related,1.0,160.0,FEASIBLE,True,0.18471337579617833,175.0,217.5
predictions_frozen_RE2_P2_prosp3.json,"DEVELOPMENT model P2 (tham so fit tren promo/recs), dong bang TRUOC khi mo tap khoa",P1,relatedx1,related,1.0,220.0,INFEASIBLE,False,0.12101910828025478,175.0,217.5
predictions_frozen_RE2_P2_prosp3.json,"DEVELOPMENT model P2 (tham so fit tren promo/recs), dong bang TRUOC khi mo tap khoa",P1,relatedx1,related,1.0,240.0,INFEASIBLE,False,0.2229299363057325,175.0,217.5
predictions_frozen_RE2_P2_prosp3.json,"DEVELOPMENT model P2 (tham so fit tren promo/recs), dong bang TRUOC khi mo tap khoa",P1,relatedx1,related,1.0,260.0,INFEASIBLE,False,0.3248407643312102,175.0,217.5
predictions_frozen_RE2_P2_prosp3.json,"DEVELOPMENT model P2 (tham so fit tren promo/recs), dong bang TRUOC khi mo tap khoa",P1,relatedx1,related,1.0,40.0,FEASIBLE,True,0.7961783439490446,175.0,217.5
predictions_frozen_RE2_P2_prosp3.json,"DEVELOPMENT model P2 (tham so fit tren promo/recs), dong bang TRUOC khi mo tap khoa",P1,relatedx1,related,1.0,60.0,FEASIBLE,True,0.6942675159235668,175.0,217.5
predictions_frozen_RE2_P2_prosp3.json,"DEVELOPMENT model P2 (tham so fit tren promo/recs), dong bang TRUOC khi mo tap khoa",P1,relatedx1,related,1.0,80.0,FEASIBLE,True,0.5923566878980892,175.0,217.5
predictions_frozen_RE2_P2_prosp3.json,"DEVELOPMENT model P2 (tham so fit tren promo/recs), dong bang TRUOC khi mo tap khoa",P1_ctrl,relatedx1,related,1.0,100.0,FEASIBLE,True,0.49044585987261147,175.0,217.5
predictions_frozen_RE2_P2_prosp3.json,"DEVELOPMENT model P2 (tham so fit tren promo/recs), dong bang TRUOC khi mo tap khoa",P1_ctrl,relatedx1,related,1.0,120.0,FEASIBLE,True,0.3885350318471338,175.0,217.5
predictions_frozen_RE2_P2_prosp3.json,"DEVELOPMENT model P2 (tham so fit tren promo/recs), dong bang TRUOC khi mo tap khoa",P1_ctrl,relatedx1,related,1.0,140.0,FEASIBLE,True,0.28662420382165604,175.0,217.5
predictions_frozen_RE2_P2_prosp3.json,"DEVELOPMENT model P2 (tham so fit tren promo/recs), dong bang TRUOC khi mo tap khoa",P1_ctrl,relatedx1,related,1.0,160.0,FEASIBLE,True,0.18471337579617833,175.0,217.5
predictions_frozen_RE2_P2_prosp3.json,"DEVELOPMENT model P2 (tham so fit tren promo/recs), dong bang TRUOC khi mo tap khoa",P1_ctrl,relatedx1,related,1.0,220.0,INFEASIBLE,False,0.12101910828025478,175.0,217.5
predictions_frozen_RE2_P2_prosp3.json,"DEVELOPMENT model P2 (tham so fit tren promo/recs), dong bang TRUOC khi mo tap khoa",P1_ctrl,relatedx1,related,1.0,240.0,INFEASIBLE,False,0.2229299363057325,175.0,217.5
predictions_frozen_RE2_P2_prosp3.json,"DEVELOPMENT model P2 (tham so fit tren promo/recs), dong bang TRUOC khi mo tap khoa",P1_ctrl,relatedx1,related,1.0,260.0,INFEASIBLE,False,0.3248407643312102,175.0,217.5
predictions_frozen_RE2_P2_prosp3.json,"DEVELOPMENT model P2 (tham so fit tren promo/recs), dong bang TRUOC khi mo tap khoa",P1_ctrl,relatedx1,related,1.0,40.0,FEASIBLE,True,0.7961783439490446,175.0,217.5
predictions_frozen_RE2_P2_prosp3.json,"DEVELOPMENT model P2 (tham so fit tren promo/recs), dong bang TRUOC khi mo tap khoa",P1_ctrl,relatedx1,related,1.0,60.0,FEASIBLE,True,0.6942675159235668,175.0,217.5
predictions_frozen_RE2_P2_prosp3.json,"DEVELOPMENT model P2 (tham so fit tren promo/recs), dong bang TRUOC khi mo tap khoa",P1_ctrl,relatedx1,related,1.0,80.0,FEASIBLE,True,0.5923566878980892,175.0,217.5
predictions_frozen_RE2_P2_prosp3.json,"DEVELOPMENT model P2 (tham so fit tren promo/recs), dong bang TRUOC khi mo tap khoa",P2,relatedx1,related,1.0,100.0,FEASIBLE,True,0.49044585987261147,175.0,217.5
predictions_frozen_RE2_P2_prosp3.json,"DEVELOPMENT model P2 (tham so fit tren promo/recs), dong bang TRUOC khi mo tap khoa",P2,relatedx1,related,1.0,120.0,FEASIBLE,True,0.3885350318471338,175.0,217.5
predictions_frozen_RE2_P2_prosp3.json,"DEVELOPMENT model P2 (tham so fit tren promo/recs), dong bang TRUOC khi mo tap khoa",P2,relatedx1,related,1.0,140.0,FEASIBLE,True,0.28662420382165604,175.0,217.5
predictions_frozen_RE2_P2_prosp3.json,"DEVELOPMENT model P2 (tham so fit tren promo/recs), dong bang TRUOC khi mo tap khoa",P2,relatedx1,related,1.0,160.0,FEASIBLE,True,0.18471337579617833,175.0,217.5
predictions_frozen_RE2_P2_prosp3.json,"DEVELOPMENT model P2 (tham so fit tren promo/recs), dong bang TRUOC khi mo tap khoa",P2,relatedx1,related,1.0,220.0,INFEASIBLE,False,0.12101910828025478,175.0,217.5
predictions_frozen_RE2_P2_prosp3.json,"DEVELOPMENT model P2 (tham so fit tren promo/recs), dong bang TRUOC khi mo tap khoa",P2,relatedx1,related,1.0,240.0,INFEASIBLE,False,0.2229299363057325,175.0,217.5
predictions_frozen_RE2_P2_prosp3.json,"DEVELOPMENT model P2 (tham so fit tren promo/recs), dong bang TRUOC khi mo tap khoa",P2,relatedx1,related,1.0,260.0,INFEASIBLE,False,0.3248407643312102,175.0,217.5
predictions_frozen_RE2_P2_prosp3.json,"DEVELOPMENT model P2 (tham so fit tren promo/recs), dong bang TRUOC khi mo tap khoa",P2,relatedx1,related,1.0,40.0,FEASIBLE,True,0.7961783439490446,175.0,217.5
predictions_frozen_RE2_P2_prosp3.json,"DEVELOPMENT model P2 (tham so fit tren promo/recs), dong bang TRUOC khi mo tap khoa",P2,relatedx1,related,1.0,60.0,FEASIBLE,True,0.6942675159235668,175.0,217.5
predictions_frozen_RE2_P2_prosp3.json,"DEVELOPMENT model P2 (tham so fit tren promo/recs), dong bang TRUOC khi mo tap khoa",P2,relatedx1,related,1.0,80.0,FEASIBLE,True,0.5923566878980892,175.0,217.5
predictions_frozen_RE2_P2_prosp4.json,"DEVELOPMENT model P2 (tham so fit tren promo/recs), dong bang TRUOC khi mo tap khoa",P0,orderfullx1,orderfull,1.0,100.0,FEASIBLE,True,0.36507936507936506,140.0,175.0
predictions_frozen_RE2_P2_prosp4.json,"DEVELOPMENT model P2 (tham so fit tren promo/recs), dong bang TRUOC khi mo tap khoa",P0,orderfullx1,orderfull,1.0,120.0,FEASIBLE,True,0.23809523809523808,140.0,175.0
predictions_frozen_RE2_P2_prosp4.json,"DEVELOPMENT model P2 (tham so fit tren promo/recs), dong bang TRUOC khi mo tap khoa",P0,orderfullx1,orderfull,1.0,180.0,INFEASIBLE,False,0.14285714285714285,140.0,175.0
predictions_frozen_RE2_P2_prosp4.json,"DEVELOPMENT model P2 (tham so fit tren promo/recs), dong bang TRUOC khi mo tap khoa",P0,orderfullx1,orderfull,1.0,200.0,INFEASIBLE,False,0.2698412698412698,140.0,175.0
predictions_frozen_RE2_P2_prosp4.json,"DEVELOPMENT model P2 (tham so fit tren promo/recs), dong bang TRUOC khi mo tap khoa",P0,orderfullx1,orderfull,1.0,220.0,INFEASIBLE,False,0.3968253968253968,140.0,175.0
predictions_frozen_RE2_P2_prosp4.json,"DEVELOPMENT model P2 (tham so fit tren promo/recs), dong bang TRUOC khi mo tap khoa",P0,orderfullx1,orderfull,1.0,240.0,INFEASIBLE,False,0.5238095238095238,140.0,175.0
predictions_frozen_RE2_P2_prosp4.json,"DEVELOPMENT model P2 (tham so fit tren promo/recs), dong bang TRUOC khi mo tap khoa",P0,orderfullx1,orderfull,1.0,260.0,INFEASIBLE,False,0.6507936507936508,140.0,175.0
predictions_frozen_RE2_P2_prosp4.json,"DEVELOPMENT model P2 (tham so fit tren promo/recs), dong bang TRUOC khi mo tap khoa",P0,orderfullx1,orderfull,1.0,40.0,FEASIBLE,True,0.746031746031746,140.0,175.0
predictions_frozen_RE2_P2_prosp4.json,"DEVELOPMENT model P2 (tham so fit tren promo/recs), dong bang TRUOC khi mo tap khoa",P0,orderfullx1,orderfull,1.0,60.0,FEASIBLE,True,0.6190476190476191,140.0,175.0
predictions_frozen_RE2_P2_prosp4.json,"DEVELOPMENT model P2 (tham so fit tren promo/recs), dong bang TRUOC khi mo tap khoa",P0,orderfullx1,orderfull,1.0,80.0,FEASIBLE,True,0.49206349206349204,140.0,175.0
predictions_frozen_RE2_P2_prosp4.json,"DEVELOPMENT model P2 (tham so fit tren promo/recs), dong bang TRUOC khi mo tap khoa",P1,orderfullx1,orderfull,1.0,100.0,FEASIBLE,True,0.36507936507936506,140.0,175.0
predictions_frozen_RE2_P2_prosp4.json,"DEVELOPMENT model P2 (tham so fit tren promo/recs), dong bang TRUOC khi mo tap khoa",P1,orderfullx1,orderfull,1.0,120.0,FEASIBLE,True,0.23809523809523808,140.0,175.0
predictions_frozen_RE2_P2_prosp4.json,"DEVELOPMENT model P2 (tham so fit tren promo/recs), dong bang TRUOC khi mo tap khoa",P1,orderfullx1,orderfull,1.0,180.0,INFEASIBLE,False,0.14285714285714285,140.0,175.0
predictions_frozen_RE2_P2_prosp4.json,"DEVELOPMENT model P2 (tham so fit tren promo/recs), dong bang TRUOC khi mo tap khoa",P1,orderfullx1,orderfull,1.0,200.0,INFEASIBLE,False,0.2698412698412698,140.0,175.0
predictions_frozen_RE2_P2_prosp4.json,"DEVELOPMENT model P2 (tham so fit tren promo/recs), dong bang TRUOC khi mo tap khoa",P1,orderfullx1,orderfull,1.0,220.0,INFEASIBLE,False,0.3968253968253968,140.0,175.0
predictions_frozen_RE2_P2_prosp4.json,"DEVELOPMENT model P2 (tham so fit tren promo/recs), dong bang TRUOC khi mo tap khoa",P1,orderfullx1,orderfull,1.0,240.0,INFEASIBLE,False,0.5238095238095238,140.0,175.0
predictions_frozen_RE2_P2_prosp4.json,"DEVELOPMENT model P2 (tham so fit tren promo/recs), dong bang TRUOC khi mo tap khoa",P1,orderfullx1,orderfull,1.0,260.0,INFEASIBLE,False,0.6507936507936508,140.0,175.0
predictions_frozen_RE2_P2_prosp4.json,"DEVELOPMENT model P2 (tham so fit tren promo/recs), dong bang TRUOC khi mo tap khoa",P1,orderfullx1,orderfull,1.0,40.0,FEASIBLE,True,0.746031746031746,140.0,175.0
predictions_frozen_RE2_P2_prosp4.json,"DEVELOPMENT model P2 (tham so fit tren promo/recs), dong bang TRUOC khi mo tap khoa",P1,orderfullx1,orderfull,1.0,60.0,FEASIBLE,True,0.6190476190476191,140.0,175.0
predictions_frozen_RE2_P2_prosp4.json,"DEVELOPMENT model P2 (tham so fit tren promo/recs), dong bang TRUOC khi mo tap khoa",P1,orderfullx1,orderfull,1.0,80.0,FEASIBLE,True,0.49206349206349204,140.0,175.0
predictions_frozen_RE2_P2_prosp4.json,"DEVELOPMENT model P2 (tham so fit tren promo/recs), dong bang TRUOC khi mo tap khoa",P1_ctrl,orderfullx1,orderfull,1.0,100.0,FEASIBLE,True,0.36507936507936506,140.0,175.0
predictions_frozen_RE2_P2_prosp4.json,"DEVELOPMENT model P2 (tham so fit tren promo/recs), dong bang TRUOC khi mo tap khoa",P1_ctrl,orderfullx1,orderfull,1.0,120.0,FEASIBLE,True,0.23809523809523808,140.0,175.0
predictions_frozen_RE2_P2_prosp4.json,"DEVELOPMENT model P2 (tham so fit tren promo/recs), dong bang TRUOC khi mo tap khoa",P1_ctrl,orderfullx1,orderfull,1.0,180.0,INFEASIBLE,False,0.14285714285714285,140.0,175.0
predictions_frozen_RE2_P2_prosp4.json,"DEVELOPMENT model P2 (tham so fit tren promo/recs), dong bang TRUOC khi mo tap khoa",P1_ctrl,orderfullx1,orderfull,1.0,200.0,INFEASIBLE,False,0.2698412698412698,140.0,175.0
predictions_frozen_RE2_P2_prosp4.json,"DEVELOPMENT model P2 (tham so fit tren promo/recs), dong bang TRUOC khi mo tap khoa",P1_ctrl,orderfullx1,orderfull,1.0,220.0,INFEASIBLE,False,0.3968253968253968,140.0,175.0
predictions_frozen_RE2_P2_prosp4.json,"DEVELOPMENT model P2 (tham so fit tren promo/recs), dong bang TRUOC khi mo tap khoa",P1_ctrl,orderfullx1,orderfull,1.0,240.0,INFEASIBLE,False,0.5238095238095238,140.0,175.0
predictions_frozen_RE2_P2_prosp4.json,"DEVELOPMENT model P2 (tham so fit tren promo/recs), dong bang TRUOC khi mo tap khoa",P1_ctrl,orderfullx1,orderfull,1.0,260.0,INFEASIBLE,False,0.6507936507936508,140.0,175.0
predictions_frozen_RE2_P2_prosp4.json,"DEVELOPMENT model P2 (tham so fit tren promo/recs), dong bang TRUOC khi mo tap khoa",P1_ctrl,orderfullx1,orderfull,1.0,40.0,FEASIBLE,True,0.746031746031746,140.0,175.0
predictions_frozen_RE2_P2_prosp4.json,"DEVELOPMENT model P2 (tham so fit tren promo/recs), dong bang TRUOC khi mo tap khoa",P1_ctrl,orderfullx1,orderfull,1.0,60.0,FEASIBLE,True,0.6190476190476191,140.0,175.0
predictions_frozen_RE2_P2_prosp4.json,"DEVELOPMENT model P2 (tham so fit tren promo/recs), dong bang TRUOC khi mo tap khoa",P1_ctrl,orderfullx1,orderfull,1.0,80.0,FEASIBLE,True,0.49206349206349204,140.0,175.0
predictions_frozen_RE2_P2_prosp4.json,"DEVELOPMENT model P2 (tham so fit tren promo/recs), dong bang TRUOC khi mo tap khoa",P2,orderfullx1,orderfull,1.0,100.0,FEASIBLE,True,0.36507936507936506,140.0,175.0
predictions_frozen_RE2_P2_prosp4.json,"DEVELOPMENT model P2 (tham so fit tren promo/recs), dong bang TRUOC khi mo tap khoa",P2,orderfullx1,orderfull,1.0,120.0,MARGINAL,True,0.23809523809523808,140.0,175.0
predictions_frozen_RE2_P2_prosp4.json,"DEVELOPMENT model P2 (tham so fit tren promo/recs), dong bang TRUOC khi mo tap khoa",P2,orderfullx1,orderfull,1.0,180.0,INFEASIBLE,False,0.14285714285714285,140.0,175.0
predictions_frozen_RE2_P2_prosp4.json,"DEVELOPMENT model P2 (tham so fit tren promo/recs), dong bang TRUOC khi mo tap khoa",P2,orderfullx1,orderfull,1.0,200.0,INFEASIBLE,False,0.2698412698412698,140.0,175.0
predictions_frozen_RE2_P2_prosp4.json,"DEVELOPMENT model P2 (tham so fit tren promo/recs), dong bang TRUOC khi mo tap khoa",P2,orderfullx1,orderfull,1.0,220.0,INFEASIBLE,False,0.3968253968253968,140.0,175.0
predictions_frozen_RE2_P2_prosp4.json,"DEVELOPMENT model P2 (tham so fit tren promo/recs), dong bang TRUOC khi mo tap khoa",P2,orderfullx1,orderfull,1.0,240.0,INFEASIBLE,False,0.5238095238095238,140.0,175.0
predictions_frozen_RE2_P2_prosp4.json,"DEVELOPMENT model P2 (tham so fit tren promo/recs), dong bang TRUOC khi mo tap khoa",P2,orderfullx1,orderfull,1.0,260.0,INFEASIBLE,False,0.6507936507936508,140.0,175.0
predictions_frozen_RE2_P2_prosp4.json,"DEVELOPMENT model P2 (tham so fit tren promo/recs), dong bang TRUOC khi mo tap khoa",P2,orderfullx1,orderfull,1.0,40.0,FEASIBLE,True,0.746031746031746,140.0,175.0
predictions_frozen_RE2_P2_prosp4.json,"DEVELOPMENT model P2 (tham so fit tren promo/recs), dong bang TRUOC khi mo tap khoa",P2,orderfullx1,orderfull,1.0,60.0,FEASIBLE,True,0.6190476190476191,140.0,175.0
predictions_frozen_RE2_P2_prosp4.json,"DEVELOPMENT model P2 (tham so fit tren promo/recs), dong bang TRUOC khi mo tap khoa",P2,orderfullx1,orderfull,1.0,80.0,FEASIBLE,True,0.49206349206349204,140.0,175.0
predictions_frozen_RE2_P2_prosp4.json,"DEVELOPMENT model P2 (tham so fit tren promo/recs), dong bang TRUOC khi mo tap khoa",P0,reorderx1,reorder,1.0,140.0,FEASIBLE,False,0.24444444444444444,100.0,125.0
predictions_frozen_RE2_P2_prosp4.json,"DEVELOPMENT model P2 (tham so fit tren promo/recs), dong bang TRUOC khi mo tap khoa",P0,reorderx1,reorder,1.0,160.0,MARGINAL,False,0.4222222222222222,100.0,125.0
predictions_frozen_RE2_P2_prosp4.json,"DEVELOPMENT model P2 (tham so fit tren promo/recs), dong bang TRUOC khi mo tap khoa",P0,reorderx1,reorder,1.0,180.0,INFEASIBLE,False,0.6,100.0,125.0
predictions_frozen_RE2_P2_prosp4.json,"DEVELOPMENT model P2 (tham so fit tren promo/recs), dong bang TRUOC khi mo tap khoa",P0,reorderx1,reorder,1.0,200.0,INFEASIBLE,False,0.7777777777777778,100.0,125.0
predictions_frozen_RE2_P2_prosp4.json,"DEVELOPMENT model P2 (tham so fit tren promo/recs), dong bang TRUOC khi mo tap khoa",P0,reorderx1,reorder,1.0,220.0,INFEASIBLE,False,0.9555555555555556,100.0,125.0
predictions_frozen_RE2_P2_prosp4.json,"DEVELOPMENT model P2 (tham so fit tren promo/recs), dong bang TRUOC khi mo tap khoa",P0,reorderx1,reorder,1.0,240.0,INFEASIBLE,False,1.1333333333333333,100.0,125.0
predictions_frozen_RE2_P2_prosp4.json,"DEVELOPMENT model P2 (tham so fit tren promo/recs), dong bang TRUOC khi mo tap khoa",P0,reorderx1,reorder,1.0,260.0,INFEASIBLE,False,1.3111111111111111,100.0,125.0
predictions_frozen_RE2_P2_prosp4.json,"DEVELOPMENT model P2 (tham so fit tren promo/recs), dong bang TRUOC khi mo tap khoa",P0,reorderx1,reorder,1.0,40.0,FEASIBLE,True,0.6444444444444445,100.0,125.0
predictions_frozen_RE2_P2_prosp4.json,"DEVELOPMENT model P2 (tham so fit tren promo/recs), dong bang TRUOC khi mo tap khoa",P0,reorderx1,reorder,1.0,60.0,FEASIBLE,True,0.4666666666666667,100.0,125.0
predictions_frozen_RE2_P2_prosp4.json,"DEVELOPMENT model P2 (tham so fit tren promo/recs), dong bang TRUOC khi mo tap khoa",P0,reorderx1,reorder,1.0,80.0,FEASIBLE,True,0.28888888888888886,100.0,125.0
predictions_frozen_RE2_P2_prosp4.json,"DEVELOPMENT model P2 (tham so fit tren promo/recs), dong bang TRUOC khi mo tap khoa",P1,reorderx1,reorder,1.0,140.0,FEASIBLE,False,0.24444444444444444,100.0,125.0
predictions_frozen_RE2_P2_prosp4.json,"DEVELOPMENT model P2 (tham so fit tren promo/recs), dong bang TRUOC khi mo tap khoa",P1,reorderx1,reorder,1.0,160.0,MARGINAL,False,0.4222222222222222,100.0,125.0
predictions_frozen_RE2_P2_prosp4.json,"DEVELOPMENT model P2 (tham so fit tren promo/recs), dong bang TRUOC khi mo tap khoa",P1,reorderx1,reorder,1.0,180.0,INFEASIBLE,False,0.6,100.0,125.0
predictions_frozen_RE2_P2_prosp4.json,"DEVELOPMENT model P2 (tham so fit tren promo/recs), dong bang TRUOC khi mo tap khoa",P1,reorderx1,reorder,1.0,200.0,INFEASIBLE,False,0.7777777777777778,100.0,125.0
predictions_frozen_RE2_P2_prosp4.json,"DEVELOPMENT model P2 (tham so fit tren promo/recs), dong bang TRUOC khi mo tap khoa",P1,reorderx1,reorder,1.0,220.0,INFEASIBLE,False,0.9555555555555556,100.0,125.0
predictions_frozen_RE2_P2_prosp4.json,"DEVELOPMENT model P2 (tham so fit tren promo/recs), dong bang TRUOC khi mo tap khoa",P1,reorderx1,reorder,1.0,240.0,INFEASIBLE,False,1.1333333333333333,100.0,125.0
predictions_frozen_RE2_P2_prosp4.json,"DEVELOPMENT model P2 (tham so fit tren promo/recs), dong bang TRUOC khi mo tap khoa",P1,reorderx1,reorder,1.0,260.0,INFEASIBLE,False,1.3111111111111111,100.0,125.0
predictions_frozen_RE2_P2_prosp4.json,"DEVELOPMENT model P2 (tham so fit tren promo/recs), dong bang TRUOC khi mo tap khoa",P1,reorderx1,reorder,1.0,40.0,FEASIBLE,True,0.6444444444444445,100.0,125.0
predictions_frozen_RE2_P2_prosp4.json,"DEVELOPMENT model P2 (tham so fit tren promo/recs), dong bang TRUOC khi mo tap khoa",P1,reorderx1,reorder,1.0,60.0,FEASIBLE,True,0.4666666666666667,100.0,125.0
predictions_frozen_RE2_P2_prosp4.json,"DEVELOPMENT model P2 (tham so fit tren promo/recs), dong bang TRUOC khi mo tap khoa",P1,reorderx1,reorder,1.0,80.0,FEASIBLE,True,0.28888888888888886,100.0,125.0
predictions_frozen_RE2_P2_prosp4.json,"DEVELOPMENT model P2 (tham so fit tren promo/recs), dong bang TRUOC khi mo tap khoa",P1_ctrl,reorderx1,reorder,1.0,140.0,FEASIBLE,False,0.24444444444444444,100.0,125.0
predictions_frozen_RE2_P2_prosp4.json,"DEVELOPMENT model P2 (tham so fit tren promo/recs), dong bang TRUOC khi mo tap khoa",P1_ctrl,reorderx1,reorder,1.0,160.0,MARGINAL,False,0.4222222222222222,100.0,125.0
predictions_frozen_RE2_P2_prosp4.json,"DEVELOPMENT model P2 (tham so fit tren promo/recs), dong bang TRUOC khi mo tap khoa",P1_ctrl,reorderx1,reorder,1.0,180.0,INFEASIBLE,False,0.6,100.0,125.0
predictions_frozen_RE2_P2_prosp4.json,"DEVELOPMENT model P2 (tham so fit tren promo/recs), dong bang TRUOC khi mo tap khoa",P1_ctrl,reorderx1,reorder,1.0,200.0,INFEASIBLE,False,0.7777777777777778,100.0,125.0
predictions_frozen_RE2_P2_prosp4.json,"DEVELOPMENT model P2 (tham so fit tren promo/recs), dong bang TRUOC khi mo tap khoa",P1_ctrl,reorderx1,reorder,1.0,220.0,INFEASIBLE,False,0.9555555555555556,100.0,125.0
predictions_frozen_RE2_P2_prosp4.json,"DEVELOPMENT model P2 (tham so fit tren promo/recs), dong bang TRUOC khi mo tap khoa",P1_ctrl,reorderx1,reorder,1.0,240.0,INFEASIBLE,False,1.1333333333333333,100.0,125.0
predictions_frozen_RE2_P2_prosp4.json,"DEVELOPMENT model P2 (tham so fit tren promo/recs), dong bang TRUOC khi mo tap khoa",P1_ctrl,reorderx1,reorder,1.0,260.0,INFEASIBLE,False,1.3111111111111111,100.0,125.0
predictions_frozen_RE2_P2_prosp4.json,"DEVELOPMENT model P2 (tham so fit tren promo/recs), dong bang TRUOC khi mo tap khoa",P1_ctrl,reorderx1,reorder,1.0,40.0,FEASIBLE,True,0.6444444444444445,100.0,125.0
predictions_frozen_RE2_P2_prosp4.json,"DEVELOPMENT model P2 (tham so fit tren promo/recs), dong bang TRUOC khi mo tap khoa",P1_ctrl,reorderx1,reorder,1.0,60.0,FEASIBLE,True,0.4666666666666667,100.0,125.0
predictions_frozen_RE2_P2_prosp4.json,"DEVELOPMENT model P2 (tham so fit tren promo/recs), dong bang TRUOC khi mo tap khoa",P1_ctrl,reorderx1,reorder,1.0,80.0,FEASIBLE,True,0.28888888888888886,100.0,125.0
predictions_frozen_RE2_P2_prosp4.json,"DEVELOPMENT model P2 (tham so fit tren promo/recs), dong bang TRUOC khi mo tap khoa",P2,reorderx1,reorder,1.0,140.0,INFEASIBLE,False,0.24444444444444444,100.0,125.0
predictions_frozen_RE2_P2_prosp4.json,"DEVELOPMENT model P2 (tham so fit tren promo/recs), dong bang TRUOC khi mo tap khoa",P2,reorderx1,reorder,1.0,160.0,INFEASIBLE,False,0.4222222222222222,100.0,125.0
predictions_frozen_RE2_P2_prosp4.json,"DEVELOPMENT model P2 (tham so fit tren promo/recs), dong bang TRUOC khi mo tap khoa",P2,reorderx1,reorder,1.0,180.0,INFEASIBLE,False,0.6,100.0,125.0
predictions_frozen_RE2_P2_prosp4.json,"DEVELOPMENT model P2 (tham so fit tren promo/recs), dong bang TRUOC khi mo tap khoa",P2,reorderx1,reorder,1.0,200.0,INFEASIBLE,False,0.7777777777777778,100.0,125.0
predictions_frozen_RE2_P2_prosp4.json,"DEVELOPMENT model P2 (tham so fit tren promo/recs), dong bang TRUOC khi mo tap khoa",P2,reorderx1,reorder,1.0,220.0,INFEASIBLE,False,0.9555555555555556,100.0,125.0
predictions_frozen_RE2_P2_prosp4.json,"DEVELOPMENT model P2 (tham so fit tren promo/recs), dong bang TRUOC khi mo tap khoa",P2,reorderx1,reorder,1.0,240.0,INFEASIBLE,False,1.1333333333333333,100.0,125.0
predictions_frozen_RE2_P2_prosp4.json,"DEVELOPMENT model P2 (tham so fit tren promo/recs), dong bang TRUOC khi mo tap khoa",P2,reorderx1,reorder,1.0,260.0,INFEASIBLE,False,1.3111111111111111,100.0,125.0
predictions_frozen_RE2_P2_prosp4.json,"DEVELOPMENT model P2 (tham so fit tren promo/recs), dong bang TRUOC khi mo tap khoa",P2,reorderx1,reorder,1.0,40.0,FEASIBLE,True,0.6444444444444445,100.0,125.0
predictions_frozen_RE2_P2_prosp4.json,"DEVELOPMENT model P2 (tham so fit tren promo/recs), dong bang TRUOC khi mo tap khoa",P2,reorderx1,reorder,1.0,60.0,FEASIBLE,True,0.4666666666666667,100.0,125.0
predictions_frozen_RE2_P2_prosp4.json,"DEVELOPMENT model P2 (tham so fit tren promo/recs), dong bang TRUOC khi mo tap khoa",P2,reorderx1,reorder,1.0,80.0,FEASIBLE,True,0.28888888888888886,100.0,125.0
predictions_frozen_RE2_P3_prosp_account.json,"P3 TIEN CUU: k do bang probing SAU khi agent doc lap viet code, TRUOC khi chay ramp/xem dap an cho account",P3,accountx1,account,1.0,100.0,FEASIBLE,True,0.2857142857142857,125.0,155.0
predictions_frozen_RE2_P3_prosp_account.json,"P3 TIEN CUU: k do bang probing SAU khi agent doc lap viet code, TRUOC khi chay ramp/xem dap an cho account",P3,accountx1,account,1.0,120.0,INFEASIBLE,True,0.14285714285714285,125.0,155.0
predictions_frozen_RE2_P3_prosp_account.json,"P3 TIEN CUU: k do bang probing SAU khi agent doc lap viet code, TRUOC khi chay ramp/xem dap an cho account",P3,accountx1,account,1.0,160.0,INFEASIBLE,False,0.14285714285714285,125.0,155.0
predictions_frozen_RE2_P3_prosp_account.json,"P3 TIEN CUU: k do bang probing SAU khi agent doc lap viet code, TRUOC khi chay ramp/xem dap an cho account",P3,accountx1,account,1.0,180.0,INFEASIBLE,False,0.2857142857142857,125.0,155.0
predictions_frozen_RE2_P3_prosp_account.json,"P3 TIEN CUU: k do bang probing SAU khi agent doc lap viet code, TRUOC khi chay ramp/xem dap an cho account",P3,accountx1,account,1.0,200.0,INFEASIBLE,False,0.42857142857142855,125.0,155.0
predictions_frozen_RE2_P3_prosp_account.json,"P3 TIEN CUU: k do bang probing SAU khi agent doc lap viet code, TRUOC khi chay ramp/xem dap an cho account",P3,accountx1,account,1.0,220.0,INFEASIBLE,False,0.5714285714285714,125.0,155.0
predictions_frozen_RE2_P3_prosp_account.json,"P3 TIEN CUU: k do bang probing SAU khi agent doc lap viet code, TRUOC khi chay ramp/xem dap an cho account",P3,accountx1,account,1.0,240.0,INFEASIBLE,False,0.7142857142857143,125.0,155.0
predictions_frozen_RE2_P3_prosp_account.json,"P3 TIEN CUU: k do bang probing SAU khi agent doc lap viet code, TRUOC khi chay ramp/xem dap an cho account",P3,accountx1,account,1.0,260.0,INFEASIBLE,False,0.8571428571428571,125.0,155.0
predictions_frozen_RE2_P3_prosp_account.json,"P3 TIEN CUU: k do bang probing SAU khi agent doc lap viet code, TRUOC khi chay ramp/xem dap an cho account",P3,accountx1,account,1.0,40.0,FEASIBLE,True,0.7142857142857143,125.0,155.0
predictions_frozen_RE2_P3_prosp_account.json,"P3 TIEN CUU: k do bang probing SAU khi agent doc lap viet code, TRUOC khi chay ramp/xem dap an cho account",P3,accountx1,account,1.0,60.0,FEASIBLE,True,0.5714285714285714,125.0,155.0
predictions_frozen_RE2_P3_prosp_account.json,"P3 TIEN CUU: k do bang probing SAU khi agent doc lap viet code, TRUOC khi chay ramp/xem dap an cho account",P3,accountx1,account,1.0,80.0,FEASIBLE,True,0.42857142857142855,125.0,155.0
predictions_frozen_RE2_P3_prosp_browse.json,"P3 TIEN CUU: k do bang probing SAU khi agent doc lap viet code, TRUOC khi chay ramp/xem dap an cho browse",P3,browsex1,browse,1.0,100.0,FEASIBLE,True,0.5238095238095238,200.0,220.0
predictions_frozen_RE2_P3_prosp_browse.json,"P3 TIEN CUU: k do bang probing SAU khi agent doc lap viet code, TRUOC khi chay ramp/xem dap an cho browse",P3,browsex1,browse,1.0,120.0,FEASIBLE,True,0.42857142857142855,200.0,220.0
predictions_frozen_RE2_P3_prosp_browse.json,"P3 TIEN CUU: k do bang probing SAU khi agent doc lap viet code, TRUOC khi chay ramp/xem dap an cho browse",P3,browsex1,browse,1.0,140.0,FEASIBLE,True,0.3333333333333333,200.0,220.0
predictions_frozen_RE2_P3_prosp_browse.json,"P3 TIEN CUU: k do bang probing SAU khi agent doc lap viet code, TRUOC khi chay ramp/xem dap an cho browse",P3,browsex1,browse,1.0,160.0,FEASIBLE,True,0.23809523809523808,200.0,220.0
predictions_frozen_RE2_P3_prosp_browse.json,"P3 TIEN CUU: k do bang probing SAU khi agent doc lap viet code, TRUOC khi chay ramp/xem dap an cho browse",P3,browsex1,browse,1.0,180.0,MARGINAL,True,0.14285714285714285,200.0,220.0
predictions_frozen_RE2_P3_prosp_browse.json,"P3 TIEN CUU: k do bang probing SAU khi agent doc lap viet code, TRUOC khi chay ramp/xem dap an cho browse",P3,browsex1,browse,1.0,220.0,INFEASIBLE,False,0.047619047619047616,200.0,220.0
predictions_frozen_RE2_P3_prosp_browse.json,"P3 TIEN CUU: k do bang probing SAU khi agent doc lap viet code, TRUOC khi chay ramp/xem dap an cho browse",P3,browsex1,browse,1.0,240.0,INFEASIBLE,False,0.14285714285714285,200.0,220.0
predictions_frozen_RE2_P3_prosp_browse.json,"P3 TIEN CUU: k do bang probing SAU khi agent doc lap viet code, TRUOC khi chay ramp/xem dap an cho browse",P3,browsex1,browse,1.0,260.0,INFEASIBLE,False,0.23809523809523808,200.0,220.0
predictions_frozen_RE2_P3_prosp_browse.json,"P3 TIEN CUU: k do bang probing SAU khi agent doc lap viet code, TRUOC khi chay ramp/xem dap an cho browse",P3,browsex1,browse,1.0,40.0,FEASIBLE,True,0.8095238095238095,200.0,220.0
predictions_frozen_RE2_P3_prosp_browse.json,"P3 TIEN CUU: k do bang probing SAU khi agent doc lap viet code, TRUOC khi chay ramp/xem dap an cho browse",P3,browsex1,browse,1.0,60.0,FEASIBLE,True,0.7142857142857143,200.0,220.0
predictions_frozen_RE2_P3_prosp_browse.json,"P3 TIEN CUU: k do bang probing SAU khi agent doc lap viet code, TRUOC khi chay ramp/xem dap an cho browse",P3,browsex1,browse,1.0,80.0,FEASIBLE,True,0.6190476190476191,200.0,220.0
predictions_frozen_RE2_P3_prosp_browse.json,"P3 TIEN CUU: k do bang probing SAU khi agent doc lap viet code, TRUOC khi chay ramp/xem dap an cho browse",P3,browsex2,browse,2.0,100.0,FEASIBLE,True,0.5238095238095238,200.0,220.0
predictions_frozen_RE2_P3_prosp_browse.json,"P3 TIEN CUU: k do bang probing SAU khi agent doc lap viet code, TRUOC khi chay ramp/xem dap an cho browse",P3,browsex2,browse,2.0,120.0,FEASIBLE,True,0.42857142857142855,200.0,220.0
predictions_frozen_RE2_P3_prosp_browse.json,"P3 TIEN CUU: k do bang probing SAU khi agent doc lap viet code, TRUOC khi chay ramp/xem dap an cho browse",P3,browsex2,browse,2.0,140.0,FEASIBLE,True,0.3333333333333333,200.0,220.0
predictions_frozen_RE2_P3_prosp_browse.json,"P3 TIEN CUU: k do bang probing SAU khi agent doc lap viet code, TRUOC khi chay ramp/xem dap an cho browse",P3,browsex2,browse,2.0,160.0,MARGINAL,True,0.23809523809523808,200.0,220.0
predictions_frozen_RE2_P3_prosp_browse.json,"P3 TIEN CUU: k do bang probing SAU khi agent doc lap viet code, TRUOC khi chay ramp/xem dap an cho browse",P3,browsex2,browse,2.0,180.0,INFEASIBLE,True,0.14285714285714285,200.0,220.0
predictions_frozen_RE2_P3_prosp_browse.json,"P3 TIEN CUU: k do bang probing SAU khi agent doc lap viet code, TRUOC khi chay ramp/xem dap an cho browse",P3,browsex2,browse,2.0,220.0,INFEASIBLE,False,0.047619047619047616,200.0,220.0
predictions_frozen_RE2_P3_prosp_browse.json,"P3 TIEN CUU: k do bang probing SAU khi agent doc lap viet code, TRUOC khi chay ramp/xem dap an cho browse",P3,browsex2,browse,2.0,240.0,INFEASIBLE,False,0.14285714285714285,200.0,220.0
predictions_frozen_RE2_P3_prosp_browse.json,"P3 TIEN CUU: k do bang probing SAU khi agent doc lap viet code, TRUOC khi chay ramp/xem dap an cho browse",P3,browsex2,browse,2.0,260.0,INFEASIBLE,False,0.23809523809523808,200.0,220.0
predictions_frozen_RE2_P3_prosp_browse.json,"P3 TIEN CUU: k do bang probing SAU khi agent doc lap viet code, TRUOC khi chay ramp/xem dap an cho browse",P3,browsex2,browse,2.0,40.0,FEASIBLE,True,0.8095238095238095,200.0,220.0
predictions_frozen_RE2_P3_prosp_browse.json,"P3 TIEN CUU: k do bang probing SAU khi agent doc lap viet code, TRUOC khi chay ramp/xem dap an cho browse",P3,browsex2,browse,2.0,60.0,FEASIBLE,True,0.7142857142857143,200.0,220.0
predictions_frozen_RE2_P3_prosp_browse.json,"P3 TIEN CUU: k do bang probing SAU khi agent doc lap viet code, TRUOC khi chay ramp/xem dap an cho browse",P3,browsex2,browse,2.0,80.0,FEASIBLE,True,0.6190476190476191,200.0,220.0
predictions_frozen_RE2_P3_prosp_catsearch.json,"P3 TIEN CUU: k do bang probing SAU khi agent doc lap viet code, TRUOC khi chay ramp/xem dap an cho catsearch",P3,catsearchx1,catsearch,1.0,100.0,FEASIBLE,True,0.5402298850574713,195.0,240.0
predictions_frozen_RE2_P3_prosp_catsearch.json,"P3 TIEN CUU: k do bang probing SAU khi agent doc lap viet code, TRUOC khi chay ramp/xem dap an cho catsearch",P3,catsearchx1,catsearch,1.0,120.0,FEASIBLE,True,0.4482758620689655,195.0,240.0
predictions_frozen_RE2_P3_prosp_catsearch.json,"P3 TIEN CUU: k do bang probing SAU khi agent doc lap viet code, TRUOC khi chay ramp/xem dap an cho catsearch",P3,catsearchx1,catsearch,1.0,140.0,FEASIBLE,True,0.3563218390804598,195.0,240.0
predictions_frozen_RE2_P3_prosp_catsearch.json,"P3 TIEN CUU: k do bang probing SAU khi agent doc lap viet code, TRUOC khi chay ramp/xem dap an cho catsearch",P3,catsearchx1,catsearch,1.0,160.0,FEASIBLE,True,0.26436781609195403,195.0,240.0
predictions_frozen_RE2_P3_prosp_catsearch.json,"P3 TIEN CUU: k do bang probing SAU khi agent doc lap viet code, TRUOC khi chay ramp/xem dap an cho catsearch",P3,catsearchx1,catsearch,1.0,180.0,MARGINAL,True,0.1724137931034483,195.0,240.0
predictions_frozen_RE2_P3_prosp_catsearch.json,"P3 TIEN CUU: k do bang probing SAU khi agent doc lap viet code, TRUOC khi chay ramp/xem dap an cho catsearch",P3,catsearchx1,catsearch,1.0,240.0,INFEASIBLE,False,0.10344827586206896,195.0,240.0
predictions_frozen_RE2_P3_prosp_catsearch.json,"P3 TIEN CUU: k do bang probing SAU khi agent doc lap viet code, TRUOC khi chay ramp/xem dap an cho catsearch",P3,catsearchx1,catsearch,1.0,260.0,INFEASIBLE,False,0.19540229885057472,195.0,240.0
predictions_frozen_RE2_P3_prosp_catsearch.json,"P3 TIEN CUU: k do bang probing SAU khi agent doc lap viet code, TRUOC khi chay ramp/xem dap an cho catsearch",P3,catsearchx1,catsearch,1.0,40.0,FEASIBLE,True,0.8160919540229885,195.0,240.0
predictions_frozen_RE2_P3_prosp_catsearch.json,"P3 TIEN CUU: k do bang probing SAU khi agent doc lap viet code, TRUOC khi chay ramp/xem dap an cho catsearch",P3,catsearchx1,catsearch,1.0,60.0,FEASIBLE,True,0.7241379310344828,195.0,240.0
predictions_frozen_RE2_P3_prosp_catsearch.json,"P3 TIEN CUU: k do bang probing SAU khi agent doc lap viet code, TRUOC khi chay ramp/xem dap an cho catsearch",P3,catsearchx1,catsearch,1.0,80.0,FEASIBLE,True,0.632183908045977,195.0,240.0
predictions_frozen_RE2_P3_prosp_login.json,"P3 TIEN CUU: k do bang probing SAU khi agent doc lap viet code, TRUOC khi chay ramp/xem dap an cho login",P3,loginx1,login,1.0,100.0,FEASIBLE,True,0.42857142857142855,155.0,195.0
predictions_frozen_RE2_P3_prosp_login.json,"P3 TIEN CUU: k do bang probing SAU khi agent doc lap viet code, TRUOC khi chay ramp/xem dap an cho login",P3,loginx1,login,1.0,120.0,FEASIBLE,True,0.3142857142857143,155.0,195.0
predictions_frozen_RE2_P3_prosp_login.json,"P3 TIEN CUU: k do bang probing SAU khi agent doc lap viet code, TRUOC khi chay ramp/xem dap an cho login",P3,loginx1,login,1.0,140.0,FEASIBLE,True,0.2,155.0,195.0
predictions_frozen_RE2_P3_prosp_login.json,"P3 TIEN CUU: k do bang probing SAU khi agent doc lap viet code, TRUOC khi chay ramp/xem dap an cho login",P3,loginx1,login,1.0,200.0,INFEASIBLE,False,0.14285714285714285,155.0,195.0
predictions_frozen_RE2_P3_prosp_login.json,"P3 TIEN CUU: k do bang probing SAU khi agent doc lap viet code, TRUOC khi chay ramp/xem dap an cho login",P3,loginx1,login,1.0,220.0,INFEASIBLE,False,0.2571428571428571,155.0,195.0
predictions_frozen_RE2_P3_prosp_login.json,"P3 TIEN CUU: k do bang probing SAU khi agent doc lap viet code, TRUOC khi chay ramp/xem dap an cho login",P3,loginx1,login,1.0,240.0,INFEASIBLE,False,0.37142857142857144,155.0,195.0
predictions_frozen_RE2_P3_prosp_login.json,"P3 TIEN CUU: k do bang probing SAU khi agent doc lap viet code, TRUOC khi chay ramp/xem dap an cho login",P3,loginx1,login,1.0,260.0,INFEASIBLE,False,0.4857142857142857,155.0,195.0
predictions_frozen_RE2_P3_prosp_login.json,"P3 TIEN CUU: k do bang probing SAU khi agent doc lap viet code, TRUOC khi chay ramp/xem dap an cho login",P3,loginx1,login,1.0,40.0,FEASIBLE,True,0.7714285714285715,155.0,195.0
predictions_frozen_RE2_P3_prosp_login.json,"P3 TIEN CUU: k do bang probing SAU khi agent doc lap viet code, TRUOC khi chay ramp/xem dap an cho login",P3,loginx1,login,1.0,60.0,FEASIBLE,True,0.6571428571428571,155.0,195.0
predictions_frozen_RE2_P3_prosp_login.json,"P3 TIEN CUU: k do bang probing SAU khi agent doc lap viet code, TRUOC khi chay ramp/xem dap an cho login",P3,loginx1,login,1.0,80.0,FEASIBLE,True,0.5428571428571428,155.0,195.0
predictions_frozen_RE2_P3_prosp_login.json,"P3 TIEN CUU: k do bang probing SAU khi agent doc lap viet code, TRUOC khi chay ramp/xem dap an cho login",P3,loginx2,login,2.0,100.0,FEASIBLE,True,0.2857142857142857,125.0,155.0
predictions_frozen_RE2_P3_prosp_login.json,"P3 TIEN CUU: k do bang probing SAU khi agent doc lap viet code, TRUOC khi chay ramp/xem dap an cho login",P3,loginx2,login,2.0,120.0,FEASIBLE,True,0.14285714285714285,125.0,155.0
predictions_frozen_RE2_P3_prosp_login.json,"P3 TIEN CUU: k do bang probing SAU khi agent doc lap viet code, TRUOC khi chay ramp/xem dap an cho login",P3,loginx2,login,2.0,160.0,MARGINAL,False,0.14285714285714285,125.0,155.0
predictions_frozen_RE2_P3_prosp_login.json,"P3 TIEN CUU: k do bang probing SAU khi agent doc lap viet code, TRUOC khi chay ramp/xem dap an cho login",P3,loginx2,login,2.0,180.0,INFEASIBLE,False,0.2857142857142857,125.0,155.0
predictions_frozen_RE2_P3_prosp_login.json,"P3 TIEN CUU: k do bang probing SAU khi agent doc lap viet code, TRUOC khi chay ramp/xem dap an cho login",P3,loginx2,login,2.0,200.0,INFEASIBLE,False,0.42857142857142855,125.0,155.0
predictions_frozen_RE2_P3_prosp_login.json,"P3 TIEN CUU: k do bang probing SAU khi agent doc lap viet code, TRUOC khi chay ramp/xem dap an cho login",P3,loginx2,login,2.0,220.0,INFEASIBLE,False,0.5714285714285714,125.0,155.0
predictions_frozen_RE2_P3_prosp_login.json,"P3 TIEN CUU: k do bang probing SAU khi agent doc lap viet code, TRUOC khi chay ramp/xem dap an cho login",P3,loginx2,login,2.0,240.0,INFEASIBLE,False,0.7142857142857143,125.0,155.0
predictions_frozen_RE2_P3_prosp_login.json,"P3 TIEN CUU: k do bang probing SAU khi agent doc lap viet code, TRUOC khi chay ramp/xem dap an cho login",P3,loginx2,login,2.0,260.0,INFEASIBLE,False,0.8571428571428571,125.0,155.0
predictions_frozen_RE2_P3_prosp_login.json,"P3 TIEN CUU: k do bang probing SAU khi agent doc lap viet code, TRUOC khi chay ramp/xem dap an cho login",P3,loginx2,login,2.0,40.0,FEASIBLE,True,0.7142857142857143,125.0,155.0
predictions_frozen_RE2_P3_prosp_login.json,"P3 TIEN CUU: k do bang probing SAU khi agent doc lap viet code, TRUOC khi chay ramp/xem dap an cho login",P3,loginx2,login,2.0,60.0,FEASIBLE,True,0.5714285714285714,125.0,155.0
predictions_frozen_RE2_P3_prosp_login.json,"P3 TIEN CUU: k do bang probing SAU khi agent doc lap viet code, TRUOC khi chay ramp/xem dap an cho login",P3,loginx2,login,2.0,80.0,FEASIBLE,True,0.42857142857142855,125.0,155.0
predictions_frozen_RE2_P3_prosp_orderfull.json,"P3 TIEN CUU: k do bang probing SAU khi agent doc lap viet code, TRUOC khi chay ramp/xem dap an cho orderfull",P3,orderfullx1,orderfull,1.0,100.0,FEASIBLE,True,0.36507936507936506,140.0,175.0
predictions_frozen_RE2_P3_prosp_orderfull.json,"P3 TIEN CUU: k do bang probing SAU khi agent doc lap viet code, TRUOC khi chay ramp/xem dap an cho orderfull",P3,orderfullx1,orderfull,1.0,120.0,FEASIBLE,True,0.23809523809523808,140.0,175.0
predictions_frozen_RE2_P3_prosp_orderfull.json,"P3 TIEN CUU: k do bang probing SAU khi agent doc lap viet code, TRUOC khi chay ramp/xem dap an cho orderfull",P3,orderfullx1,orderfull,1.0,180.0,INFEASIBLE,False,0.14285714285714285,140.0,175.0
predictions_frozen_RE2_P3_prosp_orderfull.json,"P3 TIEN CUU: k do bang probing SAU khi agent doc lap viet code, TRUOC khi chay ramp/xem dap an cho orderfull",P3,orderfullx1,orderfull,1.0,200.0,INFEASIBLE,False,0.2698412698412698,140.0,175.0
predictions_frozen_RE2_P3_prosp_orderfull.json,"P3 TIEN CUU: k do bang probing SAU khi agent doc lap viet code, TRUOC khi chay ramp/xem dap an cho orderfull",P3,orderfullx1,orderfull,1.0,220.0,INFEASIBLE,False,0.3968253968253968,140.0,175.0
predictions_frozen_RE2_P3_prosp_orderfull.json,"P3 TIEN CUU: k do bang probing SAU khi agent doc lap viet code, TRUOC khi chay ramp/xem dap an cho orderfull",P3,orderfullx1,orderfull,1.0,240.0,INFEASIBLE,False,0.5238095238095238,140.0,175.0
predictions_frozen_RE2_P3_prosp_orderfull.json,"P3 TIEN CUU: k do bang probing SAU khi agent doc lap viet code, TRUOC khi chay ramp/xem dap an cho orderfull",P3,orderfullx1,orderfull,1.0,260.0,INFEASIBLE,False,0.6507936507936508,140.0,175.0
predictions_frozen_RE2_P3_prosp_orderfull.json,"P3 TIEN CUU: k do bang probing SAU khi agent doc lap viet code, TRUOC khi chay ramp/xem dap an cho orderfull",P3,orderfullx1,orderfull,1.0,40.0,FEASIBLE,True,0.746031746031746,140.0,175.0
predictions_frozen_RE2_P3_prosp_orderfull.json,"P3 TIEN CUU: k do bang probing SAU khi agent doc lap viet code, TRUOC khi chay ramp/xem dap an cho orderfull",P3,orderfullx1,orderfull,1.0,60.0,FEASIBLE,True,0.6190476190476191,140.0,175.0
predictions_frozen_RE2_P3_prosp_orderfull.json,"P3 TIEN CUU: k do bang probing SAU khi agent doc lap viet code, TRUOC khi chay ramp/xem dap an cho orderfull",P3,orderfullx1,orderfull,1.0,80.0,FEASIBLE,True,0.49206349206349204,140.0,175.0
predictions_frozen_RE2_P3_prosp_orderhist.json,"P3 TIEN CUU: k do bang probing SAU khi agent doc lap viet code, TRUOC khi chay ramp/xem dap an cho orderhist",P3,orderhistx1,orderhist,1.0,100.0,FEASIBLE,True,0.42857142857142855,155.0,195.0
predictions_frozen_RE2_P3_prosp_orderhist.json,"P3 TIEN CUU: k do bang probing SAU khi agent doc lap viet code, TRUOC khi chay ramp/xem dap an cho orderhist",P3,orderhistx1,orderhist,1.0,120.0,FEASIBLE,True,0.3142857142857143,155.0,195.0
predictions_frozen_RE2_P3_prosp_orderhist.json,"P3 TIEN CUU: k do bang probing SAU khi agent doc lap viet code, TRUOC khi chay ramp/xem dap an cho orderhist",P3,orderhistx1,orderhist,1.0,140.0,FEASIBLE,True,0.2,155.0,195.0
predictions_frozen_RE2_P3_prosp_orderhist.json,"P3 TIEN CUU: k do bang probing SAU khi agent doc lap viet code, TRUOC khi chay ramp/xem dap an cho orderhist",P3,orderhistx1,orderhist,1.0,200.0,INFEASIBLE,False,0.14285714285714285,155.0,195.0
predictions_frozen_RE2_P3_prosp_orderhist.json,"P3 TIEN CUU: k do bang probing SAU khi agent doc lap viet code, TRUOC khi chay ramp/xem dap an cho orderhist",P3,orderhistx1,orderhist,1.0,220.0,INFEASIBLE,False,0.2571428571428571,155.0,195.0
predictions_frozen_RE2_P3_prosp_orderhist.json,"P3 TIEN CUU: k do bang probing SAU khi agent doc lap viet code, TRUOC khi chay ramp/xem dap an cho orderhist",P3,orderhistx1,orderhist,1.0,240.0,INFEASIBLE,False,0.37142857142857144,155.0,195.0
predictions_frozen_RE2_P3_prosp_orderhist.json,"P3 TIEN CUU: k do bang probing SAU khi agent doc lap viet code, TRUOC khi chay ramp/xem dap an cho orderhist",P3,orderhistx1,orderhist,1.0,260.0,INFEASIBLE,False,0.4857142857142857,155.0,195.0
predictions_frozen_RE2_P3_prosp_orderhist.json,"P3 TIEN CUU: k do bang probing SAU khi agent doc lap viet code, TRUOC khi chay ramp/xem dap an cho orderhist",P3,orderhistx1,orderhist,1.0,40.0,FEASIBLE,True,0.7714285714285715,155.0,195.0
predictions_frozen_RE2_P3_prosp_orderhist.json,"P3 TIEN CUU: k do bang probing SAU khi agent doc lap viet code, TRUOC khi chay ramp/xem dap an cho orderhist",P3,orderhistx1,orderhist,1.0,60.0,FEASIBLE,True,0.6571428571428571,155.0,195.0
predictions_frozen_RE2_P3_prosp_orderhist.json,"P3 TIEN CUU: k do bang probing SAU khi agent doc lap viet code, TRUOC khi chay ramp/xem dap an cho orderhist",P3,orderhistx1,orderhist,1.0,80.0,FEASIBLE,True,0.5428571428571428,155.0,195.0
predictions_frozen_RE2_P3_prosp_preview.json,"P3 TIEN CUU: k do bang probing SAU khi agent doc lap viet code, TRUOC khi chay ramp/xem dap an cho preview",P3,previewx1,preview,1.0,100.0,FEASIBLE,True,0.49044585987261147,175.0,217.5
predictions_frozen_RE2_P3_prosp_preview.json,"P3 TIEN CUU: k do bang probing SAU khi agent doc lap viet code, TRUOC khi chay ramp/xem dap an cho preview",P3,previewx1,preview,1.0,120.0,FEASIBLE,True,0.3885350318471338,175.0,217.5
predictions_frozen_RE2_P3_prosp_preview.json,"P3 TIEN CUU: k do bang probing SAU khi agent doc lap viet code, TRUOC khi chay ramp/xem dap an cho preview",P3,previewx1,preview,1.0,140.0,FEASIBLE,True,0.28662420382165604,175.0,217.5
predictions_frozen_RE2_P3_prosp_preview.json,"P3 TIEN CUU: k do bang probing SAU khi agent doc lap viet code, TRUOC khi chay ramp/xem dap an cho preview",P3,previewx1,preview,1.0,160.0,FEASIBLE,True,0.18471337579617833,175.0,217.5
predictions_frozen_RE2_P3_prosp_preview.json,"P3 TIEN CUU: k do bang probing SAU khi agent doc lap viet code, TRUOC khi chay ramp/xem dap an cho preview",P3,previewx1,preview,1.0,220.0,INFEASIBLE,False,0.12101910828025478,175.0,217.5
predictions_frozen_RE2_P3_prosp_preview.json,"P3 TIEN CUU: k do bang probing SAU khi agent doc lap viet code, TRUOC khi chay ramp/xem dap an cho preview",P3,previewx1,preview,1.0,240.0,INFEASIBLE,False,0.2229299363057325,175.0,217.5
predictions_frozen_RE2_P3_prosp_preview.json,"P3 TIEN CUU: k do bang probing SAU khi agent doc lap viet code, TRUOC khi chay ramp/xem dap an cho preview",P3,previewx1,preview,1.0,260.0,INFEASIBLE,False,0.3248407643312102,175.0,217.5
predictions_frozen_RE2_P3_prosp_preview.json,"P3 TIEN CUU: k do bang probing SAU khi agent doc lap viet code, TRUOC khi chay ramp/xem dap an cho preview",P3,previewx1,preview,1.0,40.0,FEASIBLE,True,0.7961783439490446,175.0,217.5
predictions_frozen_RE2_P3_prosp_preview.json,"P3 TIEN CUU: k do bang probing SAU khi agent doc lap viet code, TRUOC khi chay ramp/xem dap an cho preview",P3,previewx1,preview,1.0,60.0,FEASIBLE,True,0.6942675159235668,175.0,217.5
predictions_frozen_RE2_P3_prosp_preview.json,"P3 TIEN CUU: k do bang probing SAU khi agent doc lap viet code, TRUOC khi chay ramp/xem dap an cho preview",P3,previewx1,preview,1.0,80.0,FEASIBLE,True,0.5923566878980892,175.0,217.5
predictions_frozen_RE2_P3_prosp_register.json,"P3 TIEN CUU: k do bang probing SAU khi agent doc lap viet code, TRUOC khi chay ramp/xem dap an cho register",P3,registerx1,register,1.0,100.0,FEASIBLE,True,0.42857142857142855,155.0,195.0
predictions_frozen_RE2_P3_prosp_register.json,"P3 TIEN CUU: k do bang probing SAU khi agent doc lap viet code, TRUOC khi chay ramp/xem dap an cho register",P3,registerx1,register,1.0,120.0,FEASIBLE,True,0.3142857142857143,155.0,195.0
predictions_frozen_RE2_P3_prosp_register.json,"P3 TIEN CUU: k do bang probing SAU khi agent doc lap viet code, TRUOC khi chay ramp/xem dap an cho register",P3,registerx1,register,1.0,140.0,FEASIBLE,True,0.2,155.0,195.0
predictions_frozen_RE2_P3_prosp_register.json,"P3 TIEN CUU: k do bang probing SAU khi agent doc lap viet code, TRUOC khi chay ramp/xem dap an cho register",P3,registerx1,register,1.0,200.0,INFEASIBLE,False,0.14285714285714285,155.0,195.0
predictions_frozen_RE2_P3_prosp_register.json,"P3 TIEN CUU: k do bang probing SAU khi agent doc lap viet code, TRUOC khi chay ramp/xem dap an cho register",P3,registerx1,register,1.0,220.0,INFEASIBLE,False,0.2571428571428571,155.0,195.0
predictions_frozen_RE2_P3_prosp_register.json,"P3 TIEN CUU: k do bang probing SAU khi agent doc lap viet code, TRUOC khi chay ramp/xem dap an cho register",P3,registerx1,register,1.0,240.0,INFEASIBLE,False,0.37142857142857144,155.0,195.0
predictions_frozen_RE2_P3_prosp_register.json,"P3 TIEN CUU: k do bang probing SAU khi agent doc lap viet code, TRUOC khi chay ramp/xem dap an cho register",P3,registerx1,register,1.0,260.0,INFEASIBLE,False,0.4857142857142857,155.0,195.0
predictions_frozen_RE2_P3_prosp_register.json,"P3 TIEN CUU: k do bang probing SAU khi agent doc lap viet code, TRUOC khi chay ramp/xem dap an cho register",P3,registerx1,register,1.0,40.0,FEASIBLE,True,0.7714285714285715,155.0,195.0
predictions_frozen_RE2_P3_prosp_register.json,"P3 TIEN CUU: k do bang probing SAU khi agent doc lap viet code, TRUOC khi chay ramp/xem dap an cho register",P3,registerx1,register,1.0,60.0,FEASIBLE,True,0.6571428571428571,155.0,195.0
predictions_frozen_RE2_P3_prosp_register.json,"P3 TIEN CUU: k do bang probing SAU khi agent doc lap viet code, TRUOC khi chay ramp/xem dap an cho register",P3,registerx1,register,1.0,80.0,FEASIBLE,True,0.5428571428571428,155.0,195.0
predictions_frozen_RE2_P3_prosp_register.json,"P3 TIEN CUU: k do bang probing SAU khi agent doc lap viet code, TRUOC khi chay ramp/xem dap an cho register",P3,registerx2,register,2.0,100.0,FEASIBLE,True,0.2857142857142857,125.0,155.0
predictions_frozen_RE2_P3_prosp_register.json,"P3 TIEN CUU: k do bang probing SAU khi agent doc lap viet code, TRUOC khi chay ramp/xem dap an cho register",P3,registerx2,register,2.0,120.0,FEASIBLE,True,0.14285714285714285,125.0,155.0
predictions_frozen_RE2_P3_prosp_register.json,"P3 TIEN CUU: k do bang probing SAU khi agent doc lap viet code, TRUOC khi chay ramp/xem dap an cho register",P3,registerx2,register,2.0,160.0,MARGINAL,False,0.14285714285714285,125.0,155.0
predictions_frozen_RE2_P3_prosp_register.json,"P3 TIEN CUU: k do bang probing SAU khi agent doc lap viet code, TRUOC khi chay ramp/xem dap an cho register",P3,registerx2,register,2.0,180.0,INFEASIBLE,False,0.2857142857142857,125.0,155.0
predictions_frozen_RE2_P3_prosp_register.json,"P3 TIEN CUU: k do bang probing SAU khi agent doc lap viet code, TRUOC khi chay ramp/xem dap an cho register",P3,registerx2,register,2.0,200.0,INFEASIBLE,False,0.42857142857142855,125.0,155.0
predictions_frozen_RE2_P3_prosp_register.json,"P3 TIEN CUU: k do bang probing SAU khi agent doc lap viet code, TRUOC khi chay ramp/xem dap an cho register",P3,registerx2,register,2.0,220.0,INFEASIBLE,False,0.5714285714285714,125.0,155.0
predictions_frozen_RE2_P3_prosp_register.json,"P3 TIEN CUU: k do bang probing SAU khi agent doc lap viet code, TRUOC khi chay ramp/xem dap an cho register",P3,registerx2,register,2.0,240.0,INFEASIBLE,False,0.7142857142857143,125.0,155.0
predictions_frozen_RE2_P3_prosp_register.json,"P3 TIEN CUU: k do bang probing SAU khi agent doc lap viet code, TRUOC khi chay ramp/xem dap an cho register",P3,registerx2,register,2.0,260.0,INFEASIBLE,False,0.8571428571428571,125.0,155.0
predictions_frozen_RE2_P3_prosp_register.json,"P3 TIEN CUU: k do bang probing SAU khi agent doc lap viet code, TRUOC khi chay ramp/xem dap an cho register",P3,registerx2,register,2.0,40.0,FEASIBLE,True,0.7142857142857143,125.0,155.0
predictions_frozen_RE2_P3_prosp_register.json,"P3 TIEN CUU: k do bang probing SAU khi agent doc lap viet code, TRUOC khi chay ramp/xem dap an cho register",P3,registerx2,register,2.0,60.0,FEASIBLE,True,0.5714285714285714,125.0,155.0
predictions_frozen_RE2_P3_prosp_register.json,"P3 TIEN CUU: k do bang probing SAU khi agent doc lap viet code, TRUOC khi chay ramp/xem dap an cho register",P3,registerx2,register,2.0,80.0,FEASIBLE,True,0.42857142857142855,125.0,155.0
predictions_frozen_RE2_P3_prosp_related.json,"P3 TIEN CUU: k do bang probing SAU khi agent doc lap viet code, TRUOC khi chay ramp/xem dap an cho related",P3,relatedx1,related,1.0,100.0,FEASIBLE,True,0.49044585987261147,175.0,217.5
predictions_frozen_RE2_P3_prosp_related.json,"P3 TIEN CUU: k do bang probing SAU khi agent doc lap viet code, TRUOC khi chay ramp/xem dap an cho related",P3,relatedx1,related,1.0,120.0,FEASIBLE,True,0.3885350318471338,175.0,217.5
predictions_frozen_RE2_P3_prosp_related.json,"P3 TIEN CUU: k do bang probing SAU khi agent doc lap viet code, TRUOC khi chay ramp/xem dap an cho related",P3,relatedx1,related,1.0,140.0,FEASIBLE,True,0.28662420382165604,175.0,217.5
predictions_frozen_RE2_P3_prosp_related.json,"P3 TIEN CUU: k do bang probing SAU khi agent doc lap viet code, TRUOC khi chay ramp/xem dap an cho related",P3,relatedx1,related,1.0,160.0,MARGINAL,True,0.18471337579617833,175.0,217.5
predictions_frozen_RE2_P3_prosp_related.json,"P3 TIEN CUU: k do bang probing SAU khi agent doc lap viet code, TRUOC khi chay ramp/xem dap an cho related",P3,relatedx1,related,1.0,220.0,INFEASIBLE,False,0.12101910828025478,175.0,217.5
predictions_frozen_RE2_P3_prosp_related.json,"P3 TIEN CUU: k do bang probing SAU khi agent doc lap viet code, TRUOC khi chay ramp/xem dap an cho related",P3,relatedx1,related,1.0,240.0,INFEASIBLE,False,0.2229299363057325,175.0,217.5
predictions_frozen_RE2_P3_prosp_related.json,"P3 TIEN CUU: k do bang probing SAU khi agent doc lap viet code, TRUOC khi chay ramp/xem dap an cho related",P3,relatedx1,related,1.0,260.0,INFEASIBLE,False,0.3248407643312102,175.0,217.5
predictions_frozen_RE2_P3_prosp_related.json,"P3 TIEN CUU: k do bang probing SAU khi agent doc lap viet code, TRUOC khi chay ramp/xem dap an cho related",P3,relatedx1,related,1.0,40.0,FEASIBLE,True,0.7961783439490446,175.0,217.5
predictions_frozen_RE2_P3_prosp_related.json,"P3 TIEN CUU: k do bang probing SAU khi agent doc lap viet code, TRUOC khi chay ramp/xem dap an cho related",P3,relatedx1,related,1.0,60.0,FEASIBLE,True,0.6942675159235668,175.0,217.5
predictions_frozen_RE2_P3_prosp_related.json,"P3 TIEN CUU: k do bang probing SAU khi agent doc lap viet code, TRUOC khi chay ramp/xem dap an cho related",P3,relatedx1,related,1.0,80.0,FEASIBLE,True,0.5923566878980892,175.0,217.5
predictions_frozen_RE2_P3_prosp_reorder.json,"P3 TIEN CUU: k do bang probing SAU khi agent doc lap viet code, TRUOC khi chay ramp/xem dap an cho reorder",P3,reorderx1,reorder,1.0,140.0,INFEASIBLE,False,0.24444444444444444,100.0,125.0
predictions_frozen_RE2_P3_prosp_reorder.json,"P3 TIEN CUU: k do bang probing SAU khi agent doc lap viet code, TRUOC khi chay ramp/xem dap an cho reorder",P3,reorderx1,reorder,1.0,160.0,INFEASIBLE,False,0.4222222222222222,100.0,125.0
predictions_frozen_RE2_P3_prosp_reorder.json,"P3 TIEN CUU: k do bang probing SAU khi agent doc lap viet code, TRUOC khi chay ramp/xem dap an cho reorder",P3,reorderx1,reorder,1.0,180.0,INFEASIBLE,False,0.6,100.0,125.0
predictions_frozen_RE2_P3_prosp_reorder.json,"P3 TIEN CUU: k do bang probing SAU khi agent doc lap viet code, TRUOC khi chay ramp/xem dap an cho reorder",P3,reorderx1,reorder,1.0,200.0,INFEASIBLE,False,0.7777777777777778,100.0,125.0
predictions_frozen_RE2_P3_prosp_reorder.json,"P3 TIEN CUU: k do bang probing SAU khi agent doc lap viet code, TRUOC khi chay ramp/xem dap an cho reorder",P3,reorderx1,reorder,1.0,220.0,INFEASIBLE,False,0.9555555555555556,100.0,125.0
predictions_frozen_RE2_P3_prosp_reorder.json,"P3 TIEN CUU: k do bang probing SAU khi agent doc lap viet code, TRUOC khi chay ramp/xem dap an cho reorder",P3,reorderx1,reorder,1.0,240.0,INFEASIBLE,False,1.1333333333333333,100.0,125.0
predictions_frozen_RE2_P3_prosp_reorder.json,"P3 TIEN CUU: k do bang probing SAU khi agent doc lap viet code, TRUOC khi chay ramp/xem dap an cho reorder",P3,reorderx1,reorder,1.0,260.0,INFEASIBLE,False,1.3111111111111111,100.0,125.0
predictions_frozen_RE2_P3_prosp_reorder.json,"P3 TIEN CUU: k do bang probing SAU khi agent doc lap viet code, TRUOC khi chay ramp/xem dap an cho reorder",P3,reorderx1,reorder,1.0,40.0,FEASIBLE,True,0.6444444444444445,100.0,125.0
predictions_frozen_RE2_P3_prosp_reorder.json,"P3 TIEN CUU: k do bang probing SAU khi agent doc lap viet code, TRUOC khi chay ramp/xem dap an cho reorder",P3,reorderx1,reorder,1.0,60.0,FEASIBLE,True,0.4666666666666667,100.0,125.0
predictions_frozen_RE2_P3_prosp_reorder.json,"P3 TIEN CUU: k do bang probing SAU khi agent doc lap viet code, TRUOC khi chay ramp/xem dap an cho reorder",P3,reorderx1,reorder,1.0,80.0,MARGINAL,True,0.28888888888888886,100.0,125.0
predictions_frozen_RE2_P3_prosp_wishlist.json,"P3 TIEN CUU: k do bang probing SAU khi agent doc lap viet code, TRUOC khi chay ramp/xem dap an cho wishlist",P3,wishlistx1,wishlist,1.0,100.0,FEASIBLE,True,0.36507936507936506,140.0,175.0
predictions_frozen_RE2_P3_prosp_wishlist.json,"P3 TIEN CUU: k do bang probing SAU khi agent doc lap viet code, TRUOC khi chay ramp/xem dap an cho wishlist",P3,wishlistx1,wishlist,1.0,120.0,FEASIBLE,True,0.23809523809523808,140.0,175.0
predictions_frozen_RE2_P3_prosp_wishlist.json,"P3 TIEN CUU: k do bang probing SAU khi agent doc lap viet code, TRUOC khi chay ramp/xem dap an cho wishlist",P3,wishlistx1,wishlist,1.0,180.0,INFEASIBLE,False,0.14285714285714285,140.0,175.0
predictions_frozen_RE2_P3_prosp_wishlist.json,"P3 TIEN CUU: k do bang probing SAU khi agent doc lap viet code, TRUOC khi chay ramp/xem dap an cho wishlist",P3,wishlistx1,wishlist,1.0,200.0,INFEASIBLE,False,0.2698412698412698,140.0,175.0
predictions_frozen_RE2_P3_prosp_wishlist.json,"P3 TIEN CUU: k do bang probing SAU khi agent doc lap viet code, TRUOC khi chay ramp/xem dap an cho wishlist",P3,wishlistx1,wishlist,1.0,220.0,INFEASIBLE,False,0.3968253968253968,140.0,175.0
predictions_frozen_RE2_P3_prosp_wishlist.json,"P3 TIEN CUU: k do bang probing SAU khi agent doc lap viet code, TRUOC khi chay ramp/xem dap an cho wishlist",P3,wishlistx1,wishlist,1.0,240.0,INFEASIBLE,False,0.5238095238095238,140.0,175.0
predictions_frozen_RE2_P3_prosp_wishlist.json,"P3 TIEN CUU: k do bang probing SAU khi agent doc lap viet code, TRUOC khi chay ramp/xem dap an cho wishlist",P3,wishlistx1,wishlist,1.0,260.0,INFEASIBLE,False,0.6507936507936508,140.0,175.0
predictions_frozen_RE2_P3_prosp_wishlist.json,"P3 TIEN CUU: k do bang probing SAU khi agent doc lap viet code, TRUOC khi chay ramp/xem dap an cho wishlist",P3,wishlistx1,wishlist,1.0,40.0,FEASIBLE,True,0.746031746031746,140.0,175.0
predictions_frozen_RE2_P3_prosp_wishlist.json,"P3 TIEN CUU: k do bang probing SAU khi agent doc lap viet code, TRUOC khi chay ramp/xem dap an cho wishlist",P3,wishlistx1,wishlist,1.0,60.0,FEASIBLE,True,0.6190476190476191,140.0,175.0
predictions_frozen_RE2_P3_prosp_wishlist.json,"P3 TIEN CUU: k do bang probing SAU khi agent doc lap viet code, TRUOC khi chay ramp/xem dap an cho wishlist",P3,wishlistx1,wishlist,1.0,80.0,FEASIBLE,True,0.49206349206349204,140.0,175.0
