msname,metric,n,rel_range,r2,slope
002251d4123496684687c2acad43bdef9419a5e4fc01a65d2c558af92a5ad649,cpu,300,1.2548314332962036,0.0039803241802669476,5.297080362267884e-08
002251d4123496684687c2acad43bdef9419a5e4fc01a65d2c558af92a5ad649,mem,300,1.2548314332962036,0.08099935556163262,-2.3665371800639626e-08
0023afa70a8c05ccf27bff17cbe84c79e18cdf400e92f213851e54c985253ec6,cpu,300,0.22065268456935883,0.8619221967635853,4.766600348747485e-06
0023afa70a8c05ccf27bff17cbe84c79e18cdf400e92f213851e54c985253ec6,mem,300,0.22065268456935883,0.016956234322234698,-1.0242306334827045e-07
00292757babaf611f8dd649bedfbc5cfed3b59f7a2f0e7dc225b2577a3c1ba37,cpu,300,0.34267711639404297,0.014911120652730592,-0.00016503601388109205
00292757babaf611f8dd649bedfbc5cfed3b59f7a2f0e7dc225b2577a3c1ba37,mem,300,0.34267711639404297,0.13401208697435296,-0.002884363954041054
003071d94dbe7b8c77f41b3bf7dc0b5fdef027c56d6430ed74a94153c670c652,cpu,300,0.8374356627464294,0.10626955261765159,5.925416137110367e-05
003071d94dbe7b8c77f41b3bf7dc0b5fdef027c56d6430ed74a94153c670c652,mem,300,0.8374356627464294,0.000527321095784905,-6.510498342386186e-07
0056d10180b7601f584d86613cca7931fc9030a70c1bc6589bf49c8c039c4573,cpu,300,13.919373512268066,3.2920131738944924e-05,-1.1119435362189868e-05
0056d10180b7601f584d86613cca7931fc9030a70c1bc6589bf49c8c039c4573,mem,300,13.919373512268066,0.011996146633810656,1.5258605796458824e-06
005f4852256d09efba0aaad947173fe8e4d615bcd0e43ed0b50722f5c493dd79,cpu,298,16.946081161499023,0.0005126266509806188,-3.2668425519781317e-06
005f4852256d09efba0aaad947173fe8e4d615bcd0e43ed0b50722f5c493dd79,mem,298,16.946081161499023,0.0003118437835794019,-7.336664093247751e-07
006b06cb465b49d445eedd2af00ddd56fbef9ddf72fe091d06baa0cf4dfe920a,cpu,300,1.4227406978607178,0.5902394882166321,0.00045536649845324023
006b06cb465b49d445eedd2af00ddd56fbef9ddf72fe091d06baa0cf4dfe920a,mem,300,1.4227406978607178,0.05051691635282851,1.816140329851014e-05
00994b42ca2c6618970a23c0087bda67eb2a298404dc3a5fad85d46d011d850e,cpu,300,1.3894238471984863,0.23629533360463817,0.00011988847422811262
00994b42ca2c6618970a23c0087bda67eb2a298404dc3a5fad85d46d011d850e,mem,300,1.3894238471984863,3.567680072913415e-05,-1.9214970374182317e-06
00cad2e97b00e0452aa5bdce6a72d9946df32edaf79e7e2df9f932c7cb0ca1e5,cpu,300,0.4575781226158142,0.8072699427592145,7.349638192178596e-05
00cad2e97b00e0452aa5bdce6a72d9946df32edaf79e7e2df9f932c7cb0ca1e5,mem,300,0.4575781226158142,0.3875194043469452,7.539142397358135e-06
00d7f431c614ceb809744092d9dc731b93b77de8d834e5759b0befe055378777,cpu,300,0.3912317752838135,0.10031216195389336,3.900788284268039e-06
00d7f431c614ceb809744092d9dc731b93b77de8d834e5759b0befe055378777,mem,300,0.3912317752838135,0.003855029442282887,4.5106037392966445e-07
0132c76602caabd29f1019266695ff2fc1d267f00f17bdfffb9ef84b46bbe32f,cpu,300,0.6545696258544922,0.8584959268349083,1.3737739522739125e-05
0132c76602caabd29f1019266695ff2fc1d267f00f17bdfffb9ef84b46bbe32f,mem,300,0.6545696258544922,0.11480708055752487,-9.05614198114446e-08
01371e5f86d70126847cbc48d88fc5b9301b38e2fea1a7e7eecf278ebf6d7484,cpu,300,0.39434224367141724,0.8409225170625387,3.5775484507195166e-06
01371e5f86d70126847cbc48d88fc5b9301b38e2fea1a7e7eecf278ebf6d7484,mem,300,0.39434224367141724,0.6560063225762434,-1.0423098624407398e-06
0140a96e5b13c34274963da7712bb464f77bb4f5b34a5a0024665db0d0f5b320,cpu,300,2.459437608718872,0.4848542771972827,0.00035433705452329894
0140a96e5b13c34274963da7712bb464f77bb4f5b34a5a0024665db0d0f5b320,mem,300,2.459437608718872,0.5035033961143169,-5.598925262981682e-05
016bc7543c292283120ae3c486ce7fa68b72cde59f13a289f1649fbdcb18ae81,cpu,300,0.38902977108955383,0.07263284534721948,7.158112626918641e-05
016bc7543c292283120ae3c486ce7fa68b72cde59f13a289f1649fbdcb18ae81,mem,300,0.38902977108955383,0.24455796291634202,-2.009796756744816e-05
01b68874430d73c15b5f85ef48e66adea74c2011f413fb8dfe09db48df0b161d,cpu,300,0.6068930625915527,0.6571518990697918,7.222997516209691e-06
01b68874430d73c15b5f85ef48e66adea74c2011f413fb8dfe09db48df0b161d,mem,300,0.6068930625915527,0.605953825331139,-3.956049903594511e-06
01d038a67b9e608f3c564c042c9b3a2f5c89db1cc42a96554c1780b1cac8f89a,cpu,300,1.1384419202804565,0.7621648486634248,9.776097116837113e-05
01d038a67b9e608f3c564c042c9b3a2f5c89db1cc42a96554c1780b1cac8f89a,mem,300,1.1384419202804565,0.0005097498589237137,-5.6070390399999455e-08
01e340032d3e7dd557cc4e32b2c96229b4aed804b6587d20d432943b37c8e413,cpu,300,2.447802782058716,0.13304637208730496,0.0009989879228638702
01e340032d3e7dd557cc4e32b2c96229b4aed804b6587d20d432943b37c8e413,mem,300,2.447802782058716,0.012189793434464802,-0.00010383349801502197
01eb87b87ef0c44a11a9c533f1760ddfcca66176faed6eefd1c376da415830ab,cpu,300,0.8119938969612122,0.023898330076800867,2.727604456383155e-05
01eb87b87ef0c44a11a9c533f1760ddfcca66176faed6eefd1c376da415830ab,mem,300,0.8119938969612122,0.0021071729400118366,2.0066064761938733e-06
0212603c01b6e87062be10fda8c4ca637727232239b98afb2b2938fa79af4c0e,cpu,298,15.964435577392578,0.11984126766978831,7.926718277382892e-05
0212603c01b6e87062be10fda8c4ca637727232239b98afb2b2938fa79af4c0e,mem,298,15.964435577392578,0.0030579954397541576,1.1853343194185388e-05
023dafdeedb078b247b2ea04a8cf38b1c3c6f74cb808fd25fd4f842adf729c19,cpu,298,1.1614923477172852,0.8144982929470019,7.555275216783843e-05
023dafdeedb078b247b2ea04a8cf38b1c3c6f74cb808fd25fd4f842adf729c19,mem,298,1.1614923477172852,0.0014655801707470495,-2.973445046613316e-07
02545c66e4076c131871a78595f99a345496d9b29be80a35e5f3e3f60696fe6a,cpu,300,1.8272696733474731,0.6313265021075144,8.197197472444086e-07
02545c66e4076c131871a78595f99a345496d9b29be80a35e5f3e3f60696fe6a,mem,300,1.8272696733474731,0.002360714524910046,1.6265717542624272e-09
0256834e9798553669d1949d1355cf05359e90ae4c100a653b82c5319b6a185a,cpu,300,0.34433430433273315,0.0008801397952120649,1.7339379600015088e-05
0256834e9798553669d1949d1355cf05359e90ae4c100a653b82c5319b6a185a,mem,300,0.34433430433273315,0.0067148906906098205,9.179491333473349e-06
0289b9eb4e99a3ee736f1a95aa794231a181ef4ea301f165180e30efdd4c5133,cpu,300,2.2098522186279297,0.1761255914447114,5.703934165559793e-06
0289b9eb4e99a3ee736f1a95aa794231a181ef4ea301f165180e30efdd4c5133,mem,300,2.2098522186279297,0.010465778138917692,-4.8211801337556865e-08
02b687d8b09f6903892c2d15ea8e4a84e0210896c85378be3f498d647db8e37e,cpu,300,1.7151793241500854,0.5270770680876822,6.402430453021066e-05
02b687d8b09f6903892c2d15ea8e4a84e0210896c85378be3f498d647db8e37e,mem,300,1.7151793241500854,0.00609248285027697,1.4354382192751346e-06
02bb03429fd7f79d5d8acb3b7f3f82e0f0ce949cc8f812638c90470c7ff957f4,cpu,300,0.5358551144599915,0.2432036266775418,1.4242832996750507e-06
02bb03429fd7f79d5d8acb3b7f3f82e0f0ce949cc8f812638c90470c7ff957f4,mem,300,0.5358551144599915,0.0031547376756483336,-6.040219521279097e-08
0300b20b04044f3ec61454ee3fd2abb42b88de4683247abb726d8d7a36c822b2,cpu,300,1.2799732685089111,0.041407383905099016,-5.515149900419763e-05
0300b20b04044f3ec61454ee3fd2abb42b88de4683247abb726d8d7a36c822b2,mem,300,1.2799732685089111,0.23456399464162603,-3.0447729588581022e-05
03ae6f4a2758b80e2bf90e9c48241d63d28ce3816bad9382e97f570d625c4675,cpu,300,1.2883812189102173,0.5083045368158585,3.0395080139777555e-05
03ae6f4a2758b80e2bf90e9c48241d63d28ce3816bad9382e97f570d625c4675,mem,300,1.2883812189102173,0.0014102526028225704,1.6194590499271626e-06
03b75e4d34185dbf3b36f82c4fd25793fa20ae98cba52061be3cfaae571b4359,cpu,300,11.279065132141113,0.15964923475737636,7.516260108969316e-06
03b75e4d34185dbf3b36f82c4fd25793fa20ae98cba52061be3cfaae571b4359,mem,300,11.279065132141113,0.04912995194887704,-6.468180360557177e-07
03f298228f0b9ef1cc4cab478663774027a9dc6d767635a9b28408c44e0f7ffc,cpu,300,2.519589424133301,0.2714864803091719,7.3737434898047295e-06
03f298228f0b9ef1cc4cab478663774027a9dc6d767635a9b28408c44e0f7ffc,mem,300,2.519589424133301,0.0011554282015865391,-4.469425925235381e-08
0401c52911cd4cda20d4038c0f127028fc94afaae5ee74bd279feaac94a265b4,cpu,300,0.37539270520210266,0.6361576267958763,4.400001169368093e-05
0401c52911cd4cda20d4038c0f127028fc94afaae5ee74bd279feaac94a265b4,mem,300,0.37539270520210266,2.8030826769720463e-06,1.8245271452537192e-07
040836bc1a90963d108393c97c5010e9a597aecf4bbf8653383ee557b2c84105,cpu,300,0.9098863005638123,0.012645467429841517,-1.326029300099052e-06
040836bc1a90963d108393c97c5010e9a597aecf4bbf8653383ee557b2c84105,mem,300,0.9098863005638123,0.8991617024855941,-3.979152231285883e-06
04629083dca233713ffc43c844ebeddc780373190c10faab09c1dc11b279e052,cpu,300,0.5995797514915466,0.5833661594116417,9.966844800976594e-06
04629083dca233713ffc43c844ebeddc780373190c10faab09c1dc11b279e052,mem,300,0.5995797514915466,0.09148845410480233,1.663431171464763e-06
053aaa31e89b1dbcdc31e2aa0d2aeec872f145550b683a61c91d6f3891cecd62,cpu,300,0.6577554941177368,0.13064641603618599,4.494615708997664e-05
053aaa31e89b1dbcdc31e2aa0d2aeec872f145550b683a61c91d6f3891cecd62,mem,300,0.6577554941177368,0.00027920739491205104,8.476754066738524e-07
0575a4af05212ac6e37498630d399ce869076ea3817e1f3c380b62e668ed11c8,cpu,300,0.2595890164375305,0.0019484275822588826,-1.1150572061847779e-05
0575a4af05212ac6e37498630d399ce869076ea3817e1f3c380b62e668ed11c8,mem,300,0.2595890164375305,0.004390707102310709,-2.7125321312654805e-06
05926ffecaf1a4009cadb46076cb2eb9c8ab46cbc19da968916ea4c591de0149,cpu,300,1.57978093624115,0.9974186328259164,9.90328841979571e-06
05926ffecaf1a4009cadb46076cb2eb9c8ab46cbc19da968916ea4c591de0149,mem,300,1.57978093624115,0.36749950109822127,1.1574608849941478e-07
059bad8b12f21ff1a29108baa053f899f64ab9dbd18382d7239f94660b1138be,cpu,300,1.6350668668746948,0.7619988750793469,7.340324685145264e-06
059bad8b12f21ff1a29108baa053f899f64ab9dbd18382d7239f94660b1138be,mem,300,1.6350668668746948,0.012166451495627673,-3.448351069720787e-08
059fa6935b78f577960a9a6842e232dc8b01f2ff56a976408b23d193309118ab,cpu,300,0.4579901099205017,0.8422169813061902,7.276416056605661e-06
059fa6935b78f577960a9a6842e232dc8b01f2ff56a976408b23d193309118ab,mem,300,0.4579901099205017,0.06541215675973744,4.490385442444042e-08
05b41ed6330cc889fce974086f1da6311fdc23396a1531a9dda4b69e41a23333,cpu,300,1.2236523628234863,0.9125532320157774,1.1617584894970121e-05
05b41ed6330cc889fce974086f1da6311fdc23396a1531a9dda4b69e41a23333,mem,300,1.2236523628234863,0.47096776787268824,-8.253742748468859e-08
05d588a53ad6c0bb777d658f3e0a8cf6f1363ef604f75c00b80a36d8f94c754e,cpu,300,0.4531070291996002,0.8737764561951598,1.2184666491257692e-05
05d588a53ad6c0bb777d658f3e0a8cf6f1363ef604f75c00b80a36d8f94c754e,mem,300,0.4531070291996002,0.6090505380043211,3.5648051383699026e-06
066074009100226bff110f3dbc90e2bf005c2a41c6c2ce7ad4c4c1af8aba057a,cpu,300,1.0407313108444214,0.48613494847584315,1.4323497615080184e-06
066074009100226bff110f3dbc90e2bf005c2a41c6c2ce7ad4c4c1af8aba057a,mem,300,1.0407313108444214,0.04605189228136031,8.031684789952252e-08
0674d4c8b48f44a836019adff9dffe0cce2ee6e7b93ee04894a89b029fc1f9d1,cpu,300,0.5768776535987854,0.09873451077379247,1.8932448427094159e-06
0674d4c8b48f44a836019adff9dffe0cce2ee6e7b93ee04894a89b029fc1f9d1,mem,300,0.5768776535987854,0.0012179633694552328,-5.044665730925257e-08
0696938ae3212896c34626b3816d92ca5b0bed0cfda981adc7710d5dae189b6e,cpu,300,0.3522580862045288,0.8487849141037211,6.516972779742555e-07
0696938ae3212896c34626b3816d92ca5b0bed0cfda981adc7710d5dae189b6e,mem,300,0.3522580862045288,0.588714733392226,7.070726279428717e-09
071516f1585a56a867d574810a0848cdcf7810690cb92e6b83e84c022f09dbc9,cpu,300,4.333816051483154,3.276046652311848e-05,3.69322740882204e-07
071516f1585a56a867d574810a0848cdcf7810690cb92e6b83e84c022f09dbc9,mem,300,4.333816051483154,0.020240641036576967,-1.7056944376598525e-06
0754c211dd9fb69fcda626915a5224ec20406cfdad237892e58c79f55f33a772,cpu,300,0.7358975410461426,0.21865819268354503,5.87845943199551e-06
0754c211dd9fb69fcda626915a5224ec20406cfdad237892e58c79f55f33a772,mem,300,0.7358975410461426,0.008699750701123277,2.8275027449878192e-08
07894ac314bd3af614bdf486314d7b3d8c66b16e7d6b259149365bb982df1a98,cpu,300,0.5779969692230225,0.47045672720826914,5.460472163618451e-05
07894ac314bd3af614bdf486314d7b3d8c66b16e7d6b259149365bb982df1a98,mem,300,0.5779969692230225,0.020780964418546266,6.40950680415945e-07
07ddb3a13f245524c8b69163b6c141aafac7539b48adbda37e8be92922679dda,cpu,300,0.2592874765396118,0.8391392266850977,5.624920744605254e-06
07ddb3a13f245524c8b69163b6c141aafac7539b48adbda37e8be92922679dda,mem,300,0.2592874765396118,0.05987981514240559,3.399014441229586e-07
07ec262fa74a9698e8bd99b84412ad841f49eeeb5216ef40a040bdcf28a39f6d,cpu,300,2.1049118041992188,0.4507568497707817,1.1079456387766055e-05
07ec262fa74a9698e8bd99b84412ad841f49eeeb5216ef40a040bdcf28a39f6d,mem,300,2.1049118041992188,0.10588168152056399,-3.6092313981765516e-06
07f5007820a41b73d26e1a2baabb4fae15c5f9ea40f0a439378192e72e367261,cpu,300,0.4424552023410797,0.7725915671238153,0.0002894188957563081
07f5007820a41b73d26e1a2baabb4fae15c5f9ea40f0a439378192e72e367261,mem,300,0.4424552023410797,0.16142833151942726,-1.8459382648840555e-05
07fcb31cc3eb5bf0d258e8293fed29ecf10d6d9265a93444c32f4872f4f591a4,cpu,300,0.9419009685516357,0.8087737833071198,1.6936317029828793e-05
07fcb31cc3eb5bf0d258e8293fed29ecf10d6d9265a93444c32f4872f4f591a4,mem,300,0.9419009685516357,0.011272209452384607,-1.1459286267843044e-06
0801d3a1f4d2b1ca3e6a48a15c4acda1e2934a54d4c0262918c0e0d69bfbd895,cpu,300,1.3521463871002197,0.46422112968130047,4.024196672947879e-05
0801d3a1f4d2b1ca3e6a48a15c4acda1e2934a54d4c0262918c0e0d69bfbd895,mem,300,1.3521463871002197,0.0011045546905541492,-4.867018580007668e-06
087fa9b1c3faf321ff7f6c1797f1112c635624eda098a60cf86dc557988edf7f,cpu,300,2.8503832817077637,0.0003375026632664868,-6.810203209307823e-07
087fa9b1c3faf321ff7f6c1797f1112c635624eda098a60cf86dc557988edf7f,mem,300,2.8503832817077637,0.00467354183961477,-7.444996998698749e-07
089983f42a310dce1d956ff7d70959202eefdfc63e514e1caf6b17eedef8002f,cpu,300,0.22917456924915314,0.16012177036654374,7.64910392667432e-06
089983f42a310dce1d956ff7d70959202eefdfc63e514e1caf6b17eedef8002f,mem,300,0.22917456924915314,0.1085707967860492,-7.806362774417137e-07
089d3cd7541eda1182fbea5635e6c6309aae45db7eae2467910c991545b5ccf5,cpu,300,0.4479469358921051,0.06942072683231859,-9.616756903857855e-05
089d3cd7541eda1182fbea5635e6c6309aae45db7eae2467910c991545b5ccf5,mem,300,0.4479469358921051,0.0002656690074529511,1.2622164981303942e-07
0993061afc84936e8e92508c7a754eb34c86c47042c802d68f06e25627c3fd53,cpu,300,0.2184523046016693,0.1671423326259217,9.396989992694238e-07
0993061afc84936e8e92508c7a754eb34c86c47042c802d68f06e25627c3fd53,mem,300,0.2184523046016693,0.049847573286372016,1.1047504543352281e-07
09b4f1062ad1fae9a73b6bf0031638e844d6735a91ca73bd7ddcf8af088d2bdf,cpu,300,0.43447360396385193,0.5123950851084172,5.3492615583744405e-06
09b4f1062ad1fae9a73b6bf0031638e844d6735a91ca73bd7ddcf8af088d2bdf,mem,300,0.43447360396385193,0.3255280794954426,-1.5387565197752705e-07
09fd7ac98745762ca7e7af5e53495ca8c0f2030c96b8f9a56815d584e9877250,cpu,300,7.48737907409668,0.0018553466328031787,1.6842438332113449e-06
09fd7ac98745762ca7e7af5e53495ca8c0f2030c96b8f9a56815d584e9877250,mem,300,7.48737907409668,0.005304637899249509,5.086357263497062e-07
0a779ec383d5ebac3aa5bd8d5a0a9ecf5a9e2ad1220d1e958348c36e2bbeb6de,cpu,300,4.227840900421143,0.6578339402182224,4.100335576278344e-05
0a779ec383d5ebac3aa5bd8d5a0a9ecf5a9e2ad1220d1e958348c36e2bbeb6de,mem,300,4.227840900421143,0.0077693235403989425,-2.024491616059324e-06
0b2c3f117d62b7f9a1b01dc14476974c13ba94b2f76c06a21184a0b2c6bfe9ea,cpu,300,1.0909703969955444,0.6651220110522518,8.36649241093972e-05
0b2c3f117d62b7f9a1b01dc14476974c13ba94b2f76c06a21184a0b2c6bfe9ea,mem,300,1.0909703969955444,0.16485997351870119,-7.107266160041934e-06
0b4c779724274d9c91ba676bcc63d956325b023494e0c0feadf31330897fafa4,cpu,300,0.17069722712039948,0.007809572823274102,3.772618342216639e-05
0b4c779724274d9c91ba676bcc63d956325b023494e0c0feadf31330897fafa4,mem,300,0.17069722712039948,0.016936306474363505,2.608672912513951e-06
0b5a8b80b33d99d2bd4a901656106a7e57ad11a985dc5fac626cad1f57da3cfd,cpu,300,6.661091327667236,0.0403614049499339,1.8935853354260384e-05
0b5a8b80b33d99d2bd4a901656106a7e57ad11a985dc5fac626cad1f57da3cfd,mem,300,6.661091327667236,0.06768005112029196,2.2316974110661e-06
0b9bde864685d142c1f52dcb9cacce873d08abd28d65aa97833af161a16b2d40,cpu,300,104.81988525390625,1.1996332107355734e-05,2.368365323083583e-08
0b9bde864685d142c1f52dcb9cacce873d08abd28d65aa97833af161a16b2d40,mem,300,104.81988525390625,0.005117628681297948,1.476241655596274e-07
0bc6127485b79b8de971de140128d1976cfe474549377e8bafa73ff040d4458f,cpu,300,3.556668519973755,0.012413058997343462,0.001785020689243382
0bc6127485b79b8de971de140128d1976cfe474549377e8bafa73ff040d4458f,mem,300,3.556668519973755,0.00024293020102084117,-2.9152879033760825e-05
0bd3a7d31137ae8826cf9854abf04303d03ce67764caaceaf7c18da1237e958f,cpu,300,0.8312411308288574,0.0250476190577813,0.00036335364501190046
0bd3a7d31137ae8826cf9854abf04303d03ce67764caaceaf7c18da1237e958f,mem,300,0.8312411308288574,0.0064734901582507165,5.380812759822039e-05
0bfbde3971e54e8e006fbc766d25592173351ebed8337b39532804f6ec972228,cpu,265,16.33456039428711,0.07455775537178788,8.75888100603263e-05
0bfbde3971e54e8e006fbc766d25592173351ebed8337b39532804f6ec972228,mem,265,16.33456039428711,2.8215851345603227e-05,-9.218775156491166e-07
0c54162ca23253f04d225f101a03580d9621f0da53b08982e2e570f8c1a698c7,cpu,300,1.2338979244232178,0.8800431488335276,2.004345379405359e-05
0c54162ca23253f04d225f101a03580d9621f0da53b08982e2e570f8c1a698c7,mem,300,1.2338979244232178,0.0010545295587548464,-1.902790289659428e-08
0c702154f89043670361b98a1a4fae4d6740baf5bef5273db56faf1e837eae51,cpu,300,0.8705672025680542,0.6992394080429034,8.073527706116945e-05
0c702154f89043670361b98a1a4fae4d6740baf5bef5273db56faf1e837eae51,mem,300,0.8705672025680542,0.41902198756706066,3.330645552741736e-05
0c817bdb8c1aca7d31e5f41ae34963acee3341359717d245b318ea1940656cee,cpu,300,0.5386770367622375,0.5979584668097315,8.342229196148128e-05
0c817bdb8c1aca7d31e5f41ae34963acee3341359717d245b318ea1940656cee,mem,300,0.5386770367622375,0.5016645389793606,-5.998844142599507e-05
0cd6c0593fb01c9b067a6cc7a5955b1314627310bbe84fba749824a652690dae,cpu,300,1.0321907997131348,0.663928741988846,9.873678481271774e-06
0cd6c0593fb01c9b067a6cc7a5955b1314627310bbe84fba749824a652690dae,mem,300,1.0321907997131348,0.003929222158601475,-2.078990691281298e-08
0d4945ea8f3de48dc093d33595a6faca330172fd8667edb4028afdfce6ce64d9,cpu,300,1.547196865081787,0.46754495584942046,4.334106133432309e-06
0d4945ea8f3de48dc093d33595a6faca330172fd8667edb4028afdfce6ce64d9,mem,300,1.547196865081787,0.07984929026031962,-1.1872012085925035e-08
0d4dad186b444d67ea772fc08570399f250a8d546dc42377f3251c31133df94f,cpu,300,0.3535343110561371,0.8048571963346414,6.839540415635384e-06
0d4dad186b444d67ea772fc08570399f250a8d546dc42377f3251c31133df94f,mem,300,0.3535343110561371,0.011948098876165547,-1.2918426037486085e-07
0d834beba445090babbd91431a5b103fb8237a6bbeb0efc3c804a8c7501856b4,cpu,300,0.3523580729961395,0.7712257878123484,7.630254363135331e-05
0d834beba445090babbd91431a5b103fb8237a6bbeb0efc3c804a8c7501856b4,mem,300,0.3523580729961395,0.04583087370149763,-3.674391383197408e-07
0d9e84da37ba309dbcffcf609e01ecdab34a8a782a0c4f10707a0bcce809458c,cpu,300,1.4418524503707886,0.027363324456916804,1.2599106045134953e-05
0d9e84da37ba309dbcffcf609e01ecdab34a8a782a0c4f10707a0bcce809458c,mem,300,1.4418524503707886,0.0027329180756978655,2.9232433765702497e-06
0de8f676794230e10fc3e48d5538cf4067a88a8eee82f2f5a91482a5ce48257b,cpu,300,2.8223493099212646,0.0005492823896681154,-8.507196886349783e-07
0de8f676794230e10fc3e48d5538cf4067a88a8eee82f2f5a91482a5ce48257b,mem,300,2.8223493099212646,0.0005659601052907526,2.7850423030926253e-07
0e0edbdb4ae620e5f28e21560e43732924ca5b47399799abcfffa5560fb888ed,cpu,300,1.0840637683868408,0.8349418586533564,0.00012349636549378363
0e0edbdb4ae620e5f28e21560e43732924ca5b47399799abcfffa5560fb888ed,mem,300,1.0840637683868408,0.0008334619491624506,-7.21480225087907e-07
0e1f021c1406813fadb553c759a5732d1a40c031ff54ddcb68528b053c728a13,cpu,300,0.5641232132911682,0.5263956244996983,1.8116146122843932e-06
0e1f021c1406813fadb553c759a5732d1a40c031ff54ddcb68528b053c728a13,mem,300,0.5641232132911682,0.29685418260825946,3.960950136491461e-08
0e337f047a062e592acb1be850542d2ac66829277ec311eed311f21ac96266e3,cpu,300,10.587983131408691,0.006096036427492457,3.022045062248674e-08
0e337f047a062e592acb1be850542d2ac66829277ec311eed311f21ac96266e3,mem,300,10.587983131408691,0.015326774359264328,-3.1668952401016484e-10
0e36b8ed1daf9903b6d63f30267ad58724a78dd4970a5cceda25a4a9290fbcb7,cpu,300,0.4491839110851288,0.5220743606188918,5.2421631892298404e-06
0e36b8ed1daf9903b6d63f30267ad58724a78dd4970a5cceda25a4a9290fbcb7,mem,300,0.4491839110851288,0.0699511806869233,5.136097394520413e-07
0e7277b75e7748a4df0eea5871ab610a4c7bdbace7262290b16969f972df1691,cpu,300,0.5519280433654785,0.3979911338906451,6.846596478675399e-05
0e7277b75e7748a4df0eea5871ab610a4c7bdbace7262290b16969f972df1691,mem,300,0.5519280433654785,0.0025755598776475708,7.807904066583433e-06
0e8cf9a65ff01d8cc9dbb1aaf548afe4fd954211c9c314cbde1781c199c8f368,cpu,300,1.9469194412231445,0.17695130905714884,9.698132548839447e-05
0e8cf9a65ff01d8cc9dbb1aaf548afe4fd954211c9c314cbde1781c199c8f368,mem,300,1.9469194412231445,0.011811635474464177,2.447977321326873e-06
0eb998fdaab8f9faf5f92ab71614412a242b2381f2adaa223ff06f27291ebcea,cpu,300,5.980310916900635,0.001471196660554397,2.1637991955455907e-07
0eb998fdaab8f9faf5f92ab71614412a242b2381f2adaa223ff06f27291ebcea,mem,300,5.980310916900635,0.05115014451447475,3.0542087945356516e-06
10018397f0f6aea65bcb670e7a37766ff149d6faf37eb260414f14371c6dbaef,cpu,225,3.4189581871032715,0.012962079235953272,0.0009656701066116846
10018397f0f6aea65bcb670e7a37766ff149d6faf37eb260414f14371c6dbaef,mem,225,3.4189581871032715,0.00010935656412958128,3.262744778791901e-05
100e960c5a87d42a0e24df7aa8261919af538468fd9dc8e9810fcbd457a00153,cpu,300,1.6034181118011475,0.10566044905280336,7.518672955781831e-06
100e960c5a87d42a0e24df7aa8261919af538468fd9dc8e9810fcbd457a00153,mem,300,1.6034181118011475,5.6985870902748204e-05,2.915296093806852e-07
10192d15b595fe165c7ba44b4685f286d9041e16d607c111db7dc6bcaa2dea38,cpu,300,0.4903910458087921,0.6446177789215715,6.05095971069502e-05
10192d15b595fe165c7ba44b4685f286d9041e16d607c111db7dc6bcaa2dea38,mem,300,0.4903910458087921,0.22866824080524617,5.26471952297832e-06
102b47e874550d78afd189636988c1be2ed0501850023a21dca4579fd48dbb66,cpu,299,25.884349822998047,0.0015983345335183197,-7.715180465234383e-07
102b47e874550d78afd189636988c1be2ed0501850023a21dca4579fd48dbb66,mem,299,25.884349822998047,0.0002103791153340584,-2.924940466723616e-08
103f50cb873950444c74ab1b92c007cbfe8eced210268cde0eb8c3a059e7f3bb,cpu,300,0.6485064029693604,0.5748871250039107,4.502285286486283e-06
103f50cb873950444c74ab1b92c007cbfe8eced210268cde0eb8c3a059e7f3bb,mem,300,0.6485064029693604,0.006025935449475717,-7.111391362089943e-07
106875ea53b982360288d78f72719791f7f16b0456b16ec8fe1a14b199884b08,cpu,300,0.7086575031280518,0.7925776830593014,8.440947757952128e-06
106875ea53b982360288d78f72719791f7f16b0456b16ec8fe1a14b199884b08,mem,300,0.7086575031280518,0.09915703993502967,8.107373157131244e-08
10824ba980d9f6f6acb662d9bda8928bbc854cc7e5228d3c977ecf2fe8213a84,cpu,300,3.657320737838745,0.2258977536147635,1.3427628959874363e-05
10824ba980d9f6f6acb662d9bda8928bbc854cc7e5228d3c977ecf2fe8213a84,mem,300,3.657320737838745,0.01991037767546444,-7.119435371570127e-07
109298b0af3961105937ff48abf505151a894eb8ea15befc52cd68d96c94e013,cpu,300,0.9267839789390564,0.9068572775574042,3.6310360087699434e-05
109298b0af3961105937ff48abf505151a894eb8ea15befc52cd68d96c94e013,mem,300,0.9267839789390564,0.2645073374606105,-6.520589577750038e-07
1092c8aa3fdbd7bff66d78c552f6109e04339050f7ebff024df9e73f3dfea0ac,cpu,300,3.06660795211792,0.5432699700134932,9.437941836446717e-05
1092c8aa3fdbd7bff66d78c552f6109e04339050f7ebff024df9e73f3dfea0ac,mem,300,3.06660795211792,0.1270162759298078,-1.6182105937560535e-05
115729ba90fd950bcdd252b573c9c7247e020c6d35dcf4122704ec3aaf899710,cpu,300,4.683798789978027,0.5887697382646291,0.00035737023520436475
115729ba90fd950bcdd252b573c9c7247e020c6d35dcf4122704ec3aaf899710,mem,300,4.683798789978027,0.012216465353905193,5.5685021553939444e-06
11a9f91cbf1c422d4b1cba92c4c0fa92bb961ee84d58f910d85a7e3fa5f3d693,cpu,299,4.842497825622559,0.0009139618159815788,-0.0059611672526373284
11a9f91cbf1c422d4b1cba92c4c0fa92bb961ee84d58f910d85a7e3fa5f3d693,mem,299,4.842497825622559,0.004871121201500461,-0.00025223113724484006
11d91e6aa203022612e8de1155632eb4b2c6abfde9d3f65d51926d591a759497,cpu,300,1.5416609048843384,0.012857913319657133,1.29287356475579e-06
11d91e6aa203022612e8de1155632eb4b2c6abfde9d3f65d51926d591a759497,mem,300,1.5416609048843384,0.0004486391125495537,-2.4409247976539093e-08
11e6c6899fa5d76ab3c864e6e10e4a16ac9fd791917a718164b8bddc946ededc,cpu,300,0.5625626444816589,0.47801827812481346,0.00011911429507465947
11e6c6899fa5d76ab3c864e6e10e4a16ac9fd791917a718164b8bddc946ededc,mem,300,0.5625626444816589,0.08898953016913791,4.4807396552906946e-05
1224ab4a5244545b7333a290aaccc95e49f2a793457d21023e568b0a09b8e185,cpu,300,0.9028757214546204,0.6189356760089578,2.793905664073316e-05
1224ab4a5244545b7333a290aaccc95e49f2a793457d21023e568b0a09b8e185,mem,300,0.9028757214546204,0.33412430417339867,-2.131256341628785e-05
129d17bfd8efe77bd8b1fc2b361d3fed0ee222ba05914350ad5212d3ad9ad26a,cpu,299,6.839592933654785,0.9230446623205528,1.109399352370319e-05
129d17bfd8efe77bd8b1fc2b361d3fed0ee222ba05914350ad5212d3ad9ad26a,mem,299,6.839592933654785,0.0029194291982365117,-1.2155979048670176e-07
12b97ba29250d85062050d268cf56c4a5b3f21535b0dc0ca80d5ea6d120877c2,cpu,300,0.3771415948867798,0.4447668827335247,0.00018835772496133852
12b97ba29250d85062050d268cf56c4a5b3f21535b0dc0ca80d5ea6d120877c2,mem,300,0.3771415948867798,0.00512795713417491,-2.5104597478411295e-05
12bc3fe2791d9f2946a74114ff349795461e695a099ae3f4fe0f76ea5ce4476d,cpu,300,1.206242322921753,0.7223505506781266,3.4410586008268436e-06
12bc3fe2791d9f2946a74114ff349795461e695a099ae3f4fe0f76ea5ce4476d,mem,300,1.206242322921753,0.6322012576921916,-6.948418885191471e-07
133d8fbf6e00d295d91177df5a893bd95857eb5142149bae057d5d57ec7d686b,cpu,300,1.5624672174453735,0.9970142399877842,5.185784182321214e-07
133d8fbf6e00d295d91177df5a893bd95857eb5142149bae057d5d57ec7d686b,mem,300,1.5624672174453735,0.2721475035011749,6.040499009012259e-09
136604d8e316deac94bdfa908067d7194c71ef74f5f605a2f8bf1813dc02a54c,cpu,300,2.7565786838531494,0.15830866992256043,4.3958422055871156e-05
136604d8e316deac94bdfa908067d7194c71ef74f5f605a2f8bf1813dc02a54c,mem,300,2.7565786838531494,0.003830927862044864,1.380633986094914e-05
13b9eeff73ae1cf43ba55b3f39cb6bfc02d28e6891b4ffee5f1e6d8e62b5d65d,cpu,300,0.49975404143333435,0.8936348160845843,1.2865245051962528e-06
13b9eeff73ae1cf43ba55b3f39cb6bfc02d28e6891b4ffee5f1e6d8e62b5d65d,mem,300,0.49975404143333435,0.1768682277858039,-2.712121442252178e-09
13cbf1682656eb2436f694832329df7131eaba5fe53a2f3dcecf51f9edeffa4b,cpu,300,0.7188060879707336,0.7429212766115307,0.00020757445724502472
13cbf1682656eb2436f694832329df7131eaba5fe53a2f3dcecf51f9edeffa4b,mem,300,0.7188060879707336,0.38067772241167197,5.179708766338762e-05
13d1817af79042916faad32bf065a3625136436dbcc96f4655ced1b8d90b791b,cpu,300,5.342465877532959,0.000851069808043281,0.0006580909762677957
13d1817af79042916faad32bf065a3625136436dbcc96f4655ced1b8d90b791b,mem,300,5.342465877532959,0.00463220492407701,0.001189693689579115
1444f9468ec8c5761e5090225b1c87e46e8e6f1145329db98113b7754aac7c70,cpu,300,0.5650161504745483,0.5584444958838922,9.81057590423566e-05
1444f9468ec8c5761e5090225b1c87e46e8e6f1145329db98113b7754aac7c70,mem,300,0.5650161504745483,0.01878049854025976,-1.8622265251814193e-06
147186e34cafc07067650b919d588b948d8ca5baadef071edfef190558d73bce,cpu,300,0.4130122661590576,0.9145419356000852,2.116404963438747e-05
147186e34cafc07067650b919d588b948d8ca5baadef071edfef190558d73bce,mem,300,0.4130122661590576,0.015770409322110934,4.828823234893579e-07
14b7e680bd155b30d61e395c40ffb9b60b013d9a05414635186eeb622590e789,cpu,300,0.43434399366378784,0.45505495231581594,3.4869250046368486e-05
14b7e680bd155b30d61e395c40ffb9b60b013d9a05414635186eeb622590e789,mem,300,0.43434399366378784,0.08462757785013919,4.065638907776094e-06
14c502a6ca6291b0a3aac54d5506d8d1bf8947b5a875d07739a28aae74109a59,cpu,300,0.8681535720825195,0.29069225811006594,2.3571831276520413e-06
14c502a6ca6291b0a3aac54d5506d8d1bf8947b5a875d07739a28aae74109a59,mem,300,0.8681535720825195,0.049398771530454244,-1.2624696417236274e-07
14ded2524b667500bb663051265f83ec4c2b17c1584544ff6c70c9c406167cb1,cpu,300,0.633279025554657,0.12211695583064985,3.749072417961634e-05
14ded2524b667500bb663051265f83ec4c2b17c1584544ff6c70c9c406167cb1,mem,300,0.633279025554657,0.015343880057901882,-4.6005187964480265e-06
14f44b0d16e89114cfb079731ece27dfc7e22b98c6264038a8c37567b4689110,cpu,300,3.7021195888519287,0.26711523018181205,1.7137314986067724e-06
14f44b0d16e89114cfb079731ece27dfc7e22b98c6264038a8c37567b4689110,mem,300,3.7021195888519287,0.0013054813288209122,2.7151099397095644e-08
153cd4944dee4958a48994b3b2496e6b70933a22e30dd9897ee72683571e8a26,cpu,300,16.58196258544922,0.006786480538023443,9.263798467033899e-07
153cd4944dee4958a48994b3b2496e6b70933a22e30dd9897ee72683571e8a26,mem,300,16.58196258544922,0.0010795632071357586,-1.936309110514377e-07
157a5cebb4cbd1057e6783f8ab9dd9f2d2b72273cb9c368028359994bac6a1ff,cpu,300,1.8898937702178955,0.23970497070397,1.85526293379843e-06
157a5cebb4cbd1057e6783f8ab9dd9f2d2b72273cb9c368028359994bac6a1ff,mem,300,1.8898937702178955,0.00910579695152225,-2.934099995747763e-07
159eafe7e8d59656f3f1b913cca6b8fb0127e62a7019f5639fc7f701afc21f9e,cpu,300,0.22533760964870453,0.030321644576060125,1.802260990772907e-06
159eafe7e8d59656f3f1b913cca6b8fb0127e62a7019f5639fc7f701afc21f9e,mem,300,0.22533760964870453,0.0479427937253305,-1.1221046436818493e-06
1619e80aa941848288d386f5029f41eeb4b89660264b056d890c6beea01965a1,cpu,300,0.9225872755050659,0.8706962017329649,1.1262684790607564e-05
1619e80aa941848288d386f5029f41eeb4b89660264b056d890c6beea01965a1,mem,300,0.9225872755050659,0.006894564246356594,1.6317004830653496e-07
1699a583c3a7b31ccab452c0c8833c59dda17b1895d0c8ed636e0ba515e7fe94,cpu,300,0.5271079540252686,0.1829243319905126,3.452892871052531e-06
1699a583c3a7b31ccab452c0c8833c59dda17b1895d0c8ed636e0ba515e7fe94,mem,300,0.5271079540252686,0.025418585555352036,-3.8431969185629825e-07
16b8fbfd446c7516695ddf5c34f5654b3f074a8cd1880ced7f594406b88e0669,cpu,300,0.8791296482086182,0.9381273888025466,1.6326415214509872e-05
16b8fbfd446c7516695ddf5c34f5654b3f074a8cd1880ced7f594406b88e0669,mem,300,0.8791296482086182,0.06332187712434123,-1.8088166397002602e-06
16bdd0076b4e37ca60582ab540923214e4959a05dfaf7e993c62472071faf970,cpu,300,0.8077718019485474,0.11183080068831663,3.342791287039324e-05
16bdd0076b4e37ca60582ab540923214e4959a05dfaf7e993c62472071faf970,mem,300,0.8077718019485474,0.00016127495371087708,-1.7750946858244866e-07
16f537c8c131fc35f9b7cd925bfbea965143af388509c651c7f21472f250fdf7,cpu,300,1.875525951385498,0.032684893152915895,6.517301884931112e-06
16f537c8c131fc35f9b7cd925bfbea965143af388509c651c7f21472f250fdf7,mem,300,1.875525951385498,0.0007051976025480577,1.5195877802876757e-07
17066bb44639ae88e7d4b3d01d5f2061f87c20efcc4d998685a03a1d30fe799b,cpu,300,7.418725490570068,0.01001205365899327,0.0001866738537411211
17066bb44639ae88e7d4b3d01d5f2061f87c20efcc4d998685a03a1d30fe799b,mem,300,7.418725490570068,0.004659353891254825,-5.7140475018005945e-06
17416a2a9867a0074d398bb5ff053545853473911a736fa9c5058a68e6e13e51,cpu,300,18.54762840270996,0.02603556517887673,1.3828332564810606e-06
17416a2a9867a0074d398bb5ff053545853473911a736fa9c5058a68e6e13e51,mem,300,18.54762840270996,0.02867415801026696,2.469490783312297e-07
175834ec8169f3bd8afd2382d063d7f4f6815d7c6c88399755cb57b9cad17783,cpu,271,2.3583874702453613,0.07621381324830823,-1.661405259212605e-06
175834ec8169f3bd8afd2382d063d7f4f6815d7c6c88399755cb57b9cad17783,mem,271,2.3583874702453613,0.6182833560999756,7.98548428873421e-08
1763f9bab0449b3fe77d546645ecb1b18b92ba039c6405c7c375158d01b9b44a,cpu,300,2.037546157836914,0.14036973548649245,4.357599344257204e-05
1763f9bab0449b3fe77d546645ecb1b18b92ba039c6405c7c375158d01b9b44a,mem,300,2.037546157836914,0.009617949408774695,-9.254714946723336e-06
176bfd03ec72cc5155f3c72147b4cec491099ba4cea3df1c142eaffb735d7780,cpu,300,0.09748324751853943,0.2328929705286391,0.006287196423515926
176bfd03ec72cc5155f3c72147b4cec491099ba4cea3df1c142eaffb735d7780,mem,300,0.09748324751853943,0.015706561201612734,-0.00010776008883248978
1806ae56f96bfdfdb1f045d69c076e608f9c35f8841a5637f01cbac07391d88f,cpu,300,2.4461774826049805,0.0011050212759523559,7.771504687943892e-07
1806ae56f96bfdfdb1f045d69c076e608f9c35f8841a5637f01cbac07391d88f,mem,300,2.4461774826049805,0.009537964911554675,2.5130488868827168e-06
18a9f3acd887d2681be07b0f3b54530680cfd5b05e4d415dffe7d8662902e890,cpu,300,0.8517098426818848,0.8122587660910177,5.036479410133063e-06
18a9f3acd887d2681be07b0f3b54530680cfd5b05e4d415dffe7d8662902e890,mem,300,0.8517098426818848,0.0038846889550138153,-4.2848787855141233e-08
18b3ed26a8d05cec8c2a729f296184951094639bc81ed7deb81fa3f8603db71f,cpu,300,0.3288000822067261,0.7993938012775332,1.0192772550994353e-05
18b3ed26a8d05cec8c2a729f296184951094639bc81ed7deb81fa3f8603db71f,mem,300,0.3288000822067261,0.004689095904710006,-9.459945585646889e-08
18bcea1c72e79e9def61296e0b9b1b30a45e9a55bed6a422c6ff0ea54c7bbff3,cpu,300,0.6302259564399719,0.7458184856354086,0.0002518883925608165
18bcea1c72e79e9def61296e0b9b1b30a45e9a55bed6a422c6ff0ea54c7bbff3,mem,300,0.6302259564399719,0.01838126476741464,1.5903189357592568e-06
18cedcd55facd4b0c857a905184c3486910605ab3edc89dbe3d4be67e65c1c7a,cpu,300,0.8280540704727173,0.2537999254727351,6.074901989985729e-06
18cedcd55facd4b0c857a905184c3486910605ab3edc89dbe3d4be67e65c1c7a,mem,300,0.8280540704727173,0.0014986649095589666,-1.3319706330867243e-06
19bf629d5c9ca676ae5571e1ff501172ef1dbcedc1b77e304200534a2eccdf02,cpu,300,0.48484963178634644,0.9843378545046385,1.0981359955388527e-06
19bf629d5c9ca676ae5571e1ff501172ef1dbcedc1b77e304200534a2eccdf02,mem,300,0.48484963178634644,0.0021617369345157122,7.648649852271136e-10
19fe9adcd5e97e11f57b90f79fe2a3f3717bb3941f98a81a1e2df6773e086018,cpu,300,1.792008876800537,0.9143190020668451,6.506940190578622e-05
19fe9adcd5e97e11f57b90f79fe2a3f3717bb3941f98a81a1e2df6773e086018,mem,300,1.792008876800537,0.5813176562542722,-9.708969066179075e-06
1a23c591e386e97230d7c04ea6acaa083ae226a4c68555255f72ab69838b902e,cpu,300,1.9535257816314697,0.061682876859974645,8.65570363959822e-08
1a23c591e386e97230d7c04ea6acaa083ae226a4c68555255f72ab69838b902e,mem,300,1.9535257816314697,3.553689358448686e-06,-1.6390715371896087e-11
1a46ec965872a5fd7c6e142f74941d99f3dd09fe71d0ce932764b5a63f461a04,cpu,300,1.6395078897476196,0.3576967312696271,0.00011711591472467908
1a46ec965872a5fd7c6e142f74941d99f3dd09fe71d0ce932764b5a63f461a04,mem,300,1.6395078897476196,0.013570995338399117,3.284174018274311e-06
1ace1168cbe4a11ad3d41d5cbe7815e34ab7571779c3d2fe2033909fc754e782,cpu,300,5.749668598175049,0.043207622299896276,7.924082441245563e-06
1ace1168cbe4a11ad3d41d5cbe7815e34ab7571779c3d2fe2033909fc754e782,mem,300,5.749668598175049,0.004418510898714367,-1.3998626171381472e-07
1b973bb9ef7e82e9bf04ff03a6a49eacdcdde8a0a79818e3e82057fcc2d97948,cpu,300,0.5122050046920776,0.9076528963458388,1.4569934513413834e-05
1b973bb9ef7e82e9bf04ff03a6a49eacdcdde8a0a79818e3e82057fcc2d97948,mem,300,0.5122050046920776,0.03962133109909605,-6.641505505275536e-08
1bdd3355a89c6f633f8802ba6b8c7150353fc483b54af655b73c1cab15769b8b,cpu,300,0.4903985857963562,0.10176883682981297,-0.0002882309938318597
1bdd3355a89c6f633f8802ba6b8c7150353fc483b54af655b73c1cab15769b8b,mem,300,0.4903985857963562,0.0030911290469851638,-5.273643758579691e-05
1bf21ceb4b024afe56aefe9d977a0351b75863ed2e671dd9972f409ace02c664,cpu,300,0.2742001414299011,0.7895453182989923,1.6967622921941567e-06
1bf21ceb4b024afe56aefe9d977a0351b75863ed2e671dd9972f409ace02c664,mem,300,0.2742001414299011,0.0077689261208525595,4.492106811128833e-09
1c5307cb13f51dc98e4e1b996292f7f05a78966b867c18658e13f8e6ea947283,cpu,300,0.2212875634431839,0.8535055013764358,3.2171646512851724e-06
1c5307cb13f51dc98e4e1b996292f7f05a78966b867c18658e13f8e6ea947283,mem,300,0.2212875634431839,0.6395383229019289,5.284242366749358e-07
1c6596024924f6023b5ee53218567cccd44f9b8a78f5932b33a9a03cc6e91947,cpu,300,1.3560000658035278,0.46110031598708245,7.878355798173446e-05
1c6596024924f6023b5ee53218567cccd44f9b8a78f5932b33a9a03cc6e91947,mem,300,1.3560000658035278,0.0005619809565917677,4.659718848708648e-07
1c8c35246acabe50614e77fda030e41dfd027163b29f2cff86f94fef74c93fd5,cpu,300,7.415244102478027,0.19589986861830821,4.792539072030706e-06
1c8c35246acabe50614e77fda030e41dfd027163b29f2cff86f94fef74c93fd5,mem,300,7.415244102478027,0.03395374648495275,-1.5719627325780884e-07
1cd9d5ae0fcdc971f9a2dbdd426f51c7a85a1e9f06f1f4ddea48df1562b88e52,cpu,300,0.8071383237838745,0.015659593838362795,-2.9170458897342135e-07
1cd9d5ae0fcdc971f9a2dbdd426f51c7a85a1e9f06f1f4ddea48df1562b88e52,mem,300,0.8071383237838745,0.02074303569690228,2.3545827732861293e-09
1cf15b5b8ce80d005ceb2d77ef34a226b178dc27fc3d936a9751313a1dd7731b,cpu,300,0.30590197443962097,0.8441869101837958,3.5415021065683486e-06
1cf15b5b8ce80d005ceb2d77ef34a226b178dc27fc3d936a9751313a1dd7731b,mem,300,0.30590197443962097,0.002327992515381072,-7.1988243464976e-07
1cf86b19c487cc10ea3bb9623a319454029e040d0f4e9d97d36c4b02c1a01499,cpu,300,0.706342339515686,0.5023603084833216,7.020819357262201e-06
1cf86b19c487cc10ea3bb9623a319454029e040d0f4e9d97d36c4b02c1a01499,mem,300,0.706342339515686,0.09068225290218568,-1.4747855896572188e-06
1d9765a0d9a52d8fb4802b6ab72d3d1e0fc465a835ae960cba7b6e1af2c6bea8,cpu,300,5.7411932945251465,0.16146395205028574,1.6438509119658725e-05
1d9765a0d9a52d8fb4802b6ab72d3d1e0fc465a835ae960cba7b6e1af2c6bea8,mem,300,5.7411932945251465,0.0001280814512796269,-3.300866360662351e-08
1ddd9c304c76b32f8f7701391327ca1f2cdcab9492d44d0802d28e73e941dc4d,cpu,300,0.8999031782150269,0.9368274006466611,2.7435579622861322e-05
1ddd9c304c76b32f8f7701391327ca1f2cdcab9492d44d0802d28e73e941dc4d,mem,300,0.8999031782150269,0.06596832959289922,1.2255145928531694e-06
1ddf8c338f8b2f37757b76c06de292c1fd122b3ebff6a5a9891412d01cd93fc2,cpu,300,1.2926278114318848,0.01323928355823345,2.4472019347233904e-06
1ddf8c338f8b2f37757b76c06de292c1fd122b3ebff6a5a9891412d01cd93fc2,mem,300,1.2926278114318848,0.023739847774789657,1.1239407984606274e-06
1df5d4f7bdcfb290b7a62ea337842ca5d03bf947865860d3601cdb875070c4a2,cpu,300,2.088026285171509,0.8413235113124854,5.6800032294530594e-05
1df5d4f7bdcfb290b7a62ea337842ca5d03bf947865860d3601cdb875070c4a2,mem,300,2.088026285171509,0.0004013096520149029,6.245677915523963e-08
1e44834f8aaedbdc8bcc77833526665f42e5497c9a7a0318adea714b17308a72,cpu,300,0.47677385807037354,0.8714465437172102,9.536002900850062e-06
1e44834f8aaedbdc8bcc77833526665f42e5497c9a7a0318adea714b17308a72,mem,300,0.47677385807037354,0.13527139005647815,-4.96150836783061e-07
1e494f1f172b0f2852fd1cf7a8b42959f151dc070d6ee634713b6791fd06982b,cpu,300,0.18003471195697784,0.7727646196714142,1.6301932164910205e-05
1e494f1f172b0f2852fd1cf7a8b42959f151dc070d6ee634713b6791fd06982b,mem,300,0.18003471195697784,0.011603219992616376,-1.2237277936429762e-07
1e5dd1f5843e50b9282fb99c58d8fe9c6e3d712d9e601a7a5264ca4ff7d96773,cpu,300,0.41116032004356384,0.13729141084956953,1.1736846326050088e-05
1e5dd1f5843e50b9282fb99c58d8fe9c6e3d712d9e601a7a5264ca4ff7d96773,mem,300,0.41116032004356384,0.0596956762800398,-8.588449880556702e-06
1f428aa8c268d5e2a34e498c30f8863f578c8943745ad7d69a2ac60cef1e9c43,cpu,300,0.9712837338447571,0.9617286040832459,7.958222565866386e-07
1f428aa8c268d5e2a34e498c30f8863f578c8943745ad7d69a2ac60cef1e9c43,mem,300,0.9712837338447571,0.4798534702982551,6.8154092841588625e-09
1f8090eee9581aaeecee4b98a7cb3be4b5ec19603ed87e1dd752c5c00f6d1ec5,cpu,300,1.2939453125,0.0006721842274720613,2.469220364303572e-07
1f8090eee9581aaeecee4b98a7cb3be4b5ec19603ed87e1dd752c5c00f6d1ec5,mem,300,1.2939453125,0.004812570770568736,1.0720318658267575e-07
1f988131b70581434af6ae0c5e8e220c5b107aaf13d9eda2570c28e162e992b2,cpu,300,1.389678955078125,0.3982753386654847,6.251621993036518e-05
1f988131b70581434af6ae0c5e8e220c5b107aaf13d9eda2570c28e162e992b2,mem,300,1.389678955078125,0.030257625154408885,4.7178958594450266e-07
1fdef190ceabbfcfd4cb44a5fa4781a5e677a5c5c14fbd97c295bc739fd7948a,cpu,299,3.3527638912200928,0.28250393056554046,3.167524180825172e-05
1fdef190ceabbfcfd4cb44a5fa4781a5e677a5c5c14fbd97c295bc739fd7948a,mem,299,3.3527638912200928,0.00037137645199414315,5.008958504287638e-07
2018b6e5f85185149391c98864ac348b7805e339fed3945a11d7f283ebb3126a,cpu,299,1.8763009309768677,0.9012006501141954,0.00021561363100812352
2018b6e5f85185149391c98864ac348b7805e339fed3945a11d7f283ebb3126a,mem,299,1.8763009309768677,0.015329527645609686,-5.667017662868547e-07
2033fb6bbdeae1de87f4f854535301cbe628dfe236ea32aa247effb0a5aaa07d,cpu,300,3.1969709396362305,0.0036270112897758278,1.3520895829525473e-05
2033fb6bbdeae1de87f4f854535301cbe628dfe236ea32aa247effb0a5aaa07d,mem,300,3.1969709396362305,0.0014888354587268005,-3.368136124349113e-05
2071f78e471c8f8d5d522f6fbc07e3f3ed532154bfaec6b7e276cc53d9d4b0a0,cpu,105,2.1169352531433105,0.002437273236366,-0.2940843462317963
2071f78e471c8f8d5d522f6fbc07e3f3ed532154bfaec6b7e276cc53d9d4b0a0,mem,105,2.1169352531433105,0.013779705257503827,-0.6967706045961631
208902b35e192a5f4df42de67d5c10bad3ca68e4ad844cbc1dcd14435b8abf8a,cpu,300,1.1598267555236816,0.5476340404887641,1.253485081478175e-05
208902b35e192a5f4df42de67d5c10bad3ca68e4ad844cbc1dcd14435b8abf8a,mem,300,1.1598267555236816,0.0030353897883015346,4.282688683220701e-08
20fe696a98363e8f74c5b431b5875fdc59930591d80822d8f6b36da698233c9c,cpu,300,3.966987371444702,0.641493008925109,1.5915392391298076e-05
20fe696a98363e8f74c5b431b5875fdc59930591d80822d8f6b36da698233c9c,mem,300,3.966987371444702,0.02730363504050648,-1.492470667554967e-06
21df1a04376bb5ce6b2fbc3b6991fd76907d30122898507b038b9f767ee2f95a,cpu,300,0.5313114523887634,0.15325077891626993,5.744943547884024e-05
21df1a04376bb5ce6b2fbc3b6991fd76907d30122898507b038b9f767ee2f95a,mem,300,0.5313114523887634,0.495449618971606,-5.218354935622282e-05
21fb5c221d3f9d699fd3c40a39e861fa2c40ca8a70abd37d89bb116fd766d9b6,cpu,300,0.6352455019950867,0.8772904785069847,8.658058892371703e-06
21fb5c221d3f9d699fd3c40a39e861fa2c40ca8a70abd37d89bb116fd766d9b6,mem,300,0.6352455019950867,0.005281120856777677,-2.6926482880127213e-08
222fb26bce12a45b062ee2476eea504a3a88ab800f17042f4ad2768a48fd79f6,cpu,300,0.3242502212524414,0.48596729796166505,5.165160314156816e-06
222fb26bce12a45b062ee2476eea504a3a88ab800f17042f4ad2768a48fd79f6,mem,300,0.3242502212524414,0.005256649617110476,-7.111764377518265e-08
226641814b15d2ab11f9c6cb2a30398bee1877f7890b35bcfae4f17b015bc98a,cpu,300,0.3914021849632263,0.5325831155062076,0.0009183939163709185
226641814b15d2ab11f9c6cb2a30398bee1877f7890b35bcfae4f17b015bc98a,mem,300,0.3914021849632263,0.0017352089896274236,6.111629706408635e-06
229c7e92064d9810b7e3165d0eda4eafcbff772530e1b0d95827f4e8d9a1d03d,cpu,300,1.1322431564331055,0.9928406005898431,2.4543822758932922e-05
229c7e92064d9810b7e3165d0eda4eafcbff772530e1b0d95827f4e8d9a1d03d,mem,300,1.1322431564331055,0.0023877301599909417,2.7268283822839536e-08
22c8ba984fe2f64ad6b7d8a8607dee4573f0161abfd3cbf9018c4bbabc682193,cpu,300,1.0431731939315796,0.08829749301826073,8.910378656922453e-08
22c8ba984fe2f64ad6b7d8a8607dee4573f0161abfd3cbf9018c4bbabc682193,mem,300,1.0431731939315796,0.013097634242528411,9.810148167714673e-09
2314deca4356f9910d7591549c0cfa86581838f9ff67d61216bba76880e9bfae,cpu,300,1.939825415611267,0.1484338939882648,1.051632505955316e-05
2314deca4356f9910d7591549c0cfa86581838f9ff67d61216bba76880e9bfae,mem,300,1.939825415611267,0.26035032886998544,-6.913216858052467e-06
231d1ad43600c514499070e5a9e9d5bef423ff7a615e9956589eb54c3afeec64,cpu,300,0.4729546904563904,0.049163569429424236,2.1670482506282012e-06
231d1ad43600c514499070e5a9e9d5bef423ff7a615e9956589eb54c3afeec64,mem,300,0.4729546904563904,0.5236110847715543,1.7695572744302324e-06
235f1c2d99c762362019c64ee781c14c9837c472f5df3f38257ecbcc078facca,cpu,300,0.6814318895339966,0.9579529027469091,1.4515601117309193e-05
235f1c2d99c762362019c64ee781c14c9837c472f5df3f38257ecbcc078facca,mem,300,0.6814318895339966,0.09719221001608103,4.3826243614212536e-07
237898c9c6be1dcc3bb4a55cec8ec8b938587d211fadcd509081bb17d8828344,cpu,300,0.1904435008764267,0.20734494867962117,2.8542559710472454e-06
237898c9c6be1dcc3bb4a55cec8ec8b938587d211fadcd509081bb17d8828344,mem,300,0.1904435008764267,0.07723866862125006,-2.512753845985421e-07
2387b3f417ee8dc3dcd4f6f9572b6552b704b395290f7773ef87d96ac6bfe0b0,cpu,300,0.6200727820396423,0.5842202435758339,5.4750207742388915e-06
2387b3f417ee8dc3dcd4f6f9572b6552b704b395290f7773ef87d96ac6bfe0b0,mem,300,0.6200727820396423,0.022673147197100563,-1.3355206594122706e-07
23bdd392279c3f7f575cdcca6c022c7403272aea434e9e116e15901ec787a9f3,cpu,300,0.7808772325515747,0.8970588799403725,1.0799290672084416e-06
23bdd392279c3f7f575cdcca6c022c7403272aea434e9e116e15901ec787a9f3,mem,300,0.7808772325515747,0.640008813640504,-3.3558163085417705e-08
23c83ce92594602cd1572af05ad96368ca6d11ce4e4db40b4204c1fe47777c16,cpu,300,4.756109714508057,0.003162683677532918,-8.169800846595846e-08
23c83ce92594602cd1572af05ad96368ca6d11ce4e4db40b4204c1fe47777c16,mem,300,4.756109714508057,0.0002814671403613689,-6.370856481365809e-08
23e1bd91dd3d795d3ba7445223a33afff262ddf5daf58481b52a93e4513ea087,cpu,300,6.352379322052002,0.2113385148508964,2.9099669914730585e-06
23e1bd91dd3d795d3ba7445223a33afff262ddf5daf58481b52a93e4513ea087,mem,300,6.352379322052002,0.015098351006546329,-5.604846241943317e-07
2455b8d035d5b8a4fdaf2cd0d5c84b36d7d2df1f4897bfeaa597a6cc22ee64b0,cpu,300,14.866174697875977,0.02640935041981818,2.8107336098057955e-05
2455b8d035d5b8a4fdaf2cd0d5c84b36d7d2df1f4897bfeaa597a6cc22ee64b0,mem,300,14.866174697875977,0.003906473218056483,-1.2974835617147283e-05
24601dd8b36f856eb0a4d759866f475bc62cf843ffe0920e0d4d72ea1e84719c,cpu,300,0.30226707458496094,0.869166448679614,3.1380732503780304e-07
24601dd8b36f856eb0a4d759866f475bc62cf843ffe0920e0d4d72ea1e84719c,mem,300,0.30226707458496094,0.5453753095941388,3.567014919616213e-08
24b40e1f85ac43aa9500246a9597f7628702a1172c79fca706fe829dc18c57ce,cpu,300,0.36639127135276794,0.8359092663827228,0.00018002678544432545
24b40e1f85ac43aa9500246a9597f7628702a1172c79fca706fe829dc18c57ce,mem,300,0.36639127135276794,0.0223792849763651,-1.5792353828178796e-05
24c4cbe1cd34a8175d569d094b556aa444676a16107a74e88588407610a1391c,cpu,300,1.38893723487854,0.918390247843849,1.5083326729061322e-05
24c4cbe1cd34a8175d569d094b556aa444676a16107a74e88588407610a1391c,mem,300,1.38893723487854,0.011241227151580602,-1.775544967011742e-07
24d2967ce1daa3b8087af5d6e47b31f59634996feec8362739a71d58363d755b,cpu,300,0.7886342406272888,0.024519679920458892,1.9985782539926717e-05
24d2967ce1daa3b8087af5d6e47b31f59634996feec8362739a71d58363d755b,mem,300,0.7886342406272888,0.0031010402371288714,5.932476311131269e-06
2516f8788ca5f42ff22f6733a95180779315978e61fc65f2a8819626ad60837a,cpu,300,0.9026104211807251,0.6961534596482062,0.00036620867088446937
2516f8788ca5f42ff22f6733a95180779315978e61fc65f2a8819626ad60837a,mem,300,0.9026104211807251,0.0016393560969918397,-3.833329139440829e-06
266a126224b523904fffaba91a3c5f27f45f521bd1e5489ecd8fe2bc14366c47,cpu,300,1.1018394231796265,0.5552741274412116,1.7133665511001706e-06
266a126224b523904fffaba91a3c5f27f45f521bd1e5489ecd8fe2bc14366c47,mem,300,1.1018394231796265,0.02390213343077907,9.107129948158477e-08
26bc039255ded23fe8f470dd4b481f7a44a016aa7824ce938325e5b605bc7c76,cpu,300,8.18973445892334,0.10149671494118451,2.8190721509874073e-05
26bc039255ded23fe8f470dd4b481f7a44a016aa7824ce938325e5b605bc7c76,mem,300,8.18973445892334,0.011747861467759524,2.2151155778209746e-07
2733610666f7e648f7b2525f3678855b56c6e6fa246b22d97cb0cf898b331ca2,cpu,300,9.991538047790527,0.032395036391710264,1.0842050918452282e-06
2733610666f7e648f7b2525f3678855b56c6e6fa246b22d97cb0cf898b331ca2,mem,300,9.991538047790527,0.00823174035496732,-4.3234713567226705e-08
273ab562e5b930887de6eeb565910412067edcd76558268defe4beea89201d42,cpu,300,0.4831622540950775,0.18074651476016423,2.6564214150186093e-06
273ab562e5b930887de6eeb565910412067edcd76558268defe4beea89201d42,mem,300,0.4831622540950775,0.0051919241995598275,6.352946782724678e-09
277696142f47fe46c16a78a46bc40f0922b5212ba487dc6ed6feb59add3e94ba,cpu,300,2.064025402069092,0.000753687702201522,-6.499593977093128e-07
277696142f47fe46c16a78a46bc40f0922b5212ba487dc6ed6feb59add3e94ba,mem,300,2.064025402069092,0.00534372396780769,4.033805209800486e-06
2791ed79f9821f7d501800a9e88c8a4f2e36b38f3b7568bb502f8b8653cb9313,cpu,300,0.3610880970954895,0.46176259294183175,0.00012953378877923137
2791ed79f9821f7d501800a9e88c8a4f2e36b38f3b7568bb502f8b8653cb9313,mem,300,0.3610880970954895,0.10174245567334383,1.400858187258842e-05
27b124d9646382aafc353839d486338edceeb1bb03cbe143fa87c86c147cc84a,cpu,300,0.4727177917957306,0.043168383643402364,4.4363529768629344e-05
27b124d9646382aafc353839d486338edceeb1bb03cbe143fa87c86c147cc84a,mem,300,0.4727177917957306,0.6146698209382813,0.00028800653895865407
27d4ba78d387f84e31c14d068d89994dd7cea0805d24ba7b80b2f0d226fe1906,cpu,300,1.1047786474227905,0.755190934930347,3.0630225292495464e-05
27d4ba78d387f84e31c14d068d89994dd7cea0805d24ba7b80b2f0d226fe1906,mem,300,1.1047786474227905,0.001115604510510737,-1.209447171939263e-07
27ebb8700e06c587c5695280564890f92abecc7cb26fab54eb377bd83f15f0fb,cpu,300,0.8208596110343933,0.5368678658788177,3.051917265017909e-05
27ebb8700e06c587c5695280564890f92abecc7cb26fab54eb377bd83f15f0fb,mem,300,0.8208596110343933,0.16213063678551698,4.0666821739302546e-05
27f9f18051c2fcc46fa79f83934fb50d99837134f5c86d0426260a57fd36453c,cpu,300,1.6310489177703857,0.005149553006487673,1.8324027085885427e-06
27f9f18051c2fcc46fa79f83934fb50d99837134f5c86d0426260a57fd36453c,mem,300,1.6310489177703857,0.0035305178395198533,-7.016612196334165e-08
2837039cc2a885ab18e4c0f4150403dc1b81283e57c8339a540be7923dd612ae,cpu,300,0.29746487736701965,0.40681614343881267,5.475601736243157e-06
2837039cc2a885ab18e4c0f4150403dc1b81283e57c8339a540be7923dd612ae,mem,300,0.29746487736701965,4.97217304143982e-05,7.101381985027658e-09
28664e7ba60702984ae3f84d4b084785897495e3b7f28717bda80797dc5468b6,cpu,300,0.8141218423843384,0.9591622129806235,1.0029115318093721e-06
28664e7ba60702984ae3f84d4b084785897495e3b7f28717bda80797dc5468b6,mem,300,0.8141218423843384,0.09073554376455317,3.230014176684832e-09
287f98771ea6728b20657bf63a3c6f9a2fa71e7d85d3bf4466a98bb4683548ed,cpu,300,0.9126558303833008,0.6684674576196948,6.596534736267921e-05
287f98771ea6728b20657bf63a3c6f9a2fa71e7d85d3bf4466a98bb4683548ed,mem,300,0.9126558303833008,0.06277515555267987,-5.494790261632874e-07
28facf3d617f4ee28195df2355a9cd303c1c94f61481803a15cb7ce71b6fea85,cpu,300,0.3948848247528076,0.6220225289867041,8.99986123675724e-05
28facf3d617f4ee28195df2355a9cd303c1c94f61481803a15cb7ce71b6fea85,mem,300,0.3948848247528076,0.174210379037812,-7.926261201137143e-05
290e3318591294009a73e1d6353ef3ee5bbb32c8be8be952a9c56c472051f494,cpu,300,2.264207124710083,0.0011747887618420716,-5.958955805639303e-05
290e3318591294009a73e1d6353ef3ee5bbb32c8be8be952a9c56c472051f494,mem,300,2.264207124710083,0.0023893577382853026,-1.7505739421675072e-05
292d34eb21e6e4980dda5d780f8012cbf92798c91d29699dcc8616e03655b762,cpu,300,1.3188531398773193,0.009934619018798552,0.0005159641512758891
292d34eb21e6e4980dda5d780f8012cbf92798c91d29699dcc8616e03655b762,mem,300,1.3188531398773193,0.0002671611501939841,6.379934688918745e-05
295823be3274eff17b99368f5231168a9f89101d9558ef73015ffc1c269a5af8,cpu,300,2.742283344268799,0.17369122696806238,3.026229719562486e-05
295823be3274eff17b99368f5231168a9f89101d9558ef73015ffc1c269a5af8,mem,300,2.742283344268799,0.008551798669302002,-5.496441668631206e-07
296ff74490468f1203e1dd6e4f053c6358a473ee4f0289762119bf774dd8f5c9,cpu,300,0.279735803604126,0.3880784790221681,1.0766874375802922e-05
296ff74490468f1203e1dd6e4f053c6358a473ee4f0289762119bf774dd8f5c9,mem,300,0.279735803604126,0.42914310719563986,-5.165633197523209e-06
29c409d20f478a0c4cc7b644ae92a7161ce73e72a9d4c5711109b77aada30243,cpu,300,1.8639416694641113,0.5444406916482847,0.0008414408330998717
29c409d20f478a0c4cc7b644ae92a7161ce73e72a9d4c5711109b77aada30243,mem,300,1.8639416694641113,0.22807136183415722,-1.5398073502230487e-05
29fb3bf11f34937724e82904ab53dd775b99e9ef2212527a234518343c4b3df9,cpu,300,1.2316011190414429,0.9350368482503553,0.00039654753312250445
29fb3bf11f34937724e82904ab53dd775b99e9ef2212527a234518343c4b3df9,mem,300,1.2316011190414429,0.08579490507308052,6.460252458909243e-06
2a1f22682f73db8ce3a7f03300f0ab88dad43ad26c4b1f186d40d31caa6277ae,cpu,300,2.0948846340179443,0.3534030995419458,1.0009795074246151e-05
2a1f22682f73db8ce3a7f03300f0ab88dad43ad26c4b1f186d40d31caa6277ae,mem,300,2.0948846340179443,0.0035956610040539516,6.366327845679052e-07
2a1f6f66d3f2fe0cd60f3a303b1bab40a2d4a9ca93eef99e2ab7588a32267145,cpu,300,0.2977067232131958,0.6913701351591972,5.570836521656615e-06
2a1f6f66d3f2fe0cd60f3a303b1bab40a2d4a9ca93eef99e2ab7588a32267145,mem,300,0.2977067232131958,0.0044658127330372555,-1.545590730802382e-08
2a8ff5d086c8965caf9c0e93c7e963a360fef5eb38e5af8db26690d6824569d1,cpu,300,2.3797478675842285,0.5595836960010445,5.586608436126025e-06
2a8ff5d086c8965caf9c0e93c7e963a360fef5eb38e5af8db26690d6824569d1,mem,300,2.3797478675842285,0.026101482269175524,2.003159506270576e-07
2abd05990aa9eb81a3eaa333829ec355eaee57fbecc9e8d2e000dde5f4972378,cpu,300,0.22641891241073608,0.6773634884648405,9.65692424924821e-07
2abd05990aa9eb81a3eaa333829ec355eaee57fbecc9e8d2e000dde5f4972378,mem,300,0.22641891241073608,0.18115469735614698,2.6954511577135066e-08
2b8ef0447ba7997e9087fd7d9cbdf9591beadb51854babb9c74ca279c52185af,cpu,300,4.011882781982422,0.34079300915340094,3.3083694993173264e-06
2b8ef0447ba7997e9087fd7d9cbdf9591beadb51854babb9c74ca279c52185af,mem,300,4.011882781982422,0.021852775322366957,-3.267227936715323e-07
2bac8d59659818c1d960bddb7953c622c0885d689fc8597b8b41821805672333,cpu,300,0.55780428647995,0.9661772605722947,4.715939245764145e-06
2bac8d59659818c1d960bddb7953c622c0885d689fc8597b8b41821805672333,mem,300,0.55780428647995,0.011260586563471842,-4.3730246964672576e-08
2bb5548efd3b4581bcfa63d6793b2e8c34c69775ea4febcd0689f96a840828ac,cpu,300,0.87693852186203,0.8821270870488992,5.6408170761368634e-05
2bb5548efd3b4581bcfa63d6793b2e8c34c69775ea4febcd0689f96a840828ac,mem,300,0.87693852186203,0.04153776842015744,2.4850415471339737e-07
2bcc2832736be67623ce452166a42e2edeefb2f5c8afb3677b52fd095dea7957,cpu,300,1.7948180437088013,0.8936827150070114,6.358559255811436e-06
2bcc2832736be67623ce452166a42e2edeefb2f5c8afb3677b52fd095dea7957,mem,300,1.7948180437088013,0.0008090198054602205,6.288439310902871e-08
2be3b98bfce0e36bfa57f93d594bb1e183b434540c5bce38233a5dc2e9b80a1b,cpu,300,0.2631869912147522,0.7497520449544612,7.18139032842745e-07
2be3b98bfce0e36bfa57f93d594bb1e183b434540c5bce38233a5dc2e9b80a1b,mem,300,0.2631869912147522,0.0616924919023929,-6.1948533632939586e-09
2cc0519220024a72658adcc4ac5eea9d1f2dd2cbd016361be01dbaa916b7bec8,cpu,300,2.241020679473877,0.07132912165618222,2.5127807642913636e-05
2cc0519220024a72658adcc4ac5eea9d1f2dd2cbd016361be01dbaa916b7bec8,mem,300,2.241020679473877,0.004484616311671741,-9.150926581137145e-07
2ce41e5530b990a38b7be478e5b9d6863170e0a9e9007420959187e9a25403d1,cpu,300,4.159770965576172,0.17131595002385647,1.1130319555871645e-06
2ce41e5530b990a38b7be478e5b9d6863170e0a9e9007420959187e9a25403d1,mem,300,4.159770965576172,0.0015067885776566259,-3.701260886690856e-08
2d14d813fca5bd2061cdb6a7b0bb07507354c9e1c9ebcbfdaa11cd23ef05609f,cpu,300,1.371211051940918,0.8024357343406862,1.9677395394251403e-05
2d14d813fca5bd2061cdb6a7b0bb07507354c9e1c9ebcbfdaa11cd23ef05609f,mem,300,1.371211051940918,0.010918640327971074,-1.092924425200922e-07
2d37b4120ad5a4f3e8f5e746a5fe83f2569ec2bde0dcb3cf4147c25bdaa7f13c,cpu,300,3.8430941104888916,0.4700559290891476,0.00010724459640561877
2d37b4120ad5a4f3e8f5e746a5fe83f2569ec2bde0dcb3cf4147c25bdaa7f13c,mem,300,3.8430941104888916,0.006216017997368373,2.181719746878166e-06
2d6efe2da55db77cb8533784b704eb9e28ae359b0c158bdbda44ddf0874757c0,cpu,300,0.5233373641967773,0.3387907379938746,5.027136685323756e-07
2d6efe2da55db77cb8533784b704eb9e28ae359b0c158bdbda44ddf0874757c0,mem,300,0.5233373641967773,0.001267695312210937,-1.4653520295237481e-09
2dae55aca6f9c5099a8eb93350854e4822ec79e9dc2a6832b4856408bc839455,cpu,300,1.3458861112594604,0.023057075897068624,1.9222353725399504e-06
2dae55aca6f9c5099a8eb93350854e4822ec79e9dc2a6832b4856408bc839455,mem,300,1.3458861112594604,0.00035301990199432254,-3.606075625110576e-07
2de253b358aed97b2a31e03e0e146ae706e689b991b3a26d22bb5fe465da4d90,cpu,300,6.355619430541992,0.395238900833338,6.403275396653015e-06
2de253b358aed97b2a31e03e0e146ae706e689b991b3a26d22bb5fe465da4d90,mem,300,6.355619430541992,0.41141798056173695,1.6687931451917778e-07
2e0e70b33a1924efcc1faa52b349ab42525521aa5535c276a9102fcb9313de09,cpu,300,0.7326074242591858,0.6207264664986714,1.496881305162587e-05
2e0e70b33a1924efcc1faa52b349ab42525521aa5535c276a9102fcb9313de09,mem,300,0.7326074242591858,0.0061832498446359185,-1.5266697527228776e-07
2e349494c91bcbe23d46f415624d74b684f8d9978e1a33e42dc0e449cf3743af,cpu,300,0.8142099380493164,0.018471756755447655,0.0006751057303212562
2e349494c91bcbe23d46f415624d74b684f8d9978e1a33e42dc0e449cf3743af,mem,300,0.8142099380493164,0.0035349807531477317,-3.547104192836306e-05
2f4b19438c40b916d7863d714a91c1fe5fd6509c7994f9595b472f30949ac91f,cpu,300,0.7418192028999329,0.054881311766710295,4.6473923166736955e-06
2f4b19438c40b916d7863d714a91c1fe5fd6509c7994f9595b472f30949ac91f,mem,300,0.7418192028999329,0.0013878978204334702,1.8485828961493846e-06
2f631d8fc6683c60a2d67283e22d52a9a1d9b1d24a4b1b7c6cc0f65377757d70,cpu,300,1.7903258800506592,0.15114444110067948,3.204256749840689e-05
2f631d8fc6683c60a2d67283e22d52a9a1d9b1d24a4b1b7c6cc0f65377757d70,mem,300,1.7903258800506592,0.01783625162045477,1.2659177645395666e-06
2fef88e34825a550df56d3a159b3089e3535b91996df23a050eb20fa12489c8f,cpu,300,0.3746163547039032,0.6589208746074701,1.8823906345607516e-05
2fef88e34825a550df56d3a159b3089e3535b91996df23a050eb20fa12489c8f,mem,300,0.3746163547039032,0.002621174542871696,2.482074015200779e-07
30a8da0bf74d650c3aff9df0a7b34ce90b5be01dcbf3adffa06bbc85061bb428,cpu,300,0.9468145966529846,0.3788835623063297,1.4995280757439955e-06
30a8da0bf74d650c3aff9df0a7b34ce90b5be01dcbf3adffa06bbc85061bb428,mem,300,0.9468145966529846,0.3421324876285794,-4.111725913249993e-08
30be2623ae24c48b5ecd22fd1c1a7fcf1243bc29482f549c7213b9c0b5247c77,cpu,300,2.6195013523101807,0.0035738993683405162,-7.635418730797715e-06
30be2623ae24c48b5ecd22fd1c1a7fcf1243bc29482f549c7213b9c0b5247c77,mem,300,2.6195013523101807,0.039223230516779894,1.688084100688181e-06
30c95505cf5a76d5b291bd0fb87aae61e83f8909c6e97914b52ad45c8fd37eea,cpu,299,0.5390037894248962,0.7825644379363552,1.0470923627570342e-05
30c95505cf5a76d5b291bd0fb87aae61e83f8909c6e97914b52ad45c8fd37eea,mem,299,0.5390037894248962,0.11242264434789806,2.06711404440301e-06
30f42c54625feb9d234e6746f44b261c81762b50b60b52697cb4ab10e0d96839,cpu,300,1.9441477060317993,0.1404252182525254,3.646975880811823e-05
30f42c54625feb9d234e6746f44b261c81762b50b60b52697cb4ab10e0d96839,mem,300,1.9441477060317993,0.023579901304439543,1.5869291196480372e-06
31330ec84f90071c92e3f88b558c1f8568e9b5e87d6ae7ac891b1eb5af2c89ef,cpu,300,1.0779427289962769,0.8631769212027646,1.1187085565729232e-05
31330ec84f90071c92e3f88b558c1f8568e9b5e87d6ae7ac891b1eb5af2c89ef,mem,300,1.0779427289962769,0.002194195447243419,-2.2281723680792015e-07
315c2525b526e54c03fa05aaa19dabcb542f95446797d96fb7041cc638cb3f71,cpu,300,0.3406031131744385,0.742650677812263,3.883169043494724e-05
315c2525b526e54c03fa05aaa19dabcb542f95446797d96fb7041cc638cb3f71,mem,300,0.3406031131744385,0.19731951774779166,-1.1771511378172788e-06
315f624d255fc7680cb985a3e0796397bc18baa89d4226331ebeae5a62de747f,cpu,300,30.64110565185547,0.007839446926455329,1.9190022319867773e-09
315f624d255fc7680cb985a3e0796397bc18baa89d4226331ebeae5a62de747f,mem,300,30.64110565185547,0.0008496220057189197,4.253054390618537e-11
3203f1685617b0fa5f4c2508d772ef8da63a04d06a952475d76d2e1e0a967086,cpu,300,0.8907132148742676,0.06583866932549864,0.0021500042948641627
3203f1685617b0fa5f4c2508d772ef8da63a04d06a952475d76d2e1e0a967086,mem,300,0.8907132148742676,2.999693222505151e-05,-3.3864456247246932e-06
3262169cd55939c458b7a1bc17c0896943459c04630777d1ccf1aa9a7a8134bf,cpu,300,0.748711347579956,0.016823658824693388,9.714218456481371e-06
3262169cd55939c458b7a1bc17c0896943459c04630777d1ccf1aa9a7a8134bf,mem,300,0.748711347579956,0.0059997499019931455,-1.2259150078133966e-05
32c52b5346d9e9f8308e9b24f09261f94e6d7c784652988ef7edcbfaf7f9faa6,cpu,300,0.6831068396568298,0.746937409558168,4.717575498988165e-05
32c52b5346d9e9f8308e9b24f09261f94e6d7c784652988ef7edcbfaf7f9faa6,mem,300,0.6831068396568298,0.02041932141505287,-2.2724372075670896e-07
3322acdce65a8353e2f8a32a2bf0474526cfc62c3d13289ab64fb6a5e089e2db,cpu,300,0.49929141998291016,0.6887042033166542,1.0935730247292214e-06
3322acdce65a8353e2f8a32a2bf0474526cfc62c3d13289ab64fb6a5e089e2db,mem,300,0.49929141998291016,0.025421144655769168,1.6816430234276413e-09
333d59f676aa601bd911cb82d5aaad437033fd8ac8ef284ac995a1097ee490db,cpu,300,1.8085424900054932,0.1464507339494462,4.0879933340624825e-05
333d59f676aa601bd911cb82d5aaad437033fd8ac8ef284ac995a1097ee490db,mem,300,1.8085424900054932,0.03689580267515513,-3.0531032397772184e-06
336f2152b84445c5cd95d5c5fc7cbf8515195af4ed0e992955b53677e586ff30,cpu,300,20.181676864624023,0.23645236565266325,0.00015446212234747708
336f2152b84445c5cd95d5c5fc7cbf8515195af4ed0e992955b53677e586ff30,mem,300,20.181676864624023,0.0007377733962250499,-5.998073736129534e-07
33c7269faa223a2c89bfd3590dc0c48e3b8e060a72392dba614795dc2c00dc1c,cpu,299,0.42312490940093994,0.40895388408244304,0.00016029096349113022
33c7269faa223a2c89bfd3590dc0c48e3b8e060a72392dba614795dc2c00dc1c,mem,299,0.42312490940093994,0.001529979290990524,2.9532406949938745e-06
35114acfb54c54fb9618f23cd28bbc57c765f597df140977d7030dcc52775ed4,cpu,300,0.5071353316307068,0.9155378945229222,1.3067570832752525e-06
35114acfb54c54fb9618f23cd28bbc57c765f597df140977d7030dcc52775ed4,mem,300,0.5071353316307068,0.309562120525922,1.1352875249614269e-08
35267761f7eb5109e5957d99f4fd9e0e80ab1a946f002487797d504e17a5109f,cpu,300,4.210485458374023,0.051944587356721805,6.297168487206584e-06
35267761f7eb5109e5957d99f4fd9e0e80ab1a946f002487797d504e17a5109f,mem,300,4.210485458374023,0.010734463379314274,1.675768753636012e-07
3557add998c8762136da6e3a0af6489ed6425c3d91ca9e3d513dbf9d2f81e85c,cpu,300,0.24218498170375824,0.04522096160558464,6.035012558437796e-07
3557add998c8762136da6e3a0af6489ed6425c3d91ca9e3d513dbf9d2f81e85c,mem,300,0.24218498170375824,0.42162173715604045,-4.249418124321066e-07
35736abff9147fca348e75799584cad78b7b8dc68178dc281d5ad0b226263dc3,cpu,300,1.1683555841445923,0.09782852602370795,1.3438222271441335e-05
35736abff9147fca348e75799584cad78b7b8dc68178dc281d5ad0b226263dc3,mem,300,1.1683555841445923,0.09271583697197538,4.710771129425863e-06
358e600f0761e77d74c586d61961fc53940fe654180cce128b50a08fc39c7278,cpu,300,42.69626235961914,0.03710089326688881,1.647828840694828e-07
358e600f0761e77d74c586d61961fc53940fe654180cce128b50a08fc39c7278,mem,300,42.69626235961914,0.009644901677905993,2.1707139937457613e-09
35939991ac008de67a34134349999e278ab4b91371ad34bf045fb280e2dee81e,cpu,300,1.6174262762069702,0.7963731086874644,8.047177630597437e-06
35939991ac008de67a34134349999e278ab4b91371ad34bf045fb280e2dee81e,mem,300,1.6174262762069702,0.2070201675741088,-1.6263536908532882e-07
35fab2d465f68faa3c80b3914045218d4ace703295b997a4c0a8051fdfec6a2e,cpu,300,1.5724434852600098,0.00024863259199547905,-1.0683028831150683e-07
35fab2d465f68faa3c80b3914045218d4ace703295b997a4c0a8051fdfec6a2e,mem,300,1.5724434852600098,0.0005188517777614532,1.3103920822138368e-07
36039b739f39e30e6e57d3afbfaad3cce8ce70f810559d6be9104f2176d8c314,cpu,300,0.8313584923744202,0.8352799981431518,0.0001598409537741516
36039b739f39e30e6e57d3afbfaad3cce8ce70f810559d6be9104f2176d8c314,mem,300,0.8313584923744202,0.01033176008113823,2.2698715223601304e-07
3683abdf465be383b69430d7bba5da7f1d6d74355244ddda6dcbf9ae50e55383,cpu,300,0.42710280418395996,0.30342141838341874,4.257775624973972e-05
3683abdf465be383b69430d7bba5da7f1d6d74355244ddda6dcbf9ae50e55383,mem,300,0.42710280418395996,0.4861711938909081,-1.7027058934820086e-05
36c59eeeab2c62115c3fb44b5496b62c9bc57549099252a32dce79002ee0eaa1,cpu,300,0.9156705737113953,0.11474544410241183,2.6839066409923145e-05
36c59eeeab2c62115c3fb44b5496b62c9bc57549099252a32dce79002ee0eaa1,mem,300,0.9156705737113953,0.010819932630529161,3.978002014759476e-06
36e8643cacbf044eb2d0f6f9f1912fbd0dcae3fb590d3bed31112c5f4f66f272,cpu,298,0.48667338490486145,0.8576610671075977,4.690581317843358e-06
36e8643cacbf044eb2d0f6f9f1912fbd0dcae3fb590d3bed31112c5f4f66f272,mem,298,0.48667338490486145,0.03655371735469326,-4.191359056335222e-08
36ea2d4307b580917ab44d0600931e9b526f0e211ecbd6c6248b670639406d5e,cpu,300,5.406187534332275,2.834331324086392e-07,1.0834321275142104e-09
36ea2d4307b580917ab44d0600931e9b526f0e211ecbd6c6248b670639406d5e,mem,300,5.406187534332275,0.003240581108928109,-2.6285765297125224e-08
370b6ca618c66d92bcf3acb6e8382fc6af8f1973267d190d410dbbb6bc8f90da,cpu,300,4.440000534057617,0.38236671626460794,3.7516052918837485e-06
370b6ca618c66d92bcf3acb6e8382fc6af8f1973267d190d410dbbb6bc8f90da,mem,300,4.440000534057617,0.0002442758366140163,9.309454945956082e-10
373f823120ce7ef9b255f7cf6aeb2660bfee31f69a1c3484b8332036b5efe4b3,cpu,300,1.700480341911316,0.2633114900349808,0.005984279218575731
373f823120ce7ef9b255f7cf6aeb2660bfee31f69a1c3484b8332036b5efe4b3,mem,300,1.700480341911316,0.0021958613172129438,9.990856339164919e-05
377f1c6e2b6c3315132d0d8dbd721dc01630e5919f39b0ce4f4afe85c2c4fe18,cpu,300,1.6201419830322266,0.43232592062604247,1.3159119158821836e-06
377f1c6e2b6c3315132d0d8dbd721dc01630e5919f39b0ce4f4afe85c2c4fe18,mem,300,1.6201419830322266,0.17270352648434917,1.0237626728477842e-06
379e23daa893e9f183169734b12ee6c2ca81ca05d270a8ded42d4fa1b41fa0b6,cpu,300,0.6636813879013062,0.8816604005323971,1.6693800122663037e-06
379e23daa893e9f183169734b12ee6c2ca81ca05d270a8ded42d4fa1b41fa0b6,mem,300,0.6636813879013062,0.0009666782209499791,5.048892687368424e-09
388c2211b1eb35577369a5f8f727c957f6ad07d703ba80bd20726531d711a44b,cpu,300,1.1897752285003662,0.2805745229906663,1.562577780826837e-05
388c2211b1eb35577369a5f8f727c957f6ad07d703ba80bd20726531d711a44b,mem,300,1.1897752285003662,0.1202721660684688,6.429683990113742e-07
389ad8ab3bfc96886e6b190ec247e6a11f0a83febf571511590eaa3edf92d529,cpu,300,0.7068464159965515,0.48582396522787563,2.656420942209683e-06
389ad8ab3bfc96886e6b190ec247e6a11f0a83febf571511590eaa3edf92d529,mem,300,0.7068464159965515,0.0037210028477756563,5.809685270801831e-07
38ed02ea6e27490052fbb063d70fd67ac1dcd39d6bee97fe7310cc4e55eddfa6,cpu,300,0.9270880818367004,0.015097684471059858,9.047250650205996e-07
38ed02ea6e27490052fbb063d70fd67ac1dcd39d6bee97fe7310cc4e55eddfa6,mem,300,0.9270880818367004,0.14099121326625197,1.2463865954167592e-07
3933852eeabee5144914b5e85d3dd888b0278d85915e72ed28b4002ca0ee7054,cpu,300,1.0403187274932861,0.6335632685453116,3.862594362978521e-05
3933852eeabee5144914b5e85d3dd888b0278d85915e72ed28b4002ca0ee7054,mem,300,1.0403187274932861,0.015247492458196787,-5.920009670572709e-07
39708be2b5227aa0c58d924afb072660e37262ac43a8bf2bce6c8bee9648f06d,cpu,300,0.3078724443912506,0.8100745144064461,3.5077371917105173e-06
39708be2b5227aa0c58d924afb072660e37262ac43a8bf2bce6c8bee9648f06d,mem,300,0.3078724443912506,0.32340283689381333,-3.0207376652927315e-07
39941cd5d9ee45144faf14af503db83864642575fb8b449cdeb06869ab330bbf,cpu,300,9.930266380310059,0.3204363149999869,3.171651108907817e-05
39941cd5d9ee45144faf14af503db83864642575fb8b449cdeb06869ab330bbf,mem,300,9.930266380310059,0.01383746409831943,-8.196769722676952e-07
39b4c8fbcd94df8fb90c0f37d4866d5c5b13b294c4b96406a2350de68b7cf93c,cpu,299,2.6882448196411133,0.40546736115939686,1.1632928901480415e-05
39b4c8fbcd94df8fb90c0f37d4866d5c5b13b294c4b96406a2350de68b7cf93c,mem,299,2.6882448196411133,0.0021498848210028676,-9.796622223924014e-08
39c81d22faa34965afa27b513af4bf9c53e66b2879239a308fed486ce165511c,cpu,300,30.27439308166504,0.000394609898000553,-6.255951147189503e-07
39c81d22faa34965afa27b513af4bf9c53e66b2879239a308fed486ce165511c,mem,300,30.27439308166504,0.0001679560325132945,-1.3132846710016514e-07
3a5948815a7c975b38da8d47da36c069e020e81ed530cd22fd362d029350d7d4,cpu,300,3.719621419906616,0.02017809879749144,-8.353515717031103e-06
3a5948815a7c975b38da8d47da36c069e020e81ed530cd22fd362d029350d7d4,mem,300,3.719621419906616,0.018911022828494217,1.0347601994730124e-06
3a6e367bb73e903db76ef152baaaeb8bfafe724b7632962e10b0a1c640afd878,cpu,300,0.2273104339838028,0.8508561750542423,1.5374874604838457e-06
3a6e367bb73e903db76ef152baaaeb8bfafe724b7632962e10b0a1c640afd878,mem,300,0.2273104339838028,0.4742622278630997,2.0391740265642228e-07
3a93817a680949d1559d42eb0e7d8184f885f6110a47289d296cd78be7dc2387,cpu,299,0.8463823795318604,0.29418141658215125,4.7047309247931955e-05
3a93817a680949d1559d42eb0e7d8184f885f6110a47289d296cd78be7dc2387,mem,299,0.8463823795318604,0.022474761359326578,-6.595519044693019e-06
3aa5282fa997f06f4378b7236be6d2e3e0a891e1f1cd064cec815d3a52e5f2b1,cpu,300,0.24579602479934692,0.664452494598472,5.067920235688586e-06
3aa5282fa997f06f4378b7236be6d2e3e0a891e1f1cd064cec815d3a52e5f2b1,mem,300,0.24579602479934692,0.6229847806681108,1.233717677168995e-06
3ab907c6a3e3c1a545e07a2189c2a0b3b625a6a17dbb2832b3ac48d56bc90738,cpu,300,0.30608895421028137,0.8045558232227211,1.5556463466648412e-05
3ab907c6a3e3c1a545e07a2189c2a0b3b625a6a17dbb2832b3ac48d56bc90738,mem,300,0.30608895421028137,0.13030844649413098,-8.254110675909268e-07
3adb9e5697dd1e12e19f790e109cfaa8fb70aad848a2dcebd5b7c91158938b94,cpu,300,0.2278352528810501,0.431709627888585,1.5431523060856602e-05
3adb9e5697dd1e12e19f790e109cfaa8fb70aad848a2dcebd5b7c91158938b94,mem,300,0.2278352528810501,0.007842099680182124,1.9576029920955135e-07
3ae5b1b2f41b92b684d4f20d62741892bccdb1aaf4ef48b5c2b41f43316fb214,cpu,300,0.2920724153518677,0.14229767335413623,1.0016325614953785e-05
3ae5b1b2f41b92b684d4f20d62741892bccdb1aaf4ef48b5c2b41f43316fb214,mem,300,0.2920724153518677,0.08468961225615468,-5.457496884957935e-07
3b30792ee8947e46c8caa9375d09e15e238299decada429a96a7892c7984e2a0,cpu,300,0.3543151319026947,0.0012568132416181932,8.254606028902505e-05
3b30792ee8947e46c8caa9375d09e15e238299decada429a96a7892c7984e2a0,mem,300,0.3543151319026947,0.003564755160222699,2.225692251828172e-05
3b40e01c9ae51f80a0ec895ca16c9b9a89da1f81ea192bd7207fd3f3909e2413,cpu,300,1.322466492652893,0.1782379406930985,6.826065181105405e-07
3b40e01c9ae51f80a0ec895ca16c9b9a89da1f81ea192bd7207fd3f3909e2413,mem,300,1.322466492652893,0.11617481572781174,2.1092844045721327e-07
3bad21156973c336c965d60006ceaa3a23136e057d855a7d5663c1cabc8938aa,cpu,299,0.5567248463630676,0.3717654690353107,2.5818440946858903e-05
3bad21156973c336c965d60006ceaa3a23136e057d855a7d5663c1cabc8938aa,mem,299,0.5567248463630676,0.002565699853845471,-2.1218284083168783e-06
3bda5bca9089d7b80b2776815070fa3aaeef1fc00a7e0b9b515c8fccf3ff9a25,cpu,300,0.6170527338981628,0.21973622820676597,0.03138181177264656
3bda5bca9089d7b80b2776815070fa3aaeef1fc00a7e0b9b515c8fccf3ff9a25,mem,300,0.6170527338981628,0.016912162124471775,0.0005270369781760586
3beb8f0ef32c3bf5b983bbe77bf2b373677e069d39077e945f704a5d3b2782cd,cpu,300,0.7565125823020935,0.09377903446116354,3.904273366167351e-05
3beb8f0ef32c3bf5b983bbe77bf2b373677e069d39077e945f704a5d3b2782cd,mem,300,0.7565125823020935,0.011888049570343284,4.151451908482222e-07
3c66f13a0d7877fa0d2612bc2ef6bd5ba307392eb47de073c58387c9d52915bc,cpu,300,0.4117300808429718,0.8979835297307518,8.912144500007012e-06
3c66f13a0d7877fa0d2612bc2ef6bd5ba307392eb47de073c58387c9d52915bc,mem,300,0.4117300808429718,0.08151846379053074,5.7103883075387446e-08
3c87bc55a5e38599e02a7114abbe1ca1abb9c24d018676511701bb7059bd5008,cpu,300,1.6497385501861572,0.06256713453311802,2.4802140281409292e-05
3c87bc55a5e38599e02a7114abbe1ca1abb9c24d018676511701bb7059bd5008,mem,300,1.6497385501861572,0.013405003889766953,-1.1063198852372198e-06
3cf752067ea97581512f652d9f9af0cfbddd67d4145e9d81138354f9f1da9e5d,cpu,300,0.4380553066730499,0.7744090672339595,6.6671123040555466e-06
3cf752067ea97581512f652d9f9af0cfbddd67d4145e9d81138354f9f1da9e5d,mem,300,0.4380553066730499,0.0016548230629088723,-5.5172860222767245e-08
3d627897e1b82f736f7a2b12019e92b41c0c550e390ba390040c7cc837fdfa96,cpu,300,0.396254301071167,0.2170644183313507,9.746189156142467e-06
3d627897e1b82f736f7a2b12019e92b41c0c550e390ba390040c7cc837fdfa96,mem,300,0.396254301071167,0.02293639756060728,-1.3230783215895936e-07
3d6dc71988be1a72f70e09f36b4e8b42690c12a255b7c99016f0b76fd728bd4b,cpu,300,1.100498914718628,0.04131259556263045,1.6233251011956495e-05
3d6dc71988be1a72f70e09f36b4e8b42690c12a255b7c99016f0b76fd728bd4b,mem,300,1.100498914718628,0.0023769760198156797,2.228035936031501e-06
3d7d231bb14f73b963ccd9e60bab07f9e2b8139af35d4fdad66a274de3264187,cpu,300,19.089736938476562,0.0438615512235454,8.457594305316874e-08
3d7d231bb14f73b963ccd9e60bab07f9e2b8139af35d4fdad66a274de3264187,mem,300,19.089736938476562,0.07416458783909452,4.130688244781878e-08
3d9ee4247a38b58f91303432b403991f78b43d12768e961056e8d392f88508ce,cpu,300,4.314255237579346,0.6116702143286568,8.262877329089281e-05
3d9ee4247a38b58f91303432b403991f78b43d12768e961056e8d392f88508ce,mem,300,4.314255237579346,3.2501412140506503e-06,1.6669754745955173e-08
3dce9b9137f4bd3bba8b9fa7ebb8a393fe66b8971670e09a01110847e1f5c999,cpu,300,5.588595867156982,0.04229535418272168,0.00014534022545835336
3dce9b9137f4bd3bba8b9fa7ebb8a393fe66b8971670e09a01110847e1f5c999,mem,300,5.588595867156982,0.015983687688063353,-2.7710918540752856e-05
3dd6faf7046dcc9eda91fc9a83b4b650abf5bf729a9d89beed7f467dc685a6c6,cpu,300,1.1506006717681885,0.7789469180900155,3.3167691879869614e-06
3dd6faf7046dcc9eda91fc9a83b4b650abf5bf729a9d89beed7f467dc685a6c6,mem,300,1.1506006717681885,0.12452911389617416,-5.166482053468709e-07
3e136ffd19b634b7c05b382094dd7b73b39b52bce1e155a1373e1df1cd156e21,cpu,300,2.3465254306793213,0.2052497742496312,2.649818208196489e-06
3e136ffd19b634b7c05b382094dd7b73b39b52bce1e155a1373e1df1cd156e21,mem,300,2.3465254306793213,0.048851568771395626,3.736082185224234e-07
3e153919cbb523633e950608f9cba6e325f3862344141a35ed8e9922f016c5c4,cpu,300,1.3097412586212158,0.853745381606191,0.00023384936791061517
3e153919cbb523633e950608f9cba6e325f3862344141a35ed8e9922f016c5c4,mem,300,1.3097412586212158,0.009594041397696484,-7.639539809785393e-07
3e1950674ebbb55ac780b3c0824a61909456cef828227b0d108e6f03701e3f3c,cpu,300,3.842266082763672,0.018860629950963714,6.063261246307418e-08
3e1950674ebbb55ac780b3c0824a61909456cef828227b0d108e6f03701e3f3c,mem,300,3.842266082763672,8.704391212310814e-05,1.7411288742153856e-08
3e3fc568a6bf786d88cd2113ecd939fadf8f43e6375ee6ae817efb53ece410b7,cpu,300,1.711859107017517,0.04146680140290204,7.856697981969564e-06
3e3fc568a6bf786d88cd2113ecd939fadf8f43e6375ee6ae817efb53ece410b7,mem,300,1.711859107017517,0.08229337863996,-1.533448844063542e-06
3e511e54efe49cfec90deafd45533d0073dc7eba0ce9d12544d67c63839ce9bd,cpu,300,0.3858185112476349,0.8758887243400739,6.165328901692706e-06
3e511e54efe49cfec90deafd45533d0073dc7eba0ce9d12544d67c63839ce9bd,mem,300,0.3858185112476349,0.009750811363548717,2.866401916853745e-08
3e5b4009889fa2f67b7dcd4115e1af28fc2b43189421fe4dfcb5ba76ce751ea0,cpu,300,10.343172073364258,0.05008967762998062,3.274333857163658e-06
3e5b4009889fa2f67b7dcd4115e1af28fc2b43189421fe4dfcb5ba76ce751ea0,mem,300,10.343172073364258,0.0008983251074262677,9.727383466515226e-08
3e9741c42950080501e816df38ee698b8571ffda166c09d3d9ed9254e12c5bd0,cpu,300,0.8675190210342407,0.012212395927214348,3.7320927479790135e-05
3e9741c42950080501e816df38ee698b8571ffda166c09d3d9ed9254e12c5bd0,mem,300,0.8675190210342407,8.68318639243304e-05,-1.452875366987042e-06
3e996365e3736cbec442792782f983b455217508b3c8cd6cba559c0d40d4d889,cpu,300,1.3415170907974243,0.19333680306365542,9.965057424933829e-06
3e996365e3736cbec442792782f983b455217508b3c8cd6cba559c0d40d4d889,mem,300,1.3415170907974243,0.0014319003844727174,4.474916689698256e-07
3eaf1af78454e5e19cce9d3d002aa69be5350bb88792b053bc93bb80019f7f87,cpu,300,0.5653858184814453,0.15991066317629088,7.916607621097028e-06
3eaf1af78454e5e19cce9d3d002aa69be5350bb88792b053bc93bb80019f7f87,mem,300,0.5653858184814453,0.4237582050455334,2.8126410984897222e-05
3ebf2b6b3c81cff20d8280c8472262565a016feea468a35b5b9402cdb7b5e657,cpu,300,0.25418373942375183,0.5507636920411924,2.8002149411119474e-05
3ebf2b6b3c81cff20d8280c8472262565a016feea468a35b5b9402cdb7b5e657,mem,300,0.25418373942375183,0.4456968663511851,-1.4061451618901172e-05
3efc3e617f8d711d4a63d9526301d578ef78e8b755b9b1943855f12b941077d5,cpu,300,7.569753646850586,0.017923588135933644,3.023656807893184e-06
3efc3e617f8d711d4a63d9526301d578ef78e8b755b9b1943855f12b941077d5,mem,300,7.569753646850586,0.0007209805284510429,4.715200113379115e-08
3f9452d563e11aec67e767fba78fd1dd9b59f27e4c2c2d72ff6af9391225c97c,cpu,300,1.2487024068832397,0.8988985793679709,4.9007015882397245e-06
3f9452d563e11aec67e767fba78fd1dd9b59f27e4c2c2d72ff6af9391225c97c,mem,300,1.2487024068832397,0.12990233909232207,-3.058717398851156e-08
3fe330d56063785ef529b4b45e1d02598fdd05301cdc89e79d593d3f9b906984,cpu,300,40.010555267333984,0.0025131833865370545,-1.8682766298571184e-06
3fe330d56063785ef529b4b45e1d02598fdd05301cdc89e79d593d3f9b906984,mem,300,40.010555267333984,0.006020510874108709,-4.918535035215017e-07
4044a5c14fb439a9de91ea9e75f80d83fcc6c31590f8b490326ebd556a09950c,cpu,300,1.2741941213607788,0.7850146735581908,2.705876892649622e-06
4044a5c14fb439a9de91ea9e75f80d83fcc6c31590f8b490326ebd556a09950c,mem,300,1.2741941213607788,0.13872550776060455,-1.4755546737257744e-08
404a037c8642b751a9e12663e0c68c735d6866e4c526b43fbb27cd1b20cdb99a,cpu,300,9.173406600952148,0.003544646346902769,7.591837624094222e-07
404a037c8642b751a9e12663e0c68c735d6866e4c526b43fbb27cd1b20cdb99a,mem,300,9.173406600952148,0.0008751023679254288,1.2618770345032716e-07
40734b8a059ec3765c0e84ccc196c15c7ad94a289dcc45237c63370d6ea3f575,cpu,300,2.690328359603882,0.094205791111164,2.596690759403099e-05
40734b8a059ec3765c0e84ccc196c15c7ad94a289dcc45237c63370d6ea3f575,mem,300,2.690328359603882,0.010548030858628543,-2.0691865230203326e-06
408e2f53d17be55c5aa5d27fc2ea4c88dfa9490d15cac36a7c7251a44d1cf3d5,cpu,300,2.0315558910369873,0.1767662480815243,1.324927782833553e-05
408e2f53d17be55c5aa5d27fc2ea4c88dfa9490d15cac36a7c7251a44d1cf3d5,mem,300,2.0315558910369873,0.0039227698507393605,2.5044736445543314e-07
40a73433fb41bb03fef05c0bbec6726b6c6a7e23e9fd2fc8709763371ec5de57,cpu,300,1.0539757013320923,0.5749726243853381,7.431336692771406e-06
40a73433fb41bb03fef05c0bbec6726b6c6a7e23e9fd2fc8709763371ec5de57,mem,300,1.0539757013320923,0.00793600602293365,1.3592083864678153e-07
40bef09fcce3e5fa238c0f1d43243d56af38ec44c8d0f8d9af0576aef0ba4529,cpu,300,0.41136589646339417,0.754423003033655,5.095421003133799e-05
40bef09fcce3e5fa238c0f1d43243d56af38ec44c8d0f8d9af0576aef0ba4529,mem,300,0.41136589646339417,0.12284271210773656,-1.2212492528925726e-05
40f23d72d4d74a9663705cac9d435e6b40f64b5c94e7b0b05f2978afd15365e5,cpu,300,1.3062641620635986,0.6000228377204813,6.000973460330735e-05
40f23d72d4d74a9663705cac9d435e6b40f64b5c94e7b0b05f2978afd15365e5,mem,300,1.3062641620635986,0.01815042168832981,-8.252855103945407e-07
4174e9c2b76c520e19ee7b87efd6738dcb870a76a336303960c6854ce4371753,cpu,300,0.7002261877059937,1.8637820842215547e-08,-2.997252264111785e-09
4174e9c2b76c520e19ee7b87efd6738dcb870a76a336303960c6854ce4371753,mem,300,0.7002261877059937,0.024713306652472178,5.325665286520316e-08
41c8dd2d41acaf4363a4b936225ba2931ac5398b823d84a124f620b486b1f3fc,cpu,300,1.3250216245651245,0.6395620432286643,1.223374505342486e-05
41c8dd2d41acaf4363a4b936225ba2931ac5398b823d84a124f620b486b1f3fc,mem,300,1.3250216245651245,0.030383925253599564,-2.6557745602394595e-07
4210c091ce7cb306a76a04957b0f4a5bc813666a630970e16c31f8ec4f1cfc3a,cpu,300,1.2613438367843628,0.0037643814861442193,-5.4988717351108e-05
4210c091ce7cb306a76a04957b0f4a5bc813666a630970e16c31f8ec4f1cfc3a,mem,300,1.2613438367843628,0.0210128276866266,-1.305175751704591e-05
4279d89d4b4237786f37f9999ef43b0bc9fa6195b844f55d0aa7430b874fc170,cpu,300,0.16550301015377045,0.0017211743869656182,-2.0948481288410936e-07
4279d89d4b4237786f37f9999ef43b0bc9fa6195b844f55d0aa7430b874fc170,mem,300,0.16550301015377045,0.4733834998167942,5.147869661410928e-07
42d297c32a95f3b15c18b81166ffd6ef14bd8d912c0c365d440952149b667bf6,cpu,300,0.6356845498085022,0.7087686777225778,9.375194956516348e-05
42d297c32a95f3b15c18b81166ffd6ef14bd8d912c0c365d440952149b667bf6,mem,300,0.6356845498085022,0.01002887277295661,2.805036012986566e-06
434642aab97ddb3b141a7a412f0f1f52288ba58a8aee64477f20c472f80a1589,cpu,300,0.1941021829843521,0.6470218277763924,9.332452785117105e-06
434642aab97ddb3b141a7a412f0f1f52288ba58a8aee64477f20c472f80a1589,mem,300,0.1941021829843521,0.004870768662520564,-8.315135545453711e-07
436409f9a7652a56abdf400c04cbf465bccfaa4a819113481c78e027fe3e7afb,cpu,300,0.3138616979122162,0.8950344572792657,7.786864300457985e-06
436409f9a7652a56abdf400c04cbf465bccfaa4a819113481c78e027fe3e7afb,mem,300,0.3138616979122162,0.018168709174847697,1.9015648562155178e-07
436fb447090a2d7860dec34e95cdea557b42b368ad8b171c99f8689bf2a68f9f,cpu,300,0.26145100593566895,0.6343476539867087,3.391045412641366e-06
436fb447090a2d7860dec34e95cdea557b42b368ad8b171c99f8689bf2a68f9f,mem,300,0.26145100593566895,0.15965429252442764,2.5712933529463045e-08
437082be8954e03173044be2e44a09706399d0acbd03c4ca1bc51ba8f9457259,cpu,300,1.3111952543258667,0.8829141813638437,0.00012020516824785032
437082be8954e03173044be2e44a09706399d0acbd03c4ca1bc51ba8f9457259,mem,300,1.3111952543258667,0.22828078506350258,2.6716947575762803e-06
437c22b52cd550d462a1a1945e06db8646de9b2a7734ab127f3eafce457967ec,cpu,300,11.46339225769043,0.020833871635367873,1.2135758090590502e-05
437c22b52cd550d462a1a1945e06db8646de9b2a7734ab127f3eafce457967ec,mem,300,11.46339225769043,0.003673903784234045,-4.1715719148189746e-07
44072aaac36fe5ed760c8ab6a9e57bed7870fa68c928347fcfa3a29e531df493,cpu,300,0.49946826696395874,0.7024137572013076,9.542881802804843e-06
44072aaac36fe5ed760c8ab6a9e57bed7870fa68c928347fcfa3a29e531df493,mem,300,0.49946826696395874,0.005363845799710276,-2.2459107204152436e-07
4415afe7150a0a7c64d23be5fb00e7d58ee08b226b6b803d0a6442f29723b3bf,cpu,300,26.853979110717773,0.3523236288019951,5.7336875923978655e-05
4415afe7150a0a7c64d23be5fb00e7d58ee08b226b6b803d0a6442f29723b3bf,mem,300,26.853979110717773,0.04966458028609699,4.945546589270194e-07
445ae4c9870c72e93e1dcab0d7c8603a2a8a5f85a3bf183e68723c1faa14c942,cpu,300,1.9369367361068726,5.94549931653976e-06,-4.303933311196283e-07
445ae4c9870c72e93e1dcab0d7c8603a2a8a5f85a3bf183e68723c1faa14c942,mem,300,1.9369367361068726,0.006331906440207424,-1.3246736469386836e-05
449cf6fb36ffe9b099490765afdd19e657b2de013a3bdecb6bdb023734757e46,cpu,300,0.7700507640838623,0.0020002647506793814,-1.8293198523211496e-06
449cf6fb36ffe9b099490765afdd19e657b2de013a3bdecb6bdb023734757e46,mem,300,0.7700507640838623,0.013975653184293502,-5.694916430913899e-06
44d2cc0752dce00e8735e4d86789022ee68d4dc83d783d14e1cc6a28018b51c1,cpu,300,2.4234418869018555,0.004044558534330833,-4.3040056571361046e-07
44d2cc0752dce00e8735e4d86789022ee68d4dc83d783d14e1cc6a28018b51c1,mem,300,2.4234418869018555,0.013363248565544716,4.0488202094808115e-07
4546404ae91f80bc58f784f6ccd95dcd4aeb28e76665ee49498f69ba61dafc23,cpu,300,1.2855373620986938,7.861750653503918e-05,9.413557978466864e-07
4546404ae91f80bc58f784f6ccd95dcd4aeb28e76665ee49498f69ba61dafc23,mem,300,1.2855373620986938,0.019957918203201808,-5.7914593523897356e-05
45906abfa004d77553b53324f2925eeb09f474f361731fc8819a518dbad20beb,cpu,300,0.19132503867149353,0.36768591860084066,1.961138357472903e-05
45906abfa004d77553b53324f2925eeb09f474f361731fc8819a518dbad20beb,mem,300,0.19132503867149353,0.020116834919193805,-9.637203786075702e-07
4599f7a798d7579464bf803f8e465f1c6e72821a327653ba764a4083203f1b6f,cpu,300,14.118189811706543,0.007919310929333623,3.785489918566688e-07
4599f7a798d7579464bf803f8e465f1c6e72821a327653ba764a4083203f1b6f,mem,300,14.118189811706543,0.007911322984024416,1.086747593004534e-07
45bc87bf45e5058c5355a6df50af3503b65ebc1dc650ac2afb92609c23d16499,cpu,298,26.979000091552734,0.00541499712512139,2.0946520133765423e-05
45bc87bf45e5058c5355a6df50af3503b65ebc1dc650ac2afb92609c23d16499,mem,298,26.979000091552734,0.0034619237424892146,6.018853791448469e-06
45c1032f7ecfdabad39e4f514fa737dd3fbc1f26294246d689338e35c7695fee,cpu,300,0.4004826247692108,0.05405017991034311,-1.7008622101271193e-05
45c1032f7ecfdabad39e4f514fa737dd3fbc1f26294246d689338e35c7695fee,mem,300,0.4004826247692108,0.06773892092432743,1.1910119461416597e-06
4621518ba26cb93fa8dfa484745ae0640c2b83479badf19418b137be424fab48,cpu,300,0.8567548394203186,0.43611708575055463,7.67217631658793e-06
4621518ba26cb93fa8dfa484745ae0640c2b83479badf19418b137be424fab48,mem,300,0.8567548394203186,0.10851122766290078,-1.4355244791419638e-06
4623e37daab3d0db3a67d16272ca3c28b29740ea19a6663573d38095e4329fc8,cpu,300,1.5337657928466797,0.044392199703602864,1.577368250822176e-05
4623e37daab3d0db3a67d16272ca3c28b29740ea19a6663573d38095e4329fc8,mem,300,1.5337657928466797,0.009069975342206549,2.831042371738909e-06
4637f0bbfe40b1bbc52fb9ebc065e1f33cf7e9187090ae57fe4147b8f69ef13d,cpu,300,0.5879676342010498,0.4434983319321921,8.732193565366078e-06
4637f0bbfe40b1bbc52fb9ebc065e1f33cf7e9187090ae57fe4147b8f69ef13d,mem,300,0.5879676342010498,0.18040249768983907,-2.5250381872235202e-06
463d5a9c265fe101607a0cdf1e7e328409bbe093598c1fbb8cb6af1fc5997c29,cpu,300,0.9417563080787659,0.33547750835375034,1.8989545340379998e-05
463d5a9c265fe101607a0cdf1e7e328409bbe093598c1fbb8cb6af1fc5997c29,mem,300,0.9417563080787659,0.5951096755113777,4.263481074705723e-05
47182dc77852572b292c56b1887b4606e702c5c26374ee973707ef5614d00735,cpu,300,0.5428056716918945,0.7639447432260419,8.872619362633098e-06
47182dc77852572b292c56b1887b4606e702c5c26374ee973707ef5614d00735,mem,300,0.5428056716918945,0.04638801137222914,-4.621810179017425e-07
4741f21dac254d958301ad9ad6e0dba6e570e6ba412715b51e5e025b3170ca4c,cpu,300,0.47935593128204346,0.9093840634746121,0.00019947990904218326
4741f21dac254d958301ad9ad6e0dba6e570e6ba412715b51e5e025b3170ca4c,mem,300,0.47935593128204346,0.003587708407729484,1.5652310161403181e-06
4742494537bc7889c0384f215a2ba6ef35d3d7163b539340c25f8f355430020c,cpu,300,1.0353964567184448,0.05584651778130745,-1.1610102971291576e-05
4742494537bc7889c0384f215a2ba6ef35d3d7163b539340c25f8f355430020c,mem,300,1.0353964567184448,0.003586627271597198,4.28585400392076e-06
47b9ac2c1481cece2d3b38f09074ba4c23ae653c21445a7db74ac0d73f21c676,cpu,300,0.48400330543518066,0.8293440008985502,9.614673132699677e-06
47b9ac2c1481cece2d3b38f09074ba4c23ae653c21445a7db74ac0d73f21c676,mem,300,0.48400330543518066,0.0004596350900406554,-1.6059042300157046e-08
47caaaf79749a5f74ab414f809b53e60384846fc4529e5476faa80a86fcd3c67,cpu,300,2.961979389190674,0.2992844634199574,0.00013969888241678133
47caaaf79749a5f74ab414f809b53e60384846fc4529e5476faa80a86fcd3c67,mem,300,2.961979389190674,0.007661175411013077,8.249881184367667e-07
47cf5270809aee54bc0bd19f630be03fdfbd3b62317a42025991429102e855a5,cpu,300,1.1869279146194458,0.07524697639940381,0.00012819990062102018
47cf5270809aee54bc0bd19f630be03fdfbd3b62317a42025991429102e855a5,mem,300,1.1869279146194458,0.00949500128470504,1.8408810778985062e-06
47dd43f416a703ec272cd379af860cc1178b203f7d0b28c5954f2aeb55a3c453,cpu,300,0.3856200873851776,0.1105798356860328,0.0001337406300579543
47dd43f416a703ec272cd379af860cc1178b203f7d0b28c5954f2aeb55a3c453,mem,300,0.3856200873851776,0.0007712142366285146,-1.3663874282022288e-06
47e0ecaf3f7bc79aa518952e989c45ca9f9bfe103dfeb98c39f7085d33cb4964,cpu,299,0.5459222197532654,0.42590600310004567,3.828488105096048e-05
47e0ecaf3f7bc79aa518952e989c45ca9f9bfe103dfeb98c39f7085d33cb4964,mem,299,0.5459222197532654,0.0005708484721145268,1.7526022811970932e-07
47fb9b4852529aeae0dd37384739bc129348edfdf9021c058a9245bac23d9876,cpu,300,0.0893750712275505,0.27665842918038364,-1.6226943598612217e-05
47fb9b4852529aeae0dd37384739bc129348edfdf9021c058a9245bac23d9876,mem,300,0.0893750712275505,0.011713710880204009,-4.40962869383914e-07
484f4bb9f113905103f0a2e6c6e0364eeb2d4955122060ffd4671cfe205e2c6a,cpu,300,5.05477237701416,0.0007454399727617744,-1.4047775546401456e-07
484f4bb9f113905103f0a2e6c6e0364eeb2d4955122060ffd4671cfe205e2c6a,mem,300,5.05477237701416,0.00047690846655057406,-1.4030698211478287e-07
486f4670466d703566bca877bde44b1c3a709002e309bf695820cc1c59ad2d18,cpu,300,0.7158992290496826,0.257326918788226,5.595523895872505e-06
486f4670466d703566bca877bde44b1c3a709002e309bf695820cc1c59ad2d18,mem,300,0.7158992290496826,0.012183599835606351,-2.550338340651651e-06
48a7bd8bfc08e9ae0d882f2fec68ff2fdf0c5620e5816e39677408ddf96ba0ea,cpu,300,0.7793243527412415,0.1899942468170761,0.00010320005762346085
48a7bd8bfc08e9ae0d882f2fec68ff2fdf0c5620e5816e39677408ddf96ba0ea,mem,300,0.7793243527412415,0.18189453488146856,-1.992951571320813e-05
48ba155e452f1dfcf1b6c95785d2e59ccb18fca7a875ba55554bf0205946f03b,cpu,300,0.38758864998817444,0.27277019015294146,9.47039279509584e-07
48ba155e452f1dfcf1b6c95785d2e59ccb18fca7a875ba55554bf0205946f03b,mem,300,0.38758864998817444,0.014607521955424807,2.429950025323193e-08
48c0f8f58276081b308fa141cd65a0b0b075a96fcd8822ff1960cdec53dd453a,cpu,300,0.5337387323379517,0.292298454846468,1.0858367550536389e-06
48c0f8f58276081b308fa141cd65a0b0b075a96fcd8822ff1960cdec53dd453a,mem,300,0.5337387323379517,0.0017607554663224834,-3.3658166099332683e-09
48e8faba4a168f803d7f16abb37ff877edd589b8081166d08e1efbb94ae898d1,cpu,300,0.7482588887214661,0.23184631907055908,6.049480480792153e-07
48e8faba4a168f803d7f16abb37ff877edd589b8081166d08e1efbb94ae898d1,mem,300,0.7482588887214661,0.011349415972253918,-8.132483228210242e-09
48f2240360bdc211674d41d474c9950d4d9d4872ef653bcf78a20dd2867635e3,cpu,300,14.11990737915039,0.00019725213551313736,-7.212366497608682e-08
48f2240360bdc211674d41d474c9950d4d9d4872ef653bcf78a20dd2867635e3,mem,300,14.11990737915039,0.0014891943792486595,6.65092742334846e-08
48f8c22b86f32f5f2a084c258f2f1d0b1444e439a7ae80e10715e2f6c60e925d,cpu,300,4.41471529006958,0.0029370465818601144,4.588190790962093e-05
48f8c22b86f32f5f2a084c258f2f1d0b1444e439a7ae80e10715e2f6c60e925d,mem,300,4.41471529006958,0.0022039857321414225,-4.5424198363970985e-05
49206fbecb8500a8cd67676acaa4caad77b6f41e409edf534014a385a5f6f165,cpu,300,1.5207488536834717,0.6696214302876969,1.4953868008035097e-06
49206fbecb8500a8cd67676acaa4caad77b6f41e409edf534014a385a5f6f165,mem,300,1.5207488536834717,0.012676705920617315,5.407980436424831e-09
4927591daf7393333d113251052ec94148e2d69722006509434fd5dc19da90eb,cpu,300,2.2288355827331543,0.005366963889132603,0.00016148437859262
4927591daf7393333d113251052ec94148e2d69722006509434fd5dc19da90eb,mem,300,2.2288355827331543,0.12351853980890881,0.00023660220932104594
494adce3f0f260dc3cccf1bd5a138f8eb34988d6fb46cc8af3b9c8df4954781e,cpu,300,24.852231979370117,0.0003507128953718075,1.0148301039370953e-06
494adce3f0f260dc3cccf1bd5a138f8eb34988d6fb46cc8af3b9c8df4954781e,mem,300,24.852231979370117,0.0004688237220686897,-2.3284262493357166e-07
49bcbd92f1c6375b4dcf8b4ccf4b253710e26e0f1b42be1bd7db68f9beb50c57,cpu,300,0.7585799694061279,0.20104530028899337,2.48891426817696e-07
49bcbd92f1c6375b4dcf8b4ccf4b253710e26e0f1b42be1bd7db68f9beb50c57,mem,300,0.7585799694061279,0.008845258017203816,6.619270112488397e-10
49cf2a2bb82de23cc3994c00365fa8e11e249e9de1c33740e4bdcc35c83804a6,cpu,300,1.7344791889190674,0.39191928388579,0.00015300764181947922
49cf2a2bb82de23cc3994c00365fa8e11e249e9de1c33740e4bdcc35c83804a6,mem,300,1.7344791889190674,0.013934324368798046,2.382082396512626e-06
4a339ace61551617c504d270aed43c4e8143e1b4ff027a1bba91ee2cd02001df,cpu,300,1.2582420110702515,0.009174063417262235,-4.253598303057835e-05
4a339ace61551617c504d270aed43c4e8143e1b4ff027a1bba91ee2cd02001df,mem,300,1.2582420110702515,0.008199880844834362,1.9819222720659872e-05
4a407edd6a033ba3abbca06d9eef437e856564dbab43af197d04c0c67856fe8d,cpu,300,17.67029571533203,0.06842743850934818,6.885351262788752e-07
4a407edd6a033ba3abbca06d9eef437e856564dbab43af197d04c0c67856fe8d,mem,300,17.67029571533203,0.03704976169989005,-3.055150344955303e-07
4a68b27bbf2ffec996c52b47c89267138ff342b1f10761085bb3fa2e2c521591,cpu,300,0.7293860912322998,0.33798668172126634,8.101392461335615e-05
4a68b27bbf2ffec996c52b47c89267138ff342b1f10761085bb3fa2e2c521591,mem,300,0.7293860912322998,0.010879479242741241,7.500511083921171e-07
4aa5d5c75b74b48ab7e259deb23262eba4ff40b11bfdca4c969d19aab3c785d8,cpu,300,0.4114254117012024,0.02431783335362181,0.00028244502584225123
4aa5d5c75b74b48ab7e259deb23262eba4ff40b11bfdca4c969d19aab3c785d8,mem,300,0.4114254117012024,0.0006933210538812018,8.007953553153297e-05
4ab265f54516248ee8873be7d6441912456ce17e84f39918e01ddc4210e56da5,cpu,300,0.13289712369441986,0.09961587407872818,5.715531930465162e-06
4ab265f54516248ee8873be7d6441912456ce17e84f39918e01ddc4210e56da5,mem,300,0.13289712369441986,0.017493357662944353,1.2344972893958064e-07
4b0ade98c74ecfc157fc93efd2032c835d8f3f57b0d2f9262505a91a37cef394,cpu,300,0.3533188998699188,0.1006252227440021,-0.0013395463131815654
4b0ade98c74ecfc157fc93efd2032c835d8f3f57b0d2f9262505a91a37cef394,mem,300,0.3533188998699188,0.00019040503681078125,4.0285746977151904e-06
4b26d028382f4f2b90acc277cfce004def10adf9049032171676f89aa5fe60d7,cpu,300,0.8512458801269531,0.04070890334393473,1.888742313343707e-05
4b26d028382f4f2b90acc277cfce004def10adf9049032171676f89aa5fe60d7,mem,300,0.8512458801269531,0.08480099352385662,1.9867231107357296e-05
4b2de27980df79b742a1ed0f2150a28feb853b577eeba467bdf06b1b58b3db22,cpu,299,0.4417933225631714,0.47529982416887206,4.5850258843851785e-06
4b2de27980df79b742a1ed0f2150a28feb853b577eeba467bdf06b1b58b3db22,mem,299,0.4417933225631714,0.09583198407553184,-5.267729716575215e-07
4ba235f4b254662c470d96d1d2dffcc14633858798fb2cffa0246d10d99f92b0,cpu,300,0.8342484831809998,0.4211552254858023,3.46596756790056e-06
4ba235f4b254662c470d96d1d2dffcc14633858798fb2cffa0246d10d99f92b0,mem,300,0.8342484831809998,0.0011956233379128989,-5.784861650765778e-07
4bd97278666b904252e736614699d7e8c0183d3c77cf4dfe1742f5fedf4ad604,cpu,300,1.0497801303863525,0.525034680361202,3.6289401663234212e-06
4bd97278666b904252e736614699d7e8c0183d3c77cf4dfe1742f5fedf4ad604,mem,300,1.0497801303863525,0.011058840531257053,-1.4943399911360362e-07
4c659650ce280ca78b5209e72a0ce0a3ca4920fc59a644e79ca5d3d10358e4db,cpu,300,0.6781680583953857,0.5309575652182087,5.763578242632732e-05
4c659650ce280ca78b5209e72a0ce0a3ca4920fc59a644e79ca5d3d10358e4db,mem,300,0.6781680583953857,0.0008198151610744331,2.5731013019934186e-07
4cb80624d7a17ac8850f5d587fde49acfaf38d6b7c206a1163f2edcb4e6e00f4,cpu,299,0.3090791404247284,0.39400854890112524,1.911541842773111e-05
4cb80624d7a17ac8850f5d587fde49acfaf38d6b7c206a1163f2edcb4e6e00f4,mem,299,0.3090791404247284,0.023909812243158246,2.510677752742733e-07
4cecece093b78351725006d12c015628368703255c186d92dd9688a22c42507f,cpu,299,0.4082978665828705,0.810262316250925,2.1868232423294286e-05
4cecece093b78351725006d12c015628368703255c186d92dd9688a22c42507f,mem,299,0.4082978665828705,0.00016055792600155883,1.3228510684460823e-08
4d0b40546839cfee1bb9cb952f154345f2b8e1aaba49ae1fde328df41b43208e,cpu,300,4.313066482543945,0.004284648587477902,5.738450663682725e-07
4d0b40546839cfee1bb9cb952f154345f2b8e1aaba49ae1fde328df41b43208e,mem,300,4.313066482543945,0.0005332067946808294,8.762441467410035e-09
4d11b2ec8fbaecac48279cd4b73f1e8db9d71b63e3ff8ecd1345edfcb6267008,cpu,300,0.6613407135009766,0.10265184229502977,0.00031914599379223655
4d11b2ec8fbaecac48279cd4b73f1e8db9d71b63e3ff8ecd1345edfcb6267008,mem,300,0.6613407135009766,0.21490639223224184,0.0007551039091786918
4d41342707eebcf5e85fff84641f7053a36f4293cca86337935a4f91a488a919,cpu,300,1.8447673320770264,0.2558063912262034,0.0001148350486321199
4d41342707eebcf5e85fff84641f7053a36f4293cca86337935a4f91a488a919,mem,300,1.8447673320770264,0.021218250007815076,4.5376177562626454e-06
4d4228497384ab26a1a0f49d639553a72bec8df2b7b97cb8113183c8b818fbed,cpu,300,4.278468608856201,0.11911147380308496,2.373230759758123e-05
4d4228497384ab26a1a0f49d639553a72bec8df2b7b97cb8113183c8b818fbed,mem,300,4.278468608856201,0.0070796058928255245,1.4311219993584339e-06
4d55340a4254d750231e48381f7c301ea92abef0f0770998d149e033c9b9759b,cpu,300,0.6241429448127747,0.8599075102405862,3.539282265135899e-05
4d55340a4254d750231e48381f7c301ea92abef0f0770998d149e033c9b9759b,mem,300,0.6241429448127747,0.00022618026098841781,1.200154212473901e-08
4d88e7b1eedd04091e91aa96d8e51de87fefab4ac7033d9ece3e5ec1e7d1332a,cpu,300,0.8809186816215515,0.09776202436346548,5.548193069447326e-05
4d88e7b1eedd04091e91aa96d8e51de87fefab4ac7033d9ece3e5ec1e7d1332a,mem,300,0.8809186816215515,0.00015723316224913741,-2.211064335135002e-06
4d980b8ae1f1da1a302d77ef91b9f9dd4e841856f6cdd4de10df7514456b6831,cpu,300,0.2516472637653351,0.9425116521328928,2.463895537278868e-06
4d980b8ae1f1da1a302d77ef91b9f9dd4e841856f6cdd4de10df7514456b6831,mem,300,0.2516472637653351,0.6809931311475428,1.287140475754775e-07
4dab628ab8108a9e1223d9f37552dc992ddc3c6286c38ccec5d39cb330311923,cpu,300,1.283750057220459,0.0005649793867376074,1.9775108125353546e-05
4dab628ab8108a9e1223d9f37552dc992ddc3c6286c38ccec5d39cb330311923,mem,300,1.283750057220459,0.019185449164045743,-1.0468763753301826e-06
4dbf76097b14bad64cd3f140de44df9d0abd71e401d1d59ba71f75ac1ea5fb42,cpu,298,0.332970529794693,0.4703508990216343,1.1264584105423804e-05
4dbf76097b14bad64cd3f140de44df9d0abd71e401d1d59ba71f75ac1ea5fb42,mem,298,0.332970529794693,3.068624996327429e-07,3.5918798326350203e-09
4dd620e520ac12d81d17e010ef3997bd0e6abce62b1308e6c9ef1ec23589ce7b,cpu,300,0.466744989156723,0.3008858965822123,5.159244551737801e-06
4dd620e520ac12d81d17e010ef3997bd0e6abce62b1308e6c9ef1ec23589ce7b,mem,300,0.466744989156723,0.0008343141486710781,4.2161404126016836e-07
4e0031633161cc7ff40075d6cdc2bad2dada4cbf10ecfc4c8a21d7b27fd92dba,cpu,300,0.39432293176651,0.3547980680676789,5.802165269878664e-06
4e0031633161cc7ff40075d6cdc2bad2dada4cbf10ecfc4c8a21d7b27fd92dba,mem,300,0.39432293176651,0.1838336004566241,5.833489533022036e-07
4e60ab283cf17ad7aa19961db73a4a4043d10cc86f73c047c3e0795608257ed4,cpu,300,2.059238910675049,0.18558238907534608,1.4207933386927337e-05
4e60ab283cf17ad7aa19961db73a4a4043d10cc86f73c047c3e0795608257ed4,mem,300,2.059238910675049,0.00014033600131402313,-1.0471831477560868e-08
4e66992c2e7b5653f2b584953191b296fceac115aaa59a2d68b4a764eba9a2e8,cpu,300,1.6844664812088013,0.7381807640989261,2.2597452597666628e-05
4e66992c2e7b5653f2b584953191b296fceac115aaa59a2d68b4a764eba9a2e8,mem,300,1.6844664812088013,0.15666179699500804,-6.795115239426922e-07
4e71ab2e331582ecb9b29162f2239200d7d85b41de2bedbef7ec4d110910a785,cpu,300,0.29689282178878784,0.6844284895821428,4.380654064605225e-05
4e71ab2e331582ecb9b29162f2239200d7d85b41de2bedbef7ec4d110910a785,mem,300,0.29689282178878784,0.0036907230125640123,3.8411202290204217e-07
4e8ce61ee9c991a80141c7b5f7beda46d0c8b8799d3710f8a6d4c4141686592f,cpu,300,2.0465755462646484,0.6966275676012158,2.0940812944977323e-05
4e8ce61ee9c991a80141c7b5f7beda46d0c8b8799d3710f8a6d4c4141686592f,mem,300,2.0465755462646484,0.0004928984380111467,-8.520725732310114e-08
4f50ea08adf056958a230021f65bfd3cd170f53143c3036574863b2b05f0eaf9,cpu,300,1.0016436576843262,0.2954925160838613,2.0406696445261136e-05
4f50ea08adf056958a230021f65bfd3cd170f53143c3036574863b2b05f0eaf9,mem,300,1.0016436576843262,0.026718691646226866,3.734635661245576e-06
4fb0806b2fe15c5d2f8f8ab55b6cc1b161f350ce453a7e62278f7a7663694fa5,cpu,299,0.37001386284828186,0.48653097916439947,9.86317388517254e-06
4fb0806b2fe15c5d2f8f8ab55b6cc1b161f350ce453a7e62278f7a7663694fa5,mem,299,0.37001386284828186,3.6955518479819816e-06,-7.777444390838993e-09
50068852e587317030500e5a0f7f2492d7c6062bc8da2ff980d349d2512151e9,cpu,300,0.3986198902130127,0.7685886997789901,4.465920907818294e-05
50068852e587317030500e5a0f7f2492d7c6062bc8da2ff980d349d2512151e9,mem,300,0.3986198902130127,0.40349643851130235,-6.4626657981676174e-06
503dea66740548bcc1d3d52c47a99bf44b8976370ce3651e09e0e363e6a4d5f5,cpu,300,2.2999207973480225,0.00016912779030697767,3.550281704465684e-07
503dea66740548bcc1d3d52c47a99bf44b8976370ce3651e09e0e363e6a4d5f5,mem,300,2.2999207973480225,2.6811846656871197e-05,3.702107165735944e-08
50c1e3c785cabb376d20b457c613ccc99ddd9628a965a6972865c77b783a095b,cpu,300,0.5207276940345764,0.5979744858505904,0.00011006863421771329
50c1e3c785cabb376d20b457c613ccc99ddd9628a965a6972865c77b783a095b,mem,300,0.5207276940345764,0.00015211333502229696,-3.609395274530722e-07
50c7dc1205db16bbc9f06be05656ce952193d62a5e729b4a2caafd69a7b2d526,cpu,300,0.4759989380836487,0.45268813728478785,7.472337112259467e-05
50c7dc1205db16bbc9f06be05656ce952193d62a5e729b4a2caafd69a7b2d526,mem,300,0.4759989380836487,0.1029296559360996,2.539329425713552e-05
511a2bbf6300d2a7e5a5ec7b087d06795c48dd7c61e839f00fad239505e3812f,cpu,300,0.9772025346755981,0.36706515044160937,1.1053440396033896e-05
511a2bbf6300d2a7e5a5ec7b087d06795c48dd7c61e839f00fad239505e3812f,mem,300,0.9772025346755981,0.03219523833356752,1.146194944700895e-06
51640376ad30dceabde1a89607c2487082aabe870ea63ceacf1460bf60a09e9d,cpu,300,15.65565013885498,0.028306008574703,1.2277761490093814e-06
51640376ad30dceabde1a89607c2487082aabe870ea63ceacf1460bf60a09e9d,mem,300,15.65565013885498,0.005396493450393947,-5.0577960982927835e-08
5184cbc4ede052503df47fadfe268ea4dfe174620aada46886bcba280a00508b,cpu,300,32.551734924316406,0.00047772437786253175,-1.2713045606565253e-07
5184cbc4ede052503df47fadfe268ea4dfe174620aada46886bcba280a00508b,mem,300,32.551734924316406,0.009011943471246453,4.912801176267751e-07
51b03816f3c956aa21d5f33d36ebf8f918c1fc4eda169d90dba535b3eb00adaa,cpu,300,0.9212895631790161,0.13582573083050276,1.302341981471708e-06
51b03816f3c956aa21d5f33d36ebf8f918c1fc4eda169d90dba535b3eb00adaa,mem,300,0.9212895631790161,0.010177645524597878,1.1353725017074548e-07
51cf4cada83b070901acf7c13880bdb23d9e64c64945aac982712cbb8087ddd0,cpu,300,0.8341196179389954,0.04225111555603889,0.0014961134971458146
51cf4cada83b070901acf7c13880bdb23d9e64c64945aac982712cbb8087ddd0,mem,300,0.8341196179389954,0.0003241208100890347,-2.1261840516878762e-05
52e8c2d94302ca31d5ceefbb70a4e66a8622238714f0f37c46523fde8c2e12e4,cpu,300,1.6638550758361816,2.8555702547006234e-07,-1.9907876913861235e-07
52e8c2d94302ca31d5ceefbb70a4e66a8622238714f0f37c46523fde8c2e12e4,mem,300,1.6638550758361816,0.06577976255452245,-2.3447362275823226e-05
530a42c55ed7f9999e26fb2b97a2c53d593cda13c20965e6f43b37167c6c7715,cpu,300,1.5047844648361206,0.45269967553456303,6.739310431976959e-07
530a42c55ed7f9999e26fb2b97a2c53d593cda13c20965e6f43b37167c6c7715,mem,300,1.5047844648361206,0.04464852850874301,-1.2711643178150053e-08
5340284ebd75d0f2d97e865fa6763fb3b424788f0df08f6f73e7e579b2d74da0,cpu,300,3.1347758769989014,0.23593651342005595,7.552709582014298e-07
5340284ebd75d0f2d97e865fa6763fb3b424788f0df08f6f73e7e579b2d74da0,mem,300,3.1347758769989014,0.009982161457767869,-1.4504872538043787e-08
5347a4b3f763353dc6f7fc54ca91d345c1fcc7709067a6fabd43715bfdeaf4cc,cpu,300,1.2216562032699585,0.09643729065373985,5.2357331668192795e-05
5347a4b3f763353dc6f7fc54ca91d345c1fcc7709067a6fabd43715bfdeaf4cc,mem,300,1.2216562032699585,0.061683901429428256,1.0229356267407446e-05
5353ee92ca6aa95f2a2ac4e00bb72d2d5179708273e19eff3f687fd834e8e873,cpu,300,1.4761744737625122,0.8399211920800358,2.8512817315679817e-05
5353ee92ca6aa95f2a2ac4e00bb72d2d5179708273e19eff3f687fd834e8e873,mem,300,1.4761744737625122,0.06683836167223889,1.0030585970448043e-06
5358b8967abfb4f11c4e3bbceeae46ff3559dffbf2486691f14b8a6759e8b24c,cpu,300,0.48633909225463867,0.0028568271938395062,2.094540277339412e-06
5358b8967abfb4f11c4e3bbceeae46ff3559dffbf2486691f14b8a6759e8b24c,mem,300,0.48633909225463867,0.0010662236103703426,6.598559742727643e-07
53fc49ffa33a22c2e326e6dae43b4622771f5df28c4e1b5e3ce4f62d91698f5c,cpu,300,9.191039085388184,0.09127998025800366,1.1752935904375477e-05
53fc49ffa33a22c2e326e6dae43b4622771f5df28c4e1b5e3ce4f62d91698f5c,mem,300,9.191039085388184,0.011609555181652298,1.0193437699942473e-06
54375d33eb1b02f84a32849e5000fa2d9d3f178c7e69be8da27e9d5a9fb6a652,cpu,300,1.0070737600326538,7.438399152048802e-05,-4.4885257358541745e-06
54375d33eb1b02f84a32849e5000fa2d9d3f178c7e69be8da27e9d5a9fb6a652,mem,300,1.0070737600326538,0.036042384628892754,3.3253607750931485e-05
54cbf33f387c96eba6a0b3d83ba1796a85f70c47f53891f02682b0ef8edccb62,cpu,300,1.26123046875,0.04397748519727185,2.1570407048159924e-05
54cbf33f387c96eba6a0b3d83ba1796a85f70c47f53891f02682b0ef8edccb62,mem,300,1.26123046875,0.012781063505447832,2.2514929428699735e-06
550b471c718408790b74104eded8cf293b3f5f443b86a53a057ac5cdf578ce85,cpu,300,1.1589106321334839,0.016746302799675483,-9.121514124972577e-08
550b471c718408790b74104eded8cf293b3f5f443b86a53a057ac5cdf578ce85,mem,300,1.1589106321334839,0.36002135927666024,2.8648465506761155e-07
552c0b3d20bd0ee80f3d545096b3603cab0eee116c6720229844d62dba9821ba,cpu,300,0.24898460507392883,0.31529840116924046,1.3394872865768843e-05
552c0b3d20bd0ee80f3d545096b3603cab0eee116c6720229844d62dba9821ba,mem,300,0.24898460507392883,0.0015720941589064674,-6.408803574991879e-08
554ea4b6551ecc907171bd74c27180eb5d9d4a2de0cc49b57cc6cf8ac888dc5d,cpu,300,0.27737072110176086,0.761069181743893,7.639554626536334e-05
554ea4b6551ecc907171bd74c27180eb5d9d4a2de0cc49b57cc6cf8ac888dc5d,mem,300,0.27737072110176086,0.004208868546651923,-3.8802996624671454e-07
555666885f131d572e32b723642deb68c0512c1aa3351e420d25cf411cf1a54a,cpu,300,0.8799375295639038,0.5307566884201602,0.00016435891479259354
555666885f131d572e32b723642deb68c0512c1aa3351e420d25cf411cf1a54a,mem,300,0.8799375295639038,0.005178886047156661,1.136439901667295e-06
557521b4a27c8951b84aefa08635408ea5cef467ad28819ee416d0538bd23bfd,cpu,300,1.1876169443130493,0.0066378014375874095,1.025447049022638e-06
557521b4a27c8951b84aefa08635408ea5cef467ad28819ee416d0538bd23bfd,mem,300,1.1876169443130493,0.003739386403547762,2.907842546916827e-07
558da361022f2c54ce6bb02912687c090acf7454f62fda75744147689918f5ea,cpu,300,0.2160547524690628,0.8580020747221679,1.276982756186369e-06
558da361022f2c54ce6bb02912687c090acf7454f62fda75744147689918f5ea,mem,300,0.2160547524690628,0.5485772896997387,5.043886024286985e-07
563ba0438604c5d768ab2d699269c73916815ee8d437abf4e865222046c994cd,cpu,300,0.2459983080625534,0.900946750253906,2.102092232918794e-05
563ba0438604c5d768ab2d699269c73916815ee8d437abf4e865222046c994cd,mem,300,0.2459983080625534,0.0036432309628526838,7.094158294549535e-07
5653eaefc1645f716c1e5884700f11f29873d7d5440433280019cd3e3870e90e,cpu,300,2.261798858642578,0.15837527197700507,2.7339154939904873e-06
5653eaefc1645f716c1e5884700f11f29873d7d5440433280019cd3e3870e90e,mem,300,2.261798858642578,0.12460400683431494,-1.0861512216923949e-06
566a5dd491a457aa5f1b40a0913d367b9b675982b50afb64a6e4da0c2aac8745,cpu,300,2.4653007984161377,0.0003816633857063323,9.098659370713977e-07
566a5dd491a457aa5f1b40a0913d367b9b675982b50afb64a6e4da0c2aac8745,mem,300,2.4653007984161377,0.0010439146039633584,1.9521496627368812e-06
566bfc1bfa3b07927d87c7ad4717aa821737e593a5d3f1eda37b83a08a3a10aa,cpu,300,0.23515546321868896,0.6325497489490635,1.7387582560070505e-06
566bfc1bfa3b07927d87c7ad4717aa821737e593a5d3f1eda37b83a08a3a10aa,mem,300,0.23515546321868896,0.5077704251041038,-3.936762582401335e-07
5687adcefdd5a7c83a4a793a15af68cfda42eb50bd0ce4e1c9a15d3c411817ba,cpu,300,0.31677350401878357,0.07299949458693344,3.4976917529639375e-05
5687adcefdd5a7c83a4a793a15af68cfda42eb50bd0ce4e1c9a15d3c411817ba,mem,300,0.31677350401878357,0.00013661887553917396,3.56396261478527e-07
56eb5d6a127da8b4efb372cb0e6ac8a40f57ee3ad9cffea5040a7a8e644ee7d3,cpu,300,3.0325889587402344,0.00132855539601473,-9.152454729665641e-06
56eb5d6a127da8b4efb372cb0e6ac8a40f57ee3ad9cffea5040a7a8e644ee7d3,mem,300,3.0325889587402344,0.003950122844168735,-5.447055441161283e-06
56ef1e91f6b4802d76c426eb605635a23881b9e51b89cea63fc96bfe997a0c10,cpu,300,2.1872804164886475,0.9000380545541504,0.00027264404051652476
56ef1e91f6b4802d76c426eb605635a23881b9e51b89cea63fc96bfe997a0c10,mem,300,2.1872804164886475,0.03736792122573063,-1.330152020504412e-06
574434ad53d0bdcacaa91e8273a4d40bb682af8bd7feb76d7eeac58593a93582,cpu,300,2.4251325130462646,0.002239489853902321,-6.020831513790313e-06
574434ad53d0bdcacaa91e8273a4d40bb682af8bd7feb76d7eeac58593a93582,mem,300,2.4251325130462646,0.0001262220915740908,9.521610825755457e-08
5784d79c5ec0a4c5f80ef85fffb634b723cf038a1c816cfd5d4d8e0c404bc63a,cpu,300,0.43266287446022034,0.38454319377603396,9.015299357199467e-05
5784d79c5ec0a4c5f80ef85fffb634b723cf038a1c816cfd5d4d8e0c404bc63a,mem,300,0.43266287446022034,0.006241950694497067,-6.701649371224609e-06
579acd997b2c354d325505d708a45dd07f3fc25bd2e2829ee204b8fbdc08b731,cpu,300,2.2035255432128906,0.39264999798047084,6.253869631542715e-06
579acd997b2c354d325505d708a45dd07f3fc25bd2e2829ee204b8fbdc08b731,mem,300,2.2035255432128906,0.003229964285388909,-2.9030792720439668e-08
57aebee9555ff56f0b6eab3050865ee6da58d4eaeaf5ba9fdb53a54a2ec963f6,cpu,300,1.4494773149490356,0.8098540127493403,0.0005631136330915001
57aebee9555ff56f0b6eab3050865ee6da58d4eaeaf5ba9fdb53a54a2ec963f6,mem,300,1.4494773149490356,0.163131626075796,1.9997932111363163e-06
57bd4ae0b5f7af31136c4fbb2ab96b6175a671e164522c7b20f383c3c321495d,cpu,300,0.4293215572834015,0.17683998611312168,9.590452301865422e-06
57bd4ae0b5f7af31136c4fbb2ab96b6175a671e164522c7b20f383c3c321495d,mem,300,0.4293215572834015,0.028898968937950964,1.285778271861165e-06
57c8680d6cc84c5987d2a344927ae297ff553ddd76a0a7f03d4c656866a53a40,cpu,300,1.9263522624969482,0.7612684769757112,4.174486178946077e-05
57c8680d6cc84c5987d2a344927ae297ff553ddd76a0a7f03d4c656866a53a40,mem,300,1.9263522624969482,0.008870048245385398,-5.607447424565236e-07
57d383b88556693507bd44a781f97974e13f58ccbc4f4841bba258222265d373,cpu,300,1.2029743194580078,0.08355701633328672,1.8752117554973077e-06
57d383b88556693507bd44a781f97974e13f58ccbc4f4841bba258222265d373,mem,300,1.2029743194580078,0.06074722330125437,4.817828581653141e-07
580b597860fcfeeb69aa05670dd7340746701a13fec17ca9fdd01c1229ebb49a,cpu,300,0.9604370594024658,0.3399295576799696,4.449618357280321e-05
580b597860fcfeeb69aa05670dd7340746701a13fec17ca9fdd01c1229ebb49a,mem,300,0.9604370594024658,0.001833451133804398,-6.271770845759827e-07
5823a1cc470461c7a2ca4fb3c420a3fb2cf79a3e184cb234532b47cecc7ceaab,cpu,300,37.29303741455078,0.001646562014406272,3.6252476684345304e-07
5823a1cc470461c7a2ca4fb3c420a3fb2cf79a3e184cb234532b47cecc7ceaab,mem,300,37.29303741455078,0.014651814569416999,-2.0861704317912745e-06
583d27f15062079d55fc47150474b1d6445b0fb313c5ba372e47f0696714a0f1,cpu,300,0.2810959219932556,0.09396897811692839,-3.0743903308463875e-06
583d27f15062079d55fc47150474b1d6445b0fb313c5ba372e47f0696714a0f1,mem,300,0.2810959219932556,0.40116386678247196,-1.239773791822154e-07
5850621f543d3b2fa49c4e40cd71d2737865c5a098dd4af1be6832d99c6f550e,cpu,300,1.6051182746887207,0.23636794356845348,0.00015243389303270719
5850621f543d3b2fa49c4e40cd71d2737865c5a098dd4af1be6832d99c6f550e,mem,300,1.6051182746887207,0.011400015070888503,-1.5714297874321639e-06
5884b8daeacf7fc0b66674de29e4ac703311a6f62a68cc1e7fb946801de08c6b,cpu,300,0.9344453811645508,0.5329962050545319,2.9241210727155266e-05
5884b8daeacf7fc0b66674de29e4ac703311a6f62a68cc1e7fb946801de08c6b,mem,300,0.9344453811645508,0.022057402146903438,-8.415614644197709e-06
58d745e6fac32dd9ddb2db4a491e3d5deed19311aa01098b095e95338dc794f2,cpu,300,1.1214405298233032,0.5145585600890619,6.009257918429439e-07
58d745e6fac32dd9ddb2db4a491e3d5deed19311aa01098b095e95338dc794f2,mem,300,1.1214405298233032,0.11204050979693247,-4.836464297514038e-09
59034e2f1bc67fcf3fb01bd75a7f7de506e0f86176643d76fa65f6a616be32ea,cpu,300,0.7803875207901001,0.6633641565241447,2.176088288613446e-05
59034e2f1bc67fcf3fb01bd75a7f7de506e0f86176643d76fa65f6a616be32ea,mem,300,0.7803875207901001,0.0037307911525114035,8.330332612355386e-07
590e3986665da24238aeb0f0b671d5653798ec47e98c4578a4c2991429ebd76e,cpu,300,1.2848471403121948,0.4581987153235271,6.595111648437135e-05
590e3986665da24238aeb0f0b671d5653798ec47e98c4578a4c2991429ebd76e,mem,300,1.2848471403121948,0.06901693806870923,1.1018052638897392e-05
598512ac8a6f79d6aaf0afcd7d8b4462c1cec5198eefbc25855d1e5ac460ec19,cpu,300,1.46799898147583,0.052054618506543915,4.780282966090865e-06
598512ac8a6f79d6aaf0afcd7d8b4462c1cec5198eefbc25855d1e5ac460ec19,mem,300,1.46799898147583,0.1360437289536608,-3.2964500011044226e-07
5988f26e7aab5d9f6750ee01556cf6e37d3687c58abb2ff4804afbc7fe273793,cpu,300,9.917777061462402,0.0005310595466835322,-5.7407727292345754e-05
5988f26e7aab5d9f6750ee01556cf6e37d3687c58abb2ff4804afbc7fe273793,mem,300,9.917777061462402,0.0024931119645201782,9.620525658160493e-06
59a9c02bb71a62c8837dab1ba69b0ad3e9e38399974a661661b672c5dffca555,cpu,300,1.6106376647949219,0.9920008579348057,3.066258584772528e-06
59a9c02bb71a62c8837dab1ba69b0ad3e9e38399974a661661b672c5dffca555,mem,300,1.6106376647949219,0.005800255288202272,4.6788279114760604e-09
59c21db6cb26ae2a02ff7509f3da23fcd75b13986cd727c0122a9fc87ad4ef1c,cpu,300,1.8586418628692627,0.9264304485671495,4.290591839848436e-05
59c21db6cb26ae2a02ff7509f3da23fcd75b13986cd727c0122a9fc87ad4ef1c,mem,300,1.8586418628692627,0.25619215800378514,5.013888491142733e-07
59cdf670885a37b61fa1f9ebf57f6b2aaf37ae39f3d98b54ac3afec58ca64738,cpu,300,1.2710891962051392,0.8502904183668982,0.00020649790581134708
59cdf670885a37b61fa1f9ebf57f6b2aaf37ae39f3d98b54ac3afec58ca64738,mem,300,1.2710891962051392,0.09527184938582645,-7.6142603638618615e-06
59f0580b20fdfe7053b2d82bdc32ebfe6566456cb3668b8942f960204b82b725,cpu,300,1.699004888534546,0.9929486249095036,6.988208022654688e-06
59f0580b20fdfe7053b2d82bdc32ebfe6566456cb3668b8942f960204b82b725,mem,300,1.699004888534546,0.22766788696518703,1.4432000382430157e-07
5a947786a27c3b3d3f1f8b69e8de151daee02f3fd296eb65119f401ccab72149,cpu,300,14.857888221740723,0.014212406882004536,1.6908589357962577e-05
5a947786a27c3b3d3f1f8b69e8de151daee02f3fd296eb65119f401ccab72149,mem,300,14.857888221740723,0.001578036133628391,-4.3474736812907795e-07
5a9eef6f39d2daff5d36579da1ac504c29733d49dac8e58e3b1de24a80cb7201,cpu,300,1.1589092016220093,0.35458877205890293,9.590837393537764e-06
5a9eef6f39d2daff5d36579da1ac504c29733d49dac8e58e3b1de24a80cb7201,mem,300,1.1589092016220093,0.004575485383639166,-9.356125151891235e-08
5ad353d882a94f82e3142b7d778108611a856f7bf805381287a999ed744a97c0,cpu,300,2.3834786415100098,0.2626743166533563,0.0014920294844668106
5ad353d882a94f82e3142b7d778108611a856f7bf805381287a999ed744a97c0,mem,300,2.3834786415100098,0.09949256706980503,-0.0005729334241829318
5ad67f15cfa6027a9700148ecd0c85b5b7726f06cdaac5d5acca3d6c3ac26e84,cpu,300,0.3638739585876465,0.00018783132072086595,-3.283098973892578e-08
5ad67f15cfa6027a9700148ecd0c85b5b7726f06cdaac5d5acca3d6c3ac26e84,mem,300,0.3638739585876465,0.007617276076269608,-1.895486596059164e-07
5b5a22e445e6fb699c007f08371c6dc3951b1aa85b90a63c6bd07884d357baeb,cpu,300,0.3856608271598816,0.9524424881056144,7.703636725119137e-07
5b5a22e445e6fb699c007f08371c6dc3951b1aa85b90a63c6bd07884d357baeb,mem,300,0.3856608271598816,0.03621635037498705,-9.66878615767471e-08
5b899f47919bee478321ecdd4ada8eedf49db00c23634aa800e077ac264f474c,cpu,300,2.4887044429779053,0.22453404817810785,1.1764603622673563e-05
5b899f47919bee478321ecdd4ada8eedf49db00c23634aa800e077ac264f474c,mem,300,2.4887044429779053,0.013047884370195884,2.484684617306779e-07
5ba2be786dc249dc3b3cda596a4d121f55a1dcb75b399d293ec2187a3f0632f6,cpu,300,0.27601245045661926,0.720047057571221,3.7649501577832686e-07
5ba2be786dc249dc3b3cda596a4d121f55a1dcb75b399d293ec2187a3f0632f6,mem,300,0.27601245045661926,0.09619990584855431,1.6803055964359066e-07
5bad11212c07c5ad329c063cfe366524c9cf864b3bb843ffb90c3e42c05fa733,cpu,300,0.7889465093612671,0.5098669275016114,1.210265672787619e-05
5bad11212c07c5ad329c063cfe366524c9cf864b3bb843ffb90c3e42c05fa733,mem,300,0.7889465093612671,0.4483291558099126,-3.1830264114494184e-06
5be446770ff6c84caa0c10ce86d223e2a643990d33ce6d1964f3200e758df01f,cpu,300,0.34843671321868896,0.6732979553768259,5.701258714507795e-05
5be446770ff6c84caa0c10ce86d223e2a643990d33ce6d1964f3200e758df01f,mem,300,0.34843671321868896,0.004643394490265851,-1.207774034267516e-06
5bf4fd043c2cfe79db74b994568fd395275c5759a83b5218c9dbad62ff9b2275,cpu,300,1.3420612812042236,0.010070751593532545,1.5630768688040217e-06
5bf4fd043c2cfe79db74b994568fd395275c5759a83b5218c9dbad62ff9b2275,mem,300,1.3420612812042236,0.012273912467047121,-8.439278382226253e-07
5c32feba893b831a22b2cacf9e101d4b17068bfe3ae3d122a9cba88ec6007f6d,cpu,300,1.1042155027389526,0.8517153123961823,1.021308108552091e-05
5c32feba893b831a22b2cacf9e101d4b17068bfe3ae3d122a9cba88ec6007f6d,mem,300,1.1042155027389526,3.817271606421091e-05,6.183498769037871e-09
5c4ee239f30601e0990d2126620938409028359a74d1496db2b444eec091af6b,cpu,300,8.710057258605957,0.2219857601666798,5.9599272491441266e-05
5c4ee239f30601e0990d2126620938409028359a74d1496db2b444eec091af6b,mem,300,8.710057258605957,0.0005158635111048859,-1.5008418265531172e-06
5cb9f32ea8c738f6f99d71fd83e7380c1516515093857d66c3bd551467ff9ebc,cpu,300,16.493303298950195,0.0016780044607979105,9.304396116548506e-06
5cb9f32ea8c738f6f99d71fd83e7380c1516515093857d66c3bd551467ff9ebc,mem,300,16.493303298950195,0.02302957104873926,-1.8408016490046884e-05
5ccbc7a62cb88fc2fa18529c56cf4ffab31888b1ccafe6376fa2c7e0d02db8c8,cpu,300,5.380685806274414,0.29649365920187576,4.730525228207763e-05
5ccbc7a62cb88fc2fa18529c56cf4ffab31888b1ccafe6376fa2c7e0d02db8c8,mem,300,5.380685806274414,0.00023754154221922175,-6.285243676587854e-07
5d3c18d8b4f0aed80c31f3db4c3ef113a73106a41149cd4039f90a1e95d61124,cpu,300,6.216611862182617,0.15216387643425466,3.8709290083648346e-07
5d3c18d8b4f0aed80c31f3db4c3ef113a73106a41149cd4039f90a1e95d61124,mem,300,6.216611862182617,0.018591964067405042,3.5183925537181424e-09
5d9c9dea8e31ae6e57955067cb5ad408c99909f92a38300b2909c3b656210e5f,cpu,299,0.3017429709434509,0.09525688157376366,6.06041542135508e-06
5d9c9dea8e31ae6e57955067cb5ad408c99909f92a38300b2909c3b656210e5f,mem,299,0.3017429709434509,0.020688306180961624,2.211555265633455e-06
5dc849681a6f9f8ea022f7c25a1ffdf617a69135ceabfc42d2b5908e7b068c07,cpu,300,2.3592071533203125,0.6690632535853944,5.7933396435886455e-06
5dc849681a6f9f8ea022f7c25a1ffdf617a69135ceabfc42d2b5908e7b068c07,mem,300,2.3592071533203125,0.0003591854384403792,2.5109726047756882e-08
5e2188ff80a84867382a8f5522f158a7626d47d58baa45df6d6e81a2fff4911d,cpu,300,0.32038915157318115,0.5106554452329246,2.790375441295354e-06
5e2188ff80a84867382a8f5522f158a7626d47d58baa45df6d6e81a2fff4911d,mem,300,0.32038915157318115,0.19003730465242152,1.1509804639786236e-07
5e2828dbda8044d3da062316aad24b214df466c183b4b2a5cd0e966b075e63a5,cpu,300,2.8401291370391846,0.9474075976529369,0.00013052574698085444
5e2828dbda8044d3da062316aad24b214df466c183b4b2a5cd0e966b075e63a5,mem,300,2.8401291370391846,0.26142478819702875,3.205730201030287e-07
5e5dac309827db024dac61af6d049e07d53538929a3526a56a1d3705f234c8f4,cpu,300,0.7432559728622437,0.047777291147776735,1.6847617616532898e-07
5e5dac309827db024dac61af6d049e07d53538929a3526a56a1d3705f234c8f4,mem,300,0.7432559728622437,0.0643986298825927,-1.2883119690802485e-08
5e79453d4a01b1bd2ccf59e3ef49ad1722a13a5622876611fe7539393a70d491,cpu,300,0.5878506302833557,0.5738268363486776,2.0164253608125154e-05
5e79453d4a01b1bd2ccf59e3ef49ad1722a13a5622876611fe7539393a70d491,mem,300,0.5878506302833557,0.3807562606438454,-1.0859128836103309e-05
5ebd58ddedfc7399b3d025ccdeed36b59868e5c6827109f4bd2b07cab486bbcc,cpu,300,1.470835566520691,0.4536315751882407,2.694349231788512e-05
5ebd58ddedfc7399b3d025ccdeed36b59868e5c6827109f4bd2b07cab486bbcc,mem,300,1.470835566520691,0.0031415652462200017,5.466774803956883e-08
5ef671a7799d52d75c5c1b87d3542b5619c0ca7c9b3d80403452cbfa043ac25d,cpu,300,5.005678653717041,0.00047536993345698164,-0.0015173810080935516
5ef671a7799d52d75c5c1b87d3542b5619c0ca7c9b3d80403452cbfa043ac25d,mem,300,5.005678653717041,0.01125743496195375,-0.0005046229859036695
5f2fa00b938d7e48bd2351cca81cb5023e03596f16d4647b06804401e594bf1d,cpu,300,0.28499940037727356,0.8166561391904512,1.7936304345918597e-05
5f2fa00b938d7e48bd2351cca81cb5023e03596f16d4647b06804401e594bf1d,mem,300,0.28499940037727356,0.02333285499078308,1.0578064174023942e-06
5f3cd749ad44311b45da979c0b14517019690e8587f6f7661e54f550572b9574,cpu,300,2.8271663188934326,0.12504127425415612,4.91639870021231e-07
5f3cd749ad44311b45da979c0b14517019690e8587f6f7661e54f550572b9574,mem,300,2.8271663188934326,0.23383014392146628,-8.481348251658998e-07
5f3ea9002be5fbc510811e9af4f4094ea928ac8ce74db524b06cc5f394f8c780,cpu,300,0.23275510966777802,0.23979273794214984,4.9717938626741854e-05
5f3ea9002be5fbc510811e9af4f4094ea928ac8ce74db524b06cc5f394f8c780,mem,300,0.23275510966777802,0.592489382341721,-5.154707873490749e-05
5f546513d3bf6f7daf282a7fa5e844baed381b4b86525546e1ced2b4a747411f,cpu,300,1.875258445739746,0.05531978656904013,-3.319948948919273e-05
5f546513d3bf6f7daf282a7fa5e844baed381b4b86525546e1ced2b4a747411f,mem,300,1.875258445739746,0.0036097955458087583,-2.9751220497950215e-07
5f62bc5fced900efba2935bfd2756f3a039b890eeec9caae7ce1fce9c7d25447,cpu,300,3.9181108474731445,0.010774480556161259,4.8813897382070684e-06
5f62bc5fced900efba2935bfd2756f3a039b890eeec9caae7ce1fce9c7d25447,mem,300,3.9181108474731445,0.0002879797639618875,-2.680496121727164e-07
5f876a7340841ba7d9021abcfe009ff7179ab83f9ccf32c2ab7513397d345744,cpu,300,0.464335173368454,0.047637272288238774,-6.850491245153296e-06
5f876a7340841ba7d9021abcfe009ff7179ab83f9ccf32c2ab7513397d345744,mem,300,0.464335173368454,0.04563012640941211,3.8006477609929926e-05
5fa1ba02c172d507ef5dff9fcd998f13ed55b14cb3bd4d1658a75a2504d88cc9,cpu,300,1.878336787223816,0.464921197651584,0.00039667941443707124
5fa1ba02c172d507ef5dff9fcd998f13ed55b14cb3bd4d1658a75a2504d88cc9,mem,300,1.878336787223816,0.02815460290256433,-0.00010780861372649677
5fb10dd4023bfc7cee8441fb567792f66b69d8e781af487cadbbbd49d57c5914,cpu,300,0.6767919063568115,0.8048561557810974,0.0008200423733371862
5fb10dd4023bfc7cee8441fb567792f66b69d8e781af487cadbbbd49d57c5914,mem,300,0.6767919063568115,0.0028031069842787693,4.160015748393169e-06
5fb98dd33d123b3866a5e52186cff17c107605af06442c5028408f591cbfc24d,cpu,300,2.028148651123047,0.9955182601647902,5.154170254469389e-06
5fb98dd33d123b3866a5e52186cff17c107605af06442c5028408f591cbfc24d,mem,300,2.028148651123047,0.14483942640082892,3.993993082682455e-08
5fd890f2ba2da502a6f292190171e18533ab0476d3c1b5a154a314e371eec523,cpu,300,0.24603690207004547,0.7009123078946593,4.877860108921825e-05
5fd890f2ba2da502a6f292190171e18533ab0476d3c1b5a154a314e371eec523,mem,300,0.24603690207004547,0.0019423400103342203,5.140229584806352e-06
6007e503aa77f6483d7cf9637422234e7933182aa2f8f41991ba801f394874f4,cpu,300,1.1258680820465088,0.018065544161180003,1.5962043068096744e-05
6007e503aa77f6483d7cf9637422234e7933182aa2f8f41991ba801f394874f4,mem,300,1.1258680820465088,0.018457108276898615,-8.40743516183761e-05
603aae0f91a8301550454a6d43d03e1559979d09429d2c529151c0f5e9c5bb12,cpu,300,0.43186068534851074,0.16443933399472266,0.0001447682653837789
603aae0f91a8301550454a6d43d03e1559979d09429d2c529151c0f5e9c5bb12,mem,300,0.43186068534851074,0.0016162903846699272,2.0701604057924263e-07
603bb032dd5ee9992260313cf974620277b1977419a8ecd08b25d46db099e3de,cpu,300,0.3613332211971283,0.6653194874122259,0.00023955477942056786
603bb032dd5ee9992260313cf974620277b1977419a8ecd08b25d46db099e3de,mem,300,0.3613332211971283,0.0010292413224378683,3.578948282118645e-07
606d6e3c8c72746fee014fd2ba8d12f469f1a45854a91863c7e8c8da31fc55fe,cpu,300,0.4160882532596588,0.2990768731715079,0.0010947756717899965
606d6e3c8c72746fee014fd2ba8d12f469f1a45854a91863c7e8c8da31fc55fe,mem,300,0.4160882532596588,0.01317335859990143,-3.252668043660077e-05
60d1dc20da6a372bed1058cc3f17d7a221c20b3a307200eba2bd59df1b89d78e,cpu,300,1.469995141029358,0.010235277427847245,3.337847396284244e-06
60d1dc20da6a372bed1058cc3f17d7a221c20b3a307200eba2bd59df1b89d78e,mem,300,1.469995141029358,0.001878297503038917,5.280830001140205e-08
60d7cebdde6eca0597a5fa5bb0761de28180938553ab9c0a28205386cf527c5d,cpu,300,1.3193029165267944,0.015724200980485437,0.00045599081147290886
60d7cebdde6eca0597a5fa5bb0761de28180938553ab9c0a28205386cf527c5d,mem,300,1.3193029165267944,0.0019019584602312234,0.00011459428706699082
615cb856f2308beb55d61c2064fb079bdeae9eefde08d0ac408ef528890b8ed2,cpu,300,2.062361001968384,0.28965180280621894,1.259421470186009e-06
615cb856f2308beb55d61c2064fb079bdeae9eefde08d0ac408ef528890b8ed2,mem,300,2.062361001968384,9.837828249303904e-05,-4.98132798912536e-08
6169acee51601352d50e58aa212e556a58b0fc55d1f54bf49f72cf47e6748472,cpu,300,1.5135523080825806,0.03560061251812707,2.805952288829391e-06
6169acee51601352d50e58aa212e556a58b0fc55d1f54bf49f72cf47e6748472,mem,300,1.5135523080825806,0.009903235229506535,1.338950126589451e-07
6190227e8489cba622c6675f26dbf94a0407dc21594d0dcd6776c46975b7e225,cpu,300,0.3216046988964081,0.8303720674845855,7.059301047891254e-07
6190227e8489cba622c6675f26dbf94a0407dc21594d0dcd6776c46975b7e225,mem,300,0.3216046988964081,0.3273156787178967,2.6046156020322207e-08
61907af770acd8c9bd15f09fa6836818d41fd772482066415ec59eb6ffaea358,cpu,300,3.9238436222076416,0.475673185981618,1.5963175573472184e-06
61907af770acd8c9bd15f09fa6836818d41fd772482066415ec59eb6ffaea358,mem,300,3.9238436222076416,0.01851277421397668,-1.022079882996497e-06
61c5783ad62386f08a1a27482bb472b8aba3e3ea3042e975f8819c197d99ebe8,cpu,300,1.031170129776001,0.06936447334471985,1.2193666071467716e-06
61c5783ad62386f08a1a27482bb472b8aba3e3ea3042e975f8819c197d99ebe8,mem,300,1.031170129776001,0.00030593887033991685,5.6810585883351e-09
626a5eeb233532c3800254d49b458608aa55e6ce517b87777f7f5e48f61bc065,cpu,300,9.502402305603027,0.023333680822263725,4.290407116886649e-06
626a5eeb233532c3800254d49b458608aa55e6ce517b87777f7f5e48f61bc065,mem,300,9.502402305603027,7.057957398037829e-05,2.010626205749741e-08
62bcbd6612ab9213726f98b795da663edfb6b4a686287691ee4904dccc4e2df5,cpu,300,0.8549015522003174,0.007967232795448975,-0.00015620154031887402
62bcbd6612ab9213726f98b795da663edfb6b4a686287691ee4904dccc4e2df5,mem,300,0.8549015522003174,0.0002580025534447694,1.611083407277764e-05
6309efa9affca2eadf1e7bf13b6c3363c55066f82aa784e4b60befd270c289a5,cpu,300,0.348049521446228,0.0015462753497818005,1.1358292176869718e-05
6309efa9affca2eadf1e7bf13b6c3363c55066f82aa784e4b60befd270c289a5,mem,300,0.348049521446228,0.0046735156764023955,-6.034350050813553e-06
638af76f4c8627da14a945387423edc4b1cacff2dcb539ec3b1469ddf592305f,cpu,300,1.0417989492416382,0.9539778205906858,1.4636985895584054e-05
638af76f4c8627da14a945387423edc4b1cacff2dcb539ec3b1469ddf592305f,mem,300,1.0417989492416382,0.01244854718613675,1.4622392834320569e-08
63b8a25a4a9f80c7508c0db0d163af6d9e6c0746c9b7e26aeacadee945657501,cpu,300,0.3471996784210205,0.13935205252772664,3.0204678811826727e-07
63b8a25a4a9f80c7508c0db0d163af6d9e6c0746c9b7e26aeacadee945657501,mem,300,0.3471996784210205,0.8507459351324449,-3.436548474192917e-07
63bb7dc59c1b5f7e55dfb92d83539aecabe9b77519e40b01483d2c93af5bc273,cpu,300,5.392588138580322,0.015947364227924754,2.8419955121432455e-05
63bb7dc59c1b5f7e55dfb92d83539aecabe9b77519e40b01483d2c93af5bc273,mem,300,5.392588138580322,0.0009987828590378722,4.2231122691126306e-07
63cb4e810d59a0bf3e1f1588f2367ce81127c913739c70452303a26a65447357,cpu,300,30.020429611206055,0.017368287877366773,4.4701777806354715e-06
63cb4e810d59a0bf3e1f1588f2367ce81127c913739c70452303a26a65447357,mem,300,30.020429611206055,0.001808996167229071,1.5365268247192043e-07
63f9cfc4a413ca8739b02bf2212f70ea8b3369d5e71b82ff769dc5cd6ae9afda,cpu,300,0.5137579441070557,0.8151762405566553,2.91482120147405e-05
63f9cfc4a413ca8739b02bf2212f70ea8b3369d5e71b82ff769dc5cd6ae9afda,mem,300,0.5137579441070557,0.10096267968893036,-6.6689992442328886e-06
6416360e79cb822cb11bac8cced2d5b29315d47661331149f87e54172f816ebf,cpu,300,0.531522810459137,0.5270026758761609,9.862865425235143e-06
6416360e79cb822cb11bac8cced2d5b29315d47661331149f87e54172f816ebf,mem,300,0.531522810459137,2.1095741140952917e-05,-1.778468631523784e-08
643bce6326e327bb36361c31d1ad0cf9ee8d57671754826bb420a049f051fbbd,cpu,300,0.23629753291606903,0.6213116267247609,9.262682255125701e-07
643bce6326e327bb36361c31d1ad0cf9ee8d57671754826bb420a049f051fbbd,mem,300,0.23629753291606903,0.29009617905198426,1.7654990831843972e-07
6457b0f84da615fee74a4e3772a0c7406f55f6b21d71f359f68e3cc31d110f99,cpu,300,0.950162947177887,0.33587285700660574,1.510194393314824e-05
6457b0f84da615fee74a4e3772a0c7406f55f6b21d71f359f68e3cc31d110f99,mem,300,0.950162947177887,0.043486683299078566,6.403623371453725e-06
6461c7c2b66a5777eac8ca33f049753684dd72cfe372245de50c1c5ca9e46d62,cpu,300,1.2088960409164429,0.6470954253691741,4.931731465983425e-07
6461c7c2b66a5777eac8ca33f049753684dd72cfe372245de50c1c5ca9e46d62,mem,300,1.2088960409164429,0.027275348514361752,-1.7878298324130092e-09
6485599ca87762ee58f97afac85e645e0b4140cdea0f518992b180fc7184c179,cpu,300,0.543914258480072,0.6700090804211326,2.0963394398287066e-05
6485599ca87762ee58f97afac85e645e0b4140cdea0f518992b180fc7184c179,mem,300,0.543914258480072,0.013896213105365818,-4.501299235650604e-07
648b2a0c2f0a2c60f552c18abbc9ac747657751fc8db49d0f18cc6c5f9f81fe0,cpu,300,0.7223387360572815,0.4387048009991722,9.684360654311179e-08
648b2a0c2f0a2c60f552c18abbc9ac747657751fc8db49d0f18cc6c5f9f81fe0,mem,300,0.7223387360572815,0.026343156648497734,-4.293771716293079e-10
64ff81a6afa87476179945775ef71fcf2e6f80cc3ca2e4c82ff888503bd7f7e9,cpu,300,2.668698787689209,0.05783754259138285,4.780192269715241e-06
64ff81a6afa87476179945775ef71fcf2e6f80cc3ca2e4c82ff888503bd7f7e9,mem,300,2.668698787689209,0.0019262395666365117,2.629542830086784e-07
651e452f96fc03a829bb591c2c74b3d341710cbf36b929294327eb48a956ab39,cpu,300,3.312497854232788,0.19241332553468438,8.053345292353321e-06
651e452f96fc03a829bb591c2c74b3d341710cbf36b929294327eb48a956ab39,mem,300,3.312497854232788,0.07463604269211277,2.4155303763689354e-07
6542249f9912519f54210d524760414760367f7dbbab164732f247d962e6dcd2,cpu,300,5.789191722869873,0.002051442965718908,2.7411001016865153e-06
6542249f9912519f54210d524760414760367f7dbbab164732f247d962e6dcd2,mem,300,5.789191722869873,0.0006928055745495376,1.1220316334368298e-06
6545e5559493a18497075bb949b955abf8642a62d20287e280732e9c5956095e,cpu,300,0.2200717031955719,0.8792034573775465,6.533185001865025e-06
6545e5559493a18497075bb949b955abf8642a62d20287e280732e9c5956095e,mem,300,0.2200717031955719,0.0337996485973695,-2.4074142440637594e-08
655e0269bb90b5ffe6a9d7a22bfc21df4cfc0aae9dc186e11d8f5388789653f7,cpu,300,0.38063040375709534,0.35308868839253704,2.968919594358978e-05
655e0269bb90b5ffe6a9d7a22bfc21df4cfc0aae9dc186e11d8f5388789653f7,mem,300,0.38063040375709534,0.07967975963675966,2.922336653190417e-05
65a97d135803ef89e0a5ac37460550edb94da03c82f2c6ab8d7bb1778b3db872,cpu,300,2.4185903072357178,0.09322835233985383,4.2091818384484706e-05
65a97d135803ef89e0a5ac37460550edb94da03c82f2c6ab8d7bb1778b3db872,mem,300,2.4185903072357178,0.0054020407829329375,2.505037006221277e-06
65bdd8483e4922ae8715e820355c611e41c879bd0d4b96d714778e4407b28661,cpu,300,0.5939779281616211,0.8565639642554279,1.2566391868236038e-05
65bdd8483e4922ae8715e820355c611e41c879bd0d4b96d714778e4407b28661,mem,300,0.5939779281616211,0.0036732836491305543,-4.3498739779198735e-08
65ceb2782457ad9400b7668fc02d3ad3d79f86469b2be89064eb7db45c07c03f,cpu,300,0.20688457787036896,0.685759076588062,3.5761040883650906e-06
65ceb2782457ad9400b7668fc02d3ad3d79f86469b2be89064eb7db45c07c03f,mem,300,0.20688457787036896,0.12894650115716155,1.6149575976825754e-07
65da7a00a58227d84f418beb67c563c3adf48aaeb4311420b6d7bccd7f4d00a4,cpu,300,2.952340602874756,0.12074328072142193,1.7850913355886374e-06
65da7a00a58227d84f418beb67c563c3adf48aaeb4311420b6d7bccd7f4d00a4,mem,300,2.952340602874756,0.039761239163072726,2.5618488737035976e-08
65e02687786d55115026221feb9e45d5eaa61c40acc59f2001b31e880ba6154a,cpu,300,0.30897000432014465,0.9209176932681841,1.9214764321265376e-06
65e02687786d55115026221feb9e45d5eaa61c40acc59f2001b31e880ba6154a,mem,300,0.30897000432014465,0.18269652318032015,1.933295402125856e-08
65f5d84f26ff39b141638b2897de5ef838984cd4527c4871e0e88175bd9570ce,cpu,300,0.45240262150764465,0.042479375648968865,7.666773793542836e-07
65f5d84f26ff39b141638b2897de5ef838984cd4527c4871e0e88175bd9570ce,mem,300,0.45240262150764465,0.2377490203391508,-9.74743367588337e-07
6605458d2b02e5f31c2dcad288c0773fd4da2892e2b4c4e3c9e6d3f767c6370e,cpu,300,9.225220680236816,0.13357058640015518,4.421357010887937e-05
6605458d2b02e5f31c2dcad288c0773fd4da2892e2b4c4e3c9e6d3f767c6370e,mem,300,9.225220680236816,0.044119287302919474,8.454639736882496e-05
668d5fc4841639273782cecaba03acc4fd981bbe7784b086458568dcb198c3e0,cpu,300,2.7260119915008545,0.048904072144684285,3.666645668467115e-05
668d5fc4841639273782cecaba03acc4fd981bbe7784b086458568dcb198c3e0,mem,300,2.7260119915008545,0.0023664065589545924,-2.1079509822271787e-05
66da80aefc2c554b17ee1982b390f2aa1a774aad353878d027dd392f64ee04a1,cpu,300,1.5305737257003784,0.978093236554866,6.957238093962254e-06
66da80aefc2c554b17ee1982b390f2aa1a774aad353878d027dd392f64ee04a1,mem,300,1.5305737257003784,0.47995230137056477,9.349947910174527e-08
6759bd60f1bc685a374657b4dd2995b83d30d0c2009d8fac42a168032faad609,cpu,300,1.9489495754241943,0.8125052991696539,1.0077942026574948e-05
6759bd60f1bc685a374657b4dd2995b83d30d0c2009d8fac42a168032faad609,mem,300,1.9489495754241943,0.269794234719411,1.1758458410664215e-07
678850bc90f0da054edffc4e68e88983ea92d7dd94f9d6484af55330dfabdbc0,cpu,300,0.5170490741729736,0.8606192244120046,2.523178115422624e-05
678850bc90f0da054edffc4e68e88983ea92d7dd94f9d6484af55330dfabdbc0,mem,300,0.5170490741729736,0.005306190900090768,3.3332921677504785e-08
67eefa7fa4bf134872294717542e5c58d127a21ec339570fc2de4834d168ec90,cpu,300,1.3382872343063354,0.5907525599023717,4.342812778299456e-06
67eefa7fa4bf134872294717542e5c58d127a21ec339570fc2de4834d168ec90,mem,300,1.3382872343063354,0.5438660020450667,9.822845100361793e-06
6821b08b6d46b583dae3bee0baa736729d2b4262b537fc28835895e78f73fc8c,cpu,300,1.5815415382385254,0.38806000756362213,0.00019660854214514136
6821b08b6d46b583dae3bee0baa736729d2b4262b537fc28835895e78f73fc8c,mem,300,1.5815415382385254,0.03999336169417189,-3.5538078427738124e-05
682b2da8cfb1f062f195a083f0f37a01ec0dccf1be546e22d6e5e5f6a93da977,cpu,300,3.2331652641296387,0.22160679598003474,2.6610646244879785e-05
682b2da8cfb1f062f195a083f0f37a01ec0dccf1be546e22d6e5e5f6a93da977,mem,300,3.2331652641296387,8.099041777565041e-05,-1.7874396465241977e-08
6847272dc1938e70fc98ef40ff43dbd9aaa96bbc0a6f277c641b9339b6c46f48,cpu,300,3.1606690883636475,0.21749610002233488,1.8060353671021387e-05
6847272dc1938e70fc98ef40ff43dbd9aaa96bbc0a6f277c641b9339b6c46f48,mem,300,3.1606690883636475,0.0017623310262421255,-3.2940900686135795e-07
687c84056f2141dcdf79c92a7d940d504e12dc39c08e9aca353b8c341746049c,cpu,300,0.28714892268180847,0.4843939921277416,5.303443860287373e-05
687c84056f2141dcdf79c92a7d940d504e12dc39c08e9aca353b8c341746049c,mem,300,0.28714892268180847,0.00046275834470366206,8.826539395199486e-07
68acf3e48cd05a2ad8e4d4bced0f4df76f75451f52d4bd94aceb85a6d2a7fb66,cpu,300,3.1519970893859863,0.06916135463262552,1.6021304200248024e-05
68acf3e48cd05a2ad8e4d4bced0f4df76f75451f52d4bd94aceb85a6d2a7fb66,mem,300,3.1519970893859863,0.01235886383612228,5.300818770912028e-07
693f982b164c221401380c8ba8702b41e3f68fb31a748f2851e13ff02ebf98c4,cpu,300,0.6169536113739014,0.12199544613019553,4.051376164262717e-06
693f982b164c221401380c8ba8702b41e3f68fb31a748f2851e13ff02ebf98c4,mem,300,0.6169536113739014,0.3495668048717526,-7.1904479017474285e-06
6942891a050a910f09f8800078b0c22ddc414d1b5246372f4b5096ae1d3e2cb1,cpu,300,1.7752212285995483,0.2696840967509395,5.180977953537683e-06
6942891a050a910f09f8800078b0c22ddc414d1b5246372f4b5096ae1d3e2cb1,mem,300,1.7752212285995483,0.005755092997044686,4.851168947323863e-09
694c22359d5666f113617ed767acf6a188bd551ffb3c1395ac5f0af99d489cda,cpu,300,0.8698098063468933,0.7571738484578584,3.825193237201719e-06
694c22359d5666f113617ed767acf6a188bd551ffb3c1395ac5f0af99d489cda,mem,300,0.8698098063468933,0.030579902692414507,8.33464900537321e-08
6967ed66483a6e6d3d5d4584246f2678a9276c5a1ef9f037ad2ee9cd13a337df,cpu,300,4.33034086227417,1.0487327563368787e-05,-1.7242131000648048e-06
6967ed66483a6e6d3d5d4584246f2678a9276c5a1ef9f037ad2ee9cd13a337df,mem,300,4.33034086227417,0.0061580722554752665,-5.5417627798768505e-05
69b2e9507bc26035b4f7d2ce084d17029c40ddf06a7b846f667a287896c54e4e,cpu,300,0.5968961119651794,0.758873595769614,3.3276520610356824e-05
69b2e9507bc26035b4f7d2ce084d17029c40ddf06a7b846f667a287896c54e4e,mem,300,0.5968961119651794,0.005167352883837184,-1.41480222268534e-07
69d01ede4b62d20fb0e40494e6bf0d0303cecfeeb26ea45114db9a1ec4384023,cpu,300,0.07066942006349564,0.25005511860792196,0.00045463742916873964
69d01ede4b62d20fb0e40494e6bf0d0303cecfeeb26ea45114db9a1ec4384023,mem,300,0.07066942006349564,0.0001744641541471248,1.768483953328238e-05
6a037b933ab7b230f6a78bc49d514e7d0021f3c272859771c3dc63150b31c04e,cpu,300,3.0055887699127197,0.012485437143669564,-1.751469749707206e-06
6a037b933ab7b230f6a78bc49d514e7d0021f3c272859771c3dc63150b31c04e,mem,300,3.0055887699127197,8.91001220233445e-05,-2.782205864046227e-08
6a0b45ddbade09caed2647e28fb1af8ea5c5068f3daa91d5ac100583a30cbe3b,cpu,300,0.38276350498199463,0.028252040794040312,0.00036623012054920196
6a0b45ddbade09caed2647e28fb1af8ea5c5068f3daa91d5ac100583a30cbe3b,mem,300,0.38276350498199463,0.00016713419095593096,3.4570583861399206e-05
6a1bbe8d7b9673269faa12be1fc272b2e08771c706a49219460dc3ddf54d0a20,cpu,300,18.373607635498047,0.013352435947343366,3.613498530402486e-06
6a1bbe8d7b9673269faa12be1fc272b2e08771c706a49219460dc3ddf54d0a20,mem,300,18.373607635498047,0.001163634743333919,2.0192681278895633e-06
6a4d143d45422856af412e0c62ac847c7049e52fd3c6e4c0788ed567e72efd86,cpu,300,0.8526695966720581,0.843677770049757,5.24654633962635e-06
6a4d143d45422856af412e0c62ac847c7049e52fd3c6e4c0788ed567e72efd86,mem,300,0.8526695966720581,0.09348898223342539,8.011390678520174e-09
6a4e5ae1a2ccabee652c6de3fc610ca98369f50baa94185887963efa91215e3a,cpu,300,0.6344587206840515,0.8764915230521012,0.00016752636611885754
6a4e5ae1a2ccabee652c6de3fc610ca98369f50baa94185887963efa91215e3a,mem,300,0.6344587206840515,0.00014479136349920818,-4.851698730753655e-07
6a8487c2b513854a9e4ebbcb118ce7c3908f88b7042b6878292b7365246ed4d0,cpu,300,0.6173882484436035,0.5137456343949829,0.00016512868174163651
6a8487c2b513854a9e4ebbcb118ce7c3908f88b7042b6878292b7365246ed4d0,mem,300,0.6173882484436035,0.0035407457942685516,1.5736157509142478e-06
6aa4e9f918b33354e6eb817762475bff0be98e3ca1dd0b8d9633035407449886,cpu,300,0.9680102467536926,0.15615371240936804,4.673756387632068e-05
6aa4e9f918b33354e6eb817762475bff0be98e3ca1dd0b8d9633035407449886,mem,300,0.9680102467536926,0.2062640451725164,-6.215728938384878e-06
6ae809c550c2a48a7f08bb81a08d01e30e086af9adda0067b0dd0ea9441eccc3,cpu,300,0.47638824582099915,0.9722219639980432,1.137748978471024e-05
6ae809c550c2a48a7f08bb81a08d01e30e086af9adda0067b0dd0ea9441eccc3,mem,300,0.47638824582099915,3.529285203196508e-05,1.520752819562438e-08
6b1469e20205cf72bca5c0265191a6bbfbba7fb79cb59c54095a2f1582cf847d,cpu,300,0.9211115837097168,0.23320279909075148,4.37576844841175e-06
6b1469e20205cf72bca5c0265191a6bbfbba7fb79cb59c54095a2f1582cf847d,mem,300,0.9211115837097168,0.0012296049490980732,7.582774642707225e-08
6b48b9a714756f93723c86547e98a5e692a3710861b82c24ec156149592111f4,cpu,300,2.6755266189575195,0.4660489571391887,3.443177360864812e-05
6b48b9a714756f93723c86547e98a5e692a3710861b82c24ec156149592111f4,mem,300,2.6755266189575195,0.289245545161703,-1.6707989068784996e-06
6b7668c8e072b71dafbc76613c99deb7363b5f07ff2f6893d840b49a789f3467,cpu,300,0.83698970079422,0.22746147644622716,4.790525894852826e-06
6b7668c8e072b71dafbc76613c99deb7363b5f07ff2f6893d840b49a789f3467,mem,300,0.83698970079422,0.002129623238884437,2.461944556120077e-07
6b9309a4286ffb66e3d86fc5cc122b2200d2baf7fa7a1d17c8139fcc55511000,cpu,290,116.25777435302734,0.0027445877087423076,9.843381274796796e-07
6b9309a4286ffb66e3d86fc5cc122b2200d2baf7fa7a1d17c8139fcc55511000,mem,290,116.25777435302734,0.004583442064746257,-2.1228896335687433e-07
6c46ce6d6110a0de69b6d920adec1608cd320bc2676e9bb7576b05ff197c4978,cpu,295,2.4063336849212646,0.34834644734727616,0.0004675089629774678
6c46ce6d6110a0de69b6d920adec1608cd320bc2676e9bb7576b05ff197c4978,mem,295,2.4063336849212646,0.0628617575325009,0.0002073989020770263
6cab21e92bd4e03cd84250c66db8c41b80dfaf725bf6bb59e4f0e0927bde2c98,cpu,300,2.686520576477051,0.0787215327740316,8.615081674428468e-05
6cab21e92bd4e03cd84250c66db8c41b80dfaf725bf6bb59e4f0e0927bde2c98,mem,300,2.686520576477051,0.029361701445906885,-1.6825852433249238e-05
6d04d54e21eac663031b390735bccb1d47b626bd03d1fcc485ae0e6fc217ba6d,cpu,300,1.2801251411437988,0.10047410652602973,1.5269211569741038e-05
6d04d54e21eac663031b390735bccb1d47b626bd03d1fcc485ae0e6fc217ba6d,mem,300,1.2801251411437988,0.1636364935606438,9.873954814834806e-06
6d430ad304b8dcafd1de32f381686201e2cda1b6deec56f16cf9f3d1101fa3d1,cpu,300,2.3529021739959717,0.09588503135475746,2.6051950500378366e-06
6d430ad304b8dcafd1de32f381686201e2cda1b6deec56f16cf9f3d1101fa3d1,mem,300,2.3529021739959717,0.00860672221348624,-5.4838501266702474e-08
6d6ff7874b4668462b74e0a11c3bcb6b56a9cf91b74a376f20ba77353f06e184,cpu,300,0.42300111055374146,0.4235805258932429,2.8455937292472137e-06
6d6ff7874b4668462b74e0a11c3bcb6b56a9cf91b74a376f20ba77353f06e184,mem,300,0.42300111055374146,0.005111571582570695,-6.616662627022793e-09
6d75f979b1bfa83441a5eb622fd6ea50a71e0427fcbc66414f45910bfcb1806a,cpu,300,1.7289057970046997,0.08002044870059888,-3.0449433804739058e-05
6d75f979b1bfa83441a5eb622fd6ea50a71e0427fcbc66414f45910bfcb1806a,mem,300,1.7289057970046997,0.009144864348306747,-1.628223633341345e-06
6d8738b180d8b6d8c38ff8ad2c657cb07ea512cd7781c9277e748a494e8a7c84,cpu,300,0.3130543828010559,0.5661254657526376,1.7532229373027947e-05
6d8738b180d8b6d8c38ff8ad2c657cb07ea512cd7781c9277e748a494e8a7c84,mem,300,0.3130543828010559,0.005883041091637287,-6.209517845997744e-07
6d9c26b935a837f3658138bf8b5c50d4798d7e491d1d0de01c23d481e399ebbc,cpu,300,14.041938781738281,0.05841189726446483,7.808226452159827e-06
6d9c26b935a837f3658138bf8b5c50d4798d7e491d1d0de01c23d481e399ebbc,mem,300,14.041938781738281,0.02740188697440127,9.700800161917727e-07
6da93e1b8565f05eb7708ccedf9f4a02f1d9a6300bd4e06018289600a7f96cbe,cpu,300,0.5267888307571411,0.013499115708747067,-7.040951817159044e-05
6da93e1b8565f05eb7708ccedf9f4a02f1d9a6300bd4e06018289600a7f96cbe,mem,300,0.5267888307571411,0.018999397830605558,1.645076720747842e-05
6e1a04d71afeeb1002c1baa683dffb1f047295650ea7039f304438885d04d7fa,cpu,300,0.6054799556732178,0.21029704308768393,1.2788177385570923e-05
6e1a04d71afeeb1002c1baa683dffb1f047295650ea7039f304438885d04d7fa,mem,300,0.6054799556732178,0.009307811096745278,5.0545470934052564e-08
6e998d674e7cb018874d3c2e685db2e9d879298d6b8b14c4153a567334ea08d0,cpu,300,0.17914031445980072,0.6606062037662397,0.007092894221315733
6e998d674e7cb018874d3c2e685db2e9d879298d6b8b14c4153a567334ea08d0,mem,300,0.17914031445980072,0.009603593493561435,1.184820909146461e-05
6ec348b2672d73f9c723c91f48752579c2bc15079cdac6784d5b6a95625242ea,cpu,300,1.7061610221862793,0.008208591685435085,0.0002725286582816485
6ec348b2672d73f9c723c91f48752579c2bc15079cdac6784d5b6a95625242ea,mem,300,1.7061610221862793,0.0003386817837162104,-4.616117271257683e-05
6ee5635cdb76e73e4cc1372d3a6e69d70775faa9b23cdc05284b715e5f205cba,cpu,299,1.7892372608184814,0.9958949164732789,9.693218348225477e-06
6ee5635cdb76e73e4cc1372d3a6e69d70775faa9b23cdc05284b715e5f205cba,mem,299,1.7892372608184814,0.053994754838361136,2.0633218165903996e-07
6f138ce9469383603ca2b2a24758343ce0b3502508368a38cbb45bad429c948c,cpu,300,1.7939106225967407,0.07493447605701353,0.0002297442097141329
6f138ce9469383603ca2b2a24758343ce0b3502508368a38cbb45bad429c948c,mem,300,1.7939106225967407,0.0027156603290670045,-9.444782649449766e-07
6f2ba20578ca3866fbc625d3b74e5c6ec9a4f96f8e26f6d1d9e68e0fef935878,cpu,300,0.5404875874519348,0.8596729971163871,5.060893715451719e-05
6f2ba20578ca3866fbc625d3b74e5c6ec9a4f96f8e26f6d1d9e68e0fef935878,mem,300,0.5404875874519348,0.0005788571880590565,6.27808790556164e-08
6f639e16aba857462d1326154890989e23b4d326a5b0dd567d36c6be41e95b6d,cpu,300,0.8940492868423462,0.8309142441290008,0.0007625099297571585
6f639e16aba857462d1326154890989e23b4d326a5b0dd567d36c6be41e95b6d,mem,300,0.8940492868423462,0.00022452997491151372,-9.517125457754816e-07
6f83eed1237572824fa0807fb2414de831c989c6392cca51f3364b655804153b,cpu,300,0.5909273624420166,0.24265197474380662,4.015621656088731e-07
6f83eed1237572824fa0807fb2414de831c989c6392cca51f3364b655804153b,mem,300,0.5909273624420166,0.06827106874410882,7.685669450141218e-08
6fa239a955982a91be1c05897894a0fae014713ef9c8467fd993d7b0761e4dba,cpu,300,1.521207571029663,0.01135524705244173,0.002587699307184427
6fa239a955982a91be1c05897894a0fae014713ef9c8467fd993d7b0761e4dba,mem,300,1.521207571029663,0.002953994781034641,0.00036551114579185835
6fcffa27c740ee775cbf96c0eed57df9bfafc1e3998dc9756fc3b56b7a735c26,cpu,300,1.1417522430419922,0.35186008326927765,1.8911612871417352e-05
6fcffa27c740ee775cbf96c0eed57df9bfafc1e3998dc9756fc3b56b7a735c26,mem,300,1.1417522430419922,0.0011513986798714626,-1.1170982307765997e-07
6fe2684fb7fc02898e7b9de94a66f46a97bea303b18ffb916227e9783112f69f,cpu,300,1.668341875076294,0.43307753116943426,0.00020640774552545038
6fe2684fb7fc02898e7b9de94a66f46a97bea303b18ffb916227e9783112f69f,mem,300,1.668341875076294,0.24790445667044037,3.549958689089604e-06
6fe9299d282a4880260cc300e4c0c22a5d10f0e2d78753c1b5795c87ef0827af,cpu,300,0.9594186544418335,0.05461835728781106,5.677246039354417e-06
6fe9299d282a4880260cc300e4c0c22a5d10f0e2d78753c1b5795c87ef0827af,mem,300,0.9594186544418335,0.18974173431225672,-8.403954864922495e-06
7005e5740a4cff4c023ad8be86c894f66ae04b917a63267f4bb23b64b0e8150f,cpu,300,0.4393293559551239,0.4400074616234372,0.00010136787876764826
7005e5740a4cff4c023ad8be86c894f66ae04b917a63267f4bb23b64b0e8150f,mem,300,0.4393293559551239,0.11174567655485268,-6.2676817810889825e-06
70672ab9176f6d478c82fb49225e20e719802a38bb41f95ddd2622f722d81ddd,cpu,300,1.5808336734771729,0.006152059976874846,-0.0001265793087678288
70672ab9176f6d478c82fb49225e20e719802a38bb41f95ddd2622f722d81ddd,mem,300,1.5808336734771729,0.026956405692916796,-5.052374265330719e-06
70b74aabe5030d2bacd9302e3e88aa58953e612881cf1bb83d9ae39e30204465,cpu,300,0.8691795468330383,0.17495040885840296,1.183675179682153e-05
70b74aabe5030d2bacd9302e3e88aa58953e612881cf1bb83d9ae39e30204465,mem,300,0.8691795468330383,0.0006632500117879081,5.906928333206486e-08
70d6477dee4d731cfc185c1f99f7ac0133a68bdb5ddc24c4ededd4a8a2bf7dc2,cpu,300,0.7478575706481934,0.3179612774569409,6.843500940443856e-05
70d6477dee4d731cfc185c1f99f7ac0133a68bdb5ddc24c4ededd4a8a2bf7dc2,mem,300,0.7478575706481934,0.012062633316345939,1.8232800892197204e-06
71154d296a76f16d25b11d130f4458e39992276efb0b5bb03ca07493e1a06c42,cpu,300,0.5805461406707764,0.32250897547088253,2.8183033168388708e-05
71154d296a76f16d25b11d130f4458e39992276efb0b5bb03ca07493e1a06c42,mem,300,0.5805461406707764,0.014669692222879727,-2.3385300555552695e-06
719faf5996d9961657ac692193630de32d3c7c976b20314e23e7545e624288f8,cpu,300,0.23623600602149963,0.8742063739489867,1.9990026266883183e-06
719faf5996d9961657ac692193630de32d3c7c976b20314e23e7545e624288f8,mem,300,0.23623600602149963,0.25034435988856496,1.0019859839099037e-06
71be37861d15986df00d20f5e9e9b79770c1a53e938378d4f939079dc60963f7,cpu,300,0.5578178763389587,0.7035655335212896,3.5244682937081246e-06
71be37861d15986df00d20f5e9e9b79770c1a53e938378d4f939079dc60963f7,mem,300,0.5578178763389587,0.04336734076579596,2.2113384491096833e-08
721e3e82ecb47801348ab69d44d901c9ac0d3e0859c6435713dbe8429dff55fa,cpu,300,0.8617295026779175,0.4596739984300503,7.4767278967863256e-06
721e3e82ecb47801348ab69d44d901c9ac0d3e0859c6435713dbe8429dff55fa,mem,300,0.8617295026779175,0.00702006067009775,4.293301988783079e-07
726090a08973bacd2db880cd337d9754e280ed9ce968e7a466107231fedf991e,cpu,300,0.28852760791778564,0.01004316184427434,-8.62876438174881e-05
726090a08973bacd2db880cd337d9754e280ed9ce968e7a466107231fedf991e,mem,300,0.28852760791778564,0.002735426407822983,5.66583183195836e-07
72b69d6cf010e618d6079185f9ad7dbfb01f2037526ac3947c958a59014e91f4,cpu,300,2.9136579036712646,0.4989725219347336,1.535448410253357e-06
72b69d6cf010e618d6079185f9ad7dbfb01f2037526ac3947c958a59014e91f4,mem,300,2.9136579036712646,0.5389051979032695,-2.4351791493160093e-07
72c2ccc6358cef4d462162c62782d76f128cc549fbb3270508705642f5b8f558,cpu,300,2.6067051887512207,0.003056389783889446,-5.406586728905107e-05
72c2ccc6358cef4d462162c62782d76f128cc549fbb3270508705642f5b8f558,mem,300,2.6067051887512207,0.0036748045153095488,-1.4678755977429288e-05
72c9c87f9ef74719bb6b6175d5fbb96b5cd67d42dd07fd703cd31501a004eab0,cpu,299,7.963990688323975,0.9221844239929835,8.292595285069973e-05
72c9c87f9ef74719bb6b6175d5fbb96b5cd67d42dd07fd703cd31501a004eab0,mem,299,7.963990688323975,0.0026413711536605877,-1.1713591344809466e-07
72d3f92a9aae1162ebf5131178a063d73a611646b151d96ee02b44808e9bc385,cpu,300,0.3259275257587433,0.3988195552407283,1.7140809574306297e-05
72d3f92a9aae1162ebf5131178a063d73a611646b151d96ee02b44808e9bc385,mem,300,0.3259275257587433,0.004694784987717249,-2.465644849182973e-07
72d5d7092ca2b1115a8b09ca396b852efaeef5cfc2bc4bd86294c75a0e7b6aee,cpu,296,1.14987313747406,0.46837258192085285,-0.005356348949189869
72d5d7092ca2b1115a8b09ca396b852efaeef5cfc2bc4bd86294c75a0e7b6aee,mem,296,1.14987313747406,0.5178660293093552,0.003121163193721375
72f589a7767aa4e25d277ad8b5f8b90041732592b2b78b80542935a8befbc7e3,cpu,300,1.8500151634216309,0.10211678058203044,0.00010381893046817293
72f589a7767aa4e25d277ad8b5f8b90041732592b2b78b80542935a8befbc7e3,mem,300,1.8500151634216309,0.03447599963820491,-1.6076907562240322e-05
73257ee66fbea0ea8b789e1027396c9292d7140b6d5937ad3f79ced163e337e8,cpu,300,0.3312472105026245,0.6842571351256697,3.7028537993629904e-06
73257ee66fbea0ea8b789e1027396c9292d7140b6d5937ad3f79ced163e337e8,mem,300,0.3312472105026245,0.0012706133367406114,5.602680816912913e-09
7372a65ec1f85c7387a1ecb90c49664b9cb976a0b73bd398b9533eb4b2799e3b,cpu,300,1.01796293258667,0.387865257969377,7.1904945796008e-06
7372a65ec1f85c7387a1ecb90c49664b9cb976a0b73bd398b9533eb4b2799e3b,mem,300,1.01796293258667,0.02005121254541009,2.2805678356504765e-07
73dc0b88853241955161056b003518112b11b6648ed1fedeb0f39567a0e29346,cpu,300,0.5915215611457825,0.9124026937619832,3.0740540721811666e-05
73dc0b88853241955161056b003518112b11b6648ed1fedeb0f39567a0e29346,mem,300,0.5915215611457825,0.4172482446228847,-7.64392743274826e-06
73eab0278dbf5ccb67f1c303b0770627c6223871c4874f31cdb3dffaee54ac18,cpu,178,6.013513088226318,9.899975103033753e-07,-7.1631768078878495e-06
73eab0278dbf5ccb67f1c303b0770627c6223871c4874f31cdb3dffaee54ac18,mem,178,6.013513088226318,0.0002615271881976078,-0.0002429758601631667
73f6d8a8dceebd7475a100eab899082be5f8ad2234356908f32e8aa84b71eb55,cpu,300,0.3276732861995697,0.11830998793283065,2.0374708804671507e-05
73f6d8a8dceebd7475a100eab899082be5f8ad2234356908f32e8aa84b71eb55,mem,300,0.3276732861995697,0.23839628134881163,-6.478213712609788e-06
746ad83e945b26e35934a70bc2ef6973d907ebfc99f457b5f3b87e3ac3632a9e,cpu,300,1.233911156654358,0.026615574617611326,1.1394314998215093e-05
746ad83e945b26e35934a70bc2ef6973d907ebfc99f457b5f3b87e3ac3632a9e,mem,300,1.233911156654358,0.17421305535899334,2.1135813235663147e-05
756e3ec1c56c8ed1603a812100d4c8be9c976bd4fe10c3be8f3e54223ce4501c,cpu,300,0.2645033299922943,0.04102448528177349,5.996212338748497e-05
756e3ec1c56c8ed1603a812100d4c8be9c976bd4fe10c3be8f3e54223ce4501c,mem,300,0.2645033299922943,0.0024767622844411585,3.129195547229369e-05
75ba50ca9052738a534662d31f3be096c4a31f667aee9877521716bb7723e9a9,cpu,299,12.27492618560791,0.0008155973064656319,-4.484957287333101e-05
75ba50ca9052738a534662d31f3be096c4a31f667aee9877521716bb7723e9a9,mem,299,12.27492618560791,0.01867396512740649,-3.49543894400585e-05
75c613369177f829ce6812a2d2da4d829fe7870696d9aed3d48b9b4a2f6d6690,cpu,300,1.2791975736618042,0.09912207754573876,-1.0846490034132636e-05
75c613369177f829ce6812a2d2da4d829fe7870696d9aed3d48b9b4a2f6d6690,mem,300,1.2791975736618042,2.7252988912929155e-05,-5.151358275432192e-08
75c99290f719562c163a7af7b497e7f2311fb125bb841943437f9fde9dab8bc1,cpu,300,0.5644633173942566,0.0043931679993410855,9.334826458550829e-06
75c99290f719562c163a7af7b497e7f2311fb125bb841943437f9fde9dab8bc1,mem,300,0.5644633173942566,0.00241361852959443,7.089921675758742e-06
75dfd0b578925aec21fbb339376281ab8f0f31b4fc4afedf68da7c20b84e4091,cpu,300,1.7700614929199219,0.7683549929191584,0.00023757734930581698
75dfd0b578925aec21fbb339376281ab8f0f31b4fc4afedf68da7c20b84e4091,mem,300,1.7700614929199219,4.5474610788076575e-07,-4.305693024246381e-09
75e4a89559db6beb8fcef2e1ebc8a2a1b4bc42b99c27263cee36123b709e1d40,cpu,300,3.7041449546813965,0.16069121509181494,6.483824745873906e-06
75e4a89559db6beb8fcef2e1ebc8a2a1b4bc42b99c27263cee36123b709e1d40,mem,300,3.7041449546813965,0.022325655251128396,2.0901608236162254e-08
7606a6bb8535faf243bf58dc5b8917976eff2f5c1bbcaa5b2d3ab92b5766deff,cpu,300,0.7784234285354614,0.9347038917763921,2.39726868976151e-06
7606a6bb8535faf243bf58dc5b8917976eff2f5c1bbcaa5b2d3ab92b5766deff,mem,300,0.7784234285354614,0.0021726571675819706,3.6102379590625808e-09
76699b43ae0777cc5f9e2f54a30bf0fc116bd8d3aff3463158a88cb6d4d762ab,cpu,300,2.3415369987487793,0.001577483105299593,-1.8125623306083017e-05
76699b43ae0777cc5f9e2f54a30bf0fc116bd8d3aff3463158a88cb6d4d762ab,mem,300,2.3415369987487793,0.0003541798500517057,2.3910442930960443e-06
767551fef6f2293556df825e62133a26369d2dd1c80d186e9355d9e91e747fe5,cpu,300,0.6256672739982605,0.8240474704346649,1.3698996075380199e-05
767551fef6f2293556df825e62133a26369d2dd1c80d186e9355d9e91e747fe5,mem,300,0.6256672739982605,0.15549562985831034,-8.658053689702806e-07
767c654e73d0fc9890c3450cfd2cdd116352a95549fa7acaa712fa37e3939fdd,cpu,300,0.2973913848400116,0.4996992573031491,9.363972225037428e-05
767c654e73d0fc9890c3450cfd2cdd116352a95549fa7acaa712fa37e3939fdd,mem,300,0.2973913848400116,0.2747864596916276,1.802507752919066e-05
76867386e0a4ba8a25c7e0828977d2a192720cafab5937fde3002d7f6dfd573a,cpu,300,0.6227268576622009,0.46641616189027446,2.457777190150397e-05
76867386e0a4ba8a25c7e0828977d2a192720cafab5937fde3002d7f6dfd573a,mem,300,0.6227268576622009,0.002950210771130335,-1.1435345490196685e-06
7694cfcd069bb58a64ab25832084a0b3b2b087837aac85bafdb2ad6179a9bcce,cpu,300,1.6369792222976685,0.4187864231930767,5.743105418020873e-06
7694cfcd069bb58a64ab25832084a0b3b2b087837aac85bafdb2ad6179a9bcce,mem,300,1.6369792222976685,0.2160499104633664,8.024329148632003e-07
7695b43b41732a0f15d3799c8eed2852665fe8da29fd700c383550fc16e521a3,cpu,300,0.730536937713623,0.01501324193918474,9.38025948138842e-07
7695b43b41732a0f15d3799c8eed2852665fe8da29fd700c383550fc16e521a3,mem,300,0.730536937713623,0.4449999208885024,1.1650138163425854e-06
7699baf89322fb0d0ad31ff55bea5beae882d0335675664ee7c5ce268b111d9f,cpu,300,9.42736530303955,0.03654979629744848,1.0814322827093652e-06
7699baf89322fb0d0ad31ff55bea5beae882d0335675664ee7c5ce268b111d9f,mem,300,9.42736530303955,1.1667676985460673e-05,-8.377999899007568e-09
76c2f21d73550ff3f866d210323029e2dde3d5223a9015701953a6f47fe9b9bd,cpu,300,1.3993067741394043,0.15368174297979376,2.9560308695249926e-05
76c2f21d73550ff3f866d210323029e2dde3d5223a9015701953a6f47fe9b9bd,mem,300,1.3993067741394043,2.6494098455343007e-05,1.9043899371794778e-07
76c31d8f22635a113720bddbd0b82ff47a2e3728fb158918223aa5cd6941fb15,cpu,300,0.23268954455852509,0.25912115720071294,4.335906294777334e-06
76c31d8f22635a113720bddbd0b82ff47a2e3728fb158918223aa5cd6941fb15,mem,300,0.23268954455852509,0.4673779598629956,1.0824559548594042e-06
76efdb7d97ab0a2b6fcd59c0e4de4e2b558a6a4b5f8f720e21492470970a3a91,cpu,300,0.5920073986053467,0.8434818972007067,7.719937659449519e-05
76efdb7d97ab0a2b6fcd59c0e4de4e2b558a6a4b5f8f720e21492470970a3a91,mem,300,0.5920073986053467,0.3355999008534495,-2.2902275353467284e-06
76f7e713ff0430e6e5d1a8a28cae4f826dd0843846b80e7f1d3f46a25e6c9559,cpu,300,1.6354568004608154,0.0733630407854442,1.6142351544101926e-05
76f7e713ff0430e6e5d1a8a28cae4f826dd0843846b80e7f1d3f46a25e6c9559,mem,300,1.6354568004608154,0.02711801856667173,-2.2077670487917338e-07
7732dafed73dce2557bcf7f06860e4cdab3c797226474d4665e53f119026cd57,cpu,300,1.6961231231689453,0.012153694569867257,3.016092807905516e-05
7732dafed73dce2557bcf7f06860e4cdab3c797226474d4665e53f119026cd57,mem,300,1.6961231231689453,0.027126850292385374,3.232610770796424e-05
77396888b889c03dba86307e170ac42716edf9d6cdb220fb37810c5c911a9dd4,cpu,300,0.36933109164237976,0.06246915022984467,1.8494630456007798e-06
77396888b889c03dba86307e170ac42716edf9d6cdb220fb37810c5c911a9dd4,mem,300,0.36933109164237976,0.01141240092648621,5.292632928039158e-07
77422c53687c3068a4ca354c1e1a68ef5ad13dcefecb5d60d293e30f53dc04eb,cpu,300,2.705484390258789,0.021839170173560296,0.0001122398727506642
77422c53687c3068a4ca354c1e1a68ef5ad13dcefecb5d60d293e30f53dc04eb,mem,300,2.705484390258789,0.0007453708548369464,2.662993081712343e-06
77452b71d2b1b61fe73d107c23fe1f2b83f49b94a1ace5c1d2ec3f30ed8ae44b,cpu,300,0.7644597291946411,0.8150055582238509,5.661772792326799e-06
77452b71d2b1b61fe73d107c23fe1f2b83f49b94a1ace5c1d2ec3f30ed8ae44b,mem,300,0.7644597291946411,0.00792467013602427,-1.0007881695232789e-07
7794a38782d9da89768c0f858b7c66a148b0f5b70ec8fd0ddab286195635b9d7,cpu,300,1.5548958778381348,0.7582750079828526,8.604403813429123e-05
7794a38782d9da89768c0f858b7c66a148b0f5b70ec8fd0ddab286195635b9d7,mem,300,1.5548958778381348,0.4170090382615834,-4.9152242735125775e-05
77e7ea5f7b9e851091a3f437091f979e6e7f76e9c463201361cbc8a9475f9987,cpu,300,1.6198922395706177,0.11100193356608923,2.5805755281679878e-05
77e7ea5f7b9e851091a3f437091f979e6e7f76e9c463201361cbc8a9475f9987,mem,300,1.6198922395706177,0.7028252705563691,4.197706483507093e-05
77fb0497a6c05a71d1a0bd89a4d2d0480bcf3dee3fa3be4dfd915430877fa1f5,cpu,300,1.5246686935424805,0.6880967342075848,3.0185868954799005e-05
77fb0497a6c05a71d1a0bd89a4d2d0480bcf3dee3fa3be4dfd915430877fa1f5,mem,300,1.5246686935424805,0.06336406947040474,-6.141201884955519e-06
782f494164510bd6d5eb4062bda9ea0f6afdc35100c16b75123bfe4c9030a730,cpu,300,2.776259422302246,0.2633600668419621,2.7144359792840372e-06
782f494164510bd6d5eb4062bda9ea0f6afdc35100c16b75123bfe4c9030a730,mem,300,2.776259422302246,0.14431654707850372,-1.184807869520693e-07
784ec45039465c5bb9a13e2f0b3b8039ac68b490522cb904b66e662ae9523068,cpu,300,2.054835081100464,2.020597284047021e-06,-7.892261867533953e-09
784ec45039465c5bb9a13e2f0b3b8039ac68b490522cb904b66e662ae9523068,mem,300,2.054835081100464,0.004845566616011654,-2.3496132120121136e-07
788af055ddb4322a7082f5b3a03511e7d7c0dab5d7b175d13e83008369246e3e,cpu,300,0.7068925499916077,0.4436155402727171,-0.00031952175027294953
788af055ddb4322a7082f5b3a03511e7d7c0dab5d7b175d13e83008369246e3e,mem,300,0.7068925499916077,0.2672650924874458,-0.00012164912545375902
78c86c2bc1892c77f510d85a35d2f17a8b0fa259dac4b4dc064b0f454c86a4b3,cpu,300,0.5972625017166138,0.8349458744209405,1.511735561038539e-05
78c86c2bc1892c77f510d85a35d2f17a8b0fa259dac4b4dc064b0f454c86a4b3,mem,300,0.5972625017166138,9.988329741783541e-05,-7.74998902915813e-09
78d083fc4a35dea2b3cd60533261bc85be280c5291a504f9623ce256bdafbb35,cpu,300,10.591772079467773,0.21681284927755073,0.00011198663302671401
78d083fc4a35dea2b3cd60533261bc85be280c5291a504f9623ce256bdafbb35,mem,300,10.591772079467773,0.019110177183596977,-4.620762689596352e-06
793e47313ed24399fdcd1534ee91aed5fd2fa393c65d7c2475b6c17107b85b3e,cpu,300,0.6223175525665283,0.07100168461665346,1.9471953632182082e-05
793e47313ed24399fdcd1534ee91aed5fd2fa393c65d7c2475b6c17107b85b3e,mem,300,0.6223175525665283,0.002895426791908684,2.4256026285217313e-07
793f4e9a08d4404c0d6c77428aeec33b1cf918508aa9c70cf92ed5dd10e779b8,cpu,300,1.095000147819519,0.02153534353352926,0.004437032583817299
793f4e9a08d4404c0d6c77428aeec33b1cf918508aa9c70cf92ed5dd10e779b8,mem,300,1.095000147819519,0.017738709629543714,-0.0005667171143763003
796af926be3ccb1ce80d140380d6cf5f7ba7505964ff78c1624ec5e595b4a42e,cpu,300,0.7618517875671387,0.6062549591724694,7.580402003453207e-05
796af926be3ccb1ce80d140380d6cf5f7ba7505964ff78c1624ec5e595b4a42e,mem,300,0.7618517875671387,0.0010577709658652346,-8.500213101943282e-08
796c9a3b2a1db422cc695f64741cf02d2008d96cd430f1061748a9f6b77bcdc6,cpu,300,12.656367301940918,0.019021595591368734,0.00028701482962149356
796c9a3b2a1db422cc695f64741cf02d2008d96cd430f1061748a9f6b77bcdc6,mem,300,12.656367301940918,0.0030910838445242783,9.201783399293764e-05
7994069f2fc5b3d78a258b5475fbb5d9dda53a260442c08f6392c86cb394c6d6,cpu,300,3.215104341506958,0.6818430573248668,0.00033087550450143423
7994069f2fc5b3d78a258b5475fbb5d9dda53a260442c08f6392c86cb394c6d6,mem,300,3.215104341506958,0.0063492943349999775,1.346191744705296e-06
79aeeb8111e99ed6c94aaf9446151e5f4e762b0e857122cba94b643c7f5bdac0,cpu,300,2.8994178771972656,0.2153223426206995,0.0001221331405762898
79aeeb8111e99ed6c94aaf9446151e5f4e762b0e857122cba94b643c7f5bdac0,mem,300,2.8994178771972656,8.853113827589354e-07,8.99949079206798e-09
79e0e79178f36d6345d3bd1c4dd77e5e9e821541b468b12f0b6ad9ed1153b37c,cpu,300,1.6515964269638062,0.012379746027049499,-0.000478969472431227
79e0e79178f36d6345d3bd1c4dd77e5e9e821541b468b12f0b6ad9ed1153b37c,mem,300,1.6515964269638062,0.002959199196031048,-4.44287836843118e-05
79ea8b5363c5d3f8a7e925363c76b6ee2406717ab068bfc43134f6bb9a245ad6,cpu,300,0.5604601502418518,0.8579303464950976,2.1739949109724766e-05
79ea8b5363c5d3f8a7e925363c76b6ee2406717ab068bfc43134f6bb9a245ad6,mem,300,0.5604601502418518,0.19278516125755063,2.847866862657085e-07
7a1c153f334a63ae491e7fbf303162576d0894933eab3d2b772eeaa5775b1dde,cpu,300,0.26750823855400085,0.6312965222820468,0.00025694291084345434
7a1c153f334a63ae491e7fbf303162576d0894933eab3d2b772eeaa5775b1dde,mem,300,0.26750823855400085,0.30075423289675773,0.00024644848870017334
7a2d4f269b3636fb8fa459526646e32ecc5feb9e52ebd92fcce2f174a81fa1e7,cpu,300,5.35724401473999,0.3241460607922566,2.017733746924454e-05
7a2d4f269b3636fb8fa459526646e32ecc5feb9e52ebd92fcce2f174a81fa1e7,mem,300,5.35724401473999,0.1291648920314179,1.3358542318668907e-07
7a481b9a132c57cae45f19d82be7b758f789203f2c796c6bdd5ceb4428ce9622,cpu,300,1.1993433237075806,0.7258940533336647,3.868529135317123e-06
7a481b9a132c57cae45f19d82be7b758f789203f2c796c6bdd5ceb4428ce9622,mem,300,1.1993433237075806,0.003242611764055603,-1.4483022795769216e-08
7a616bdead5df3eb62c68e3c1ec8cab69702bf9e43d75a28e7fb7f6d679a1020,cpu,299,0.5026047825813293,0.14357553368524445,1.915719524925127e-05
7a616bdead5df3eb62c68e3c1ec8cab69702bf9e43d75a28e7fb7f6d679a1020,mem,299,0.5026047825813293,0.07119133383468523,3.5007804262395472e-06
7a93a8515ff9ebeb16d5af89517dc2778e0be26f3fbc24a8da743528d61cafce,cpu,300,1.483736515045166,0.22493603952031704,0.0006257772650765417
7a93a8515ff9ebeb16d5af89517dc2778e0be26f3fbc24a8da743528d61cafce,mem,300,1.483736515045166,0.0006704830978655485,4.823128638062881e-07
7af32c2135c1225df61ca44a4f2e61676d8f59fd21b596d9e21709a2a331c063,cpu,300,14.037829399108887,0.017871558603463678,6.594323453610202e-07
7af32c2135c1225df61ca44a4f2e61676d8f59fd21b596d9e21709a2a331c063,mem,300,14.037829399108887,0.010135521462114827,1.5830584895547616e-07
7b3b9cb2faed94c69ae18e8275ec186a4ffe6b2e2588782db56b1481ecf13ffc,cpu,300,0.2626262307167053,0.7923293183122043,6.147124888406738e-07
7b3b9cb2faed94c69ae18e8275ec186a4ffe6b2e2588782db56b1481ecf13ffc,mem,300,0.2626262307167053,6.535775089389073e-05,-1.1560029077328554e-09
7b56676eb8a95858f3eb5f8cda3bdda87ef0e903860507e110966bd228595f4b,cpu,300,25.353622436523438,0.09905088488356961,4.339964957789951e-07
7b56676eb8a95858f3eb5f8cda3bdda87ef0e903860507e110966bd228595f4b,mem,300,25.353622436523438,0.053604682500703715,1.4523305478895291e-08
7b6897f8202c8636bcc5dd8144ec856f9f6c72650d250025a11208449338fa3e,cpu,300,0.4833229184150696,0.9133952816359353,6.372306542921941e-06
7b6897f8202c8636bcc5dd8144ec856f9f6c72650d250025a11208449338fa3e,mem,300,0.4833229184150696,0.00023401547248125265,3.711105511877751e-09
7b6cac3c1297a7d9c87e2fd3f6bf27cd6c26a76378fc32eb0fa9b1a2bcf5c8c7,cpu,300,4.978063106536865,0.09531443111303783,1.859741210987199e-05
7b6cac3c1297a7d9c87e2fd3f6bf27cd6c26a76378fc32eb0fa9b1a2bcf5c8c7,mem,300,4.978063106536865,0.005483756594951039,-2.2793872249422077e-05
7b8a5a6b372599a41885cf8fa9d4af225edc636751f664554d69eba15c7639c0,cpu,300,1.4555599689483643,0.005618726655690964,-1.3754285938526535e-06
7b8a5a6b372599a41885cf8fa9d4af225edc636751f664554d69eba15c7639c0,mem,300,1.4555599689483643,0.00919718391193003,-3.6616126281078864e-07
7b973c9a30cb5fa6024d07de011805cd5333d0dd2b92f8c18d279502406355d1,cpu,300,1.3491361141204834,0.08606294890743282,2.758437498282594e-05
7b973c9a30cb5fa6024d07de011805cd5333d0dd2b92f8c18d279502406355d1,mem,300,1.3491361141204834,5.8943040541437064e-05,1.7747824216898278e-07
7ba0afaf9160e95fe991d1ccecb921af2d1f757869b0e098c6ce2aad652b4fbb,cpu,300,0.9555942416191101,0.8434931125277699,9.145891851825286e-05
7ba0afaf9160e95fe991d1ccecb921af2d1f757869b0e098c6ce2aad652b4fbb,mem,300,0.9555942416191101,0.0012949398402498646,-1.0172130171781235e-06
7c52fc4cbf75bb4d6b8c02e8ebf8dd3e24cd6c0998205b627489c5b7c63c9e09,cpu,300,2.2783567905426025,0.03506977161596703,1.820346497653447e-05
7c52fc4cbf75bb4d6b8c02e8ebf8dd3e24cd6c0998205b627489c5b7c63c9e09,mem,300,2.2783567905426025,0.0014389980192539564,6.08692174246531e-08
7c83af336c553e27aa516ae7bd17209f0f35a92aad143c5ffa3ddf9909881c22,cpu,300,1.9651259183883667,0.99149963712475,1.788502473957934e-05
7c83af336c553e27aa516ae7bd17209f0f35a92aad143c5ffa3ddf9909881c22,mem,300,1.9651259183883667,0.27616028706801776,1.626769839934927e-07
7ca3a5ceabba4fd9758a7d50df2ba6fce2020147c326b58bc67c9f52d32108ff,cpu,298,0.8803458213806152,0.4320823659577673,0.00022250310957257747
7ca3a5ceabba4fd9758a7d50df2ba6fce2020147c326b58bc67c9f52d32108ff,mem,298,0.8803458213806152,0.0604273390057396,6.0215381871557766e-06
7d0508345ec0970b255fb2a4de1566341ca03e610d747d2abac3685e00462951,cpu,300,0.7428786754608154,0.053285807649910755,3.406651216794322e-07
7d0508345ec0970b255fb2a4de1566341ca03e610d747d2abac3685e00462951,mem,300,0.7428786754608154,0.15950394213579633,8.238456851425535e-07
7d08143187201e17f0718aa3d2e56eb71e9c1f6292383fabaf62e1fd63230598,cpu,300,3.8378961086273193,0.6178765755795503,7.20021322500462e-06
7d08143187201e17f0718aa3d2e56eb71e9c1f6292383fabaf62e1fd63230598,mem,300,3.8378961086273193,0.4189644956472711,-1.2636867720408775e-06
7d23087eb792acb037003e30b86b836ff9e44d4df6179e78b684ce8892aa5eec,cpu,300,1.3164430856704712,0.9902789070429521,9.274590666634378e-06
7d23087eb792acb037003e30b86b836ff9e44d4df6179e78b684ce8892aa5eec,mem,300,1.3164430856704712,0.28175859916560453,1.4615735152310696e-07
7d3f27baf04337d984241d50067ef7fcec2ae1bbea5d88383a8b2669ca88a4db,cpu,300,0.2825801372528076,0.8277430303723793,5.293577271262372e-06
7d3f27baf04337d984241d50067ef7fcec2ae1bbea5d88383a8b2669ca88a4db,mem,300,0.2825801372528076,0.003932252704723194,-1.841974746437293e-07
7d4deb757746c8b81e6722c75e239aa4ce01b941116d680d24b2f30d3f3360fa,cpu,300,0.5023283958435059,0.20420905107443987,0.00010515612886760813
7d4deb757746c8b81e6722c75e239aa4ce01b941116d680d24b2f30d3f3360fa,mem,300,0.5023283958435059,0.03602974674837589,-2.130945749808423e-05
7d53863bd1aa3d9e1fe4a8b4ff37800da75b3144796adcf4582720d23ac7d298,cpu,300,0.4023280143737793,0.4514919522984172,4.1392915816355315e-06
7d53863bd1aa3d9e1fe4a8b4ff37800da75b3144796adcf4582720d23ac7d298,mem,300,0.4023280143737793,0.0036636610860777408,-2.824748419713863e-08
7d727a086fb2cc8db086f0ef67639efe9f910aed57e66eb3222c353ed607926f,cpu,300,1.3918583393096924,0.5756845747416,2.751919923753126e-05
7d727a086fb2cc8db086f0ef67639efe9f910aed57e66eb3222c353ed607926f,mem,300,1.3918583393096924,0.03865219243187967,1.7051183471805723e-06
7d909dc5abde857187dc473523e0dedcefb234faaa80e0fa7749b40acf156b50,cpu,300,0.6107995510101318,0.36781921572259657,4.230456241748663e-05
7d909dc5abde857187dc473523e0dedcefb234faaa80e0fa7749b40acf156b50,mem,300,0.6107995510101318,0.04112524970370046,6.628582717192826e-06
7e1e772aef2c1ff0e550c204e786acc9474bece35bdf87bb7937ce849dd66121,cpu,300,0.6084606051445007,0.930580049908632,1.1095582660595424e-05
7e1e772aef2c1ff0e550c204e786acc9474bece35bdf87bb7937ce849dd66121,mem,300,0.6084606051445007,0.0053489638484558455,3.6819091809309646e-08
7e24e1471ff589c465d0cfe2e0b4c55ca7e81144568fd9e8fd14cc584932581e,cpu,300,1.637338638305664,0.12329989719758738,6.946755154746494e-05
7e24e1471ff589c465d0cfe2e0b4c55ca7e81144568fd9e8fd14cc584932581e,mem,300,1.637338638305664,0.02817589165452017,-8.528001861532933e-06
7e3efe8a09f0ac60c26bf5ad5fa66a83696e4a0f608f890e8485ae7acefe2545,cpu,300,1.0595961809158325,0.9399435710886815,1.119950769263463e-05
7e3efe8a09f0ac60c26bf5ad5fa66a83696e4a0f608f890e8485ae7acefe2545,mem,300,1.0595961809158325,0.08606802998570307,2.1589084709289764e-07
7ed124b0e051013a5a211af14533737fd5cd4dc41912d86a290a11878d704490,cpu,300,1.650782823562622,0.09517114372991164,0.0005134584677428047
7ed124b0e051013a5a211af14533737fd5cd4dc41912d86a290a11878d704490,mem,300,1.650782823562622,4.7001520743217284e-06,8.114462211658277e-07
7f5d90cc7e452df955bcdac086de299b46607d79541ca2816d20c5819fe616ae,cpu,295,29.66315269470215,0.17002554927763258,0.00030968052548572053
7f5d90cc7e452df955bcdac086de299b46607d79541ca2816d20c5819fe616ae,mem,295,29.66315269470215,0.00353802299276762,-6.159199367009186e-05
7f5f0de79c4e994623c8b90b4d867414cd3951eb7553d6122667b41fe394752c,cpu,300,9.011175155639648,0.03168076734897285,2.923362332190218e-07
7f5f0de79c4e994623c8b90b4d867414cd3951eb7553d6122667b41fe394752c,mem,300,9.011175155639648,0.003718239156478953,3.986409714587522e-09
7f73f5fa425614b1d15ebefed45851160219cf0dab6e02f4ce35e3002a5adf4d,cpu,300,0.9620020985603333,0.01973733637906072,-0.00011202003480700533
7f73f5fa425614b1d15ebefed45851160219cf0dab6e02f4ce35e3002a5adf4d,mem,300,0.9620020985603333,0.005414713134214599,-5.5886188314370906e-06
7f89e36a9735e753756c21c22f9fe52ae650255eb9f7cfbc7256b5bd0b3f51b2,cpu,300,0.46327248215675354,0.022839969911311542,1.88259249273849e-05
7f89e36a9735e753756c21c22f9fe52ae650255eb9f7cfbc7256b5bd0b3f51b2,mem,300,0.46327248215675354,0.0018908518859974688,2.5885679219918193e-06
7fe8f322565fc9ded1193c87a341c97679e5445507b8d90f1b73e02c167716f5,cpu,300,1.0382390022277832,0.27754538007507246,2.65646679175876e-05
7fe8f322565fc9ded1193c87a341c97679e5445507b8d90f1b73e02c167716f5,mem,300,1.0382390022277832,0.25711140164049684,-8.59487955028187e-06
7fee40960f41adc22620c747f2a5805c4c6e11d8f53349652feb777461d3a28c,cpu,300,1.3194544315338135,0.05705447738017699,4.79467409835516e-05
7fee40960f41adc22620c747f2a5805c4c6e11d8f53349652feb777461d3a28c,mem,300,1.3194544315338135,0.0011092182976253362,-1.7614534932879955e-05
8077381982f14ad9f95b7a3260dd1ba61857fce7daf90013b301d53bbe437e37,cpu,300,0.32593491673469543,0.038598651812243534,5.1520034593501384e-05
8077381982f14ad9f95b7a3260dd1ba61857fce7daf90013b301d53bbe437e37,mem,300,0.32593491673469543,0.016803942946598927,4.108513110746468e-05
808fba1f65d933c2cd6097446ae0cec5a3415c5e94b4f84d816404204b4c79e6,cpu,300,6.561098098754883,0.005282538805915338,9.262570506467284e-05
808fba1f65d933c2cd6097446ae0cec5a3415c5e94b4f84d816404204b4c79e6,mem,300,6.561098098754883,0.004319268957613698,0.000246029955565627
80bc1bd7a1afd56d0b431d6b5e53054e1e8e57b67211731c5b0434dc558714a9,cpu,300,0.5112149715423584,0.5271739857465487,0.00011331503651925917
80bc1bd7a1afd56d0b431d6b5e53054e1e8e57b67211731c5b0434dc558714a9,mem,300,0.5112149715423584,0.25147788614676625,-6.084268619782214e-06
80c287f380cefa20014b52a3e07826de1043fad79de93a399c4eed9a266ebf8e,cpu,300,2.6324076652526855,0.4635444851421353,3.6909492452140605e-05
80c287f380cefa20014b52a3e07826de1043fad79de93a399c4eed9a266ebf8e,mem,300,2.6324076652526855,0.0008482294306118021,2.9824453576193747e-07
810556b6052783a1466e68c7300cd6ce09f01b1a5677f7855a2931337005a46e,cpu,300,1.3109978437423706,0.5048432997399814,1.4490111835896614e-05
810556b6052783a1466e68c7300cd6ce09f01b1a5677f7855a2931337005a46e,mem,300,1.3109978437423706,0.0004602557218992276,-4.680131859848547e-08
81104ebf2456207e8b5b096c7909a676386e4eb6654be0c58a704d0b7a6f2b2c,cpu,300,0.510317325592041,0.1229810474837928,8.946798694483548e-06
81104ebf2456207e8b5b096c7909a676386e4eb6654be0c58a704d0b7a6f2b2c,mem,300,0.510317325592041,0.054500533157621156,4.720369891222966e-07
8182d457578bb18d3f24346c45921fbd642cb9bbcc5d1407e476e02a35b5578b,cpu,300,0.2612389326095581,0.3273108089905781,3.714055490949331e-05
8182d457578bb18d3f24346c45921fbd642cb9bbcc5d1407e476e02a35b5578b,mem,300,0.2612389326095581,0.0030156449529867846,-8.69797022689213e-07
819643f3ac6bbb1098900efcd0acdea8880b83c2af0344bb7cc08c9b1bb35ca4,cpu,300,1.33462655544281,0.537177889656627,1.2130767204721675e-05
819643f3ac6bbb1098900efcd0acdea8880b83c2af0344bb7cc08c9b1bb35ca4,mem,300,1.33462655544281,0.1623774084882479,6.026893734129737e-06
81a9f66b357ede2b11708d8ec65953489eabeefaa552aaeae5879bfe0fe20198,cpu,300,0.30060023069381714,0.016810647348793895,1.7183211860727063e-05
81a9f66b357ede2b11708d8ec65953489eabeefaa552aaeae5879bfe0fe20198,mem,300,0.30060023069381714,0.00010369996201498033,2.493413157279409e-07
81e21431a8cfe11edf34d8ffa26e22b48c13f095419e16418004ad59c8270035,cpu,300,4.986566543579102,0.02437872930084073,0.0001950709205976077
81e21431a8cfe11edf34d8ffa26e22b48c13f095419e16418004ad59c8270035,mem,300,4.986566543579102,0.008979566651926785,1.9497962977647086e-05
81e90a12b97edb489895fe3949f9155c46de740841324c44292ec05df098c125,cpu,300,0.6905888915061951,0.2284758554757571,3.1361110270891098e-06
81e90a12b97edb489895fe3949f9155c46de740841324c44292ec05df098c125,mem,300,0.6905888915061951,0.025134083630002135,2.6181276210215072e-08
81f9bd417d0c68983c831022af5e232d8e098ebb76326c3a050bde6ce868266b,cpu,300,1.5589056015014648,0.002103601422958512,3.715907606071423e-06
81f9bd417d0c68983c831022af5e232d8e098ebb76326c3a050bde6ce868266b,mem,300,1.5589056015014648,0.006454830914121135,3.132813801425643e-06
8202a33c18c1d158af0c8324c4b65b54241d8439ebe94229e68becd61750477d,cpu,300,0.8803810477256775,0.42851573864197967,3.740641304673046e-05
8202a33c18c1d158af0c8324c4b65b54241d8439ebe94229e68becd61750477d,mem,300,0.8803810477256775,0.0021829141607440095,-8.024911012786662e-07
820d792605059d1c40fe6f34e105b99ae046197bf8f3c89241b6448b62fef99e,cpu,300,1.009122610092163,0.0953561211113888,2.860932438431409e-07
820d792605059d1c40fe6f34e105b99ae046197bf8f3c89241b6448b62fef99e,mem,300,1.009122610092163,0.022572508561632065,-2.229764516435155e-07
8229cf0afddf060bda27eb32d12db2635d74725140a5e920137a05e695008735,cpu,300,68.94032287597656,0.12370998962979673,5.578049213458448e-06
8229cf0afddf060bda27eb32d12db2635d74725140a5e920137a05e695008735,mem,300,68.94032287597656,0.005500870195348506,4.6591772030898673e-07
824f089b68aebeee85241de91e9ac5dc5e59a9326b26017a7568212aa7a5935f,cpu,300,1.4858520030975342,0.01685540617394543,5.8265860849487465e-06
824f089b68aebeee85241de91e9ac5dc5e59a9326b26017a7568212aa7a5935f,mem,300,1.4858520030975342,0.006307635222580377,-2.516485053022725e-06
82bb1207d6dc8c49da13c3e0f9c1b0992eed5a0c428c2b15b4296f9106daf988,cpu,300,1.7675832509994507,0.7700905314927738,4.917757128450563e-05
82bb1207d6dc8c49da13c3e0f9c1b0992eed5a0c428c2b15b4296f9106daf988,mem,300,1.7675832509994507,0.15423518626449695,-9.52196214458331e-06
8382f8ca896075af917acb020ce8c7dc322a09d8e8a73490c3450f69967b7a28,cpu,300,0.7684197425842285,0.9864269817314015,1.177020504969015e-06
8382f8ca896075af917acb020ce8c7dc322a09d8e8a73490c3450f69967b7a28,mem,300,0.7684197425842285,0.13365857497150357,4.6266341931438277e-08
83c59565a5b43e8a0e9a2c0faa1f007c4d5404e5239d3d5d13e17b101eff3e81,cpu,300,9.821221351623535,0.0038263304272760923,1.7148079051310668e-06
83c59565a5b43e8a0e9a2c0faa1f007c4d5404e5239d3d5d13e17b101eff3e81,mem,300,9.821221351623535,0.012150445069406213,7.774157284931029e-07
8415dc55e628ed68c5ded53ed874149ea0eed393cbb64dabc967eb6f877749c0,cpu,300,0.3736794888973236,0.011672297428935718,5.371733322219091e-05
8415dc55e628ed68c5ded53ed874149ea0eed393cbb64dabc967eb6f877749c0,mem,300,0.3736794888973236,0.0019082596156350107,4.6045020435181966e-06
8443b8a35ed10096a20a856fa10820a56f28c770b379d2ee05f5af8a1968dcd3,cpu,300,2.3811755180358887,0.9581158795861439,1.5895955006274697e-05
8443b8a35ed10096a20a856fa10820a56f28c770b379d2ee05f5af8a1968dcd3,mem,300,2.3811755180358887,0.051350522706327784,-1.0010804731009659e-07
84c39f0f7578db67ef592c81d9d0b4850caa4f68725cde0fb1253d2b254ef6ff,cpu,300,6.346841335296631,0.010749467174674066,6.402913841612178e-08
84c39f0f7578db67ef592c81d9d0b4850caa4f68725cde0fb1253d2b254ef6ff,mem,300,6.346841335296631,0.012868565821961053,1.2964446712356212e-08
84c45db94c8bd54aab711acca8b795a4914029425545759cb79f644024ca26ab,cpu,300,0.25747233629226685,0.8835102262715209,1.955049311049538e-06
84c45db94c8bd54aab711acca8b795a4914029425545759cb79f644024ca26ab,mem,300,0.25747233629226685,0.2669569481992038,3.496065639179706e-08
855c028361c11d890da0628dafefc5513c8daa5afa0876e6ef53b79ec0dbf1bb,cpu,300,0.9804394245147705,0.6596992653728714,1.6140735133611518e-05
855c028361c11d890da0628dafefc5513c8daa5afa0876e6ef53b79ec0dbf1bb,mem,300,0.9804394245147705,0.3744142111676937,8.433716182880116e-06
856af0816af9ddb8bb358a6448f19d434e20d973a34ea4e7a9aa2ed51a9c80cb,cpu,300,0.5010986924171448,0.5917470700869822,1.0227131535010067e-05
856af0816af9ddb8bb358a6448f19d434e20d973a34ea4e7a9aa2ed51a9c80cb,mem,300,0.5010986924171448,0.000721066052481012,3.190281716979781e-08
85c93ab8143889c328b79fe99f5e7477b145884a117b2be4e7165d8e1a2aa9d1,cpu,300,0.7360554337501526,0.5739519757432006,0.0003192445231539554
85c93ab8143889c328b79fe99f5e7477b145884a117b2be4e7165d8e1a2aa9d1,mem,300,0.7360554337501526,0.0009137885328350803,1.5377830268017484e-06
85fb296baeb19fc32c446b044b788186f25c6158f8f4cb1a29547143d69f2089,cpu,300,1.1131572723388672,0.48990478158085915,4.616940440708746e-06
85fb296baeb19fc32c446b044b788186f25c6158f8f4cb1a29547143d69f2089,mem,300,1.1131572723388672,0.15815055295838465,1.019318554390062e-06
8618b225490a87fe3fc2845796e7892246cdf36c0703ef15b8862b8e726122ad,cpu,300,0.5265735983848572,0.8454106381136899,5.7901030347903213e-05
8618b225490a87fe3fc2845796e7892246cdf36c0703ef15b8862b8e726122ad,mem,300,0.5265735983848572,0.00021558429122259248,3.494286142098689e-07
868136ef25a3092bba5bc4fbdd98a10e4624cec018c9c1529eedb3c01414da5a,cpu,300,2.9110212326049805,0.2103251148149925,4.065893110297601e-05
868136ef25a3092bba5bc4fbdd98a10e4624cec018c9c1529eedb3c01414da5a,mem,300,2.9110212326049805,0.028629313893225095,3.322654437607845e-06
86c35335635950b110ca1b761c2cba856a5ba473e30fa6d33713cea6838a3959,cpu,300,1.6833572387695312,0.0006195424232824376,1.9706858808422223e-06
86c35335635950b110ca1b761c2cba856a5ba473e30fa6d33713cea6838a3959,mem,300,1.6833572387695312,0.0061903070532223214,-1.0636763710551626e-05
86c5a834e7dd2e1d51ab89c84866a2527e256530a2f8732b0baa29114fdc86a9,cpu,300,2.0660674571990967,0.12476446298662902,6.389471689594923e-05
86c5a834e7dd2e1d51ab89c84866a2527e256530a2f8732b0baa29114fdc86a9,mem,300,2.0660674571990967,0.0033182293657878503,-2.245697741551966e-06
86dc2c5dab399c13b6bff545e44bf91f52f5626830259c4e6a8716f576f8caf0,cpu,300,0.6355839967727661,0.9193419382980982,4.718026941703105e-05
86dc2c5dab399c13b6bff545e44bf91f52f5626830259c4e6a8716f576f8caf0,mem,300,0.6355839967727661,0.0018745501944459342,2.398066938661105e-07
871ca998dd624b8a75130aa02d1f5602d4c4f7c9768891ab03ca60a400c4312b,cpu,300,18.037277221679688,0.12425903579032138,0.00010605611917112546
871ca998dd624b8a75130aa02d1f5602d4c4f7c9768891ab03ca60a400c4312b,mem,300,18.037277221679688,0.004614628730210679,2.813925405357065e-06
872c750989721ec04d5fe5491bce4ad0e6093a6b2057e3f58f3f4db4daf9a4d8,cpu,300,3.761350154876709,0.010070547841713573,5.910106449126465e-06
872c750989721ec04d5fe5491bce4ad0e6093a6b2057e3f58f3f4db4daf9a4d8,mem,300,3.761350154876709,0.024440951911332442,-2.3322040595248236e-06
8747317918a09d2e6326c1126eef855fb951a7e2e8dd8455425ca2af8ea03ddf,cpu,300,1.68031907081604,0.25085573888083135,4.1314090683239046e-05
8747317918a09d2e6326c1126eef855fb951a7e2e8dd8455425ca2af8ea03ddf,mem,300,1.68031907081604,0.07395035642361392,-1.23809067123575e-05
877c8d613d171d6b483acacaa2c78bb2c9ec4f02c9dd765d33b191a10ae48147,cpu,300,0.38783180713653564,0.243884755133986,7.516298350127915e-06
877c8d613d171d6b483acacaa2c78bb2c9ec4f02c9dd765d33b191a10ae48147,mem,300,0.38783180713653564,0.008114923104565963,-5.141690610868587e-07
87c5c44a5d42b77804c2b2b04df435cf3296df00e0d77a6a91fcd068dfc02466,cpu,300,2.9638824462890625,0.17120658049495585,1.315616708606973e-06
87c5c44a5d42b77804c2b2b04df435cf3296df00e0d77a6a91fcd068dfc02466,mem,300,2.9638824462890625,0.006708199610362842,9.102838428603659e-07
87f3522e7b259f45398e495f02e0afd54d9bd8f77959c6d5e178647ce4e1d9ce,cpu,300,0.3134845197200775,0.542383151817302,1.1585870782072719e-06
87f3522e7b259f45398e495f02e0afd54d9bd8f77959c6d5e178647ce4e1d9ce,mem,300,0.3134845197200775,0.0025127229372641224,1.089315354562681e-06
8828953ffd50880b71878c2afbba7bf09bbe93821cc8a9292fffa96d18953edf,cpu,300,2.0929150581359863,0.9930760703668879,0.00017300591013810974
8828953ffd50880b71878c2afbba7bf09bbe93821cc8a9292fffa96d18953edf,mem,300,2.0929150581359863,0.31071511138655805,1.012254448203133e-06
8850fbf89237243291ce2370a3a6ad2a83ffd5df576f13f458667f5b84972cd4,cpu,300,0.26766538619995117,0.9122484767159894,2.633979424816587e-06
8850fbf89237243291ce2370a3a6ad2a83ffd5df576f13f458667f5b84972cd4,mem,300,0.26766538619995117,0.05007224302500801,-5.433448004840703e-09
8870a0590c3a0eb2b2a03f98bb1abcf508c2c9fdb55d70720849b789e9805ca4,cpu,300,0.3987961411476135,0.9402351948970491,3.95594507945931e-06
8870a0590c3a0eb2b2a03f98bb1abcf508c2c9fdb55d70720849b789e9805ca4,mem,300,0.3987961411476135,0.15717310864175305,-4.1658483120411054e-08
88714911bb43c7aba982a0fc876eae066dba86e82e0d946786cae9cd42c1a2e2,cpu,300,5.8084611892700195,0.019324078210185447,3.086288236309656e-07
88714911bb43c7aba982a0fc876eae066dba86e82e0d946786cae9cd42c1a2e2,mem,300,5.8084611892700195,0.00758976396405886,-4.088716491100934e-08
887bdf210e9e9467551f0e5802aaded5e1642c521486a0def88ea2708d432657,cpu,300,21.08824348449707,0.006156865144193779,1.2706789132875063e-06
887bdf210e9e9467551f0e5802aaded5e1642c521486a0def88ea2708d432657,mem,300,21.08824348449707,0.003581406743921267,-1.1264326658203166e-07
889bd3543044c8bf18fc7f401304b17ae327975a65fce29ec0fe59b3c6318fc4,cpu,300,0.7171715497970581,0.8542466841476454,3.292262216420027e-05
889bd3543044c8bf18fc7f401304b17ae327975a65fce29ec0fe59b3c6318fc4,mem,300,0.7171715497970581,0.0457335862168462,-1.3942131887096483e-07
88c1cc4c56839b2a87b3e4b1395669f8a73d6b36007e523be25a59c23424cae6,cpu,300,0.7058483958244324,0.6047728067954419,6.413111000769719e-05
88c1cc4c56839b2a87b3e4b1395669f8a73d6b36007e523be25a59c23424cae6,mem,300,0.7058483958244324,0.1516640220617551,1.320477250504325e-06
88f9e9876bc9cd3be3dca65e4049afe04908eb904aac075631763389934ffcc8,cpu,300,0.34076374769210815,0.008568975720804617,-1.0067481484297003e-05
88f9e9876bc9cd3be3dca65e4049afe04908eb904aac075631763389934ffcc8,mem,300,0.34076374769210815,1.6452721641746493e-05,-3.020662518308016e-07
89828bf1af1e1ce8f47702f2af0ad805597722c664f2d7c0a1c9579b12eb4ad0,cpu,300,0.2863859534263611,0.10681102883557014,4.977676069767887e-07
89828bf1af1e1ce8f47702f2af0ad805597722c664f2d7c0a1c9579b12eb4ad0,mem,300,0.2863859534263611,0.01252039051104592,-7.160180057443118e-08
8985a90c20e09ef3267229f5eea049637a99ffccb90309310ee370714cce76e7,cpu,300,1.3906720876693726,0.5007949658530852,4.374377106939132e-05
8985a90c20e09ef3267229f5eea049637a99ffccb90309310ee370714cce76e7,mem,300,1.3906720876693726,0.018955521135887388,3.816939089165466e-06
89871cdf5bf2ea4efe793293bc2b0c0e966afabbb8e56adbc5c6fb3ecc9fe43b,cpu,300,5.805028438568115,0.0021228284593528546,4.678261829136634e-06
89871cdf5bf2ea4efe793293bc2b0c0e966afabbb8e56adbc5c6fb3ecc9fe43b,mem,300,5.805028438568115,5.722836433741385e-06,-1.5099899498659114e-06
89ab3956fe3640a7497e8ff49fb1a11a55cd7bd36d5f7c23a135588a6b678a6d,cpu,300,7.07035493850708,0.00487477296425276,-1.0637597332134586e-05
89ab3956fe3640a7497e8ff49fb1a11a55cd7bd36d5f7c23a135588a6b678a6d,mem,300,7.07035493850708,0.038085350771305815,-1.4698419183985087e-05
89b2848189cd01cb42de859f3d90ece67962b5c5932e88caecdb35a0734d1f9d,cpu,300,0.2702351212501526,0.8526428093611768,1.6370927523499196e-06
89b2848189cd01cb42de859f3d90ece67962b5c5932e88caecdb35a0734d1f9d,mem,300,0.2702351212501526,0.19625155079729606,6.167578149224531e-08
8a330ad12bf3fb9432bbc83dac3d542bbf1b288529c75fd9ef2064dfa8a9ef16,cpu,300,0.6765837669372559,0.9591059808977757,2.7764651393291046e-05
8a330ad12bf3fb9432bbc83dac3d542bbf1b288529c75fd9ef2064dfa8a9ef16,mem,300,0.6765837669372559,0.026024078388417693,1.6530825574975946e-07
8ad30f5da75a1283a18802c6079dba60096cee5b9a038393342739399b61abb4,cpu,300,1.3633863925933838,0.676445221830251,5.2363104913659344e-05
8ad30f5da75a1283a18802c6079dba60096cee5b9a038393342739399b61abb4,mem,300,1.3633863925933838,0.548001028378029,-4.861814805361849e-06
8af29b6aaa4f473b30a1ae2197b5f210331d21810c3491fcfee23a8cf7412ce2,cpu,300,2.196341037750244,0.12218252080830838,6.945590411340126e-05
8af29b6aaa4f473b30a1ae2197b5f210331d21810c3491fcfee23a8cf7412ce2,mem,300,2.196341037750244,0.0038170018423403507,8.22209701142262e-06
8b2b06c839abcf8a5297b6fe67907fb1b3d56b3e9c5a763350f373ba2fcfd8b4,cpu,300,1.1154422760009766,0.4395880591894824,0.00012579125792603916
8b2b06c839abcf8a5297b6fe67907fb1b3d56b3e9c5a763350f373ba2fcfd8b4,mem,300,1.1154422760009766,0.2678227090505849,0.00026339011920960964
8b3bd9830e557440ac0c088ec525fbfcb89ebe609e3dc0591274e2d336fa143d,cpu,300,0.9927954077720642,0.5469966895667224,2.382094865548451e-05
8b3bd9830e557440ac0c088ec525fbfcb89ebe609e3dc0591274e2d336fa143d,mem,300,0.9927954077720642,0.0004893378570609563,1.7706154405070862e-07
8bd5284b06327f04a79dc95f97e53fe6edc558a2fb763ea25ed6d25407ca1e59,cpu,300,0.9713104963302612,0.4594502203533041,4.918817389945159e-05
8bd5284b06327f04a79dc95f97e53fe6edc558a2fb763ea25ed6d25407ca1e59,mem,300,0.9713104963302612,0.005176851819135853,8.758115083319225e-07
8c683957b141b09c886927cab109a3d5f57e2990eac79586c3c7a37c31f3a041,cpu,300,0.7059696912765503,0.6170853052659291,5.188267188901304e-06
8c683957b141b09c886927cab109a3d5f57e2990eac79586c3c7a37c31f3a041,mem,300,0.7059696912765503,0.4401953096287019,3.643879407178472e-06
8c70f564c11c4223260ba02a7d4923b60e55eaf85aec58ea62464313ae21f6be,cpu,300,0.31364262104034424,0.9064563647580777,1.4147349623246846e-06
8c70f564c11c4223260ba02a7d4923b60e55eaf85aec58ea62464313ae21f6be,mem,300,0.31364262104034424,0.14258111597281098,-3.265738588824559e-08
8c8429fe18bf3e3e6789a35dba2bc1e8a33222276a261a715ca0fc1f93eafc67,cpu,300,0.6301097869873047,0.37649359486432676,5.288931193547143e-05
8c8429fe18bf3e3e6789a35dba2bc1e8a33222276a261a715ca0fc1f93eafc67,mem,300,0.6301097869873047,0.18160893474484663,-1.871357937831646e-05
8ca2865ffd758cda9104100aa8a7d8cd23357d17d54621b35fdaa28f77cc68cb,cpu,300,0.24211013317108154,0.8729368330994767,3.84275066614425e-06
8ca2865ffd758cda9104100aa8a7d8cd23357d17d54621b35fdaa28f77cc68cb,mem,300,0.24211013317108154,0.3482227531503286,1.0500535478225762e-08
8cf4245297a98f6085ccde5acdce8462e900a8acb25492b7f658fa5ca20a07ed,cpu,300,0.48907092213630676,0.7199926351093129,1.0568646021165209e-05
8cf4245297a98f6085ccde5acdce8462e900a8acb25492b7f658fa5ca20a07ed,mem,300,0.48907092213630676,0.0003004527189154338,2.0515149140923667e-08
8d12e0173f85e2711266aaa534a998997b52265e2c1c280fea7d6eca546c4bea,cpu,300,1.3970948457717896,5.614798167374868e-05,7.323596302760324e-07
8d12e0173f85e2711266aaa534a998997b52265e2c1c280fea7d6eca546c4bea,mem,300,1.3970948457717896,0.0039471572272227196,-3.98037151519938e-06
8d2a077f7efd4d96ab602f2c845be5ddca7b6d542025e4314a7ad004989ab818,cpu,300,0.9032943248748779,0.608820957085896,7.466642010611322e-05
8d2a077f7efd4d96ab602f2c845be5ddca7b6d542025e4314a7ad004989ab818,mem,300,0.9032943248748779,0.06178681499200933,7.455980488740195e-06
8d89e3540a04a34e6b1a314841b46aa4c1c4cb0fc4818a82515cd98ad8ef7f4f,cpu,300,0.24649888277053833,0.036027052727546804,0.07608064106768632
8d89e3540a04a34e6b1a314841b46aa4c1c4cb0fc4818a82515cd98ad8ef7f4f,mem,300,0.24649888277053833,0.0018880071127787001,-0.0034359753597816398
8dbac9a2d574fb57a4715af002f3e679b963af122b32f6ba21abfcb016855652,cpu,300,1.1737004518508911,0.4441827424843885,0.00011521569449894677
8dbac9a2d574fb57a4715af002f3e679b963af122b32f6ba21abfcb016855652,mem,300,1.1737004518508911,0.0006808111640822512,1.4266213832437953e-05
8ddd4272e266357eb5f865b20d017db0588d6a2de6f5f021c62375fbe1503600,cpu,300,6.20721960067749,0.36908801735603414,8.007209796555527e-05
8ddd4272e266357eb5f865b20d017db0588d6a2de6f5f021c62375fbe1503600,mem,300,6.20721960067749,4.994329552143739e-05,3.775461898111982e-08
8e0c180ac6ac8dde938ba415457711200c59d5d7389d3ae579dbcef1172e9931,cpu,300,0.5825980305671692,0.8584893200306578,3.4921720175065274e-05
8e0c180ac6ac8dde938ba415457711200c59d5d7389d3ae579dbcef1172e9931,mem,300,0.5825980305671692,0.0031901914910642537,7.093512043319386e-08
8ed54c1ba631288384712bb55c08a62ab80cc6a09b2661fcc514b28185414c2d,cpu,300,1.1527098417282104,0.30035065969345254,1.993940465039447e-05
8ed54c1ba631288384712bb55c08a62ab80cc6a09b2661fcc514b28185414c2d,mem,300,1.1527098417282104,0.000977467976864821,-5.780852238940773e-07
8ed578e018720da30b3d5055916d2f7d25c2e55016d5ba11396664148e5c1507,cpu,300,1.7160383462905884,0.09316483673859,2.368264314460462e-06
8ed578e018720da30b3d5055916d2f7d25c2e55016d5ba11396664148e5c1507,mem,300,1.7160383462905884,0.1382165820211365,1.3454686594323313e-06
8f57f7027e76d6dc4dcaf460f8d99f9b0b518f8b2b98f9d42b8a77f77e813bbb,cpu,300,10.565176010131836,0.05659624267733232,0.00014109929727187863
8f57f7027e76d6dc4dcaf460f8d99f9b0b518f8b2b98f9d42b8a77f77e813bbb,mem,300,10.565176010131836,0.0032789485256121687,-2.8912850504638885e-05
8f58710e20c880a75fdc0acfbc4aec72ebedc771131b6452d04938b7d7788057,cpu,271,0.5230571031570435,0.893042662629939,0.001341593049174761
8f58710e20c880a75fdc0acfbc4aec72ebedc771131b6452d04938b7d7788057,mem,271,0.5230571031570435,0.2838605622105925,0.00044259337616938944
8f6c3d1bb05052fe8e7f96f03bebab067279c8c5f449f3267869bae30e3195d1,cpu,300,0.7151022553443909,0.1379410996096907,0.011845573562288663
8f6c3d1bb05052fe8e7f96f03bebab067279c8c5f449f3267869bae30e3195d1,mem,300,0.7151022553443909,0.0055207345031836885,0.0006132204089731986
8fdab85a89e67bf555615a6897b3fdfb2d5de5416ce63dc92e446215746a851a,cpu,300,1.2152130603790283,0.9129007994577387,-0.0007186948500160462
8fdab85a89e67bf555615a6897b3fdfb2d5de5416ce63dc92e446215746a851a,mem,300,1.2152130603790283,0.0005375587776419444,4.675662475436963e-06
8fdc3da3cc6b5fe58781140a6dc13538fc976455d21f8ebf96e9e67b9e53221b,cpu,300,0.753969132900238,0.41186380154551905,-3.6420585461969344e-05
8fdc3da3cc6b5fe58781140a6dc13538fc976455d21f8ebf96e9e67b9e53221b,mem,300,0.753969132900238,0.002768678954141235,-2.515108336338332e-07
900211ea032e2764bc8aa0d24413cb90f3e4060df7e8f3ac40044ec83a13c0d4,cpu,300,1.0965219736099243,0.5987769247885997,4.1563238028370795e-06
900211ea032e2764bc8aa0d24413cb90f3e4060df7e8f3ac40044ec83a13c0d4,mem,300,1.0965219736099243,8.85266921790695e-06,-2.503741285209632e-10
90411ee36258ebde1beff2a2f8e247ffd5eabf0dd5bfd4c82fea9a925772e563,cpu,300,0.9324987530708313,0.5565488960988982,2.3902937309951553e-05
90411ee36258ebde1beff2a2f8e247ffd5eabf0dd5bfd4c82fea9a925772e563,mem,300,0.9324987530708313,0.0015239324172016122,-2.440938814776856e-07
904df07378800893ad8ea3ed6411b954132d87d030cceab0775406746c8d7bee,cpu,300,0.5177952647209167,0.63340760799274,3.487285333040297e-05
904df07378800893ad8ea3ed6411b954132d87d030cceab0775406746c8d7bee,mem,300,0.5177952647209167,0.0036607536950732378,-1.6069215884363273e-07
906851a3b0bbfecb348804f8de2e93dc393c4764a3d22e9fa1cfa7de6025dd98,cpu,300,0.32441017031669617,0.961109701267705,2.175534491716135e-05
906851a3b0bbfecb348804f8de2e93dc393c4764a3d22e9fa1cfa7de6025dd98,mem,300,0.32441017031669617,0.45659895660338445,6.303238490583491e-07
90a3879b8f5f76fe4b744762acd10d5c610530f968cf2ed17477dc187e22c038,cpu,300,1.832209587097168,0.0006613282687494282,-5.385190060040481e-06
90a3879b8f5f76fe4b744762acd10d5c610530f968cf2ed17477dc187e22c038,mem,300,1.832209587097168,0.0017681355458476489,5.594300099791903e-06
90df8cf6be7f337375340bba4c9cdbde0a1ddc400705383e911b67f02b793f18,cpu,300,2.965102195739746,0.10495939123328779,2.219786512784521e-06
90df8cf6be7f337375340bba4c9cdbde0a1ddc400705383e911b67f02b793f18,mem,300,2.965102195739746,0.008130696675546223,2.9175120619237975e-07
90e075b4bae687a6e4849c6e69f1234680e6a3c6d8f7e49422b7349e38012487,cpu,300,39.8346061706543,0.0019815513903230775,6.300214262790128e-07
90e075b4bae687a6e4849c6e69f1234680e6a3c6d8f7e49422b7349e38012487,mem,300,39.8346061706543,0.0021123837621441766,-2.0289660085103187e-07
911a1e4180ccbb45773f8558618b3929213bd50de1ebffd40cd41265d4e00ed7,cpu,300,1.143168568611145,0.2293190862981339,0.0004945161948561604
911a1e4180ccbb45773f8558618b3929213bd50de1ebffd40cd41265d4e00ed7,mem,300,1.143168568611145,0.237671285827036,-6.742829847115334e-05
9124facfc2dce94601222fc2c9192c4233e0dc7a52f9ef7f28713c5af6d50085,cpu,300,0.600938081741333,0.8627389937531799,3.6056437354543377e-06
9124facfc2dce94601222fc2c9192c4233e0dc7a52f9ef7f28713c5af6d50085,mem,300,0.600938081741333,0.005981109280965624,-4.613647423745275e-08
91794c6c76372cffc8c1b96796df4790b0f04b3ac8d340a44637d5f24e46e6ad,cpu,300,0.469091534614563,0.9375297453083258,5.460281237375231e-06
91794c6c76372cffc8c1b96796df4790b0f04b3ac8d340a44637d5f24e46e6ad,mem,300,0.469091534614563,0.005430989964376742,6.574215430885072e-09
918aa930a3258dcba8035fe86b550ca566e269cde60def77382a99238ef468c9,cpu,300,0.982903778553009,0.6737271160320333,4.9567866480840676e-06
918aa930a3258dcba8035fe86b550ca566e269cde60def77382a99238ef468c9,mem,300,0.982903778553009,0.05350688383873403,1.5192098177088605e-07
92816f173844da5c97c46c469bc4fa2bebf1f1fc983a97e5baee3972a5b287fe,cpu,300,1.3046692609786987,0.12209081701884716,-1.019492503604062e-05
92816f173844da5c97c46c469bc4fa2bebf1f1fc983a97e5baee3972a5b287fe,mem,300,1.3046692609786987,0.14115435663738451,1.5555744774903336e-06
92ce0f3afc75baf4c8f22adbbf045b7ea6d5404e044a0a6e95e3f222d7ac51c4,cpu,299,1.0544451475143433,0.5850444663273296,4.7199535870308413e-07
92ce0f3afc75baf4c8f22adbbf045b7ea6d5404e044a0a6e95e3f222d7ac51c4,mem,299,1.0544451475143433,0.19706791396428824,-3.722487453515914e-08
92ebde426caa646bee57acbaa08dd4044e3fb72c6fd94a06af7214517ad3bd13,cpu,300,6.449625492095947,0.016263503067145857,1.2859386030454808e-05
92ebde426caa646bee57acbaa08dd4044e3fb72c6fd94a06af7214517ad3bd13,mem,300,6.449625492095947,3.23906206608493e-05,7.087888977896828e-08
92fad6eaac2366307e1bca1e59c8d81b270f31117dbfbe1da6f57bcebe9edd52,cpu,300,0.85160231590271,0.29714048383160707,0.00020885798153336536
92fad6eaac2366307e1bca1e59c8d81b270f31117dbfbe1da6f57bcebe9edd52,mem,300,0.85160231590271,0.011477798757785984,1.312741442744478e-06
93002d43042065592e282b13cb2f89a6fe261616a6fa2a1c00b4a85a71e204f1,cpu,300,1.232007384300232,0.43764201747133413,4.015412429239547e-06
93002d43042065592e282b13cb2f89a6fe261616a6fa2a1c00b4a85a71e204f1,mem,300,1.232007384300232,0.0784191461955106,3.177491773872208e-08
931756058560ddf3d08e2ca2ec64e953f0bb288e2a0a71771baff62b9c93f876,cpu,299,0.42324045300483704,0.6446368386486945,1.125475045169041e-05
931756058560ddf3d08e2ca2ec64e953f0bb288e2a0a71771baff62b9c93f876,mem,299,0.42324045300483704,0.006447793124345513,-7.445692017885642e-08
939c9d2485b8e592a378eeaa8422b26f419150b9d37d92c521e4424ced4eab8c,cpu,300,1.7970515489578247,0.26457350896828036,1.996342783920571e-05
939c9d2485b8e592a378eeaa8422b26f419150b9d37d92c521e4424ced4eab8c,mem,300,1.7970515489578247,0.09784724366220887,-7.723358611432506e-06
93ac06814a33d480a834a67469e34570291a9e1150d1f9c5daccfa7cc136ffb8,cpu,300,6.534703731536865,0.07239916268003943,8.795024932669061e-06
93ac06814a33d480a834a67469e34570291a9e1150d1f9c5daccfa7cc136ffb8,mem,300,6.534703731536865,0.0013947118460598817,-3.685190133943909e-07
93b2179545dcf31409c2596ace8bc80f5782827e653cf2bad59a6efe23331c59,cpu,300,2.786337375640869,0.4954894420868865,3.3685222318505944e-05
93b2179545dcf31409c2596ace8bc80f5782827e653cf2bad59a6efe23331c59,mem,300,2.786337375640869,0.003518239029041692,1.1739008882870119e-07
93cc7420939277999e7b8be2401036ef4c92dcea6a46c1e0c62e94adf0f1f1f2,cpu,300,0.4766747057437897,0.48032948546509624,5.246073358692039e-05
93cc7420939277999e7b8be2401036ef4c92dcea6a46c1e0c62e94adf0f1f1f2,mem,300,0.4766747057437897,0.0008601958752155747,-8.302839430279311e-07
93e6910a042be5b4020c9ea10e2a5754e354d464aa94f8528d3fd8eaffaff6f2,cpu,300,7.699829578399658,0.1686514963324508,0.00026231376162862016
93e6910a042be5b4020c9ea10e2a5754e354d464aa94f8528d3fd8eaffaff6f2,mem,300,7.699829578399658,0.016684107924464953,-9.81683356096351e-05
93f9fc4fcdba3500ce8b9ebe983b7b87bfa9863e20813d6dbc783a8f6711e925,cpu,300,4.049208164215088,0.27870692773639494,1.3612907032096127e-05
93f9fc4fcdba3500ce8b9ebe983b7b87bfa9863e20813d6dbc783a8f6711e925,mem,300,4.049208164215088,8.306510987055038e-05,-1.9108378309742597e-07
941b6d9604222d82d9f1ccb3c069a4fed3750069313b7d5172147f0c7843ee34,cpu,300,1.3106509447097778,0.9756037225040691,0.00010728998779234288
941b6d9604222d82d9f1ccb3c069a4fed3750069313b7d5172147f0c7843ee34,mem,300,1.3106509447097778,0.0027604475741329626,3.86171267792096e-07
943b415fcc7b5be137dd9846d79eea53638575373d801513790097b6fa172dbe,cpu,300,72.04310607910156,0.008066655811320045,2.5194391883584787e-07
943b415fcc7b5be137dd9846d79eea53638575373d801513790097b6fa172dbe,mem,300,72.04310607910156,0.0001413426038580079,-5.058145417287221e-08
944df25c5acb0211a3ed6908a24894de60fb6b5bb4fe412ccd6315fa9067caa5,cpu,300,0.6890991926193237,0.1363878898851686,-0.0020170902013399725
944df25c5acb0211a3ed6908a24894de60fb6b5bb4fe412ccd6315fa9067caa5,mem,300,0.6890991926193237,0.0005464193801154593,-1.8996782047212737e-05
946d60272d04e1a56c4e427d6c36777f279c52cf2b6d321ac12d1831ad9b063c,cpu,300,1.1761897802352905,0.21082890799690834,-7.771623886227347e-05
946d60272d04e1a56c4e427d6c36777f279c52cf2b6d321ac12d1831ad9b063c,mem,300,1.1761897802352905,0.0036465983579371253,-2.294665066110247e-06
94c3ccfb00f5b4333e81b08e3bd94b5b4154676dbffb9a6f54e51813804ecf3c,cpu,300,0.5613266825675964,0.07081200601196713,0.0018617412543751376
94c3ccfb00f5b4333e81b08e3bd94b5b4154676dbffb9a6f54e51813804ecf3c,mem,300,0.5613266825675964,3.420817222821171e-06,-4.548797790710763e-06
94c9b7a7033fc0c4373b176e4942c7b16d02929c90922916f7769a8dad259b93,cpu,300,1.3969464302062988,0.3220372183687975,0.0004525727824320055
94c9b7a7033fc0c4373b176e4942c7b16d02929c90922916f7769a8dad259b93,mem,300,1.3969464302062988,0.00031542047793742256,-3.6494819486202802e-06
94dce029795f9357501c763b763bf951c8290ad1744ec10872cc8a280b2b989e,cpu,300,1.3674432039260864,0.9647563392432212,2.0583883351032323e-06
94dce029795f9357501c763b763bf951c8290ad1744ec10872cc8a280b2b989e,mem,300,1.3674432039260864,0.021667143381508547,2.3426329385179868e-08
94f171ca24dac8ee91dc9da6fbbc0583e2e264ce04bab49d7da7cebeae15bd20,cpu,300,7.016896724700928,0.0003495384150223879,-1.8777134366023364e-07
94f171ca24dac8ee91dc9da6fbbc0583e2e264ce04bab49d7da7cebeae15bd20,mem,300,7.016896724700928,0.00021159667800441095,-3.8711568446432114e-08
95a6f7f8345e2eca31ee74ddc19d547e7fc0f5c8e65772d7b08a68eb5214dc44,cpu,300,0.149222731590271,0.7246441204338355,3.217224686287192e-06
95a6f7f8345e2eca31ee74ddc19d547e7fc0f5c8e65772d7b08a68eb5214dc44,mem,300,0.149222731590271,0.4596318135059744,1.1408548671742506e-07
95b112c26c4bb6936ac5932b6b9746f429f6f523ad6c3266d37a632cbdc753da,cpu,300,0.3266519010066986,0.8716150969377773,3.690464945933767e-07
95b112c26c4bb6936ac5932b6b9746f429f6f523ad6c3266d37a632cbdc753da,mem,300,0.3266519010066986,0.35259817511910385,-7.179691152186636e-09
96009e8c5c0c4d45466b23f7ad9ba38c92ed823677af0f225a7e1a8cf242dbf9,cpu,300,2.8819384574890137,0.0004945267051836844,-1.4002726322634121e-05
96009e8c5c0c4d45466b23f7ad9ba38c92ed823677af0f225a7e1a8cf242dbf9,mem,300,2.8819384574890137,9.951924869888717e-05,2.0278349443066602e-06
9642032d5327a00ebd76493f4f08b04a00e958fdad322e606d9e175e99bdfd09,cpu,300,4.184436321258545,0.13475807287520902,1.243580487858469e-06
9642032d5327a00ebd76493f4f08b04a00e958fdad322e606d9e175e99bdfd09,mem,300,4.184436321258545,0.003126691771852319,-1.7106536688420638e-08
96533676a21ecb89cf177d4be429cb1b081c082f8ea371c430fea9053284bb71,cpu,299,3.3846139907836914,0.05763933692818446,0.00033924154545183973
96533676a21ecb89cf177d4be429cb1b081c082f8ea371c430fea9053284bb71,mem,299,3.3846139907836914,0.0007426584098282341,-3.841466176886144e-06
9668e8f021c8e12fc37f5c9ec0df844acd935a0d84c9807e9b149ba282f745b7,cpu,300,0.4668775200843811,0.8435790188830263,1.7637206397151293e-05
9668e8f021c8e12fc37f5c9ec0df844acd935a0d84c9807e9b149ba282f745b7,mem,300,0.4668775200843811,0.008827801298248672,-3.5206000329621277e-07
96deff0e8d81eb1b97835544d3471ff71b43ede2c80d2aa5d78f3506f6ab72da,cpu,300,17.472238540649414,0.0042061480391194506,-8.624349572728077e-08
96deff0e8d81eb1b97835544d3471ff71b43ede2c80d2aa5d78f3506f6ab72da,mem,300,17.472238540649414,0.00013082412831522117,1.2119238243509577e-08
974913ca2c578543b38ab14cc4e39f9061bff8b535ce16ec8a7d663e9ca18742,cpu,300,0.6753743290901184,0.13645033278023067,6.872211238868761e-05
974913ca2c578543b38ab14cc4e39f9061bff8b535ce16ec8a7d663e9ca18742,mem,300,0.6753743290901184,0.0026047796208394924,5.090862376423161e-07
976eca8153c2a70a1cc0ff9a7ed13d608bb28e0a4c88fabd58ebce3f8b901268,cpu,300,0.8996180295944214,0.04058441353251674,0.0007807366928151496
976eca8153c2a70a1cc0ff9a7ed13d608bb28e0a4c88fabd58ebce3f8b901268,mem,300,0.8996180295944214,0.008691139263906855,0.0008897733994326616
977e5b2f903e41189ecb3947c893ff4573461e89d969809e8e506b953766998c,cpu,300,1.5314769744873047,0.4004964307091107,0.00021654603669938024
977e5b2f903e41189ecb3947c893ff4573461e89d969809e8e506b953766998c,mem,300,1.5314769744873047,0.011146747328200535,3.2323865659421184e-06
97b3d445939348a313346e78c4672597e13fdbd877eca5388c5e30da13927233,cpu,300,5.749922275543213,0.1699643810768039,0.0001656005751410946
97b3d445939348a313346e78c4672597e13fdbd877eca5388c5e30da13927233,mem,300,5.749922275543213,0.002398718559770918,3.510345651289027e-06
9834584690d0d9733f92e731af337cd42dec67c0d987fce05903ced52a8f09e1,cpu,300,0.5273352861404419,0.7876338849910612,2.5059989995824168e-05
9834584690d0d9733f92e731af337cd42dec67c0d987fce05903ced52a8f09e1,mem,300,0.5273352861404419,0.007528511147285033,1.0105177482807378e-07
9855396e8b703a93c92bbac04ff76d075a3ad65d93aafa80865de1f28d6ab3c6,cpu,300,0.9338524341583252,0.05473101026838778,4.472840981417773e-06
9855396e8b703a93c92bbac04ff76d075a3ad65d93aafa80865de1f28d6ab3c6,mem,300,0.9338524341583252,0.008444456846899762,1.323477729057759e-06
985956349b2c808bfb21c4027cbf75650f120d3c910e80477d14a8242eafb62e,cpu,300,0.35791638493537903,0.5630461541990133,0.00010923206019083195
985956349b2c808bfb21c4027cbf75650f120d3c910e80477d14a8242eafb62e,mem,300,0.35791638493537903,0.022347032830319802,-3.51825056194626e-06
988bf4752aa2528101392cc5ef18dda5b265a340437f2f2e0e84c1c7f93b0018,cpu,300,0.7838009595870972,0.28413004044431955,2.227304309192123e-05
988bf4752aa2528101392cc5ef18dda5b265a340437f2f2e0e84c1c7f93b0018,mem,300,0.7838009595870972,0.0001609208307218335,-2.980822114028855e-08
9896bc5e7e7abf5854841d3861af961ceee47efc4b5b835d7067d19f8075b099,cpu,300,2.9650917053222656,0.018950673335078716,0.00022102619271381442
9896bc5e7e7abf5854841d3861af961ceee47efc4b5b835d7067d19f8075b099,mem,300,2.9650917053222656,0.1332342365118553,-0.001813100945608807
996e05da5f2310f1345fae59f73b4c5cffcc28f8d8749b0afc89fcc58d47b71d,cpu,300,8.108770370483398,0.03066837822918078,1.1649900646434344e-06
996e05da5f2310f1345fae59f73b4c5cffcc28f8d8749b0afc89fcc58d47b71d,mem,300,8.108770370483398,0.0007338585928737817,-1.2459761961854907e-08
99f2e7b501f50db9b4089242a5d3e1aba334c32e0c718b8d79281529a9489b15,cpu,300,0.8810359835624695,0.9750213432428984,2.7934672338578835e-06
99f2e7b501f50db9b4089242a5d3e1aba334c32e0c718b8d79281529a9489b15,mem,300,0.8810359835624695,0.827475558337369,1.702012302735946e-08
99f56cfedc39972425c9447491e317a65d24a5f6587f885e3b8a5d784e0e92e7,cpu,300,1.1551467180252075,0.903856216269581,0.00048366398486565095
99f56cfedc39972425c9447491e317a65d24a5f6587f885e3b8a5d784e0e92e7,mem,300,1.1551467180252075,0.019455396837334993,1.525630781659507e-06
99fc10e29380689ff3bd9c31861a59fd8b56393575fe9b754f144c3551151227,cpu,300,0.9117019176483154,0.0033586355912241794,-9.098864646251273e-05
99fc10e29380689ff3bd9c31861a59fd8b56393575fe9b754f144c3551151227,mem,300,0.9117019176483154,0.0012359325707707036,-2.484987549516615e-05
9a0f0dd3e278f678cfa3f874a7c74af8206de653ec0396688b4f18562f41d87f,cpu,300,0.42837709188461304,0.7218094778788762,3.588886623506978e-06
9a0f0dd3e278f678cfa3f874a7c74af8206de653ec0396688b4f18562f41d87f,mem,300,0.42837709188461304,0.0002307502216120083,4.944587956510057e-09
9a3ef4d24dd4e7fb8baaa9e30aea1395caa50f583630f69047c8e20f2e8d9554,cpu,300,0.9379556775093079,0.11047517139177132,9.417175123020305e-07
9a3ef4d24dd4e7fb8baaa9e30aea1395caa50f583630f69047c8e20f2e8d9554,mem,300,0.9379556775093079,0.05653113819634081,-4.118663271709257e-07
9aba13549a688c9f601e06a925e6f1e51404370cd02c0e8d61d225e51cd3d11c,cpu,300,1.0912185907363892,0.02717218321615733,0.001453136144209163
9aba13549a688c9f601e06a925e6f1e51404370cd02c0e8d61d225e51cd3d11c,mem,300,1.0912185907363892,0.011424555061519515,0.00010501756502487109
9abea9ad3767f81b8a253f19d53d738df8744116c91f2564f0b10fb6de3b7b53,cpu,300,1.9266201257705688,0.11886110608228118,1.8739059065125176e-06
9abea9ad3767f81b8a253f19d53d738df8744116c91f2564f0b10fb6de3b7b53,mem,300,1.9266201257705688,0.12976922556202053,-2.9662180946839314e-07
9b79de85679a15e17ed274a68b78e1fee5d94d78d82d81fd891f2ea0ba1ebb82,cpu,300,1.1628310680389404,0.0957774554116625,4.269479637384323e-06
9b79de85679a15e17ed274a68b78e1fee5d94d78d82d81fd891f2ea0ba1ebb82,mem,300,1.1628310680389404,0.003147612545896683,6.575061286230125e-07
9bd0d1941acb95ca1e9c97dfb8a4a43d71dd098a762c3bc0c37386be76ce2afe,cpu,299,0.886703372001648,0.9597848300924944,6.236070679226648e-05
9bd0d1941acb95ca1e9c97dfb8a4a43d71dd098a762c3bc0c37386be76ce2afe,mem,299,0.886703372001648,0.0009956240513838699,6.479863914163578e-07
9c5a60d5b8b67b6e4860979bc485e60c0314d218a1f8bc0541a1c09942b6f8c2,cpu,300,1.4040415287017822,0.408468337796708,2.3306275347896082e-06
9c5a60d5b8b67b6e4860979bc485e60c0314d218a1f8bc0541a1c09942b6f8c2,mem,300,1.4040415287017822,0.2937105328912938,-7.15585951986713e-07
9c5d5b53dd8259e6d1c464d65de4c782a3d3ebeb0b4ed33ead0d49c0956f9aa7,cpu,300,1.6647181510925293,0.07790453555793009,0.00011466580976376726
9c5d5b53dd8259e6d1c464d65de4c782a3d3ebeb0b4ed33ead0d49c0956f9aa7,mem,300,1.6647181510925293,0.41221646786050703,-0.00040226498218242333
9c60d021c2c928d3be379d009249af2320273c1b3920b02c1a726587f101ed47,cpu,300,2.3065783977508545,0.6186955629685227,1.918062207374929e-05
9c60d021c2c928d3be379d009249af2320273c1b3920b02c1a726587f101ed47,mem,300,2.3065783977508545,0.11371757238095781,3.522340874163638e-07
9c7ca3c320409e3fa4d1aa51056d07066097f68a9d96bede07d64406fc559562,cpu,300,0.33060353994369507,0.5503878218677026,3.967404870001009e-05
9c7ca3c320409e3fa4d1aa51056d07066097f68a9d96bede07d64406fc559562,mem,300,0.33060353994369507,0.27461960791864004,-3.611589744305165e-05
9c80eacc0b50eff694ef357fa01cb4eb111d4197840824f2a7b1a3d95ff4e1ea,cpu,300,0.43000030517578125,0.06239587429001481,3.7049471113501026e-06
9c80eacc0b50eff694ef357fa01cb4eb111d4197840824f2a7b1a3d95ff4e1ea,mem,300,0.43000030517578125,0.011793109793450496,1.6419654705884337e-07
9cdad8935d7f774496ff09a22dd5075f34c0bbcea4bb491e2ce39a14cbe4f559,cpu,300,1.4036306142807007,0.883146558171876,1.0217170925790188e-05
9cdad8935d7f774496ff09a22dd5075f34c0bbcea4bb491e2ce39a14cbe4f559,mem,300,1.4036306142807007,0.0005733662116251814,5.1731741679022556e-08
9d67b7482722bf75616474395c5b6a0497fd392ece1eb4b18f4063849aaf24d0,cpu,300,9.579536437988281,0.013564945090295932,0.00011281793608647369
9d67b7482722bf75616474395c5b6a0497fd392ece1eb4b18f4063849aaf24d0,mem,300,9.579536437988281,0.007152382753524589,4.616032083757981e-05
9dcc66c9b7f941cf4cf84bbf02e666e012cec5c589d9baa348d7c109780a3405,cpu,300,3.3447868824005127,0.00787939453983788,-1.5171666088759859e-05
9dcc66c9b7f941cf4cf84bbf02e666e012cec5c589d9baa348d7c109780a3405,mem,300,3.3447868824005127,0.0002075105699049784,2.698165387181691e-07
9de1eb7f992db16e6eb86b446148193fb23030031dd0706cf0f8fb68b3dfffeb,cpu,300,0.9465919137001038,0.025383846960117307,6.1966103077197225e-06
9de1eb7f992db16e6eb86b446148193fb23030031dd0706cf0f8fb68b3dfffeb,mem,300,0.9465919137001038,0.00017832830375974495,3.2369446866958734e-07
9df0f9cb8a0696944f8b98503ad8a61295f16da85b20f757a3c1e6fc0c30725f,cpu,300,22.344511032104492,0.0012354576056413658,1.6781857931893147e-06
9df0f9cb8a0696944f8b98503ad8a61295f16da85b20f757a3c1e6fc0c30725f,mem,300,22.344511032104492,3.665411519981898e-05,-4.582649103819113e-08
9e0514e43bed85f1f5ce41d3326c4aa6cf6984590cb4514aeeda36f3ce509eaf,cpu,300,2.44958233833313,0.04412476883217864,1.668413932423861e-05
9e0514e43bed85f1f5ce41d3326c4aa6cf6984590cb4514aeeda36f3ce509eaf,mem,300,2.44958233833313,0.017901096957948726,1.421689606731877e-07
9e365a75fea1a8b67440fda7e3ce24164b498ac070a13ba201e16511962dc54e,cpu,299,2.639937162399292,0.00015942599467433372,5.3821933676535465e-05
9e365a75fea1a8b67440fda7e3ce24164b498ac070a13ba201e16511962dc54e,mem,299,2.639937162399292,0.029099297770011523,0.00038101651756974317
9e3e179af3f5bd2830d9991e049cc8ae60ee7f396718d91613f839ec4606d281,cpu,300,0.7296422719955444,0.9431306706027609,2.200225770216745e-05
9e3e179af3f5bd2830d9991e049cc8ae60ee7f396718d91613f839ec4606d281,mem,300,0.7296422719955444,0.6198756654350204,9.617453128359267e-07
9e4ca54e9f85d46e0fe6b55b3bb761ce291d14257376fbb0c44837a47a85b655,cpu,300,0.3652476370334625,0.015173897293124017,1.0595277688232497e-05
9e4ca54e9f85d46e0fe6b55b3bb761ce291d14257376fbb0c44837a47a85b655,mem,300,0.3652476370334625,0.000554494352290158,4.572746548952177e-07
9ecc5e8f6d6b9ed4ff8a7eef5281eff38285cd1edea5b2c8cea80f13d8275eb0,cpu,300,0.3662871718406677,0.30639084365782787,1.5089877498148933e-05
9ecc5e8f6d6b9ed4ff8a7eef5281eff38285cd1edea5b2c8cea80f13d8275eb0,mem,300,0.3662871718406677,0.0012713205403246386,-1.2424929298333968e-06
9ef624336961028fd37c216ec201135172fb45f4466fefd46bafa016f6ed5894,cpu,300,1.0583574771881104,0.009524127172521601,0.00014629057883811365
9ef624336961028fd37c216ec201135172fb45f4466fefd46bafa016f6ed5894,mem,300,1.0583574771881104,0.023538747891262757,0.0001462934374716935
9ef8a197ee7f0e29d6f0ad24fc95c315e1a7bd63e10273d4c5271c0bb1255587,cpu,300,2.1076197624206543,0.8452505249876255,2.7195061986743696e-05
9ef8a197ee7f0e29d6f0ad24fc95c315e1a7bd63e10273d4c5271c0bb1255587,mem,300,2.1076197624206543,0.010548665606598728,7.765285328185345e-08
9f311ea6f261ae9e5656e6980979ab80102273326e3e4390461d2eed3b2a711f,cpu,300,4.7788214683532715,0.019762756166014306,6.031491544696285e-07
9f311ea6f261ae9e5656e6980979ab80102273326e3e4390461d2eed3b2a711f,mem,300,4.7788214683532715,0.00031315293727529614,1.3870079271893147e-08
9ffca37e87db8609aa54ef630a4dd204f02581731d323f5a6ae71855b636e2a2,cpu,300,17.450740814208984,0.018034852968134563,1.53652552571486e-08
9ffca37e87db8609aa54ef630a4dd204f02581731d323f5a6ae71855b636e2a2,mem,300,17.450740814208984,6.598004870872476e-05,-4.5440096642444416e-10
a02426f289a5396ce87d0ab1ff795b40d57b266e1571513ea1fe9ef6eab8c772,cpu,300,1.0100154876708984,0.6224118114087868,-1.7470199835367808e-06
a02426f289a5396ce87d0ab1ff795b40d57b266e1571513ea1fe9ef6eab8c772,mem,300,1.0100154876708984,0.005321046103629934,1.5664975895380572e-08
a02c2aced33f58e359ac7fa37034f70915f0edd73737310479dd40183fa8c1f1,cpu,300,0.6550784707069397,0.41525223682521695,2.3429472326320097e-05
a02c2aced33f58e359ac7fa37034f70915f0edd73737310479dd40183fa8c1f1,mem,300,0.6550784707069397,0.020831899532394282,-1.6181840912264261e-06
a0862f9cef156c59b17e4d3ecfb3dba4dfcfbc4eb1113bac684fbe0c2e464716,cpu,300,0.9937946200370789,0.636561873010678,1.935618609845107e-05
a0862f9cef156c59b17e4d3ecfb3dba4dfcfbc4eb1113bac684fbe0c2e464716,mem,300,0.9937946200370789,0.3590463156325431,1.706749759621853e-06
a098c22586f6fe92476fb97361ee036a31d2c5da7db1b6f278ae453de1ca0223,cpu,300,0.9247009754180908,0.34201358113458113,3.6313157083259032e-06
a098c22586f6fe92476fb97361ee036a31d2c5da7db1b6f278ae453de1ca0223,mem,300,0.9247009754180908,0.0721067251254629,1.4077534349209714e-05
a0ae512b96236bf8c9253aad228547fa108c418a9260a2722a4f2ae2316d0213,cpu,300,183.74505615234375,0.0018601494744270308,1.565005496565918e-06
a0ae512b96236bf8c9253aad228547fa108c418a9260a2722a4f2ae2316d0213,mem,300,183.74505615234375,0.00958691089725594,1.1085097426629441e-06
a0d7719a4c4ec5a0a1192f95ad126b82a74d2d798cf9402d7af55c7e1fa5efad,cpu,300,4.153653621673584,0.004005231377492979,4.217050859554243e-06
a0d7719a4c4ec5a0a1192f95ad126b82a74d2d798cf9402d7af55c7e1fa5efad,mem,300,4.153653621673584,1.171548686307311e-05,1.0100356240619592e-07
a111b0b42fe1afc6550d285cad1c24fc518e926fb7fde8aabb7fbd2980c9ff84,cpu,300,1.1057902574539185,0.023116123428632562,5.198094795268591e-07
a111b0b42fe1afc6550d285cad1c24fc518e926fb7fde8aabb7fbd2980c9ff84,mem,300,1.1057902574539185,0.03428838775172072,1.1747333969248836e-08
a146941ebd069667fa769b779b6e414ddf3976d208aabfca081fb747e469610d,cpu,300,2.2581889629364014,0.9844922964648702,3.1389263350770745e-06
a146941ebd069667fa769b779b6e414ddf3976d208aabfca081fb747e469610d,mem,300,2.2581889629364014,0.7185278113706652,3.069416003575216e-08
a1a5e82bd53b30de411247f73e49727d0c84cdcc11365fd79c7bc9d0a42070ed,cpu,300,0.10458412766456604,0.06503769957024463,0.0003065806917406722
a1a5e82bd53b30de411247f73e49727d0c84cdcc11365fd79c7bc9d0a42070ed,mem,300,0.10458412766456604,3.4397994892132466e-05,4.6744638365937256e-07
a1d66b165866ffbf52779971fb41589af54722af79e662ba962fc7e4664a5ae0,cpu,300,7.779508113861084,0.01112034784878102,1.8532652873293604e-06
a1d66b165866ffbf52779971fb41589af54722af79e662ba962fc7e4664a5ae0,mem,300,7.779508113861084,0.0007914294393980281,1.7883995821699087e-07
a1e86e4d8e89da93f40ea4d0ff844517f4e6643363f4e0e2575d265febb42c1f,cpu,300,2.1846892833709717,0.0632586672370492,3.312033659986639e-05
a1e86e4d8e89da93f40ea4d0ff844517f4e6643363f4e0e2575d265febb42c1f,mem,300,2.1846892833709717,0.0010593797004782024,-2.642019547886207e-07
a1f1dc727b5cdb0c62df0cc1c88659e111febaf49be2687f0c4e812bd1d738c5,cpu,300,1.3114283084869385,0.003869326033849485,-7.617693478592266e-07
a1f1dc727b5cdb0c62df0cc1c88659e111febaf49be2687f0c4e812bd1d738c5,mem,300,1.3114283084869385,0.0006478546966023346,9.383357323013058e-08
a1f6325cc5117a34b5125c3504e7b5fe1c4065e2d3042623cbf716e25c7da96a,cpu,300,1.6300017833709717,0.6355589756128521,1.999738523102944e-05
a1f6325cc5117a34b5125c3504e7b5fe1c4065e2d3042623cbf716e25c7da96a,mem,300,1.6300017833709717,8.12928055771156e-06,2.257845100003561e-09
a2104fd9f2d542fa4e309c7daadcd34ecb40b35f95a83acd6c78455dfd364b14,cpu,300,0.3109060823917389,0.2653807117303344,6.8109326662353015e-06
a2104fd9f2d542fa4e309c7daadcd34ecb40b35f95a83acd6c78455dfd364b14,mem,300,0.3109060823917389,0.0001722917696371784,9.892127463463149e-08
a230dfaad706a24cf84d7db70dc211867f15ee75df661137e420ef51e1d17263,cpu,300,0.1454480141401291,0.1255820852404287,0.0003936633311418628
a230dfaad706a24cf84d7db70dc211867f15ee75df661137e420ef51e1d17263,mem,300,0.1454480141401291,0.0023204403440428845,-3.353592235162832e-05
a236141b113c4c5b6da7c75c83e8c841d5f26d2a5665b88190bc61a8bc392ff3,cpu,300,0.5623098015785217,0.5058101880117263,1.2791827651685829e-05
a236141b113c4c5b6da7c75c83e8c841d5f26d2a5665b88190bc61a8bc392ff3,mem,300,0.5623098015785217,0.007637457669685821,1.5983272933954312e-06
a25db459a097f3b6aa173c3ed5dcd8377f2d342c591d6b5a1cf76cc51f99a489,cpu,300,0.49336713552474976,0.7235704339963707,1.624349900093236e-06
a25db459a097f3b6aa173c3ed5dcd8377f2d342c591d6b5a1cf76cc51f99a489,mem,300,0.49336713552474976,0.0817129095194945,-3.8640302721232915e-08
a2724c7771e150396d16f435c26254890792d1eae36dbbced7b68eae1941aa91,cpu,300,5.333706855773926,0.10717572646021778,0.0004283776146969125
a2724c7771e150396d16f435c26254890792d1eae36dbbced7b68eae1941aa91,mem,300,5.333706855773926,0.0047604742704613345,-8.759610033509618e-06
a2b5de7109d90a337522f6a0876d33b52eca1cc72f49225bcb90459279af9f4b,cpu,300,0.6483656167984009,0.3585965844389881,0.0016293843864382054
a2b5de7109d90a337522f6a0876d33b52eca1cc72f49225bcb90459279af9f4b,mem,300,0.6483656167984009,0.026384397392831715,-0.0002080685763574494
a304e23061bb870c916d28fbc4424993aa91ebb69ef7393c2abba311e1810f06,cpu,300,2.2109618186950684,0.5236789814237843,9.366573904576268e-05
a304e23061bb870c916d28fbc4424993aa91ebb69ef7393c2abba311e1810f06,mem,300,2.2109618186950684,0.24152971634032216,5.35329560606504e-06
a37895a8230a8cd0434d66b3c83701e8de6c29add9922c035b44e655647a483e,cpu,300,0.7937008738517761,0.7647075446282486,1.3983823967675307e-05
a37895a8230a8cd0434d66b3c83701e8de6c29add9922c035b44e655647a483e,mem,300,0.7937008738517761,0.6602982414749183,6.82599080944979e-06
a3c9437f81a11254ad6b41e4d3e976095f3662fa35c539f223b99d288604a906,cpu,300,2.4626212120056152,0.6026180176549809,6.84980449108016e-05
a3c9437f81a11254ad6b41e4d3e976095f3662fa35c539f223b99d288604a906,mem,300,2.4626212120056152,0.00013251379014089792,1.397402051209077e-07
a3ce9ec62a91194a960785ba1376d70e9b7198d6a984ad5151e049ccefd455bf,cpu,300,1.1666325330734253,0.7740982602122537,3.6276935486345055e-05
a3ce9ec62a91194a960785ba1376d70e9b7198d6a984ad5151e049ccefd455bf,mem,300,1.1666325330734253,0.471733027681722,-5.5089647778711985e-06
a4053bea67ea21ca58020648db93cecd4d446cfc3125499b5c6667d8b4fb7318,cpu,300,0.29670098423957825,0.47561996206057544,8.226329408646808e-05
a4053bea67ea21ca58020648db93cecd4d446cfc3125499b5c6667d8b4fb7318,mem,300,0.29670098423957825,0.008425026191224982,1.0329484559430995e-05
a419984eef645dc38e7f9b9984dfa769f8de6a6eb1bb26a7a88d503f205a9b2f,cpu,300,0.9640471339225769,0.3589829126736467,0.00037273685863978224
a419984eef645dc38e7f9b9984dfa769f8de6a6eb1bb26a7a88d503f205a9b2f,mem,300,0.9640471339225769,0.03715297774828852,-4.581857512737716e-05
a47b1e9cc6e290ee05e15da756a7806104e1e96577b13d4b38884f88eb43e7cc,cpu,300,10.400668144226074,0.2944291763107214,7.759351446187739e-06
a47b1e9cc6e290ee05e15da756a7806104e1e96577b13d4b38884f88eb43e7cc,mem,300,10.400668144226074,0.018822414290798894,-6.883082499482894e-06
a499765ef7294335d7a0280bb5dd98c671e58409d953f612dccbfab55fe980c5,cpu,300,1.1623475551605225,0.775676010685971,1.7525826480204085e-06
a499765ef7294335d7a0280bb5dd98c671e58409d953f612dccbfab55fe980c5,mem,300,1.1623475551605225,0.27656828009879064,1.979694138895692e-07
a4aa9550af7377c46e450cf82cebf3c0f7e08cdfa78aa7eba2c3178e1b657712,cpu,300,0.3511545658111572,0.8658975454474427,0.0001512082667657722
a4aa9550af7377c46e450cf82cebf3c0f7e08cdfa78aa7eba2c3178e1b657712,mem,300,0.3511545658111572,0.7101874003423752,-4.235960633950679e-05
a4ac8f615d6e15712926dcecc959bf3721c0001f138bc7c99e00f46f022320e5,cpu,299,9.677587509155273,0.007077601524859256,2.913751904918548e-06
a4ac8f615d6e15712926dcecc959bf3721c0001f138bc7c99e00f46f022320e5,mem,299,9.677587509155273,4.7320023059183036e-05,-1.4372557196284554e-07
a4e4889c88474d777f3545211ce7dd65e9d2c4bc91296296513864fd7c676550,cpu,300,1.7799533605575562,0.2865524732597753,-5.898160474241208e-05
a4e4889c88474d777f3545211ce7dd65e9d2c4bc91296296513864fd7c676550,mem,300,1.7799533605575562,0.0007410055966381446,1.314010981799237e-07
a50b33e4d3c7fb9855dced70b5b180afa83a1bdf1738784e40fc74a4f15d78b5,cpu,300,1.335481882095337,0.7711328101200876,7.772685645748549e-06
a50b33e4d3c7fb9855dced70b5b180afa83a1bdf1738784e40fc74a4f15d78b5,mem,300,1.335481882095337,0.004533305389802789,2.3605909711704547e-07
a56e3bdb4ba76c09ac6d4c2956470495ef50c5cd95f7ddee6080a04a4a35210f,cpu,300,2.1469316482543945,0.37886805163047543,7.570592644359016e-06
a56e3bdb4ba76c09ac6d4c2956470495ef50c5cd95f7ddee6080a04a4a35210f,mem,300,2.1469316482543945,0.0038360320189398944,3.018286063802694e-07
a59a3623a2f99ada4356af8c0e511873fa9dd260d49bdb86ca19ea32b61ab124,cpu,300,4.021219730377197,0.013354086519624886,8.057967761245718e-05
a59a3623a2f99ada4356af8c0e511873fa9dd260d49bdb86ca19ea32b61ab124,mem,300,4.021219730377197,0.023081975079308537,3.692564654871241e-06
a5addd5ba8c0c62f0a78fa07f8cc7ca6af5fc3af9bf907a734d24a2b4cb5f438,cpu,300,1.9822001457214355,0.6008871859243632,0.00011409138464743775
a5addd5ba8c0c62f0a78fa07f8cc7ca6af5fc3af9bf907a734d24a2b4cb5f438,mem,300,1.9822001457214355,0.0035626000989498197,2.672722386624169e-07
a5cb4c5ddf4a5658ac6128fe5b256579d2fdb22d2958468ace7163cdc70c2490,cpu,300,1.7374988794326782,0.6630736637517166,0.0004252375760511927
a5cb4c5ddf4a5658ac6128fe5b256579d2fdb22d2958468ace7163cdc70c2490,mem,300,1.7374988794326782,5.660605770663185e-05,-6.996418869186998e-07
a61b25df74c276ce01ad72f0cc627681718122d4f3f751c7df48c98d5d62fa5e,cpu,300,0.3341315686702728,0.496879880611813,1.979866774974137e-05
a61b25df74c276ce01ad72f0cc627681718122d4f3f751c7df48c98d5d62fa5e,mem,300,0.3341315686702728,0.29025716825228587,8.69849573919232e-07
a679ff806ef46f41a166c4ce746dacac87bd1d8a37aab5539e84ecbdd328669f,cpu,300,1.5668593645095825,0.439908454898274,4.131901748758209e-05
a679ff806ef46f41a166c4ce746dacac87bd1d8a37aab5539e84ecbdd328669f,mem,300,1.5668593645095825,0.007456879092103685,6.002082554503022e-07
a6d8a5ef09041b735f0a4484ac68be6679990fbb216d464030ef4399583cd93c,cpu,300,21.480146408081055,0.06822865274279655,4.125879566215518e-05
a6d8a5ef09041b735f0a4484ac68be6679990fbb216d464030ef4399583cd93c,mem,300,21.480146408081055,1.510429086692966e-06,1.2600246964989593e-08
a705a0a47ebd57460258a7fe818f67cf4e0898fdd9bdde946697594c415d4079,cpu,300,1.2195279598236084,0.8995688028232622,6.833191641933721e-06
a705a0a47ebd57460258a7fe818f67cf4e0898fdd9bdde946697594c415d4079,mem,300,1.2195279598236084,0.0035004413772874443,-1.535633097312713e-08
a7136c0d459b6e0ce968ce5171ed5f543b9ffbcfdca362a282599ecda85582be,cpu,300,2.0196120738983154,0.2875072608373268,2.0459735388433733e-05
a7136c0d459b6e0ce968ce5171ed5f543b9ffbcfdca362a282599ecda85582be,mem,300,2.0196120738983154,0.037857772449715776,-9.098994474170716e-07
a717c9bab522eeb8ddeb994498f5236797dd7b2b013df98f54fc9c23b888cb81,cpu,300,0.5718369483947754,0.6423181725311014,4.663418560664112e-05
a717c9bab522eeb8ddeb994498f5236797dd7b2b013df98f54fc9c23b888cb81,mem,300,0.5718369483947754,0.4451296685744347,2.901697735808566e-06
a72b198ffd0c48db90ecc639aa6cb01edd23b1fc6b519a8c998b645b85d8b7bc,cpu,300,0.6744283437728882,0.3495972148494507,2.6452738061456972e-06
a72b198ffd0c48db90ecc639aa6cb01edd23b1fc6b519a8c998b645b85d8b7bc,mem,300,0.6744283437728882,0.0989011375748925,2.2753389575731373e-07
a74d76089eeb18804741e58f51a2140ce3d97b688ff8a3b9566f211712eb3075,cpu,300,0.48762956261634827,0.747226897196097,1.770337466987573e-05
a74d76089eeb18804741e58f51a2140ce3d97b688ff8a3b9566f211712eb3075,mem,300,0.48762956261634827,0.018303433497873223,1.0009095156671097e-06
a76e7792338e076154f750a65d315acd2795650548392f4ec033a97133b2ab25,cpu,300,0.49700769782066345,0.06931764679642383,-2.751083666628074e-06
a76e7792338e076154f750a65d315acd2795650548392f4ec033a97133b2ab25,mem,300,0.49700769782066345,0.29398500837281616,3.3308711415253707e-07
a76ee8271f08305f2e84becc09b43107eea199b30d446a6782fcbf76d5fd7127,cpu,300,1.1308114528656006,0.019599453774481024,1.4873971983795154e-05
a76ee8271f08305f2e84becc09b43107eea199b30d446a6782fcbf76d5fd7127,mem,300,1.1308114528656006,0.0017495967666342205,-1.7779368651634034e-06
a7b47e1150afbc523b43766e0d44342d5232778cba9be114e2b91f02264644fb,cpu,300,2.7851622104644775,0.00016784466900165995,0.0002695399689017066
a7b47e1150afbc523b43766e0d44342d5232778cba9be114e2b91f02264644fb,mem,300,2.7851622104644775,0.00034412470657563254,-3.680457501162939e-05
a80b0ee82fe5a9b57ef27b69b3311764ad7f4144a57ab0f7e2b944f413b4e7a4,cpu,300,1.313015103340149,0.7251539963233016,0.0001014174178915892
a80b0ee82fe5a9b57ef27b69b3311764ad7f4144a57ab0f7e2b944f413b4e7a4,mem,300,1.313015103340149,0.08502798497771247,3.2832152975210338e-06
a8241967fd45d376be739a2ceaccdc8eca6b6b025f9003564d727fffef141c8d,cpu,300,25.7811279296875,0.026653199659544602,1.5407604588104803e-05
a8241967fd45d376be739a2ceaccdc8eca6b6b025f9003564d727fffef141c8d,mem,300,25.7811279296875,0.0024165187459856963,-8.35303863523982e-07
a828cf949747f47b182e8269b324b8948f97330f6104f9d893e40a52dd62b26d,cpu,300,0.20287607610225677,0.815971794739021,3.2567543809375195e-07
a828cf949747f47b182e8269b324b8948f97330f6104f9d893e40a52dd62b26d,mem,300,0.20287607610225677,0.42450999477977736,2.134042303240845e-08
a86bcd9360c8bc9843b59186ba1d8ecf2dd4b5457ed8225e30ca7c47c5555bc2,cpu,300,2.4896461963653564,0.2612464330307618,3.73902723624616e-06
a86bcd9360c8bc9843b59186ba1d8ecf2dd4b5457ed8225e30ca7c47c5555bc2,mem,300,2.4896461963653564,0.025105572546650246,1.36279054411519e-07
a890543e5fabd617a04e51dfebdc3461293002cd8fba4c5fb2560f9defa17898,cpu,300,10.023837089538574,0.3549783238812706,9.905021509194749e-07
a890543e5fabd617a04e51dfebdc3461293002cd8fba4c5fb2560f9defa17898,mem,300,10.023837089538574,0.058581812633350716,2.225115341030956e-08
a8b4c7233f8f076d56728994566faca98a79ae226e2602b685327f4102e774fd,cpu,300,0.3767681121826172,0.30730671017434263,2.8413377042874655e-05
a8b4c7233f8f076d56728994566faca98a79ae226e2602b685327f4102e774fd,mem,300,0.3767681121826172,0.002593928559136316,3.757554005514995e-07
a8cb12a887369a8289783a11f8213bdbbf46aa863329c642398206903fb95733,cpu,300,9.506357192993164,0.0003904430475304421,-5.448378901624569e-07
a8cb12a887369a8289783a11f8213bdbbf46aa863329c642398206903fb95733,mem,300,9.506357192993164,0.00221998360686515,5.523091049805258e-08
a8d32e7bf3ca010f3960f8c0e12f1dbd4ec6f373ae70be440554d66536943a05,cpu,300,0.17547279596328735,0.8369942034544626,1.3859198919568826e-05
a8d32e7bf3ca010f3960f8c0e12f1dbd4ec6f373ae70be440554d66536943a05,mem,300,0.17547279596328735,0.001963782185306906,-1.990526828174461e-07
a8d80521e7de009a2d96fb39604466290ea1a5e5ca3650a5e6aaddc8cf576c55,cpu,300,3.4570178985595703,0.018632493590036714,2.295102993648257e-06
a8d80521e7de009a2d96fb39604466290ea1a5e5ca3650a5e6aaddc8cf576c55,mem,300,3.4570178985595703,0.00297427264695993,-2.931042890681863e-07
a8e72f7a9b6188b25a130b386821ac5740c763386e9b8b72addcaf38218ded85,cpu,300,4.193100929260254,0.4147559510280966,4.0495849827235375e-05
a8e72f7a9b6188b25a130b386821ac5740c763386e9b8b72addcaf38218ded85,mem,300,4.193100929260254,0.0014456672768831114,-3.0265374234424334e-07
a9202d50ff71949c6c9e9d62832d6c1f76b53af1ff258a26ea2de806c14c2d78,cpu,300,1.5507867336273193,0.6284621404202384,4.901860534011554e-05
a9202d50ff71949c6c9e9d62832d6c1f76b53af1ff258a26ea2de806c14c2d78,mem,300,1.5507867336273193,0.023828786890446207,-8.424900633917267e-06
a95e6db6ea2a51fa58a0a287c022730de377c9838d0c4c6e40a6e0536b2d1778,cpu,300,1.022940993309021,0.024148020837698514,0.00048382133958086484
a95e6db6ea2a51fa58a0a287c022730de377c9838d0c4c6e40a6e0536b2d1778,mem,300,1.022940993309021,0.010175234225168861,-3.275471278827015e-05
a965c6e142b98d8b1f3a777de78bf39c616b1f5b60d9875da2085e51f97c9c43,cpu,300,0.47629404067993164,0.4987285266132786,0.00012665382211058974
a965c6e142b98d8b1f3a777de78bf39c616b1f5b60d9875da2085e51f97c9c43,mem,300,0.47629404067993164,0.16991178626371362,-1.5503578191152932e-05
a99b769b77fa9f6d3a13ac378f539237c1bc8adfdd1d37519bdd24ceaa5bacd5,cpu,300,0.6236474514007568,0.1979584923009271,0.02895983281384857
a99b769b77fa9f6d3a13ac378f539237c1bc8adfdd1d37519bdd24ceaa5bacd5,mem,300,0.6236474514007568,0.019821946248425037,0.001277328592041402
a9b4c14d35fe57da819293a68d49dba4cc0e8c2c4290acfe6f0da261638f1b11,cpu,300,1.1572903394699097,0.35468028694622233,1.78253715655811e-06
a9b4c14d35fe57da819293a68d49dba4cc0e8c2c4290acfe6f0da261638f1b11,mem,300,1.1572903394699097,0.03491360896265838,4.9592929913191825e-08
a9bca512bdab23f61082871fb52879f5bec93ae016d171b7cb9bc4f02dfe2637,cpu,300,3.9521310329437256,0.0011315366434558882,1.955750212295125e-05
a9bca512bdab23f61082871fb52879f5bec93ae016d171b7cb9bc4f02dfe2637,mem,300,3.9521310329437256,0.0011747522429361723,1.4260358550861383e-06
a9cd30c90ea19c56f4cd480ff0c31461a7934c0500c447435bcfeca09d44cb7c,cpu,300,0.9272340536117554,0.7137873789982857,2.363504229851573e-05
a9cd30c90ea19c56f4cd480ff0c31461a7934c0500c447435bcfeca09d44cb7c,mem,300,0.9272340536117554,0.20508270360261605,2.1643028221920162e-07
aa1ca664b4dcbd0d7274545b732996fa2c5beb6d2e6fb4d6b09b6eeefa8c0d7c,cpu,300,0.6810646057128906,0.39246305502225654,4.587442101172862e-06
aa1ca664b4dcbd0d7274545b732996fa2c5beb6d2e6fb4d6b09b6eeefa8c0d7c,mem,300,0.6810646057128906,0.008316632371304533,1.2587882300868754e-08
aa42d395e6b2ab2146c4f60800b1463b0b4eec59147ff583052172e947b3dc53,cpu,300,0.4673990309238434,0.5679633489383059,1.7880427445396913e-05
aa42d395e6b2ab2146c4f60800b1463b0b4eec59147ff583052172e947b3dc53,mem,300,0.4673990309238434,0.48350308498793526,-6.5393527821039585e-06
aa82a58b97e8554df1616d9ab9f05812a8e66b529f3a3d7df2be57389c566f34,cpu,300,4.932077884674072,2.250249501867252e-05,7.299622798639596e-08
aa82a58b97e8554df1616d9ab9f05812a8e66b529f3a3d7df2be57389c566f34,mem,300,4.932077884674072,0.0006414349592308577,-3.25934418859089e-07
aa92297aa231c7569672878fa77d58298868ecea6a7a736959a194184694f3e9,cpu,221,32.592369079589844,0.00029776010985549384,-6.37436513307939e-07
aa92297aa231c7569672878fa77d58298868ecea6a7a736959a194184694f3e9,mem,221,32.592369079589844,0.0020955739940268225,-5.968569391514673e-07
aaee6905e5adc1daa773f911138fc18d48b45274694f183a2dd2f1c85194a7c3,cpu,300,0.7796918153762817,0.6981387576218355,4.581126964814035e-06
aaee6905e5adc1daa773f911138fc18d48b45274694f183a2dd2f1c85194a7c3,mem,300,0.7796918153762817,0.0005506573989288999,-1.3309725077148288e-08
ab4b94f3f138cfe34d37c3169da4b288311631f71724408601be86732711f410,cpu,300,0.6439921259880066,0.5095755789939345,0.0004828871992766787
ab4b94f3f138cfe34d37c3169da4b288311631f71724408601be86732711f410,mem,300,0.6439921259880066,0.4089916577159102,-4.668226678081528e-05
ab58c9d5adeca4f3d1f138efe0f8760f4b6dab532e9f3ed5a0fab47bb88f4593,cpu,300,0.3795040249824524,0.016277758162691613,7.442276778267162e-06
ab58c9d5adeca4f3d1f138efe0f8760f4b6dab532e9f3ed5a0fab47bb88f4593,mem,300,0.3795040249824524,0.012052982374124666,-2.3041233366062118e-06
aba21e7a2286e23834132cdadcbeb7ffd9fabfb71d75a57fb5ce3d6673ee9f78,cpu,300,2.4503777027130127,0.05166286102030182,3.14590794653372e-06
aba21e7a2286e23834132cdadcbeb7ffd9fabfb71d75a57fb5ce3d6673ee9f78,mem,300,2.4503777027130127,0.00799490670860692,3.68809850953943e-07
ac335c5efef430651a8b99ea2f2392890962853f3ec950d790543a660d525de1,cpu,300,0.5648512840270996,0.3849802227603969,4.372071509472842e-05
ac335c5efef430651a8b99ea2f2392890962853f3ec950d790543a660d525de1,mem,300,0.5648512840270996,3.7364666342076802e-06,-5.092701737813666e-08
ac4eacdb2298a587b38ba9d967a0b8eaec04d19a9fea6eed7ad603f6adf6a042,cpu,300,0.27976667881011963,0.5113139271265128,2.2446867351542617e-05
ac4eacdb2298a587b38ba9d967a0b8eaec04d19a9fea6eed7ad603f6adf6a042,mem,300,0.27976667881011963,0.025993007736182516,-4.3413851613332226e-07
ac9e6d1b042c85c535bde6989807e35e90f7c3dcf84d714ef682ceeae818f8ef,cpu,300,1.836609125137329,0.3615793971162726,2.137011074546048e-06
ac9e6d1b042c85c535bde6989807e35e90f7c3dcf84d714ef682ceeae818f8ef,mem,300,1.836609125137329,0.023154051924422436,6.810606993533525e-08
ad6da213e4148c214b148bc27d2d36fd364aaa5231a89b145fa54cf038a91877,cpu,300,0.529766857624054,0.8167058114314527,0.00013736641308590314
ad6da213e4148c214b148bc27d2d36fd364aaa5231a89b145fa54cf038a91877,mem,300,0.529766857624054,0.014270569888857443,2.776097232933695e-06
ad99fdec4e74b83b51ca1a3fe2cd440a83f564b8542a3aa6005652b18b6ad4db,cpu,300,3.0014729499816895,0.027009640025893455,1.1824310381542075e-05
ad99fdec4e74b83b51ca1a3fe2cd440a83f564b8542a3aa6005652b18b6ad4db,mem,300,3.0014729499816895,0.0020768154294232843,-1.5222759013861447e-06
ada16a814d720316b5ac876296211b26197683cb81f0b7f86875a4d6f7ff8383,cpu,300,0.763513445854187,0.45443915362238707,0.00036692948711584484
ada16a814d720316b5ac876296211b26197683cb81f0b7f86875a4d6f7ff8383,mem,300,0.763513445854187,0.0017669611800191776,7.681072248876249e-07
adc1fdeea203800c5e558bb461636d1c8ab761a70cf01fcda921798096edd78c,cpu,300,0.6297732591629028,0.3421206364649979,1.7493045581615336e-05
adc1fdeea203800c5e558bb461636d1c8ab761a70cf01fcda921798096edd78c,mem,300,0.6297732591629028,0.036459851786306285,-5.745024420648371e-07
ae3bf5000fde9da9d1c495e03eb55aab31c1f0c6bbcc8f5755b78216b5176eeb,cpu,300,0.7707324624061584,0.49424677299335473,1.1779192656402613e-05
ae3bf5000fde9da9d1c495e03eb55aab31c1f0c6bbcc8f5755b78216b5176eeb,mem,300,0.7707324624061584,0.006772121405425047,-1.1723660595492505e-06
ae6785f88701edda2c24b3e1eb051980ac23db1f2a9556b6fd919110cca03658,cpu,300,2.048598289489746,0.5213074931722559,7.558396895397626e-07
ae6785f88701edda2c24b3e1eb051980ac23db1f2a9556b6fd919110cca03658,mem,300,2.048598289489746,0.06116951804995285,2.3317060865800206e-07
aec101bd896fe3986f0b0c24d494cf70093d3de404fbe19612f0d7bfd304be61,cpu,300,1.7580825090408325,0.564562209079007,6.26291709499595e-05
aec101bd896fe3986f0b0c24d494cf70093d3de404fbe19612f0d7bfd304be61,mem,300,1.7580825090408325,0.1534221703854194,-2.189305739704116e-05
af00b6c9a391f51fb192972f11f778e60d0fbfc2b2e305c7023d1cb80d956687,cpu,300,0.7218856811523438,0.2706791249504048,0.0007228636076613224
af00b6c9a391f51fb192972f11f778e60d0fbfc2b2e305c7023d1cb80d956687,mem,300,0.7218856811523438,0.02929258978215188,4.4619427346953466e-05
af42b5e3e0eb334d38619733586d78d1414f6549f24d31b39a5294454638bc59,cpu,300,0.45779499411582947,0.23553083338414393,3.147389431581296e-05
af42b5e3e0eb334d38619733586d78d1414f6549f24d31b39a5294454638bc59,mem,300,0.45779499411582947,0.009227463759428844,-0.00013886047427382365
af433c9744977e9ca65e94fe8125717d4451a2df831bfbf365d39bfce8107d6b,cpu,300,0.3423602283000946,0.6555209903014818,2.8415644179089528e-06
af433c9744977e9ca65e94fe8125717d4451a2df831bfbf365d39bfce8107d6b,mem,300,0.3423602283000946,0.272150870485251,2.564036756644673e-07
af4666e61bd4ab2450e8dba47bd2a11398c8b1e1f1e116a54f311d9afc84ea43,cpu,300,0.8652520775794983,3.594376682547473e-05,-1.4883024460422346e-07
af4666e61bd4ab2450e8dba47bd2a11398c8b1e1f1e116a54f311d9afc84ea43,mem,300,0.8652520775794983,0.0045649131240683705,-1.0681788275177114e-06
af4bc6d7211a9c25009c5d917212ef252c19d8b494290493f18be958e1e6e504,cpu,300,1.2068010568618774,0.8730310578984642,8.166135235371017e-06
af4bc6d7211a9c25009c5d917212ef252c19d8b494290493f18be958e1e6e504,mem,300,1.2068010568618774,0.0021572878043024657,-2.9194470673804824e-08
af5d63e40f2bc053c32d2b51ba6ca28739e93661fd816b61e1d2e90736c9643f,cpu,300,0.46429741382598877,0.41678193201645863,2.7301851268051457e-06
af5d63e40f2bc053c32d2b51ba6ca28739e93661fd816b61e1d2e90736c9643f,mem,300,0.46429741382598877,0.16588156534559562,-3.709667737254572e-08
afd45c934f07a26cb051f0dcaba4934fed1612f9c8a02dcee53bdc5e40363745,cpu,300,0.5485274195671082,0.3553843795569359,0.0008399652175807992
afd45c934f07a26cb051f0dcaba4934fed1612f9c8a02dcee53bdc5e40363745,mem,300,0.5485274195671082,0.00458976790987109,2.8456094803060794e-05
afd9b5752cb8900b45ddc723bffa719b7c3e948a5e5a86b2f8eea53ee69d8e28,cpu,300,0.2998181879520416,0.22113044351491762,6.383132190229027e-05
afd9b5752cb8900b45ddc723bffa719b7c3e948a5e5a86b2f8eea53ee69d8e28,mem,300,0.2998181879520416,0.11809786218897556,-4.841183616473332e-05
aff53de2f0a79a4fdfd7c1d525714baee686e7fab47b2ce81de27cdf5f552a72,cpu,234,2.7035434246063232,0.024206190500862035,0.00019752328991841326
aff53de2f0a79a4fdfd7c1d525714baee686e7fab47b2ce81de27cdf5f552a72,mem,234,2.7035434246063232,0.00026064946326920246,-1.0915230768907342e-05
b00cd3b1d9c52064b4baaf5fda10c8ec2c501e29757f88ce8e8870fb31d5db80,cpu,300,1.9430063962936401,0.3085838167667827,0.0002587384445790808
b00cd3b1d9c52064b4baaf5fda10c8ec2c501e29757f88ce8e8870fb31d5db80,mem,300,1.9430063962936401,0.007328065783207549,-4.291141115612439e-06
b0d219f993f83c8e863490bd02435bd1a06cc47a6839b56b05602efdcd44205e,cpu,300,2.259593963623047,0.4448434159408814,3.7120878169611082e-06
b0d219f993f83c8e863490bd02435bd1a06cc47a6839b56b05602efdcd44205e,mem,300,2.259593963623047,0.0002286627161756094,8.061286311576375e-09
b0ebe0ad66f2a2845d8f5c1ffbb54ed125424357d6809bc0a5279b02e84579cd,cpu,300,1.1658791303634644,0.42566033319456287,2.374613232843021e-05
b0ebe0ad66f2a2845d8f5c1ffbb54ed125424357d6809bc0a5279b02e84579cd,mem,300,1.1658791303634644,0.0006785933489980023,-2.5581451027499667e-07
b1379a089ff30040fc0b1e483cbdab1e80880a03d50f868fa7298a090fb3e484,cpu,300,0.6361470222473145,0.5831746953641347,5.722227521157573e-06
b1379a089ff30040fc0b1e483cbdab1e80880a03d50f868fa7298a090fb3e484,mem,300,0.6361470222473145,4.091486396784472e-05,-5.501866188472812e-08
b155a40a97fe670d3409d5e986dfd74e30507ad2cfc90167264ab84e54a1d047,cpu,300,1.2159204483032227,0.5088788516935658,2.6061156069394743e-05
b155a40a97fe670d3409d5e986dfd74e30507ad2cfc90167264ab84e54a1d047,mem,300,1.2159204483032227,0.6356935050958004,-1.1433345039691724e-05
b1601b7399bdfe0c5624ae79665315fa50a6ff01fb9e08779a3d5689039e229c,cpu,300,0.8953487873077393,0.8112546141030101,2.322487046754843e-06
b1601b7399bdfe0c5624ae79665315fa50a6ff01fb9e08779a3d5689039e229c,mem,300,0.8953487873077393,0.1340676788582773,2.2434851020562295e-08
b1964ba87819a33a23128e90936016ac6ac49ecbc4a68e8f2bfbc83e955ea338,cpu,300,0.5423876643180847,0.3256376192775772,1.1434475953244054e-05
b1964ba87819a33a23128e90936016ac6ac49ecbc4a68e8f2bfbc83e955ea338,mem,300,0.5423876643180847,0.0150088160914581,-1.5816371600678602e-07
b1cb9c32d9de11ba1e77fdb6f53d08c723cf92a1a1e68cff9b08762e3641d8db,cpu,300,0.34623226523399353,0.9491833478123862,5.4392260809961905e-06
b1cb9c32d9de11ba1e77fdb6f53d08c723cf92a1a1e68cff9b08762e3641d8db,mem,300,0.34623226523399353,0.011680859700441304,-1.2810665355309553e-08
b1ecb8cccf4d23374bcfae2751b7d867f61f3d5fa529ef50192f3abd2c47c286,cpu,300,1.033355474472046,0.9548708872078493,3.7060720764812717e-05
b1ecb8cccf4d23374bcfae2751b7d867f61f3d5fa529ef50192f3abd2c47c286,mem,300,1.033355474472046,0.017048641979015344,1.2749375372392715e-06
b1f8c9794d52786fd98f86660a2a8c66a12350d41a9cfc1913a5561dc70ad472,cpu,300,0.6710438132286072,0.1516116103529439,0.00016411456836049854
b1f8c9794d52786fd98f86660a2a8c66a12350d41a9cfc1913a5561dc70ad472,mem,300,0.6710438132286072,0.11595666164416718,-7.435246807680443e-06
b21c637c2fbf212c52ed532476f71052018e07cabe8beb12a6fb3a6e086e2c6d,cpu,300,1.8587082624435425,0.0864929471178002,9.898050850348755e-07
b21c637c2fbf212c52ed532476f71052018e07cabe8beb12a6fb3a6e086e2c6d,mem,300,1.8587082624435425,0.001710610414451863,-1.5326988400439797e-08
b234d76768ef8c44563ff77f7b4b1214f95b1878bbf5bfa2af25ac5d30fde7a6,cpu,300,0.7745278477668762,0.0291826110385629,1.7508489798017963e-05
b234d76768ef8c44563ff77f7b4b1214f95b1878bbf5bfa2af25ac5d30fde7a6,mem,300,0.7745278477668762,0.008793732264181231,5.07137838570158e-06
b250f72d85f6b6094b4ad82c8ce510e6b4235cb16deb7813d054501797ffc5ef,cpu,299,0.4558350145816803,0.910132136084199,1.2938138241964776e-05
b250f72d85f6b6094b4ad82c8ce510e6b4235cb16deb7813d054501797ffc5ef,mem,299,0.4558350145816803,0.05574092372998851,-1.526845133522653e-07
b26688ada78289b2f7de845503ef53e6e08a002626a4b9a6ed0a0313566be61e,cpu,300,2.751028537750244,0.9438774331027895,0.0006486648803493199
b26688ada78289b2f7de845503ef53e6e08a002626a4b9a6ed0a0313566be61e,mem,300,2.751028537750244,0.005702441382776424,-1.1231433733233743e-06
b2e11de3db205193869388c246e79ed069e0829d9e3f4c40f1a49c1d265d87dd,cpu,300,0.8638935685157776,0.359829081558419,2.1008170816837177e-06
b2e11de3db205193869388c246e79ed069e0829d9e3f4c40f1a49c1d265d87dd,mem,300,0.8638935685157776,0.01731439758709452,-8.191031582396922e-09
b2e84be1c751bfdba372db1727c5f38489add5ecbfc6607de7b6e2e3b7f0f2a9,cpu,300,0.4455457627773285,0.0320632519521602,1.9244063553034047e-06
b2e84be1c751bfdba372db1727c5f38489add5ecbfc6607de7b6e2e3b7f0f2a9,mem,300,0.4455457627773285,0.006916783260286774,2.2813118491534404e-07
b2fa85a99de82090b021dd9d2b4e8d05e91f28fa9dfbf6f4cbe181cd0378a61f,cpu,300,0.7448400855064392,0.019067791672930934,7.856104263472783e-06
b2fa85a99de82090b021dd9d2b4e8d05e91f28fa9dfbf6f4cbe181cd0378a61f,mem,300,0.7448400855064392,0.009562478369588345,-2.19551509247443e-06
b30f5e900d87aa0c5d314628b32489b5853a40c977ea47d5f15c9ad29024cd45,cpu,300,1.8610507249832153,0.2957779219408536,1.4398867050853824e-05
b30f5e900d87aa0c5d314628b32489b5853a40c977ea47d5f15c9ad29024cd45,mem,300,1.8610507249832153,5.83639486628762e-07,-8.037109536247931e-09
b320e80c17577df41918abd8ebd1e2ed806169ebdd3ae2d34c77a2811d8c1e5f,cpu,299,0.4545758068561554,0.8001499007295103,6.925266501626068e-06
b320e80c17577df41918abd8ebd1e2ed806169ebdd3ae2d34c77a2811d8c1e5f,mem,299,0.4545758068561554,0.005332885192554482,6.496940673765751e-08
b34d3020a1263a140d0fc3918b5a2fd0d3d2f335526dff2fbc4f13288d3c2f39,cpu,300,2.0447795391082764,0.1460771954784008,0.0001295442202025303
b34d3020a1263a140d0fc3918b5a2fd0d3d2f335526dff2fbc4f13288d3c2f39,mem,300,2.0447795391082764,0.006941125904625367,-1.5107791963899521e-05
b36b7f8da8482c4e7e4f2a1a7fd6c111986646370c74045e9e811bc7d6bb4f94,cpu,300,1.7368239164352417,0.595924166774923,3.179960181896025e-06
b36b7f8da8482c4e7e4f2a1a7fd6c111986646370c74045e9e811bc7d6bb4f94,mem,300,1.7368239164352417,0.43367673102475557,5.267323993700289e-07
b377d80cc43013d1b4691acb01ca3bcbf60210096532633968b5bbf5901f9905,cpu,300,1.3332256078720093,0.398078719639849,7.021514339699127e-07
b377d80cc43013d1b4691acb01ca3bcbf60210096532633968b5bbf5901f9905,mem,300,1.3332256078720093,1.541523904646791e-05,4.2209748617420866e-10
b3b31bd21bfefdf16ec3eb5baa307fd8ff5e0349540739165606535f0a1c0bd4,cpu,300,1.228933334350586,0.15494651549712168,5.821708711573867e-06
b3b31bd21bfefdf16ec3eb5baa307fd8ff5e0349540739165606535f0a1c0bd4,mem,300,1.228933334350586,0.00915568371824782,-1.937397407802177e-06
b3b7130eda7fa74cdb22efdbddf25c28f5dca36bc346bb97ea639644ed766376,cpu,300,0.7200698256492615,0.283693037975009,5.0481714093617e-07
b3b7130eda7fa74cdb22efdbddf25c28f5dca36bc346bb97ea639644ed766376,mem,300,0.7200698256492615,0.1342357014597536,-1.9096396209292492e-08
b3f16e009b484610ecaf8dd44ca83c9274050a0dab41bc1faee459be3312b5cc,cpu,300,0.4415803551673889,0.7660056433337773,2.4642826751405392e-05
b3f16e009b484610ecaf8dd44ca83c9274050a0dab41bc1faee459be3312b5cc,mem,300,0.4415803551673889,0.5625414227672989,-2.9757217950928773e-06
b42838a52e795b642e662b7861fcea24cbcf4ec22de8d6a7dfedad9c95366ff3,cpu,298,0.2591823935508728,0.2784678543519443,7.067471633609259e-06
b42838a52e795b642e662b7861fcea24cbcf4ec22de8d6a7dfedad9c95366ff3,mem,298,0.2591823935508728,0.19294693373639138,-2.6527362461407832e-06
b45104448ecd4773a32dc30fae74c0c4bd6c622c4fbb81bbc6c659c7dac097a7,cpu,300,2.3068394660949707,0.0011790326518578143,3.4903711660331663e-06
b45104448ecd4773a32dc30fae74c0c4bd6c622c4fbb81bbc6c659c7dac097a7,mem,300,2.3068394660949707,7.00428136558573e-05,6.442494854183967e-07
b484e23e5388cf58327a7342049b004c126bed23edb3e49310d2019d2d4806a8,cpu,300,1.4637647867202759,0.6035218062268857,0.00023061674123933638
b484e23e5388cf58327a7342049b004c126bed23edb3e49310d2019d2d4806a8,mem,300,1.4637647867202759,0.002055819639363854,1.901601608819674e-06
b4da54834d8c39bbe6d32e5be59e758770a5c40342f92ac34d940a61548e8fd2,cpu,300,0.20037323236465454,0.8882890928617239,2.163617952924133e-06
b4da54834d8c39bbe6d32e5be59e758770a5c40342f92ac34d940a61548e8fd2,mem,300,0.20037323236465454,0.4789772594039574,1.5267264450471124e-07
b4e82caf94725f07063dd849e0bbae4197a9c2655af03e2273babd201ffd651f,cpu,300,18.824317932128906,0.00519406030825964,1.5210913421628531e-05
b4e82caf94725f07063dd849e0bbae4197a9c2655af03e2273babd201ffd651f,mem,300,18.824317932128906,0.003116297667395962,-2.1731389508075816e-06
b4fe0a362aca29045230e76933454745a2724849c958783d01ea63399342c6a0,cpu,300,1.1410537958145142,0.900878353399778,1.2160361527116722e-05
b4fe0a362aca29045230e76933454745a2724849c958783d01ea63399342c6a0,mem,300,1.1410537958145142,0.0028108652692970804,-4.959230826645627e-08
b5102ec7aec4cee5986fad4894a57f929831e0c2a444bc71e3010ec16a6958af,cpu,300,1.0976052284240723,0.63602940146771,1.8592617771553288e-05
b5102ec7aec4cee5986fad4894a57f929831e0c2a444bc71e3010ec16a6958af,mem,300,1.0976052284240723,0.004996375391293495,-1.7873761046898958e-07
b5363262982f9ddea0e1d8acb112df82fb29117fe56eb6c5b9380d47dc13937c,cpu,300,1.522483468055725,0.006726377191589861,5.992832416058799e-06
b5363262982f9ddea0e1d8acb112df82fb29117fe56eb6c5b9380d47dc13937c,mem,300,1.522483468055725,0.012497775102576436,4.396028417035633e-06
b55f53bd57672c6f738da79abcd4dcdba450da440d70f9c762651e5bc777c61c,cpu,299,0.5850436091423035,0.44735791896290733,8.617311579017347e-05
b55f53bd57672c6f738da79abcd4dcdba450da440d70f9c762651e5bc777c61c,mem,299,0.5850436091423035,0.0074392236451061855,1.7656789866152073e-06
b56048de41b6fe7fd1d9b70e636c61946ce43774fe78999ef2dcf596928e1644,cpu,300,0.6350783705711365,0.9233515724059789,3.1247211935840826e-05
b56048de41b6fe7fd1d9b70e636c61946ce43774fe78999ef2dcf596928e1644,mem,300,0.6350783705711365,0.11706951337092408,1.6366770161068736e-07
b58ba81e712e15281eb93074ed026a844f5100024d91b25f2742b5d5e8bedd9f,cpu,300,0.6562017202377319,0.5400418365221398,1.7739634350744416e-06
b58ba81e712e15281eb93074ed026a844f5100024d91b25f2742b5d5e8bedd9f,mem,300,0.6562017202377319,0.06178274860295696,1.3676608301839843e-07
b59e419184b32a2ed41b3e9326ac0de65c0d1219809bbadce97b1ae57ab342b5,cpu,300,0.7059928178787231,0.23644881693853947,1.166931470329878e-06
b59e419184b32a2ed41b3e9326ac0de65c0d1219809bbadce97b1ae57ab342b5,mem,300,0.7059928178787231,0.08650501431738511,3.4213853358379396e-08
b5c7fdc3fde819256d4bb7a938a22cf0c16837963a2e1aa85e1e5b2fc45becf1,cpu,300,0.369097501039505,0.3351261882174359,0.00016494990309660044
b5c7fdc3fde819256d4bb7a938a22cf0c16837963a2e1aa85e1e5b2fc45becf1,mem,300,0.369097501039505,0.006010631836265046,-5.093215045775665e-06
b5cebafb32f9d9f92a3458b781d721e18fdf2de674a3ac6ce7493fd76511afa8,cpu,300,0.671981692314148,0.4896827546158915,3.7037984913153115e-05
b5cebafb32f9d9f92a3458b781d721e18fdf2de674a3ac6ce7493fd76511afa8,mem,300,0.671981692314148,0.003641340866293641,-1.092250849568498e-06
b5ea758ee3adcca91a949c2a9127e70263db887da3530cef2a0b49c1f132f591,cpu,300,3.829026460647583,0.2149280944124785,2.8510528181415166e-05
b5ea758ee3adcca91a949c2a9127e70263db887da3530cef2a0b49c1f132f591,mem,300,3.829026460647583,0.017721783888199005,2.820912764064943e-06
b635ab2f6cd35a398108cc1d8bb0450ba7b0feb9d8c1cbd1940abafa54bad437,cpu,300,0.39311522245407104,0.9450874569043819,3.460374568005722e-05
b635ab2f6cd35a398108cc1d8bb0450ba7b0feb9d8c1cbd1940abafa54bad437,mem,300,0.39311522245407104,0.8460584975648385,-5.213515837773814e-06
b64a200167f0ed5bd37ed6c26b72f3402f392294914ab7c0b1bf2c3d646317a6,cpu,299,3.171635627746582,0.27062414921716016,7.045870316497568e-05
b64a200167f0ed5bd37ed6c26b72f3402f392294914ab7c0b1bf2c3d646317a6,mem,299,3.171635627746582,0.03443664740877728,-1.3712494757544279e-05
b654ed6ca503c46bec57a80930f193602c1d7997eb8c7e13e7a6fd67c410519b,cpu,300,0.48073500394821167,0.9256501914326292,1.5578208690902625e-06
b654ed6ca503c46bec57a80930f193602c1d7997eb8c7e13e7a6fd67c410519b,mem,300,0.48073500394821167,0.0016198652568489846,-6.150885598622513e-10
b680e6a750b54aa291680f6d47037c68016cb85d5e6616a9935469c331dfe07d,cpu,300,0.6502146124839783,0.02780796642624117,6.098332703288543e-06
b680e6a750b54aa291680f6d47037c68016cb85d5e6616a9935469c331dfe07d,mem,300,0.6502146124839783,0.01274357657376457,-1.1045172435495393e-06
b6bfaeef112e5f041590edf8206f3015f5fdcc4584869f7ba57b82e9ecd661eb,cpu,300,0.9773281216621399,0.22855181069554154,-8.213573955331102e-05
b6bfaeef112e5f041590edf8206f3015f5fdcc4584869f7ba57b82e9ecd661eb,mem,300,0.9773281216621399,0.0035413743918143448,6.397779697660459e-07
b6fff9281fd34bade5f2ddc90d5257dda497e6e8b9c62866b8f1da5bc11c5e95,cpu,300,0.5289216041564941,0.5249037266616232,1.2324035691504517e-05
b6fff9281fd34bade5f2ddc90d5257dda497e6e8b9c62866b8f1da5bc11c5e95,mem,300,0.5289216041564941,0.0015898175766376754,-2.838960274270084e-08
b70842c1b31dc88da528ba646e3a6876cdce7a5425337dbeefeab70d033556ee,cpu,300,1.3550050258636475,0.938803409375408,1.8141965577954084e-05
b70842c1b31dc88da528ba646e3a6876cdce7a5425337dbeefeab70d033556ee,mem,300,1.3550050258636475,3.823563761162774e-07,4.0329593207817125e-09
b708a6b01a261167011b934178bcd031d92197602da0c7ec2b32e36795f90991,cpu,300,6.928534507751465,4.592264963898529e-05,-2.099518734324932e-06
b708a6b01a261167011b934178bcd031d92197602da0c7ec2b32e36795f90991,mem,300,6.928534507751465,0.004343747287879007,-7.046207612462829e-06
b72f2acb9510fcb39c424da5b570f4089ff2d7071f023f3359b2b7ec1752417a,cpu,300,0.3199705481529236,0.04685753185635266,8.29946339700104e-06
b72f2acb9510fcb39c424da5b570f4089ff2d7071f023f3359b2b7ec1752417a,mem,300,0.3199705481529236,0.12061968278860768,-3.1757856531673497e-06
b7c586427019cad1c520762eac1ad8bacc8c1599fe2202e045f83cf0b3a9a680,cpu,300,0.8574478626251221,0.44268075481315994,4.089970041302312e-06
b7c586427019cad1c520762eac1ad8bacc8c1599fe2202e045f83cf0b3a9a680,mem,300,0.8574478626251221,0.039429435619553366,-1.0036914452978862e-08
b7c72dccdd6db4fb7c2cecfc47215b93c30f927d59baa33785a358853fba2b46,cpu,300,0.796112060546875,0.9317711723262194,7.166568966461147e-05
b7c72dccdd6db4fb7c2cecfc47215b93c30f927d59baa33785a358853fba2b46,mem,300,0.796112060546875,0.059362208394107885,-2.6756175576922165e-07
b7cda22ccee774733714a645967e7ead49ebea8c351fdd755bc27564f9c1de04,cpu,300,0.8936136364936829,0.3141444807608924,9.903924882420372e-06
b7cda22ccee774733714a645967e7ead49ebea8c351fdd755bc27564f9c1de04,mem,300,0.8936136364936829,3.9365210884989565e-05,-4.025002368621294e-08
b8345da97dd2a1327f264b6eb0ec83cb9c5cdc372be65269967dba2070560239,cpu,300,4.72878885269165,0.0027093921768208684,2.5345792684054943e-07
b8345da97dd2a1327f264b6eb0ec83cb9c5cdc372be65269967dba2070560239,mem,300,4.72878885269165,0.00038290404856322624,1.2767304129972888e-07
b855e83b822cc819839bafff3b761330d477beb9449bf962d82e045583f1f4f5,cpu,300,0.5826632380485535,0.914410748583734,3.1623523393055274e-05
b855e83b822cc819839bafff3b761330d477beb9449bf962d82e045583f1f4f5,mem,300,0.5826632380485535,0.393920782399688,-1.2189459645753606e-06
b85eb26037cd3da7f8b449f210016f483349c1d0f9d341808369790e087aa5fc,cpu,300,1.6220418214797974,0.11857177915309647,7.215984000541544e-07
b85eb26037cd3da7f8b449f210016f483349c1d0f9d341808369790e087aa5fc,mem,300,1.6220418214797974,0.10822709293504595,3.8942088338887497e-07
b8be9ee0bb33cc822722a125fad0c825f69a9c373afed2a063996e351a2324e0,cpu,300,0.861089289188385,0.1639047570668819,6.425221899254433e-06
b8be9ee0bb33cc822722a125fad0c825f69a9c373afed2a063996e351a2324e0,mem,300,0.861089289188385,0.11061730557792915,-1.5734794420434796e-07
b8caf7e32d53f5b2d18d04e9664099a799290e0f8d205f2b86383218becd4cd4,cpu,300,2.0501084327697754,0.9038466800908954,1.6496286405982334e-05
b8caf7e32d53f5b2d18d04e9664099a799290e0f8d205f2b86383218becd4cd4,mem,300,2.0501084327697754,0.2124997450004017,2.425659301218491e-07
b9627cebdbefab957a1297a067bfd4a3f0237cb37c6af0639d44df2227e653c6,cpu,300,0.9008009433746338,0.744161635659499,0.00018070445791427235
b9627cebdbefab957a1297a067bfd4a3f0237cb37c6af0639d44df2227e653c6,mem,300,0.9008009433746338,0.0005940994331040672,4.531544919398843e-07
b991e91fb76628d667220482060968b43bdb29c1e405da6f92b7bc465ac0a167,cpu,300,18.519180297851562,0.5135928709630707,8.531228320882296e-05
b991e91fb76628d667220482060968b43bdb29c1e405da6f92b7bc465ac0a167,mem,300,18.519180297851562,0.0003786742972956558,-3.5938570256452615e-06
b9caec3766a8fa04ae7ea98bf4059e066bb7522ff7d8962e22a011968c6012a4,cpu,300,2.7578542232513428,0.5536268830560127,5.436482159978556e-05
b9caec3766a8fa04ae7ea98bf4059e066bb7522ff7d8962e22a011968c6012a4,mem,300,2.7578542232513428,0.6334273887765722,-9.17345048827467e-06
b9cd738796c65f098f30d11970e5d26be3e5be9466847bbd9cbb851a47b020c9,cpu,300,0.52149897813797,0.6210745428947685,8.31278163192912e-06
b9cd738796c65f098f30d11970e5d26be3e5be9466847bbd9cbb851a47b020c9,mem,300,0.52149897813797,0.2605917006636522,-3.543272831808669e-07
b9cf559d09c930f353991287807be084a84070eb65b7f2a29a218010e9bab3fd,cpu,300,1.9101450443267822,0.06664644731251734,1.1714666623561995e-06
b9cf559d09c930f353991287807be084a84070eb65b7f2a29a218010e9bab3fd,mem,300,1.9101450443267822,0.1313982660068609,-1.1996693771467514e-07
b9d5199f775fd6a4be6846d41b89e61ac4b7330f35fac85c487a3688349d049b,cpu,300,1.283738613128662,0.5763920551024817,6.189494249355775e-06
b9d5199f775fd6a4be6846d41b89e61ac4b7330f35fac85c487a3688349d049b,mem,300,1.283738613128662,0.035615914476627375,-1.4165298092778095e-07
ba07a2f2e303e402622f77af240a8637c1c0816d8f34ede498060990a7f428f7,cpu,300,3.330662250518799,0.014332112874782421,1.4765202994419322e-05
ba07a2f2e303e402622f77af240a8637c1c0816d8f34ede498060990a7f428f7,mem,300,3.330662250518799,0.08113407509497284,1.3084233187593985e-05
bac51f37caf98920a2aafc2d12d790d4a9fc85069ffdffdc8f01879a7899c1b1,cpu,300,0.4608853757381439,0.06865304567745412,0.0041964901577369665
bac51f37caf98920a2aafc2d12d790d4a9fc85069ffdffdc8f01879a7899c1b1,mem,300,0.4608853757381439,0.0009706966155292873,-7.214653220907394e-05
bb881904c960844ae7a52eb43b74dee4991917864e2cace78dbac86de8d09ef2,cpu,299,1.5828980207443237,0.13687454050028047,5.7128119212563885e-05
bb881904c960844ae7a52eb43b74dee4991917864e2cace78dbac86de8d09ef2,mem,299,1.5828980207443237,0.0012872561669255989,-7.735906150473034e-07
bbd25882cd24ffc834cc1ccd8de692424ae669f2ee7892abef00b1e270095680,cpu,299,11.525184631347656,0.0053907820042842225,6.830150144740523e-08
bbd25882cd24ffc834cc1ccd8de692424ae669f2ee7892abef00b1e270095680,mem,299,11.525184631347656,0.0007298629173762006,5.753935084112585e-09
bbff5552531b3f6d4c8f4ea4c66dc3b991f504e0612c2c6e7297a637447b7813,cpu,300,1.0736517906188965,0.34944597785886,-2.161005538139188e-06
bbff5552531b3f6d4c8f4ea4c66dc3b991f504e0612c2c6e7297a637447b7813,mem,300,1.0736517906188965,0.0623549133048239,1.126448656535486e-07
bc1c67290cb04b163cec4ec46ba5840a59fadb50b204ad2119d2697e2abbb9b7,cpu,300,1.1860357522964478,0.3356911557600314,2.1022984978158318e-05
bc1c67290cb04b163cec4ec46ba5840a59fadb50b204ad2119d2697e2abbb9b7,mem,300,1.1860357522964478,0.004595030407379075,1.4829896727080775e-07
bc529ee59852e87efa2e41286d68dc59c973bbf8131324144fc64731a9ec87c5,cpu,300,0.5539458394050598,0.937619621448851,8.473867116309094e-06
bc529ee59852e87efa2e41286d68dc59c973bbf8131324144fc64731a9ec87c5,mem,300,0.5539458394050598,0.18146254105059,8.255016286665722e-08
bc573692be653120cc676ef35fb95a1a2b70fef6e77a40c95a8da6a8581702bb,cpu,300,1.0428849458694458,0.13681841087685176,1.7901025100258601e-06
bc573692be653120cc676ef35fb95a1a2b70fef6e77a40c95a8da6a8581702bb,mem,300,1.0428849458694458,0.18436704693894923,3.1177689840414735e-07
bc5f16f84c0a98149111413764c8c958ff2e44159bc6b8e8a52cd05e3f464a78,cpu,300,0.9219638705253601,0.989136719179607,4.785737857006534e-06
bc5f16f84c0a98149111413764c8c958ff2e44159bc6b8e8a52cd05e3f464a78,mem,300,0.9219638705253601,0.13201466306214316,7.635238979901189e-07
bc9b52c4403a65f5d02c85afb960294841c04b826ea13b5bfdd9d9fc29e7d832,cpu,300,1.1534380912780762,0.001032365362818144,-9.340576276093519e-07
bc9b52c4403a65f5d02c85afb960294841c04b826ea13b5bfdd9d9fc29e7d832,mem,300,1.1534380912780762,0.00022623892988393735,2.561274997161252e-07
bcc17c8a54f444e365f50576471324cacacbe0c93d40cd269ccbb9f53e502222,cpu,300,7.78934907913208,0.01823110641922021,1.3124381826972884e-07
bcc17c8a54f444e365f50576471324cacacbe0c93d40cd269ccbb9f53e502222,mem,300,7.78934907913208,0.0002751906366095236,2.112732585040939e-08
bce1ca5c2a081c9a114ac07847bccd32e94596d0433509704a4aaf57b96faa0c,cpu,300,0.9508158564567566,0.457087357670089,1.9639004621532015e-05
bce1ca5c2a081c9a114ac07847bccd32e94596d0433509704a4aaf57b96faa0c,mem,300,0.9508158564567566,0.3682857320407955,-3.7962310955164644e-06
bd0001e9f7a972209bf09ee212eae718c15664a73cb557178781aee949856e68,cpu,300,0.8545702695846558,0.04929306560248414,1.8736914100738596e-05
bd0001e9f7a972209bf09ee212eae718c15664a73cb557178781aee949856e68,mem,300,0.8545702695846558,0.0023335285123834426,2.323403583243815e-06
bd2423f60ea7e003d1046d6b68430d566799e37cb9346bf9bb9e5351bf085fa9,cpu,300,1.0862905979156494,0.48147761139164946,1.899400468161774e-06
bd2423f60ea7e003d1046d6b68430d566799e37cb9346bf9bb9e5351bf085fa9,mem,300,1.0862905979156494,0.3059927135810814,9.276449610293248e-07
bd4499df15ab16e02c23a2b6cb234ea4a940095cde1209d584890afdf21096b7,cpu,300,1.730918526649475,0.11045393129443848,1.1023073658212938e-05
bd4499df15ab16e02c23a2b6cb234ea4a940095cde1209d584890afdf21096b7,mem,300,1.730918526649475,0.005155655224728939,1.2395447282726065e-07
bd60497bdc74d1c37bed34adc5bf20df15b378dd863baf0a2c35fd36fb28cc66,cpu,300,0.5823858380317688,0.895115365920804,6.41082871319505e-07
bd60497bdc74d1c37bed34adc5bf20df15b378dd863baf0a2c35fd36fb28cc66,mem,300,0.5823858380317688,0.469480441771686,-2.694499418128304e-08
bdbf6f692d0e901973cb922ea9fe418a8fe807d65461a141d0980a0bf2c7e5a5,cpu,300,1.1219340562820435,0.14914903301849558,1.1945918042615852e-05
bdbf6f692d0e901973cb922ea9fe418a8fe807d65461a141d0980a0bf2c7e5a5,mem,300,1.1219340562820435,0.18738810224382585,5.303420699240281e-07
bdde61722c184e1f47e2189e9c58887d1f0890b6ad5f670ccfad9a54337cbe5b,cpu,300,6.78629207611084,0.2275424902433303,5.002605794914775e-06
bdde61722c184e1f47e2189e9c58887d1f0890b6ad5f670ccfad9a54337cbe5b,mem,300,6.78629207611084,0.07596075699275917,-1.6959768887785482e-06
be2a848de25df56ba322a6994093a086f5b1ef0cf67bce6d998dd58184120a92,cpu,300,1.8898004293441772,0.8097315148672011,1.6422463168908723e-05
be2a848de25df56ba322a6994093a086f5b1ef0cf67bce6d998dd58184120a92,mem,300,1.8898004293441772,0.0038843787906320815,-1.1109456092081487e-07
be599942c04bf7af551b6da7522f8ff8f47960c8b709168767f1bbb711ef797f,cpu,300,5.421187400817871,0.00018185600393216816,8.21248812647108e-07
be599942c04bf7af551b6da7522f8ff8f47960c8b709168767f1bbb711ef797f,mem,300,5.421187400817871,0.004597545162413286,-6.586454359105744e-06
be75265cdbb074bd5f4de608151575300029965c3e6da8e29b8118d7e71c28c7,cpu,300,0.4453122317790985,0.6619908911880743,1.986996659167548e-05
be75265cdbb074bd5f4de608151575300029965c3e6da8e29b8118d7e71c28c7,mem,300,0.4453122317790985,1.8846544288186884e-05,-4.345432136911439e-08
beb8469d71b1aa95935c50fff4291423e70fbe80468c52f6db9c13cee39d1311,cpu,300,0.20986473560333252,0.8629422359277652,3.2231512664651134e-06
beb8469d71b1aa95935c50fff4291423e70fbe80468c52f6db9c13cee39d1311,mem,300,0.20986473560333252,0.021287393648169006,-2.6953616248365827e-07
bec31d4613350060ffe7c0519d586fb694346945a968e24f0bc2cc9d830f23ca,cpu,300,13.493925094604492,0.0014689847266499134,6.462345636138695e-05
bec31d4613350060ffe7c0519d586fb694346945a968e24f0bc2cc9d830f23ca,mem,300,13.493925094604492,0.0022258765238875045,-1.0601462300246144e-05
bec737fe68cdb7392bf0dae35010df7621af0c200d834ebc2398404b8d6b37b5,cpu,300,0.6865550875663757,0.8179379779395242,2.0989423751387202e-05
bec737fe68cdb7392bf0dae35010df7621af0c200d834ebc2398404b8d6b37b5,mem,300,0.6865550875663757,0.01202966334682487,1.1160700096637544e-07
bee4122586786397ea93b316e44a6f81ceb3b98c2217226a7fef6bd03e28b4d2,cpu,300,5.657714366912842,0.09049253515463074,1.1340465106048485e-05
bee4122586786397ea93b316e44a6f81ceb3b98c2217226a7fef6bd03e28b4d2,mem,300,5.657714366912842,0.005410602295339739,7.898399978896236e-07
bf4f503caf8d16daa2442ab99e89d3cc94e4932302bd724a79791a303442f553,cpu,300,0.4088766276836395,0.7691280706307704,1.7457360032173978e-05
bf4f503caf8d16daa2442ab99e89d3cc94e4932302bd724a79791a303442f553,mem,300,0.4088766276836395,0.0013137364203323898,1.1516953933304543e-07
bf82a41c72a583993fb28c43234b0ef6fd3bc48673c378b82a7940db5b9f8a12,cpu,300,3.447606086730957,0.14431294568030462,1.4755245614508355e-05
bf82a41c72a583993fb28c43234b0ef6fd3bc48673c378b82a7940db5b9f8a12,mem,300,3.447606086730957,0.0005799929271365079,-1.843597047100193e-07
c00ea1a5ae6d7d3222d93bc977cb868bfdde5933ae78d0b74e65f67eae4886d0,cpu,300,1.423803448677063,0.6214845672309268,8.163964698325847e-06
c00ea1a5ae6d7d3222d93bc977cb868bfdde5933ae78d0b74e65f67eae4886d0,mem,300,1.423803448677063,0.008332676705761322,-4.6977057936072534e-08
c01661acde58e68009fa5af463c5ef1da7be8b22694a0817800f630613433796,cpu,300,1.8157482147216797,0.10747723179611546,4.108712877408179e-06
c01661acde58e68009fa5af463c5ef1da7be8b22694a0817800f630613433796,mem,300,1.8157482147216797,0.008630892565224091,-4.0324986012895535e-07
c0546da85e17ef32e7bd58554f87fdc46c8ea840df8b9e8eefe12c2173402c1e,cpu,300,4.620181083679199,0.05286209466731695,4.6350976495932334e-05
c0546da85e17ef32e7bd58554f87fdc46c8ea840df8b9e8eefe12c2173402c1e,mem,300,4.620181083679199,0.0006588771314444131,-1.2807102306222718e-07
c07f69160fa7c7bbe9b86f43548046dc332ac8123f31d89b77214cfcc3d8f7aa,cpu,300,0.796989917755127,0.19686089695385856,1.4642099784773082e-06
c07f69160fa7c7bbe9b86f43548046dc332ac8123f31d89b77214cfcc3d8f7aa,mem,300,0.796989917755127,0.003392715909087629,6.434269615816127e-08
c08ffbd23a2b6019f635afbb9ec79aef16490c69988921db0aca1158c6577155,cpu,300,1.1305774450302124,0.11859247186115651,0.0002836104395606221
c08ffbd23a2b6019f635afbb9ec79aef16490c69988921db0aca1158c6577155,mem,300,1.1305774450302124,0.0010461460621477014,5.927555652288635e-07
c0d244cb3f3b932ca659c881741c923448c065f04fb2124f0adb8ee84b63de17,cpu,300,1.0779297351837158,0.03133552950261209,1.3706208037435073e-05
c0d244cb3f3b932ca659c881741c923448c065f04fb2124f0adb8ee84b63de17,mem,300,1.0779297351837158,0.0005138617505041632,-1.0533214861892045e-06
c1578904aa2808f29768e2edb2413cacffeae6069f6cb71471b8160a311b5a11,cpu,300,0.27182817459106445,0.6731641633403725,2.8921223300592e-06
c1578904aa2808f29768e2edb2413cacffeae6069f6cb71471b8160a311b5a11,mem,300,0.27182817459106445,0.4136848606634972,9.523546001543667e-08
c15e454ed56da09cff914684ee4e4c3c97b5c0b22483bec2b1bc61f31ada87b4,cpu,300,0.5145909786224365,0.7413901557933636,7.3376724525975e-06
c15e454ed56da09cff914684ee4e4c3c97b5c0b22483bec2b1bc61f31ada87b4,mem,300,0.5145909786224365,0.47238781383259165,2.736318454270872e-06
c16b5828cdf4b7fbfeb81cc35005639e13b79c3c4eb3f21f179d7929c1ec62ec,cpu,300,1.0224963426589966,0.020690109965172176,0.008911129146006468
c16b5828cdf4b7fbfeb81cc35005639e13b79c3c4eb3f21f179d7929c1ec62ec,mem,300,1.0224963426589966,0.0003555912333279565,0.00012177378902975499
c1796516567eb846f3a3a5a3f172ceeab52b8f1815e738e5e101567ca18dbe82,cpu,299,17.138761520385742,1.923735710862573e-05,-1.7759802028501505e-08
c1796516567eb846f3a3a5a3f172ceeab52b8f1815e738e5e101567ca18dbe82,mem,299,17.138761520385742,0.003888131790419691,-8.573378796452841e-08
c2063754607b4c78526acb0d6b3349e4136c92a124216cdab288439ab25ce2dd,cpu,300,3.5071754455566406,0.150428371787534,2.8112083284788764e-06
c2063754607b4c78526acb0d6b3349e4136c92a124216cdab288439ab25ce2dd,mem,300,3.5071754455566406,0.017676001717592982,-6.045582685835632e-07
c20c13c28bc5285e46ff974370ee18617886a6d0aebe5c1b3ab935888aee53ca,cpu,300,1.5568486452102661,0.3217608840454308,0.006525633968572958
c20c13c28bc5285e46ff974370ee18617886a6d0aebe5c1b3ab935888aee53ca,mem,300,1.5568486452102661,0.0020509433813162836,-6.0190345265854296e-05
c210829c4219838fe7970a5af7dafc9ec65eb7a484923f02446d4e0ae8faf15a,cpu,300,1.0759354829788208,0.24328845498668605,4.0032686541546844e-05
c210829c4219838fe7970a5af7dafc9ec65eb7a484923f02446d4e0ae8faf15a,mem,300,1.0759354829788208,0.03724337583202231,-1.3558383911288952e-06
c22ba45a5c7cd165e854210a624b8f21562487b67f2bf5508bd2d56ca5344003,cpu,300,0.3577556908130646,0.34623538451063907,1.2643327668243858e-06
c22ba45a5c7cd165e854210a624b8f21562487b67f2bf5508bd2d56ca5344003,mem,300,0.3577556908130646,0.07940052383259211,1.0308727768550337e-07
c29139abc3a4f3ea8d913e6f62d990b3a18ed4308c6009e4ba9ad7bd798e3fe5,cpu,300,1.0341380834579468,0.7589281152745055,0.0005714620403769979
c29139abc3a4f3ea8d913e6f62d990b3a18ed4308c6009e4ba9ad7bd798e3fe5,mem,300,1.0341380834579468,0.010571568983741897,-2.2359405397233067e-06
c2b8671043c1130ceb8cd7bf7a001698881bcdbc351d4bde1b4eb6695b130543,cpu,300,0.4314152002334595,0.05644841550243107,0.00043645220620540615
c2b8671043c1130ceb8cd7bf7a001698881bcdbc351d4bde1b4eb6695b130543,mem,300,0.4314152002334595,0.0018045541013677058,6.536207912196035e-06
c3082809c392e78e1e06b37ab3e09dfb575702d27e5f3f956ae05db787215f43,cpu,300,0.5449405908584595,0.35357750272436317,6.163081811048062e-05
c3082809c392e78e1e06b37ab3e09dfb575702d27e5f3f956ae05db787215f43,mem,300,0.5449405908584595,0.0139444828187556,-2.0363901750486486e-06
c394eadb7495905f08431d6dca6d540a5bae5dd33ed93e2677059a382b9f6fec,cpu,300,1.1716331243515015,0.005409061258827563,6.23816710513289e-05
c394eadb7495905f08431d6dca6d540a5bae5dd33ed93e2677059a382b9f6fec,mem,300,1.1716331243515015,0.0003480262523880562,-3.3605369182132475e-06
c3bbb5924badb094e71e65d2a7f9f734cf99444ce2854068a023e804bce5dc2b,cpu,300,0.8229200839996338,0.38501343830652257,5.374893090341727e-05
c3bbb5924badb094e71e65d2a7f9f734cf99444ce2854068a023e804bce5dc2b,mem,300,0.8229200839996338,0.024183930674852583,-2.3626785719430197e-06
c4588e0964a9ba7d4c521f4d17c9bca3b08196fef6d150e44d79e12d8d4f18bc,cpu,300,1.394479751586914,0.01848835871777521,4.628992586953961e-07
c4588e0964a9ba7d4c521f4d17c9bca3b08196fef6d150e44d79e12d8d4f18bc,mem,300,1.394479751586914,0.011931977793289139,9.414659825505884e-08
c4decced54cb5130ac4e59053d1dcfe0d2d0772f0f1a73acf86fb25ce9d80994,cpu,300,0.45624053478240967,0.7224336404856975,7.4037709241057005e-06
c4decced54cb5130ac4e59053d1dcfe0d2d0772f0f1a73acf86fb25ce9d80994,mem,300,0.45624053478240967,0.10180376653927048,5.659004584054297e-07
c4fcfc22f9f00ca28614396e9b6587cd402e7b229bdbc4747c433f4b7eb135cc,cpu,300,3.8770699501037598,0.00010530393381613656,-1.0026812796272934e-07
c4fcfc22f9f00ca28614396e9b6587cd402e7b229bdbc4747c433f4b7eb135cc,mem,300,3.8770699501037598,3.0361203730344677e-05,-8.223918813827277e-09
c500b0cc2e9d1e25fabde8bdb8ff3116cc7c65b7adf757cdb8e753e204cb0ddd,cpu,300,0.685413122177124,0.43195174778931955,5.253679568554963e-05
c500b0cc2e9d1e25fabde8bdb8ff3116cc7c65b7adf757cdb8e753e204cb0ddd,mem,300,0.685413122177124,0.6303732618151557,-1.752921886818288e-05
c55ff3aa2e4cb4760850377d3135c955182b9924dddd6f0b799098733826eb94,cpu,300,0.5857123732566833,0.061238707852694474,2.4914168982168233e-05
c55ff3aa2e4cb4760850377d3135c955182b9924dddd6f0b799098733826eb94,mem,300,0.5857123732566833,0.011278963297686517,-9.390943053347874e-06
c57d8972107118dd6ffd6e93069dd98c782e07c1445bb27236d99cfde7c700cb,cpu,300,0.3437868654727936,0.25015678000015185,9.890920578006699e-05
c57d8972107118dd6ffd6e93069dd98c782e07c1445bb27236d99cfde7c700cb,mem,300,0.3437868654727936,0.0184460033183641,6.3694337179309084e-06
c5d7595597053253be3ad632c7b27407b2c27395f2f51a20f10addcbb4880f57,cpu,300,0.39198970794677734,0.9167294763604981,1.6977394761341665e-05
c5d7595597053253be3ad632c7b27407b2c27395f2f51a20f10addcbb4880f57,mem,300,0.39198970794677734,0.10298052970688121,-2.534780996015024e-07
c62e7ecdb88f1e7015e7b5fbd89a86442a219c09fe1eaa76c10178a936a11c9b,cpu,300,0.6709346771240234,0.5724779352960168,0.0010438547938422611
c62e7ecdb88f1e7015e7b5fbd89a86442a219c09fe1eaa76c10178a936a11c9b,mem,300,0.6709346771240234,0.007241658069018553,1.0615574901562669e-06
c636d684235894436e7868e279ea8d7c37ceb2c7f99b66aa6eb9823c09a88164,cpu,300,1.6415177583694458,0.039196869992726646,3.5747655903896576e-06
c636d684235894436e7868e279ea8d7c37ceb2c7f99b66aa6eb9823c09a88164,mem,300,1.6415177583694458,0.009740083493042118,-5.49372292342801e-07
c640dd552a825abe9830a9ea1e1425f419e68bccb59cb5a0df5e169144c1bec5,cpu,297,0.6862104535102844,0.8049818421529511,1.2077496508393667e-05
c640dd552a825abe9830a9ea1e1425f419e68bccb59cb5a0df5e169144c1bec5,mem,297,0.6862104535102844,0.5073519750537743,3.1343734416549705e-06
c64fd94f60937a5ae40c6efe9ae4653df229a3a5fb3dc8e41d908ce83acc0d64,cpu,300,1.998407006263733,0.5881216955227263,6.032692760783485e-05
c64fd94f60937a5ae40c6efe9ae4653df229a3a5fb3dc8e41d908ce83acc0d64,mem,300,1.998407006263733,0.017863091994594682,4.835383787645274e-07
c66d0e036dcdee7163bd4635a130ab516a055ef066dacab171cd1524799be53b,cpu,300,6.8378753662109375,0.3417950624875147,3.854442523641535e-07
c66d0e036dcdee7163bd4635a130ab516a055ef066dacab171cd1524799be53b,mem,300,6.8378753662109375,0.015067429227322071,5.55776261517419e-09
c69e4af6afaaefbcccf50bb1b71f237df3cfd3fbffa88b25f51ecd2bc01f35d2,cpu,300,6.021301746368408,0.16647655284892526,6.659144019062208e-05
c69e4af6afaaefbcccf50bb1b71f237df3cfd3fbffa88b25f51ecd2bc01f35d2,mem,300,6.021301746368408,0.000295028995011104,1.4995050142965725e-06
c6d07188a5ef7011ebb8e9114f8760cd5218752fe0784c1e0af860e72b80823f,cpu,300,8.973992347717285,0.07158128305894274,1.420582746705183e-06
c6d07188a5ef7011ebb8e9114f8760cd5218752fe0784c1e0af860e72b80823f,mem,300,8.973992347717285,0.0056799796878206354,-2.1215050758780525e-07
c6d689a567fdf1bbad9706f9ff87554726f21d33d6b9d268ca0d47d42374cb08,cpu,299,3.4918737411499023,0.6203947990133194,9.356639857754096e-05
c6d689a567fdf1bbad9706f9ff87554726f21d33d6b9d268ca0d47d42374cb08,mem,299,3.4918737411499023,0.4905941638817457,-1.123403890301263e-05
c71d660a3f0b1cc0bdbbb842cecddae776ccc1d64fa447ad097b1e7a7b2da432,cpu,300,1.3493763208389282,1.5150398502417062e-07,4.767534813838201e-07
c71d660a3f0b1cc0bdbbb842cecddae776ccc1d64fa447ad097b1e7a7b2da432,mem,300,1.3493763208389282,0.006870335209506195,-3.457065084255611e-05
c77b09fa8d90321d5a128edb5d00d43b3cb662057410eddec4b4f36f51655cd8,cpu,300,0.7480525970458984,0.00814786381536059,-5.0352054450726393e-05
c77b09fa8d90321d5a128edb5d00d43b3cb662057410eddec4b4f36f51655cd8,mem,300,0.7480525970458984,0.00864441963516549,4.104478084138009e-05
c7bb34cd56730fb6f3fc7b3e1ca1ad3de82fbc8b23c049fde156519a2c15c101,cpu,300,0.9092451333999634,0.3540457493399993,4.50761135760745e-06
c7bb34cd56730fb6f3fc7b3e1ca1ad3de82fbc8b23c049fde156519a2c15c101,mem,300,0.9092451333999634,0.26599942960872913,-1.7989979262432155e-06
c7c36a1566cfdc0e3467fd3a6e9847498cbdd076406fdbf758e174221f86fade,cpu,300,1.1828346252441406,0.9916318323819637,1.0640179874779708e-05
c7c36a1566cfdc0e3467fd3a6e9847498cbdd076406fdbf758e174221f86fade,mem,300,1.1828346252441406,0.0021493998048291996,-6.337050900402542e-08
c7c9adf75a8488cc6c484f51e4e254049520e38b6dd90cd74e9fe07b1506a0f6,cpu,298,0.5122097730636597,0.645995271713703,4.4608370792588206e-05
c7c9adf75a8488cc6c484f51e4e254049520e38b6dd90cd74e9fe07b1506a0f6,mem,298,0.5122097730636597,0.06334635457486615,-1.5203448158167148e-06
c7d5d13e2e7fb25356ee13c92b1fe045559850030083074e110c6efab948a410,cpu,300,6.398915767669678,0.35172434839780475,0.0010236868495865743
c7d5d13e2e7fb25356ee13c92b1fe045559850030083074e110c6efab948a410,mem,300,6.398915767669678,0.00012158516789761986,8.764012426416257e-07
c7da4297c678a12e5298bbebed6599928424f56cf4b1e19c8abf6c258e3be558,cpu,300,1.0307374000549316,0.7987899085854923,3.9844366388862544e-06
c7da4297c678a12e5298bbebed6599928424f56cf4b1e19c8abf6c258e3be558,mem,300,1.0307374000549316,0.0009424465891126887,1.1860797559752398e-08
c7dfeef2c031bfe4ba7b597ea27096422b01136f290009b52d320740d7cd780e,cpu,300,0.8596086502075195,0.9818118740046928,6.853451935954247e-06
c7dfeef2c031bfe4ba7b597ea27096422b01136f290009b52d320740d7cd780e,mem,300,0.8596086502075195,0.0021025074981880776,8.074893983389295e-08
c85b8840fd1d284f256bcec148cbf76918f6cc673e202f9c0e7a7da5b7ad22c0,cpu,300,4.818788528442383,0.6822320294868514,0.0011632160824135266
c85b8840fd1d284f256bcec148cbf76918f6cc673e202f9c0e7a7da5b7ad22c0,mem,300,4.818788528442383,0.21896145073355244,1.8181545299162213e-05
c894757e88c50b17ffeb319172f14beee2d20b63872555d3e78f587b4dc9ccc4,cpu,300,2.1558070182800293,0.3325607370099877,2.3141782924592983e-05
c894757e88c50b17ffeb319172f14beee2d20b63872555d3e78f587b4dc9ccc4,mem,300,2.1558070182800293,0.0015026963304324292,1.0574708867214808e-07
c924db8364624c2f119bfaa353da2922764d3193d57e6d5a3e1d912693f93543,cpu,300,4.861978054046631,0.09545248165725717,7.435351777511163e-05
c924db8364624c2f119bfaa353da2922764d3193d57e6d5a3e1d912693f93543,mem,300,4.861978054046631,0.0026464877489277283,-2.2346637817355966e-06
c9309a1d87d569ae3d33cc016a6df86bf980553640f00d0f76d77b3885725238,cpu,300,7.913833141326904,0.9371603396318501,8.21445214936047e-05
c9309a1d87d569ae3d33cc016a6df86bf980553640f00d0f76d77b3885725238,mem,300,7.913833141326904,0.007133204879010813,1.2393867031868128e-06
c931d26b1e6aef5114b83fe32690eb734a2937dad4164a5e629de0a733bd1f1b,cpu,300,2.614487648010254,0.3254317893325215,4.277169291364456e-05
c931d26b1e6aef5114b83fe32690eb734a2937dad4164a5e629de0a733bd1f1b,mem,300,2.614487648010254,0.16657769685495916,-1.8345212491747313e-05
c9521ee6a0f20586c615771a79a0d52e3f81c94baaeb3315df4ba3e880e11ffb,cpu,300,9.717608451843262,0.026393274813315992,0.00029493199454273263
c9521ee6a0f20586c615771a79a0d52e3f81c94baaeb3315df4ba3e880e11ffb,mem,300,9.717608451843262,0.006533311434974154,-3.503331528485817e-05
c9d88588883d20925f665117b310e6b34dcf5fa611d3814e4c3e3d8620ce8a8f,cpu,300,1.109264612197876,0.06340836466407007,1.7150871908846664e-06
c9d88588883d20925f665117b310e6b34dcf5fa611d3814e4c3e3d8620ce8a8f,mem,300,1.109264612197876,0.11896655488473862,1.430223586533485e-06
c9d968a323dc7eafb8ad6bb25e893b3163eefd0aa2a7c04c69ec7604032f4ba0,cpu,300,0.27709659934043884,0.790541732281,4.50569799778578e-06
c9d968a323dc7eafb8ad6bb25e893b3163eefd0aa2a7c04c69ec7604032f4ba0,mem,300,0.27709659934043884,0.014579580795758496,5.8877561302270055e-09
c9fc5d2095b49e6676f42981ed5490d5273b51adc80befc874f3d6f933d5602d,cpu,300,0.813517153263092,0.3203860011221338,0.00013753181002896183
c9fc5d2095b49e6676f42981ed5490d5273b51adc80befc874f3d6f933d5602d,mem,300,0.813517153263092,0.40936408452659767,-5.3673489796746644e-05
ca0739d740b8c9a93faf2608c6c4316c70667d54aab234ba12ef7712c6dd1924,cpu,300,0.9765055775642395,0.650373561812896,7.677372674251667e-06
ca0739d740b8c9a93faf2608c6c4316c70667d54aab234ba12ef7712c6dd1924,mem,300,0.9765055775642395,0.01324961392577717,6.255307006834677e-09
ca43d1f2ea299b9b42bc6e93012b318adbefeeac621c82ef732fcd0241465d62,cpu,300,0.5817076563835144,0.38823796770366403,5.434148041269438e-06
ca43d1f2ea299b9b42bc6e93012b318adbefeeac621c82ef732fcd0241465d62,mem,300,0.5817076563835144,0.011236650200549758,3.6763067226717326e-06
ca4f7e3ecd5d82d55ccae6e18e0a752b4a3c018e1ff2cca5f33a1d83f3ce8ade,cpu,300,1.1219854354858398,0.03108932833242195,0.0001273389128370413
ca4f7e3ecd5d82d55ccae6e18e0a752b4a3c018e1ff2cca5f33a1d83f3ce8ade,mem,300,1.1219854354858398,0.0073273246670712,4.00229801624755e-06
cadf7841dca0d028283c6913024269f92d60f501c50b70bb7a0e197db8667749,cpu,300,0.6938616037368774,0.9540554634589223,3.7436199744308597e-06
cadf7841dca0d028283c6913024269f92d60f501c50b70bb7a0e197db8667749,mem,300,0.6938616037368774,0.9464340745112414,-3.043249500554231e-07
cb01e1bc52ec6394461f4c65c1ad261d071519fc05891d3d8fe71ba6957368eb,cpu,300,1.8593168258666992,0.8012529307771837,5.545278410401034e-06
cb01e1bc52ec6394461f4c65c1ad261d071519fc05891d3d8fe71ba6957368eb,mem,300,1.8593168258666992,0.005201488045178837,1.2903212354286883e-07
cb1f30279c49c119cb7f721af3dfe64f914d7a691eced6b461e6b23b62e2f887,cpu,300,10.409847259521484,0.7178995510858363,4.163277905504597e-06
cb1f30279c49c119cb7f721af3dfe64f914d7a691eced6b461e6b23b62e2f887,mem,300,10.409847259521484,0.007289680312620339,-3.004294135887392e-09
cb5ca4c08204830f28c0ec78583be9ba8c155ab98b207d6724e8bbe5354d76f7,cpu,300,0.7804467678070068,0.001354552699647571,4.5693024547734006e-07
cb5ca4c08204830f28c0ec78583be9ba8c155ab98b207d6724e8bbe5354d76f7,mem,300,0.7804467678070068,0.07401450806636667,-2.7313796193210124e-06
cb7de32404272c4173dc1387f3dd3bc1dace3adc162ac705a554c5bd3759d9d5,cpu,300,0.9560956954956055,0.833763291019522,9.56715199789068e-07
cb7de32404272c4173dc1387f3dd3bc1dace3adc162ac705a554c5bd3759d9d5,mem,300,0.9560956954956055,0.4352566858583704,-7.45537351817132e-09
cb847d58bd4534d3302a0933f180bc7e11f450cf4a51935faf7c51a14d9b85f0,cpu,237,11.402108192443848,0.8713124797790135,0.00010491711985182375
cb847d58bd4534d3302a0933f180bc7e11f450cf4a51935faf7c51a14d9b85f0,mem,237,11.402108192443848,0.0004473784989946772,-5.223831328799856e-07
cb9da203a739ef89d69fc60aeb01680a685a51c963e2ffec63c3ef83a9a4903c,cpu,300,0.42718660831451416,0.6694388529767392,1.2980602092096905e-06
cb9da203a739ef89d69fc60aeb01680a685a51c963e2ffec63c3ef83a9a4903c,mem,300,0.42718660831451416,0.6758768055938,-8.286565628084603e-08
cba27b1029da08c0bed4d526c378a3081b0119436cfa3c78a2f792304347dc4e,cpu,300,1.5000628232955933,0.036972879222295085,6.98614675987266e-07
cba27b1029da08c0bed4d526c378a3081b0119436cfa3c78a2f792304347dc4e,mem,300,1.5000628232955933,0.5531059116183461,1.0828736363981501e-05
cba7627b5602921a86e8c61a982ed8f15433bb4302b63e04786e6914bc734fa8,cpu,300,0.8382437229156494,0.9823708872011401,3.069445545961213e-05
cba7627b5602921a86e8c61a982ed8f15433bb4302b63e04786e6914bc734fa8,mem,300,0.8382437229156494,0.007366977951543507,8.007969402787965e-08
cbc2ac28a0319e8983a909978df73e4ce18e243cef4ab28cf09fb96b9253e7bc,cpu,300,1.350192904472351,0.7636997873759708,5.4659516552276125e-05
cbc2ac28a0319e8983a909978df73e4ce18e243cef4ab28cf09fb96b9253e7bc,mem,300,1.350192904472351,0.013921243987251364,-4.796272367761002e-07
cc0b7e3616b733c02dd218fe52c40b911d98945cf32e1e114cf46692b033cafb,cpu,300,0.9516074061393738,0.8925088497124369,0.0001585564176405164
cc0b7e3616b733c02dd218fe52c40b911d98945cf32e1e114cf46692b033cafb,mem,300,0.9516074061393738,0.00011935492286074822,1.1706230324428496e-07
cc257e9a161f49488dddd203751d9f9d841c003f27af481204bcbabcb2079f96,cpu,300,32.58879852294922,0.004306287808982012,5.755634793815777e-07
cc257e9a161f49488dddd203751d9f9d841c003f27af481204bcbabcb2079f96,mem,300,32.58879852294922,0.0022855459716001336,-1.6937317803157784e-07
cc5e482dd37081c8a7f76fa77de09e805a95ef35cbd7604941cfd30091d9f416,cpu,300,0.535485565662384,0.28001902958345537,4.061904544652121e-05
cc5e482dd37081c8a7f76fa77de09e805a95ef35cbd7604941cfd30091d9f416,mem,300,0.535485565662384,0.02720827710317586,2.3099811235409535e-06
cc6d928af54c276733075cc1542acc9ccfa3a0ad92afb78d8de9fa17b052fad8,cpu,300,1.8679019212722778,0.0029746915839384824,7.51177129295374e-07
cc6d928af54c276733075cc1542acc9ccfa3a0ad92afb78d8de9fa17b052fad8,mem,300,1.8679019212722778,0.1494294930579807,4.4202034735572506e-07
cceaa80bab9542379fa02b8bb9ca93a4dcf598606c994e688147efbe81171c5a,cpu,300,1.9432145357131958,0.3343195882504989,2.248685191179418e-05
cceaa80bab9542379fa02b8bb9ca93a4dcf598606c994e688147efbe81171c5a,mem,300,1.9432145357131958,0.04286169816008434,-5.693826576030434e-06
ccf3fa1fba9d0f233e1930922f80e1d13aefb7e97452571baa0bc0902101dcf3,cpu,300,0.40990161895751953,0.7582542909896052,1.409029863011075e-06
ccf3fa1fba9d0f233e1930922f80e1d13aefb7e97452571baa0bc0902101dcf3,mem,300,0.40990161895751953,0.06485552683275875,-9.554567739873869e-08
cd15e277536a82697e10dd402532ebec8082bd865dcb18c45bff323dc154edac,cpu,300,1.0042524337768555,0.9725580854370923,0.0012306651232541245
cd15e277536a82697e10dd402532ebec8082bd865dcb18c45bff323dc154edac,mem,300,1.0042524337768555,0.028419657543018673,-2.0571514013401957e-06
cd3c8293322c15995958c21e62d2c15fd4ede9b12015d495b90250f2a293f22c,cpu,300,1.0039745569229126,0.06830442445581109,1.1018724501149256e-05
cd3c8293322c15995958c21e62d2c15fd4ede9b12015d495b90250f2a293f22c,mem,300,1.0039745569229126,0.014814819366088083,-2.926881674870936e-06
cd5b752879901278b523c2fa60b50d57ea49aff28da4d797eb85d711b9ef6d17,cpu,300,7.426184177398682,0.053483105782604956,0.00014169610279559568
cd5b752879901278b523c2fa60b50d57ea49aff28da4d797eb85d711b9ef6d17,mem,300,7.426184177398682,0.004620009079589926,-2.992633131433573e-06
cd608d30347ee95d6b65ae25ab4d36e600d2c1aa20af5cd986f81ccd620e1a71,cpu,300,0.6852724552154541,0.9768437812037688,7.607354172113115e-06
cd608d30347ee95d6b65ae25ab4d36e600d2c1aa20af5cd986f81ccd620e1a71,mem,300,0.6852724552154541,0.8712567804265904,-1.8929363925166372e-06
cd71a5e7d8c9909bc2aafde64a44b37d99dbfa73e6f39519f307c0e33263ab72,cpu,300,1.1740878820419312,0.9134539491232386,1.6634251209872874e-05
cd71a5e7d8c9909bc2aafde64a44b37d99dbfa73e6f39519f307c0e33263ab72,mem,300,1.1740878820419312,0.0023631712545099104,3.5612758755828554e-07
cd9f0bdb23f84524792d3e512a7e329946d4e65662e6e650d340ac60ad254e17,cpu,300,2.697141647338867,0.1903577442342108,1.8609045132513267e-05
cd9f0bdb23f84524792d3e512a7e329946d4e65662e6e650d340ac60ad254e17,mem,300,2.697141647338867,0.12217866185800352,1.3871721712934483e-05
ce374c9db85025c449f191bba59bc3c7a40e05d9ac2fc761ff48a46fb359abc5,cpu,300,5.901341915130615,0.002104862273475727,1.1441394152829064e-06
ce374c9db85025c449f191bba59bc3c7a40e05d9ac2fc761ff48a46fb359abc5,mem,300,5.901341915130615,0.002214750396545173,-7.275783722684382e-07
ce5c3f5fedaf2da756f09d64a1dfe5e5e8c736ab1c26cefc5b7fe558bd7f7025,cpu,300,7.31192684173584,0.014603997191823592,2.1923669413670986e-05
ce5c3f5fedaf2da756f09d64a1dfe5e5e8c736ab1c26cefc5b7fe558bd7f7025,mem,300,7.31192684173584,0.0016885069921172002,4.7139846452371474e-07
cea6048414381b4982c06f15da344a2deb492cb9423edd30ce51486de41d7afa,cpu,300,0.4939785897731781,0.14955652385732798,1.1135989381435899e-05
cea6048414381b4982c06f15da344a2deb492cb9423edd30ce51486de41d7afa,mem,300,0.4939785897731781,0.041700606361409265,-1.1366245868631333e-07
cee70de7be4767d00cd5d1b975bbcfeeb77b8072a0c6dac0319403b074973bfe,cpu,300,5.473477840423584,0.026251289469397143,1.0212669268825907e-06
cee70de7be4767d00cd5d1b975bbcfeeb77b8072a0c6dac0319403b074973bfe,mem,300,5.473477840423584,0.014648634574810249,-3.949386891047501e-08
cf15e7d188175b5d7837d7198f1f6a981334552e74625b5f53cfb99111d3367a,cpu,300,1.1146200895309448,0.0013001734529598519,4.887465774071033e-07
cf15e7d188175b5d7837d7198f1f6a981334552e74625b5f53cfb99111d3367a,mem,300,1.1146200895309448,0.004398948606206932,5.934222145892036e-07
cf4e807e4fb929c118c0d28fef18b055f8c43f2128069be4d7be186f2ba4def1,cpu,300,1.0182310342788696,0.020371188606929658,-1.6958186865053534e-06
cf4e807e4fb929c118c0d28fef18b055f8c43f2128069be4d7be186f2ba4def1,mem,300,1.0182310342788696,0.029447271216229587,9.515661231950622e-07
cf5f15ad4585ff713e95993380824a1f0fc1d85792f8dda58f8a150d17c4708a,cpu,300,1.26201593875885,0.7349792545625795,3.5644782249567323e-07
cf5f15ad4585ff713e95993380824a1f0fc1d85792f8dda58f8a150d17c4708a,mem,300,1.26201593875885,0.27151245733191554,-9.026376719702605e-09
cfad1cf9c6b241e81436edda1cf71d6c3b2fe7cf35a7ea39fd64b429867f44be,cpu,300,0.3500007092952728,0.7864880945958113,6.871863879794313e-06
cfad1cf9c6b241e81436edda1cf71d6c3b2fe7cf35a7ea39fd64b429867f44be,mem,300,0.3500007092952728,0.09685477262009923,1.2243014370724874e-08
cfb05d1cd881a32a11468fa4699ed928de27b63e713e09d5f5cebd5bd2af388d,cpu,300,0.5475512742996216,0.8369237575584167,0.0003457604711937353
cfb05d1cd881a32a11468fa4699ed928de27b63e713e09d5f5cebd5bd2af388d,mem,300,0.5475512742996216,0.34283153377187103,-7.428893113120158e-06
cfb6a655058e3019e6e40a24657c92fabfc65859e15647ffbcb01159c8b5be08,cpu,300,0.28666532039642334,0.8348471312711191,4.524238349302883e-07
cfb6a655058e3019e6e40a24657c92fabfc65859e15647ffbcb01159c8b5be08,mem,300,0.28666532039642334,0.2551813100423962,-6.352614825637675e-08
d015bb95fa4019ff3159740fea3930061399282aa93a932f0afc529ef6eb96f2,cpu,300,0.7900048494338989,0.7736726049108733,4.290432462279865e-05
d015bb95fa4019ff3159740fea3930061399282aa93a932f0afc529ef6eb96f2,mem,300,0.7900048494338989,0.0010529664798261118,-4.840509742847546e-07
d03bb97862607468fe3153b28d41a20de1e3144a5662642b8d4c1062c550f622,cpu,300,0.8119022846221924,0.5651048749718315,7.59584985384808e-07
d03bb97862607468fe3153b28d41a20de1e3144a5662642b8d4c1062c550f622,mem,300,0.8119022846221924,0.00018051896565773884,-4.662292629443791e-10
d0c2a815bb0667c75be62eb9f877e3c1365d7f14ae9cabfe634d0094b106f1b1,cpu,300,1.3002127408981323,0.027347514241894855,1.8951351711985723e-05
d0c2a815bb0667c75be62eb9f877e3c1365d7f14ae9cabfe634d0094b106f1b1,mem,300,1.3002127408981323,0.0007214293800893445,1.1201661303746713e-06
d0d3a580e84abf4295331c292dabd0eb2350c307b26da9f10094723ee9632bb4,cpu,300,1.6074620485305786,0.9208360293407235,1.3202693826059575e-05
d0d3a580e84abf4295331c292dabd0eb2350c307b26da9f10094723ee9632bb4,mem,300,1.6074620485305786,0.19967216978273805,-3.5810534984157343e-07
d17f58c4324b523992e8f479804b65a5b965f94877139b05fde540daf148384f,cpu,300,183.6077423095703,0.0010584625570340123,-5.573837960353025e-11
d17f58c4324b523992e8f479804b65a5b965f94877139b05fde540daf148384f,mem,300,183.6077423095703,0.0008996186288178221,-1.0954684753231309e-12
d1cfb72cb3209836a6c2efce9d1b4b7ce29fcf7dd521d6265cd29ab41f66301b,cpu,300,0.38060876727104187,0.0889747919365853,-3.8016705454967205e-05
d1cfb72cb3209836a6c2efce9d1b4b7ce29fcf7dd521d6265cd29ab41f66301b,mem,300,0.38060876727104187,0.0021321003304427544,4.542458283509279e-07
d1d87defea7855b7672e798bafbee68aa62c5c3179658bab722cc786c4898c81,cpu,300,1.214800477027893,0.696552422111258,0.00023572644116184744
d1d87defea7855b7672e798bafbee68aa62c5c3179658bab722cc786c4898c81,mem,300,1.214800477027893,0.013961155112632184,-8.174905386114052e-06
d1dda4d1df62bb2263658996cf45210550e00c78773a2e4b34efb9e9636380dd,cpu,300,0.6461023092269897,0.048962298042798835,7.753977962748989e-07
d1dda4d1df62bb2263658996cf45210550e00c78773a2e4b34efb9e9636380dd,mem,300,0.6461023092269897,0.025559609299270147,8.089480840060058e-08
d21bd8de14e8d34dbe4140736321a7a1349a198230e863e9e2acb02f8905a28d,cpu,300,6.287711143493652,0.4909328321687586,1.4954403051184734e-05
d21bd8de14e8d34dbe4140736321a7a1349a198230e863e9e2acb02f8905a28d,mem,300,6.287711143493652,0.0031694772326578136,-1.741760075802134e-06
d23c62a22cd424e2b23bb2330a8d9e5f2ef4e8c7b5bf1bd3d11b9912701c70c4,cpu,300,6.418010711669922,0.05152126785465938,9.96708327699392e-05
d23c62a22cd424e2b23bb2330a8d9e5f2ef4e8c7b5bf1bd3d11b9912701c70c4,mem,300,6.418010711669922,0.01420342248783557,2.6546334446129805e-06
d288ddaf74ec0809d3f335cfd29050b057f17e4536241cb7d36e1f9cbeea7897,cpu,300,1.4256150722503662,0.07080495968448697,1.5152563288587876e-05
d288ddaf74ec0809d3f335cfd29050b057f17e4536241cb7d36e1f9cbeea7897,mem,300,1.4256150722503662,0.0015013286561649242,-9.187035809397995e-08
d28a50f6f090ace28eab4fa92285d2290637d0f8fb0fbecbc14660e94c7b8b24,cpu,300,1.7915030717849731,0.10444675186189722,3.5404306946254434e-06
d28a50f6f090ace28eab4fa92285d2290637d0f8fb0fbecbc14660e94c7b8b24,mem,300,1.7915030717849731,0.013102382677587787,3.4682969321557053e-08
d29af02c87e36e2e5678a03838b11e504d16db23d9bc74d5e276e308541a4230,cpu,300,0.21799638867378235,0.5067517828655175,2.482678420834536e-05
d29af02c87e36e2e5678a03838b11e504d16db23d9bc74d5e276e308541a4230,mem,300,0.21799638867378235,0.0010659474000459523,-2.3339176328840367e-07
d2a241d5e06b1585d644585cdd19abc885ad411d7916293221de1b823bbf9473,cpu,300,9.83538818359375,0.009467228099200309,8.822701104996368e-06
d2a241d5e06b1585d644585cdd19abc885ad411d7916293221de1b823bbf9473,mem,300,9.83538818359375,0.00209926201635946,-9.559868804138239e-06
d2a95dac7c74f54f46272a63c25b3ac66d7d1a974c6b4566cbedd50bdc6b3430,cpu,300,0.29008132219314575,0.13493401644835978,0.00012994985494655599
d2a95dac7c74f54f46272a63c25b3ac66d7d1a974c6b4566cbedd50bdc6b3430,mem,300,0.29008132219314575,0.004480879059065579,1.226496248385827e-05
d2eded861edc4950ded586227c605416c113bc947bc4158abf706f5b757945b8,cpu,300,0.9765214920043945,0.2756498918929623,0.0005447610214195478
d2eded861edc4950ded586227c605416c113bc947bc4158abf706f5b757945b8,mem,300,0.9765214920043945,0.0047133704840612856,-1.8177765685398343e-06
d387a1bdf8913c6540493d152e0399c2286ee037cbc2dd877521a6dfd8abb985,cpu,300,0.66499263048172,0.72714595118253,3.4263655842080372e-06
d387a1bdf8913c6540493d152e0399c2286ee037cbc2dd877521a6dfd8abb985,mem,300,0.66499263048172,0.32222946730555757,8.549269561226375e-07
d38d0076ef7537259cf2ec5a60e8b15f1d1665911a731de19e87cbcdfe3def6e,cpu,300,0.5255338549613953,0.1889478184136686,7.787385069154507e-05
d38d0076ef7537259cf2ec5a60e8b15f1d1665911a731de19e87cbcdfe3def6e,mem,300,0.5255338549613953,0.02864891048077267,-4.842523333842372e-06
d3a3779104c9fd60f6fb27b4b02d04eb0c2ef56b43863ceb487849661a482232,cpu,300,0.43879202008247375,0.700968935055472,0.0005585579527735118
d3a3779104c9fd60f6fb27b4b02d04eb0c2ef56b43863ceb487849661a482232,mem,300,0.43879202008247375,0.3903433186193941,-0.00012803246428653067
d3aeefea08c74f2c6fca3edcadf4a4ad2a5cef3d23150ef06eba6e7812d66797,cpu,300,4.711359977722168,0.09802458038137518,3.0530233129572695e-05
d3aeefea08c74f2c6fca3edcadf4a4ad2a5cef3d23150ef06eba6e7812d66797,mem,300,4.711359977722168,0.011731344321692538,-1.8510958808119622e-07
d3f5c6507b4fefe44c0e3b45cdf25e3d6baec99c7cb33c78f20a1c8a0abe46ca,cpu,300,0.8824524879455566,0.26072061831427595,4.607844832495519e-07
d3f5c6507b4fefe44c0e3b45cdf25e3d6baec99c7cb33c78f20a1c8a0abe46ca,mem,300,0.8824524879455566,0.00042613424499327035,-1.4425731673667412e-09
d3f8cede1d999cc6a19b4d816928cc98bd93543eca84bad7e4091808c6d10d51,cpu,300,0.4864574670791626,0.06245131197684284,2.2394583349575243e-06
d3f8cede1d999cc6a19b4d816928cc98bd93543eca84bad7e4091808c6d10d51,mem,300,0.4864574670791626,0.0866417360235685,-6.704344756258999e-07
d436f043f7bc2091b48dd0bd0c83b9cb8a23ebf0820b8a22900f54458a0c9b34,cpu,300,0.3882443308830261,0.054770070793070724,1.7371451045632166e-05
d436f043f7bc2091b48dd0bd0c83b9cb8a23ebf0820b8a22900f54458a0c9b34,mem,300,0.3882443308830261,0.26851667291941916,4.6913030390949e-05
d4399ca165dd22097ba19e285ee944dd50b77569664443b66b0f3c047609f00b,cpu,300,2.025106430053711,0.042631383153507674,3.93130756415741e-07
d4399ca165dd22097ba19e285ee944dd50b77569664443b66b0f3c047609f00b,mem,300,2.025106430053711,0.004799655060483188,3.3732813301890208e-09
d4c16d4a3f240e0d11eef75a75a02e08cea16507f5a39b88c4e55ec69b2a53c7,cpu,300,0.34295785427093506,0.010510652354230765,-1.3598318989990855e-06
d4c16d4a3f240e0d11eef75a75a02e08cea16507f5a39b88c4e55ec69b2a53c7,mem,300,0.34295785427093506,0.007533067045003117,1.4486192566174484e-07
d527d205094c9ddfa8d2ed03a0d7e7af67de4f136bb6cefc843c818d76d9ca63,cpu,300,1.0054043531417847,0.5823881229258878,3.84577358424176e-05
d527d205094c9ddfa8d2ed03a0d7e7af67de4f136bb6cefc843c818d76d9ca63,mem,300,1.0054043531417847,0.3612899455267411,-4.44083061411195e-06
d55caac3e294a56883379d1d380394f3b60665c0a6b3c5ca7050165d6e9d19f0,cpu,300,6.087425708770752,0.0018890617240738816,2.664000847932173e-08
d55caac3e294a56883379d1d380394f3b60665c0a6b3c5ca7050165d6e9d19f0,mem,300,6.087425708770752,7.025387154913076e-05,-9.688606352589199e-10
d5f62dd2f125ee258293377e20552b31137fb08fc7e446ca90704b42ce0d51af,cpu,300,7.251128673553467,0.01745157839306366,2.5230715191217052e-06
d5f62dd2f125ee258293377e20552b31137fb08fc7e446ca90704b42ce0d51af,mem,300,7.251128673553467,0.0011474293304205574,-1.8064648456732893e-07
d61621ae51048ed1eaab2453f3ea13a608e11a81c09264c15a6d1e2df7bcf0c9,cpu,300,1.140549659729004,0.22344908254559048,-0.0012717338058574118
d61621ae51048ed1eaab2453f3ea13a608e11a81c09264c15a6d1e2df7bcf0c9,mem,300,1.140549659729004,0.01762959384074947,-3.233347686107393e-05
d680950b029230261f4e2bd4f2134bcd9e519b152d595e9566728c57910a097f,cpu,300,0.26892009377479553,0.9427721128678804,3.5523596127444684e-06
d680950b029230261f4e2bd4f2134bcd9e519b152d595e9566728c57910a097f,mem,300,0.26892009377479553,0.00021043622211769364,7.511265387180571e-10
d6d0c0b5725020067015352fdc33d9c6660d6cda5bf787127b71842d6987b272,cpu,300,1.0684741735458374,0.16241093782363525,0.00034012846392546156
d6d0c0b5725020067015352fdc33d9c6660d6cda5bf787127b71842d6987b272,mem,300,1.0684741735458374,0.007997707001184184,-1.1948083840654042e-05
d6d9fc487215c50426045c51ecd64ddb8f940aff4a4c28063efba60b31819912,cpu,300,1.0007292032241821,0.26925370750884925,2.2559048962531714e-05
d6d9fc487215c50426045c51ecd64ddb8f940aff4a4c28063efba60b31819912,mem,300,1.0007292032241821,0.0004794637112737199,3.7521660270925247e-06
d7428366a524e5d20a7877b2e3718258a4e6ad0e212a90b917be281aa84552e4,cpu,300,0.6135430932044983,0.12256731785642161,2.6155252493620216e-05
d7428366a524e5d20a7877b2e3718258a4e6ad0e212a90b917be281aa84552e4,mem,300,0.6135430932044983,0.06819482320846726,-1.2976490083167962e-05
d744844b12daa5d089ccce8bab065ee989d81843db158821e2588cb5334cfe62,cpu,300,0.3885610103607178,0.8748559437525851,8.953158200533627e-06
d744844b12daa5d089ccce8bab065ee989d81843db158821e2588cb5334cfe62,mem,300,0.3885610103607178,0.01591190369515505,-3.1629378135311156e-07
d755fbe29a37be86b4334f6ad7c8c2c6486377f970da4de070674601fe3d0d1b,cpu,300,1.1559703350067139,0.24676073039364588,4.3343359605077746e-05
d755fbe29a37be86b4334f6ad7c8c2c6486377f970da4de070674601fe3d0d1b,mem,300,1.1559703350067139,0.09468270978901672,-1.134093122283867e-05
d790896d0d2917858bce3d0f992148934cd3bdbdbb9e47d004e2c2a1c8b9a7c9,cpu,300,3.283942222595215,0.0004776956541368005,3.164262695591387e-06
d790896d0d2917858bce3d0f992148934cd3bdbdbb9e47d004e2c2a1c8b9a7c9,mem,300,3.283942222595215,0.004986648585800668,-4.5099995679951754e-06
d7b85389a523bf9cb0b798a4c3ac9ba515cac94998b8948ee6461500439ba3ba,cpu,300,0.7222163677215576,0.8519132439487823,1.1874390432265977e-05
d7b85389a523bf9cb0b798a4c3ac9ba515cac94998b8948ee6461500439ba3ba,mem,300,0.7222163677215576,0.026219426490797892,-2.8501537093481995e-07
d838b7e3bdb884a45267d6d626501e86c0522f0f166fb35e083bd861392d0590,cpu,300,106.94036865234375,0.00027325023955770966,-9.902568678097921e-09
d838b7e3bdb884a45267d6d626501e86c0522f0f166fb35e083bd861392d0590,mem,300,106.94036865234375,0.0008432420978242705,-2.5296306999909154e-09
d83d222a26ba4a9c4d68d35a896870288d86f8ad6e24624d78c0f66a193c5343,cpu,300,0.9719624519348145,0.6347325600401621,0.0005072385764777002
d83d222a26ba4a9c4d68d35a896870288d86f8ad6e24624d78c0f66a193c5343,mem,300,0.9719624519348145,0.11901908544013606,-1.1604226175013806e-05
d8663a0efc6ab9ebc7305853a67ce3ed9fd3f21018899a2010e18dcc4ed26df5,cpu,300,0.876456081867218,0.016297572325004617,0.003204580054515292
d8663a0efc6ab9ebc7305853a67ce3ed9fd3f21018899a2010e18dcc4ed26df5,mem,300,0.876456081867218,0.0037618358475328684,0.0010426102353407489
d866b548c8336de52155a8318961fa587bbefecaef82cb0f7f8d14748a94c212,cpu,300,0.39027342200279236,0.7589251970701847,6.423511573684648e-06
d866b548c8336de52155a8318961fa587bbefecaef82cb0f7f8d14748a94c212,mem,300,0.39027342200279236,0.03518501571987731,-8.252579162615723e-07
d888067d7a1de342cbc3b75cc4ca657dad20e8dda2614675bea95762eaae3530,cpu,300,1.24803626537323,0.5415464047862524,1.7772091918154934e-05
d888067d7a1de342cbc3b75cc4ca657dad20e8dda2614675bea95762eaae3530,mem,300,1.24803626537323,0.17480840065332293,-2.7986502097646463e-07
d8b3f95770657b712646c8d42d14a78282456952678c24054fc05c93ba27aaf3,cpu,300,2.5381500720977783,0.0017212934727131035,-1.1859444400788645e-06
d8b3f95770657b712646c8d42d14a78282456952678c24054fc05c93ba27aaf3,mem,300,2.5381500720977783,7.221533299295313e-05,6.117629502655854e-07
d9436ac890125f9d53d2485336c9c98adcf90325c99ade8b1d345c5679976368,cpu,300,0.11263273656368256,0.4349044758398981,3.958772959396346e-05
d9436ac890125f9d53d2485336c9c98adcf90325c99ade8b1d345c5679976368,mem,300,0.11263273656368256,0.005589831136157852,7.874887694754516e-07
d973b113c7c708641f1dd615f6c3525041faf5c6aa1f371eeecf567988e56bda,cpu,300,0.4395202696323395,0.6921952284127999,4.2909513980426415e-06
d973b113c7c708641f1dd615f6c3525041faf5c6aa1f371eeecf567988e56bda,mem,300,0.4395202696323395,0.05021292311068859,1.8657027027559814e-07
d9ab405d36382aa772c235c968a6e691de47ba9f0378de4464f5afc2767d912d,cpu,300,1.946686863899231,0.9078423392679134,9.428625476222068e-05
d9ab405d36382aa772c235c968a6e691de47ba9f0378de4464f5afc2767d912d,mem,300,1.946686863899231,0.00748569246179509,-8.219142233791806e-07
d9c8f3cacf27966c9255fc5fa4d06e4543c1160a956a029b56dc1288a9db8884,cpu,300,0.6788841485977173,0.8437922065145826,5.578132214312687e-05
d9c8f3cacf27966c9255fc5fa4d06e4543c1160a956a029b56dc1288a9db8884,mem,300,0.6788841485977173,2.444519379796173e-05,1.8150959022096133e-08
da65d8ce314755e242a9f4067e4943e1d0d0993642b33be40a7349fe10e21525,cpu,300,0.3215493857860565,0.3672789972985193,2.523250463635729e-05
da65d8ce314755e242a9f4067e4943e1d0d0993642b33be40a7349fe10e21525,mem,300,0.3215493857860565,0.24565309060753038,6.0726732121193225e-06
da7ee9e92e4a9fae96d14e8aeeccccffb4f0a7d9a89944f229cc4e4bec2cb325,cpu,300,3.344254493713379,0.4273033438202267,6.593249468083577e-06
da7ee9e92e4a9fae96d14e8aeeccccffb4f0a7d9a89944f229cc4e4bec2cb325,mem,300,3.344254493713379,0.014876677882829648,-2.4348134680545e-08
da7fb1f8df43a2a4f52270122e36926008a03831a4517b41f23e9a28e0e9bae0,cpu,300,1.7165329456329346,0.08127421759120901,4.696043988837823e-07
da7fb1f8df43a2a4f52270122e36926008a03831a4517b41f23e9a28e0e9bae0,mem,300,1.7165329456329346,0.0036199948664682458,5.741482620562373e-09
daa312b7d43ebc40418dac11463874b27bd7d320ca79fdb368a8de40e52cee6e,cpu,300,3.800194025039673,0.0009758270735993335,3.8271951695138155e-07
daa312b7d43ebc40418dac11463874b27bd7d320ca79fdb368a8de40e52cee6e,mem,300,3.800194025039673,0.06367634744794837,1.7511685188443015e-06
dab60689d5ae1e609bdeb4739110f2bd2ee695913c4be70c46922e2a331bd200,cpu,300,9.77132797241211,0.000235229601784126,6.79439600107421e-06
dab60689d5ae1e609bdeb4739110f2bd2ee695913c4be70c46922e2a331bd200,mem,300,9.77132797241211,0.004354680738812844,-5.122324164018902e-06
dad93363c30d440df0bae043024a1367f25475c8501ede74dac4eb498a465625,cpu,300,2.267346143722534,0.03263643901654201,3.275487441226991e-05
dad93363c30d440df0bae043024a1367f25475c8501ede74dac4eb498a465625,mem,300,2.267346143722534,0.003934947265703093,8.447082129688176e-06
db5c4d5da0e1069f1d1f3720b6360cbc7c8bd49386a936def50e8d007b26b917,cpu,300,0.6296370029449463,0.00038778879465328764,-1.3478579670261466e-06
db5c4d5da0e1069f1d1f3720b6360cbc7c8bd49386a936def50e8d007b26b917,mem,300,0.6296370029449463,0.0007035845326154311,1.0152538182764108e-06
db6cbd3793f035c0c577409e434be9b90c051f09aa62bf8f09dbedf95c13a383,cpu,300,2.342576503753662,0.013594439905376232,1.969259424686901e-06
db6cbd3793f035c0c577409e434be9b90c051f09aa62bf8f09dbedf95c13a383,mem,300,2.342576503753662,0.025713260996834575,9.217421026625711e-07
db8759319bd5ea1f4a6a2437cb94f5c5c9833f1cf5202182bbddfb9a286f84ab,cpu,300,1.862155795097351,0.03906154033784548,4.105191009227471e-05
db8759319bd5ea1f4a6a2437cb94f5c5c9833f1cf5202182bbddfb9a286f84ab,mem,300,1.862155795097351,0.006943128481854077,1.488694800949425e-06
db985062d0aee4bce05b05c48f79d627d7f30572e8c745ac54e5c8f5865a6d5a,cpu,300,7.6476263999938965,0.0036055110436252757,2.3504378847733194e-07
db985062d0aee4bce05b05c48f79d627d7f30572e8c745ac54e5c8f5865a6d5a,mem,300,7.6476263999938965,0.0018041769054351064,2.531604020104707e-08
dbb17aa47e7f04fbdc54b3d99b302c85c2c3bb1dd08d9248e6ff554de6b0e3c1,cpu,300,73.30695343017578,0.0353909235605403,8.812515345290643e-08
dbb17aa47e7f04fbdc54b3d99b302c85c2c3bb1dd08d9248e6ff554de6b0e3c1,mem,300,73.30695343017578,0.00319500749839563,6.731854018072141e-08
dbcbac8c618d9d04d39fdd41759a1ba251e5ad1eae1ebdd98255c36942ba3d93,cpu,300,1.8204257488250732,0.9455440074494784,1.7883689226789026e-05
dbcbac8c618d9d04d39fdd41759a1ba251e5ad1eae1ebdd98255c36942ba3d93,mem,300,1.8204257488250732,0.2830314433813065,1.1413619574021515e-06
dbd458fdbe18d96b0165cb4dc953891d34a838ab5c24b13453b4c477d1a6db32,cpu,300,0.6439555883407593,0.683816633482681,0.00022071243880336853
dbd458fdbe18d96b0165cb4dc953891d34a838ab5c24b13453b4c477d1a6db32,mem,300,0.6439555883407593,0.11268782771750441,2.5761557952387705e-05
dbff4a8d66628b09dde3af64cae526956a8a9c50764c220ee14efaa51aa398d6,cpu,300,1.2486492395401,0.41259972828516756,0.00036668021614036914
dbff4a8d66628b09dde3af64cae526956a8a9c50764c220ee14efaa51aa398d6,mem,300,1.2486492395401,0.02114458137737718,-2.897176926823236e-06
dc0c230b729e08e4a65a44af84fb82d2126244fb14a0c674daac21308db9ea93,cpu,300,0.3851379454135895,0.915393643757809,9.870890249330213e-06
dc0c230b729e08e4a65a44af84fb82d2126244fb14a0c674daac21308db9ea93,mem,300,0.3851379454135895,0.061897442878255826,-9.709059883770335e-08
dc71683b7e64ce4a8758094e94928d03f3c2ba5e752f068911a91497d74d74d5,cpu,300,27.132244110107422,0.02494932882750356,2.8582463666359878e-06
dc71683b7e64ce4a8758094e94928d03f3c2ba5e752f068911a91497d74d74d5,mem,300,27.132244110107422,0.010203640176384088,1.563397373365755e-07
dc83685c2137ce66677057cc8b6821bd5f287ede7de2c819ee3fc64f2fa001b2,cpu,300,2.7303595542907715,0.30438684860319976,0.000101081453032262
dc83685c2137ce66677057cc8b6821bd5f287ede7de2c819ee3fc64f2fa001b2,mem,300,2.7303595542907715,0.02211176175977103,1.793549359504127e-06
dca002c6e70a8600ef097c9dd02378c6c07e1eae5c6f4c704f5c89039f128154,cpu,300,0.23420682549476624,0.007082207875225954,2.2534400611557106e-05
dca002c6e70a8600ef097c9dd02378c6c07e1eae5c6f4c704f5c89039f128154,mem,300,0.23420682549476624,0.0017528152818462317,-2.4063969923111038e-05
dccacd558ca56ae655fbfc8914f322b468f071db1fade7285688371cdf6badff,cpu,300,2.0796515941619873,0.39926998401006475,0.00011176190046278488
dccacd558ca56ae655fbfc8914f322b468f071db1fade7285688371cdf6badff,mem,300,2.0796515941619873,0.06181701204461465,5.9891780277648123e-05
dcfe053faf462ddcbbaf3ea7a7882e5ddd7b0e53f35211b385108ed7dcf75c4d,cpu,300,0.6233722567558289,0.1965565298776204,3.186574850661726e-05
dcfe053faf462ddcbbaf3ea7a7882e5ddd7b0e53f35211b385108ed7dcf75c4d,mem,300,0.6233722567558289,0.009826645939386647,5.51871075415291e-07
dd15faa3805d61adb8bb6cc28f716bab0bd0b878f43e5ef4a24d9193a39e5f07,cpu,300,1.1533536911010742,0.11113494449008798,8.398027919781896e-05
dd15faa3805d61adb8bb6cc28f716bab0bd0b878f43e5ef4a24d9193a39e5f07,mem,300,1.1533536911010742,0.10126153607460253,-5.216272933587454e-06
dd3cae9b191af889beead67ee486bfbdc51ddbcb9ffd43b08c57dd26c3e7b5f8,cpu,300,0.9401121139526367,0.019654157193678468,4.034362110161926e-05
dd3cae9b191af889beead67ee486bfbdc51ddbcb9ffd43b08c57dd26c3e7b5f8,mem,300,0.9401121139526367,0.007329934698473539,5.323364052239142e-06
dd7f7d6c3b232e524a965a46cff59d9bbc58698f123af63e32aac6c53213d00e,cpu,300,6.2718915939331055,0.1549104564762196,5.021736518839363e-05
dd7f7d6c3b232e524a965a46cff59d9bbc58698f123af63e32aac6c53213d00e,mem,300,6.2718915939331055,0.004928641803268019,5.240225419290613e-07
ddf785f462774401bb10f8fbab10d18056b7c3da6811b9919ff70551cd970eb0,cpu,300,0.2240792065858841,0.7189973129629912,7.500712590055646e-06
ddf785f462774401bb10f8fbab10d18056b7c3da6811b9919ff70551cd970eb0,mem,300,0.2240792065858841,0.041868093232183545,1.4579377969699793e-07
de8019022ef94a803bc57ec32e096ace4caec865850e26d6d217cf77fa78fb1b,cpu,300,1.2501139640808105,0.507290293445541,3.848704648193234e-05
de8019022ef94a803bc57ec32e096ace4caec865850e26d6d217cf77fa78fb1b,mem,300,1.2501139640808105,0.10285038299159743,-7.190327290532505e-07
ded27df6b2a1afab7afa7de1bcedd65d22f97a6fcba4edaf5367be0993284d41,cpu,300,0.34610772132873535,0.803325941382117,5.382294033559773e-06
ded27df6b2a1afab7afa7de1bcedd65d22f97a6fcba4edaf5367be0993284d41,mem,300,0.34610772132873535,0.0038545930171410836,2.40260462478204e-08
dedc840fcb341695f620d777cfe4bb9c18e9d731cee589c3418c3d476172af2a,cpu,300,5.7218017578125,0.023575696816522274,5.802225737301961e-06
dedc840fcb341695f620d777cfe4bb9c18e9d731cee589c3418c3d476172af2a,mem,300,5.7218017578125,0.03933682428414864,5.141431769016137e-06
def4dcca30659af94e87d73f3da4c9c20dfcd71391f158ae00dff70cdfcc7293,cpu,300,0.7231926321983337,0.7555880225835964,3.526138418527927e-06
def4dcca30659af94e87d73f3da4c9c20dfcd71391f158ae00dff70cdfcc7293,mem,300,0.7231926321983337,0.2527107895445371,8.809948363726448e-08
df109bf2a3bda3c6b06e1c7e951edcfa60485111af5c304fdeb3ef3ddc2f9b63,cpu,300,1.2518948316574097,0.006281228659598126,7.388618775553518e-05
df109bf2a3bda3c6b06e1c7e951edcfa60485111af5c304fdeb3ef3ddc2f9b63,mem,300,1.2518948316574097,0.06681298015103587,0.00010443337824736122
df2c0d33c18d64e3fb89cae2d6d0495f875a48b5f43a19aca6d92f64e55b4082,cpu,300,3.3566761016845703,0.31045344603035796,7.10912157371608e-06
df2c0d33c18d64e3fb89cae2d6d0495f875a48b5f43a19aca6d92f64e55b4082,mem,300,3.3566761016845703,0.09102639805170765,1.1497461607393523e-06
df5321cd19ac27a31879b5c190bc0ac8a107451ba00f78be014d98104858c465,cpu,300,0.4186088442802429,0.9135929959274138,4.190269403093837e-06
df5321cd19ac27a31879b5c190bc0ac8a107451ba00f78be014d98104858c465,mem,300,0.4186088442802429,6.044921633918676e-06,6.308645247746894e-10
df5cc74edafc0506b76930240f09251ba5257f59c16cc90b9983b7caaccdfa0d,cpu,300,1.3128358125686646,1.3217228436168682e-05,1.164977532591953e-08
df5cc74edafc0506b76930240f09251ba5257f59c16cc90b9983b7caaccdfa0d,mem,300,1.3128358125686646,0.00400570525309818,-3.6484071717975206e-08
df84997ab2de3dc65e14896a93ac5fcd5dde041d5a95df2e72402ae561777388,cpu,300,1.8869245052337646,0.5545507642902169,0.00038236372778362903
df84997ab2de3dc65e14896a93ac5fcd5dde041d5a95df2e72402ae561777388,mem,300,1.8869245052337646,0.008399258615552685,6.561914550897935e-07
df852dd1a8bed8b9cbd268b62e0383afaeb5829e9d3ee72532ec0e878c4b542b,cpu,300,1.6185381412506104,0.20786644163687573,5.122619793126144e-05
df852dd1a8bed8b9cbd268b62e0383afaeb5829e9d3ee72532ec0e878c4b542b,mem,300,1.6185381412506104,0.0025389438627914096,-1.5490853851854166e-05
df8793ed7254a9fa93f99196eb31ad82b55623aa2ae1d60854ac374fec0e66a7,cpu,300,0.6786373853683472,0.05722418064350443,6.316362402312424e-07
df8793ed7254a9fa93f99196eb31ad82b55623aa2ae1d60854ac374fec0e66a7,mem,300,0.6786373853683472,0.0024533425107293727,1.089826907472527e-08
df8e9873a8e78bebbdf2ff71c6a092cc664bb6f3c3a8738314e9779859c0ede8,cpu,300,0.7923920154571533,0.9300511468699819,7.801976108782675e-06
df8e9873a8e78bebbdf2ff71c6a092cc664bb6f3c3a8738314e9779859c0ede8,mem,300,0.7923920154571533,0.36673157030206194,-1.0854963846900083e-07
df8fe398881ae479dd906a3cea9256035091f8c67ab447e5e20c6ccce1f5c0c7,cpu,300,0.9286397695541382,0.0867520344225946,9.348961853662147e-07
df8fe398881ae479dd906a3cea9256035091f8c67ab447e5e20c6ccce1f5c0c7,mem,300,0.9286397695541382,0.0051607946175813435,-4.9234525934759674e-08
df929f06fc9d6434342da9506ffb263b8746eef64c81d3fa64e66bb916f2f184,cpu,300,0.21649758517742157,0.5880489533922533,1.075354404602476e-05
df929f06fc9d6434342da9506ffb263b8746eef64c81d3fa64e66bb916f2f184,mem,300,0.21649758517742157,0.020586414783359874,1.6043899122678766e-06
df9626b661613a11f429b362464c2e1665139698181f517da8861d2b7476d102,cpu,300,2.612349510192871,0.18851949763491327,2.8481338028127348e-06
df9626b661613a11f429b362464c2e1665139698181f517da8861d2b7476d102,mem,300,2.612349510192871,0.0505052780466656,1.4700522565752995e-07
dfa7bca50aa4c522d676e7a7f551d9bc01db30c202617f3a4fefda04f7490802,cpu,300,1.7130651473999023,0.10591646050006309,2.844038093677281e-05
dfa7bca50aa4c522d676e7a7f551d9bc01db30c202617f3a4fefda04f7490802,mem,300,1.7130651473999023,0.0056185935505125295,7.168141135449071e-06
dff22e85c733201b3af2ddd6431bb962389bb9f89c2f00250ee7d67d69589d4a,cpu,300,0.29515817761421204,0.9256811711079973,9.385401237747804e-06
dff22e85c733201b3af2ddd6431bb962389bb9f89c2f00250ee7d67d69589d4a,mem,300,0.29515817761421204,0.022964341901097973,6.255982885757272e-08
e02c1d0906b0942704983a4cd82fd9b89063a3d7aa91e1fa0a59d39eca31bada,cpu,300,0.6335920691490173,0.9310384595650717,2.0188560061363335e-05
e02c1d0906b0942704983a4cd82fd9b89063a3d7aa91e1fa0a59d39eca31bada,mem,300,0.6335920691490173,0.6795255788198311,7.451511991145725e-07
e05dee4fcf1a24a81104312389ef6e32e849dfae026b0a12847be647a5a1af6a,cpu,300,0.27509841322898865,0.02656902341533729,4.582896378068973e-06
e05dee4fcf1a24a81104312389ef6e32e849dfae026b0a12847be647a5a1af6a,mem,300,0.27509841322898865,0.013510615409195847,2.2935905490054883e-08
e111dad8443d114635d9a269f8db385fdc8a371b1a64040de4a7f268feaab370,cpu,300,0.13958539068698883,0.09330049636187854,0.0007628045561983858
e111dad8443d114635d9a269f8db385fdc8a371b1a64040de4a7f268feaab370,mem,300,0.13958539068698883,0.0035136248491108857,-2.945544436491315e-06
e12fc97a3c8fdb3f7b5e933669ee2795cb27ea05b567171165b8483d79572274,cpu,300,1.5788642168045044,0.0033104547977194088,0.0001244833953489097
e12fc97a3c8fdb3f7b5e933669ee2795cb27ea05b567171165b8483d79572274,mem,300,1.5788642168045044,0.0004905236288287318,-2.4886820442979005e-05
e13fbd56fb05bc279aed4e025f7d97ff2cd714e14bdbc7eb8f01d99ec0bb09f6,cpu,300,0.9362126588821411,0.6019880308475873,1.2754561482755876e-05
e13fbd56fb05bc279aed4e025f7d97ff2cd714e14bdbc7eb8f01d99ec0bb09f6,mem,300,0.9362126588821411,0.008797549563694718,2.787789579950616e-07
e1a21d6a2920c43f3d856ee540a05a89e2fea84a079ee8dce1efb057e30b5d26,cpu,300,6.165529727935791,0.00012795916106345118,2.3632576204597726e-08
e1a21d6a2920c43f3d856ee540a05a89e2fea84a079ee8dce1efb057e30b5d26,mem,300,6.165529727935791,0.0007079098227171787,-1.0356690365193924e-08
e1ac20caba7431c563efdadf7a912d8b0edb5e3bc2eba100066dc1822b0952b3,cpu,300,15.247611999511719,0.0011973353897761774,1.4994855246673878e-05
e1ac20caba7431c563efdadf7a912d8b0edb5e3bc2eba100066dc1822b0952b3,mem,300,15.247611999511719,0.008229203290284315,-1.0023618376873699e-05
e215b7774d20404b6b7ef46c5c42db8939078471c5691d8d930d65efbf44e2dc,cpu,300,1.3036643266677856,0.007080070705535957,3.7456331886612844e-06
e215b7774d20404b6b7ef46c5c42db8939078471c5691d8d930d65efbf44e2dc,mem,300,1.3036643266677856,0.0014358172056132545,-1.1270884636007e-06
e2350413f1606f6332ee2a2d98f09029cd454b0b216b244314f0f32f96b2308c,cpu,300,0.9225016832351685,0.0347211630081401,0.0001438640710534321
e2350413f1606f6332ee2a2d98f09029cd454b0b216b244314f0f32f96b2308c,mem,300,0.9225016832351685,0.0008837005744076754,-3.2228914723458762e-06
e243b72c702bbccae24a4b39ca44b91c40c32eb6627b98209f5f21568a4e5316,cpu,300,0.4731689393520355,0.0009833378536384663,6.402155359803619e-07
e243b72c702bbccae24a4b39ca44b91c40c32eb6627b98209f5f21568a4e5316,mem,300,0.4731689393520355,0.3112065493293402,1.3223505546010178e-06
e24a16d11ddc68dd4e4ff81b0b1c5c4395066b8c60e6b29ff54812f731014ead,cpu,300,0.526422381401062,0.8802340309188842,4.227641505095995e-05
e24a16d11ddc68dd4e4ff81b0b1c5c4395066b8c60e6b29ff54812f731014ead,mem,300,0.526422381401062,0.7962594428115564,9.759837743559696e-06
e32510140ab9654dfd48b553f2228dcfab973464b7443b24d59e19493dd673f5,cpu,300,2.0155577659606934,0.6115814272242415,5.6453210964516354e-05
e32510140ab9654dfd48b553f2228dcfab973464b7443b24d59e19493dd673f5,mem,300,2.0155577659606934,0.2939885448756786,2.1833753378351703e-05
e32bda6711ca8131a9de1aea1e1f256fc52bb8948ada6da442cf6a18164063ac,cpu,300,3.185774803161621,0.01910449514486423,8.01326814918282e-07
e32bda6711ca8131a9de1aea1e1f256fc52bb8948ada6da442cf6a18164063ac,mem,300,3.185774803161621,0.02039008659481223,7.514314588152778e-08
e34bfa7851ab63d1172b1ea22f2bde8d6902077f352461b07ac5c42e05be1626,cpu,300,1.9103729724884033,0.001784919888732861,2.3112022773430192e-06
e34bfa7851ab63d1172b1ea22f2bde8d6902077f352461b07ac5c42e05be1626,mem,300,1.9103729724884033,0.00426151143661313,1.2138814979389115e-06
e36706cf92adeab5577d3766a42ba23993d591bd23a20001e104d91796f04246,cpu,300,0.28446486592292786,0.9500153534347224,2.1375361236218036e-06
e36706cf92adeab5577d3766a42ba23993d591bd23a20001e104d91796f04246,mem,300,0.28446486592292786,0.38782319714957725,6.605814542903843e-08
e36bb1e19c930ee1e624e55a4258fc1421a643e63529b9c2be9e1f0c49eeba5a,cpu,300,0.2693241536617279,0.09801217342615676,0.0003929045611079292
e36bb1e19c930ee1e624e55a4258fc1421a643e63529b9c2be9e1f0c49eeba5a,mem,300,0.2693241536617279,0.006096112223737182,0.00016441476880416404
e3eccf9b63d85a18f0df621d20f8599faea6025cc9fb9b3e004e295a86d0b84f,cpu,300,0.606616199016571,0.9785839396613683,1.4526175218495925e-05
e3eccf9b63d85a18f0df621d20f8599faea6025cc9fb9b3e004e295a86d0b84f,mem,300,0.606616199016571,0.0012460543061125762,-2.5100399829415874e-08
e40c4323fb2422db1597edc14ea77aa028cdff19961af3a772b6e01fbc54d837,cpu,300,1.8223820924758911,0.03959077944244538,3.0167543902552265e-07
e40c4323fb2422db1597edc14ea77aa028cdff19961af3a772b6e01fbc54d837,mem,300,1.8223820924758911,0.016687419262132686,7.928578418351809e-08
e444855c3e5daa24f6ee19dc0f4aabd7877a91040a7c3f7571818b14d13377c6,cpu,300,1.6305702924728394,0.2908169242222234,0.00022870664035548003
e444855c3e5daa24f6ee19dc0f4aabd7877a91040a7c3f7571818b14d13377c6,mem,300,1.6305702924728394,0.1003813821980778,3.1729629402964284e-05
e46b39a0fb057cdc5a4b07607c9ae5e5e634c53c6f8c0796aeb9f7f49fa5be12,cpu,300,0.9150634407997131,0.8171166997842347,1.998909304271688e-05
e46b39a0fb057cdc5a4b07607c9ae5e5e634c53c6f8c0796aeb9f7f49fa5be12,mem,300,0.9150634407997131,0.15145508359429105,1.6368559750965895e-06
e492bfdf4f8a6757aa58864718ce6de6fc8026a60e4f164b18ef681b03e53415,cpu,300,6.95940637588501,0.0002013510379501593,7.892903247200213e-07
e492bfdf4f8a6757aa58864718ce6de6fc8026a60e4f164b18ef681b03e53415,mem,300,6.95940637588501,0.04029480342748637,-2.438420013339631e-05
e4ed7cd27c4cc804a416aa347b47eea6eae054714d8c0ec2645cc4f610c487ca,cpu,300,0.5785523653030396,0.5229533129230024,1.203963898097452e-06
e4ed7cd27c4cc804a416aa347b47eea6eae054714d8c0ec2645cc4f610c487ca,mem,300,0.5785523653030396,0.047575694958017944,1.4551479949300285e-07
e52c78f5c78eab849baa283a62be6902afcd6c5f7d423176f6796faa23033416,cpu,300,3.236276626586914,0.06771386636463295,2.4296688277895113e-06
e52c78f5c78eab849baa283a62be6902afcd6c5f7d423176f6796faa23033416,mem,300,3.236276626586914,0.0018797686761272692,1.8472290339981732e-08
e549d72a19949c3ac88ba08143c606509111ccf0d17a853b35af2155b5091125,cpu,300,0.714819610118866,0.5268728128554994,3.495488194329776e-05
e549d72a19949c3ac88ba08143c606509111ccf0d17a853b35af2155b5091125,mem,300,0.714819610118866,0.4632868264731119,-1.8757650897993615e-05
e57568e050021068615070e735bab0c931ac4c843a0b9545d43c3d2949d61130,cpu,300,0.37100932002067566,0.000987274945106087,1.7149011975351505e-05
e57568e050021068615070e735bab0c931ac4c843a0b9545d43c3d2949d61130,mem,300,0.37100932002067566,0.005967711356654415,-2.55369765666534e-06
e577f5c23c12ea7c998bf41569d9d6a235211c9711cb1f86717e62f0130350ab,cpu,300,0.21490254998207092,0.3403158729997364,-7.143951648828885e-06
e577f5c23c12ea7c998bf41569d9d6a235211c9711cb1f86717e62f0130350ab,mem,300,0.21490254998207092,0.0019525524550713103,-2.527403883571934e-07
e5b6cadae6eaa8e435989a5db1b4195b06d691e9e649540858ac45ab9acf6c06,cpu,300,9.420050621032715,0.06086099159727376,8.815371534481411e-06
e5b6cadae6eaa8e435989a5db1b4195b06d691e9e649540858ac45ab9acf6c06,mem,300,9.420050621032715,0.00809334866425615,-3.96378211390536e-07
e5b95cb4a294ca8b852a217ac602f69c266e6b0799d399a2fe9dbc386cc845b4,cpu,300,0.3458414077758789,0.84999847762652,6.280608885515292e-06
e5b95cb4a294ca8b852a217ac602f69c266e6b0799d399a2fe9dbc386cc845b4,mem,300,0.3458414077758789,0.005489095527767884,-2.398779581249094e-07
e5f8b4f33ca390650b9ce35deed9db32bc9564004cf24bd4e554b1fe53b96335,cpu,300,13.198247909545898,0.008693735622479881,-5.4786459460089235e-08
e5f8b4f33ca390650b9ce35deed9db32bc9564004cf24bd4e554b1fe53b96335,mem,300,13.198247909545898,0.00019847801569583545,-2.327876433166589e-09
e60b03af43e2ad0bf8537ddc5a8af1da0ddc77813ba2624bcbb549568709e826,cpu,300,2.102515935897827,0.9671427518240665,2.4181035918288896e-05
e60b03af43e2ad0bf8537ddc5a8af1da0ddc77813ba2624bcbb549568709e826,mem,300,2.102515935897827,7.639996482344813e-05,2.302931943006576e-08
e6a29b979f6a6280de8e74b8e168bf09c5e28ca0c21d0a926ce268ada0cce0f0,cpu,300,1.1359578371047974,0.06777342753121463,-3.3855457410103474e-05
e6a29b979f6a6280de8e74b8e168bf09c5e28ca0c21d0a926ce268ada0cce0f0,mem,300,1.1359578371047974,0.0590377273829884,-8.151993731435191e-06
e6e16298d80b990568ccd3bc2eea79ad979feedc7809dfa1b1a3d0da1a597b35,cpu,300,0.8631318807601929,0.32018729273821955,2.8618286589435732e-05
e6e16298d80b990568ccd3bc2eea79ad979feedc7809dfa1b1a3d0da1a597b35,mem,300,0.8631318807601929,0.024972696389451432,-2.335886719526697e-06
e74e94f4366a55fc7319320b28697b8aae4ab474d627fd2decd2c30bd20f39c1,cpu,300,0.7034583687782288,0.4518700380166558,-0.0007608770578585228
e74e94f4366a55fc7319320b28697b8aae4ab474d627fd2decd2c30bd20f39c1,mem,300,0.7034583687782288,0.005036320530720784,-2.098808425245695e-05
e760af98a5f668daaa9401f6b2b049966722aee659e3bf7b9a2700d109273c5f,cpu,300,3.029890537261963,3.09402767340039e-06,-5.1589687056714896e-05
e760af98a5f668daaa9401f6b2b049966722aee659e3bf7b9a2700d109273c5f,mem,300,3.029890537261963,0.004963549542494561,-2.164300324633908e-05
e762c9bd726d26ab2ad84fb9bc37fe7e729a7f1e60f9e4faef9b22b003726bd0,cpu,300,14.0591402053833,0.11686393174522092,5.227164432026718e-06
e762c9bd726d26ab2ad84fb9bc37fe7e729a7f1e60f9e4faef9b22b003726bd0,mem,300,14.0591402053833,0.03302643753847612,-1.785046709720191e-06
e7a7e1378e1f72051d54bf3af820e93834197809ba420d20562f625767a3440e,cpu,300,1.4509499073028564,0.5478796179420394,6.296474755881599e-06
e7a7e1378e1f72051d54bf3af820e93834197809ba420d20562f625767a3440e,mem,300,1.4509499073028564,0.01522244754566393,1.3860882563886135e-08
e7ca0a997a2003971ea741cef2e3b89c5dc2db649dc3f00f9b45afbbadd65851,cpu,300,2.4847605228424072,0.0005040060415498759,0.00010501309854272241
e7ca0a997a2003971ea741cef2e3b89c5dc2db649dc3f00f9b45afbbadd65851,mem,300,2.4847605228424072,0.008965969890499914,-0.0005108234948653976
e845cc423a676d6789697de9ca283b123e4c846b0a3246067487be792a57f74b,cpu,60,1.9684945344924927,0.058957884538357486,-0.0009520598559209531
e845cc423a676d6789697de9ca283b123e4c846b0a3246067487be792a57f74b,mem,60,1.9684945344924927,0.18490556054341678,0.0012392300164771584
e88caec1aa7df81556bf364f38b3794534598957985b4e8c4e60e8077f890302,cpu,300,3.664245367050171,0.25572013002447436,5.426773128118808e-07
e88caec1aa7df81556bf364f38b3794534598957985b4e8c4e60e8077f890302,mem,300,3.664245367050171,0.13435534240024005,-2.217313234927356e-07
e8abd7020eae16ea42899a7eb7dd58c67f6cf358075f1ab7617372fc6d4f97da,cpu,300,1.2509868144989014,0.7217659495729314,0.00018013943647764312
e8abd7020eae16ea42899a7eb7dd58c67f6cf358075f1ab7617372fc6d4f97da,mem,300,1.2509868144989014,0.0016278807626356473,1.652859851378731e-07
e9293802f63781a2e08fbc9de44d542ebd9ddf4a17cf9a9eda13fd72ccc37d6d,cpu,300,0.21899935603141785,0.5996636453659162,2.042838226408297e-06
e9293802f63781a2e08fbc9de44d542ebd9ddf4a17cf9a9eda13fd72ccc37d6d,mem,300,0.21899935603141785,0.02203495244901721,3.531708997041652e-08
e969a0c7f24365fb761f28067720558309317afce8630dfbc12a2f8644dee2b6,cpu,300,0.4444854259490967,0.6163554249869684,3.451420877981462e-05
e969a0c7f24365fb761f28067720558309317afce8630dfbc12a2f8644dee2b6,mem,300,0.4444854259490967,0.37264000863758295,9.489619477980758e-05
e982765b911e7a7e625252f69980362c3b1792f3487a1a39bd314351e1eb6fc3,cpu,300,0.7214717268943787,0.08089272761594957,4.824754761482686e-05
e982765b911e7a7e625252f69980362c3b1792f3487a1a39bd314351e1eb6fc3,mem,300,0.7214717268943787,0.002006563029750885,2.0203068190837332e-06
e9916393b398199ef017f67a1904dd9c30323405c6f77cb7e238078d1b550a23,cpu,300,0.24626989662647247,0.7903606641664513,1.0420189010961035e-06
e9916393b398199ef017f67a1904dd9c30323405c6f77cb7e238078d1b550a23,mem,300,0.24626989662647247,0.30406474394112737,2.677676749049026e-07
ea2870f1d8a69a4a7a108ac6a56566994ee1359f857eaec41cc77cc2c7d1e899,cpu,300,0.5626594424247742,0.936440516185322,5.18222542765867e-06
ea2870f1d8a69a4a7a108ac6a56566994ee1359f857eaec41cc77cc2c7d1e899,mem,300,0.5626594424247742,0.4467343191054446,1.2857298955715477e-06
ea37f467a4ed28ec023bc302e3d726a6dc5b233a4421837922c0b4c7ea462795,cpu,300,0.19238951802253723,0.4884196694445643,2.6487672122166085e-05
ea37f467a4ed28ec023bc302e3d726a6dc5b233a4421837922c0b4c7ea462795,mem,300,0.19238951802253723,0.5264888927762572,-1.8718682160307306e-05
ea41fc6c6b9a3ff9bfca03f57b78b37de0f41e866f007ef4b04ed39dd184888a,cpu,300,0.44642823934555054,0.37500738435080916,1.955415701144377e-05
ea41fc6c6b9a3ff9bfca03f57b78b37de0f41e866f007ef4b04ed39dd184888a,mem,300,0.44642823934555054,0.0006046539473769652,6.041291996127127e-07
ea62c88d791851635ab23ff2a7b1be55681466ccd670cacfa4c61f8eae332536,cpu,300,5.537904262542725,0.15196291449394672,0.00010519776267427287
ea62c88d791851635ab23ff2a7b1be55681466ccd670cacfa4c61f8eae332536,mem,300,5.537904262542725,0.032992703669135426,-2.2125930103920266e-05
ea88d9dabad3c403154d6a1740f2c6f79333c2c965ee1c6694ddc3226c4f553b,cpu,300,0.614463746547699,0.8377429758656529,5.1564644074542145e-06
ea88d9dabad3c403154d6a1740f2c6f79333c2c965ee1c6694ddc3226c4f553b,mem,300,0.614463746547699,0.36670635169164345,-1.485902584737697e-07
eacbad9e7fbfdffd0e021ff42438d1ef0d0e446a27a0308e892cf71469383a91,cpu,300,0.9686967730522156,0.09768201805722243,2.8171555062301127e-05
eacbad9e7fbfdffd0e021ff42438d1ef0d0e446a27a0308e892cf71469383a91,mem,300,0.9686967730522156,0.00339221342381657,5.390156594546649e-07
eb27b30aa44d0488eba7b2b0c2979d2785348f3c2e2f687132128a0f522d91f4,cpu,300,0.3040219247341156,0.5883930967997208,5.026494303710619e-06
eb27b30aa44d0488eba7b2b0c2979d2785348f3c2e2f687132128a0f522d91f4,mem,300,0.3040219247341156,0.00334877824278057,-1.3408681330897608e-07
eb7ce54148779f812f2c7f07f18ef4ed269043b9f6b9599f911aa7b24751e6f0,cpu,300,1.7945653200149536,0.3547167310051782,2.452919562473798e-06
eb7ce54148779f812f2c7f07f18ef4ed269043b9f6b9599f911aa7b24751e6f0,mem,300,1.7945653200149536,0.01411002472123457,1.4309815474331655e-06
eb9263185d38826a5df8d22b345b9b7e9ccf72e78f80d7d3ca503293224bc73b,cpu,300,6.792709827423096,0.32154038899634596,0.0006215000404632376
eb9263185d38826a5df8d22b345b9b7e9ccf72e78f80d7d3ca503293224bc73b,mem,300,6.792709827423096,0.031494683601574924,-0.0002484188531533072
ec116de9295f098303af5f8187e97f5bf102fcc6ba18705aa8e259900be7c702,cpu,300,2.637465715408325,0.25883534630082283,1.086631757552214e-05
ec116de9295f098303af5f8187e97f5bf102fcc6ba18705aa8e259900be7c702,mem,300,2.637465715408325,0.0005792738792435026,-9.427187660275141e-08
ec1b77785b06d7caf9c4a571ac5a122e2199ed2c3168058c127b4b9e82da3248,cpu,300,1.8956509828567505,0.054888798567605646,0.00151497712207631
ec1b77785b06d7caf9c4a571ac5a122e2199ed2c3168058c127b4b9e82da3248,mem,300,1.8956509828567505,0.013080044729952944,-7.649956540696654e-05
ec4b52c7e74ef232643dc244c3bac86ed5a55de1a3cec705914e3b7cea632f0f,cpu,300,0.407534658908844,0.6987313908060546,8.173655847560581e-05
ec4b52c7e74ef232643dc244c3bac86ed5a55de1a3cec705914e3b7cea632f0f,mem,300,0.407534658908844,0.018145308186761522,-2.5411779762921765e-05
ec79d81774d7601a14536c72f2b78807f0670cda76a3945e113699fa302b01cc,cpu,300,3.397630453109741,0.21405645524138672,0.0004609158331824574
ec79d81774d7601a14536c72f2b78807f0670cda76a3945e113699fa302b01cc,mem,300,3.397630453109741,0.015598658456589032,1.1267605627634986e-05
ecaeb1a5dc1247c9232ec7cebc30f5e2153c41eb67de831ddfea81817331fdfc,cpu,297,11.207160949707031,0.015520727275859292,1.8132728069035469e-06
ecaeb1a5dc1247c9232ec7cebc30f5e2153c41eb67de831ddfea81817331fdfc,mem,297,11.207160949707031,0.00567209389832557,3.382431531185857e-06
eccba0e976197ef1d3f63ca69b92eb3ddcd5c1419cc94d583efaa5aae5859985,cpu,300,2.7636516094207764,0.12462546944558539,0.00010529586565735881
eccba0e976197ef1d3f63ca69b92eb3ddcd5c1419cc94d583efaa5aae5859985,mem,300,2.7636516094207764,0.010634713814128949,-2.6429706527417938e-05
ecd8f404a7d08c1a05508b663eeb88b6669c9c0b68b0e9fc2a552c99f0c5202a,cpu,300,2.7360334396362305,0.4776480742791349,0.00016760994055927393
ecd8f404a7d08c1a05508b663eeb88b6669c9c0b68b0e9fc2a552c99f0c5202a,mem,300,2.7360334396362305,0.0033234043407730507,-6.421674604418603e-07
ecec569d86ba39bfab5b13151f74ea78211e0ef4944b090614d3f0b706960324,cpu,300,72.9157943725586,0.0076891957677538425,7.20913445503081e-06
ecec569d86ba39bfab5b13151f74ea78211e0ef4944b090614d3f0b706960324,mem,300,72.9157943725586,0.0001919572963681171,1.8105523410642478e-06
ed0fc2aed45c0bd49fd9127f06890a3be55acc7221dad339db9f60fa43376d2a,cpu,300,0.5915149450302124,0.03710482634422918,6.01435664497725e-05
ed0fc2aed45c0bd49fd9127f06890a3be55acc7221dad339db9f60fa43376d2a,mem,300,0.5915149450302124,0.059798272975515654,-1.562864284732466e-05
ed5caafbd9e92367311d5508a9145a86cd0d3e1c0d49bc02f2ce0a0b628dd05a,cpu,300,0.5447803735733032,0.9389491441650912,7.090890354904725e-06
ed5caafbd9e92367311d5508a9145a86cd0d3e1c0d49bc02f2ce0a0b628dd05a,mem,300,0.5447803735733032,0.13455048088363486,-1.2291734143887666e-07
edb290a9ddce3aa5aee627e0d482cb0057a99ab06bb96410393394cc22b7b634,cpu,300,0.4932033121585846,0.9017119595788291,7.623525085709239e-06
edb290a9ddce3aa5aee627e0d482cb0057a99ab06bb96410393394cc22b7b634,mem,300,0.4932033121585846,0.01809554454804363,-2.9163352657261427e-08
ee9a23b733d7ae1f2dc839f97f99a309201a16cf1e75fda2e2254a0b2bfe1d69,cpu,300,0.8190127611160278,0.6968545922441267,0.00016163872130355047
ee9a23b733d7ae1f2dc839f97f99a309201a16cf1e75fda2e2254a0b2bfe1d69,mem,300,0.8190127611160278,0.017031517392577356,8.418688206894513e-07
ee9d1dda1eb6aa21dda37dd510e24399257b9f4ae6e84507d939117ff7418d36,cpu,300,1.7666599750518799,0.2714904491399629,1.3567107111203956e-05
ee9d1dda1eb6aa21dda37dd510e24399257b9f4ae6e84507d939117ff7418d36,mem,300,1.7666599750518799,0.07020181800664249,-9.913991191247157e-07
ef3aeb7c798f86c17951651a64a7ba02b1a6995ab7ea47ec23076c8563175abb,cpu,300,3.0663275718688965,0.06586421517437002,7.4449925331111915e-06
ef3aeb7c798f86c17951651a64a7ba02b1a6995ab7ea47ec23076c8563175abb,mem,300,3.0663275718688965,0.0006830198738044801,-5.109136549072544e-08
ef705a5321c00c5c50888d21f28d1ca2ec22af6d3d4046f2d8edba9473765a0a,cpu,300,0.5499129891395569,0.18947488004928137,3.172613329385856e-05
ef705a5321c00c5c50888d21f28d1ca2ec22af6d3d4046f2d8edba9473765a0a,mem,300,0.5499129891395569,0.0037584628096822836,-9.567457793849759e-07
ef75014e5762e9800817aab677523a1dc86f0205a3518c6b69d11516018e1092,cpu,300,1.0494464635849,0.5847580224019724,5.0677055170963e-06
ef75014e5762e9800817aab677523a1dc86f0205a3518c6b69d11516018e1092,mem,300,1.0494464635849,0.042846701438105206,-2.901449380794272e-07
ef9a9053188da626131e0d85ce42f8d5cbec69978d879a379e512cb0d53dd6ae,cpu,300,0.30189409852027893,0.1562063647933929,1.2795903875349015e-05
ef9a9053188da626131e0d85ce42f8d5cbec69978d879a379e512cb0d53dd6ae,mem,300,0.30189409852027893,0.0027009331105746215,9.370625545860427e-08
efbb92c1a1aae650fe290fb0b6a9d60faacc9a9aed6b36924d88bf685b94dd79,cpu,300,1.2028999328613281,0.4991364302641139,0.00010354650816632991
efbb92c1a1aae650fe290fb0b6a9d60faacc9a9aed6b36924d88bf685b94dd79,mem,300,1.2028999328613281,0.011858955046855635,1.3960436013280043e-05
efcee98ea21c08e758a5da71cc7184939bf9a199624c841816895e9ba90b4f44,cpu,300,0.7115864753723145,0.30755683103331066,4.179072810875809e-05
efcee98ea21c08e758a5da71cc7184939bf9a199624c841816895e9ba90b4f44,mem,300,0.7115864753723145,0.3716600389305227,-1.6058371990559047e-05
efd807ab2ebf316591d49ee12d4461c3821d0ceeb3ba5bd2b013a2d4ff318fc5,cpu,300,9.70272445678711,0.07650121311982216,1.6897305378271387e-05
efd807ab2ebf316591d49ee12d4461c3821d0ceeb3ba5bd2b013a2d4ff318fc5,mem,300,9.70272445678711,0.05201496057889565,-1.2137368613392647e-05
efe61c601a7b5c863d5d37cbdcd4931fce19a00095bf937e8ea5d547e4e3f12f,cpu,300,1.957114815711975,0.04406438064455609,-3.5122006326728798e-06
efe61c601a7b5c863d5d37cbdcd4931fce19a00095bf937e8ea5d547e4e3f12f,mem,300,1.957114815711975,0.00021737415971645468,-1.471747058786311e-08
f00cc9018d513e6f32445f6bb1608d849cd0a46da0872113610c53ed1340de0c,cpu,300,1.2114651203155518,0.024977779535219735,7.808768680199527e-06
f00cc9018d513e6f32445f6bb1608d849cd0a46da0872113610c53ed1340de0c,mem,300,1.2114651203155518,0.003275960186299054,-2.44979065263728e-06
f00d4e36a2721133ed0ca58a0c657f1dc86af5a5e050584eb8e7435d0bbea5f2,cpu,300,1.6303969621658325,0.008633093639462186,-7.94964110409023e-06
f00d4e36a2721133ed0ca58a0c657f1dc86af5a5e050584eb8e7435d0bbea5f2,mem,300,1.6303969621658325,2.0074472725006842e-05,-1.3756300798165872e-07
f0401a1763e9d74579b631cec5f3991e7475b47be70e77b62d618b8051c8e558,cpu,300,0.4302121102809906,0.22040391844447405,5.37502901046993e-06
f0401a1763e9d74579b631cec5f3991e7475b47be70e77b62d618b8051c8e558,mem,300,0.4302121102809906,0.0016231302335714126,2.0782488444919455e-08
f10612cc80a4777bcb0f9025041b3e4a9d8de8b20bfd2dcb0ab1406cbeeaeaf5,cpu,300,0.7053794264793396,0.47962977899914916,7.286574925392432e-07
f10612cc80a4777bcb0f9025041b3e4a9d8de8b20bfd2dcb0ab1406cbeeaeaf5,mem,300,0.7053794264793396,0.0029155287253643802,9.793725795420976e-10
f112da90916de100d1dfad575d5b46e355996eb2a7d63d673d3f053d096572b4,cpu,300,1.5288207530975342,0.9142171649646588,0.00029243554089588127
f112da90916de100d1dfad575d5b46e355996eb2a7d63d673d3f053d096572b4,mem,300,1.5288207530975342,0.0026790952133030066,3.4712098742779646e-07
f1404a0906a112d635cb1f378151a247d12e0f084e668feebf578cbd45364b09,cpu,300,0.8146519064903259,0.1631277761328075,3.0450145113656438e-05
f1404a0906a112d635cb1f378151a247d12e0f084e668feebf578cbd45364b09,mem,300,0.8146519064903259,0.0008559845133345734,1.0085053056813235e-06
f1a90e7ee516c887858ef5c6346aebe83ec1c06c0f925e01f92c3ee059f9a95f,cpu,300,1.1640095710754395,0.001472723554034605,-2.748796211036066e-06
f1a90e7ee516c887858ef5c6346aebe83ec1c06c0f925e01f92c3ee059f9a95f,mem,300,1.1640095710754395,0.00013448205364674504,5.215410496853601e-07
f1cfc33fa464030faec50a09fdbbdf34201814a8e2d5531d741eb4cfe1f3e9dc,cpu,300,1.6142793893814087,0.40444019763189243,4.03157188395935e-06
f1cfc33fa464030faec50a09fdbbdf34201814a8e2d5531d741eb4cfe1f3e9dc,mem,300,1.6142793893814087,0.0028788779015775923,-1.659985472658886e-07
f1e9137370b218b2428565c0ad8e1aa12a4c48deb54a4dc2429191f32f30f998,cpu,300,5.584367752075195,0.06599574999249413,3.735003785234579e-05
f1e9137370b218b2428565c0ad8e1aa12a4c48deb54a4dc2429191f32f30f998,mem,300,5.584367752075195,0.00034819538419450513,1.0199135919270602e-06
f1f7e4f7304e8ae6c8710de5a6a389f5bf166187d86707c5444ba9f6be04770d,cpu,300,2.090165376663208,0.026490604328602285,2.236311300988454e-06
f1f7e4f7304e8ae6c8710de5a6a389f5bf166187d86707c5444ba9f6be04770d,mem,300,2.090165376663208,0.058665431837814586,-1.1245205077221216e-06
f21eded82a65716c7853bdc81cbc2a72df3acb3b0f445341cff0a78587d72104,cpu,300,8.638733863830566,0.00014281846366781537,1.0429525253866005e-05
f21eded82a65716c7853bdc81cbc2a72df3acb3b0f445341cff0a78587d72104,mem,300,8.638733863830566,0.000691998970957064,9.709199511094251e-05
f239509b3a29e35ab8c63c905659f4500cc018a59da110d4b5c8dba94b9df0e2,cpu,300,0.29873305559158325,0.6717129492581796,2.421387009223997e-05
f239509b3a29e35ab8c63c905659f4500cc018a59da110d4b5c8dba94b9df0e2,mem,300,0.29873305559158325,6.369587942400834e-05,1.284448323634678e-08
f275d5f3c47fa357144064230feea6a5553f6a30a979a4a59d999522d050cc63,cpu,300,12.95126724243164,4.405729794543234e-06,-6.406136851716692e-09
f275d5f3c47fa357144064230feea6a5553f6a30a979a4a59d999522d050cc63,mem,300,12.95126724243164,0.0002919130415157678,-2.0769038806484484e-09
f2831e310555eecf683031907ac1ce487c9d808d4f0934fe1f95019e04b6ced3,cpu,300,0.3249126076698303,0.8645875116816557,5.368847115527484e-07
f2831e310555eecf683031907ac1ce487c9d808d4f0934fe1f95019e04b6ced3,mem,300,0.3249126076698303,0.024002418346971144,-1.980666315143996e-08
f2cc620a0110db16a3a380db135f51938c0e8508a8a2fd1ea67f7603e294e520,cpu,300,1.3589746952056885,0.9692668182435497,0.00013567128003279667
f2cc620a0110db16a3a380db135f51938c0e8508a8a2fd1ea67f7603e294e520,mem,300,1.3589746952056885,0.009882441306754863,3.4143680285850337e-07
f2d285fe856e974249429358f063c713d71d35a0673ad193bb975216f56659ae,cpu,300,0.4134783148765564,0.4757117892089052,-0.0049319422133287105
f2d285fe856e974249429358f063c713d71d35a0673ad193bb975216f56659ae,mem,300,0.4134783148765564,0.03308672434747262,-3.876432495950809e-05
f2ff782d57371c090c294859e444ee4bdfb4b317e6836884626ed82b1502dd47,cpu,300,0.31463930010795593,0.44296083705148326,3.1064723907484174e-06
f2ff782d57371c090c294859e444ee4bdfb4b317e6836884626ed82b1502dd47,mem,300,0.31463930010795593,0.05894180737796817,-8.595868894641278e-08
f315826680079cb59b4dd8049550ec9d3f4fb6fc2514496a9fe704e97ff960a9,cpu,300,0.41359788179397583,0.14879926503823537,7.737258509118663e-05
f315826680079cb59b4dd8049550ec9d3f4fb6fc2514496a9fe704e97ff960a9,mem,300,0.41359788179397583,0.059912050944579076,5.826055931767286e-06
f379c8fbaf04c610cfa6ecbac2c2c5e65fce967d63ca164915a2ed12eab734c4,cpu,300,0.2142627090215683,0.7412308555587497,1.964945417336163e-06
f379c8fbaf04c610cfa6ecbac2c2c5e65fce967d63ca164915a2ed12eab734c4,mem,300,0.2142627090215683,0.0063029728020510545,-5.406268778416033e-09
f3b969e011509059ff070fe93ba7fa622ce15402e5ab2ef82c45628f8730534f,cpu,300,0.6469011902809143,0.40045674436446277,0.0002453966012050771
f3b969e011509059ff070fe93ba7fa622ce15402e5ab2ef82c45628f8730534f,mem,300,0.6469011902809143,0.05221357076309485,2.596062468033266e-06
f3de421884c16d3ecf3215c05365d7cbe0c768e5ccf487f716403392184102da,cpu,300,0.9276781678199768,0.09144373871074007,0.0003580428994281057
f3de421884c16d3ecf3215c05365d7cbe0c768e5ccf487f716403392184102da,mem,300,0.9276781678199768,0.005772043385408376,-1.5721847673289733e-05
f4017623130a3d63f20050054d1ee61935be091eaf733a4704f9dece3e3bd4f4,cpu,300,6.087069988250732,0.16644814946139808,4.159566370965963e-05
f4017623130a3d63f20050054d1ee61935be091eaf733a4704f9dece3e3bd4f4,mem,300,6.087069988250732,0.03431750626890795,6.854364109526405e-07
f5175355450587bcc6de6b9e88ff5ee9ef46555f20c97b209d284ad99ec405dd,cpu,300,6.538782596588135,0.0059956993256131685,0.0009829111727697707
f5175355450587bcc6de6b9e88ff5ee9ef46555f20c97b209d284ad99ec405dd,mem,300,6.538782596588135,0.01397876697376077,-0.0013370482509567048
f57cf40a77f18dee6c60a9dea1fcbaf1415dcde49baa2e6c0029a1861368bbad,cpu,299,3.01348876953125,0.20963902685817293,2.7011847571288178e-05
f57cf40a77f18dee6c60a9dea1fcbaf1415dcde49baa2e6c0029a1861368bbad,mem,299,3.01348876953125,0.08542209079339969,-6.919803313939614e-06
f57e00a4aa43145b3d008a5c71d4b5ad6a3061f9da11cb931fbd66b5563f999f,cpu,300,1.2403863668441772,0.061951951813826844,3.396998567936566e-07
f57e00a4aa43145b3d008a5c71d4b5ad6a3061f9da11cb931fbd66b5563f999f,mem,300,1.2403863668441772,0.03601178606866717,5.277506018221562e-09
f5e7a6c363e26410f99dc6f945fcdac95fcd536426ca9fdf33e22da78ea57214,cpu,300,4.28673791885376,1.2318079567474882e-07,3.375828432392474e-10
f5e7a6c363e26410f99dc6f945fcdac95fcd536426ca9fdf33e22da78ea57214,mem,300,4.28673791885376,0.001667457888499313,-6.045293758573894e-09
f622027832aa340a3117bacfa253d94953e0c15e9eed3a4adc2b0a162f335f8c,cpu,300,0.36782482266426086,0.3944596343069182,4.5573868894067596e-05
f622027832aa340a3117bacfa253d94953e0c15e9eed3a4adc2b0a162f335f8c,mem,300,0.36782482266426086,0.00042843043526485936,-6.715067407136067e-08
f62fcc333342124f61d109ceafb5db427f389a0c32f047ef041f93c12591a02b,cpu,300,4.6054368019104,0.015539093686186,-2.2209884924054237e-07
f62fcc333342124f61d109ceafb5db427f389a0c32f047ef041f93c12591a02b,mem,300,4.6054368019104,0.00011118326966941261,2.4154147672543786e-08
f681555fbeec49eb133b471a1f1d1146499213e02dfa3a3dcbbb0cf5b7d6c53f,cpu,300,0.3118584156036377,0.8664327318936855,1.0998279721282736e-05
f681555fbeec49eb133b471a1f1d1146499213e02dfa3a3dcbbb0cf5b7d6c53f,mem,300,0.3118584156036377,0.0051779507755903564,1.218072925506503e-07
f6a47a0838ea6678731a2f7bcd7345101ea0b34a99c1175d501f9996cfea9451,cpu,300,0.8372703194618225,0.16746055279288696,1.4278894309267e-05
f6a47a0838ea6678731a2f7bcd7345101ea0b34a99c1175d501f9996cfea9451,mem,300,0.8372703194618225,0.010609668420758722,7.686977245861107e-07
f7383035c4ee9dfd51a9b43f17b93d27a0d8e20e427f75c1994d7ab622dde6a8,cpu,300,1.1432759761810303,0.004327316088501565,0.0002755400438877153
f7383035c4ee9dfd51a9b43f17b93d27a0d8e20e427f75c1994d7ab622dde6a8,mem,300,1.1432759761810303,0.0014507513227332014,0.00010328735773804278
f74d85cf1b5d10fd64eb74005bfc1209bbe853c2b4a6ac3fb857ceaaf55267d6,cpu,300,0.5269599556922913,0.19649072406917656,2.4023412234901197e-05
f74d85cf1b5d10fd64eb74005bfc1209bbe853c2b4a6ac3fb857ceaaf55267d6,mem,300,0.5269599556922913,0.3013775101850735,-2.059001405244156e-05
f74fa5aae1f90ebf2891147666cb93d75eb9bbd825b22ad16bd6e256ca9d4727,cpu,300,0.665744960308075,0.10393521965259656,7.735086212379295e-06
f74fa5aae1f90ebf2891147666cb93d75eb9bbd825b22ad16bd6e256ca9d4727,mem,300,0.665744960308075,0.7217492835532902,-1.3891662410806308e-05
f7540e1675094d8cf35291ed24effa725bcf809a8401e659ec98cfed73c564bf,cpu,300,2.09177565574646,0.000150171920744957,-4.9384737481142845e-06
f7540e1675094d8cf35291ed24effa725bcf809a8401e659ec98cfed73c564bf,mem,300,2.09177565574646,0.04590770010826506,-4.97448267391088e-05
f7ae36bcfdce5a0ea7d5b70dbae04955899a4a67d019c0885119fc25e7213005,cpu,300,1.875083327293396,0.9840958922955728,5.673054150475987e-06
f7ae36bcfdce5a0ea7d5b70dbae04955899a4a67d019c0885119fc25e7213005,mem,300,1.875083327293396,0.12620520480690445,3.606600339985711e-08
f7e491f55331a45dd8ae05685c2002c1bee48bf87efad684af8dd2b172d60252,cpu,300,1.0792475938796997,0.32083111420192867,5.908480335931116e-07
f7e491f55331a45dd8ae05685c2002c1bee48bf87efad684af8dd2b172d60252,mem,300,1.0792475938796997,0.021358623473574534,1.2563057231788782e-09
f802dfff66e2a8253606de34978d9cd8d24e537bb96cf913644281750d95525d,cpu,300,2.6697535514831543,0.05841618757736067,0.00015375773678259264
f802dfff66e2a8253606de34978d9cd8d24e537bb96cf913644281750d95525d,mem,300,2.6697535514831543,0.002739134393558329,-1.2008760754147431e-05
f82d2832090e8fd569d456d01012d8a12943f7b8bc00ada2bba186b0961991f9,cpu,300,1.2365498542785645,0.5875875105137236,1.339646144484759e-05
f82d2832090e8fd569d456d01012d8a12943f7b8bc00ada2bba186b0961991f9,mem,300,1.2365498542785645,0.0009498433315481281,1.0971414103476188e-07
f8771a46e6f8db8e7ecb7ada416f0b567d3d7ffe77a765cf7a2a287be5d63052,cpu,299,3.25238037109375,0.26733711437440066,0.000142891453491435
f8771a46e6f8db8e7ecb7ada416f0b567d3d7ffe77a765cf7a2a287be5d63052,mem,299,3.25238037109375,0.11120549736408325,-3.0929942649979885e-05
f8d65d108a23c4e15323f4a57694f9edf069d0a9e5e23c7f8f85469c1cb6043d,cpu,300,0.7378286719322205,0.6838141751101856,1.5956459099038328e-05
f8d65d108a23c4e15323f4a57694f9edf069d0a9e5e23c7f8f85469c1cb6043d,mem,300,0.7378286719322205,0.13176833098085572,5.671500290887028e-07
f9014fe2e1ad08400d71587fd3d9d8d3e19846d8b7e74ed05e237dcc3ac3489c,cpu,300,1.044763207435608,0.5049920756093189,3.6832827808458007e-06
f9014fe2e1ad08400d71587fd3d9d8d3e19846d8b7e74ed05e237dcc3ac3489c,mem,300,1.044763207435608,0.00014857581741278825,3.774292274150288e-09
f952938c56b57228b3eb157b155c378e2736bef4ca0d135cb3973202dcbabc5d,cpu,300,2.3023855686187744,0.2334235838049893,1.577791231592377e-06
f952938c56b57228b3eb157b155c378e2736bef4ca0d135cb3973202dcbabc5d,mem,300,2.3023855686187744,0.009661927943507509,1.2741215741982948e-06
f9674ea70b6ebc22b1b8db03c2116ae34b03f08eaff055022638f1d35d92c1d4,cpu,300,1.0548378229141235,0.47990443795609217,1.6875517599128347e-06
f9674ea70b6ebc22b1b8db03c2116ae34b03f08eaff055022638f1d35d92c1d4,mem,300,1.0548378229141235,0.3726061131438765,-2.6367211958904666e-07
f975e7c4a39d1a1ffe74ef2619326e84a23f6b5701966a5ce1151385bfbdf352,cpu,300,2.86843204498291,0.11243856935903174,2.2279487821342685e-05
f975e7c4a39d1a1ffe74ef2619326e84a23f6b5701966a5ce1151385bfbdf352,mem,300,2.86843204498291,0.0016717720898615784,1.0824870014894863e-06
f9bde7dd14506c31d9965412817cc624f97115244520beebdd1cd6e2f961f4ee,cpu,300,12.684690475463867,0.5286455490975446,1.9156302088366062e-05
f9bde7dd14506c31d9965412817cc624f97115244520beebdd1cd6e2f961f4ee,mem,300,12.684690475463867,0.011258493644890066,-5.395676306850872e-07
f9fd0837b033034a794bcf1a5d5667d58f12e244b9ab8c5b6f783d3f9fe45568,cpu,300,1.3900452852249146,0.8848174874006045,1.822842525671686e-05
f9fd0837b033034a794bcf1a5d5667d58f12e244b9ab8c5b6f783d3f9fe45568,mem,300,1.3900452852249146,0.008058407315472471,-2.6432999969900045e-08
fa0a853d75a2227641a37861b97814dceca78ab7e0bba2f729126adf9c57e21d,cpu,300,0.7069240212440491,0.01042818846833049,0.00016237724215658925
fa0a853d75a2227641a37861b97814dceca78ab7e0bba2f729126adf9c57e21d,mem,300,0.7069240212440491,0.0007978492188688291,-1.2411516995538968e-05
fa25161c7dedc3e192f07a76f54766f93c1862a6153b3cf191495752b926a7e7,cpu,300,0.24886684119701385,0.1197068045145413,4.2799031490669094e-06
fa25161c7dedc3e192f07a76f54766f93c1862a6153b3cf191495752b926a7e7,mem,300,0.24886684119701385,4.1610498390798334e-05,8.536928533703787e-08
fa77555fc863a2565d2ed55c94f6ee4a5a194b5375f2915acd9fbcdf806ab64a,cpu,300,0.6487321257591248,0.8840403995877387,1.710867018708723e-05
fa77555fc863a2565d2ed55c94f6ee4a5a194b5375f2915acd9fbcdf806ab64a,mem,300,0.6487321257591248,0.030090910140576188,3.769286864392258e-08
fac5eb7637c8b9aa9488bb0018efbb205c8260eb6040c64050b282ec8cd40d8e,cpu,300,0.73906010389328,0.7313425175485785,9.429126894595266e-06
fac5eb7637c8b9aa9488bb0018efbb205c8260eb6040c64050b282ec8cd40d8e,mem,300,0.73906010389328,0.11491491224556594,-6.229744271538876e-07
fb1dc665d2cce93dd583d61d9565a6826a8c3ac27075e9a5a79642c896928ed7,cpu,300,0.659050703048706,0.16723569111045045,1.623374067120009e-05
fb1dc665d2cce93dd583d61d9565a6826a8c3ac27075e9a5a79642c896928ed7,mem,300,0.659050703048706,0.06865824291946154,2.7238495086806343e-06
fb5e5a08e17e2d12100289aae1696c205827383433f10d7970dcc9a4b874e29b,cpu,300,7.341818332672119,0.0011375580677446262,-1.6622621759145137e-05
fb5e5a08e17e2d12100289aae1696c205827383433f10d7970dcc9a4b874e29b,mem,300,7.341818332672119,0.0010273300199359348,-9.099201814721863e-06
fb750d9e38225fe305f254bb00cfba22138845328abf1564dbda306910bd66a5,cpu,300,0.40620651841163635,0.3427687508466396,1.1979698143323893e-05
fb750d9e38225fe305f254bb00cfba22138845328abf1564dbda306910bd66a5,mem,300,0.40620651841163635,0.18682178816450856,-3.969502254382083e-06
fbf52b5a81924e56dc664a6e1433c8b35bfbc951f429c2e7ba2546f6544b008e,cpu,300,0.49438902735710144,0.7427570331406359,1.6316278344958645e-05
fbf52b5a81924e56dc664a6e1433c8b35bfbc951f429c2e7ba2546f6544b008e,mem,300,0.49438902735710144,0.6127936873408881,-4.860155442496453e-06
fc17bf376cde983f3ac3c7ee86d88edf8192905dc9c08b3578edc02e99816a75,cpu,299,0.9789886474609375,0.5752994635835817,8.809853920421701e-05
fc17bf376cde983f3ac3c7ee86d88edf8192905dc9c08b3578edc02e99816a75,mem,299,0.9789886474609375,0.00955001905280295,-1.4327324620878452e-06
fc2c0adee4b8d74445b3cd282fba3c31197bb4635504be819c513fad92f7735b,cpu,300,0.5609655380249023,0.60915217769825,0.0002779896470694716
fc2c0adee4b8d74445b3cd282fba3c31197bb4635504be819c513fad92f7735b,mem,300,0.5609655380249023,0.11740420358343284,-2.922659904379613e-06
fc37f90de7a71bd9ab1efe8db3fbc2194a2761937a8b0440e2702514831a0401,cpu,300,0.1899377703666687,0.798855690476664,4.218113441017592e-06
fc37f90de7a71bd9ab1efe8db3fbc2194a2761937a8b0440e2702514831a0401,mem,300,0.1899377703666687,0.6974503022654254,7.255899037922032e-07
fc9f9a6ed2c7c2488eacf76364e3d6dcfe3bb237d0405610270774a6924a0664,cpu,300,1.8231425285339355,0.8800735588523572,1.0765545244651227e-05
fc9f9a6ed2c7c2488eacf76364e3d6dcfe3bb237d0405610270774a6924a0664,mem,300,1.8231425285339355,0.048431641482800214,1.1202230662385047e-07
fcc9cf206e07eb5f3e5479e96a915af0f1aa43ed4435b66194c731ef7e07250a,cpu,300,0.47734710574150085,0.14406750860513695,3.0200234422202708e-05
fcc9cf206e07eb5f3e5479e96a915af0f1aa43ed4435b66194c731ef7e07250a,mem,300,0.47734710574150085,0.007074317830009447,5.298757334601027e-06
fcf19d73e973ed5de66f07834ee47c2240b89477d10da8dbf46592df9f0f54d6,cpu,300,2.621225357055664,0.6035690320563835,7.166984244284625e-06
fcf19d73e973ed5de66f07834ee47c2240b89477d10da8dbf46592df9f0f54d6,mem,300,2.621225357055664,0.058686864230302116,-7.498302084366076e-08
fcffd00090117106d870339a18858304868e8ddd259f66045596983c668e5b0b,cpu,300,1.0996123552322388,0.02655428442328367,9.968840070996243e-07
fcffd00090117106d870339a18858304868e8ddd259f66045596983c668e5b0b,mem,300,1.0996123552322388,0.0001066296775698028,-1.7382694492060715e-08
fd7bda4e06c32c443ed2b7008ddd74532740dbb2133eebeafb40f6c36c10176d,cpu,300,1.5590757131576538,0.20858378034302982,4.8467688475973675e-06
fd7bda4e06c32c443ed2b7008ddd74532740dbb2133eebeafb40f6c36c10176d,mem,300,1.5590757131576538,0.5133252489609116,-2.5682545491609194e-07
fd924b5e78ca8a6b6d67a30beb2adc3b70bd4cf7085c4fe87d8f40e6da14e949,cpu,300,0.5717337727546692,0.9579092152056832,1.6292265533409513e-05
fd924b5e78ca8a6b6d67a30beb2adc3b70bd4cf7085c4fe87d8f40e6da14e949,mem,300,0.5717337727546692,0.026558878830181376,-8.488683789739587e-08
fd9d4a720f4cd92a9ca13a702fd936951a3300edfb7cbcfb06cbbbdd63134524,cpu,300,0.20781871676445007,0.010189640541811262,-1.1129155694274164e-05
fd9d4a720f4cd92a9ca13a702fd936951a3300edfb7cbcfb06cbbbdd63134524,mem,300,0.20781871676445007,0.04796787315692652,7.215929525514496e-06
fdc013a14038212380fa44ed533668ed12a59cde09c9280e577ecdeb8278abef,cpu,300,2.1790173053741455,0.12039019553412733,1.4122315130064968e-05
fdc013a14038212380fa44ed533668ed12a59cde09c9280e577ecdeb8278abef,mem,300,2.1790173053741455,0.010121716486226728,-1.5622096410843418e-06
fdf57ec4d0c3bed424071bade6afeee01c4c244889e73150bf71ca2186bb45c7,cpu,300,0.6271095871925354,0.835814047651635,2.297972701370695e-05
fdf57ec4d0c3bed424071bade6afeee01c4c244889e73150bf71ca2186bb45c7,mem,300,0.6271095871925354,0.29394006324978594,2.561660002842061e-06
fdfb8ee968d1aafdfe41941f991ae596375dcf18739349968a4fefa325e45198,cpu,300,5.288628101348877,0.45085476386719814,1.8362013633646448e-06
fdfb8ee968d1aafdfe41941f991ae596375dcf18739349968a4fefa325e45198,mem,300,5.288628101348877,0.057814518669631054,-6.415451965407392e-07
fe066db576a9b333264513cb00a2690e2e4325834c0a1bf07259ef7a4ced6bcc,cpu,300,1.3212499618530273,0.9410888007630469,4.247233940351362e-06
fe066db576a9b333264513cb00a2690e2e4325834c0a1bf07259ef7a4ced6bcc,mem,300,1.3212499618530273,0.9111149759971056,-5.572500907175666e-07
fe17d2887e132bbcb60fe88d50c4bf79253bf056e2add72b188331bc2130648e,cpu,300,0.5832701921463013,0.9477891639668511,9.906204953448618e-06
fe17d2887e132bbcb60fe88d50c4bf79253bf056e2add72b188331bc2130648e,mem,300,0.5832701921463013,0.5699884679099657,-2.681714420517797e-06
fe1c1b555b650c8a5c38d93fd204ef573e2d7f851096ef2d9b3cd630a9a77469,cpu,300,1.1028757095336914,0.007762342375435272,1.28947295713002e-06
fe1c1b555b650c8a5c38d93fd204ef573e2d7f851096ef2d9b3cd630a9a77469,mem,300,1.1028757095336914,0.29703605749211526,-2.5323187527692153e-06
fe934f726a87cc969b6e079671fea282993c5b68f9a18f122c50e5c81d31f0b7,cpu,300,1.6632676124572754,0.010514371326828531,2.3214154218992823e-07
fe934f726a87cc969b6e079671fea282993c5b68f9a18f122c50e5c81d31f0b7,mem,300,1.6632676124572754,0.054990298871851695,2.8841937198953856e-08
fe9bd62ae4be3f3fbf854aaf24b3107241c3ee92f74288d43a6ca5f8804a9434,cpu,300,1.0278757810592651,0.796766479101837,5.77110692845566e-05
fe9bd62ae4be3f3fbf854aaf24b3107241c3ee92f74288d43a6ca5f8804a9434,mem,300,1.0278757810592651,0.374142630503009,-2.655904849897958e-06
fe9d138da6009e53966c38176b808606e59b64d4ac5dd6d0e0d69155f49b1447,cpu,300,0.45602428913116455,0.07032357724264648,6.781004562651942e-05
fe9d138da6009e53966c38176b808606e59b64d4ac5dd6d0e0d69155f49b1447,mem,300,0.45602428913116455,0.001998646607539012,9.19838600878134e-07
feb016414e7b71801eff1ef06436f4be73a869a91ff53aff6210c4b14ae72a53,cpu,300,3.349561929702759,0.00011711303313932664,5.682843687088984e-10
feb016414e7b71801eff1ef06436f4be73a869a91ff53aff6210c4b14ae72a53,mem,300,3.349561929702759,0.0029091296392667054,-4.658726656486666e-10
fec250ce67ec0c132a6cd093cb0adf8be53faacbe873e1f7234ff4966f5a3f11,cpu,300,0.44845879077911377,0.03581001678192197,-1.0806799397578766e-06
fec250ce67ec0c132a6cd093cb0adf8be53faacbe873e1f7234ff4966f5a3f11,mem,300,0.44845879077911377,0.00015058331339079523,2.180265190496048e-09
fee12ebec2801cec8f044a0e3cbdfb9d74a0d83634d97b623ef96820f6325fe5,cpu,300,0.26988309621810913,0.6195607029671019,1.9156888362443802e-05
fee12ebec2801cec8f044a0e3cbdfb9d74a0d83634d97b623ef96820f6325fe5,mem,300,0.26988309621810913,0.10774582696253465,6.96132117805429e-07
ffbe372c880bf552494c1c960edd8b496e440dbebfb1caa722f98e4745c4d9ed,cpu,300,17.595956802368164,0.007530721604665946,2.1185273550337957e-06
ffbe372c880bf552494c1c960edd8b496e440dbebfb1caa722f98e4745c4d9ed,mem,300,17.595956802368164,2.014361815905197e-06,-1.4198228892267639e-08
ffe2951a804109b8d947cf3d26a391d389d537af135a93f911fc957bb606d293,cpu,300,0.47001853585243225,0.5632566784922356,1.4899422161798506e-05
ffe2951a804109b8d947cf3d26a391d389d537af135a93f911fc957bb606d293,mem,300,0.47001853585243225,0.008280900841182492,8.800113721458901e-07
