label,delta_pct,node,tier,projected_mean,train_p95,train_max,ood_confidence
SockShop,5,catalogue_workload,tier1,4.263269919276165,4.667,5.933,high
SockShop,5,carts_workload,tier1,8.58345331145088,9.667,13.733,high
SockShop,5,user_workload,tier1,18.90780856638598,21.8,30.067,high
SockShop,5,orders_workload,tier1,2.093551068438552,2.667,15.067,high
SockShop,5,payment_workload,tier1,2.0889950634327867,2.667,3.733,high
SockShop,5,shipping_workload,tier1,2.0800203784346656,2.667,4.0,high
SockShop,5,front-end_cpu,tier2,4.542080322842157,5.168494277294224,6.883132899533267,high
SockShop,5,front-end_mem,tier2,104909277.86666666,110325760.0,358322176.0,high
SockShop,5,front-end_latency-50,tier2,0.03079801544773628,0.0440425531914893,0.0583941605839415,high
SockShop,5,catalogue_cpu,tier2,0.38950215413300393,0.2086698079014107,49.028625708884505,low
SockShop,5,catalogue_mem,tier2,6171238.4,6524928.0,329572352.0,high
SockShop,5,catalogue_latency-50,tier2,0.003073248234784958,0.0031428571428571,0.14601266373267,high
SockShop,5,user_cpu,tier2,0.9247351848121197,1.154028797755648,1.6543799486507298,high
SockShop,5,user_mem,tier2,8160925.013333334,9162752.0,14548992.0,high
SockShop,5,user_latency-50,tier2,0.00417008635936204,0.0056605922551252,0.0175,high
SockShop,5,carts_cpu,tier2,2.286870400350244,5.5648055996062755,48.76569806376475,high
SockShop,5,carts_mem,tier2,214829015.04,222748672.0,432041984.0,high
SockShop,5,carts_latency-50,tier2,0.1578823851461327,1.1874999999999998,5.5,high
SockShop,5,orders_cpu,tier2,2.177151665663916,5.602826944199368,80.04373168689828,high
SockShop,5,orders_mem,tier2,331496856.51424843,336138240.0,656744448.0,high
SockShop,5,orders_latency-50,tier2,0.07104007657960011,0.5000000000000001,2.125,high
SockShop,5,payment_cpu,tier2,0.08515144514884913,0.1010122448979587,19.838419782870968,high
SockShop,5,payment_mem,tier2,4569060.693333333,5140480.0,7991296.0,high
SockShop,5,payment_latency-50,tier2,0.0023922012683259006,0.0028095238095238,0.005,high
SockShop,5,shipping_cpu,tier2,0.7048462253857246,1.788315640825861,13.558962604157635,high
SockShop,5,shipping_mem,tier2,303746321.06666666,307023872.0,604696576.0,high
SockShop,5,shipping_latency-50,tier2,0.0034021398565699133,0.004960949764521125,2.5,high
SockShop,10,catalogue_workload,tier1,4.476370285644952,4.667,5.933,high
SockShop,10,carts_workload,tier1,8.940333693684451,9.667,13.733,high
SockShop,10,user_workload,tier1,19.240767795955374,21.8,30.067,high
SockShop,10,orders_workload,tier1,2.062559577291942,2.667,15.067,high
SockShop,10,payment_workload,tier1,2.044190320373191,2.667,3.733,high
SockShop,10,shipping_workload,tier1,2.0636113271257543,2.667,4.0,high
SockShop,10,front-end_cpu,tier2,4.656471922043474,5.168494277294224,6.883132899533267,high
SockShop,10,front-end_mem,tier2,104996345.17333333,110325760.0,358322176.0,high
SockShop,10,front-end_latency-50,tier2,0.03028498542433391,0.0440425531914893,0.0583941605839415,high
SockShop,10,catalogue_cpu,tier2,0.27971560510370436,0.2086698079014107,49.028625708884505,low
SockShop,10,catalogue_mem,tier2,6157421.226666667,6524928.0,329572352.0,high
SockShop,10,catalogue_latency-50,tier2,0.003055872032990169,0.0031428571428571,0.14601266373267,high
SockShop,10,user_cpu,tier2,0.9492886998167023,1.154028797755648,1.6543799486507298,high
SockShop,10,user_mem,tier2,8056067.413333333,9162752.0,14548992.0,high
SockShop,10,user_latency-50,tier2,0.004205269220901046,0.0056605922551252,0.0175,high
SockShop,10,carts_cpu,tier2,2.171518577742059,5.5648055996062755,48.76569806376475,high
SockShop,10,carts_mem,tier2,213424988.16,222748672.0,432041984.0,high
SockShop,10,carts_latency-50,tier2,0.09375359336496777,1.1874999999999998,5.5,high
SockShop,10,orders_cpu,tier2,2.2541308237349025,5.602826944199368,80.04373168689828,high
SockShop,10,orders_mem,tier2,328725055.3630133,336138240.0,656744448.0,high
SockShop,10,orders_latency-50,tier2,0.0908363373239431,0.5000000000000001,2.125,high
SockShop,10,payment_cpu,tier2,0.08630843240217753,0.1010122448979587,19.838419782870968,high
SockShop,10,payment_mem,tier2,4582577.493333333,5140480.0,7991296.0,high
SockShop,10,payment_latency-50,tier2,0.0023821429184832047,0.0028095238095238,0.005,high
SockShop,10,shipping_cpu,tier2,0.6718261186186057,1.788315640825861,13.558962604157635,high
SockShop,10,shipping_mem,tier2,303710890.6666667,307023872.0,604696576.0,high
SockShop,10,shipping_latency-50,tier2,0.003343415936473705,0.004960949764521125,2.5,high
SockShop,15,catalogue_workload,tier1,4.706899338866354,4.667,5.933,low
SockShop,15,carts_workload,tier1,9.35599814311404,9.667,13.733,medium
SockShop,15,user_workload,tier1,19.885200746269977,21.8,30.067,high
SockShop,15,orders_workload,tier1,2.1052179148689714,2.667,15.067,high
SockShop,15,payment_workload,tier1,2.1006697879134633,2.667,3.733,high
SockShop,15,shipping_workload,tier1,2.1111980718161645,2.667,4.0,high
SockShop,15,front-end_cpu,tier2,4.824733943600273,5.168494277294224,6.883132899533267,high
SockShop,15,front-end_mem,tier2,106701892.26666667,110325760.0,358322176.0,high
SockShop,15,front-end_latency-50,tier2,0.03097918398169534,0.0440425531914893,0.0583941605839415,high
SockShop,15,catalogue_cpu,tier2,0.31330994851252597,0.2086698079014107,49.028625708884505,low
SockShop,15,catalogue_mem,tier2,6207269.546666667,6524928.0,329572352.0,high
SockShop,15,catalogue_latency-50,tier2,0.0030539698098743474,0.0031428571428571,0.14601266373267,high
SockShop,15,user_cpu,tier2,0.926468302801414,1.154028797755648,1.6543799486507298,high
SockShop,15,user_mem,tier2,8113206.613333333,9162752.0,14548992.0,high
SockShop,15,user_latency-50,tier2,0.004270896312766603,0.0056605922551252,0.0175,high
SockShop,15,carts_cpu,tier2,2.3919914768912327,5.5648055996062755,48.76569806376475,high
SockShop,15,carts_mem,tier2,211822318.93333334,222748672.0,432041984.0,high
SockShop,15,carts_latency-50,tier2,0.034176077152551575,1.1874999999999998,5.5,high
SockShop,15,orders_cpu,tier2,2.0642837081942655,5.602826944199368,80.04373168689828,high
SockShop,15,orders_mem,tier2,330195969.88340616,336138240.0,656744448.0,high
SockShop,15,orders_latency-50,tier2,0.07456868958868085,0.5000000000000001,2.125,high
SockShop,15,payment_cpu,tier2,0.08550710434788442,0.1010122448979587,19.838419782870968,high
SockShop,15,payment_mem,tier2,4583096.32,5140480.0,7991296.0,high
SockShop,15,payment_latency-50,tier2,0.002377102601315389,0.0028095238095238,0.005,high
SockShop,15,shipping_cpu,tier2,0.6317626903798162,1.788315640825861,13.558962604157635,high
SockShop,15,shipping_mem,tier2,302783105.70666665,307023872.0,604696576.0,high
SockShop,15,shipping_latency-50,tier2,0.0033051692539928603,0.004960949764521125,2.5,high
SockShop,20,catalogue_workload,tier1,4.933312342393233,4.667,5.933,low
SockShop,20,carts_workload,tier1,9.743310215796464,9.667,13.733,low
SockShop,20,user_workload,tier1,20.613491285842375,21.8,30.067,high
SockShop,20,orders_workload,tier1,2.1562543308976476,2.667,15.067,high
SockShop,20,payment_workload,tier1,2.1266876415361655,2.667,3.733,high
SockShop,20,shipping_workload,tier1,2.1141021094853585,2.667,4.0,high
SockShop,20,front-end_cpu,tier2,4.91013257269731,5.168494277294224,6.883132899533267,high
SockShop,20,front-end_mem,tier2,105623797.76,110325760.0,358322176.0,high
SockShop,20,front-end_latency-50,tier2,0.032896182300714,0.0440425531914893,0.0583941605839415,high
SockShop,20,catalogue_cpu,tier2,0.31101967982673223,0.2086698079014107,49.028625708884505,low
SockShop,20,catalogue_mem,tier2,6139221.333333333,6524928.0,329572352.0,high
SockShop,20,catalogue_latency-50,tier2,0.003055575683756115,0.0031428571428571,0.14601266373267,high
SockShop,20,user_cpu,tier2,0.9509353685928023,1.154028797755648,1.6543799486507298,high
SockShop,20,user_mem,tier2,8110434.986666666,9162752.0,14548992.0,high
SockShop,20,user_latency-50,tier2,0.004182574495109199,0.0056605922551252,0.0175,high
SockShop,20,carts_cpu,tier2,2.3399430478650705,5.5648055996062755,48.76569806376475,high
SockShop,20,carts_mem,tier2,214721208.32,222748672.0,432041984.0,high
SockShop,20,carts_latency-50,tier2,0.08854047057376772,1.1874999999999998,5.5,high
SockShop,20,orders_cpu,tier2,2.258631640403543,5.602826944199368,80.04373168689828,high
SockShop,20,orders_mem,tier2,329333792.78228605,336138240.0,656744448.0,high
SockShop,20,orders_latency-50,tier2,0.08778308224532423,0.5000000000000001,2.125,high
SockShop,20,payment_cpu,tier2,0.08974365720142474,0.1010122448979587,19.838419782870968,high
SockShop,20,payment_mem,tier2,4621694.293333333,5140480.0,7991296.0,high
SockShop,20,payment_latency-50,tier2,0.0024444512386675777,0.0028095238095238,0.005,high
SockShop,20,shipping_cpu,tier2,0.6377662443611434,1.788315640825861,13.558962604157635,high
SockShop,20,shipping_mem,tier2,303406120.96,307023872.0,604696576.0,high
SockShop,20,shipping_latency-50,tier2,0.0033102210934891733,0.004960949764521125,2.5,high
SockShop,25,catalogue_workload,tier1,5.161227249629942,4.667,5.933,low
SockShop,25,carts_workload,tier1,10.200842113526837,9.667,13.733,low
SockShop,25,user_workload,tier1,21.46427339934998,21.8,30.067,medium
SockShop,25,orders_workload,tier1,2.2372948964399795,2.667,15.067,high
SockShop,25,payment_workload,tier1,2.203269660015552,2.667,3.733,high
SockShop,25,shipping_workload,tier1,2.1984799361520073,2.667,4.0,high
SockShop,25,front-end_cpu,tier2,4.955814150116663,5.168494277294224,6.883132899533267,high
SockShop,25,front-end_mem,tier2,104186183.68,110325760.0,358322176.0,high
SockShop,25,front-end_latency-50,tier2,0.036246312833956996,0.0440425531914893,0.0583941605839415,high
SockShop,25,catalogue_cpu,tier2,0.41280333393248,0.2086698079014107,49.028625708884505,low
SockShop,25,catalogue_mem,tier2,6167825.066666666,6524928.0,329572352.0,high
SockShop,25,catalogue_latency-50,tier2,0.003072572389132354,0.0031428571428571,0.14601266373267,high
SockShop,25,user_cpu,tier2,0.974570250722554,1.154028797755648,1.6543799486507298,high
SockShop,25,user_mem,tier2,8123159.893333334,9162752.0,14548992.0,high
SockShop,25,user_latency-50,tier2,0.004404839161779403,0.0056605922551252,0.0175,high
SockShop,25,carts_cpu,tier2,2.3425914751028443,5.5648055996062755,48.76569806376475,high
SockShop,25,carts_mem,tier2,213881200.64,222748672.0,432041984.0,high
SockShop,25,carts_latency-50,tier2,0.0044644244486464375,1.1874999999999998,5.5,high
SockShop,25,orders_cpu,tier2,2.1696260885888616,5.602826944199368,80.04373168689828,high
SockShop,25,orders_mem,tier2,329551977.45410264,336138240.0,656744448.0,high
SockShop,25,orders_latency-50,tier2,0.0676455434267075,0.5000000000000001,2.125,high
SockShop,25,payment_cpu,tier2,0.0863439263623161,0.1010122448979587,19.838419782870968,high
SockShop,25,payment_mem,tier2,4585977.173333333,5140480.0,7991296.0,high
SockShop,25,payment_latency-50,tier2,0.0023958242371098907,0.0028095238095238,0.005,high
SockShop,25,shipping_cpu,tier2,0.5939647236014326,1.788315640825861,13.558962604157635,high
SockShop,25,shipping_mem,tier2,303177891.84,307023872.0,604696576.0,high
SockShop,25,shipping_latency-50,tier2,0.0033776145716035177,0.004960949764521125,2.5,high
SockShop,30,catalogue_workload,tier1,5.38817137714168,4.667,5.933,low
SockShop,30,carts_workload,tier1,10.68729393320713,9.667,13.733,low
SockShop,30,user_workload,tier1,21.72914206294199,21.8,30.067,medium
SockShop,30,orders_workload,tier1,2.2082696249642266,2.667,15.067,high
SockShop,30,payment_workload,tier1,2.1429761868697477,2.667,3.733,high
SockShop,30,shipping_workload,tier1,2.165826895408406,2.667,4.0,high
SockShop,30,front-end_cpu,tier2,5.14028458248126,5.168494277294224,6.883132899533267,medium
SockShop,30,front-end_mem,tier2,104243950.93333334,110325760.0,358322176.0,high
SockShop,30,front-end_latency-50,tier2,0.040784889722631286,0.0440425531914893,0.0583941605839415,high
SockShop,30,catalogue_cpu,tier2,0.26201901098891683,0.2086698079014107,49.028625708884505,low
SockShop,30,catalogue_mem,tier2,6178365.44,6524928.0,329572352.0,high
SockShop,30,catalogue_latency-50,tier2,0.0030605243876950477,0.0031428571428571,0.14601266373267,high
SockShop,30,user_cpu,tier2,0.9836160092486849,1.154028797755648,1.6543799486507298,high
SockShop,30,user_mem,tier2,8095307.093333334,9162752.0,14548992.0,high
SockShop,30,user_latency-50,tier2,0.004375746518194877,0.0056605922551252,0.0175,high
SockShop,30,carts_cpu,tier2,2.2373195209083794,5.5648055996062755,48.76569806376475,high
SockShop,30,carts_mem,tier2,214647330.13333333,222748672.0,432041984.0,high
SockShop,30,carts_latency-50,tier2,0.1087138175710706,1.1874999999999998,5.5,high
SockShop,30,orders_cpu,tier2,2.3064023851942883,5.602826944199368,80.04373168689828,high
SockShop,30,orders_mem,tier2,333352964.8514311,336138240.0,656744448.0,high
SockShop,30,orders_latency-50,tier2,0.08455200753539754,0.5000000000000001,2.125,high
SockShop,30,payment_cpu,tier2,0.08734176992780887,0.1010122448979587,19.838419782870968,high
SockShop,30,payment_mem,tier2,4602716.16,5140480.0,7991296.0,high
SockShop,30,payment_latency-50,tier2,0.0023316647054662416,0.0028095238095238,0.005,high
SockShop,30,shipping_cpu,tier2,0.6059201269511424,1.788315640825861,13.558962604157635,high
SockShop,30,shipping_mem,tier2,301392745.81333333,307023872.0,604696576.0,high
SockShop,30,shipping_latency-50,tier2,0.0033286655765231445,0.004960949764521125,2.5,high
SockShop,35,catalogue_workload,tier1,5.6420930479331055,4.667,5.933,low
SockShop,35,carts_workload,tier1,11.046557321828368,9.667,13.733,low
SockShop,35,user_workload,tier1,22.290668027840816,21.8,30.067,low
SockShop,35,orders_workload,tier1,2.234610350805012,2.667,15.067,high
SockShop,35,payment_workload,tier1,2.1863175462642745,2.667,3.733,high
SockShop,35,shipping_workload,tier1,2.1851278477216036,2.667,4.0,high
SockShop,35,front-end_cpu,tier2,5.261483546978014,5.168494277294224,6.883132899533267,low
SockShop,35,front-end_mem,tier2,105498883.41333333,110325760.0,358322176.0,high
SockShop,35,front-end_latency-50,tier2,0.04886241666619504,0.0440425531914893,0.0583941605839415,low
SockShop,35,catalogue_cpu,tier2,0.450340656885569,0.2086698079014107,49.028625708884505,low
SockShop,35,catalogue_mem,tier2,6189506.56,6524928.0,329572352.0,high
SockShop,35,catalogue_latency-50,tier2,0.003064709889385636,0.0031428571428571,0.14601266373267,high
SockShop,35,user_cpu,tier2,0.9665094586531321,1.154028797755648,1.6543799486507298,high
SockShop,35,user_mem,tier2,8029784.746666667,9162752.0,14548992.0,high
SockShop,35,user_latency-50,tier2,0.004300064553271146,0.0056605922551252,0.0175,high
SockShop,35,carts_cpu,tier2,2.685758348082745,5.5648055996062755,48.76569806376475,high
SockShop,35,carts_mem,tier2,214818119.68,222748672.0,432041984.0,high
SockShop,35,carts_latency-50,tier2,0.26074222703926436,1.1874999999999998,5.5,high
SockShop,35,orders_cpu,tier2,2.500941201050488,5.602826944199368,80.04373168689828,high
SockShop,35,orders_mem,tier2,332623439.77144605,336138240.0,656744448.0,high
SockShop,35,orders_latency-50,tier2,0.07443404621323736,0.5000000000000001,2.125,high
SockShop,35,payment_cpu,tier2,0.08527778209696656,0.1010122448979587,19.838419782870968,high
SockShop,35,payment_mem,tier2,4584038.4,5140480.0,7991296.0,high
SockShop,35,payment_latency-50,tier2,0.002380004602408106,0.0028095238095238,0.005,high
SockShop,35,shipping_cpu,tier2,0.6309430660306534,1.788315640825861,13.558962604157635,high
SockShop,35,shipping_mem,tier2,302344314.88,307023872.0,604696576.0,high
SockShop,35,shipping_latency-50,tier2,0.0033381902113576657,0.004960949764521125,2.5,high
SockShop,40,catalogue_workload,tier1,5.830430924020819,4.667,5.933,low
SockShop,40,carts_workload,tier1,11.649934224346083,9.667,13.733,low
SockShop,40,user_workload,tier1,23.004449795294075,21.8,30.067,low
SockShop,40,orders_workload,tier1,2.2928005453839946,2.667,15.067,high
SockShop,40,payment_workload,tier1,2.214634951355728,2.667,3.733,high
SockShop,40,shipping_workload,tier1,2.239588985434639,2.667,4.0,high
SockShop,40,front-end_cpu,tier2,5.3716843525761275,5.168494277294224,6.883132899533267,low
SockShop,40,front-end_mem,tier2,105315669.33333333,110325760.0,358322176.0,high
SockShop,40,front-end_latency-50,tier2,0.058436529235374714,0.0440425531914893,0.0583941605839415,low
SockShop,40,catalogue_cpu,tier2,0.30955376411962404,0.2086698079014107,49.028625708884505,low
SockShop,40,catalogue_mem,tier2,6180659.2,6524928.0,329572352.0,high
SockShop,40,catalogue_latency-50,tier2,0.0030692969725689464,0.0031428571428571,0.14601266373267,high
SockShop,40,user_cpu,tier2,0.963045593993299,1.154028797755648,1.6543799486507298,high
SockShop,40,user_mem,tier2,8097819.306666667,9162752.0,14548992.0,high
SockShop,40,user_latency-50,tier2,0.004469516749484265,0.0056605922551252,0.0175,high
SockShop,40,carts_cpu,tier2,2.319547510237241,5.5648055996062755,48.76569806376475,high
SockShop,40,carts_mem,tier2,213530801.49333334,222748672.0,432041984.0,high
SockShop,40,carts_latency-50,tier2,0.4952106382979279,1.1874999999999998,5.5,medium
SockShop,40,orders_cpu,tier2,2.605363717603003,5.602826944199368,80.04373168689828,high
SockShop,40,orders_mem,tier2,330814000.790604,336138240.0,656744448.0,high
SockShop,40,orders_latency-50,tier2,0.1015640089164905,0.5000000000000001,2.125,medium
SockShop,40,payment_cpu,tier2,0.08623580265243411,0.1010122448979587,19.838419782870968,high
SockShop,40,payment_mem,tier2,4594114.56,5140480.0,7991296.0,high
SockShop,40,payment_latency-50,tier2,0.0024002090882142423,0.0028095238095238,0.005,high
SockShop,40,shipping_cpu,tier2,0.6066906950411637,1.788315640825861,13.558962604157635,high
SockShop,40,shipping_mem,tier2,303664237.2266667,307023872.0,604696576.0,high
SockShop,40,shipping_latency-50,tier2,0.0032643572623459118,0.004960949764521125,2.5,high
SockShop,45,catalogue_workload,tier1,6.073366818168906,4.667,5.933,low
SockShop,45,carts_workload,tier1,11.947851947581503,9.667,13.733,low
SockShop,45,user_workload,tier1,23.68484552436798,21.8,30.067,low
SockShop,45,orders_workload,tier1,2.3285120183862653,2.667,15.067,high
SockShop,45,payment_workload,tier1,2.2494531733924736,2.667,3.733,high
SockShop,45,shipping_workload,tier1,2.275044324607461,2.667,4.0,high
SockShop,45,front-end_cpu,tier2,5.4635803934242855,5.168494277294224,6.883132899533267,low
SockShop,45,front-end_mem,tier2,104218473.81333333,110325760.0,358322176.0,high
SockShop,45,front-end_latency-50,tier2,0.07338893108767178,0.0440425531914893,0.0583941605839415,low
SockShop,45,catalogue_cpu,tier2,0.328487640485583,0.2086698079014107,49.028625708884505,low
SockShop,45,catalogue_mem,tier2,6182188.373333333,6524928.0,329572352.0,high
SockShop,45,catalogue_latency-50,tier2,0.003077293197641889,0.0031428571428571,0.14601266373267,high
SockShop,45,user_cpu,tier2,0.977651378204115,1.154028797755648,1.6543799486507298,high
SockShop,45,user_mem,tier2,8151613.44,9162752.0,14548992.0,high
SockShop,45,user_latency-50,tier2,0.004433905329539616,0.0056605922551252,0.0175,high
SockShop,45,carts_cpu,tier2,2.4063652925388808,5.5648055996062755,48.76569806376475,high
SockShop,45,carts_mem,tier2,213380928.85333332,222748672.0,432041984.0,high
SockShop,45,carts_latency-50,tier2,0.6838692029643538,1.1874999999999998,5.5,medium
SockShop,45,orders_cpu,tier2,2.4704144958669767,5.602826944199368,80.04373168689828,high
SockShop,45,orders_mem,tier2,332679284.7128111,336138240.0,656744448.0,high
SockShop,45,orders_latency-50,tier2,0.07159524339407536,0.5000000000000001,2.125,high
SockShop,45,payment_cpu,tier2,0.0857354308856857,0.1010122448979587,19.838419782870968,high
SockShop,45,payment_mem,tier2,4600627.2,5140480.0,7991296.0,high
SockShop,45,payment_latency-50,tier2,0.00236625558307687,0.0028095238095238,0.005,high
SockShop,45,shipping_cpu,tier2,0.6102096923977386,1.788315640825861,13.558962604157635,high
SockShop,45,shipping_mem,tier2,302507308.37333333,307023872.0,604696576.0,high
SockShop,45,shipping_latency-50,tier2,0.0034210580508100387,0.004960949764521125,2.5,high
SockShop,50,catalogue_workload,tier1,6.29845009961999,4.667,5.933,low
SockShop,50,carts_workload,tier1,12.448626999411745,9.667,13.733,low
SockShop,50,user_workload,tier1,24.16754899131595,21.8,30.067,low
SockShop,50,orders_workload,tier1,2.3741353798504594,2.667,15.067,high
SockShop,50,payment_workload,tier1,2.3106025753612984,2.667,3.733,high
SockShop,50,shipping_workload,tier1,2.3084555288634334,2.667,4.0,high
SockShop,50,front-end_cpu,tier2,5.59859319985332,5.168494277294224,6.883132899533267,low
SockShop,50,front-end_mem,tier2,105203002.02666667,110325760.0,358322176.0,high
SockShop,50,front-end_latency-50,tier2,0.09517433910504637,0.0440425531914893,0.0583941605839415,low
SockShop,50,catalogue_cpu,tier2,0.31926983619630733,0.2086698079014107,49.028625708884505,low
SockShop,50,catalogue_mem,tier2,6165394.773333333,6524928.0,329572352.0,high
SockShop,50,catalogue_latency-50,tier2,0.0030785178085560713,0.0031428571428571,0.14601266373267,high
SockShop,50,user_cpu,tier2,1.0145346551719867,1.154028797755648,1.6543799486507298,high
SockShop,50,user_mem,tier2,8045554.346666667,9162752.0,14548992.0,high
SockShop,50,user_latency-50,tier2,0.004465586987375098,0.0056605922551252,0.0175,high
SockShop,50,carts_cpu,tier2,2.6025261968623323,5.5648055996062755,48.76569806376475,high
SockShop,50,carts_mem,tier2,212879127.89333335,222748672.0,432041984.0,high
SockShop,50,carts_latency-50,tier2,1.0506977295440436,1.1874999999999998,5.5,medium
SockShop,50,orders_cpu,tier2,2.489193487755665,5.602826944199368,80.04373168689828,high
SockShop,50,orders_mem,tier2,332095414.5675184,336138240.0,656744448.0,high
SockShop,50,orders_latency-50,tier2,0.07896206132716078,0.5000000000000001,2.125,high
SockShop,50,payment_cpu,tier2,0.08754654310569163,0.1010122448979587,19.838419782870968,high
SockShop,50,payment_mem,tier2,4603016.533333333,5140480.0,7991296.0,high
SockShop,50,payment_latency-50,tier2,0.0023973198073207265,0.0028095238095238,0.005,high
SockShop,50,shipping_cpu,tier2,0.6506258535245636,1.788315640825861,13.558962604157635,high
SockShop,50,shipping_mem,tier2,302520483.84,307023872.0,604696576.0,high
SockShop,50,shipping_latency-50,tier2,0.0033803497211538887,0.004960949764521125,2.5,high
TrainTicket,5,ts-admin-basic-info-service_workload,tier1,0.6480033494699032,0.867,1.2,high
TrainTicket,5,ts-config-service_workload,tier1,8.928834521786241,11.267,14.467,high
TrainTicket,5,ts-price-service_workload,tier1,4.822075300402623,6.080199999999808,7.733,high
TrainTicket,5,ts-admin-travel-service_workload,tier1,0.3241596164720265,0.4,0.667,high
TrainTicket,5,ts-travel-service_workload,tier1,8.991063058934891,13.733,19.0,high
TrainTicket,5,ts-travel2-service_workload,tier1,13.53229776737492,16.467,21.333,high
TrainTicket,5,ts-basic-service_workload,tier1,32.83668327718267,40.067,51.467,high
TrainTicket,5,ts-route-service_workload,tier1,34.03847521378576,40.333,53.0,high
TrainTicket,5,ts-station-service_workload,tier1,48.6711755753751,60.067,81.133,high
TrainTicket,5,ts-train-service_workload,tier1,20.75635535204757,25.6,33.067,high
TrainTicket,5,ts-consign-service_workload,tier1,0.23707132253777705,0.533,1.067,high
TrainTicket,5,ts-consign-price-service_workload,tier1,0.2338017240859588,0.533,1.0,high
TrainTicket,5,ts-food-service_workload,tier1,0.8639211105023329,1.4,2.4,high
TrainTicket,5,ts-food-map-service_workload,tier1,1.496010311448557,2.267,3.6,high
TrainTicket,5,ts-inside-payment-service_workload,tier1,0.2232371920812345,0.533,1.0,high
TrainTicket,5,ts-order-other-service_workload,tier1,8.567876818291483,10.534,14.8,high
TrainTicket,5,ts-order-service_workload,tier1,6.11831940118454,9.333,12.933,high
TrainTicket,5,ts-payment-service_workload,tier1,0.10401407080570078,0.333,0.733,high
TrainTicket,5,ts-preserve-other-service_workload,tier1,0.09793584413110587,0.267,0.733,high
TrainTicket,5,ts-assurance-service_workload,tier1,0.3530457730091325,0.8,1.467,high
TrainTicket,5,ts-contacts-service_workload,tier1,0.4723384385105613,1.0,1.867,high
TrainTicket,5,ts-seat-service_workload,tier1,8.839860070785702,11.2,14.733,high
TrainTicket,5,ts-security-service_workload,tier1,0.2367895191141903,0.533,0.933,high
TrainTicket,5,ts-ticketinfo-service_workload,tier1,32.7921020308143,40.267,50.067,high
TrainTicket,5,ts-user-service_workload,tier1,0.23566331965565374,0.533,0.933,high
TrainTicket,5,ts-ui-dashboard_workload,tier1,4.646669999999999,5.533,6.6,high
TrainTicket,5,ts-admin-basic-info-service_cpu,tier2,0.6497541073327363,1.8823441461353534,9.623131099390445,high
TrainTicket,5,ts-admin-basic-info-service_mem,tier2,230942518.32109532,239837184.0,242450432.0,high
TrainTicket,5,ts-admin-basic-info-service_latency-50,tier2,0.01674296256158938,0.018333333333333337,0.052083333333333336,high
TrainTicket,5,ts-admin-travel-service_cpu,tier2,0.5980734269816236,1.6952896905210149,8.596834321334724,high
TrainTicket,5,ts-admin-travel-service_mem,tier2,226762882.9224936,236658688.0,251432960.0,high
TrainTicket,5,ts-admin-travel-service_latency-50,tier2,0.19898870357096266,0.3125,1.75,high
TrainTicket,5,ts-assurance-service_cpu,tier2,0.5053071710799232,1.6672775741419696,7.7665663734179065,high
TrainTicket,5,ts-assurance-service_mem,tier2,240617829.8521029,252223488.0,272887808.0,high
TrainTicket,5,ts-assurance-service_latency-50,tier2,0.007580598341500671,0.013000000000000003,0.059375,high
TrainTicket,5,ts-auth-service_workload,tier1,2.755116666666667,3.2,3.667,high
TrainTicket,5,ts-auth-service_cpu,tier2,14.436309892652638,17.615055284694392,30.107523510971795,high
TrainTicket,5,ts-auth-service_mem,tier2,245058532.29201487,257466368.0,477708288.0,high
TrainTicket,5,ts-auth-service_latency-50,tier2,0.2380386620523124,0.32828947368420813,1.3515625,high
TrainTicket,5,ts-basic-service_cpu,tier2,6.9448600327994034,14.102169677738312,36.88716565392696,high
TrainTicket,5,ts-basic-service_mem,tier2,245889508.52691796,251654144.0,264810496.0,high
TrainTicket,5,ts-basic-service_latency-50,tier2,0.008734278552208435,0.011495561805961396,0.07005849811631522,high
TrainTicket,5,ts-config-service_cpu,tier2,1.9827917846762375,5.108416941899837,19.480908949592855,high
TrainTicket,5,ts-config-service_mem,tier2,252435354.73355475,258990080.0,268169216.0,high
TrainTicket,5,ts-config-service_latency-50,tier2,0.004393716350766039,0.0075977748936164324,0.017190827085829283,high
TrainTicket,5,ts-consign-price-service_cpu,tier2,0.3796421311451485,1.0861415568807153,4.31573571243858,high
TrainTicket,5,ts-consign-price-service_mem,tier2,238856648.30719247,248791040.0,271323136.0,high
TrainTicket,5,ts-consign-price-service_latency-50,tier2,0.011173698667300664,0.0175,0.0625,high
TrainTicket,5,ts-consign-service_cpu,tier2,0.5192167788394376,1.1637800836638508,5.160261647448178,high
TrainTicket,5,ts-consign-service_mem,tier2,243498846.00560984,259407872.0,262955008.0,high
TrainTicket,5,ts-consign-service_latency-50,tier2,0.02585979176650331,0.0475,0.175,high
TrainTicket,5,ts-contacts-service_cpu,tier2,0.5244758572989535,1.8582684711895971,6.05660137369628,high
TrainTicket,5,ts-contacts-service_mem,tier2,244599140.28914613,254562304.0,260501504.0,high
TrainTicket,5,ts-contacts-service_latency-50,tier2,0.009679431471399092,0.018333333333333333,0.07363595402455198,high
TrainTicket,5,ts-food-map-service_cpu,tier2,1.0634584960992577,3.511512796256998,10.716586266452264,high
TrainTicket,5,ts-food-map-service_mem,tier2,253442744.97430426,263933952.0,269733888.0,high
TrainTicket,5,ts-food-map-service_latency-50,tier2,0.007742470747970154,0.015146927529803348,0.025,high
TrainTicket,5,ts-food-service_cpu,tier2,1.006485536299814,3.192809124206033,8.433462126236257,high
TrainTicket,5,ts-food-service_mem,tier2,254874185.34348205,263086080.0,277200896.0,high
TrainTicket,5,ts-food-service_latency-50,tier2,0.04606339728279522,0.08333333333333333,0.3158282832836379,high
TrainTicket,5,ts-inside-payment-service_cpu,tier2,0.70064295048024,1.5506705343254696,29.52413373119785,high
TrainTicket,5,ts-inside-payment-service_mem,tier2,245801574.6945356,258883584.0,263589888.0,high
TrainTicket,5,ts-inside-payment-service_latency-50,tier2,0.0390102594740382,0.08750000000000001,1.4426193415815511,high
TrainTicket,5,ts-order-other-service_cpu,tier2,3.4904496018423696,7.723990049546671,21.563143411095133,high
TrainTicket,5,ts-order-other-service_mem,tier2,270846673.7938361,297172992.0,309579776.0,high
TrainTicket,5,ts-order-other-service_latency-50,tier2,0.008790510413839173,0.013277910844976707,0.021617983463244554,high
TrainTicket,5,ts-order-service_cpu,tier2,2.95790412393148,6.934012786118776,39.94660959322094,high
TrainTicket,5,ts-order-service_mem,tier2,270856628.9066667,309460992.0,614981632.0,high
TrainTicket,5,ts-order-service_latency-50,tier2,0.008501270374386775,0.012165935022335907,0.5833333333333335,high
TrainTicket,5,ts-payment-service_cpu,tier2,0.3211654102370533,0.911763190753815,4.142187978605582,high
TrainTicket,5,ts-payment-service_mem,tier2,233792535.0332844,244293632.0,263073792.0,high
TrainTicket,5,ts-payment-service_latency-50,tier2,0.02985664704430903,0.02,3.75,low
TrainTicket,5,ts-preserve-other-service_cpu,tier2,0.4823500219996625,1.504737050739937,7.144434949797048,high
TrainTicket,5,ts-preserve-other-service_mem,tier2,223546868.97082072,236326912.0,255295488.0,high
TrainTicket,5,ts-preserve-other-service_latency-50,tier2,0.7174606648321145,1.0,12.766709057510244,high
TrainTicket,5,ts-preserve-service_cpu,tier2,0.5364472731950009,1.4677625169535036,11.735937957272476,high
TrainTicket,5,ts-preserve-service_mem,tier2,226156607.75749493,238727168.0,241008640.0,high
TrainTicket,5,ts-preserve-service_latency-50,tier2,0.6277242526196013,1.0,4.292371508573809,high
TrainTicket,5,ts-price-service_cpu,tier2,1.650113069611959,4.956484360550842,15.604014215080342,high
TrainTicket,5,ts-price-service_mem,tier2,254581100.0419585,259956736.0,277651456.0,high
TrainTicket,5,ts-price-service_latency-50,tier2,0.005649751027561941,0.00796875,0.01992607055574582,high
TrainTicket,5,ts-route-service_cpu,tier2,5.616003256429109,13.065207913126745,38.429706696181505,high
TrainTicket,5,ts-route-service_mem,tier2,262064537.6,275795148.79999995,550662144.0,high
TrainTicket,5,ts-route-service_latency-50,tier2,0.0039734468318095365,0.00663327987381485,0.20781249999999998,high
TrainTicket,5,ts-seat-service_cpu,tier2,3.7658018388757712,8.568332556859088,30.027826299893945,high
TrainTicket,5,ts-seat-service_mem,tier2,243127147.33852595,247885824.0,265162752.0,high
TrainTicket,5,ts-seat-service_latency-50,tier2,0.04775681038235491,0.08401987218225031,0.3858689348424921,high
TrainTicket,5,ts-security-service_cpu,tier2,0.5495699680894278,1.6154102197543365,7.443263801756593,high
TrainTicket,5,ts-security-service_mem,tier2,245570560.73414245,258899968.0,268083200.0,high
TrainTicket,5,ts-security-service_latency-50,tier2,0.0462323131845591,0.07591963675090808,0.3750000000000001,high
TrainTicket,5,ts-station-service_cpu,tier2,9.42950944060382,17.151465626569546,49.46761728746086,high
TrainTicket,5,ts-station-service_mem,tier2,262189684.02156666,281227264.0,284692480.0,high
TrainTicket,5,ts-station-service_latency-50,tier2,0.0034183569895485867,0.004036350927988122,0.00819139902111194,high
TrainTicket,5,ts-ticketinfo-service_cpu,tier2,5.639679720227503,11.515208661831181,30.414139070927327,high
TrainTicket,5,ts-ticketinfo-service_mem,tier2,246504999.84861273,258662400.0,260968448.0,high
TrainTicket,5,ts-ticketinfo-service_latency-50,tier2,0.0187547614807674,0.020511152416356877,0.12281056752960097,high
TrainTicket,5,ts-train-service_cpu,tier2,4.036481231597569,9.804521218608148,25.131084877550435,high
TrainTicket,5,ts-train-service_mem,tier2,254209265.97074178,266944512.0,270946304.0,high
TrainTicket,5,ts-train-service_latency-50,tier2,0.00576482191855908,0.007715961384140907,0.022097578779370637,high
TrainTicket,5,ts-travel-service_cpu,tier2,4.490299335231594,10.822791861977581,33.68693004756439,high
TrainTicket,5,ts-travel-service_mem,tier2,274807831.61572164,288776192.0,559980544.0,high
TrainTicket,5,ts-travel-service_latency-50,tier2,0.019319050059400135,0.021296583850931677,0.16973796153073673,high
TrainTicket,5,ts-travel2-service_cpu,tier2,6.172617024890856,13.856592573882306,33.139444790240255,high
TrainTicket,5,ts-travel2-service_mem,tier2,277510802.7606526,283680768.0,289263616.0,high
TrainTicket,5,ts-travel2-service_latency-50,tier2,0.019349213224865068,0.02194741024172413,0.1526077417977782,high
TrainTicket,5,ts-ui-dashboard_cpu,tier2,0.18649607325529233,0.21841438981969208,0.26909042912035464,high
TrainTicket,5,ts-ui-dashboard_mem,tier2,3642609.7280683573,3747840.0,3960832.0,high
TrainTicket,5,ts-ui-dashboard_latency-50,tier2,0.27609810530658285,0.32142857142857145,1.0365853658536588,high
TrainTicket,5,ts-user-service_cpu,tier2,0.4700047712037129,1.2633780895262208,6.743994147475599,high
TrainTicket,5,ts-user-service_mem,tier2,223769507.06234378,232099840.0,258125824.0,high
TrainTicket,5,ts-user-service_latency-50,tier2,0.010721423479465229,0.017525970940430936,0.0803277849682449,high
TrainTicket,10,ts-admin-basic-info-service_workload,tier1,0.6412861489022664,0.867,1.2,high
TrainTicket,10,ts-config-service_workload,tier1,8.917681190616314,11.267,14.467,high
TrainTicket,10,ts-price-service_workload,tier1,4.89553867617639,6.080199999999808,7.733,high
TrainTicket,10,ts-admin-travel-service_workload,tier1,0.3125920310748671,0.4,0.667,high
TrainTicket,10,ts-travel-service_workload,tier1,8.95590711617696,13.733,19.0,high
TrainTicket,10,ts-travel2-service_workload,tier1,13.564768532533028,16.467,21.333,high
TrainTicket,10,ts-basic-service_workload,tier1,33.11521939035183,40.067,51.467,high
TrainTicket,10,ts-route-service_workload,tier1,33.83595518205801,40.333,53.0,high
TrainTicket,10,ts-station-service_workload,tier1,48.76354480670535,60.067,81.133,high
TrainTicket,10,ts-train-service_workload,tier1,20.78350031098033,25.6,33.067,high
TrainTicket,10,ts-consign-service_workload,tier1,0.21214739812270572,0.533,1.067,high
TrainTicket,10,ts-consign-price-service_workload,tier1,0.22095412803055647,0.533,1.0,high
TrainTicket,10,ts-food-service_workload,tier1,0.8310224924755502,1.4,2.4,high
TrainTicket,10,ts-food-map-service_workload,tier1,1.459970514806034,2.267,3.6,high
TrainTicket,10,ts-inside-payment-service_workload,tier1,0.22097167191160794,0.533,1.0,high
TrainTicket,10,ts-order-other-service_workload,tier1,8.586997397810288,10.534,14.8,high
TrainTicket,10,ts-order-service_workload,tier1,6.040204843774304,9.333,12.933,high
TrainTicket,10,ts-payment-service_workload,tier1,0.11419860449527808,0.333,0.733,high
TrainTicket,10,ts-preserve-other-service_workload,tier1,0.09349645793230174,0.267,0.733,high
TrainTicket,10,ts-assurance-service_workload,tier1,0.3629137636313949,0.8,1.467,high
TrainTicket,10,ts-contacts-service_workload,tier1,0.48335817668989584,1.0,1.867,high
TrainTicket,10,ts-seat-service_workload,tier1,8.83618002222455,11.2,14.733,high
TrainTicket,10,ts-security-service_workload,tier1,0.2447795183018897,0.533,0.933,high
TrainTicket,10,ts-ticketinfo-service_workload,tier1,32.942567049737505,40.267,50.067,high
TrainTicket,10,ts-user-service_workload,tier1,0.23988732152228362,0.533,0.933,high
TrainTicket,10,ts-ui-dashboard_workload,tier1,4.595563333333333,5.533,6.6,high
TrainTicket,10,ts-admin-basic-info-service_cpu,tier2,0.674577802310408,1.8823441461353534,9.623131099390445,high
TrainTicket,10,ts-admin-basic-info-service_mem,tier2,229962202.6072667,239837184.0,242450432.0,high
TrainTicket,10,ts-admin-basic-info-service_latency-50,tier2,0.016657146734009844,0.018333333333333337,0.052083333333333336,high
TrainTicket,10,ts-admin-travel-service_cpu,tier2,0.6073798627751957,1.6952896905210149,8.596834321334724,high
TrainTicket,10,ts-admin-travel-service_mem,tier2,226766321.08844224,236658688.0,251432960.0,high
TrainTicket,10,ts-admin-travel-service_latency-50,tier2,0.1986809243745903,0.3125,1.75,high
TrainTicket,10,ts-assurance-service_cpu,tier2,0.5541577734157092,1.6672775741419696,7.7665663734179065,high
TrainTicket,10,ts-assurance-service_mem,tier2,239671311.77233478,252223488.0,272887808.0,high
TrainTicket,10,ts-assurance-service_latency-50,tier2,0.008023499163143941,0.013000000000000003,0.059375,high
TrainTicket,10,ts-auth-service_workload,tier1,2.7628933333333334,3.2,3.667,high
TrainTicket,10,ts-auth-service_cpu,tier2,14.492421370505538,17.615055284694392,30.107523510971795,high
TrainTicket,10,ts-auth-service_mem,tier2,243274313.59916967,257466368.0,477708288.0,high
TrainTicket,10,ts-auth-service_latency-50,tier2,0.2456130043038958,0.32828947368420813,1.3515625,high
TrainTicket,10,ts-basic-service_cpu,tier2,6.536783072092339,14.102169677738312,36.88716565392696,high
TrainTicket,10,ts-basic-service_mem,tier2,245747549.2897765,251654144.0,264810496.0,high
TrainTicket,10,ts-basic-service_latency-50,tier2,0.008798800890923057,0.011495561805961396,0.07005849811631522,high
TrainTicket,10,ts-config-service_cpu,tier2,1.907734969118823,5.108416941899837,19.480908949592855,high
TrainTicket,10,ts-config-service_mem,tier2,252195581.551368,258990080.0,268169216.0,high
TrainTicket,10,ts-config-service_latency-50,tier2,0.004373074142998326,0.0075977748936164324,0.017190827085829283,high
TrainTicket,10,ts-consign-price-service_cpu,tier2,0.42348201642338507,1.0861415568807153,4.31573571243858,high
TrainTicket,10,ts-consign-price-service_mem,tier2,239149228.4214944,248791040.0,271323136.0,high
TrainTicket,10,ts-consign-price-service_latency-50,tier2,0.011118277409097349,0.0175,0.0625,high
TrainTicket,10,ts-consign-service_cpu,tier2,0.4665459334692444,1.1637800836638508,5.160261647448178,high
TrainTicket,10,ts-consign-service_mem,tier2,245245510.77067953,259407872.0,262955008.0,high
TrainTicket,10,ts-consign-service_latency-50,tier2,0.028012413548004933,0.0475,0.175,high
TrainTicket,10,ts-contacts-service_cpu,tier2,0.6091254793629464,1.8582684711895971,6.05660137369628,high
TrainTicket,10,ts-contacts-service_mem,tier2,244678910.40356445,254562304.0,260501504.0,high
TrainTicket,10,ts-contacts-service_latency-50,tier2,0.009437061777500155,0.018333333333333333,0.07363595402455198,high
TrainTicket,10,ts-food-map-service_cpu,tier2,1.0533092853176054,3.511512796256998,10.716586266452264,high
TrainTicket,10,ts-food-map-service_mem,tier2,253199191.0165336,263933952.0,269733888.0,high
TrainTicket,10,ts-food-map-service_latency-50,tier2,0.007681715169206324,0.015146927529803348,0.025,high
TrainTicket,10,ts-food-service_cpu,tier2,1.1096706366165765,3.192809124206033,8.433462126236257,high
TrainTicket,10,ts-food-service_mem,tier2,254057859.49335855,263086080.0,277200896.0,high
TrainTicket,10,ts-food-service_latency-50,tier2,0.046980092103729755,0.08333333333333333,0.3158282832836379,high
TrainTicket,10,ts-inside-payment-service_cpu,tier2,0.5055893296627266,1.5506705343254696,29.52413373119785,high
TrainTicket,10,ts-inside-payment-service_mem,tier2,247207050.19307974,258883584.0,263589888.0,high
TrainTicket,10,ts-inside-payment-service_latency-50,tier2,0.04240303089107823,0.08750000000000001,1.4426193415815511,high
TrainTicket,10,ts-order-other-service_cpu,tier2,3.428777828322104,7.723990049546671,21.563143411095133,high
TrainTicket,10,ts-order-other-service_mem,tier2,269453250.3730028,297172992.0,309579776.0,high
TrainTicket,10,ts-order-other-service_latency-50,tier2,0.008701652725576783,0.013277910844976707,0.021617983463244554,high
TrainTicket,10,ts-order-service_cpu,tier2,3.249256312725394,6.934012786118776,39.94660959322094,high
TrainTicket,10,ts-order-service_mem,tier2,271048471.8933333,309460992.0,614981632.0,high
TrainTicket,10,ts-order-service_latency-50,tier2,0.008562312376784047,0.012165935022335907,0.5833333333333335,high
TrainTicket,10,ts-payment-service_cpu,tier2,0.32676632521006466,0.911763190753815,4.142187978605582,high
TrainTicket,10,ts-payment-service_mem,tier2,234525435.4198709,244293632.0,263073792.0,high
TrainTicket,10,ts-payment-service_latency-50,tier2,0.01707693363152062,0.02,3.75,high
TrainTicket,10,ts-preserve-other-service_cpu,tier2,0.5431071801523805,1.504737050739937,7.144434949797048,high
TrainTicket,10,ts-preserve-other-service_mem,tier2,224226885.45433807,236326912.0,255295488.0,high
TrainTicket,10,ts-preserve-other-service_latency-50,tier2,0.6770866409986678,1.0,12.766709057510244,high
TrainTicket,10,ts-preserve-service_cpu,tier2,0.5749526799233716,1.4677625169535036,11.735937957272476,high
TrainTicket,10,ts-preserve-service_mem,tier2,226501130.8212531,238727168.0,241008640.0,high
TrainTicket,10,ts-preserve-service_latency-50,tier2,0.6789702242601743,1.0,4.292371508573809,high
TrainTicket,10,ts-price-service_cpu,tier2,1.525698015057421,4.956484360550842,15.604014215080342,high
TrainTicket,10,ts-price-service_mem,tier2,254063670.78025272,259956736.0,277651456.0,high
TrainTicket,10,ts-price-service_latency-50,tier2,0.005540116037970145,0.00796875,0.01992607055574582,high
TrainTicket,10,ts-route-service_cpu,tier2,5.497060248576257,13.065207913126745,38.429706696181505,high
TrainTicket,10,ts-route-service_mem,tier2,259605230.93333334,275795148.79999995,550662144.0,high
TrainTicket,10,ts-route-service_latency-50,tier2,0.004690120640132519,0.00663327987381485,0.20781249999999998,high
TrainTicket,10,ts-seat-service_cpu,tier2,3.4421897920541946,8.568332556859088,30.027826299893945,high
TrainTicket,10,ts-seat-service_mem,tier2,242759412.36717042,247885824.0,265162752.0,high
TrainTicket,10,ts-seat-service_latency-50,tier2,0.04890773439159756,0.08401987218225031,0.3858689348424921,high
TrainTicket,10,ts-security-service_cpu,tier2,0.49725049151997913,1.6154102197543365,7.443263801756593,high
TrainTicket,10,ts-security-service_mem,tier2,244988915.02755514,258899968.0,268083200.0,high
TrainTicket,10,ts-security-service_latency-50,tier2,0.045427871108887616,0.07591963675090808,0.3750000000000001,high
TrainTicket,10,ts-station-service_cpu,tier2,8.88221192215146,17.151465626569546,49.46761728746086,high
TrainTicket,10,ts-station-service_mem,tier2,263481811.47667658,281227264.0,284692480.0,high
TrainTicket,10,ts-station-service_latency-50,tier2,0.0034207989498214937,0.004036350927988122,0.00819139902111194,high
TrainTicket,10,ts-ticketinfo-service_cpu,tier2,5.60322669428485,11.515208661831181,30.414139070927327,high
TrainTicket,10,ts-ticketinfo-service_mem,tier2,246878699.35983485,258662400.0,260968448.0,high
TrainTicket,10,ts-ticketinfo-service_latency-50,tier2,0.018869659483191557,0.020511152416356877,0.12281056752960097,high
TrainTicket,10,ts-train-service_cpu,tier2,3.748498303772608,9.804521218608148,25.131084877550435,high
TrainTicket,10,ts-train-service_mem,tier2,253263960.8984041,266944512.0,270946304.0,high
TrainTicket,10,ts-train-service_latency-50,tier2,0.005767916841267136,0.007715961384140907,0.022097578779370637,high
TrainTicket,10,ts-travel-service_cpu,tier2,4.300911829382744,10.822791861977581,33.68693004756439,high
TrainTicket,10,ts-travel-service_mem,tier2,275324411.1777027,288776192.0,559980544.0,high
TrainTicket,10,ts-travel-service_latency-50,tier2,0.01861350153346242,0.021296583850931677,0.16973796153073673,high
TrainTicket,10,ts-travel2-service_cpu,tier2,5.839009892323387,13.856592573882306,33.139444790240255,high
TrainTicket,10,ts-travel2-service_mem,tier2,277812334.586668,283680768.0,289263616.0,high
TrainTicket,10,ts-travel2-service_latency-50,tier2,0.01878239932461555,0.02194741024172413,0.1526077417977782,high
TrainTicket,10,ts-ui-dashboard_cpu,tier2,0.18851935277031512,0.21841438981969208,0.26909042912035464,high
TrainTicket,10,ts-ui-dashboard_mem,tier2,3640745.808483939,3747840.0,3960832.0,high
TrainTicket,10,ts-ui-dashboard_latency-50,tier2,0.2766899716162187,0.32142857142857145,1.0365853658536588,high
TrainTicket,10,ts-user-service_cpu,tier2,0.4194627526222269,1.2633780895262208,6.743994147475599,high
TrainTicket,10,ts-user-service_mem,tier2,223277105.754233,232099840.0,258125824.0,high
TrainTicket,10,ts-user-service_latency-50,tier2,0.010810483801086446,0.017525970940430936,0.0803277849682449,high
TrainTicket,15,ts-admin-basic-info-service_workload,tier1,0.6412177460422663,0.867,1.2,high
TrainTicket,15,ts-config-service_workload,tier1,8.994837261857619,11.267,14.467,high
TrainTicket,15,ts-price-service_workload,tier1,4.90577466648904,6.080199999999808,7.733,high
TrainTicket,15,ts-admin-travel-service_workload,tier1,0.3312869394514208,0.4,0.667,high
TrainTicket,15,ts-travel-service_workload,tier1,9.079107768766578,13.733,19.0,high
TrainTicket,15,ts-travel2-service_workload,tier1,13.794858105506277,16.467,21.333,high
TrainTicket,15,ts-basic-service_workload,tier1,33.09886981008543,40.067,51.467,high
TrainTicket,15,ts-route-service_workload,tier1,34.273595957937104,40.333,53.0,high
TrainTicket,15,ts-station-service_workload,tier1,49.13094260845529,60.067,81.133,high
TrainTicket,15,ts-train-service_workload,tier1,21.037177158947514,25.6,33.067,high
TrainTicket,15,ts-consign-service_workload,tier1,0.22652532203350886,0.533,1.067,high
TrainTicket,15,ts-consign-price-service_workload,tier1,0.22578989004159303,0.533,1.0,high
TrainTicket,15,ts-food-service_workload,tier1,0.8409436304910891,1.4,2.4,high
TrainTicket,15,ts-food-map-service_workload,tier1,1.4682555480847452,2.267,3.6,high
TrainTicket,15,ts-inside-payment-service_workload,tier1,0.23363467211781055,0.533,1.0,high
TrainTicket,15,ts-order-other-service_workload,tier1,8.7159758558354,10.534,14.8,high
TrainTicket,15,ts-order-service_workload,tier1,6.150952609522144,9.333,12.933,high
TrainTicket,15,ts-payment-service_workload,tier1,0.1253202824797019,0.333,0.733,high
TrainTicket,15,ts-preserve-other-service_workload,tier1,0.0988621631616626,0.267,0.733,high
TrainTicket,15,ts-assurance-service_workload,tier1,0.37494158153268253,0.8,1.467,high
TrainTicket,15,ts-contacts-service_workload,tier1,0.5024404301575875,1.0,1.867,high
TrainTicket,15,ts-seat-service_workload,tier1,8.958313952477502,11.2,14.733,high
TrainTicket,15,ts-security-service_workload,tier1,0.24569222054188625,0.533,0.933,high
TrainTicket,15,ts-ticketinfo-service_workload,tier1,33.21526496179157,40.267,50.067,high
TrainTicket,15,ts-user-service_workload,tier1,0.24334575011951917,0.533,0.933,high
TrainTicket,15,ts-ui-dashboard_workload,tier1,4.702656666666667,5.533,6.6,high
TrainTicket,15,ts-admin-basic-info-service_cpu,tier2,0.6382096418912012,1.8823441461353534,9.623131099390445,high
TrainTicket,15,ts-admin-basic-info-service_mem,tier2,230968637.9403986,239837184.0,242450432.0,high
TrainTicket,15,ts-admin-basic-info-service_latency-50,tier2,0.01671821530369635,0.018333333333333337,0.052083333333333336,high
TrainTicket,15,ts-admin-travel-service_cpu,tier2,0.5348284461392638,1.6952896905210149,8.596834321334724,high
TrainTicket,15,ts-admin-travel-service_mem,tier2,226417716.51159364,236658688.0,251432960.0,high
TrainTicket,15,ts-admin-travel-service_latency-50,tier2,0.19740078090672689,0.3125,1.75,high
TrainTicket,15,ts-assurance-service_cpu,tier2,0.45594943207602107,1.6672775741419696,7.7665663734179065,high
TrainTicket,15,ts-assurance-service_mem,tier2,239700641.59148204,252223488.0,272887808.0,high
TrainTicket,15,ts-assurance-service_latency-50,tier2,0.007600778103560249,0.013000000000000003,0.059375,high
TrainTicket,15,ts-auth-service_workload,tier1,2.76445,3.2,3.667,high
TrainTicket,15,ts-auth-service_cpu,tier2,14.50139637555974,17.615055284694392,30.107523510971795,high
TrainTicket,15,ts-auth-service_mem,tier2,243631817.53947988,257466368.0,477708288.0,high
TrainTicket,15,ts-auth-service_latency-50,tier2,0.2413679974077175,0.32828947368420813,1.3515625,high
TrainTicket,15,ts-basic-service_cpu,tier2,6.808914949152105,14.102169677738312,36.88716565392696,high
TrainTicket,15,ts-basic-service_mem,tier2,245786574.9378162,251654144.0,264810496.0,high
TrainTicket,15,ts-basic-service_latency-50,tier2,0.008868568173216707,0.011495561805961396,0.07005849811631522,high
TrainTicket,15,ts-config-service_cpu,tier2,1.9768054068951173,5.108416941899837,19.480908949592855,high
TrainTicket,15,ts-config-service_mem,tier2,252279370.37826583,258990080.0,268169216.0,high
TrainTicket,15,ts-config-service_latency-50,tier2,0.004309417033821691,0.0075977748936164324,0.017190827085829283,high
TrainTicket,15,ts-consign-price-service_cpu,tier2,0.442505566631649,1.0861415568807153,4.31573571243858,high
TrainTicket,15,ts-consign-price-service_mem,tier2,238021435.99343273,248791040.0,271323136.0,high
TrainTicket,15,ts-consign-price-service_latency-50,tier2,0.01067173711136294,0.0175,0.0625,high
TrainTicket,15,ts-consign-service_cpu,tier2,0.4961974069058821,1.1637800836638508,5.160261647448178,high
TrainTicket,15,ts-consign-service_mem,tier2,243968359.73404333,259407872.0,262955008.0,high
TrainTicket,15,ts-consign-service_latency-50,tier2,0.027172745084476056,0.0475,0.175,high
TrainTicket,15,ts-contacts-service_cpu,tier2,0.5469295237897872,1.8582684711895971,6.05660137369628,high
TrainTicket,15,ts-contacts-service_mem,tier2,244055500.07720032,254562304.0,260501504.0,high
TrainTicket,15,ts-contacts-service_latency-50,tier2,0.009834217269421403,0.018333333333333333,0.07363595402455198,high
TrainTicket,15,ts-food-map-service_cpu,tier2,0.9446280183734037,3.511512796256998,10.716586266452264,high
TrainTicket,15,ts-food-map-service_mem,tier2,253329742.765881,263933952.0,269733888.0,high
TrainTicket,15,ts-food-map-service_latency-50,tier2,0.007758078780136704,0.015146927529803348,0.025,high
TrainTicket,15,ts-food-service_cpu,tier2,1.0745603032029165,3.192809124206033,8.433462126236257,high
TrainTicket,15,ts-food-service_mem,tier2,254297610.2845459,263086080.0,277200896.0,high
TrainTicket,15,ts-food-service_latency-50,tier2,0.04818496189692427,0.08333333333333333,0.3158282832836379,high
TrainTicket,15,ts-inside-payment-service_cpu,tier2,0.6059847490044449,1.5506705343254696,29.52413373119785,high
TrainTicket,15,ts-inside-payment-service_mem,tier2,245654142.13763002,258883584.0,263589888.0,high
TrainTicket,15,ts-inside-payment-service_latency-50,tier2,0.03979492911647072,0.08750000000000001,1.4426193415815511,high
TrainTicket,15,ts-order-other-service_cpu,tier2,3.4698936513493597,7.723990049546671,21.563143411095133,high
TrainTicket,15,ts-order-other-service_mem,tier2,270430924.65304506,297172992.0,309579776.0,high
TrainTicket,15,ts-order-other-service_latency-50,tier2,0.008573131999244917,0.013277910844976707,0.021617983463244554,high
TrainTicket,15,ts-order-service_cpu,tier2,3.1223518654243074,6.934012786118776,39.94660959322094,high
TrainTicket,15,ts-order-service_mem,tier2,271057196.37333333,309460992.0,614981632.0,high
TrainTicket,15,ts-order-service_latency-50,tier2,0.009188615854241553,0.012165935022335907,0.5833333333333335,high
TrainTicket,15,ts-payment-service_cpu,tier2,0.31342289861659073,0.911763190753815,4.142187978605582,high
TrainTicket,15,ts-payment-service_mem,tier2,234734799.640129,244293632.0,263073792.0,high
TrainTicket,15,ts-payment-service_latency-50,tier2,0.01704493282995589,0.02,3.75,high
TrainTicket,15,ts-preserve-other-service_cpu,tier2,0.5138144995415247,1.504737050739937,7.144434949797048,high
TrainTicket,15,ts-preserve-other-service_mem,tier2,224566458.4412147,236326912.0,255295488.0,high
TrainTicket,15,ts-preserve-other-service_latency-50,tier2,0.6987583816824379,1.0,12.766709057510244,high
TrainTicket,15,ts-preserve-service_cpu,tier2,0.5459707361710487,1.4677625169535036,11.735937957272476,high
TrainTicket,15,ts-preserve-service_mem,tier2,225673393.46141684,238727168.0,241008640.0,high
TrainTicket,15,ts-preserve-service_latency-50,tier2,0.6662700586354607,1.0,4.292371508573809,high
TrainTicket,15,ts-price-service_cpu,tier2,1.6018145541415065,4.956484360550842,15.604014215080342,high
TrainTicket,15,ts-price-service_mem,tier2,254523239.92841938,259956736.0,277651456.0,high
TrainTicket,15,ts-price-service_latency-50,tier2,0.005843355619011794,0.00796875,0.01992607055574582,high
TrainTicket,15,ts-route-service_cpu,tier2,5.350289994363966,13.065207913126745,38.429706696181505,high
TrainTicket,15,ts-route-service_mem,tier2,259755267.41333333,275795148.79999995,550662144.0,high
TrainTicket,15,ts-route-service_latency-50,tier2,0.00407732792345076,0.00663327987381485,0.20781249999999998,high
TrainTicket,15,ts-seat-service_cpu,tier2,3.6136316479519004,8.568332556859088,30.027826299893945,high
TrainTicket,15,ts-seat-service_mem,tier2,242717712.5472432,247885824.0,265162752.0,high
TrainTicket,15,ts-seat-service_latency-50,tier2,0.04814957534063014,0.08401987218225031,0.3858689348424921,high
TrainTicket,15,ts-security-service_cpu,tier2,0.5831109989012088,1.6154102197543365,7.443263801756593,high
TrainTicket,15,ts-security-service_mem,tier2,245960602.27570495,258899968.0,268083200.0,high
TrainTicket,15,ts-security-service_latency-50,tier2,0.04555527061761359,0.07591963675090808,0.3750000000000001,high
TrainTicket,15,ts-station-service_cpu,tier2,8.954050290980105,17.151465626569546,49.46761728746086,high
TrainTicket,15,ts-station-service_mem,tier2,263237538.91871896,281227264.0,284692480.0,high
TrainTicket,15,ts-station-service_latency-50,tier2,0.003427851000365582,0.004036350927988122,0.00819139902111194,high
TrainTicket,15,ts-ticketinfo-service_cpu,tier2,5.596332399934081,11.515208661831181,30.414139070927327,high
TrainTicket,15,ts-ticketinfo-service_mem,tier2,245987359.4451011,258662400.0,260968448.0,high
TrainTicket,15,ts-ticketinfo-service_latency-50,tier2,0.018281374368231584,0.020511152416356877,0.12281056752960097,high
TrainTicket,15,ts-train-service_cpu,tier2,3.8330179912310154,9.804521218608148,25.131084877550435,high
TrainTicket,15,ts-train-service_mem,tier2,254075456.90200242,266944512.0,270946304.0,high
TrainTicket,15,ts-train-service_latency-50,tier2,0.00569772854075843,0.007715961384140907,0.022097578779370637,high
TrainTicket,15,ts-travel-service_cpu,tier2,4.7722241625008985,10.822791861977581,33.68693004756439,high
TrainTicket,15,ts-travel-service_mem,tier2,272774749.328997,288776192.0,559980544.0,high
TrainTicket,15,ts-travel-service_latency-50,tier2,0.017797423300436287,0.021296583850931677,0.16973796153073673,high
TrainTicket,15,ts-travel2-service_cpu,tier2,6.297666747897097,13.856592573882306,33.139444790240255,high
TrainTicket,15,ts-travel2-service_mem,tier2,277839715.7003519,283680768.0,289263616.0,high
TrainTicket,15,ts-travel2-service_latency-50,tier2,0.018967549033833655,0.02194741024172413,0.1526077417977782,high
TrainTicket,15,ts-ui-dashboard_cpu,tier2,0.18710717832859772,0.21841438981969208,0.26909042912035464,high
TrainTicket,15,ts-ui-dashboard_mem,tier2,3643929.250787463,3747840.0,3960832.0,high
TrainTicket,15,ts-ui-dashboard_latency-50,tier2,0.27773374977283605,0.32142857142857145,1.0365853658536588,high
TrainTicket,15,ts-user-service_cpu,tier2,0.4749624024150403,1.2633780895262208,6.743994147475599,high
TrainTicket,15,ts-user-service_mem,tier2,223316996.15291622,232099840.0,258125824.0,high
TrainTicket,15,ts-user-service_latency-50,tier2,0.010598288450479956,0.017525970940430936,0.0803277849682449,high
TrainTicket,20,ts-admin-basic-info-service_workload,tier1,0.6424338557099427,0.867,1.2,high
TrainTicket,20,ts-config-service_workload,tier1,9.21861011879064,11.267,14.467,high
TrainTicket,20,ts-price-service_workload,tier1,4.945980204835188,6.080199999999808,7.733,high
TrainTicket,20,ts-admin-travel-service_workload,tier1,0.3241659955401509,0.4,0.667,high
TrainTicket,20,ts-travel-service_workload,tier1,9.379026008524564,13.733,19.0,high
TrainTicket,20,ts-travel2-service_workload,tier1,13.73178373490989,16.467,21.333,high
TrainTicket,20,ts-basic-service_workload,tier1,33.432029442837965,40.067,51.467,high
TrainTicket,20,ts-route-service_workload,tier1,34.62982458011272,40.333,53.0,high
TrainTicket,20,ts-station-service_workload,tier1,49.76919251992121,60.067,81.133,high
TrainTicket,20,ts-train-service_workload,tier1,21.296750265261007,25.6,33.067,high
TrainTicket,20,ts-consign-service_workload,tier1,0.21607410446457265,0.533,1.067,high
TrainTicket,20,ts-consign-price-service_workload,tier1,0.214359152497926,0.533,1.0,high
TrainTicket,20,ts-food-service_workload,tier1,0.8664428155632887,1.4,2.4,high
TrainTicket,20,ts-food-map-service_workload,tier1,1.48546380632782,2.267,3.6,high
TrainTicket,20,ts-inside-payment-service_workload,tier1,0.23475183359526142,0.533,1.0,high
TrainTicket,20,ts-order-other-service_workload,tier1,8.696045320681632,10.534,14.8,high
TrainTicket,20,ts-order-service_workload,tier1,6.311415841178616,9.333,12.933,high
TrainTicket,20,ts-payment-service_workload,tier1,0.1192703941636995,0.333,0.733,high
TrainTicket,20,ts-preserve-other-service_workload,tier1,0.10492477850861566,0.267,0.733,high
TrainTicket,20,ts-assurance-service_workload,tier1,0.38565528280023453,0.8,1.467,high
TrainTicket,20,ts-contacts-service_workload,tier1,0.5302749676731364,1.0,1.867,high
TrainTicket,20,ts-seat-service_workload,tier1,9.090742816931106,11.2,14.733,high
TrainTicket,20,ts-security-service_workload,tier1,0.25464414412054465,0.533,0.933,high
TrainTicket,20,ts-ticketinfo-service_workload,tier1,33.46057115797229,40.267,50.067,high
TrainTicket,20,ts-user-service_workload,tier1,0.2631946677079483,0.533,0.933,high
TrainTicket,20,ts-ui-dashboard_workload,tier1,4.662243333333333,5.533,6.6,high
TrainTicket,20,ts-admin-basic-info-service_cpu,tier2,0.6220103801056032,1.8823441461353534,9.623131099390445,high
TrainTicket,20,ts-admin-basic-info-service_mem,tier2,231435451.19146147,239837184.0,242450432.0,high
TrainTicket,20,ts-admin-basic-info-service_latency-50,tier2,0.016669700175642815,0.018333333333333337,0.052083333333333336,high
TrainTicket,20,ts-admin-travel-service_cpu,tier2,0.5558589163284718,1.6952896905210149,8.596834321334724,high
TrainTicket,20,ts-admin-travel-service_mem,tier2,226798571.4979195,236658688.0,251432960.0,high
TrainTicket,20,ts-admin-travel-service_latency-50,tier2,0.19563160106157199,0.3125,1.75,high
TrainTicket,20,ts-assurance-service_cpu,tier2,0.5454505306267705,1.6672775741419696,7.7665663734179065,high
TrainTicket,20,ts-assurance-service_mem,tier2,239953225.0221688,252223488.0,272887808.0,high
TrainTicket,20,ts-assurance-service_latency-50,tier2,0.007525483100051025,0.013000000000000003,0.059375,high
TrainTicket,20,ts-auth-service_workload,tier1,2.758706666666667,3.2,3.667,high
TrainTicket,20,ts-auth-service_cpu,tier2,14.569019853207813,17.615055284694392,30.107523510971795,high
TrainTicket,20,ts-auth-service_mem,tier2,245547754.7186426,257466368.0,477708288.0,high
TrainTicket,20,ts-auth-service_latency-50,tier2,0.23913662783137388,0.32828947368420813,1.3515625,high
TrainTicket,20,ts-basic-service_cpu,tier2,6.847482634882059,14.102169677738312,36.88716565392696,high
TrainTicket,20,ts-basic-service_mem,tier2,245616931.37904122,251654144.0,264810496.0,high
TrainTicket,20,ts-basic-service_latency-50,tier2,0.008871278789595123,0.011495561805961396,0.07005849811631522,high
TrainTicket,20,ts-config-service_cpu,tier2,2.044969599118915,5.108416941899837,19.480908949592855,high
TrainTicket,20,ts-config-service_mem,tier2,252779896.13180968,258990080.0,268169216.0,high
TrainTicket,20,ts-config-service_latency-50,tier2,0.004409959028768197,0.0075977748936164324,0.017190827085829283,high
TrainTicket,20,ts-consign-price-service_cpu,tier2,0.40632440237871936,1.0861415568807153,4.31573571243858,high
TrainTicket,20,ts-consign-price-service_mem,tier2,238910350.19101983,248791040.0,271323136.0,high
TrainTicket,20,ts-consign-price-service_latency-50,tier2,0.010931590717203272,0.0175,0.0625,high
TrainTicket,20,ts-consign-service_cpu,tier2,0.4792858310829117,1.1637800836638508,5.160261647448178,high
TrainTicket,20,ts-consign-service_mem,tier2,244219507.2930403,259407872.0,262955008.0,high
TrainTicket,20,ts-consign-service_latency-50,tier2,0.027692649457990062,0.0475,0.175,high
TrainTicket,20,ts-contacts-service_cpu,tier2,0.5757675884932777,1.8582684711895971,6.05660137369628,high
TrainTicket,20,ts-contacts-service_mem,tier2,244676784.69521677,254562304.0,260501504.0,high
TrainTicket,20,ts-contacts-service_latency-50,tier2,0.010018010071640852,0.018333333333333333,0.07363595402455198,high
TrainTicket,20,ts-food-map-service_cpu,tier2,0.9810848384658857,3.511512796256998,10.716586266452264,high
TrainTicket,20,ts-food-map-service_mem,tier2,253558921.72401342,263933952.0,269733888.0,high
TrainTicket,20,ts-food-map-service_latency-50,tier2,0.0075896443837851855,0.015146927529803348,0.025,high
TrainTicket,20,ts-food-service_cpu,tier2,1.0402588243412154,3.192809124206033,8.433462126236257,high
TrainTicket,20,ts-food-service_mem,tier2,253887461.17366466,263086080.0,277200896.0,high
TrainTicket,20,ts-food-service_latency-50,tier2,0.04720876263178814,0.08333333333333333,0.3158282832836379,high
TrainTicket,20,ts-inside-payment-service_cpu,tier2,0.75409507954999,1.5506705343254696,29.52413373119785,high
TrainTicket,20,ts-inside-payment-service_mem,tier2,246838123.93120158,258883584.0,263589888.0,high
TrainTicket,20,ts-inside-payment-service_latency-50,tier2,0.04115812546181158,0.08750000000000001,1.4426193415815511,high
TrainTicket,20,ts-order-other-service_cpu,tier2,3.3261851506534126,7.723990049546671,21.563143411095133,high
TrainTicket,20,ts-order-other-service_mem,tier2,268777873.2160844,297172992.0,309579776.0,high
TrainTicket,20,ts-order-other-service_latency-50,tier2,0.008929370761212018,0.013277910844976707,0.021617983463244554,high
TrainTicket,20,ts-order-service_cpu,tier2,3.200978990765497,6.934012786118776,39.94660959322094,high
TrainTicket,20,ts-order-service_mem,tier2,271927459.84,309460992.0,614981632.0,high
TrainTicket,20,ts-order-service_latency-50,tier2,0.008689248159363902,0.012165935022335907,0.5833333333333335,high
TrainTicket,20,ts-payment-service_cpu,tier2,0.34628275385414314,0.911763190753815,4.142187978605582,high
TrainTicket,20,ts-payment-service_mem,tier2,234346102.7653427,244293632.0,263073792.0,high
TrainTicket,20,ts-payment-service_latency-50,tier2,0.016901770216324188,0.02,3.75,high
TrainTicket,20,ts-preserve-other-service_cpu,tier2,0.5144943994258429,1.504737050739937,7.144434949797048,high
TrainTicket,20,ts-preserve-other-service_mem,tier2,223371771.30012673,236326912.0,255295488.0,high
TrainTicket,20,ts-preserve-other-service_latency-50,tier2,0.6981455488020051,1.0,12.766709057510244,high
TrainTicket,20,ts-preserve-service_cpu,tier2,0.6478569389778402,1.4677625169535036,11.735937957272476,high
TrainTicket,20,ts-preserve-service_mem,tier2,226598903.16336936,238727168.0,241008640.0,high
TrainTicket,20,ts-preserve-service_latency-50,tier2,0.6810449052629401,1.0,4.292371508573809,high
TrainTicket,20,ts-price-service_cpu,tier2,1.6388789783521966,4.956484360550842,15.604014215080342,high
TrainTicket,20,ts-price-service_mem,tier2,254505512.6392499,259956736.0,277651456.0,high
TrainTicket,20,ts-price-service_latency-50,tier2,0.005772078864869452,0.00796875,0.01992607055574582,high
TrainTicket,20,ts-route-service_cpu,tier2,5.683194346534292,13.065207913126745,38.429706696181505,high
TrainTicket,20,ts-route-service_mem,tier2,260906065.92,275795148.79999995,550662144.0,high
TrainTicket,20,ts-route-service_latency-50,tier2,0.004026237793455008,0.00663327987381485,0.20781249999999998,high
TrainTicket,20,ts-seat-service_cpu,tier2,3.72914156592068,8.568332556859088,30.027826299893945,high
TrainTicket,20,ts-seat-service_mem,tier2,243204968.3198648,247885824.0,265162752.0,high
TrainTicket,20,ts-seat-service_latency-50,tier2,0.047977506635792005,0.08401987218225031,0.3858689348424921,high
TrainTicket,20,ts-security-service_cpu,tier2,0.5886269282841253,1.6154102197543365,7.443263801756593,high
TrainTicket,20,ts-security-service_mem,tier2,245685413.40220895,258899968.0,268083200.0,high
TrainTicket,20,ts-security-service_latency-50,tier2,0.04739356858029509,0.07591963675090808,0.3750000000000001,high
TrainTicket,20,ts-station-service_cpu,tier2,9.285515827487451,17.151465626569546,49.46761728746086,high
TrainTicket,20,ts-station-service_mem,tier2,262382551.5668807,281227264.0,284692480.0,high
TrainTicket,20,ts-station-service_latency-50,tier2,0.003437494761743433,0.004036350927988122,0.00819139902111194,high
TrainTicket,20,ts-ticketinfo-service_cpu,tier2,5.605236055545406,11.515208661831181,30.414139070927327,high
TrainTicket,20,ts-ticketinfo-service_mem,tier2,246002865.8833028,258662400.0,260968448.0,high
TrainTicket,20,ts-ticketinfo-service_latency-50,tier2,0.018374396622763727,0.020511152416356877,0.12281056752960097,high
TrainTicket,20,ts-train-service_cpu,tier2,3.7454537453101495,9.804521218608148,25.131084877550435,high
TrainTicket,20,ts-train-service_mem,tier2,254038171.02491155,266944512.0,270946304.0,high
TrainTicket,20,ts-train-service_latency-50,tier2,0.005701158502352947,0.007715961384140907,0.022097578779370637,high
TrainTicket,20,ts-travel-service_cpu,tier2,4.198373391475109,10.822791861977581,33.68693004756439,high
TrainTicket,20,ts-travel-service_mem,tier2,275110384.6720666,288776192.0,559980544.0,high
TrainTicket,20,ts-travel-service_latency-50,tier2,0.019206926867602992,0.021296583850931677,0.16973796153073673,high
TrainTicket,20,ts-travel2-service_cpu,tier2,5.901704892747707,13.856592573882306,33.139444790240255,high
TrainTicket,20,ts-travel2-service_mem,tier2,277661907.66643494,283680768.0,289263616.0,high
TrainTicket,20,ts-travel2-service_latency-50,tier2,0.01902692387876598,0.02194741024172413,0.1526077417977782,high
TrainTicket,20,ts-ui-dashboard_cpu,tier2,0.18698630592249083,0.21841438981969208,0.26909042912035464,high
TrainTicket,20,ts-ui-dashboard_mem,tier2,3646455.719765601,3747840.0,3960832.0,high
TrainTicket,20,ts-ui-dashboard_latency-50,tier2,0.2782741986524235,0.32142857142857145,1.0365853658536588,high
TrainTicket,20,ts-user-service_cpu,tier2,0.46622546907332585,1.2633780895262208,6.743994147475599,high
TrainTicket,20,ts-user-service_mem,tier2,223185606.54706427,232099840.0,258125824.0,high
TrainTicket,20,ts-user-service_latency-50,tier2,0.010809558765530032,0.017525970940430936,0.0803277849682449,high
TrainTicket,25,ts-admin-basic-info-service_workload,tier1,0.6480817210442139,0.867,1.2,high
TrainTicket,25,ts-config-service_workload,tier1,8.99051004565384,11.267,14.467,high
TrainTicket,25,ts-price-service_workload,tier1,4.937209526633383,6.080199999999808,7.733,high
TrainTicket,25,ts-admin-travel-service_workload,tier1,0.3247924932430818,0.4,0.667,high
TrainTicket,25,ts-travel-service_workload,tier1,9.179791301987258,13.733,19.0,high
TrainTicket,25,ts-travel2-service_workload,tier1,13.661990787391199,16.467,21.333,high
TrainTicket,25,ts-basic-service_workload,tier1,33.304796066074864,40.067,51.467,high
TrainTicket,25,ts-route-service_workload,tier1,34.20118544555292,40.333,53.0,high
TrainTicket,25,ts-station-service_workload,tier1,49.054083323147694,60.067,81.133,high
TrainTicket,25,ts-train-service_workload,tier1,21.11585007839144,25.6,33.067,high
TrainTicket,25,ts-consign-service_workload,tier1,0.2301072535680542,0.533,1.067,high
TrainTicket,25,ts-consign-price-service_workload,tier1,0.2328183033333402,0.533,1.0,high
TrainTicket,25,ts-food-service_workload,tier1,0.8681208112166117,1.4,2.4,high
TrainTicket,25,ts-food-map-service_workload,tier1,1.469577777755785,2.267,3.6,high
TrainTicket,25,ts-inside-payment-service_workload,tier1,0.22809357545728123,0.533,1.0,high
TrainTicket,25,ts-order-other-service_workload,tier1,8.640583374863333,10.534,14.8,high
TrainTicket,25,ts-order-service_workload,tier1,6.196403123556871,9.333,12.933,high
TrainTicket,25,ts-payment-service_workload,tier1,0.12271605701596072,0.333,0.733,high
TrainTicket,25,ts-preserve-other-service_workload,tier1,0.09998785109960856,0.267,0.733,high
TrainTicket,25,ts-assurance-service_workload,tier1,0.3942881715738517,0.8,1.467,high
TrainTicket,25,ts-contacts-service_workload,tier1,0.5270953027685863,1.0,1.867,high
TrainTicket,25,ts-seat-service_workload,tier1,8.96852255296925,11.2,14.733,high
TrainTicket,25,ts-security-service_workload,tier1,0.26807176055712123,0.533,0.933,high
TrainTicket,25,ts-ticketinfo-service_workload,tier1,33.30688928236842,40.267,50.067,high
TrainTicket,25,ts-user-service_workload,tier1,0.274154000556739,0.533,0.933,high
TrainTicket,25,ts-ui-dashboard_workload,tier1,4.668193333333334,5.533,6.6,high
TrainTicket,25,ts-admin-basic-info-service_cpu,tier2,0.6379048445150444,1.8823441461353534,9.623131099390445,high
TrainTicket,25,ts-admin-basic-info-service_mem,tier2,230555903.99320662,239837184.0,242450432.0,high
TrainTicket,25,ts-admin-basic-info-service_latency-50,tier2,0.01696321121747217,0.018333333333333337,0.052083333333333336,high
TrainTicket,25,ts-admin-travel-service_cpu,tier2,0.5804996855774435,1.6952896905210149,8.596834321334724,high
TrainTicket,25,ts-admin-travel-service_mem,tier2,226470529.4862912,236658688.0,251432960.0,high
TrainTicket,25,ts-admin-travel-service_latency-50,tier2,0.1882740244473236,0.3125,1.75,high
TrainTicket,25,ts-assurance-service_cpu,tier2,0.5735006462502596,1.6672775741419696,7.7665663734179065,high
TrainTicket,25,ts-assurance-service_mem,tier2,241100574.94590342,252223488.0,272887808.0,high
TrainTicket,25,ts-assurance-service_latency-50,tier2,0.007679155988316224,0.013000000000000003,0.059375,high
TrainTicket,25,ts-auth-service_workload,tier1,2.73426,3.2,3.667,high
TrainTicket,25,ts-auth-service_cpu,tier2,14.582198263802923,17.615055284694392,30.107523510971795,high
TrainTicket,25,ts-auth-service_mem,tier2,244235834.76943243,257466368.0,477708288.0,high
TrainTicket,25,ts-auth-service_latency-50,tier2,0.24264282762311212,0.32828947368420813,1.3515625,high
TrainTicket,25,ts-basic-service_cpu,tier2,7.120744859664428,14.102169677738312,36.88716565392696,high
TrainTicket,25,ts-basic-service_mem,tier2,245661785.22680944,251654144.0,264810496.0,high
TrainTicket,25,ts-basic-service_latency-50,tier2,0.008577856246974758,0.011495561805961396,0.07005849811631522,high
TrainTicket,25,ts-config-service_cpu,tier2,2.0850525742511046,5.108416941899837,19.480908949592855,high
TrainTicket,25,ts-config-service_mem,tier2,252701846.88067392,258990080.0,268169216.0,high
TrainTicket,25,ts-config-service_latency-50,tier2,0.004296427931195842,0.0075977748936164324,0.017190827085829283,high
TrainTicket,25,ts-consign-price-service_cpu,tier2,0.43432988006422485,1.0861415568807153,4.31573571243858,high
TrainTicket,25,ts-consign-price-service_mem,tier2,238680340.96782756,248791040.0,271323136.0,high
TrainTicket,25,ts-consign-price-service_latency-50,tier2,0.011054015773304103,0.0175,0.0625,high
TrainTicket,25,ts-consign-service_cpu,tier2,0.49163567221874266,1.1637800836638508,5.160261647448178,high
TrainTicket,25,ts-consign-service_mem,tier2,244631536.85969564,259407872.0,262955008.0,high
TrainTicket,25,ts-consign-service_latency-50,tier2,0.026558998191594334,0.0475,0.175,high
TrainTicket,25,ts-contacts-service_cpu,tier2,0.5887886982637334,1.8582684711895971,6.05660137369628,high
TrainTicket,25,ts-contacts-service_mem,tier2,244718787.01270008,254562304.0,260501504.0,high
TrainTicket,25,ts-contacts-service_latency-50,tier2,0.009734402249809874,0.018333333333333333,0.07363595402455198,high
TrainTicket,25,ts-food-map-service_cpu,tier2,0.9889876876745969,3.511512796256998,10.716586266452264,high
TrainTicket,25,ts-food-map-service_mem,tier2,254356809.16339242,263933952.0,269733888.0,high
TrainTicket,25,ts-food-map-service_latency-50,tier2,0.007881913630245192,0.015146927529803348,0.025,high
TrainTicket,25,ts-food-service_cpu,tier2,1.175833240049104,3.192809124206033,8.433462126236257,high
TrainTicket,25,ts-food-service_mem,tier2,253911995.49604473,263086080.0,277200896.0,high
TrainTicket,25,ts-food-service_latency-50,tier2,0.04536361755896847,0.08333333333333333,0.3158282832836379,high
TrainTicket,25,ts-inside-payment-service_cpu,tier2,0.7291805038716507,1.5506705343254696,29.52413373119785,high
TrainTicket,25,ts-inside-payment-service_mem,tier2,246148403.9002343,258883584.0,263589888.0,high
TrainTicket,25,ts-inside-payment-service_latency-50,tier2,0.041297869777471435,0.08750000000000001,1.4426193415815511,high
TrainTicket,25,ts-order-other-service_cpu,tier2,3.478786866580964,7.723990049546671,21.563143411095133,high
TrainTicket,25,ts-order-other-service_mem,tier2,269509806.29960585,297172992.0,309579776.0,high
TrainTicket,25,ts-order-other-service_latency-50,tier2,0.00887926951752601,0.013277910844976707,0.021617983463244554,high
TrainTicket,25,ts-order-service_cpu,tier2,3.2907435791924082,6.934012786118776,39.94660959322094,high
TrainTicket,25,ts-order-service_mem,tier2,271039092.05333334,309460992.0,614981632.0,high
TrainTicket,25,ts-order-service_latency-50,tier2,0.008499295048704877,0.012165935022335907,0.5833333333333335,high
TrainTicket,25,ts-payment-service_cpu,tier2,0.33851480156372893,0.911763190753815,4.142187978605582,high
TrainTicket,25,ts-payment-service_mem,tier2,234136296.56994018,244293632.0,263073792.0,high
TrainTicket,25,ts-payment-service_latency-50,tier2,0.029154740612543553,0.02,3.75,low
TrainTicket,25,ts-preserve-other-service_cpu,tier2,0.45686447210885867,1.504737050739937,7.144434949797048,high
TrainTicket,25,ts-preserve-other-service_mem,tier2,223412146.84650737,236326912.0,255295488.0,high
TrainTicket,25,ts-preserve-other-service_latency-50,tier2,0.7086000931477455,1.0,12.766709057510244,high
TrainTicket,25,ts-preserve-service_cpu,tier2,0.6014155160224863,1.4677625169535036,11.735937957272476,high
TrainTicket,25,ts-preserve-service_mem,tier2,226668581.34973332,238727168.0,241008640.0,high
TrainTicket,25,ts-preserve-service_latency-50,tier2,0.6589320437267099,1.0,4.292371508573809,high
TrainTicket,25,ts-price-service_cpu,tier2,1.5677973615829015,4.956484360550842,15.604014215080342,high
TrainTicket,25,ts-price-service_mem,tier2,254332361.18742803,259956736.0,277651456.0,high
TrainTicket,25,ts-price-service_latency-50,tier2,0.005857259660998823,0.00796875,0.01992607055574582,high
TrainTicket,25,ts-route-service_cpu,tier2,5.627016285647784,13.065207913126745,38.429706696181505,high
TrainTicket,25,ts-route-service_mem,tier2,261535034.02666667,275795148.79999995,550662144.0,high
TrainTicket,25,ts-route-service_latency-50,tier2,0.003946503911228543,0.00663327987381485,0.20781249999999998,high
TrainTicket,25,ts-seat-service_cpu,tier2,3.607616239935375,8.568332556859088,30.027826299893945,high
TrainTicket,25,ts-seat-service_mem,tier2,243200283.71180075,247885824.0,265162752.0,high
TrainTicket,25,ts-seat-service_latency-50,tier2,0.049493326997156084,0.08401987218225031,0.3858689348424921,high
TrainTicket,25,ts-security-service_cpu,tier2,0.5704638552414628,1.6154102197543365,7.443263801756593,high
TrainTicket,25,ts-security-service_mem,tier2,245704055.56043833,258899968.0,268083200.0,high
TrainTicket,25,ts-security-service_latency-50,tier2,0.0458583259909506,0.07591963675090808,0.3750000000000001,high
TrainTicket,25,ts-station-service_cpu,tier2,9.139122779609274,17.151465626569546,49.46761728746086,high
TrainTicket,25,ts-station-service_mem,tier2,263086343.13720062,281227264.0,284692480.0,high
TrainTicket,25,ts-station-service_latency-50,tier2,0.0034804594437062267,0.004036350927988122,0.00819139902111194,high
TrainTicket,25,ts-ticketinfo-service_cpu,tier2,5.6431030193883505,11.515208661831181,30.414139070927327,high
TrainTicket,25,ts-ticketinfo-service_mem,tier2,246751227.681993,258662400.0,260968448.0,high
TrainTicket,25,ts-ticketinfo-service_latency-50,tier2,0.018377393477460112,0.020511152416356877,0.12281056752960097,high
TrainTicket,25,ts-train-service_cpu,tier2,3.8012875833598674,9.804521218608148,25.131084877550435,high
TrainTicket,25,ts-train-service_mem,tier2,253825833.37595052,266944512.0,270946304.0,high
TrainTicket,25,ts-train-service_latency-50,tier2,0.005842238532944184,0.007715961384140907,0.022097578779370637,high
TrainTicket,25,ts-travel-service_cpu,tier2,4.21259506920162,10.822791861977581,33.68693004756439,high
TrainTicket,25,ts-travel-service_mem,tier2,273482355.2229242,288776192.0,559980544.0,high
TrainTicket,25,ts-travel-service_latency-50,tier2,0.01943145145532892,0.021296583850931677,0.16973796153073673,high
TrainTicket,25,ts-travel2-service_cpu,tier2,6.003344791362513,13.856592573882306,33.139444790240255,high
TrainTicket,25,ts-travel2-service_mem,tier2,277705056.31935656,283680768.0,289263616.0,high
TrainTicket,25,ts-travel2-service_latency-50,tier2,0.019026347185634822,0.02194741024172413,0.1526077417977782,high
TrainTicket,25,ts-ui-dashboard_cpu,tier2,0.18889329916776626,0.21841438981969208,0.26909042912035464,high
TrainTicket,25,ts-ui-dashboard_mem,tier2,3643299.6816068133,3747840.0,3960832.0,high
TrainTicket,25,ts-ui-dashboard_latency-50,tier2,0.2723486656929404,0.32142857142857145,1.0365853658536588,high
TrainTicket,25,ts-user-service_cpu,tier2,0.4935721536685004,1.2633780895262208,6.743994147475599,high
TrainTicket,25,ts-user-service_mem,tier2,222899113.20756534,232099840.0,258125824.0,high
TrainTicket,25,ts-user-service_latency-50,tier2,0.01077130862900629,0.017525970940430936,0.0803277849682449,high
TrainTicket,30,ts-admin-basic-info-service_workload,tier1,0.6281023446136826,0.867,1.2,high
TrainTicket,30,ts-config-service_workload,tier1,9.144646651314913,11.267,14.467,high
TrainTicket,30,ts-price-service_workload,tier1,4.944751718019567,6.080199999999808,7.733,high
TrainTicket,30,ts-admin-travel-service_workload,tier1,0.32561627537160764,0.4,0.667,high
TrainTicket,30,ts-travel-service_workload,tier1,9.526530089585735,13.733,19.0,high
TrainTicket,30,ts-travel2-service_workload,tier1,13.649084919357453,16.467,21.333,high
TrainTicket,30,ts-basic-service_workload,tier1,33.320363550483286,40.067,51.467,high
TrainTicket,30,ts-route-service_workload,tier1,34.546977961944165,40.333,53.0,high
TrainTicket,30,ts-station-service_workload,tier1,49.794945740296995,60.067,81.133,high
TrainTicket,30,ts-train-service_workload,tier1,21.292619381670708,25.6,33.067,high
TrainTicket,30,ts-consign-service_workload,tier1,0.22489078787498873,0.533,1.067,high
TrainTicket,30,ts-consign-price-service_workload,tier1,0.23141849094567798,0.533,1.0,high
TrainTicket,30,ts-food-service_workload,tier1,0.8670399223073582,1.4,2.4,high
TrainTicket,30,ts-food-map-service_workload,tier1,1.497561912831205,2.267,3.6,high
TrainTicket,30,ts-inside-payment-service_workload,tier1,0.24020257096802886,0.533,1.0,high
TrainTicket,30,ts-order-other-service_workload,tier1,8.566068839624299,10.534,14.8,high
TrainTicket,30,ts-order-service_workload,tier1,6.43149472490851,9.333,12.933,high
TrainTicket,30,ts-payment-service_workload,tier1,0.12067950188350797,0.333,0.733,high
TrainTicket,30,ts-preserve-other-service_workload,tier1,0.09717108874392733,0.267,0.733,high
TrainTicket,30,ts-assurance-service_workload,tier1,0.4117065732158576,0.8,1.467,high
TrainTicket,30,ts-contacts-service_workload,tier1,0.5303175190377247,1.0,1.867,high
TrainTicket,30,ts-seat-service_workload,tier1,9.123690607681597,11.2,14.733,high
TrainTicket,30,ts-security-service_workload,tier1,0.27638178448951817,0.533,0.933,high
TrainTicket,30,ts-ticketinfo-service_workload,tier1,33.46841884721061,40.267,50.067,high
TrainTicket,30,ts-user-service_workload,tier1,0.2665851083928142,0.533,0.933,high
TrainTicket,30,ts-ui-dashboard_workload,tier1,4.659746666666667,5.533,6.6,high
TrainTicket,30,ts-admin-basic-info-service_cpu,tier2,0.6528441424642217,1.8823441461353534,9.623131099390445,high
TrainTicket,30,ts-admin-basic-info-service_mem,tier2,229876032.72539368,239837184.0,242450432.0,high
TrainTicket,30,ts-admin-basic-info-service_latency-50,tier2,0.01660097982814129,0.018333333333333337,0.052083333333333336,high
TrainTicket,30,ts-admin-travel-service_cpu,tier2,0.628705928447791,1.6952896905210149,8.596834321334724,high
TrainTicket,30,ts-admin-travel-service_mem,tier2,227499242.40461186,236658688.0,251432960.0,high
TrainTicket,30,ts-admin-travel-service_latency-50,tier2,0.1970869090934986,0.3125,1.75,high
TrainTicket,30,ts-assurance-service_cpu,tier2,0.5277266556465434,1.6672775741419696,7.7665663734179065,high
TrainTicket,30,ts-assurance-service_mem,tier2,239864678.10697612,252223488.0,272887808.0,high
TrainTicket,30,ts-assurance-service_latency-50,tier2,0.007214041293125867,0.013000000000000003,0.059375,high
TrainTicket,30,ts-auth-service_workload,tier1,2.7506733333333333,3.2,3.667,high
TrainTicket,30,ts-auth-service_cpu,tier2,14.584547390165335,17.615055284694392,30.107523510971795,high
TrainTicket,30,ts-auth-service_mem,tier2,244881234.7718644,257466368.0,477708288.0,high
TrainTicket,30,ts-auth-service_latency-50,tier2,0.245395037685052,0.32828947368420813,1.3515625,high
TrainTicket,30,ts-basic-service_cpu,tier2,7.14930246117312,14.102169677738312,36.88716565392696,high
TrainTicket,30,ts-basic-service_mem,tier2,246002500.6089175,251654144.0,264810496.0,high
TrainTicket,30,ts-basic-service_latency-50,tier2,0.00881212107147232,0.011495561805961396,0.07005849811631522,high
TrainTicket,30,ts-config-service_cpu,tier2,1.8094021069470356,5.108416941899837,19.480908949592855,high
TrainTicket,30,ts-config-service_mem,tier2,252565840.44871426,258990080.0,268169216.0,high
TrainTicket,30,ts-config-service_latency-50,tier2,0.004320049431406925,0.0075977748936164324,0.017190827085829283,high
TrainTicket,30,ts-consign-price-service_cpu,tier2,0.3864808741793089,1.0861415568807153,4.31573571243858,high
TrainTicket,30,ts-consign-price-service_mem,tier2,238195770.44791442,248791040.0,271323136.0,high
TrainTicket,30,ts-consign-price-service_latency-50,tier2,0.010745058046093645,0.0175,0.0625,high
TrainTicket,30,ts-consign-service_cpu,tier2,0.44158198533167575,1.1637800836638508,5.160261647448178,high
TrainTicket,30,ts-consign-service_mem,tier2,244092380.90239888,259407872.0,262955008.0,high
TrainTicket,30,ts-consign-service_latency-50,tier2,0.028970618635564365,0.0475,0.175,high
TrainTicket,30,ts-contacts-service_cpu,tier2,0.554026457696568,1.8582684711895971,6.05660137369628,high
TrainTicket,30,ts-contacts-service_mem,tier2,244063282.5269316,254562304.0,260501504.0,high
TrainTicket,30,ts-contacts-service_latency-50,tier2,0.009682812859703306,0.018333333333333333,0.07363595402455198,high
TrainTicket,30,ts-food-map-service_cpu,tier2,1.06371264749217,3.511512796256998,10.716586266452264,high
TrainTicket,30,ts-food-map-service_mem,tier2,253617196.8100889,263933952.0,269733888.0,high
TrainTicket,30,ts-food-map-service_latency-50,tier2,0.007802913402264003,0.015146927529803348,0.025,high
TrainTicket,30,ts-food-service_cpu,tier2,1.011964064986381,3.192809124206033,8.433462126236257,high
TrainTicket,30,ts-food-service_mem,tier2,253443427.33998433,263086080.0,277200896.0,high
TrainTicket,30,ts-food-service_latency-50,tier2,0.04707803403142833,0.08333333333333333,0.3158282832836379,high
TrainTicket,30,ts-inside-payment-service_cpu,tier2,0.6489686849791142,1.5506705343254696,29.52413373119785,high
TrainTicket,30,ts-inside-payment-service_mem,tier2,247415702.3038217,258883584.0,263589888.0,high
TrainTicket,30,ts-inside-payment-service_latency-50,tier2,0.03891053258556332,0.08750000000000001,1.4426193415815511,high
TrainTicket,30,ts-order-other-service_cpu,tier2,3.688444577947007,7.723990049546671,21.563143411095133,high
TrainTicket,30,ts-order-other-service_mem,tier2,268671528.9849144,297172992.0,309579776.0,high
TrainTicket,30,ts-order-other-service_latency-50,tier2,0.008914966836445883,0.013277910844976707,0.021617983463244554,high
TrainTicket,30,ts-order-service_cpu,tier2,3.3148941911638676,6.934012786118776,39.94660959322094,high
TrainTicket,30,ts-order-service_mem,tier2,272111875.41333336,309460992.0,614981632.0,high
TrainTicket,30,ts-order-service_latency-50,tier2,0.008538397529338016,0.012165935022335907,0.5833333333333335,high
TrainTicket,30,ts-payment-service_cpu,tier2,0.339949339060921,0.911763190753815,4.142187978605582,high
TrainTicket,30,ts-payment-service_mem,tier2,234050047.96914494,244293632.0,263073792.0,high
TrainTicket,30,ts-payment-service_latency-50,tier2,0.01688729467142459,0.02,3.75,high
TrainTicket,30,ts-preserve-other-service_cpu,tier2,0.49173217465698704,1.504737050739937,7.144434949797048,high
TrainTicket,30,ts-preserve-other-service_mem,tier2,224440818.89723718,236326912.0,255295488.0,high
TrainTicket,30,ts-preserve-other-service_latency-50,tier2,0.6902805422709293,1.0,12.766709057510244,high
TrainTicket,30,ts-preserve-service_cpu,tier2,0.5544490191809479,1.4677625169535036,11.735937957272476,high
TrainTicket,30,ts-preserve-service_mem,tier2,226680136.74026346,238727168.0,241008640.0,high
TrainTicket,30,ts-preserve-service_latency-50,tier2,0.6602864480077898,1.0,4.292371508573809,high
TrainTicket,30,ts-price-service_cpu,tier2,1.4920623674514824,4.956484360550842,15.604014215080342,high
TrainTicket,30,ts-price-service_mem,tier2,254364397.14205587,259956736.0,277651456.0,high
TrainTicket,30,ts-price-service_latency-50,tier2,0.005632576079228127,0.00796875,0.01992607055574582,high
TrainTicket,30,ts-route-service_cpu,tier2,5.797867579642918,13.065207913126745,38.429706696181505,high
TrainTicket,30,ts-route-service_mem,tier2,259755622.4,275795148.79999995,550662144.0,high
TrainTicket,30,ts-route-service_latency-50,tier2,0.004154933632705722,0.00663327987381485,0.20781249999999998,high
TrainTicket,30,ts-seat-service_cpu,tier2,3.778550249523223,8.568332556859088,30.027826299893945,high
TrainTicket,30,ts-seat-service_mem,tier2,242739424.3256957,247885824.0,265162752.0,high
TrainTicket,30,ts-seat-service_latency-50,tier2,0.04805014794219249,0.08401987218225031,0.3858689348424921,high
TrainTicket,30,ts-security-service_cpu,tier2,0.624388996866886,1.6154102197543365,7.443263801756593,high
TrainTicket,30,ts-security-service_mem,tier2,246287939.9041014,258899968.0,268083200.0,high
TrainTicket,30,ts-security-service_latency-50,tier2,0.04667967299500629,0.07591963675090808,0.3750000000000001,high
TrainTicket,30,ts-station-service_cpu,tier2,9.09218122623526,17.151465626569546,49.46761728746086,high
TrainTicket,30,ts-station-service_mem,tier2,264191123.86463073,281227264.0,284692480.0,high
TrainTicket,30,ts-station-service_latency-50,tier2,0.003356569221058108,0.004036350927988122,0.00819139902111194,high
TrainTicket,30,ts-ticketinfo-service_cpu,tier2,5.928336701719742,11.515208661831181,30.414139070927327,high
TrainTicket,30,ts-ticketinfo-service_mem,tier2,246777730.50199696,258662400.0,260968448.0,high
TrainTicket,30,ts-ticketinfo-service_latency-50,tier2,0.0183549475766256,0.020511152416356877,0.12281056752960097,high
TrainTicket,30,ts-train-service_cpu,tier2,3.788607813123972,9.804521218608148,25.131084877550435,high
TrainTicket,30,ts-train-service_mem,tier2,253827895.7587707,266944512.0,270946304.0,high
TrainTicket,30,ts-train-service_latency-50,tier2,0.005718735237928694,0.007715961384140907,0.022097578779370637,high
TrainTicket,30,ts-travel-service_cpu,tier2,4.430399098057413,10.822791861977581,33.68693004756439,high
TrainTicket,30,ts-travel-service_mem,tier2,272959586.93612504,288776192.0,559980544.0,high
TrainTicket,30,ts-travel-service_latency-50,tier2,0.017961305052851942,0.021296583850931677,0.16973796153073673,high
TrainTicket,30,ts-travel2-service_cpu,tier2,6.490099099650179,13.856592573882306,33.139444790240255,high
TrainTicket,30,ts-travel2-service_mem,tier2,277501330.8106985,283680768.0,289263616.0,high
TrainTicket,30,ts-travel2-service_latency-50,tier2,0.018793387775255195,0.02194741024172413,0.1526077417977782,high
TrainTicket,30,ts-ui-dashboard_cpu,tier2,0.18817968630707801,0.21841438981969208,0.26909042912035464,high
TrainTicket,30,ts-ui-dashboard_mem,tier2,3645405.137205929,3747840.0,3960832.0,high
TrainTicket,30,ts-ui-dashboard_latency-50,tier2,0.2745713683271891,0.32142857142857145,1.0365853658536588,high
TrainTicket,30,ts-user-service_cpu,tier2,0.4849828975042422,1.2633780895262208,6.743994147475599,high
TrainTicket,30,ts-user-service_mem,tier2,223469079.6845875,232099840.0,258125824.0,high
TrainTicket,30,ts-user-service_latency-50,tier2,0.011081984159867594,0.017525970940430936,0.0803277849682449,high
TrainTicket,35,ts-admin-basic-info-service_workload,tier1,0.6407221666261513,0.867,1.2,high
TrainTicket,35,ts-config-service_workload,tier1,9.077246040137531,11.267,14.467,high
TrainTicket,35,ts-price-service_workload,tier1,4.964914836514909,6.080199999999808,7.733,high
TrainTicket,35,ts-admin-travel-service_workload,tier1,0.32914040695373165,0.4,0.667,high
TrainTicket,35,ts-travel-service_workload,tier1,9.356073924559574,13.733,19.0,high
TrainTicket,35,ts-travel2-service_workload,tier1,13.727132465250591,16.467,21.333,high
TrainTicket,35,ts-basic-service_workload,tier1,33.39758800984551,40.067,51.467,high
TrainTicket,35,ts-route-service_workload,tier1,34.42470898054992,40.333,53.0,high
TrainTicket,35,ts-station-service_workload,tier1,49.24873354708822,60.067,81.133,high
TrainTicket,35,ts-train-service_workload,tier1,21.291675424552007,25.6,33.067,high
TrainTicket,35,ts-consign-service_workload,tier1,0.24604855247239452,0.533,1.067,high
TrainTicket,35,ts-consign-price-service_workload,tier1,0.24423668598876114,0.533,1.0,high
TrainTicket,35,ts-food-service_workload,tier1,0.8849320055065326,1.4,2.4,high
TrainTicket,35,ts-food-map-service_workload,tier1,1.5146868485442633,2.267,3.6,high
TrainTicket,35,ts-inside-payment-service_workload,tier1,0.23830888956942664,0.533,1.0,high
TrainTicket,35,ts-order-other-service_workload,tier1,8.658003157324956,10.534,14.8,high
TrainTicket,35,ts-order-service_workload,tier1,6.3040898726324395,9.333,12.933,high
TrainTicket,35,ts-payment-service_workload,tier1,0.11339691259991577,0.333,0.733,high
TrainTicket,35,ts-preserve-other-service_workload,tier1,0.09169001259666167,0.267,0.733,high
TrainTicket,35,ts-assurance-service_workload,tier1,0.39125315385193604,0.8,1.467,high
TrainTicket,35,ts-contacts-service_workload,tier1,0.5326752079944412,1.0,1.867,high
TrainTicket,35,ts-seat-service_workload,tier1,9.066525743210773,11.2,14.733,high
TrainTicket,35,ts-security-service_workload,tier1,0.27374931224715054,0.533,0.933,high
TrainTicket,35,ts-ticketinfo-service_workload,tier1,33.464927044985465,40.267,50.067,high
TrainTicket,35,ts-user-service_workload,tier1,0.26765062104608006,0.533,0.933,high
TrainTicket,35,ts-ui-dashboard_workload,tier1,4.658886666666667,5.533,6.6,high
TrainTicket,35,ts-admin-basic-info-service_cpu,tier2,0.632257867931381,1.8823441461353534,9.623131099390445,high
TrainTicket,35,ts-admin-basic-info-service_mem,tier2,230077172.7085002,239837184.0,242450432.0,high
TrainTicket,35,ts-admin-basic-info-service_latency-50,tier2,0.016824003864980123,0.018333333333333337,0.052083333333333336,high
TrainTicket,35,ts-admin-travel-service_cpu,tier2,0.5995367166061417,1.6952896905210149,8.596834321334724,high
TrainTicket,35,ts-admin-travel-service_mem,tier2,227056557.26917794,236658688.0,251432960.0,high
TrainTicket,35,ts-admin-travel-service_latency-50,tier2,0.1939613381213303,0.3125,1.75,high
TrainTicket,35,ts-assurance-service_cpu,tier2,0.5259680945324534,1.6672775741419696,7.7665663734179065,high
TrainTicket,35,ts-assurance-service_mem,tier2,240126981.12767985,252223488.0,272887808.0,high
TrainTicket,35,ts-assurance-service_latency-50,tier2,0.007438230126705724,0.013000000000000003,0.059375,high
TrainTicket,35,ts-auth-service_workload,tier1,2.7624700000000004,3.2,3.667,high
TrainTicket,35,ts-auth-service_cpu,tier2,14.59969658231929,17.615055284694392,30.107523510971795,high
TrainTicket,35,ts-auth-service_mem,tier2,243427954.31213492,257466368.0,477708288.0,high
TrainTicket,35,ts-auth-service_latency-50,tier2,0.24541140437814102,0.32828947368420813,1.3515625,high
TrainTicket,35,ts-basic-service_cpu,tier2,7.076598301378711,14.102169677738312,36.88716565392696,high
TrainTicket,35,ts-basic-service_mem,tier2,246096691.7825958,251654144.0,264810496.0,high
TrainTicket,35,ts-basic-service_latency-50,tier2,0.008790316639132328,0.011495561805961396,0.07005849811631522,high
TrainTicket,35,ts-config-service_cpu,tier2,1.9608364677733265,5.108416941899837,19.480908949592855,high
TrainTicket,35,ts-config-service_mem,tier2,252746814.43309814,258990080.0,268169216.0,high
TrainTicket,35,ts-config-service_latency-50,tier2,0.00429598174736385,0.0075977748936164324,0.017190827085829283,high
TrainTicket,35,ts-consign-price-service_cpu,tier2,0.4203877436461944,1.0861415568807153,4.31573571243858,high
TrainTicket,35,ts-consign-price-service_mem,tier2,238492752.7558461,248791040.0,271323136.0,high
TrainTicket,35,ts-consign-price-service_latency-50,tier2,0.011141994929766435,0.0175,0.0625,high
TrainTicket,35,ts-consign-service_cpu,tier2,0.5451254048067349,1.1637800836638508,5.160261647448178,high
TrainTicket,35,ts-consign-service_mem,tier2,244464492.0957192,259407872.0,262955008.0,high
TrainTicket,35,ts-consign-service_latency-50,tier2,0.026933860602759627,0.0475,0.175,high
TrainTicket,35,ts-contacts-service_cpu,tier2,0.5750341131160452,1.8582684711895971,6.05660137369628,high
TrainTicket,35,ts-contacts-service_mem,tier2,243845116.2000769,254562304.0,260501504.0,high
TrainTicket,35,ts-contacts-service_latency-50,tier2,0.009566922662509653,0.018333333333333333,0.07363595402455198,high
TrainTicket,35,ts-food-map-service_cpu,tier2,0.9869278117955139,3.511512796256998,10.716586266452264,high
TrainTicket,35,ts-food-map-service_mem,tier2,253596547.2641036,263933952.0,269733888.0,high
TrainTicket,35,ts-food-map-service_latency-50,tier2,0.007898794879384713,0.015146927529803348,0.025,high
TrainTicket,35,ts-food-service_cpu,tier2,1.0674229243793867,3.192809124206033,8.433462126236257,high
TrainTicket,35,ts-food-service_mem,tier2,253951065.28209168,263086080.0,277200896.0,high
TrainTicket,35,ts-food-service_latency-50,tier2,0.04712002433108065,0.08333333333333333,0.3158282832836379,high
TrainTicket,35,ts-inside-payment-service_cpu,tier2,0.7359373554302099,1.5506705343254696,29.52413373119785,high
TrainTicket,35,ts-inside-payment-service_mem,tier2,245868069.52656052,258883584.0,263589888.0,high
TrainTicket,35,ts-inside-payment-service_latency-50,tier2,0.036920579159120566,0.08750000000000001,1.4426193415815511,high
TrainTicket,35,ts-order-other-service_cpu,tier2,3.293839024879964,7.723990049546671,21.563143411095133,high
TrainTicket,35,ts-order-other-service_mem,tier2,270891664.1165207,297172992.0,309579776.0,high
TrainTicket,35,ts-order-other-service_latency-50,tier2,0.008893188949525207,0.013277910844976707,0.021617983463244554,high
TrainTicket,35,ts-order-service_cpu,tier2,3.0423065066729764,6.934012786118776,39.94660959322094,high
TrainTicket,35,ts-order-service_mem,tier2,271003374.93333334,309460992.0,614981632.0,high
TrainTicket,35,ts-order-service_latency-50,tier2,0.008955615779490616,0.012165935022335907,0.5833333333333335,high
TrainTicket,35,ts-payment-service_cpu,tier2,0.3342457264585342,0.911763190753815,4.142187978605582,high
TrainTicket,35,ts-payment-service_mem,tier2,234427322.28593057,244293632.0,263073792.0,high
TrainTicket,35,ts-payment-service_latency-50,tier2,0.017568941728714697,0.02,3.75,medium
TrainTicket,35,ts-preserve-other-service_cpu,tier2,0.4996639484188283,1.504737050739937,7.144434949797048,high
TrainTicket,35,ts-preserve-other-service_mem,tier2,224213032.3804402,236326912.0,255295488.0,high
TrainTicket,35,ts-preserve-other-service_latency-50,tier2,0.7294334820863501,1.0,12.766709057510244,high
TrainTicket,35,ts-preserve-service_cpu,tier2,0.5821226218487919,1.4677625169535036,11.735937957272476,high
TrainTicket,35,ts-preserve-service_mem,tier2,226476874.73126248,238727168.0,241008640.0,high
TrainTicket,35,ts-preserve-service_latency-50,tier2,0.6780227359070221,1.0,4.292371508573809,high
TrainTicket,35,ts-price-service_cpu,tier2,1.6420055910812636,4.956484360550842,15.604014215080342,high
TrainTicket,35,ts-price-service_mem,tier2,254184657.18220633,259956736.0,277651456.0,high
TrainTicket,35,ts-price-service_latency-50,tier2,0.005643432949553387,0.00796875,0.01992607055574582,high
TrainTicket,35,ts-route-service_cpu,tier2,5.524346081079122,13.065207913126745,38.429706696181505,high
TrainTicket,35,ts-route-service_mem,tier2,260976121.17333335,275795148.79999995,550662144.0,high
TrainTicket,35,ts-route-service_latency-50,tier2,0.0040047383780882585,0.00663327987381485,0.20781249999999998,high
TrainTicket,35,ts-seat-service_cpu,tier2,3.4631875787523865,8.568332556859088,30.027826299893945,high
TrainTicket,35,ts-seat-service_mem,tier2,242848279.23610595,247885824.0,265162752.0,high
TrainTicket,35,ts-seat-service_latency-50,tier2,0.05056653022986312,0.08401987218225031,0.3858689348424921,high
TrainTicket,35,ts-security-service_cpu,tier2,0.6718288822785556,1.6154102197543365,7.443263801756593,high
TrainTicket,35,ts-security-service_mem,tier2,246511913.915701,258899968.0,268083200.0,high
TrainTicket,35,ts-security-service_latency-50,tier2,0.04552224309593131,0.07591963675090808,0.3750000000000001,high
TrainTicket,35,ts-station-service_cpu,tier2,8.849703104520323,17.151465626569546,49.46761728746086,high
TrainTicket,35,ts-station-service_mem,tier2,263036623.50468624,281227264.0,284692480.0,high
TrainTicket,35,ts-station-service_latency-50,tier2,0.0034830578935803836,0.004036350927988122,0.00819139902111194,high
TrainTicket,35,ts-ticketinfo-service_cpu,tier2,5.62426588129575,11.515208661831181,30.414139070927327,high
TrainTicket,35,ts-ticketinfo-service_mem,tier2,246323005.72102264,258662400.0,260968448.0,high
TrainTicket,35,ts-ticketinfo-service_latency-50,tier2,0.018568830716621562,0.020511152416356877,0.12281056752960097,high
TrainTicket,35,ts-train-service_cpu,tier2,3.9925510862422424,9.804521218608148,25.131084877550435,high
TrainTicket,35,ts-train-service_mem,tier2,253595219.08250478,266944512.0,270946304.0,high
TrainTicket,35,ts-train-service_latency-50,tier2,0.0056799359502371725,0.007715961384140907,0.022097578779370637,high
TrainTicket,35,ts-travel-service_cpu,tier2,4.732033342182013,10.822791861977581,33.68693004756439,high
TrainTicket,35,ts-travel-service_mem,tier2,272392403.71535784,288776192.0,559980544.0,high
TrainTicket,35,ts-travel-service_latency-50,tier2,0.01846698651735165,0.021296583850931677,0.16973796153073673,high
TrainTicket,35,ts-travel2-service_cpu,tier2,5.8631093331755295,13.856592573882306,33.139444790240255,high
TrainTicket,35,ts-travel2-service_mem,tier2,277978185.5314853,283680768.0,289263616.0,high
TrainTicket,35,ts-travel2-service_latency-50,tier2,0.01867898576412308,0.02194741024172413,0.1526077417977782,high
TrainTicket,35,ts-ui-dashboard_cpu,tier2,0.1881265941224516,0.21841438981969208,0.26909042912035464,high
TrainTicket,35,ts-ui-dashboard_mem,tier2,3644553.3535018666,3747840.0,3960832.0,high
TrainTicket,35,ts-ui-dashboard_latency-50,tier2,0.273480605559911,0.32142857142857145,1.0365853658536588,high
TrainTicket,35,ts-user-service_cpu,tier2,0.4739888498052748,1.2633780895262208,6.743994147475599,high
TrainTicket,35,ts-user-service_mem,tier2,223218346.45798448,232099840.0,258125824.0,high
TrainTicket,35,ts-user-service_latency-50,tier2,0.011209868221318565,0.017525970940430936,0.0803277849682449,high
TrainTicket,40,ts-admin-basic-info-service_workload,tier1,0.6507770242546136,0.867,1.2,high
TrainTicket,40,ts-config-service_workload,tier1,9.206737164647388,11.267,14.467,high
TrainTicket,40,ts-price-service_workload,tier1,5.006146016084468,6.080199999999808,7.733,high
TrainTicket,40,ts-admin-travel-service_workload,tier1,0.31879267833687003,0.4,0.667,high
TrainTicket,40,ts-travel-service_workload,tier1,9.530005951434227,13.733,19.0,high
TrainTicket,40,ts-travel2-service_workload,tier1,13.778790666200205,16.467,21.333,high
TrainTicket,40,ts-basic-service_workload,tier1,33.77056998418201,40.067,51.467,high
TrainTicket,40,ts-route-service_workload,tier1,34.74061077799047,40.333,53.0,high
TrainTicket,40,ts-station-service_workload,tier1,50.26602157045895,60.067,81.133,high
TrainTicket,40,ts-train-service_workload,tier1,21.418763930967554,25.6,33.067,high
TrainTicket,40,ts-consign-service_workload,tier1,0.21489439235790012,0.533,1.067,high
TrainTicket,40,ts-consign-price-service_workload,tier1,0.21720093032245738,0.533,1.0,high
TrainTicket,40,ts-food-service_workload,tier1,0.903673226379279,1.4,2.4,high
TrainTicket,40,ts-food-map-service_workload,tier1,1.557993895215193,2.267,3.6,high
TrainTicket,40,ts-inside-payment-service_workload,tier1,0.22528099793148107,0.533,1.0,high
TrainTicket,40,ts-order-other-service_workload,tier1,8.752980968320928,10.534,14.8,high
TrainTicket,40,ts-order-service_workload,tier1,6.384665802682372,9.333,12.933,high
TrainTicket,40,ts-payment-service_workload,tier1,0.13014221012273625,0.333,0.733,high
TrainTicket,40,ts-preserve-other-service_workload,tier1,0.1080127832828296,0.267,0.733,high
TrainTicket,40,ts-assurance-service_workload,tier1,0.43952442535173003,0.8,1.467,high
TrainTicket,40,ts-contacts-service_workload,tier1,0.5783265340582483,1.0,1.867,high
TrainTicket,40,ts-seat-service_workload,tier1,9.170164590269284,11.2,14.733,high
TrainTicket,40,ts-security-service_workload,tier1,0.2920834402457578,0.533,0.933,high
TrainTicket,40,ts-ticketinfo-service_workload,tier1,33.91836074679946,40.267,50.067,high
TrainTicket,40,ts-user-service_workload,tier1,0.2865393092734779,0.533,0.933,high
TrainTicket,40,ts-ui-dashboard_workload,tier1,4.639093333333333,5.533,6.6,high
TrainTicket,40,ts-admin-basic-info-service_cpu,tier2,0.587599347220769,1.8823441461353534,9.623131099390445,high
TrainTicket,40,ts-admin-basic-info-service_mem,tier2,230599226.35492656,239837184.0,242450432.0,high
TrainTicket,40,ts-admin-basic-info-service_latency-50,tier2,0.0166592674286546,0.018333333333333337,0.052083333333333336,high
TrainTicket,40,ts-admin-travel-service_cpu,tier2,0.6008386344179688,1.6952896905210149,8.596834321334724,high
TrainTicket,40,ts-admin-travel-service_mem,tier2,227432248.38308448,236658688.0,251432960.0,high
TrainTicket,40,ts-admin-travel-service_latency-50,tier2,0.192413294673833,0.3125,1.75,high
TrainTicket,40,ts-assurance-service_cpu,tier2,0.46618197543177603,1.6672775741419696,7.7665663734179065,high
TrainTicket,40,ts-assurance-service_mem,tier2,240368107.92667887,252223488.0,272887808.0,high
TrainTicket,40,ts-assurance-service_latency-50,tier2,0.007305394709313378,0.013000000000000003,0.059375,high
TrainTicket,40,ts-auth-service_workload,tier1,2.76067,3.2,3.667,high
TrainTicket,40,ts-auth-service_cpu,tier2,14.900994450885289,17.615055284694392,30.107523510971795,high
TrainTicket,40,ts-auth-service_mem,tier2,243187524.49441916,257466368.0,477708288.0,high
TrainTicket,40,ts-auth-service_latency-50,tier2,0.2428566986243685,0.32828947368420813,1.3515625,high
TrainTicket,40,ts-basic-service_cpu,tier2,6.811747630731415,14.102169677738312,36.88716565392696,high
TrainTicket,40,ts-basic-service_mem,tier2,245878360.97126466,251654144.0,264810496.0,high
TrainTicket,40,ts-basic-service_latency-50,tier2,0.008524097882881502,0.011495561805961396,0.07005849811631522,high
TrainTicket,40,ts-config-service_cpu,tier2,1.9553747269254473,5.108416941899837,19.480908949592855,high
TrainTicket,40,ts-config-service_mem,tier2,252966573.9453731,258990080.0,268169216.0,high
TrainTicket,40,ts-config-service_latency-50,tier2,0.004195153376193899,0.0075977748936164324,0.017190827085829283,high
TrainTicket,40,ts-consign-price-service_cpu,tier2,0.43457430412948667,1.0861415568807153,4.31573571243858,high
TrainTicket,40,ts-consign-price-service_mem,tier2,239253151.88577816,248791040.0,271323136.0,high
TrainTicket,40,ts-consign-price-service_latency-50,tier2,0.01135855120166256,0.0175,0.0625,high
TrainTicket,40,ts-consign-service_cpu,tier2,0.41827157895307493,1.1637800836638508,5.160261647448178,high
TrainTicket,40,ts-consign-service_mem,tier2,244202579.77181998,259407872.0,262955008.0,high
TrainTicket,40,ts-consign-service_latency-50,tier2,0.02828262733945326,0.0475,0.175,high
TrainTicket,40,ts-contacts-service_cpu,tier2,0.5639617318971848,1.8582684711895971,6.05660137369628,high
TrainTicket,40,ts-contacts-service_mem,tier2,244386954.33975938,254562304.0,260501504.0,high
TrainTicket,40,ts-contacts-service_latency-50,tier2,0.009513758312391438,0.018333333333333333,0.07363595402455198,high
TrainTicket,40,ts-food-map-service_cpu,tier2,1.0243161953650968,3.511512796256998,10.716586266452264,high
TrainTicket,40,ts-food-map-service_mem,tier2,253680664.12295532,263933952.0,269733888.0,high
TrainTicket,40,ts-food-map-service_latency-50,tier2,0.00771203272116735,0.015146927529803348,0.025,high
TrainTicket,40,ts-food-service_cpu,tier2,1.1764751868554912,3.192809124206033,8.433462126236257,high
TrainTicket,40,ts-food-service_mem,tier2,252785159.61287934,263086080.0,277200896.0,high
TrainTicket,40,ts-food-service_latency-50,tier2,0.04742823670070138,0.08333333333333333,0.3158282832836379,high
TrainTicket,40,ts-inside-payment-service_cpu,tier2,0.5819948649599792,1.5506705343254696,29.52413373119785,high
TrainTicket,40,ts-inside-payment-service_mem,tier2,247493801.7827124,258883584.0,263589888.0,high
TrainTicket,40,ts-inside-payment-service_latency-50,tier2,0.04043845884664608,0.08750000000000001,1.4426193415815511,high
TrainTicket,40,ts-order-other-service_cpu,tier2,3.6906820432330907,7.723990049546671,21.563143411095133,high
TrainTicket,40,ts-order-other-service_mem,tier2,268918903.21875083,297172992.0,309579776.0,high
TrainTicket,40,ts-order-other-service_latency-50,tier2,0.008704667270191193,0.013277910844976707,0.021617983463244554,high
TrainTicket,40,ts-order-service_cpu,tier2,3.017130278061384,6.934012786118776,39.94660959322094,high
TrainTicket,40,ts-order-service_mem,tier2,273600293.5466667,309460992.0,614981632.0,high
TrainTicket,40,ts-order-service_latency-50,tier2,0.009197752430526352,0.012165935022335907,0.5833333333333335,high
TrainTicket,40,ts-payment-service_cpu,tier2,0.3310995995412056,0.911763190753815,4.142187978605582,high
TrainTicket,40,ts-payment-service_mem,tier2,234602967.71110943,244293632.0,263073792.0,high
TrainTicket,40,ts-payment-service_latency-50,tier2,0.016496422298196565,0.02,3.75,high
TrainTicket,40,ts-preserve-other-service_cpu,tier2,0.5665390251790733,1.504737050739937,7.144434949797048,high
TrainTicket,40,ts-preserve-other-service_mem,tier2,224291172.5981017,236326912.0,255295488.0,high
TrainTicket,40,ts-preserve-other-service_latency-50,tier2,0.7051161979370861,1.0,12.766709057510244,high
TrainTicket,40,ts-preserve-service_cpu,tier2,0.6297884414595795,1.4677625169535036,11.735937957272476,high
TrainTicket,40,ts-preserve-service_mem,tier2,226859923.60184407,238727168.0,241008640.0,high
TrainTicket,40,ts-preserve-service_latency-50,tier2,0.6534695895109536,1.0,4.292371508573809,high
TrainTicket,40,ts-price-service_cpu,tier2,1.5796723460706132,4.956484360550842,15.604014215080342,high
TrainTicket,40,ts-price-service_mem,tier2,255198957.10000756,259956736.0,277651456.0,high
TrainTicket,40,ts-price-service_latency-50,tier2,0.005619681754832496,0.00796875,0.01992607055574582,high
TrainTicket,40,ts-route-service_cpu,tier2,5.444582379350333,13.065207913126745,38.429706696181505,high
TrainTicket,40,ts-route-service_mem,tier2,261876176.21333334,275795148.79999995,550662144.0,high
TrainTicket,40,ts-route-service_latency-50,tier2,0.003972677055861559,0.00663327987381485,0.20781249999999998,high
TrainTicket,40,ts-seat-service_cpu,tier2,3.789638932637137,8.568332556859088,30.027826299893945,high
TrainTicket,40,ts-seat-service_mem,tier2,242815952.60299474,247885824.0,265162752.0,high
TrainTicket,40,ts-seat-service_latency-50,tier2,0.04835905093093981,0.08401987218225031,0.3858689348424921,high
TrainTicket,40,ts-security-service_cpu,tier2,0.6046918648944799,1.6154102197543365,7.443263801756593,high
TrainTicket,40,ts-security-service_mem,tier2,245687501.53478494,258899968.0,268083200.0,high
TrainTicket,40,ts-security-service_latency-50,tier2,0.04724863767586815,0.07591963675090808,0.3750000000000001,high
TrainTicket,40,ts-station-service_cpu,tier2,9.270153243872782,17.151465626569546,49.46761728746086,high
TrainTicket,40,ts-station-service_mem,tier2,263007184.3864277,281227264.0,284692480.0,high
TrainTicket,40,ts-station-service_latency-50,tier2,0.0034197294610056102,0.004036350927988122,0.00819139902111194,high
TrainTicket,40,ts-ticketinfo-service_cpu,tier2,5.571117807642942,11.515208661831181,30.414139070927327,high
TrainTicket,40,ts-ticketinfo-service_mem,tier2,246364116.36096594,258662400.0,260968448.0,high
TrainTicket,40,ts-ticketinfo-service_latency-50,tier2,0.018481447855274905,0.020511152416356877,0.12281056752960097,high
TrainTicket,40,ts-train-service_cpu,tier2,3.9144108692208808,9.804521218608148,25.131084877550435,high
TrainTicket,40,ts-train-service_mem,tier2,254123153.69418415,266944512.0,270946304.0,high
TrainTicket,40,ts-train-service_latency-50,tier2,0.0056051259923419,0.007715961384140907,0.022097578779370637,high
TrainTicket,40,ts-travel-service_cpu,tier2,4.776166807724778,10.822791861977581,33.68693004756439,high
TrainTicket,40,ts-travel-service_mem,tier2,272568107.84174967,288776192.0,559980544.0,high
TrainTicket,40,ts-travel-service_latency-50,tier2,0.01827728834355526,0.021296583850931677,0.16973796153073673,high
TrainTicket,40,ts-travel2-service_cpu,tier2,5.993984834651199,13.856592573882306,33.139444790240255,high
TrainTicket,40,ts-travel2-service_mem,tier2,277712705.4266747,283680768.0,289263616.0,high
TrainTicket,40,ts-travel2-service_latency-50,tier2,0.018935079114596652,0.02194741024172413,0.1526077417977782,high
TrainTicket,40,ts-ui-dashboard_cpu,tier2,0.18898300674578417,0.21841438981969208,0.26909042912035464,high
TrainTicket,40,ts-ui-dashboard_mem,tier2,3648731.624000775,3747840.0,3960832.0,high
TrainTicket,40,ts-ui-dashboard_latency-50,tier2,0.2733900208425942,0.32142857142857145,1.0365853658536588,high
TrainTicket,40,ts-user-service_cpu,tier2,0.5161249642284076,1.2633780895262208,6.743994147475599,high
TrainTicket,40,ts-user-service_mem,tier2,223313657.39070195,232099840.0,258125824.0,high
TrainTicket,40,ts-user-service_latency-50,tier2,0.011070775268991468,0.017525970940430936,0.0803277849682449,high
TrainTicket,45,ts-admin-basic-info-service_workload,tier1,0.6304040531337609,0.867,1.2,high
TrainTicket,45,ts-config-service_workload,tier1,9.100302380396881,11.267,14.467,high
TrainTicket,45,ts-price-service_workload,tier1,4.892341663698548,6.080199999999808,7.733,high
TrainTicket,45,ts-admin-travel-service_workload,tier1,0.3205322418800637,0.4,0.667,high
TrainTicket,45,ts-travel-service_workload,tier1,9.268255074529815,13.733,19.0,high
TrainTicket,45,ts-travel2-service_workload,tier1,13.662170395772089,16.467,21.333,high
TrainTicket,45,ts-basic-service_workload,tier1,33.10892303623224,40.067,51.467,high
TrainTicket,45,ts-route-service_workload,tier1,34.16025084369546,40.333,53.0,high
TrainTicket,45,ts-station-service_workload,tier1,49.16397912491062,60.067,81.133,high
TrainTicket,45,ts-train-service_workload,tier1,21.179741849257024,25.6,33.067,high
TrainTicket,45,ts-consign-service_workload,tier1,0.2120664716572931,0.533,1.067,high
TrainTicket,45,ts-consign-price-service_workload,tier1,0.2255325918311048,0.533,1.0,high
TrainTicket,45,ts-food-service_workload,tier1,0.8615487867450662,1.4,2.4,high
TrainTicket,45,ts-food-map-service_workload,tier1,1.5004150008603054,2.267,3.6,high
TrainTicket,45,ts-inside-payment-service_workload,tier1,0.2292849526393102,0.533,1.0,high
TrainTicket,45,ts-order-other-service_workload,tier1,8.626419995652597,10.534,14.8,high
TrainTicket,45,ts-order-service_workload,tier1,6.289353068888862,9.333,12.933,high
TrainTicket,45,ts-payment-service_workload,tier1,0.13098797755925037,0.333,0.733,high
TrainTicket,45,ts-preserve-other-service_workload,tier1,0.09479856336416814,0.267,0.733,high
TrainTicket,45,ts-assurance-service_workload,tier1,0.4228172569547218,0.8,1.467,high
TrainTicket,45,ts-contacts-service_workload,tier1,0.561580648244316,1.0,1.867,high
TrainTicket,45,ts-seat-service_workload,tier1,9.00263786385807,11.2,14.733,high
TrainTicket,45,ts-security-service_workload,tier1,0.28564133743805264,0.533,0.933,high
TrainTicket,45,ts-ticketinfo-service_workload,tier1,33.323441282167,40.267,50.067,high
TrainTicket,45,ts-user-service_workload,tier1,0.28310441521396523,0.533,0.933,high
TrainTicket,45,ts-ui-dashboard_workload,tier1,4.657093333333333,5.533,6.6,high
TrainTicket,45,ts-admin-basic-info-service_cpu,tier2,0.5708831033268275,1.8823441461353534,9.623131099390445,high
TrainTicket,45,ts-admin-basic-info-service_mem,tier2,229567476.5271479,239837184.0,242450432.0,high
TrainTicket,45,ts-admin-basic-info-service_latency-50,tier2,0.01688813285320765,0.018333333333333337,0.052083333333333336,high
TrainTicket,45,ts-admin-travel-service_cpu,tier2,0.6098138810744372,1.6952896905210149,8.596834321334724,high
TrainTicket,45,ts-admin-travel-service_mem,tier2,226760066.2423072,236658688.0,251432960.0,high
TrainTicket,45,ts-admin-travel-service_latency-50,tier2,0.19326923005722832,0.3125,1.75,high
TrainTicket,45,ts-assurance-service_cpu,tier2,0.5303427780672528,1.6672775741419696,7.7665663734179065,high
TrainTicket,45,ts-assurance-service_mem,tier2,240225449.84665722,252223488.0,272887808.0,high
TrainTicket,45,ts-assurance-service_latency-50,tier2,0.007895352550433452,0.013000000000000003,0.059375,high
TrainTicket,45,ts-auth-service_workload,tier1,2.7624566666666666,3.2,3.667,high
TrainTicket,45,ts-auth-service_cpu,tier2,14.748177022536483,17.615055284694392,30.107523510971795,high
TrainTicket,45,ts-auth-service_mem,tier2,243058004.2649204,257466368.0,477708288.0,high
TrainTicket,45,ts-auth-service_latency-50,tier2,0.23948930413227146,0.32828947368420813,1.3515625,high
TrainTicket,45,ts-basic-service_cpu,tier2,6.842583315577614,14.102169677738312,36.88716565392696,high
TrainTicket,45,ts-basic-service_mem,tier2,245763262.1411822,251654144.0,264810496.0,high
TrainTicket,45,ts-basic-service_latency-50,tier2,0.008815646838180312,0.011495561805961396,0.07005849811631522,high
TrainTicket,45,ts-config-service_cpu,tier2,1.9144984630591784,5.108416941899837,19.480908949592855,high
TrainTicket,45,ts-config-service_mem,tier2,252487110.1743428,258990080.0,268169216.0,high
TrainTicket,45,ts-config-service_latency-50,tier2,0.004301311751526176,0.0075977748936164324,0.017190827085829283,high
TrainTicket,45,ts-consign-price-service_cpu,tier2,0.39243892823917265,1.0861415568807153,4.31573571243858,high
TrainTicket,45,ts-consign-price-service_mem,tier2,238707097.76866913,248791040.0,271323136.0,high
TrainTicket,45,ts-consign-price-service_latency-50,tier2,0.011224665400163557,0.0175,0.0625,high
TrainTicket,45,ts-consign-service_cpu,tier2,0.44894159591383215,1.1637800836638508,5.160261647448178,high
TrainTicket,45,ts-consign-service_mem,tier2,244676470.77593866,259407872.0,262955008.0,high
TrainTicket,45,ts-consign-service_latency-50,tier2,0.027551451504381045,0.0475,0.175,high
TrainTicket,45,ts-contacts-service_cpu,tier2,0.6208095379314468,1.8582684711895971,6.05660137369628,high
TrainTicket,45,ts-contacts-service_mem,tier2,244325444.1082257,254562304.0,260501504.0,high
TrainTicket,45,ts-contacts-service_latency-50,tier2,0.010167531364644239,0.018333333333333333,0.07363595402455198,high
TrainTicket,45,ts-food-map-service_cpu,tier2,0.9834707151924806,3.511512796256998,10.716586266452264,high
TrainTicket,45,ts-food-map-service_mem,tier2,252193668.5892038,263933952.0,269733888.0,high
TrainTicket,45,ts-food-map-service_latency-50,tier2,0.008032648073294235,0.015146927529803348,0.025,high
TrainTicket,45,ts-food-service_cpu,tier2,1.0794065225567706,3.192809124206033,8.433462126236257,high
TrainTicket,45,ts-food-service_mem,tier2,253363136.32439452,263086080.0,277200896.0,high
TrainTicket,45,ts-food-service_latency-50,tier2,0.04606811183904873,0.08333333333333333,0.3158282832836379,high
TrainTicket,45,ts-inside-payment-service_cpu,tier2,0.7640531616795481,1.5506705343254696,29.52413373119785,high
TrainTicket,45,ts-inside-payment-service_mem,tier2,246440644.52523574,258883584.0,263589888.0,high
TrainTicket,45,ts-inside-payment-service_latency-50,tier2,0.04021302090553378,0.08750000000000001,1.4426193415815511,high
TrainTicket,45,ts-order-other-service_cpu,tier2,3.3278845817142746,7.723990049546671,21.563143411095133,high
TrainTicket,45,ts-order-other-service_mem,tier2,269740269.69636554,297172992.0,309579776.0,high
TrainTicket,45,ts-order-other-service_latency-50,tier2,0.008952516442679097,0.013277910844976707,0.021617983463244554,high
TrainTicket,45,ts-order-service_cpu,tier2,3.238840587794703,6.934012786118776,39.94660959322094,high
TrainTicket,45,ts-order-service_mem,tier2,271328501.76,309460992.0,614981632.0,high
TrainTicket,45,ts-order-service_latency-50,tier2,0.008920792492068464,0.012165935022335907,0.5833333333333335,high
TrainTicket,45,ts-payment-service_cpu,tier2,0.31870634900609557,0.911763190753815,4.142187978605582,high
TrainTicket,45,ts-payment-service_mem,tier2,234283820.2169335,244293632.0,263073792.0,high
TrainTicket,45,ts-payment-service_latency-50,tier2,0.030054881580626417,0.02,3.75,low
TrainTicket,45,ts-preserve-other-service_cpu,tier2,0.5058714711241525,1.504737050739937,7.144434949797048,high
TrainTicket,45,ts-preserve-other-service_mem,tier2,223209940.39100522,236326912.0,255295488.0,high
TrainTicket,45,ts-preserve-other-service_latency-50,tier2,0.6893756915015711,1.0,12.766709057510244,high
TrainTicket,45,ts-preserve-service_cpu,tier2,0.631595958314152,1.4677625169535036,11.735937957272476,high
TrainTicket,45,ts-preserve-service_mem,tier2,226663501.5687423,238727168.0,241008640.0,high
TrainTicket,45,ts-preserve-service_latency-50,tier2,0.6623170562339112,1.0,4.292371508573809,high
TrainTicket,45,ts-price-service_cpu,tier2,1.6224671206032177,4.956484360550842,15.604014215080342,high
TrainTicket,45,ts-price-service_mem,tier2,254153821.50098068,259956736.0,277651456.0,high
TrainTicket,45,ts-price-service_latency-50,tier2,0.005842461753065388,0.00796875,0.01992607055574582,high
TrainTicket,45,ts-route-service_cpu,tier2,5.673807956613683,13.065207913126745,38.429706696181505,high
TrainTicket,45,ts-route-service_mem,tier2,260675447.46666667,275795148.79999995,550662144.0,high
TrainTicket,45,ts-route-service_latency-50,tier2,0.0038618963551825614,0.00663327987381485,0.20781249999999998,high
TrainTicket,45,ts-seat-service_cpu,tier2,3.703889380449767,8.568332556859088,30.027826299893945,high
TrainTicket,45,ts-seat-service_mem,tier2,242760428.85652548,247885824.0,265162752.0,high
TrainTicket,45,ts-seat-service_latency-50,tier2,0.04683892688744898,0.08401987218225031,0.3858689348424921,high
TrainTicket,45,ts-security-service_cpu,tier2,0.6594327604102738,1.6154102197543365,7.443263801756593,high
TrainTicket,45,ts-security-service_mem,tier2,245573351.47354975,258899968.0,268083200.0,high
TrainTicket,45,ts-security-service_latency-50,tier2,0.04413840784053868,0.07591963675090808,0.3750000000000001,high
TrainTicket,45,ts-station-service_cpu,tier2,9.269955750818845,17.151465626569546,49.46761728746086,high
TrainTicket,45,ts-station-service_mem,tier2,263296656.5392336,281227264.0,284692480.0,high
TrainTicket,45,ts-station-service_latency-50,tier2,0.003419822012491314,0.004036350927988122,0.00819139902111194,high
TrainTicket,45,ts-ticketinfo-service_cpu,tier2,5.451955195953404,11.515208661831181,30.414139070927327,high
TrainTicket,45,ts-ticketinfo-service_mem,tier2,246458620.88834926,258662400.0,260968448.0,high
TrainTicket,45,ts-ticketinfo-service_latency-50,tier2,0.018413517432619677,0.020511152416356877,0.12281056752960097,high
TrainTicket,45,ts-train-service_cpu,tier2,3.972474785041037,9.804521218608148,25.131084877550435,high
TrainTicket,45,ts-train-service_mem,tier2,254094561.56957287,266944512.0,270946304.0,high
TrainTicket,45,ts-train-service_latency-50,tier2,0.005802048815510677,0.007715961384140907,0.022097578779370637,high
TrainTicket,45,ts-travel-service_cpu,tier2,4.222689800670674,10.822791861977581,33.68693004756439,high
TrainTicket,45,ts-travel-service_mem,tier2,274598950.0782422,288776192.0,559980544.0,high
TrainTicket,45,ts-travel-service_latency-50,tier2,0.01749691447078018,0.021296583850931677,0.16973796153073673,high
TrainTicket,45,ts-travel2-service_cpu,tier2,6.03860865143001,13.856592573882306,33.139444790240255,high
TrainTicket,45,ts-travel2-service_mem,tier2,277848302.1132497,283680768.0,289263616.0,high
TrainTicket,45,ts-travel2-service_latency-50,tier2,0.018824070693107563,0.02194741024172413,0.1526077417977782,high
TrainTicket,45,ts-ui-dashboard_cpu,tier2,0.18738413949377294,0.21841438981969208,0.26909042912035464,high
TrainTicket,45,ts-ui-dashboard_mem,tier2,3641820.0272627035,3747840.0,3960832.0,high
TrainTicket,45,ts-ui-dashboard_latency-50,tier2,0.2745509728129374,0.32142857142857145,1.0365853658536588,high
TrainTicket,45,ts-user-service_cpu,tier2,0.4838593767306917,1.2633780895262208,6.743994147475599,high
TrainTicket,45,ts-user-service_mem,tier2,223310377.6027863,232099840.0,258125824.0,high
TrainTicket,45,ts-user-service_latency-50,tier2,0.01119207233410344,0.017525970940430936,0.0803277849682449,high
TrainTicket,50,ts-admin-basic-info-service_workload,tier1,0.6370076830595727,0.867,1.2,high
TrainTicket,50,ts-config-service_workload,tier1,9.189064660458461,11.267,14.467,high
TrainTicket,50,ts-price-service_workload,tier1,4.933474646952198,6.080199999999808,7.733,high
TrainTicket,50,ts-admin-travel-service_workload,tier1,0.3170777406143682,0.4,0.667,high
TrainTicket,50,ts-travel-service_workload,tier1,9.67187396081926,13.733,19.0,high
TrainTicket,50,ts-travel2-service_workload,tier1,13.436955044106071,16.467,21.333,high
TrainTicket,50,ts-basic-service_workload,tier1,33.51391761877496,40.067,51.467,high
TrainTicket,50,ts-route-service_workload,tier1,34.56722636502009,40.333,53.0,high
TrainTicket,50,ts-station-service_workload,tier1,49.72823958268672,60.067,81.133,high
TrainTicket,50,ts-train-service_workload,tier1,21.290654897352013,25.6,33.067,high
TrainTicket,50,ts-consign-service_workload,tier1,0.2222587105605994,0.533,1.067,high
TrainTicket,50,ts-consign-price-service_workload,tier1,0.23239694860405388,0.533,1.0,high
TrainTicket,50,ts-food-service_workload,tier1,0.8781434723697924,1.4,2.4,high
TrainTicket,50,ts-food-map-service_workload,tier1,1.501965298189013,2.267,3.6,high
TrainTicket,50,ts-inside-payment-service_workload,tier1,0.22549488953869323,0.533,1.0,high
TrainTicket,50,ts-order-other-service_workload,tier1,8.56087089753068,10.534,14.8,high
TrainTicket,50,ts-order-service_workload,tier1,6.52603327593445,9.333,12.933,high
TrainTicket,50,ts-payment-service_workload,tier1,0.1276318021922939,0.333,0.733,high
TrainTicket,50,ts-preserve-other-service_workload,tier1,0.08369896497193827,0.267,0.733,high
TrainTicket,50,ts-assurance-service_workload,tier1,0.4136723911110608,0.8,1.467,high
TrainTicket,50,ts-contacts-service_workload,tier1,0.561047342735489,1.0,1.867,high
TrainTicket,50,ts-seat-service_workload,tier1,9.102571123386785,11.2,14.733,high
TrainTicket,50,ts-security-service_workload,tier1,0.2753584261164575,0.533,0.933,high
TrainTicket,50,ts-ticketinfo-service_workload,tier1,33.535933029488405,40.267,50.067,high
TrainTicket,50,ts-user-service_workload,tier1,0.2848025516713446,0.533,0.933,high
TrainTicket,50,ts-ui-dashboard_workload,tier1,4.606643333333333,5.533,6.6,high
TrainTicket,50,ts-admin-basic-info-service_cpu,tier2,0.620383869345791,1.8823441461353534,9.623131099390445,high
TrainTicket,50,ts-admin-basic-info-service_mem,tier2,230764447.50651637,239837184.0,242450432.0,high
TrainTicket,50,ts-admin-basic-info-service_latency-50,tier2,0.016828373664603633,0.018333333333333337,0.052083333333333336,high
TrainTicket,50,ts-admin-travel-service_cpu,tier2,0.6388305546193318,1.6952896905210149,8.596834321334724,high
TrainTicket,50,ts-admin-travel-service_mem,tier2,227679384.28888464,236658688.0,251432960.0,high
TrainTicket,50,ts-admin-travel-service_latency-50,tier2,0.20108136434554896,0.3125,1.75,high
TrainTicket,50,ts-assurance-service_cpu,tier2,0.5214530412500358,1.6672775741419696,7.7665663734179065,high
TrainTicket,50,ts-assurance-service_mem,tier2,239934039.0528803,252223488.0,272887808.0,high
TrainTicket,50,ts-assurance-service_latency-50,tier2,0.007384221316056702,0.013000000000000003,0.059375,high
TrainTicket,50,ts-auth-service_workload,tier1,2.7673533333333333,3.2,3.667,high
TrainTicket,50,ts-auth-service_cpu,tier2,14.685003608169845,17.615055284694392,30.107523510971795,high
TrainTicket,50,ts-auth-service_mem,tier2,244947092.00631088,257466368.0,477708288.0,high
TrainTicket,50,ts-auth-service_latency-50,tier2,0.2406345267705753,0.32828947368420813,1.3515625,high
TrainTicket,50,ts-basic-service_cpu,tier2,7.168766024400002,14.102169677738312,36.88716565392696,high
TrainTicket,50,ts-basic-service_mem,tier2,245690018.19556051,251654144.0,264810496.0,high
TrainTicket,50,ts-basic-service_latency-50,tier2,0.008692902475631158,0.011495561805961396,0.07005849811631522,high
TrainTicket,50,ts-config-service_cpu,tier2,1.9814955686708913,5.108416941899837,19.480908949592855,high
TrainTicket,50,ts-config-service_mem,tier2,252054288.04426962,258990080.0,268169216.0,high
TrainTicket,50,ts-config-service_latency-50,tier2,0.004350653514916464,0.0075977748936164324,0.017190827085829283,high
TrainTicket,50,ts-consign-price-service_cpu,tier2,0.4176617767300926,1.0861415568807153,4.31573571243858,high
TrainTicket,50,ts-consign-price-service_mem,tier2,237808972.4001752,248791040.0,271323136.0,high
TrainTicket,50,ts-consign-price-service_latency-50,tier2,0.01072633487864107,0.0175,0.0625,high
TrainTicket,50,ts-consign-service_cpu,tier2,0.478114622129962,1.1637800836638508,5.160261647448178,high
TrainTicket,50,ts-consign-service_mem,tier2,245324127.15057728,259407872.0,262955008.0,high
TrainTicket,50,ts-consign-service_latency-50,tier2,0.026790334395331326,0.0475,0.175,high
TrainTicket,50,ts-contacts-service_cpu,tier2,0.5854328788403045,1.8582684711895971,6.05660137369628,high
TrainTicket,50,ts-contacts-service_mem,tier2,244362318.04207653,254562304.0,260501504.0,high
TrainTicket,50,ts-contacts-service_latency-50,tier2,0.00997157519401057,0.018333333333333333,0.07363595402455198,high
TrainTicket,50,ts-food-map-service_cpu,tier2,0.9336028429626102,3.511512796256998,10.716586266452264,high
TrainTicket,50,ts-food-map-service_mem,tier2,254239604.71470144,263933952.0,269733888.0,high
TrainTicket,50,ts-food-map-service_latency-50,tier2,0.0076894102821476375,0.015146927529803348,0.025,high
TrainTicket,50,ts-food-service_cpu,tier2,1.1243243781049463,3.192809124206033,8.433462126236257,high
TrainTicket,50,ts-food-service_mem,tier2,254002080.29957682,263086080.0,277200896.0,high
TrainTicket,50,ts-food-service_latency-50,tier2,0.046120582083276226,0.08333333333333333,0.3158282832836379,high
TrainTicket,50,ts-inside-payment-service_cpu,tier2,0.6955545113609907,1.5506705343254696,29.52413373119785,high
TrainTicket,50,ts-inside-payment-service_mem,tier2,245897078.07384378,258883584.0,263589888.0,high
TrainTicket,50,ts-inside-payment-service_latency-50,tier2,0.0392660346038874,0.08750000000000001,1.4426193415815511,high
TrainTicket,50,ts-order-other-service_cpu,tier2,3.5237662354665584,7.723990049546671,21.563143411095133,high
TrainTicket,50,ts-order-other-service_mem,tier2,269244829.856118,297172992.0,309579776.0,high
TrainTicket,50,ts-order-other-service_latency-50,tier2,0.008907931856733116,0.013277910844976707,0.021617983463244554,high
TrainTicket,50,ts-order-service_cpu,tier2,3.1742809110183643,6.934012786118776,39.94660959322094,high
TrainTicket,50,ts-order-service_mem,tier2,272709181.44,309460992.0,614981632.0,high
TrainTicket,50,ts-order-service_latency-50,tier2,0.008304079874146175,0.012165935022335907,0.5833333333333335,high
TrainTicket,50,ts-payment-service_cpu,tier2,0.36018223154560375,0.911763190753815,4.142187978605582,high
TrainTicket,50,ts-payment-service_mem,tier2,233900326.87476918,244293632.0,263073792.0,high
TrainTicket,50,ts-payment-service_latency-50,tier2,0.01634285776681475,0.02,3.75,high
TrainTicket,50,ts-preserve-other-service_cpu,tier2,0.43740099851494,1.504737050739937,7.144434949797048,high
TrainTicket,50,ts-preserve-other-service_mem,tier2,223614820.0720267,236326912.0,255295488.0,high
TrainTicket,50,ts-preserve-other-service_latency-50,tier2,0.6982274098189123,1.0,12.766709057510244,high
TrainTicket,50,ts-preserve-service_cpu,tier2,0.6109395304254988,1.4677625169535036,11.735937957272476,high
TrainTicket,50,ts-preserve-service_mem,tier2,227023515.38656613,238727168.0,241008640.0,high
TrainTicket,50,ts-preserve-service_latency-50,tier2,0.6700025616928222,1.0,4.292371508573809,high
TrainTicket,50,ts-price-service_cpu,tier2,1.5122047325994148,4.956484360550842,15.604014215080342,high
TrainTicket,50,ts-price-service_mem,tier2,254079686.34134257,259956736.0,277651456.0,high
TrainTicket,50,ts-price-service_latency-50,tier2,0.005720870001819067,0.00796875,0.01992607055574582,high
TrainTicket,50,ts-route-service_cpu,tier2,5.585988768079829,13.065207913126745,38.429706696181505,high
TrainTicket,50,ts-route-service_mem,tier2,260357898.24,275795148.79999995,550662144.0,high
TrainTicket,50,ts-route-service_latency-50,tier2,0.004025109873358363,0.00663327987381485,0.20781249999999998,high
TrainTicket,50,ts-seat-service_cpu,tier2,3.6723130567361575,8.568332556859088,30.027826299893945,high
TrainTicket,50,ts-seat-service_mem,tier2,243256741.6689828,247885824.0,265162752.0,high
TrainTicket,50,ts-seat-service_latency-50,tier2,0.04904665706146024,0.08401987218225031,0.3858689348424921,high
TrainTicket,50,ts-security-service_cpu,tier2,0.5713387261701243,1.6154102197543365,7.443263801756593,high
TrainTicket,50,ts-security-service_mem,tier2,245263758.68516856,258899968.0,268083200.0,high
TrainTicket,50,ts-security-service_latency-50,tier2,0.048251296876206586,0.07591963675090808,0.3750000000000001,high
TrainTicket,50,ts-station-service_cpu,tier2,9.227362876911204,17.151465626569546,49.46761728746086,high
TrainTicket,50,ts-station-service_mem,tier2,263543377.1464047,281227264.0,284692480.0,high
TrainTicket,50,ts-station-service_latency-50,tier2,0.0034516222544985144,0.004036350927988122,0.00819139902111194,high
TrainTicket,50,ts-ticketinfo-service_cpu,tier2,5.431992862132804,11.515208661831181,30.414139070927327,high
TrainTicket,50,ts-ticketinfo-service_mem,tier2,246287396.06040558,258662400.0,260968448.0,high
TrainTicket,50,ts-ticketinfo-service_latency-50,tier2,0.018765393734980408,0.020511152416356877,0.12281056752960097,high
TrainTicket,50,ts-train-service_cpu,tier2,4.077012995616958,9.804521218608148,25.131084877550435,high
TrainTicket,50,ts-train-service_mem,tier2,253971487.93461996,266944512.0,270946304.0,high
TrainTicket,50,ts-train-service_latency-50,tier2,0.005783322035000674,0.007715961384140907,0.022097578779370637,high
TrainTicket,50,ts-travel-service_cpu,tier2,4.344180688465476,10.822791861977581,33.68693004756439,high
TrainTicket,50,ts-travel-service_mem,tier2,274423657.05637485,288776192.0,559980544.0,high
TrainTicket,50,ts-travel-service_latency-50,tier2,0.01727118023225773,0.021296583850931677,0.16973796153073673,high
TrainTicket,50,ts-travel2-service_cpu,tier2,6.105717132654946,13.856592573882306,33.139444790240255,high
TrainTicket,50,ts-travel2-service_mem,tier2,278029829.0379475,283680768.0,289263616.0,high
TrainTicket,50,ts-travel2-service_latency-50,tier2,0.019019542841198302,0.02194741024172413,0.1526077417977782,high
TrainTicket,50,ts-ui-dashboard_cpu,tier2,0.18563763910986314,0.21841438981969208,0.26909042912035464,high
TrainTicket,50,ts-ui-dashboard_mem,tier2,3645846.491033994,3747840.0,3960832.0,high
TrainTicket,50,ts-ui-dashboard_latency-50,tier2,0.2782345157342923,0.32142857142857145,1.0365853658536588,high
TrainTicket,50,ts-user-service_cpu,tier2,0.4495474998839311,1.2633780895262208,6.743994147475599,high
TrainTicket,50,ts-user-service_mem,tier2,223252373.39776435,232099840.0,258125824.0,high
TrainTicket,50,ts-user-service_latency-50,tier2,0.010771649986187001,0.017525970940430936,0.0803277849682449,high
