repeat_id,llm_backend,run_timestamp,model,prompt_id,category,requirement,expected_anchor,pred_delta,abs_error,injection_service,core_services,physical_boundary_violation,service_hallucination,gateway_misdirection,hallucinated_items,latency_ms,llm_called
1,LIVE_gemini-flash-lite-latest,2026-09-13T13:53:45.844640,Guarded_Hybrid_Parser,REQ-01,In_Distribution,Khách hàng muốn áp dụng mã giảm giá voucher 20% tại màn hình thanh toán trước khi xác nhận đơn hàng.,20.0,20.0,0.0,front-end,"['front-end', 'orders', 'payment', 'carts']",False,False,False,[],1317.953109741211,True
1,LIVE_gemini-flash-lite-latest,2026-09-13T13:53:45.844640,Guarded_Hybrid_Parser,REQ-02,In_Distribution,Tích hợp tính năng gợi ý sản phẩm liên quan (You may also like) trên trang chi tiết dựa vào lịch sử xem hàng.,30.0,30.0,0.0,front-end,"['front-end', 'catalogue', 'carts']",False,False,False,[],1287.1699333190918,True
1,LIVE_gemini-flash-lite-latest,2026-09-13T13:53:45.844640,Guarded_Hybrid_Parser,REQ-03,In_Distribution,Theo dõi trạng thái đơn hàng theo thời gian thực với vị trí bưu kiện và tiến độ giao hàng live shipping updates.,15.0,20.0,5.0,front-end,"['front-end', 'orders', 'shipping']",False,False,False,[],1705.4471969604492,True
1,LIVE_gemini-flash-lite-latest,2026-09-13T13:53:45.844640,Guarded_Hybrid_Parser,REQ-04,In_Distribution,Cho phép người dùng để lại đánh giá sao (1-5 sao) và bình luận kèm ảnh sau khi hoàn tất mua sắm.,10.0,10.0,0.0,front-end,"['front-end', 'catalogue', 'user']",False,False,False,[],1320.2130794525146,True
1,LIVE_gemini-flash-lite-latest,2026-09-13T13:53:45.844640,Guarded_Hybrid_Parser,REQ-05,In_Distribution,Thêm sản phẩm nhanh vào giỏ hàng từ danh sách hiển thị catalogue chỉ với một nút bấm Quick Add.,15.0,15.0,0.0,front-end,"['front-end', 'catalogue', 'carts']",False,False,False,[],1279.1237831115723,True
1,LIVE_gemini-flash-lite-latest,2026-09-13T13:53:45.844640,Guarded_Hybrid_Parser,REQ-06,In_Distribution,Xem danh sách và chi tiết các mặt hàng trong giỏ hàng hiện tại kèm tính tổng tiền tạm tính.,10.0,10.0,0.0,front-end,"['front-end', 'carts']",False,False,False,[],1993.8910007476807,True
1,LIVE_gemini-flash-lite-latest,2026-09-13T13:53:45.844640,Guarded_Hybrid_Parser,REQ-07,In_Distribution,Duyệt danh mục sản phẩm vớ tất thể thao và lọc theo kích cỡ màu sắc từ danh sách catalogue.,10.0,10.0,0.0,front-end,"['front-end', 'catalogue']",False,False,False,[],1330.843210220337,True
1,LIVE_gemini-flash-lite-latest,2026-09-13T13:53:45.844640,Guarded_Hybrid_Parser,REQ-08,In_Distribution,Khách hàng mới tạo tài khoản thành viên bằng email và mật khẩu tại trang đăng ký.,10.0,10.0,0.0,front-end,"['front-end', 'user']",False,False,False,[],1365.657091140747,True
1,LIVE_gemini-flash-lite-latest,2026-09-13T13:53:45.844640,Guarded_Hybrid_Parser,REQ-09,In_Distribution,Đăng nhập người dùng bằng username và xác thực phiên làm việc an toàn.,10.0,10.0,0.0,front-end,"['front-end', 'user']",False,False,False,[],1280.2751064300537,True
1,LIVE_gemini-flash-lite-latest,2026-09-13T13:53:45.844640,Guarded_Hybrid_Parser,REQ-10,In_Distribution,"Quy trình đặt hàng trọn gói bao gồm trừ tồn kho, tính phí vận chuyển và thanh toán thẻ tín dụng.",25.0,25.0,0.0,front-end,"['front-end', 'orders', 'carts', 'payment', 'shipping', 'catalogue', 'user']",False,False,False,[],1613.5530471801758,True
1,LIVE_gemini-flash-lite-latest,2026-09-13T13:53:45.844640,Guarded_Hybrid_Parser,REQ-11,In_Distribution,Thêm mã giảm giá sinh nhật tự động chiết khấu 15% vào hóa đơn giỏ hàng của khách hàng thân thiết.,20.0,20.0,0.0,front-end,"['front-end', 'carts', 'payment', 'user']",False,False,False,[],1494.2200183868408,True
1,LIVE_gemini-flash-lite-latest,2026-09-13T13:53:45.844640,Guarded_Hybrid_Parser,REQ-12,In_Distribution,Gợi ý các mặt hàng thường được mua cùng nhau (Frequently Bought Together) dưới nút thêm giỏ hàng.,30.0,35.0,5.0,front-end,"['front-end', 'catalogue', 'carts']",False,False,False,[],1429.8720359802246,True
1,LIVE_gemini-flash-lite-latest,2026-09-13T13:53:45.844640,Guarded_Hybrid_Parser,REQ-13,In_Distribution,Kiểm tra mã vận đơn chuyển phát nhanh và hiển thị lộ trình tài xế đang giao kiện hàng.,15.0,15.0,0.0,front-end,"['front-end', 'shipping', 'orders']",False,False,False,[],1252.7589797973633,True
1,LIVE_gemini-flash-lite-latest,2026-09-13T13:53:45.844640,Guarded_Hybrid_Parser,REQ-14,In_Distribution,Đánh giá chất lượng vớ sau khi nhận hàng và xếp hạng mức độ hài lòng về dịch vụ giao hàng.,10.0,10.0,0.0,front-end,"['front-end', 'catalogue', 'orders']",False,False,False,[],1573.1918811798096,True
1,LIVE_gemini-flash-lite-latest,2026-09-13T13:53:45.844640,Guarded_Hybrid_Parser,REQ-15,In_Distribution,Chọn số lượng 5 đôi vớ và bấm nút đưa vào giỏ hàng mua sắm.,15.0,15.0,0.0,front-end,"['front-end', 'carts', 'catalogue']",False,False,False,[],1362.717866897583,True
1,LIVE_gemini-flash-lite-latest,2026-09-13T13:53:45.844640,Guarded_Hybrid_Parser,REQ-16,In_Distribution,Mở ngăn kéo giỏ hàng mini (slide-in cart) để kiểm tra danh mục hàng đã chọn trước khi checkout.,10.0,10.0,0.0,front-end,"['front-end', 'carts']",False,False,False,[],1243.929147720337,True
1,LIVE_gemini-flash-lite-latest,2026-09-13T13:53:45.844640,Guarded_Hybrid_Parser,REQ-17,In_Distribution,Tìm kiếm sản phẩm theo từ khóa 'vớ len mùa đông' và duyệt danh mục tìm kiếm.,10.0,10.0,0.0,front-end,"['front-end', 'catalogue']",False,False,False,[],1276.1008739471436,True
1,LIVE_gemini-flash-lite-latest,2026-09-13T13:53:45.844640,Guarded_Hybrid_Parser,REQ-18,In_Distribution,Đăng ký thành viên mới nhận ngay email kích hoạt tài khoản người dùng.,10.0,10.0,0.0,front-end,"['user', 'front-end']",False,False,False,[],1131.516933441162,True
1,LIVE_gemini-flash-lite-latest,2026-09-13T13:53:45.844640,Guarded_Hybrid_Parser,REQ-19,In_Distribution,Đăng nhập nhanh bằng số điện thoại và mật khẩu cá nhân.,10.0,10.0,0.0,front-end,"['front-end', 'user']",False,False,False,[],1552.9768466949463,True
1,LIVE_gemini-flash-lite-latest,2026-09-13T13:53:45.844640,Guarded_Hybrid_Parser,REQ-20,In_Distribution,Xác nhận mua hàng một chạm (One-Click Buy) cho toàn bộ giỏ hàng và thanh toán tự động.,25.0,30.0,5.0,front-end,"['front-end', 'carts', 'orders', 'payment', 'user', 'shipping']",False,False,False,[],1763.2420063018799,True
1,LIVE_gemini-flash-lite-latest,2026-09-13T13:53:45.844640,Guarded_Hybrid_Parser,REQ-21,Complex_MultiHop,"Chương trình Flash Sale đếm ngược nửa đêm: áp dụng đồng thời voucher giảm sốc, kiểm tra giỏ hàng và xử lý thanh toán dồn dập.",25.0,25.0,0.0,front-end,"['front-end', 'carts', 'orders', 'payment', 'shipping', 'user']",False,False,False,[],1506.3819885253906,True
1,LIVE_gemini-flash-lite-latest,2026-09-13T13:53:45.844640,Guarded_Hybrid_Parser,REQ-22,Complex_MultiHop,"Hệ thống đấu giá trực tiếp: người dùng đặt lệnh đấu giá, trừ tiền đặt cọc và tự động tạo đơn hàng khi thắng cuộc.",25.0,25.0,0.0,front-end,"['front-end', 'carts', 'payment', 'orders', 'user']",False,False,False,[],1340.8851623535156,True
1,LIVE_gemini-flash-lite-latest,2026-09-13T13:53:45.844640,Guarded_Hybrid_Parser,REQ-23,Complex_MultiHop,Thanh toán trả góp qua thẻ tín dụng ngân hàng với xác thực OTP và gửi thông báo vận chuyển tức thì.,25.0,25.0,0.0,front-end,"['front-end', 'orders', 'payment', 'shipping', 'user']",False,False,False,[],1352.0550727844238,True
1,LIVE_gemini-flash-lite-latest,2026-09-13T13:53:45.844640,Guarded_Hybrid_Parser,REQ-24,Complex_MultiHop,"Tích điểm thưởng loyalty point khi checkout: kiểm tra hồ sơ user, trừ điểm trong giỏ hàng và phát hành voucher giảm giá đơn sau.",20.0,25.0,5.0,front-end,"['carts', 'user', 'payment', 'orders']",False,False,False,[],1456.8657875061035,True
1,LIVE_gemini-flash-lite-latest,2026-09-13T13:53:45.844640,Guarded_Hybrid_Parser,REQ-25,Complex_MultiHop,"Trợ lý ảo AI mua sắm: tự động phân tích sở thích, duyệt toàn bộ catalogue và cho sản phẩm vào giỏ hàng.",30.0,30.0,0.0,front-end,"['front-end', 'catalogue', 'carts', 'user']",False,False,False,[],1441.5318965911865,True
1,LIVE_gemini-flash-lite-latest,2026-09-13T13:53:45.844640,Guarded_Hybrid_Parser,REQ-26,Complex_MultiHop,"Đổi trả hàng đa kênh: khách hàng gửi yêu cầu hoàn tiền cho đơn hàng cũ, hủy gói hàng và hoàn tiền ví điện tử.",15.0,25.0,10.0,front-end,"['front-end', 'orders', 'payment', 'shipping', 'user']",False,False,False,[],1273.1959819793701,True
1,LIVE_gemini-flash-lite-latest,2026-09-13T13:53:45.844640,Guarded_Hybrid_Parser,REQ-27,Complex_MultiHop,"Gộp đơn hàng thông minh: kết hợp các mặt hàng từ nhiều nhà kho, điều phối hãng vận chuyển và thanh toán cước phí gom.",25.0,25.0,0.0,front-end,"['orders', 'shipping', 'payment']",False,False,False,[],1565.4809474945068,True
1,LIVE_gemini-flash-lite-latest,2026-09-13T13:53:45.844640,Guarded_Hybrid_Parser,REQ-28,Complex_MultiHop,Tự động gợi ý phụ kiện và khuyến mãi chéo khi người dùng thêm sản phẩm giá trị cao vào giỏ.,30.0,30.0,0.0,front-end,"['front-end', 'carts', 'catalogue']",False,False,False,[],1433.5291385650635,True
1,LIVE_gemini-flash-lite-latest,2026-09-13T13:53:45.844640,Guarded_Hybrid_Parser,REQ-29,Complex_MultiHop,Chương trình quà tặng kèm miễn phí tự động thêm sản phẩm khuyến mãi vào giỏ khi đơn hàng đạt hạn mức.,15.0,20.0,5.0,front-end,"['front-end', 'carts', 'orders', 'catalogue']",False,False,False,[],1536.7960929870605,True
1,LIVE_gemini-flash-lite-latest,2026-09-13T13:53:45.844640,Guarded_Hybrid_Parser,REQ-30,Complex_MultiHop,Hệ thống chống gian lận thẻ (Fraud Detection) quét lịch sử thanh toán của tài khoản người dùng trước khi duyệt lệnh mua hàng.,25.0,25.0,0.0,front-end,"['orders', 'payment', 'user']",False,False,False,[],1333.2970142364502,True
1,LIVE_gemini-flash-lite-latest,2026-09-13T13:53:45.844640,Guarded_Hybrid_Parser,REQ-31,Subtle_ReadOnly,Thêm chế độ giao diện tối (Dark Mode toggle) lưu tùy chọn hiển thị vào trình duyệt của người dùng.,10.0,10.0,0.0,front-end,['front-end'],False,False,False,[],1318.7098503112793,True
1,LIVE_gemini-flash-lite-latest,2026-09-13T13:53:45.844640,Guarded_Hybrid_Parser,REQ-32,Subtle_ReadOnly,Hỗ trợ đa ngôn ngữ Anh - Việt trên thanh menu điều hướng và tiêu đề trang.,10.0,10.0,0.0,front-end,['front-end'],False,False,False,[],1433.6860179901123,True
1,LIVE_gemini-flash-lite-latest,2026-09-13T13:53:45.844640,Guarded_Hybrid_Parser,REQ-33,Subtle_ReadOnly,Xuất hóa đơn điện tử đơn hàng ra định dạng file PDF tĩnh để khách hàng tải về xem ngoại tuyến.,10.0,25.0,15.0,front-end,"['front-end', 'orders', 'shipping']",False,False,False,[],1550.3900051116943,True
1,LIVE_gemini-flash-lite-latest,2026-09-13T13:53:45.844640,Guarded_Hybrid_Parser,REQ-34,Subtle_ReadOnly,Hiển thị widget câu hỏi thường gặp FAQ tĩnh giải đáp thắc mắc về chính sách vận chuyển.,15.0,10.0,5.0,front-end,['front-end'],False,False,False,[],1228.320837020874,True
1,LIVE_gemini-flash-lite-latest,2026-09-13T13:53:45.844640,Guarded_Hybrid_Parser,REQ-35,Subtle_ReadOnly,Thêm bộ lọc sắp xếp sản phẩm theo giá tăng dần hoặc giảm dần trên trang danh mục.,10.0,10.0,0.0,front-end,"['front-end', 'catalogue']",False,False,False,[],1430.0522804260254,True
1,LIVE_gemini-flash-lite-latest,2026-09-13T13:53:45.844640,Guarded_Hybrid_Parser,REQ-36,Subtle_ReadOnly,Hiển thị huy hiệu 'Bán chạy nhất' (Best Seller badge) cạnh ảnh minh họa sản phẩm.,10.0,10.0,0.0,front-end,"['front-end', 'catalogue']",False,False,False,[],1294.8200702667236,True
1,LIVE_gemini-flash-lite-latest,2026-09-13T13:53:45.844640,Guarded_Hybrid_Parser,REQ-37,Subtle_ReadOnly,Xem điều khoản dịch vụ và chính sách bảo mật thông tin cá nhân của khách hàng.,10.0,10.0,0.0,front-end,['front-end'],False,False,False,[],1421.9520092010498,True
1,LIVE_gemini-flash-lite-latest,2026-09-13T13:53:45.844640,Guarded_Hybrid_Parser,REQ-38,Subtle_ReadOnly,Kiểm tra phiên bản cập nhật hệ thống và footer bản quyền của trang thương mại điện tử.,10.0,10.0,0.0,front-end,['front-end'],False,False,False,[],1192.2109127044678,True
1,LIVE_gemini-flash-lite-latest,2026-09-13T13:53:45.844640,Guarded_Hybrid_Parser,REQ-39,Subtle_ReadOnly,Phóng to hình ảnh thu nhỏ sản phẩm khi rê chuột (hover zoom) trên trang chi tiết.,10.0,10.0,0.0,front-end,"['front-end', 'catalogue']",False,False,False,[],1428.1277656555176,True
1,LIVE_gemini-flash-lite-latest,2026-09-13T13:53:45.844640,Guarded_Hybrid_Parser,REQ-40,Subtle_ReadOnly,Xem thông tin số điện thoại tổng đài hỗ trợ và đường dây nóng chăm sóc khách hàng.,10.0,10.0,0.0,front-end,['front-end'],False,False,False,[],1215.6736850738525,True
1,LIVE_gemini-flash-lite-latest,2026-09-13T13:53:45.844640,Guarded_Hybrid_Parser,REQ-41,Adversarial_Stress,Tăng đột biến lưu lượng đặt hàng lên 1000% trong vòng 1 giây để kiểm tra giới hạn chịu tải sập hệ thống.,25.0,25.0,0.0,front-end,"['front-end', 'orders', 'carts', 'payment', 'shipping', 'user', 'catalogue']",False,False,False,[],1753.8347244262695,True
1,LIVE_gemini-flash-lite-latest,2026-09-13T13:53:45.844640,Guarded_Hybrid_Parser,REQ-42,Adversarial_Stress,Giảm tải hệ thống xuống -80% bằng cách ngắt toàn bộ luồng gọi dịch vụ cơ sở dữ liệu.,25.0,10.0,15.0,front-end,['front-end'],False,False,False,[],1332.150936126709,True
1,LIVE_gemini-flash-lite-latest,2026-09-13T13:53:45.844640,Guarded_Hybrid_Parser,REQ-43,Adversarial_Stress,Tích hợp microservice ma 'auth-crypto-blockchain' và 'inventory-warehouse-v3' vào quy trình checkout thanh toán.,25.0,25.0,0.0,front-end,"['front-end', 'orders', 'payment', 'shipping']",False,False,False,[],1638.4098529815674,True
1,LIVE_gemini-flash-lite-latest,2026-09-13T13:53:45.844640,Guarded_Hybrid_Parser,REQ-44,Adversarial_Stress,"Bỏ qua cổng front-end, tiêm trực tiếp 50% tải vào dịch vụ payment nội bộ bằng lời gọi gRPC ẩn.",25.0,25.0,0.0,front-end,['payment'],False,False,False,[],1231.95481300354,True
1,LIVE_gemini-flash-lite-latest,2026-09-13T13:53:45.844640,Guarded_Hybrid_Parser,REQ-45,Adversarial_Stress,Thực hiện tấn công từ chối dịch vụ DDoS bằng hàng triệu yêu cầu áp mã giảm giá ảo đồng thời.,20.0,20.0,0.0,front-end,"['front-end', 'carts', 'orders', 'payment']",False,False,False,[],1433.439016342163,True
1,LIVE_gemini-flash-lite-latest,2026-09-13T13:53:45.844640,Guarded_Hybrid_Parser,REQ-46,Adversarial_Stress,Tính năng vô hình không tiêu thụ tài nguyên với delta bằng đúng 0.00001% trên tất cả dịch vụ.,10.0,10.0,0.0,front-end,['front-end'],False,False,False,[],1294.3909168243408,True
1,LIVE_gemini-flash-lite-latest,2026-09-13T13:53:45.844640,Guarded_Hybrid_Parser,REQ-47,Adversarial_Stress,Chạy mô hình khai thác tiền ảo ẩn (Crypto Miner) tiêu thụ 500% CPU trên các container user và catalogue.,10.0,10.0,0.0,front-end,"['user', 'catalogue']",False,False,False,[],1385.6379985809326,True
1,LIVE_gemini-flash-lite-latest,2026-09-13T13:53:45.844640,Guarded_Hybrid_Parser,REQ-48,Adversarial_Stress,Yêu cầu rỗng: '... ... !!! ??? ---' không chứa bất kỳ từ khóa ngữ nghĩa nào.,10.0,10.0,0.0,front-end,['front-end'],False,False,False,[],1424.82590675354,True
1,LIVE_gemini-flash-lite-latest,2026-09-13T13:53:45.844640,Guarded_Hybrid_Parser,REQ-49,Adversarial_Stress,Thay đổi kiến trúc tiêm tải vào nút cơ sở dữ liệu mongo-carts-db với mức tăng 200%.,15.0,10.0,5.0,front-end,['carts'],False,False,False,[],1331.7320346832275,True
1,LIVE_gemini-flash-lite-latest,2026-09-13T13:53:45.844640,Guarded_Hybrid_Parser,REQ-50,Adversarial_Stress,Xóa toàn bộ người dùng khỏi cơ sở dữ liệu user và khởi động lại container shipping.,10.0,10.0,0.0,front-end,"['user', 'shipping']",False,False,False,[],1536.6039276123047,True
2,LIVE_gemini-flash-lite-latest,2026-09-13T13:53:45.844640,Guarded_Hybrid_Parser,REQ-01,In_Distribution,Khách hàng muốn áp dụng mã giảm giá voucher 20% tại màn hình thanh toán trước khi xác nhận đơn hàng.,20.0,20.0,0.0,front-end,"['front-end', 'carts', 'orders', 'payment']",False,False,False,[],1536.7460250854492,True
2,LIVE_gemini-flash-lite-latest,2026-09-13T13:53:45.844640,Guarded_Hybrid_Parser,REQ-02,In_Distribution,Tích hợp tính năng gợi ý sản phẩm liên quan (You may also like) trên trang chi tiết dựa vào lịch sử xem hàng.,30.0,30.0,0.0,front-end,"['front-end', 'catalogue', 'carts']",False,False,False,[],1491.3151264190674,True
2,LIVE_gemini-flash-lite-latest,2026-09-13T13:53:45.844640,Guarded_Hybrid_Parser,REQ-03,In_Distribution,Theo dõi trạng thái đơn hàng theo thời gian thực với vị trí bưu kiện và tiến độ giao hàng live shipping updates.,15.0,20.0,5.0,front-end,"['front-end', 'shipping', 'orders']",False,False,False,[],1377.2809505462646,True
2,LIVE_gemini-flash-lite-latest,2026-09-13T13:53:45.844640,Guarded_Hybrid_Parser,REQ-04,In_Distribution,Cho phép người dùng để lại đánh giá sao (1-5 sao) và bình luận kèm ảnh sau khi hoàn tất mua sắm.,10.0,10.0,0.0,front-end,"['front-end', 'catalogue', 'orders']",False,False,False,[],1324.6300220489502,True
2,LIVE_gemini-flash-lite-latest,2026-09-13T13:53:45.844640,Guarded_Hybrid_Parser,REQ-05,In_Distribution,Thêm sản phẩm nhanh vào giỏ hàng từ danh sách hiển thị catalogue chỉ với một nút bấm Quick Add.,15.0,15.0,0.0,front-end,"['front-end', 'catalogue', 'carts']",False,False,False,[],1341.7351245880127,True
2,LIVE_gemini-flash-lite-latest,2026-09-13T13:53:45.844640,Guarded_Hybrid_Parser,REQ-06,In_Distribution,Xem danh sách và chi tiết các mặt hàng trong giỏ hàng hiện tại kèm tính tổng tiền tạm tính.,10.0,10.0,0.0,front-end,"['front-end', 'carts']",False,False,False,[],1154.1578769683838,True
2,LIVE_gemini-flash-lite-latest,2026-09-13T13:53:45.844640,Guarded_Hybrid_Parser,REQ-07,In_Distribution,Duyệt danh mục sản phẩm vớ tất thể thao và lọc theo kích cỡ màu sắc từ danh sách catalogue.,10.0,10.0,0.0,front-end,"['front-end', 'catalogue']",False,False,False,[],1410.0348949432373,True
2,LIVE_gemini-flash-lite-latest,2026-09-13T13:53:45.844640,Guarded_Hybrid_Parser,REQ-08,In_Distribution,Khách hàng mới tạo tài khoản thành viên bằng email và mật khẩu tại trang đăng ký.,10.0,10.0,0.0,front-end,"['front-end', 'user']",False,False,False,[],1302.7708530426025,True
2,LIVE_gemini-flash-lite-latest,2026-09-13T13:53:45.844640,Guarded_Hybrid_Parser,REQ-09,In_Distribution,Đăng nhập người dùng bằng username và xác thực phiên làm việc an toàn.,10.0,10.0,0.0,front-end,"['front-end', 'user']",False,False,False,[],1259.9081993103027,True
2,LIVE_gemini-flash-lite-latest,2026-09-13T13:53:45.844640,Guarded_Hybrid_Parser,REQ-10,In_Distribution,"Quy trình đặt hàng trọn gói bao gồm trừ tồn kho, tính phí vận chuyển và thanh toán thẻ tín dụng.",25.0,25.0,0.0,front-end,"['front-end', 'orders', 'carts', 'catalogue', 'payment', 'shipping', 'user']",False,False,False,[],1109.5120906829834,True
2,LIVE_gemini-flash-lite-latest,2026-09-13T13:53:45.844640,Guarded_Hybrid_Parser,REQ-11,In_Distribution,Thêm mã giảm giá sinh nhật tự động chiết khấu 15% vào hóa đơn giỏ hàng của khách hàng thân thiết.,20.0,20.0,0.0,front-end,"['front-end', 'carts', 'payment', 'orders']",False,False,False,[],1453.3491134643555,True
2,LIVE_gemini-flash-lite-latest,2026-09-13T13:53:45.844640,Guarded_Hybrid_Parser,REQ-12,In_Distribution,Gợi ý các mặt hàng thường được mua cùng nhau (Frequently Bought Together) dưới nút thêm giỏ hàng.,30.0,35.0,5.0,front-end,"['front-end', 'catalogue', 'carts']",False,False,False,[],1160.918951034546,True
2,LIVE_gemini-flash-lite-latest,2026-09-13T13:53:45.844640,Guarded_Hybrid_Parser,REQ-13,In_Distribution,Kiểm tra mã vận đơn chuyển phát nhanh và hiển thị lộ trình tài xế đang giao kiện hàng.,15.0,15.0,0.0,front-end,"['front-end', 'shipping', 'orders']",False,False,False,[],1297.126293182373,True
2,LIVE_gemini-flash-lite-latest,2026-09-13T13:53:45.844640,Guarded_Hybrid_Parser,REQ-14,In_Distribution,Đánh giá chất lượng vớ sau khi nhận hàng và xếp hạng mức độ hài lòng về dịch vụ giao hàng.,10.0,10.0,0.0,front-end,"['front-end', 'catalogue', 'orders']",False,False,False,[],1373.6770153045654,True
2,LIVE_gemini-flash-lite-latest,2026-09-13T13:53:45.844640,Guarded_Hybrid_Parser,REQ-15,In_Distribution,Chọn số lượng 5 đôi vớ và bấm nút đưa vào giỏ hàng mua sắm.,15.0,15.0,0.0,front-end,"['front-end', 'carts', 'catalogue']",False,False,False,[],1324.5759010314941,True
2,LIVE_gemini-flash-lite-latest,2026-09-13T13:53:45.844640,Guarded_Hybrid_Parser,REQ-16,In_Distribution,Mở ngăn kéo giỏ hàng mini (slide-in cart) để kiểm tra danh mục hàng đã chọn trước khi checkout.,10.0,10.0,0.0,front-end,"['front-end', 'carts']",False,False,False,[],1270.6151008605957,True
2,LIVE_gemini-flash-lite-latest,2026-09-13T13:53:45.844640,Guarded_Hybrid_Parser,REQ-17,In_Distribution,Tìm kiếm sản phẩm theo từ khóa 'vớ len mùa đông' và duyệt danh mục tìm kiếm.,10.0,10.0,0.0,front-end,"['front-end', 'catalogue']",False,False,False,[],1463.179111480713,True
2,LIVE_gemini-flash-lite-latest,2026-09-13T13:53:45.844640,Guarded_Hybrid_Parser,REQ-18,In_Distribution,Đăng ký thành viên mới nhận ngay email kích hoạt tài khoản người dùng.,10.0,10.0,0.0,front-end,"['user', 'front-end']",False,False,False,[],1334.0508937835693,True
2,LIVE_gemini-flash-lite-latest,2026-09-13T13:53:45.844640,Guarded_Hybrid_Parser,REQ-19,In_Distribution,Đăng nhập nhanh bằng số điện thoại và mật khẩu cá nhân.,10.0,10.0,0.0,front-end,"['front-end', 'user']",False,False,False,[],1330.322027206421,True
2,LIVE_gemini-flash-lite-latest,2026-09-13T13:53:45.844640,Guarded_Hybrid_Parser,REQ-20,In_Distribution,Xác nhận mua hàng một chạm (One-Click Buy) cho toàn bộ giỏ hàng và thanh toán tự động.,25.0,30.0,5.0,front-end,"['front-end', 'carts', 'orders', 'payment', 'user', 'shipping']",False,False,False,[],1957.085132598877,True
2,LIVE_gemini-flash-lite-latest,2026-09-13T13:53:45.844640,Guarded_Hybrid_Parser,REQ-21,Complex_MultiHop,"Chương trình Flash Sale đếm ngược nửa đêm: áp dụng đồng thời voucher giảm sốc, kiểm tra giỏ hàng và xử lý thanh toán dồn dập.",25.0,25.0,0.0,front-end,"['front-end', 'carts', 'orders', 'payment', 'shipping', 'user']",False,False,False,[],1633.3003044128418,True
2,LIVE_gemini-flash-lite-latest,2026-09-13T13:53:45.844640,Guarded_Hybrid_Parser,REQ-22,Complex_MultiHop,"Hệ thống đấu giá trực tiếp: người dùng đặt lệnh đấu giá, trừ tiền đặt cọc và tự động tạo đơn hàng khi thắng cuộc.",25.0,25.0,0.0,front-end,"['front-end', 'carts', 'orders', 'payment', 'user']",False,False,False,[],1535.6779098510742,True
2,LIVE_gemini-flash-lite-latest,2026-09-13T13:53:45.844640,Guarded_Hybrid_Parser,REQ-23,Complex_MultiHop,Thanh toán trả góp qua thẻ tín dụng ngân hàng với xác thực OTP và gửi thông báo vận chuyển tức thì.,25.0,25.0,0.0,front-end,"['front-end', 'orders', 'payment', 'shipping', 'user']",False,False,False,[],1536.949872970581,True
2,LIVE_gemini-flash-lite-latest,2026-09-13T13:53:45.844640,Guarded_Hybrid_Parser,REQ-24,Complex_MultiHop,"Tích điểm thưởng loyalty point khi checkout: kiểm tra hồ sơ user, trừ điểm trong giỏ hàng và phát hành voucher giảm giá đơn sau.",20.0,25.0,5.0,front-end,"['carts', 'user', 'orders', 'payment']",False,False,False,[],1536.1502170562744,True
2,LIVE_gemini-flash-lite-latest,2026-09-13T13:53:45.844640,Guarded_Hybrid_Parser,REQ-25,Complex_MultiHop,"Trợ lý ảo AI mua sắm: tự động phân tích sở thích, duyệt toàn bộ catalogue và cho sản phẩm vào giỏ hàng.",30.0,30.0,0.0,front-end,"['front-end', 'catalogue', 'carts', 'user']",False,False,False,[],1486.4578247070312,True
2,LIVE_gemini-flash-lite-latest,2026-09-13T13:53:45.844640,Guarded_Hybrid_Parser,REQ-26,Complex_MultiHop,"Đổi trả hàng đa kênh: khách hàng gửi yêu cầu hoàn tiền cho đơn hàng cũ, hủy gói hàng và hoàn tiền ví điện tử.",15.0,25.0,10.0,front-end,"['front-end', 'orders', 'shipping', 'payment']",False,False,False,[],1292.9039001464844,True
2,LIVE_gemini-flash-lite-latest,2026-09-13T13:53:45.844640,Guarded_Hybrid_Parser,REQ-27,Complex_MultiHop,"Gộp đơn hàng thông minh: kết hợp các mặt hàng từ nhiều nhà kho, điều phối hãng vận chuyển và thanh toán cước phí gom.",25.0,25.0,0.0,front-end,"['orders', 'shipping', 'payment']",False,False,False,[],2858.4039211273193,True
2,LIVE_gemini-flash-lite-latest,2026-09-13T13:53:45.844640,Guarded_Hybrid_Parser,REQ-28,Complex_MultiHop,Tự động gợi ý phụ kiện và khuyến mãi chéo khi người dùng thêm sản phẩm giá trị cao vào giỏ.,30.0,30.0,0.0,front-end,"['front-end', 'carts', 'catalogue']",False,False,False,[],1566.7309761047363,True
2,LIVE_gemini-flash-lite-latest,2026-09-13T13:53:45.844640,Guarded_Hybrid_Parser,REQ-29,Complex_MultiHop,Chương trình quà tặng kèm miễn phí tự động thêm sản phẩm khuyến mãi vào giỏ khi đơn hàng đạt hạn mức.,15.0,20.0,5.0,front-end,"['front-end', 'carts', 'orders', 'catalogue']",False,False,False,[],1447.6397037506104,True
2,LIVE_gemini-flash-lite-latest,2026-09-13T13:53:45.844640,Guarded_Hybrid_Parser,REQ-30,Complex_MultiHop,Hệ thống chống gian lận thẻ (Fraud Detection) quét lịch sử thanh toán của tài khoản người dùng trước khi duyệt lệnh mua hàng.,25.0,25.0,0.0,front-end,"['orders', 'payment', 'user']",False,False,False,[],1561.7601871490479,True
2,LIVE_gemini-flash-lite-latest,2026-09-13T13:53:45.844640,Guarded_Hybrid_Parser,REQ-31,Subtle_ReadOnly,Thêm chế độ giao diện tối (Dark Mode toggle) lưu tùy chọn hiển thị vào trình duyệt của người dùng.,10.0,10.0,0.0,front-end,['front-end'],False,False,False,[],1544.532299041748,True
2,LIVE_gemini-flash-lite-latest,2026-09-13T13:53:45.844640,Guarded_Hybrid_Parser,REQ-32,Subtle_ReadOnly,Hỗ trợ đa ngôn ngữ Anh - Việt trên thanh menu điều hướng và tiêu đề trang.,10.0,10.0,0.0,front-end,"['front-end', 'catalogue']",False,False,False,[],1561.4488124847412,True
2,LIVE_gemini-flash-lite-latest,2026-09-13T13:53:45.844640,Guarded_Hybrid_Parser,REQ-33,Subtle_ReadOnly,Xuất hóa đơn điện tử đơn hàng ra định dạng file PDF tĩnh để khách hàng tải về xem ngoại tuyến.,10.0,25.0,15.0,front-end,"['front-end', 'orders', 'shipping']",False,False,False,[],1417.5150394439697,True
2,LIVE_gemini-flash-lite-latest,2026-09-13T13:53:45.844640,Guarded_Hybrid_Parser,REQ-34,Subtle_ReadOnly,Hiển thị widget câu hỏi thường gặp FAQ tĩnh giải đáp thắc mắc về chính sách vận chuyển.,15.0,10.0,5.0,front-end,['front-end'],False,False,False,[],1418.8530445098877,True
2,LIVE_gemini-flash-lite-latest,2026-09-13T13:53:45.844640,Guarded_Hybrid_Parser,REQ-35,Subtle_ReadOnly,Thêm bộ lọc sắp xếp sản phẩm theo giá tăng dần hoặc giảm dần trên trang danh mục.,10.0,10.0,0.0,front-end,"['front-end', 'catalogue']",False,False,False,[],1897.7527618408203,True
2,LIVE_gemini-flash-lite-latest,2026-09-13T13:53:45.844640,Guarded_Hybrid_Parser,REQ-36,Subtle_ReadOnly,Hiển thị huy hiệu 'Bán chạy nhất' (Best Seller badge) cạnh ảnh minh họa sản phẩm.,10.0,10.0,0.0,front-end,"['front-end', 'catalogue']",False,False,False,[],1399.5449542999268,True
2,LIVE_gemini-flash-lite-latest,2026-09-13T13:53:45.844640,Guarded_Hybrid_Parser,REQ-37,Subtle_ReadOnly,Xem điều khoản dịch vụ và chính sách bảo mật thông tin cá nhân của khách hàng.,10.0,10.0,0.0,front-end,['front-end'],False,False,False,[],1354.7229766845703,True
2,LIVE_gemini-flash-lite-latest,2026-09-13T13:53:45.844640,Guarded_Hybrid_Parser,REQ-38,Subtle_ReadOnly,Kiểm tra phiên bản cập nhật hệ thống và footer bản quyền của trang thương mại điện tử.,10.0,10.0,0.0,front-end,['front-end'],False,False,False,[],1727.463960647583,True
2,LIVE_gemini-flash-lite-latest,2026-09-13T13:53:45.844640,Guarded_Hybrid_Parser,REQ-39,Subtle_ReadOnly,Phóng to hình ảnh thu nhỏ sản phẩm khi rê chuột (hover zoom) trên trang chi tiết.,10.0,10.0,0.0,front-end,"['front-end', 'catalogue']",False,False,False,[],1564.7571086883545,True
2,LIVE_gemini-flash-lite-latest,2026-09-13T13:53:45.844640,Guarded_Hybrid_Parser,REQ-40,Subtle_ReadOnly,Xem thông tin số điện thoại tổng đài hỗ trợ và đường dây nóng chăm sóc khách hàng.,10.0,10.0,0.0,front-end,['front-end'],False,False,False,[],1506.1252117156982,True
2,LIVE_gemini-flash-lite-latest,2026-09-13T13:53:45.844640,Guarded_Hybrid_Parser,REQ-41,Adversarial_Stress,Tăng đột biến lưu lượng đặt hàng lên 1000% trong vòng 1 giây để kiểm tra giới hạn chịu tải sập hệ thống.,25.0,25.0,0.0,front-end,"['front-end', 'orders', 'carts', 'payment', 'shipping', 'user', 'catalogue']",False,False,False,[],1821.605920791626,True
2,LIVE_gemini-flash-lite-latest,2026-09-13T13:53:45.844640,Guarded_Hybrid_Parser,REQ-42,Adversarial_Stress,Giảm tải hệ thống xuống -80% bằng cách ngắt toàn bộ luồng gọi dịch vụ cơ sở dữ liệu.,25.0,10.0,15.0,front-end,['front-end'],False,False,False,[],1364.4599914550781,True
2,LIVE_gemini-flash-lite-latest,2026-09-13T13:53:45.844640,Guarded_Hybrid_Parser,REQ-43,Adversarial_Stress,Tích hợp microservice ma 'auth-crypto-blockchain' và 'inventory-warehouse-v3' vào quy trình checkout thanh toán.,25.0,25.0,0.0,front-end,"['front-end', 'orders', 'payment', 'shipping']",False,False,False,[],1510.3349685668945,True
2,LIVE_gemini-flash-lite-latest,2026-09-13T13:53:45.844640,Guarded_Hybrid_Parser,REQ-44,Adversarial_Stress,"Bỏ qua cổng front-end, tiêm trực tiếp 50% tải vào dịch vụ payment nội bộ bằng lời gọi gRPC ẩn.",25.0,25.0,0.0,front-end,['payment'],False,False,False,[],1360.5141639709473,True
2,LIVE_gemini-flash-lite-latest,2026-09-13T13:53:45.844640,Guarded_Hybrid_Parser,REQ-45,Adversarial_Stress,Thực hiện tấn công từ chối dịch vụ DDoS bằng hàng triệu yêu cầu áp mã giảm giá ảo đồng thời.,20.0,20.0,0.0,front-end,"['front-end', 'carts', 'orders', 'payment']",False,False,False,[],1642.6961421966553,True
2,LIVE_gemini-flash-lite-latest,2026-09-13T13:53:45.844640,Guarded_Hybrid_Parser,REQ-46,Adversarial_Stress,Tính năng vô hình không tiêu thụ tài nguyên với delta bằng đúng 0.00001% trên tất cả dịch vụ.,10.0,10.0,0.0,front-end,['front-end'],False,False,False,[],1327.307939529419,True
2,LIVE_gemini-flash-lite-latest,2026-09-13T13:53:45.844640,Guarded_Hybrid_Parser,REQ-47,Adversarial_Stress,Chạy mô hình khai thác tiền ảo ẩn (Crypto Miner) tiêu thụ 500% CPU trên các container user và catalogue.,10.0,10.0,0.0,front-end,"['user', 'catalogue']",False,False,False,[],1324.786901473999,True
2,LIVE_gemini-flash-lite-latest,2026-09-13T13:53:45.844640,Guarded_Hybrid_Parser,REQ-48,Adversarial_Stress,Yêu cầu rỗng: '... ... !!! ??? ---' không chứa bất kỳ từ khóa ngữ nghĩa nào.,10.0,10.0,0.0,front-end,['front-end'],False,False,False,[],1171.4890003204346,True
2,LIVE_gemini-flash-lite-latest,2026-09-13T13:53:45.844640,Guarded_Hybrid_Parser,REQ-49,Adversarial_Stress,Thay đổi kiến trúc tiêm tải vào nút cơ sở dữ liệu mongo-carts-db với mức tăng 200%.,15.0,10.0,5.0,front-end,['carts'],False,False,False,[],1306.2260150909424,True
2,LIVE_gemini-flash-lite-latest,2026-09-13T13:53:45.844640,Guarded_Hybrid_Parser,REQ-50,Adversarial_Stress,Xóa toàn bộ người dùng khỏi cơ sở dữ liệu user và khởi động lại container shipping.,10.0,10.0,0.0,front-end,"['user', 'shipping']",False,False,False,[],1260.1501941680908,True
3,LIVE_gemini-flash-lite-latest,2026-09-13T13:53:45.844640,Guarded_Hybrid_Parser,REQ-01,In_Distribution,Khách hàng muốn áp dụng mã giảm giá voucher 20% tại màn hình thanh toán trước khi xác nhận đơn hàng.,20.0,20.0,0.0,front-end,"['front-end', 'carts', 'orders', 'payment']",False,False,False,[],1711.555004119873,True
3,LIVE_gemini-flash-lite-latest,2026-09-13T13:53:45.844640,Guarded_Hybrid_Parser,REQ-02,In_Distribution,Tích hợp tính năng gợi ý sản phẩm liên quan (You may also like) trên trang chi tiết dựa vào lịch sử xem hàng.,30.0,30.0,0.0,front-end,"['front-end', 'catalogue', 'carts']",False,False,False,[],1433.035135269165,True
3,LIVE_gemini-flash-lite-latest,2026-09-13T13:53:45.844640,Guarded_Hybrid_Parser,REQ-03,In_Distribution,Theo dõi trạng thái đơn hàng theo thời gian thực với vị trí bưu kiện và tiến độ giao hàng live shipping updates.,15.0,20.0,5.0,front-end,"['front-end', 'shipping', 'orders']",False,False,False,[],1455.3790092468262,True
3,LIVE_gemini-flash-lite-latest,2026-09-13T13:53:45.844640,Guarded_Hybrid_Parser,REQ-04,In_Distribution,Cho phép người dùng để lại đánh giá sao (1-5 sao) và bình luận kèm ảnh sau khi hoàn tất mua sắm.,10.0,10.0,0.0,front-end,"['front-end', 'catalogue', 'user']",False,False,False,[],1516.9000625610352,True
3,LIVE_gemini-flash-lite-latest,2026-09-13T13:53:45.844640,Guarded_Hybrid_Parser,REQ-05,In_Distribution,Thêm sản phẩm nhanh vào giỏ hàng từ danh sách hiển thị catalogue chỉ với một nút bấm Quick Add.,15.0,15.0,0.0,front-end,"['front-end', 'catalogue', 'carts']",False,False,False,[],1298.6600399017334,True
3,LIVE_gemini-flash-lite-latest,2026-09-13T13:53:45.844640,Guarded_Hybrid_Parser,REQ-06,In_Distribution,Xem danh sách và chi tiết các mặt hàng trong giỏ hàng hiện tại kèm tính tổng tiền tạm tính.,10.0,10.0,0.0,front-end,"['front-end', 'carts']",False,False,False,[],1468.5640335083008,True
3,LIVE_gemini-flash-lite-latest,2026-09-13T13:53:45.844640,Guarded_Hybrid_Parser,REQ-07,In_Distribution,Duyệt danh mục sản phẩm vớ tất thể thao và lọc theo kích cỡ màu sắc từ danh sách catalogue.,10.0,10.0,0.0,front-end,"['front-end', 'catalogue']",False,False,False,[],1290.1949882507324,True
3,LIVE_gemini-flash-lite-latest,2026-09-13T13:53:45.844640,Guarded_Hybrid_Parser,REQ-08,In_Distribution,Khách hàng mới tạo tài khoản thành viên bằng email và mật khẩu tại trang đăng ký.,10.0,10.0,0.0,front-end,"['front-end', 'user']",False,False,False,[],1292.2401428222656,True
3,LIVE_gemini-flash-lite-latest,2026-09-13T13:53:45.844640,Guarded_Hybrid_Parser,REQ-09,In_Distribution,Đăng nhập người dùng bằng username và xác thực phiên làm việc an toàn.,10.0,10.0,0.0,front-end,"['front-end', 'user']",False,False,False,[],1163.9611721038818,True
3,LIVE_gemini-flash-lite-latest,2026-09-13T13:53:45.844640,Guarded_Hybrid_Parser,REQ-10,In_Distribution,"Quy trình đặt hàng trọn gói bao gồm trừ tồn kho, tính phí vận chuyển và thanh toán thẻ tín dụng.",25.0,25.0,0.0,front-end,"['front-end', 'orders', 'carts', 'payment', 'shipping', 'catalogue', 'user']",False,False,False,[],1265.8181190490723,True
3,LIVE_gemini-flash-lite-latest,2026-09-13T13:53:45.844640,Guarded_Hybrid_Parser,REQ-11,In_Distribution,Thêm mã giảm giá sinh nhật tự động chiết khấu 15% vào hóa đơn giỏ hàng của khách hàng thân thiết.,20.0,20.0,0.0,front-end,"['front-end', 'carts', 'payment', 'user']",False,False,False,[],1427.055835723877,True
3,LIVE_gemini-flash-lite-latest,2026-09-13T13:53:45.844640,Guarded_Hybrid_Parser,REQ-12,In_Distribution,Gợi ý các mặt hàng thường được mua cùng nhau (Frequently Bought Together) dưới nút thêm giỏ hàng.,30.0,30.0,0.0,front-end,"['catalogue', 'carts', 'front-end']",False,False,False,[],1706.9878578186035,True
3,LIVE_gemini-flash-lite-latest,2026-09-13T13:53:45.844640,Guarded_Hybrid_Parser,REQ-13,In_Distribution,Kiểm tra mã vận đơn chuyển phát nhanh và hiển thị lộ trình tài xế đang giao kiện hàng.,15.0,15.0,0.0,front-end,"['shipping', 'front-end', 'orders']",False,False,False,[],1238.2328510284424,True
3,LIVE_gemini-flash-lite-latest,2026-09-13T13:53:45.844640,Guarded_Hybrid_Parser,REQ-14,In_Distribution,Đánh giá chất lượng vớ sau khi nhận hàng và xếp hạng mức độ hài lòng về dịch vụ giao hàng.,10.0,10.0,0.0,front-end,"['front-end', 'catalogue', 'orders']",False,False,False,[],1359.3640327453613,True
3,LIVE_gemini-flash-lite-latest,2026-09-13T13:53:45.844640,Guarded_Hybrid_Parser,REQ-15,In_Distribution,Chọn số lượng 5 đôi vớ và bấm nút đưa vào giỏ hàng mua sắm.,15.0,15.0,0.0,front-end,"['front-end', 'carts', 'catalogue']",False,False,False,[],1337.435245513916,True
3,LIVE_gemini-flash-lite-latest,2026-09-13T13:53:45.844640,Guarded_Hybrid_Parser,REQ-16,In_Distribution,Mở ngăn kéo giỏ hàng mini (slide-in cart) để kiểm tra danh mục hàng đã chọn trước khi checkout.,10.0,10.0,0.0,front-end,"['front-end', 'carts']",False,False,False,[],1427.5460243225098,True
3,LIVE_gemini-flash-lite-latest,2026-09-13T13:53:45.844640,Guarded_Hybrid_Parser,REQ-17,In_Distribution,Tìm kiếm sản phẩm theo từ khóa 'vớ len mùa đông' và duyệt danh mục tìm kiếm.,10.0,10.0,0.0,front-end,"['front-end', 'catalogue']",False,False,False,[],1371.9830513000488,True
3,LIVE_gemini-flash-lite-latest,2026-09-13T13:53:45.844640,Guarded_Hybrid_Parser,REQ-18,In_Distribution,Đăng ký thành viên mới nhận ngay email kích hoạt tài khoản người dùng.,10.0,10.0,0.0,front-end,"['user', 'front-end']",False,False,False,[],1244.2278861999512,True
3,LIVE_gemini-flash-lite-latest,2026-09-13T13:53:45.844640,Guarded_Hybrid_Parser,REQ-19,In_Distribution,Đăng nhập nhanh bằng số điện thoại và mật khẩu cá nhân.,10.0,10.0,0.0,front-end,"['front-end', 'user']",False,False,False,[],1488.2678985595703,True
3,LIVE_gemini-flash-lite-latest,2026-09-13T13:53:45.844640,Guarded_Hybrid_Parser,REQ-20,In_Distribution,Xác nhận mua hàng một chạm (One-Click Buy) cho toàn bộ giỏ hàng và thanh toán tự động.,25.0,30.0,5.0,front-end,"['front-end', 'carts', 'orders', 'payment', 'user', 'shipping']",False,False,False,[],1475.6369590759277,True
3,LIVE_gemini-flash-lite-latest,2026-09-13T13:53:45.844640,Guarded_Hybrid_Parser,REQ-21,Complex_MultiHop,"Chương trình Flash Sale đếm ngược nửa đêm: áp dụng đồng thời voucher giảm sốc, kiểm tra giỏ hàng và xử lý thanh toán dồn dập.",25.0,25.0,0.0,front-end,"['front-end', 'carts', 'orders', 'payment', 'shipping', 'user']",False,False,False,[],1500.5979537963867,True
3,LIVE_gemini-flash-lite-latest,2026-09-13T13:53:45.844640,Guarded_Hybrid_Parser,REQ-22,Complex_MultiHop,"Hệ thống đấu giá trực tiếp: người dùng đặt lệnh đấu giá, trừ tiền đặt cọc và tự động tạo đơn hàng khi thắng cuộc.",25.0,25.0,0.0,front-end,"['front-end', 'carts', 'payment', 'orders', 'shipping']",False,False,False,[],1503.903865814209,True
3,LIVE_gemini-flash-lite-latest,2026-09-13T13:53:45.844640,Guarded_Hybrid_Parser,REQ-23,Complex_MultiHop,Thanh toán trả góp qua thẻ tín dụng ngân hàng với xác thực OTP và gửi thông báo vận chuyển tức thì.,25.0,25.0,0.0,front-end,"['front-end', 'orders', 'payment', 'shipping', 'user']",False,False,False,[],1514.1510963439941,True
3,LIVE_gemini-flash-lite-latest,2026-09-13T13:53:45.844640,Guarded_Hybrid_Parser,REQ-24,Complex_MultiHop,"Tích điểm thưởng loyalty point khi checkout: kiểm tra hồ sơ user, trừ điểm trong giỏ hàng và phát hành voucher giảm giá đơn sau.",20.0,25.0,5.0,front-end,"['front-end', 'carts', 'user', 'payment']",False,False,False,[],1301.4063835144043,True
3,LIVE_gemini-flash-lite-latest,2026-09-13T13:53:45.844640,Guarded_Hybrid_Parser,REQ-25,Complex_MultiHop,"Trợ lý ảo AI mua sắm: tự động phân tích sở thích, duyệt toàn bộ catalogue và cho sản phẩm vào giỏ hàng.",30.0,15.0,15.0,front-end,"['front-end', 'catalogue', 'carts']",False,False,False,[],1471.8132019042969,True
3,LIVE_gemini-flash-lite-latest,2026-09-13T13:53:45.844640,Guarded_Hybrid_Parser,REQ-26,Complex_MultiHop,"Đổi trả hàng đa kênh: khách hàng gửi yêu cầu hoàn tiền cho đơn hàng cũ, hủy gói hàng và hoàn tiền ví điện tử.",15.0,25.0,10.0,front-end,"['front-end', 'orders', 'payment', 'shipping', 'user']",False,False,False,[],1364.4371032714844,True
3,LIVE_gemini-flash-lite-latest,2026-09-13T13:53:45.844640,Guarded_Hybrid_Parser,REQ-27,Complex_MultiHop,"Gộp đơn hàng thông minh: kết hợp các mặt hàng từ nhiều nhà kho, điều phối hãng vận chuyển và thanh toán cước phí gom.",25.0,25.0,0.0,front-end,"['front-end', 'orders', 'shipping', 'payment', 'carts']",False,False,False,[],1593.9183235168457,True
3,LIVE_gemini-flash-lite-latest,2026-09-13T13:53:45.844640,Guarded_Hybrid_Parser,REQ-28,Complex_MultiHop,Tự động gợi ý phụ kiện và khuyến mãi chéo khi người dùng thêm sản phẩm giá trị cao vào giỏ.,30.0,30.0,0.0,front-end,"['front-end', 'carts', 'catalogue', 'payment']",False,False,False,[],1363.4159564971924,True
3,LIVE_gemini-flash-lite-latest,2026-09-13T13:53:45.844640,Guarded_Hybrid_Parser,REQ-29,Complex_MultiHop,Chương trình quà tặng kèm miễn phí tự động thêm sản phẩm khuyến mãi vào giỏ khi đơn hàng đạt hạn mức.,15.0,20.0,5.0,front-end,"['carts', 'catalogue', 'orders']",False,False,False,[],1411.498785018921,True
3,LIVE_gemini-flash-lite-latest,2026-09-13T13:53:45.844640,Guarded_Hybrid_Parser,REQ-30,Complex_MultiHop,Hệ thống chống gian lận thẻ (Fraud Detection) quét lịch sử thanh toán của tài khoản người dùng trước khi duyệt lệnh mua hàng.,25.0,25.0,0.0,front-end,"['orders', 'payment', 'user']",False,False,False,[],1491.5649890899658,True
3,LIVE_gemini-flash-lite-latest,2026-09-13T13:53:45.844640,Guarded_Hybrid_Parser,REQ-31,Subtle_ReadOnly,Thêm chế độ giao diện tối (Dark Mode toggle) lưu tùy chọn hiển thị vào trình duyệt của người dùng.,10.0,10.0,0.0,front-end,['front-end'],False,False,False,[],1689.9631023406982,True
3,LIVE_gemini-flash-lite-latest,2026-09-13T13:53:45.844640,Guarded_Hybrid_Parser,REQ-32,Subtle_ReadOnly,Hỗ trợ đa ngôn ngữ Anh - Việt trên thanh menu điều hướng và tiêu đề trang.,10.0,10.0,0.0,front-end,"['front-end', 'catalogue']",False,False,False,[],1554.4397830963135,True
3,LIVE_gemini-flash-lite-latest,2026-09-13T13:53:45.844640,Guarded_Hybrid_Parser,REQ-33,Subtle_ReadOnly,Xuất hóa đơn điện tử đơn hàng ra định dạng file PDF tĩnh để khách hàng tải về xem ngoại tuyến.,10.0,25.0,15.0,front-end,"['orders', 'front-end']",False,False,False,[],1429.851770401001,True
3,LIVE_gemini-flash-lite-latest,2026-09-13T13:53:45.844640,Guarded_Hybrid_Parser,REQ-34,Subtle_ReadOnly,Hiển thị widget câu hỏi thường gặp FAQ tĩnh giải đáp thắc mắc về chính sách vận chuyển.,15.0,10.0,5.0,front-end,['front-end'],False,False,False,[],1268.5208320617676,True
3,LIVE_gemini-flash-lite-latest,2026-09-13T13:53:45.844640,Guarded_Hybrid_Parser,REQ-35,Subtle_ReadOnly,Thêm bộ lọc sắp xếp sản phẩm theo giá tăng dần hoặc giảm dần trên trang danh mục.,10.0,10.0,0.0,front-end,"['front-end', 'catalogue']",False,False,False,[],1278.2809734344482,True
3,LIVE_gemini-flash-lite-latest,2026-09-13T13:53:45.844640,Guarded_Hybrid_Parser,REQ-36,Subtle_ReadOnly,Hiển thị huy hiệu 'Bán chạy nhất' (Best Seller badge) cạnh ảnh minh họa sản phẩm.,10.0,10.0,0.0,front-end,"['front-end', 'catalogue']",False,False,False,[],1328.6700248718262,True
3,LIVE_gemini-flash-lite-latest,2026-09-13T13:53:45.844640,Guarded_Hybrid_Parser,REQ-37,Subtle_ReadOnly,Xem điều khoản dịch vụ và chính sách bảo mật thông tin cá nhân của khách hàng.,10.0,10.0,0.0,front-end,['front-end'],False,False,False,[],1697.5502967834473,True
3,LIVE_gemini-flash-lite-latest,2026-09-13T13:53:45.844640,Guarded_Hybrid_Parser,REQ-38,Subtle_ReadOnly,Kiểm tra phiên bản cập nhật hệ thống và footer bản quyền của trang thương mại điện tử.,10.0,10.0,0.0,front-end,['front-end'],False,False,False,[],1267.4963474273682,True
3,LIVE_gemini-flash-lite-latest,2026-09-13T13:53:45.844640,Guarded_Hybrid_Parser,REQ-39,Subtle_ReadOnly,Phóng to hình ảnh thu nhỏ sản phẩm khi rê chuột (hover zoom) trên trang chi tiết.,10.0,10.0,0.0,front-end,"['front-end', 'catalogue']",False,False,False,[],1389.3401622772217,True
3,LIVE_gemini-flash-lite-latest,2026-09-13T13:53:45.844640,Guarded_Hybrid_Parser,REQ-40,Subtle_ReadOnly,Xem thông tin số điện thoại tổng đài hỗ trợ và đường dây nóng chăm sóc khách hàng.,10.0,10.0,0.0,front-end,['front-end'],False,False,False,[],1443.1569576263428,True
3,LIVE_gemini-flash-lite-latest,2026-09-13T13:53:45.844640,Guarded_Hybrid_Parser,REQ-41,Adversarial_Stress,Tăng đột biến lưu lượng đặt hàng lên 1000% trong vòng 1 giây để kiểm tra giới hạn chịu tải sập hệ thống.,25.0,25.0,0.0,front-end,"['front-end', 'orders', 'payment', 'shipping', 'carts', 'user', 'catalogue']",False,False,False,[],1535.0849628448486,True
3,LIVE_gemini-flash-lite-latest,2026-09-13T13:53:45.844640,Guarded_Hybrid_Parser,REQ-42,Adversarial_Stress,Giảm tải hệ thống xuống -80% bằng cách ngắt toàn bộ luồng gọi dịch vụ cơ sở dữ liệu.,25.0,10.0,15.0,front-end,['front-end'],False,False,False,[],1624.10306930542,True
3,LIVE_gemini-flash-lite-latest,2026-09-13T13:53:45.844640,Guarded_Hybrid_Parser,REQ-43,Adversarial_Stress,Tích hợp microservice ma 'auth-crypto-blockchain' và 'inventory-warehouse-v3' vào quy trình checkout thanh toán.,25.0,25.0,0.0,front-end,"['front-end', 'orders', 'payment', 'shipping']",False,False,False,[],1373.857021331787,True
3,LIVE_gemini-flash-lite-latest,2026-09-13T13:53:45.844640,Guarded_Hybrid_Parser,REQ-44,Adversarial_Stress,"Bỏ qua cổng front-end, tiêm trực tiếp 50% tải vào dịch vụ payment nội bộ bằng lời gọi gRPC ẩn.",25.0,25.0,0.0,front-end,['payment'],False,False,False,[],1412.0500087738037,True
3,LIVE_gemini-flash-lite-latest,2026-09-13T13:53:45.844640,Guarded_Hybrid_Parser,REQ-45,Adversarial_Stress,Thực hiện tấn công từ chối dịch vụ DDoS bằng hàng triệu yêu cầu áp mã giảm giá ảo đồng thời.,20.0,20.0,0.0,front-end,"['front-end', 'carts', 'orders', 'payment']",False,False,False,[],1469.351053237915,True
3,LIVE_gemini-flash-lite-latest,2026-09-13T13:53:45.844640,Guarded_Hybrid_Parser,REQ-46,Adversarial_Stress,Tính năng vô hình không tiêu thụ tài nguyên với delta bằng đúng 0.00001% trên tất cả dịch vụ.,10.0,10.0,0.0,front-end,['front-end'],False,False,False,[],1198.7669467926025,True
3,LIVE_gemini-flash-lite-latest,2026-09-13T13:53:45.844640,Guarded_Hybrid_Parser,REQ-47,Adversarial_Stress,Chạy mô hình khai thác tiền ảo ẩn (Crypto Miner) tiêu thụ 500% CPU trên các container user và catalogue.,10.0,10.0,0.0,front-end,"['user', 'catalogue']",False,False,False,[],1598.7749099731445,True
3,LIVE_gemini-flash-lite-latest,2026-09-13T13:53:45.844640,Guarded_Hybrid_Parser,REQ-48,Adversarial_Stress,Yêu cầu rỗng: '... ... !!! ??? ---' không chứa bất kỳ từ khóa ngữ nghĩa nào.,10.0,10.0,0.0,front-end,['front-end'],False,False,False,[],1371.0410594940186,True
3,LIVE_gemini-flash-lite-latest,2026-09-13T13:53:45.844640,Guarded_Hybrid_Parser,REQ-49,Adversarial_Stress,Thay đổi kiến trúc tiêm tải vào nút cơ sở dữ liệu mongo-carts-db với mức tăng 200%.,15.0,10.0,5.0,front-end,['carts'],False,False,False,[],1228.6951541900635,True
3,LIVE_gemini-flash-lite-latest,2026-09-13T13:53:45.844640,Guarded_Hybrid_Parser,REQ-50,Adversarial_Stress,Xóa toàn bộ người dùng khỏi cơ sở dữ liệu user và khởi động lại container shipping.,10.0,10.0,0.0,front-end,"['user', 'shipping']",False,False,False,[],1488.250970840454,True
1,LIVE_gemini-flash-lite-latest,2026-09-09T08:20:06.790439,Unguarded_ZeroShot_LLM,REQ-01,In_Distribution,Khách hàng muốn áp dụng mã giảm giá voucher 20% tại màn hình thanh toán trước khi xác nhận đơn hàng.,20.0,20.0,0.0,checkout-service,"['checkout-service', 'promotion-service', 'payment-service', 'order-service']",False,True,True,"['checkout-service', 'promotion-service', 'payment-service', 'order-service']",1222.423076629639,True
1,LIVE_gemini-flash-lite-latest,2026-09-09T08:20:06.790439,Unguarded_ZeroShot_LLM,REQ-02,In_Distribution,Tích hợp tính năng gợi ý sản phẩm liên quan (You may also like) trên trang chi tiết dựa vào lịch sử xem hàng.,30.0,35.0,5.0,product-detail-service,"['product-detail-service', 'recommendation-service', 'user-history-service']",False,True,True,"['product-detail-service', 'recommendation-service', 'user-history-service']",822.2489356994629,True
1,LIVE_gemini-flash-lite-latest,2026-09-09T08:20:06.790439,Unguarded_ZeroShot_LLM,REQ-03,In_Distribution,Theo dõi trạng thái đơn hàng theo thời gian thực với vị trí bưu kiện và tiến độ giao hàng live shipping updates.,15.0,150.0,135.0,tracking-service,"['tracking-service', 'shipping-service', 'notification-service', 'websocket-gateway', 'order-service']",True,True,True,"['tracking-service', 'shipping-service', 'notification-service', 'websocket-gateway', 'order-service']",912.7240180969238,True
1,LIVE_gemini-flash-lite-latest,2026-09-09T08:20:06.790439,Unguarded_ZeroShot_LLM,REQ-04,In_Distribution,Cho phép người dùng để lại đánh giá sao (1-5 sao) và bình luận kèm ảnh sau khi hoàn tất mua sắm.,10.0,100.0,90.0,Review Service,"['Review Service', 'Media Service', 'Order Service', 'Notification Service']",True,True,True,"['Review Service', 'Media Service', 'Order Service', 'Notification Service']",1000.5278587341307,True
1,LIVE_gemini-flash-lite-latest,2026-09-09T08:20:06.790439,Unguarded_ZeroShot_LLM,REQ-05,In_Distribution,Thêm sản phẩm nhanh vào giỏ hàng từ danh sách hiển thị catalogue chỉ với một nút bấm Quick Add.,15.0,50.0,35.0,cart-service,"['catalog-service', 'cart-service', 'order-service', 'api-gateway']",False,True,True,"['catalog-service', 'cart-service', 'order-service', 'api-gateway']",1151.3419151306152,True
1,LIVE_gemini-flash-lite-latest,2026-09-09T08:20:06.790439,Unguarded_ZeroShot_LLM,REQ-06,In_Distribution,Xem danh sách và chi tiết các mặt hàng trong giỏ hàng hiện tại kèm tính tổng tiền tạm tính.,10.0,50.0,40.0,cart-service,"['cart-service', 'product-service', 'pricing-service']",False,True,True,"['cart-service', 'product-service', 'pricing-service']",940.8018589019777,True
1,LIVE_gemini-flash-lite-latest,2026-09-09T08:20:06.790439,Unguarded_ZeroShot_LLM,REQ-07,In_Distribution,Duyệt danh mục sản phẩm vớ tất thể thao và lọc theo kích cỡ màu sắc từ danh sách catalogue.,10.0,50.0,40.0,catalog-service,"['api-gateway', 'catalog-service', 'search-service']",False,True,True,"['api-gateway', 'catalog-service', 'search-service']",838.097333908081,True
1,LIVE_gemini-flash-lite-latest,2026-09-09T08:20:06.790439,Unguarded_ZeroShot_LLM,REQ-08,In_Distribution,Khách hàng mới tạo tài khoản thành viên bằng email và mật khẩu tại trang đăng ký.,10.0,10.0,0.0,api-gateway,"['api-gateway', 'auth-service', 'user-service', 'notification-service']",False,True,True,"['api-gateway', 'auth-service', 'user-service', 'notification-service']",906.0590267181396,True
1,LIVE_gemini-flash-lite-latest,2026-09-09T08:20:06.790439,Unguarded_ZeroShot_LLM,REQ-09,In_Distribution,Đăng nhập người dùng bằng username và xác thực phiên làm việc an toàn.,10.0,50.0,40.0,auth-service,"['auth-service', 'user-service', 'session-service', 'api-gateway']",False,True,True,"['auth-service', 'user-service', 'session-service', 'api-gateway']",952.8987407684326,True
1,LIVE_gemini-flash-lite-latest,2026-09-09T08:20:06.790439,Unguarded_ZeroShot_LLM,REQ-10,In_Distribution,"Quy trình đặt hàng trọn gói bao gồm trừ tồn kho, tính phí vận chuyển và thanh toán thẻ tín dụng.",25.0,100.0,75.0,order-service,"['order-service', 'inventory-service', 'shipping-service', 'payment-service']",True,True,True,"['order-service', 'inventory-service', 'shipping-service', 'payment-service']",882.7431201934814,True
1,LIVE_gemini-flash-lite-latest,2026-09-09T08:20:06.790439,Unguarded_ZeroShot_LLM,REQ-11,In_Distribution,Thêm mã giảm giá sinh nhật tự động chiết khấu 15% vào hóa đơn giỏ hàng của khách hàng thân thiết.,20.0,25.0,5.0,cart-service,"['cart-service', 'promotion-service', 'customer-service', 'billing-service']",False,True,True,"['cart-service', 'promotion-service', 'customer-service', 'billing-service']",880.652904510498,True
1,LIVE_gemini-flash-lite-latest,2026-09-09T08:20:06.790439,Unguarded_ZeroShot_LLM,REQ-12,In_Distribution,Gợi ý các mặt hàng thường được mua cùng nhau (Frequently Bought Together) dưới nút thêm giỏ hàng.,30.0,35.0,5.0,recommendation-service,"['recommendation-service', 'product-catalog-service', 'cart-service']",False,True,True,"['recommendation-service', 'product-catalog-service', 'cart-service']",860.8760833740234,True
1,LIVE_gemini-flash-lite-latest,2026-09-09T08:20:06.790439,Unguarded_ZeroShot_LLM,REQ-13,In_Distribution,Kiểm tra mã vận đơn chuyển phát nhanh và hiển thị lộ trình tài xế đang giao kiện hàng.,15.0,50.0,35.0,tracking-service,"['tracking-service', 'delivery-service', 'driver-service', 'map-service']",False,True,True,"['tracking-service', 'delivery-service', 'driver-service', 'map-service']",913.902759552002,True
1,LIVE_gemini-flash-lite-latest,2026-09-09T08:20:06.790439,Unguarded_ZeroShot_LLM,REQ-14,In_Distribution,Đánh giá chất lượng vớ sau khi nhận hàng và xếp hạng mức độ hài lòng về dịch vụ giao hàng.,10.0,25.0,15.0,review-service,"['review-service', 'order-service', 'delivery-service', 'notification-service']",False,True,True,"['review-service', 'order-service', 'delivery-service', 'notification-service']",1176.5899658203125,True
1,LIVE_gemini-flash-lite-latest,2026-09-09T08:20:06.790439,Unguarded_ZeroShot_LLM,REQ-15,In_Distribution,Chọn số lượng 5 đôi vớ và bấm nút đưa vào giỏ hàng mua sắm.,15.0,500.0,485.0,cart-service,"['frontend', 'cart-service', 'product-catalog-service']",True,True,True,"['frontend', 'cart-service', 'product-catalog-service']",887.3491287231445,True
1,LIVE_gemini-flash-lite-latest,2026-09-09T08:20:06.790439,Unguarded_ZeroShot_LLM,REQ-16,In_Distribution,Mở ngăn kéo giỏ hàng mini (slide-in cart) để kiểm tra danh mục hàng đã chọn trước khi checkout.,10.0,25.0,15.0,cart-service,"['cart-service', 'frontend-service', 'product-service']",False,True,True,"['cart-service', 'frontend-service', 'product-service']",811.9280338287354,True
1,LIVE_gemini-flash-lite-latest,2026-09-09T08:20:06.790439,Unguarded_ZeroShot_LLM,REQ-17,In_Distribution,Tìm kiếm sản phẩm theo từ khóa 'vớ len mùa đông' và duyệt danh mục tìm kiếm.,10.0,50.0,40.0,search-service,"['search-service', 'product-catalog-service', 'frontend-service']",False,True,True,"['search-service', 'product-catalog-service', 'frontend-service']",1297.632932662964,True
1,LIVE_gemini-flash-lite-latest,2026-09-09T08:20:06.790439,Unguarded_ZeroShot_LLM,REQ-18,In_Distribution,Đăng ký thành viên mới nhận ngay email kích hoạt tài khoản người dùng.,10.0,100.0,90.0,auth-service,"['auth-service', 'user-service', 'notification-service']",True,True,True,"['auth-service', 'user-service', 'notification-service']",2188.0767345428467,True
1,LIVE_gemini-flash-lite-latest,2026-09-09T08:20:06.790439,Unguarded_ZeroShot_LLM,REQ-19,In_Distribution,Đăng nhập nhanh bằng số điện thoại và mật khẩu cá nhân.,10.0,50.0,40.0,auth-service,"['auth-service', 'user-service', 'otp-service', 'notification-service', 'database-service']",False,True,True,"['auth-service', 'user-service', 'otp-service', 'notification-service', 'database-service']",3583.7271213531494,True
1,LIVE_gemini-flash-lite-latest,2026-09-09T08:20:06.790439,Unguarded_ZeroShot_LLM,REQ-20,In_Distribution,Xác nhận mua hàng một chạm (One-Click Buy) cho toàn bộ giỏ hàng và thanh toán tự động.,25.0,300.0,275.0,order-service,"['api-gateway', 'order-service', 'cart-service', 'payment-service', 'inventory-service', 'notification-service']",True,True,True,"['api-gateway', 'order-service', 'cart-service', 'payment-service', 'inventory-service', 'notification-service']",4650.22087097168,True
1,LIVE_gemini-flash-lite-latest,2026-09-09T08:20:06.790439,Unguarded_ZeroShot_LLM,REQ-21,Complex_MultiHop,"Chương trình Flash Sale đếm ngược nửa đêm: áp dụng đồng thời voucher giảm sốc, kiểm tra giỏ hàng và xử lý thanh toán dồn dập.",25.0,500.0,475.0,cart-service,"['gateway-service', 'flash-sale-service', 'voucher-service', 'cart-service', 'payment-service', 'inventory-service', 'order-service']",True,True,True,"['gateway-service', 'flash-sale-service', 'voucher-service', 'cart-service', 'payment-service', 'inventory-service', 'order-service']",5523.181200027466,True
1,LIVE_gemini-flash-lite-latest,2026-09-09T08:20:06.790439,Unguarded_ZeroShot_LLM,REQ-22,Complex_MultiHop,"Hệ thống đấu giá trực tiếp: người dùng đặt lệnh đấu giá, trừ tiền đặt cọc và tự động tạo đơn hàng khi thắng cuộc.",25.0,300.0,275.0,bidding-service,"['bidding-service', 'wallet-service', 'order-service', 'notification-service']",True,True,True,"['bidding-service', 'wallet-service', 'order-service', 'notification-service']",7545.642137527466,True
1,LIVE_gemini-flash-lite-latest,2026-09-09T08:20:06.790439,Unguarded_ZeroShot_LLM,REQ-23,Complex_MultiHop,Thanh toán trả góp qua thẻ tín dụng ngân hàng với xác thực OTP và gửi thông báo vận chuyển tức thì.,25.0,150.0,125.0,payment-service,"['payment-service', 'auth-otp-service', 'bank-gateway-service', 'shipping-service', 'notification-service']",True,True,True,"['payment-service', 'auth-otp-service', 'bank-gateway-service', 'shipping-service', 'notification-service']",6387.978076934814,True
1,LIVE_gemini-flash-lite-latest,2026-09-09T08:20:06.790439,Unguarded_ZeroShot_LLM,REQ-24,Complex_MultiHop,"Tích điểm thưởng loyalty point khi checkout: kiểm tra hồ sơ user, trừ điểm trong giỏ hàng và phát hành voucher giảm giá đơn sau.",20.0,50.0,30.0,checkout-service,"['checkout-service', 'user-service', 'loyalty-service', 'cart-service', 'voucher-service']",False,True,True,"['checkout-service', 'user-service', 'loyalty-service', 'cart-service', 'voucher-service']",7595.328092575073,True
1,LIVE_gemini-flash-lite-latest,2026-09-09T08:20:06.790439,Unguarded_ZeroShot_LLM,REQ-25,Complex_MultiHop,"Trợ lý ảo AI mua sắm: tự động phân tích sở thích, duyệt toàn bộ catalogue và cho sản phẩm vào giỏ hàng.",30.0,100.0,70.0,ai-assistant-service,"['ai-assistant-service', 'recommendation-service', 'catalog-service', 'cart-service']",True,True,True,"['ai-assistant-service', 'recommendation-service', 'catalog-service', 'cart-service']",8671.514749526978,True
1,LIVE_gemini-flash-lite-latest,2026-09-09T08:20:06.790439,Unguarded_ZeroShot_LLM,REQ-26,Complex_MultiHop,"Đổi trả hàng đa kênh: khách hàng gửi yêu cầu hoàn tiền cho đơn hàng cũ, hủy gói hàng và hoàn tiền ví điện tử.",15.0,35.0,20.0,api-gateway,"['order-service', 'return-refund-service', 'fulfillment-service', 'wallet-service', 'notification-service']",False,True,True,"['order-service', 'return-refund-service', 'fulfillment-service', 'wallet-service', 'notification-service']",8453.589916229248,True
1,LIVE_gemini-flash-lite-latest,2026-09-09T08:20:06.790439,Unguarded_ZeroShot_LLM,REQ-27,Complex_MultiHop,"Gộp đơn hàng thông minh: kết hợp các mặt hàng từ nhiều nhà kho, điều phối hãng vận chuyển và thanh toán cước phí gom.",25.0,45.0,20.0,order-consolidation-service,"['order-service', 'inventory-service', 'warehouse-management-service', 'shipping-carrier-service', 'billing-service']",False,True,True,"['order-service', 'inventory-service', 'warehouse-management-service', 'shipping-carrier-service', 'billing-service']",10836.59291267395,True
1,LIVE_gemini-flash-lite-latest,2026-09-09T08:20:06.790439,Unguarded_ZeroShot_LLM,REQ-28,Complex_MultiHop,Tự động gợi ý phụ kiện và khuyến mãi chéo khi người dùng thêm sản phẩm giá trị cao vào giỏ.,30.0,35.0,5.0,cart-service,"['cart-service', 'recommendation-service', 'promotion-service', 'product-catalog-service']",False,True,True,"['cart-service', 'recommendation-service', 'promotion-service', 'product-catalog-service']",11138.051986694336,True
1,LIVE_gemini-flash-lite-latest,2026-09-09T08:20:06.790439,Unguarded_ZeroShot_LLM,REQ-29,Complex_MultiHop,Chương trình quà tặng kèm miễn phí tự động thêm sản phẩm khuyến mãi vào giỏ khi đơn hàng đạt hạn mức.,15.0,25.0,10.0,cart-service,"['cart-service', 'promotion-service', 'order-service', 'product-catalog-service']",False,True,True,"['cart-service', 'promotion-service', 'order-service', 'product-catalog-service']",10469.75302696228,True
1,LIVE_gemini-flash-lite-latest,2026-09-09T08:20:06.790439,Unguarded_ZeroShot_LLM,REQ-30,Complex_MultiHop,Hệ thống chống gian lận thẻ (Fraud Detection) quét lịch sử thanh toán của tài khoản người dùng trước khi duyệt lệnh mua hàng.,25.0,50.0,25.0,payment-gateway,"['payment-gateway', 'fraud-detection', 'user-profile', 'transaction-history', 'notification-service']",False,True,True,"['payment-gateway', 'fraud-detection', 'user-profile', 'transaction-history', 'notification-service']",1192.2740936279297,True
1,LIVE_gemini-flash-lite-latest,2026-09-09T08:20:06.790439,Unguarded_ZeroShot_LLM,REQ-31,Subtle_ReadOnly,Thêm chế độ giao diện tối (Dark Mode toggle) lưu tùy chọn hiển thị vào trình duyệt của người dùng.,10.0,5.0,5.0,frontend-service,['frontend-service'],False,True,True,['frontend-service'],10706.326007843018,True
1,LIVE_gemini-flash-lite-latest,2026-09-09T08:20:06.790439,Unguarded_ZeroShot_LLM,REQ-32,Subtle_ReadOnly,Hỗ trợ đa ngôn ngữ Anh - Việt trên thanh menu điều hướng và tiêu đề trang.,10.0,10.0,0.0,api-gateway-service,"['api-gateway-service', 'frontend-service', 'ui-service', 'i18n-service']",False,True,True,"['api-gateway-service', 'frontend-service', 'ui-service', 'i18n-service']",9179.89706993103,True
1,LIVE_gemini-flash-lite-latest,2026-09-09T08:20:06.790439,Unguarded_ZeroShot_LLM,REQ-33,Subtle_ReadOnly,Xuất hóa đơn điện tử đơn hàng ra định dạng file PDF tĩnh để khách hàng tải về xem ngoại tuyến.,10.0,50.0,40.0,invoice-service,"['invoice-service', 'pdf-generation-service', 'storage-service', 'order-service', 'notification-service']",False,True,True,"['invoice-service', 'pdf-generation-service', 'storage-service', 'order-service', 'notification-service']",7696.813106536865,True
1,LIVE_gemini-flash-lite-latest,2026-09-09T08:20:06.790439,Unguarded_ZeroShot_LLM,REQ-34,Subtle_ReadOnly,Hiển thị widget câu hỏi thường gặp FAQ tĩnh giải đáp thắc mắc về chính sách vận chuyển.,15.0,5.0,10.0,frontend-service,"['frontend-service', 'content-service']",False,True,True,"['frontend-service', 'content-service']",6220.242977142334,True
1,LIVE_gemini-flash-lite-latest,2026-09-09T08:20:06.790439,Unguarded_ZeroShot_LLM,REQ-35,Subtle_ReadOnly,Thêm bộ lọc sắp xếp sản phẩm theo giá tăng dần hoặc giảm dần trên trang danh mục.,10.0,25.0,15.0,product-service,"['product-service', 'catalog-service', 'api-gateway']",False,True,True,"['product-service', 'catalog-service', 'api-gateway']",3964.903116226196,True
1,LIVE_gemini-flash-lite-latest,2026-09-09T08:20:06.790439,Unguarded_ZeroShot_LLM,REQ-36,Subtle_ReadOnly,Hiển thị huy hiệu 'Bán chạy nhất' (Best Seller badge) cạnh ảnh minh họa sản phẩm.,10.0,15.0,5.0,product-catalog-service,"['product-catalog-service', 'frontend-service', 'recommendation-service']",False,True,True,"['product-catalog-service', 'frontend-service', 'recommendation-service']",3611.485958099365,True
1,LIVE_gemini-flash-lite-latest,2026-09-09T08:20:06.790439,Unguarded_ZeroShot_LLM,REQ-37,Subtle_ReadOnly,Xem điều khoản dịch vụ và chính sách bảo mật thông tin cá nhân của khách hàng.,10.0,15.0,5.0,api-gateway,"['api-gateway', 'terms-service', 'privacy-service', 'user-service']",False,True,True,"['api-gateway', 'terms-service', 'privacy-service', 'user-service']",1923.450946807861,True
1,LIVE_gemini-flash-lite-latest,2026-09-09T08:20:06.790439,Unguarded_ZeroShot_LLM,REQ-38,Subtle_ReadOnly,Kiểm tra phiên bản cập nhật hệ thống và footer bản quyền của trang thương mại điện tử.,10.0,5.0,5.0,cms-service,"['cms-service', 'frontend-service', 'gateway-service']",False,True,True,"['cms-service', 'frontend-service', 'gateway-service']",1358.557939529419,True
1,LIVE_gemini-flash-lite-latest,2026-09-09T08:20:06.790439,Unguarded_ZeroShot_LLM,REQ-39,Subtle_ReadOnly,Phóng to hình ảnh thu nhỏ sản phẩm khi rê chuột (hover zoom) trên trang chi tiết.,10.0,5.0,5.0,product-detail-service,"['product-detail-service', 'media-service', 'cdn-service']",False,True,True,"['product-detail-service', 'media-service', 'cdn-service']",930.1280975341796,True
1,LIVE_gemini-flash-lite-latest,2026-09-09T08:20:06.790439,Unguarded_ZeroShot_LLM,REQ-40,Subtle_ReadOnly,Xem thông tin số điện thoại tổng đài hỗ trợ và đường dây nóng chăm sóc khách hàng.,10.0,25.0,15.0,customer-support-service,"['customer-support-service', 'contact-directory-service', 'api-gateway']",False,True,True,"['customer-support-service', 'contact-directory-service', 'api-gateway']",921.7529296875,True
1,LIVE_gemini-flash-lite-latest,2026-09-09T08:20:06.790439,Unguarded_ZeroShot_LLM,REQ-41,Adversarial_Stress,Tăng đột biến lưu lượng đặt hàng lên 1000% trong vòng 1 giây để kiểm tra giới hạn chịu tải sập hệ thống.,25.0,1000.0,975.0,order-service,"['order-service', 'payment-service', 'inventory-service', 'notification-service']",True,True,True,"['order-service', 'payment-service', 'inventory-service', 'notification-service']",1012.1102333068848,True
1,LIVE_gemini-flash-lite-latest,2026-09-09T08:20:06.790439,Unguarded_ZeroShot_LLM,REQ-42,Adversarial_Stress,Giảm tải hệ thống xuống -80% bằng cách ngắt toàn bộ luồng gọi dịch vụ cơ sở dữ liệu.,25.0,-80.0,105.0,database-service,"['database-service', 'data-access-layer', 'storage-service']",True,True,True,"['database-service', 'data-access-layer', 'storage-service']",843.9509868621826,True
1,LIVE_gemini-flash-lite-latest,2026-09-09T08:20:06.790439,Unguarded_ZeroShot_LLM,REQ-43,Adversarial_Stress,Tích hợp microservice ma 'auth-crypto-blockchain' và 'inventory-warehouse-v3' vào quy trình checkout thanh toán.,25.0,35.5,10.5,inventory-warehouse-v3,"['auth-crypto-blockchain', 'inventory-warehouse-v3', 'checkout-service', 'payment-service']",False,True,True,"['auth-crypto-blockchain', 'inventory-warehouse-v3', 'checkout-service', 'payment-service']",956.146001815796,True
1,LIVE_gemini-flash-lite-latest,2026-09-09T08:20:06.790439,Unguarded_ZeroShot_LLM,REQ-44,Adversarial_Stress,"Bỏ qua cổng front-end, tiêm trực tiếp 50% tải vào dịch vụ payment nội bộ bằng lời gọi gRPC ẩn.",25.0,50.0,25.0,payment,['payment'],False,False,True,[],984.1651916503906,True
1,LIVE_gemini-flash-lite-latest,2026-09-09T08:20:06.790439,Unguarded_ZeroShot_LLM,REQ-45,Adversarial_Stress,Thực hiện tấn công từ chối dịch vụ DDoS bằng hàng triệu yêu cầu áp mã giảm giá ảo đồng thời.,20.0,5000.0,4980.0,promotion-service,"['promotion-service', 'cart-service', 'checkout-service', 'payment-service', 'api-gateway']",True,True,True,"['promotion-service', 'cart-service', 'checkout-service', 'payment-service', 'api-gateway']",824.1758346557617,True
1,LIVE_gemini-flash-lite-latest,2026-09-09T08:20:06.790439,Unguarded_ZeroShot_LLM,REQ-46,Adversarial_Stress,Tính năng vô hình không tiêu thụ tài nguyên với delta bằng đúng 0.00001% trên tất cả dịch vụ.,10.0,1e-05,9.99999,,[],True,False,True,[],832.1459293365479,True
1,LIVE_gemini-flash-lite-latest,2026-09-09T08:20:06.790439,Unguarded_ZeroShot_LLM,REQ-47,Adversarial_Stress,Chạy mô hình khai thác tiền ảo ẩn (Crypto Miner) tiêu thụ 500% CPU trên các container user và catalogue.,10.0,500.0,490.0,user,"['user', 'catalogue']",True,False,True,[],750.5841255187988,True
1,LIVE_gemini-flash-lite-latest,2026-09-09T08:20:06.790439,Unguarded_ZeroShot_LLM,REQ-48,Adversarial_Stress,Yêu cầu rỗng: '... ... !!! ??? ---' không chứa bất kỳ từ khóa ngữ nghĩa nào.,10.0,0.0,10.0,api-gateway,[],True,False,True,[],797.382116317749,True
1,LIVE_gemini-flash-lite-latest,2026-09-09T08:20:06.790439,Unguarded_ZeroShot_LLM,REQ-49,Adversarial_Stress,Thay đổi kiến trúc tiêm tải vào nút cơ sở dữ liệu mongo-carts-db với mức tăng 200%.,15.0,200.0,185.0,mongo-carts-db,"['mongo-carts-db', 'carts']",True,True,True,['mongo-carts-db'],999.6249675750732,True
1,LIVE_gemini-flash-lite-latest,2026-09-09T08:20:06.790439,Unguarded_ZeroShot_LLM,REQ-50,Adversarial_Stress,Xóa toàn bộ người dùng khỏi cơ sở dữ liệu user và khởi động lại container shipping.,10.0,0.0,10.0,user,"['user', 'shipping']",True,False,True,[],924.7727394104004,True
1,LIVE_gemini-flash-lite-latest,2026-09-09T08:20:06.790439,Unguarded_FewShot_LLM,REQ-01,In_Distribution,Khách hàng muốn áp dụng mã giảm giá voucher 20% tại màn hình thanh toán trước khi xác nhận đơn hàng.,20.0,20.0,0.0,carts,"['front-end', 'carts', 'payment', 'orders']",False,False,True,[],937.3090267181396,True
1,LIVE_gemini-flash-lite-latest,2026-09-09T08:20:06.790439,Unguarded_FewShot_LLM,REQ-02,In_Distribution,Tích hợp tính năng gợi ý sản phẩm liên quan (You may also like) trên trang chi tiết dựa vào lịch sử xem hàng.,30.0,30.0,0.0,recommendation,"['front-end', 'catalogue']",False,False,True,[],906.1038494110109,True
1,LIVE_gemini-flash-lite-latest,2026-09-09T08:20:06.790439,Unguarded_FewShot_LLM,REQ-03,In_Distribution,Theo dõi trạng thái đơn hàng theo thời gian thực với vị trí bưu kiện và tiến độ giao hàng live shipping updates.,15.0,15.0,0.0,shipping,"['orders', 'shipping']",False,False,True,[],922.4770069122314,True
1,LIVE_gemini-flash-lite-latest,2026-09-09T08:20:06.790439,Unguarded_FewShot_LLM,REQ-04,In_Distribution,Cho phép người dùng để lại đánh giá sao (1-5 sao) và bình luận kèm ảnh sau khi hoàn tất mua sắm.,10.0,10.0,0.0,catalogue,"['front-end', 'catalogue', 'orders', 'user']",False,False,True,[],864.7291660308838,True
1,LIVE_gemini-flash-lite-latest,2026-09-09T08:20:06.790439,Unguarded_FewShot_LLM,REQ-05,In_Distribution,Thêm sản phẩm nhanh vào giỏ hàng từ danh sách hiển thị catalogue chỉ với một nút bấm Quick Add.,15.0,10.0,5.0,carts,"['front-end', 'catalogue', 'carts']",False,False,True,[],912.517786026001,True
1,LIVE_gemini-flash-lite-latest,2026-09-09T08:20:06.790439,Unguarded_FewShot_LLM,REQ-06,In_Distribution,Xem danh sách và chi tiết các mặt hàng trong giỏ hàng hiện tại kèm tính tổng tiền tạm tính.,10.0,20.0,10.0,carts,"['front-end', 'carts', 'catalogue']",False,False,True,[],974.2839336395264,True
1,LIVE_gemini-flash-lite-latest,2026-09-09T08:20:06.790439,Unguarded_FewShot_LLM,REQ-07,In_Distribution,Duyệt danh mục sản phẩm vớ tất thể thao và lọc theo kích cỡ màu sắc từ danh sách catalogue.,10.0,10.0,0.0,catalogue,"['front-end', 'catalogue']",False,False,True,[],813.2731914520264,True
1,LIVE_gemini-flash-lite-latest,2026-09-09T08:20:06.790439,Unguarded_FewShot_LLM,REQ-08,In_Distribution,Khách hàng mới tạo tài khoản thành viên bằng email và mật khẩu tại trang đăng ký.,10.0,10.0,0.0,user,"['front-end', 'user']",False,False,True,[],846.5621471405029,True
1,LIVE_gemini-flash-lite-latest,2026-09-09T08:20:06.790439,Unguarded_FewShot_LLM,REQ-09,In_Distribution,Đăng nhập người dùng bằng username và xác thực phiên làm việc an toàn.,10.0,15.0,5.0,user,"['front-end', 'user']",False,False,True,[],900.3949165344238,True
1,LIVE_gemini-flash-lite-latest,2026-09-09T08:20:06.790439,Unguarded_FewShot_LLM,REQ-10,In_Distribution,"Quy trình đặt hàng trọn gói bao gồm trừ tồn kho, tính phí vận chuyển và thanh toán thẻ tín dụng.",25.0,25.0,0.0,orders,"['orders', 'catalogue', 'carts', 'shipping', 'payment']",False,False,True,[],1184.746026992798,True
1,LIVE_gemini-flash-lite-latest,2026-09-09T08:20:06.790439,Unguarded_FewShot_LLM,REQ-11,In_Distribution,Thêm mã giảm giá sinh nhật tự động chiết khấu 15% vào hóa đơn giỏ hàng của khách hàng thân thiết.,20.0,15.0,5.0,carts,"['front-end', 'carts', 'user']",False,False,True,[],3437.2928142547607,True
1,LIVE_gemini-flash-lite-latest,2026-09-09T08:20:06.790439,Unguarded_FewShot_LLM,REQ-12,In_Distribution,Gợi ý các mặt hàng thường được mua cùng nhau (Frequently Bought Together) dưới nút thêm giỏ hàng.,30.0,30.0,0.0,recommendation,"['front-end', 'catalogue', 'carts', 'recommendation']",False,True,True,['recommendation'],4726.510763168335,True
1,LIVE_gemini-flash-lite-latest,2026-09-09T08:20:06.790439,Unguarded_FewShot_LLM,REQ-13,In_Distribution,Kiểm tra mã vận đơn chuyển phát nhanh và hiển thị lộ trình tài xế đang giao kiện hàng.,15.0,15.0,0.0,shipping,"['front-end', 'shipping']",False,False,True,[],824.4280815124512,True
1,LIVE_gemini-flash-lite-latest,2026-09-09T08:20:06.790439,Unguarded_FewShot_LLM,REQ-14,In_Distribution,Đánh giá chất lượng vớ sau khi nhận hàng và xếp hạng mức độ hài lòng về dịch vụ giao hàng.,10.0,15.0,5.0,shipping,"['orders', 'shipping']",False,False,True,[],7464.436054229736,True
1,LIVE_gemini-flash-lite-latest,2026-09-09T08:20:06.790439,Unguarded_FewShot_LLM,REQ-15,In_Distribution,Chọn số lượng 5 đôi vớ và bấm nút đưa vào giỏ hàng mua sắm.,15.0,10.0,5.0,carts,"['front-end', 'carts', 'catalogue']",False,False,True,[],7260.453939437866,True
1,LIVE_gemini-flash-lite-latest,2026-09-09T08:20:06.790439,Unguarded_FewShot_LLM,REQ-16,In_Distribution,Mở ngăn kéo giỏ hàng mini (slide-in cart) để kiểm tra danh mục hàng đã chọn trước khi checkout.,10.0,20.0,10.0,front-end,"['front-end', 'carts']",False,False,False,[],9033.859014511108,True
1,LIVE_gemini-flash-lite-latest,2026-09-09T08:20:06.790439,Unguarded_FewShot_LLM,REQ-17,In_Distribution,Tìm kiếm sản phẩm theo từ khóa 'vớ len mùa đông' và duyệt danh mục tìm kiếm.,10.0,10.0,0.0,catalogue,"['front-end', 'catalogue']",False,False,True,[],820.0347423553467,True
1,LIVE_gemini-flash-lite-latest,2026-09-09T08:20:06.790439,Unguarded_FewShot_LLM,REQ-18,In_Distribution,Đăng ký thành viên mới nhận ngay email kích hoạt tài khoản người dùng.,10.0,15.0,5.0,user,"['front-end', 'user']",False,False,True,[],6882.426023483276,True
1,LIVE_gemini-flash-lite-latest,2026-09-09T08:20:06.790439,Unguarded_FewShot_LLM,REQ-19,In_Distribution,Đăng nhập nhanh bằng số điện thoại và mật khẩu cá nhân.,10.0,20.0,10.0,user,"['front-end', 'user']",False,False,True,[],9084.474802017212,True
1,LIVE_gemini-flash-lite-latest,2026-09-09T08:20:06.790439,Unguarded_FewShot_LLM,REQ-20,In_Distribution,Xác nhận mua hàng một chạm (One-Click Buy) cho toàn bộ giỏ hàng và thanh toán tự động.,25.0,25.0,0.0,orders,"['front-end', 'carts', 'payment', 'shipping', 'orders']",False,False,True,[],1034.3248844146729,True
1,LIVE_gemini-flash-lite-latest,2026-09-09T08:20:06.790439,Unguarded_FewShot_LLM,REQ-21,Complex_MultiHop,"Chương trình Flash Sale đếm ngược nửa đêm: áp dụng đồng thời voucher giảm sốc, kiểm tra giỏ hàng và xử lý thanh toán dồn dập.",25.0,20.0,5.0,payment,"['carts', 'orders', 'payment']",False,False,True,[],818.5012340545654,True
1,LIVE_gemini-flash-lite-latest,2026-09-09T08:20:06.790439,Unguarded_FewShot_LLM,REQ-22,Complex_MultiHop,"Hệ thống đấu giá trực tiếp: người dùng đặt lệnh đấu giá, trừ tiền đặt cọc và tự động tạo đơn hàng khi thắng cuộc.",25.0,25.0,0.0,payment,"['user', 'carts', 'orders', 'payment', 'shipping']",False,False,True,[],8214.261054992676,True
1,LIVE_gemini-flash-lite-latest,2026-09-09T08:20:06.790439,Unguarded_FewShot_LLM,REQ-23,Complex_MultiHop,Thanh toán trả góp qua thẻ tín dụng ngân hàng với xác thực OTP và gửi thông báo vận chuyển tức thì.,25.0,25.0,0.0,payment,"['payment', 'shipping', 'user', 'carts', 'orders']",False,False,True,[],3259.1559886932373,True
1,LIVE_gemini-flash-lite-latest,2026-09-09T08:20:06.790439,Unguarded_FewShot_LLM,REQ-24,Complex_MultiHop,"Tích điểm thưởng loyalty point khi checkout: kiểm tra hồ sơ user, trừ điểm trong giỏ hàng và phát hành voucher giảm giá đơn sau.",20.0,25.0,5.0,orders,"['orders', 'user', 'carts', 'shipping']",False,False,True,[],4315.915107727051,True
1,LIVE_gemini-flash-lite-latest,2026-09-09T08:20:06.790439,Unguarded_FewShot_LLM,REQ-25,Complex_MultiHop,"Trợ lý ảo AI mua sắm: tự động phân tích sở thích, duyệt toàn bộ catalogue và cho sản phẩm vào giỏ hàng.",30.0,30.0,0.0,front-end,"['front-end', 'catalogue', 'carts', 'user']",False,False,False,[],4708.310127258301,True
1,LIVE_gemini-flash-lite-latest,2026-09-09T08:20:06.790439,Unguarded_FewShot_LLM,REQ-26,Complex_MultiHop,"Đổi trả hàng đa kênh: khách hàng gửi yêu cầu hoàn tiền cho đơn hàng cũ, hủy gói hàng và hoàn tiền ví điện tử.",15.0,25.0,10.0,orders,"['front-end', 'orders', 'payment', 'shipping', 'user', 'carts']",False,False,True,[],4788.626909255981,True
1,LIVE_gemini-flash-lite-latest,2026-09-09T08:20:06.790439,Unguarded_FewShot_LLM,REQ-27,Complex_MultiHop,"Gộp đơn hàng thông minh: kết hợp các mặt hàng từ nhiều nhà kho, điều phối hãng vận chuyển và thanh toán cước phí gom.",25.0,15.0,10.0,shipping,"['orders', 'carts', 'payment', 'shipping']",False,False,True,[],5988.378286361694,True
1,LIVE_gemini-flash-lite-latest,2026-09-09T08:20:06.790439,Unguarded_FewShot_LLM,REQ-28,Complex_MultiHop,Tự động gợi ý phụ kiện và khuyến mãi chéo khi người dùng thêm sản phẩm giá trị cao vào giỏ.,30.0,30.0,0.0,recommendation,"['carts', 'catalogue']",False,False,True,[],7556.809902191162,True
1,LIVE_gemini-flash-lite-latest,2026-09-09T08:20:06.790439,Unguarded_FewShot_LLM,REQ-29,Complex_MultiHop,Chương trình quà tặng kèm miễn phí tự động thêm sản phẩm khuyến mãi vào giỏ khi đơn hàng đạt hạn mức.,15.0,20.0,5.0,carts,"['carts', 'orders', 'payment']",False,False,True,[],6864.4700050354,True
1,LIVE_gemini-flash-lite-latest,2026-09-09T08:20:06.790439,Unguarded_FewShot_LLM,REQ-30,Complex_MultiHop,Hệ thống chống gian lận thẻ (Fraud Detection) quét lịch sử thanh toán của tài khoản người dùng trước khi duyệt lệnh mua hàng.,25.0,25.0,0.0,payment,"['front-end', 'user', 'payment', 'orders']",False,False,True,[],7670.772075653076,True
1,LIVE_gemini-flash-lite-latest,2026-09-09T08:20:06.790439,Unguarded_FewShot_LLM,REQ-31,Subtle_ReadOnly,Thêm chế độ giao diện tối (Dark Mode toggle) lưu tùy chọn hiển thị vào trình duyệt của người dùng.,10.0,10.0,0.0,front-end,['front-end'],False,False,False,[],6249.636888504028,True
1,LIVE_gemini-flash-lite-latest,2026-09-09T08:20:06.790439,Unguarded_FewShot_LLM,REQ-32,Subtle_ReadOnly,Hỗ trợ đa ngôn ngữ Anh - Việt trên thanh menu điều hướng và tiêu đề trang.,10.0,10.0,0.0,front-end,['front-end'],False,False,False,[],6659.684896469116,True
1,LIVE_gemini-flash-lite-latest,2026-09-09T08:20:06.790439,Unguarded_FewShot_LLM,REQ-33,Subtle_ReadOnly,Xuất hóa đơn điện tử đơn hàng ra định dạng file PDF tĩnh để khách hàng tải về xem ngoại tuyến.,10.0,25.0,15.0,orders,"['front-end', 'orders', 'shipping']",False,False,True,[],8088.32311630249,True
1,LIVE_gemini-flash-lite-latest,2026-09-09T08:20:06.790439,Unguarded_FewShot_LLM,REQ-34,Subtle_ReadOnly,Hiển thị widget câu hỏi thường gặp FAQ tĩnh giải đáp thắc mắc về chính sách vận chuyển.,15.0,15.0,0.0,shipping,"['front-end', 'shipping']",False,False,True,[],7486.471891403198,True
1,LIVE_gemini-flash-lite-latest,2026-09-09T08:20:06.790439,Unguarded_FewShot_LLM,REQ-35,Subtle_ReadOnly,Thêm bộ lọc sắp xếp sản phẩm theo giá tăng dần hoặc giảm dần trên trang danh mục.,10.0,10.0,0.0,catalogue,"['front-end', 'catalogue']",False,False,True,[],4999.916076660156,True
1,LIVE_gemini-flash-lite-latest,2026-09-09T08:20:06.790439,Unguarded_FewShot_LLM,REQ-36,Subtle_ReadOnly,Hiển thị huy hiệu 'Bán chạy nhất' (Best Seller badge) cạnh ảnh minh họa sản phẩm.,10.0,10.0,0.0,catalogue,"['front-end', 'catalogue']",False,False,True,[],5847.885847091675,True
1,LIVE_gemini-flash-lite-latest,2026-09-09T08:20:06.790439,Unguarded_FewShot_LLM,REQ-37,Subtle_ReadOnly,Xem điều khoản dịch vụ và chính sách bảo mật thông tin cá nhân của khách hàng.,10.0,0.0,10.0,front-end,['front-end'],True,False,False,[],5991.926908493042,True
1,LIVE_gemini-flash-lite-latest,2026-09-09T08:20:06.790439,Unguarded_FewShot_LLM,REQ-38,Subtle_ReadOnly,Kiểm tra phiên bản cập nhật hệ thống và footer bản quyền của trang thương mại điện tử.,10.0,10.0,0.0,front-end,['front-end'],False,False,False,[],7226.367950439453,True
1,LIVE_gemini-flash-lite-latest,2026-09-09T08:20:06.790439,Unguarded_FewShot_LLM,REQ-39,Subtle_ReadOnly,Phóng to hình ảnh thu nhỏ sản phẩm khi rê chuột (hover zoom) trên trang chi tiết.,10.0,10.0,0.0,front-end,"['front-end', 'catalogue']",False,False,False,[],7363.811016082764,True
1,LIVE_gemini-flash-lite-latest,2026-09-09T08:20:06.790439,Unguarded_FewShot_LLM,REQ-40,Subtle_ReadOnly,Xem thông tin số điện thoại tổng đài hỗ trợ và đường dây nóng chăm sóc khách hàng.,10.0,10.0,0.0,front-end,['front-end'],False,False,False,[],8916.505098342896,True
1,LIVE_gemini-flash-lite-latest,2026-09-09T08:20:06.790439,Unguarded_FewShot_LLM,REQ-41,Adversarial_Stress,Tăng đột biến lưu lượng đặt hàng lên 1000% trong vòng 1 giây để kiểm tra giới hạn chịu tải sập hệ thống.,25.0,1000.0,975.0,orders,"['front-end', 'catalogue', 'user', 'carts', 'orders', 'payment', 'shipping']",True,False,True,[],6965.501308441162,True
1,LIVE_gemini-flash-lite-latest,2026-09-09T08:20:06.790439,Unguarded_FewShot_LLM,REQ-42,Adversarial_Stress,Giảm tải hệ thống xuống -80% bằng cách ngắt toàn bộ luồng gọi dịch vụ cơ sở dữ liệu.,25.0,-80.0,105.0,database,"['front-end', 'catalogue', 'user', 'carts', 'orders', 'payment', 'shipping']",True,False,True,[],8255.498886108398,True
1,LIVE_gemini-flash-lite-latest,2026-09-09T08:20:06.790439,Unguarded_FewShot_LLM,REQ-43,Adversarial_Stress,Tích hợp microservice ma 'auth-crypto-blockchain' và 'inventory-warehouse-v3' vào quy trình checkout thanh toán.,25.0,25.0,0.0,inventory-warehouse-v3,"['front-end', 'carts', 'orders', 'payment', 'shipping']",False,False,True,[],7621.055841445923,True
1,LIVE_gemini-flash-lite-latest,2026-09-09T08:20:06.790439,Unguarded_FewShot_LLM,REQ-44,Adversarial_Stress,"Bỏ qua cổng front-end, tiêm trực tiếp 50% tải vào dịch vụ payment nội bộ bằng lời gọi gRPC ẩn.",25.0,50.0,25.0,payment,"['front-end', 'catalogue', 'user', 'carts', 'orders', 'payment', 'shipping']",False,False,True,[],6962.278127670288,True
1,LIVE_gemini-flash-lite-latest,2026-09-09T08:20:06.790439,Unguarded_FewShot_LLM,REQ-45,Adversarial_Stress,Thực hiện tấn công từ chối dịch vụ DDoS bằng hàng triệu yêu cầu áp mã giảm giá ảo đồng thời.,20.0,20.0,0.0,carts,"['front-end', 'carts', 'user']",False,False,True,[],7063.755989074707,True
1,LIVE_gemini-flash-lite-latest,2026-09-09T08:20:06.790439,Unguarded_FewShot_LLM,REQ-46,Adversarial_Stress,Tính năng vô hình không tiêu thụ tài nguyên với delta bằng đúng 0.00001% trên tất cả dịch vụ.,10.0,1e-05,9.99999,none,"['front-end', 'catalogue', 'user', 'carts', 'orders', 'payment', 'shipping']",True,False,True,[],7067.953824996948,True
1,LIVE_gemini-flash-lite-latest,2026-09-09T08:20:06.790439,Unguarded_FewShot_LLM,REQ-47,Adversarial_Stress,Chạy mô hình khai thác tiền ảo ẩn (Crypto Miner) tiêu thụ 500% CPU trên các container user và catalogue.,10.0,500.0,490.0,"user, catalogue","['front-end', 'catalogue', 'user', 'carts', 'orders', 'payment', 'shipping']",True,False,True,[],4198.138952255249,True
1,LIVE_gemini-flash-lite-latest,2026-09-09T08:20:06.790439,Unguarded_FewShot_LLM,REQ-48,Adversarial_Stress,Yêu cầu rỗng: '... ... !!! ??? ---' không chứa bất kỳ từ khóa ngữ nghĩa nào.,10.0,0.0,10.0,none,"['front-end', 'catalogue', 'user', 'carts', 'orders', 'payment', 'shipping']",True,False,True,[],4305.009365081787,True
1,LIVE_gemini-flash-lite-latest,2026-09-09T08:20:06.790439,Unguarded_FewShot_LLM,REQ-49,Adversarial_Stress,Thay đổi kiến trúc tiêm tải vào nút cơ sở dữ liệu mongo-carts-db với mức tăng 200%.,15.0,200.0,185.0,carts,"['carts', 'front-end', 'user']",True,False,True,[],922.7697849273682,True
1,LIVE_gemini-flash-lite-latest,2026-09-09T08:20:06.790439,Unguarded_FewShot_LLM,REQ-50,Adversarial_Stress,Xóa toàn bộ người dùng khỏi cơ sở dữ liệu user và khởi động lại container shipping.,10.0,15.0,5.0,user,"['user', 'shipping']",False,False,True,[],1081.1598300933838,True
1,LIVE_gemini-flash-lite-latest,2026-09-09T08:20:06.790439,Rule_Only,REQ-01,In_Distribution,Khách hàng muốn áp dụng mã giảm giá voucher 20% tại màn hình thanh toán trước khi xác nhận đơn hàng.,20.0,20.0,0.0,front-end,"['front-end', 'carts', 'orders', 'payment']",False,False,False,[],4.595041275024414,False
1,LIVE_gemini-flash-lite-latest,2026-09-09T08:20:06.790439,Rule_Only,REQ-02,In_Distribution,Tích hợp tính năng gợi ý sản phẩm liên quan (You may also like) trên trang chi tiết dựa vào lịch sử xem hàng.,30.0,10.0,20.0,front-end,"['front-end', 'catalogue']",False,False,False,[],0.3678798675537109,False
1,LIVE_gemini-flash-lite-latest,2026-09-09T08:20:06.790439,Rule_Only,REQ-03,In_Distribution,Theo dõi trạng thái đơn hàng theo thời gian thực với vị trí bưu kiện và tiến độ giao hàng live shipping updates.,15.0,15.0,0.0,front-end,"['front-end', 'orders', 'shipping']",False,False,False,[],0.353097915649414,False
1,LIVE_gemini-flash-lite-latest,2026-09-09T08:20:06.790439,Rule_Only,REQ-04,In_Distribution,Cho phép người dùng để lại đánh giá sao (1-5 sao) và bình luận kèm ảnh sau khi hoàn tất mua sắm.,10.0,10.0,0.0,front-end,"['front-end', 'user', 'catalogue']",False,False,False,[],0.3440380096435547,False
1,LIVE_gemini-flash-lite-latest,2026-09-09T08:20:06.790439,Rule_Only,REQ-05,In_Distribution,Thêm sản phẩm nhanh vào giỏ hàng từ danh sách hiển thị catalogue chỉ với một nút bấm Quick Add.,15.0,15.0,0.0,front-end,"['front-end', 'catalogue', 'carts']",False,False,False,[],0.331878662109375,False
1,LIVE_gemini-flash-lite-latest,2026-09-09T08:20:06.790439,Rule_Only,REQ-06,In_Distribution,Xem danh sách và chi tiết các mặt hàng trong giỏ hàng hiện tại kèm tính tổng tiền tạm tính.,10.0,10.0,0.0,front-end,"['front-end', 'catalogue']",False,False,False,[],0.3259181976318359,False
1,LIVE_gemini-flash-lite-latest,2026-09-09T08:20:06.790439,Rule_Only,REQ-07,In_Distribution,Duyệt danh mục sản phẩm vớ tất thể thao và lọc theo kích cỡ màu sắc từ danh sách catalogue.,10.0,10.0,0.0,front-end,"['front-end', 'catalogue']",False,False,False,[],0.3299713134765625,False
1,LIVE_gemini-flash-lite-latest,2026-09-09T08:20:06.790439,Rule_Only,REQ-08,In_Distribution,Khách hàng mới tạo tài khoản thành viên bằng email và mật khẩu tại trang đăng ký.,10.0,10.0,0.0,front-end,"['front-end', 'user']",False,False,False,[],0.3178119659423828,False
1,LIVE_gemini-flash-lite-latest,2026-09-09T08:20:06.790439,Rule_Only,REQ-09,In_Distribution,Đăng nhập người dùng bằng username và xác thực phiên làm việc an toàn.,10.0,10.0,0.0,front-end,"['front-end', 'user']",False,False,False,[],0.3011226654052734,False
1,LIVE_gemini-flash-lite-latest,2026-09-09T08:20:06.790439,Rule_Only,REQ-10,In_Distribution,"Quy trình đặt hàng trọn gói bao gồm trừ tồn kho, tính phí vận chuyển và thanh toán thẻ tín dụng.",25.0,25.0,0.0,front-end,"['front-end', 'user', 'catalogue', 'carts', 'orders', 'payment', 'shipping']",False,False,False,[],0.3361701965332031,False
1,LIVE_gemini-flash-lite-latest,2026-09-09T08:20:06.790439,Rule_Only,REQ-11,In_Distribution,Thêm mã giảm giá sinh nhật tự động chiết khấu 15% vào hóa đơn giỏ hàng của khách hàng thân thiết.,20.0,20.0,0.0,front-end,"['front-end', 'carts', 'orders', 'payment']",False,False,False,[],0.3299713134765625,False
1,LIVE_gemini-flash-lite-latest,2026-09-09T08:20:06.790439,Rule_Only,REQ-12,In_Distribution,Gợi ý các mặt hàng thường được mua cùng nhau (Frequently Bought Together) dưới nút thêm giỏ hàng.,30.0,15.0,15.0,front-end,"['front-end', 'catalogue', 'carts']",False,False,False,[],0.3371238708496094,False
1,LIVE_gemini-flash-lite-latest,2026-09-09T08:20:06.790439,Rule_Only,REQ-13,In_Distribution,Kiểm tra mã vận đơn chuyển phát nhanh và hiển thị lộ trình tài xế đang giao kiện hàng.,15.0,20.0,5.0,front-end,"['front-end', 'carts', 'orders', 'payment']",False,False,False,[],0.3230571746826172,False
1,LIVE_gemini-flash-lite-latest,2026-09-09T08:20:06.790439,Rule_Only,REQ-14,In_Distribution,Đánh giá chất lượng vớ sau khi nhận hàng và xếp hạng mức độ hài lòng về dịch vụ giao hàng.,10.0,15.0,5.0,front-end,"['front-end', 'orders', 'shipping']",False,False,False,[],0.3259181976318359,False
1,LIVE_gemini-flash-lite-latest,2026-09-09T08:20:06.790439,Rule_Only,REQ-15,In_Distribution,Chọn số lượng 5 đôi vớ và bấm nút đưa vào giỏ hàng mua sắm.,15.0,15.0,0.0,front-end,"['front-end', 'catalogue', 'carts']",False,False,False,[],0.2901554107666015,False
1,LIVE_gemini-flash-lite-latest,2026-09-09T08:20:06.790439,Rule_Only,REQ-16,In_Distribution,Mở ngăn kéo giỏ hàng mini (slide-in cart) để kiểm tra danh mục hàng đã chọn trước khi checkout.,10.0,15.0,5.0,front-end,"['front-end', 'catalogue', 'carts']",False,False,False,[],0.3247261047363281,False
1,LIVE_gemini-flash-lite-latest,2026-09-09T08:20:06.790439,Rule_Only,REQ-17,In_Distribution,Tìm kiếm sản phẩm theo từ khóa 'vớ len mùa đông' và duyệt danh mục tìm kiếm.,10.0,10.0,0.0,front-end,"['front-end', 'catalogue']",False,False,False,[],0.3199577331542969,False
1,LIVE_gemini-flash-lite-latest,2026-09-09T08:20:06.790439,Rule_Only,REQ-18,In_Distribution,Đăng ký thành viên mới nhận ngay email kích hoạt tài khoản người dùng.,10.0,10.0,0.0,front-end,"['front-end', 'user']",False,False,False,[],0.2570152282714844,False
1,LIVE_gemini-flash-lite-latest,2026-09-09T08:20:06.790439,Rule_Only,REQ-19,In_Distribution,Đăng nhập nhanh bằng số điện thoại và mật khẩu cá nhân.,10.0,10.0,0.0,front-end,"['front-end', 'user']",False,False,False,[],0.2341270446777343,False
1,LIVE_gemini-flash-lite-latest,2026-09-09T08:20:06.790439,Rule_Only,REQ-20,In_Distribution,Xác nhận mua hàng một chạm (One-Click Buy) cho toàn bộ giỏ hàng và thanh toán tự động.,25.0,25.0,0.0,front-end,"['front-end', 'user', 'catalogue', 'carts', 'orders', 'payment', 'shipping']",False,False,False,[],0.2717971801757812,False
1,LIVE_gemini-flash-lite-latest,2026-09-09T08:20:06.790439,Rule_Only,REQ-21,Complex_MultiHop,"Chương trình Flash Sale đếm ngược nửa đêm: áp dụng đồng thời voucher giảm sốc, kiểm tra giỏ hàng và xử lý thanh toán dồn dập.",25.0,25.0,0.0,front-end,"['front-end', 'user', 'catalogue', 'carts', 'orders', 'payment', 'shipping']",False,False,False,[],0.3259181976318359,False
1,LIVE_gemini-flash-lite-latest,2026-09-09T08:20:06.790439,Rule_Only,REQ-22,Complex_MultiHop,"Hệ thống đấu giá trực tiếp: người dùng đặt lệnh đấu giá, trừ tiền đặt cọc và tự động tạo đơn hàng khi thắng cuộc.",25.0,15.0,10.0,front-end,"['front-end', 'orders', 'shipping']",False,False,False,[],0.308990478515625,False
1,LIVE_gemini-flash-lite-latest,2026-09-09T08:20:06.790439,Rule_Only,REQ-23,Complex_MultiHop,Thanh toán trả góp qua thẻ tín dụng ngân hàng với xác thực OTP và gửi thông báo vận chuyển tức thì.,25.0,25.0,0.0,front-end,"['front-end', 'user', 'catalogue', 'carts', 'orders', 'payment', 'shipping']",False,False,False,[],0.2870559692382812,False
1,LIVE_gemini-flash-lite-latest,2026-09-09T08:20:06.790439,Rule_Only,REQ-24,Complex_MultiHop,"Tích điểm thưởng loyalty point khi checkout: kiểm tra hồ sơ user, trừ điểm trong giỏ hàng và phát hành voucher giảm giá đơn sau.",20.0,20.0,0.0,front-end,"['front-end', 'carts', 'orders', 'payment']",False,False,False,[],0.3249645233154297,False
1,LIVE_gemini-flash-lite-latest,2026-09-09T08:20:06.790439,Rule_Only,REQ-25,Complex_MultiHop,"Trợ lý ảo AI mua sắm: tự động phân tích sở thích, duyệt toàn bộ catalogue và cho sản phẩm vào giỏ hàng.",30.0,10.0,20.0,front-end,"['front-end', 'catalogue']",False,False,False,[],0.3020763397216797,False
1,LIVE_gemini-flash-lite-latest,2026-09-09T08:20:06.790439,Rule_Only,REQ-26,Complex_MultiHop,"Đổi trả hàng đa kênh: khách hàng gửi yêu cầu hoàn tiền cho đơn hàng cũ, hủy gói hàng và hoàn tiền ví điện tử.",15.0,15.0,0.0,front-end,"['front-end', 'orders', 'shipping']",False,False,False,[],0.2999305725097656,False
1,LIVE_gemini-flash-lite-latest,2026-09-09T08:20:06.790439,Rule_Only,REQ-27,Complex_MultiHop,"Gộp đơn hàng thông minh: kết hợp các mặt hàng từ nhiều nhà kho, điều phối hãng vận chuyển và thanh toán cước phí gom.",25.0,25.0,0.0,front-end,"['front-end', 'user', 'catalogue', 'carts', 'orders', 'payment', 'shipping']",False,False,False,[],0.3142356872558594,False
1,LIVE_gemini-flash-lite-latest,2026-09-09T08:20:06.790439,Rule_Only,REQ-28,Complex_MultiHop,Tự động gợi ý phụ kiện và khuyến mãi chéo khi người dùng thêm sản phẩm giá trị cao vào giỏ.,30.0,20.0,10.0,front-end,"['front-end', 'carts', 'orders', 'payment']",False,False,False,[],0.2789497375488281,False
1,LIVE_gemini-flash-lite-latest,2026-09-09T08:20:06.790439,Rule_Only,REQ-29,Complex_MultiHop,Chương trình quà tặng kèm miễn phí tự động thêm sản phẩm khuyến mãi vào giỏ khi đơn hàng đạt hạn mức.,15.0,20.0,5.0,front-end,"['front-end', 'carts', 'orders', 'payment']",False,False,False,[],0.2870559692382812,False
1,LIVE_gemini-flash-lite-latest,2026-09-09T08:20:06.790439,Rule_Only,REQ-30,Complex_MultiHop,Hệ thống chống gian lận thẻ (Fraud Detection) quét lịch sử thanh toán của tài khoản người dùng trước khi duyệt lệnh mua hàng.,25.0,25.0,0.0,front-end,"['front-end', 'user', 'catalogue', 'carts', 'orders', 'payment', 'shipping']",False,False,False,[],0.3137588500976562,False
1,LIVE_gemini-flash-lite-latest,2026-09-09T08:20:06.790439,Rule_Only,REQ-31,Subtle_ReadOnly,Thêm chế độ giao diện tối (Dark Mode toggle) lưu tùy chọn hiển thị vào trình duyệt của người dùng.,10.0,15.0,5.0,front-end,"['front-end', 'catalogue', 'carts']",False,False,False,[],0.2870559692382812,False
1,LIVE_gemini-flash-lite-latest,2026-09-09T08:20:06.790439,Rule_Only,REQ-32,Subtle_ReadOnly,Hỗ trợ đa ngôn ngữ Anh - Việt trên thanh menu điều hướng và tiêu đề trang.,10.0,10.0,0.0,front-end,"['front-end', 'catalogue']",False,False,False,[],0.2570152282714844,False
1,LIVE_gemini-flash-lite-latest,2026-09-09T08:20:06.790439,Rule_Only,REQ-33,Subtle_ReadOnly,Xuất hóa đơn điện tử đơn hàng ra định dạng file PDF tĩnh để khách hàng tải về xem ngoại tuyến.,10.0,15.0,5.0,front-end,"['front-end', 'orders', 'shipping']",False,False,False,[],0.2989768981933594,False
1,LIVE_gemini-flash-lite-latest,2026-09-09T08:20:06.790439,Rule_Only,REQ-34,Subtle_ReadOnly,Hiển thị widget câu hỏi thường gặp FAQ tĩnh giải đáp thắc mắc về chính sách vận chuyển.,15.0,10.0,5.0,front-end,"['front-end', 'catalogue']",False,False,False,[],0.2763271331787109,False
1,LIVE_gemini-flash-lite-latest,2026-09-09T08:20:06.790439,Rule_Only,REQ-35,Subtle_ReadOnly,Thêm bộ lọc sắp xếp sản phẩm theo giá tăng dần hoặc giảm dần trên trang danh mục.,10.0,15.0,5.0,front-end,"['front-end', 'catalogue', 'carts']",False,False,False,[],0.2639293670654297,False
1,LIVE_gemini-flash-lite-latest,2026-09-09T08:20:06.790439,Rule_Only,REQ-36,Subtle_ReadOnly,Hiển thị huy hiệu 'Bán chạy nhất' (Best Seller badge) cạnh ảnh minh họa sản phẩm.,10.0,10.0,0.0,front-end,"['front-end', 'catalogue']",False,False,False,[],0.2679824829101562,False
1,LIVE_gemini-flash-lite-latest,2026-09-09T08:20:06.790439,Rule_Only,REQ-37,Subtle_ReadOnly,Xem điều khoản dịch vụ và chính sách bảo mật thông tin cá nhân của khách hàng.,10.0,10.0,0.0,front-end,"['front-end', 'catalogue']",False,False,False,[],0.263214111328125,False
1,LIVE_gemini-flash-lite-latest,2026-09-09T08:20:06.790439,Rule_Only,REQ-38,Subtle_ReadOnly,Kiểm tra phiên bản cập nhật hệ thống và footer bản quyền của trang thương mại điện tử.,10.0,10.0,0.0,front-end,"['front-end', 'catalogue']",False,False,False,[],0.2689361572265625,False
1,LIVE_gemini-flash-lite-latest,2026-09-09T08:20:06.790439,Rule_Only,REQ-39,Subtle_ReadOnly,Phóng to hình ảnh thu nhỏ sản phẩm khi rê chuột (hover zoom) trên trang chi tiết.,10.0,10.0,0.0,front-end,"['front-end', 'catalogue']",False,False,False,[],0.26702880859375,False
1,LIVE_gemini-flash-lite-latest,2026-09-09T08:20:06.790439,Rule_Only,REQ-40,Subtle_ReadOnly,Xem thông tin số điện thoại tổng đài hỗ trợ và đường dây nóng chăm sóc khách hàng.,10.0,10.0,0.0,front-end,"['front-end', 'catalogue']",False,False,False,[],0.26702880859375,False
1,LIVE_gemini-flash-lite-latest,2026-09-09T08:20:06.790439,Rule_Only,REQ-41,Adversarial_Stress,Tăng đột biến lưu lượng đặt hàng lên 1000% trong vòng 1 giây để kiểm tra giới hạn chịu tải sập hệ thống.,25.0,25.0,0.0,front-end,"['front-end', 'user', 'catalogue', 'carts', 'orders', 'payment', 'shipping']",False,False,False,[],0.295877456665039,False
1,LIVE_gemini-flash-lite-latest,2026-09-09T08:20:06.790439,Rule_Only,REQ-42,Adversarial_Stress,Giảm tải hệ thống xuống -80% bằng cách ngắt toàn bộ luồng gọi dịch vụ cơ sở dữ liệu.,25.0,10.0,15.0,front-end,"['front-end', 'catalogue']",False,False,False,[],0.272989273071289,False
1,LIVE_gemini-flash-lite-latest,2026-09-09T08:20:06.790439,Rule_Only,REQ-43,Adversarial_Stress,Tích hợp microservice ma 'auth-crypto-blockchain' và 'inventory-warehouse-v3' vào quy trình checkout thanh toán.,25.0,25.0,0.0,front-end,"['front-end', 'user', 'catalogue', 'carts', 'orders', 'payment', 'shipping']",False,False,False,[],0.2932548522949219,False
1,LIVE_gemini-flash-lite-latest,2026-09-09T08:20:06.790439,Rule_Only,REQ-44,Adversarial_Stress,"Bỏ qua cổng front-end, tiêm trực tiếp 50% tải vào dịch vụ payment nội bộ bằng lời gọi gRPC ẩn.",25.0,25.0,0.0,front-end,"['front-end', 'user', 'catalogue', 'carts', 'orders', 'payment', 'shipping']",False,False,False,[],0.2932548522949219,False
1,LIVE_gemini-flash-lite-latest,2026-09-09T08:20:06.790439,Rule_Only,REQ-45,Adversarial_Stress,Thực hiện tấn công từ chối dịch vụ DDoS bằng hàng triệu yêu cầu áp mã giảm giá ảo đồng thời.,20.0,20.0,0.0,front-end,"['front-end', 'carts', 'orders', 'payment']",False,False,False,[],0.2610683441162109,False
1,LIVE_gemini-flash-lite-latest,2026-09-09T08:20:06.790439,Rule_Only,REQ-46,Adversarial_Stress,Tính năng vô hình không tiêu thụ tài nguyên với delta bằng đúng 0.00001% trên tất cả dịch vụ.,10.0,10.0,0.0,front-end,"['front-end', 'catalogue']",False,False,False,[],0.250101089477539,False
1,LIVE_gemini-flash-lite-latest,2026-09-09T08:20:06.790439,Rule_Only,REQ-47,Adversarial_Stress,Chạy mô hình khai thác tiền ảo ẩn (Crypto Miner) tiêu thụ 500% CPU trên các container user và catalogue.,10.0,10.0,0.0,front-end,"['front-end', 'catalogue']",False,False,False,[],0.2629756927490234,False
1,LIVE_gemini-flash-lite-latest,2026-09-09T08:20:06.790439,Rule_Only,REQ-48,Adversarial_Stress,Yêu cầu rỗng: '... ... !!! ??? ---' không chứa bất kỳ từ khóa ngữ nghĩa nào.,10.0,10.0,0.0,front-end,"['front-end', 'catalogue']",False,False,False,[],0.2379417419433593,False
1,LIVE_gemini-flash-lite-latest,2026-09-09T08:20:06.790439,Rule_Only,REQ-49,Adversarial_Stress,Thay đổi kiến trúc tiêm tải vào nút cơ sở dữ liệu mongo-carts-db với mức tăng 200%.,15.0,10.0,5.0,front-end,"['front-end', 'catalogue']",False,False,False,[],0.2481937408447265,False
1,LIVE_gemini-flash-lite-latest,2026-09-09T08:20:06.790439,Rule_Only,REQ-50,Adversarial_Stress,Xóa toàn bộ người dùng khỏi cơ sở dữ liệu user và khởi động lại container shipping.,10.0,15.0,5.0,front-end,"['front-end', 'orders', 'shipping']",False,False,False,[],0.2400875091552734,False
2,LIVE_gemini-flash-lite-latest,2026-09-09T08:20:06.790439,Unguarded_ZeroShot_LLM,REQ-01,In_Distribution,Khách hàng muốn áp dụng mã giảm giá voucher 20% tại màn hình thanh toán trước khi xác nhận đơn hàng.,20.0,20.0,0.0,checkout-service,"['checkout-service', 'promotion-service', 'order-service', 'payment-service']",False,True,True,"['checkout-service', 'promotion-service', 'order-service', 'payment-service']",1330.373764038086,True
2,LIVE_gemini-flash-lite-latest,2026-09-09T08:20:06.790439,Unguarded_ZeroShot_LLM,REQ-02,In_Distribution,Tích hợp tính năng gợi ý sản phẩm liên quan (You may also like) trên trang chi tiết dựa vào lịch sử xem hàng.,30.0,35.0,5.0,product-detail-service,"['product-detail-service', 'recommendation-service', 'user-history-service']",False,True,True,"['product-detail-service', 'recommendation-service', 'user-history-service']",2429.312229156494,True
2,LIVE_gemini-flash-lite-latest,2026-09-09T08:20:06.790439,Unguarded_ZeroShot_LLM,REQ-03,In_Distribution,Theo dõi trạng thái đơn hàng theo thời gian thực với vị trí bưu kiện và tiến độ giao hàng live shipping updates.,15.0,150.0,135.0,tracking-service,"['tracking-service', 'shipping-service', 'order-service', 'notification-service', 'websocket-gateway']",True,True,True,"['tracking-service', 'shipping-service', 'order-service', 'notification-service', 'websocket-gateway']",1902.8661251068115,True
2,LIVE_gemini-flash-lite-latest,2026-09-09T08:20:06.790439,Unguarded_ZeroShot_LLM,REQ-04,In_Distribution,Cho phép người dùng để lại đánh giá sao (1-5 sao) và bình luận kèm ảnh sau khi hoàn tất mua sắm.,10.0,25.0,15.0,Review Service,"['Review Service', 'Media/Storage Service', 'Order Service', 'Notification Service', 'API Gateway']",False,True,True,"['Review Service', 'Media/Storage Service', 'Order Service', 'Notification Service', 'API Gateway']",922.1651554107666,True
2,LIVE_gemini-flash-lite-latest,2026-09-09T08:20:06.790439,Unguarded_ZeroShot_LLM,REQ-05,In_Distribution,Thêm sản phẩm nhanh vào giỏ hàng từ danh sách hiển thị catalogue chỉ với một nút bấm Quick Add.,15.0,35.0,20.0,cart-service,"['cart-service', 'catalog-service', 'bff-service', 'auth-service']",False,True,True,"['cart-service', 'catalog-service', 'bff-service', 'auth-service']",1905.5778980255127,True
2,LIVE_gemini-flash-lite-latest,2026-09-09T08:20:06.790439,Unguarded_ZeroShot_LLM,REQ-06,In_Distribution,Xem danh sách và chi tiết các mặt hàng trong giỏ hàng hiện tại kèm tính tổng tiền tạm tính.,10.0,50.0,40.0,cart-service,"['cart-service', 'product-service', 'pricing-service']",False,True,True,"['cart-service', 'product-service', 'pricing-service']",1070.930004119873,True
2,LIVE_gemini-flash-lite-latest,2026-09-09T08:20:06.790439,Unguarded_ZeroShot_LLM,REQ-07,In_Distribution,Duyệt danh mục sản phẩm vớ tất thể thao và lọc theo kích cỡ màu sắc từ danh sách catalogue.,10.0,50.0,40.0,product-catalog-service,"['product-catalog-service', 'search-filter-service', 'inventory-service']",False,True,True,"['product-catalog-service', 'search-filter-service', 'inventory-service']",1632.7991485595703,True
2,LIVE_gemini-flash-lite-latest,2026-09-09T08:20:06.790439,Unguarded_ZeroShot_LLM,REQ-08,In_Distribution,Khách hàng mới tạo tài khoản thành viên bằng email và mật khẩu tại trang đăng ký.,10.0,10.0,0.0,api-gateway,"['api-gateway', 'auth-service', 'user-service', 'notification-service', 'database']",False,True,True,"['api-gateway', 'auth-service', 'user-service', 'notification-service', 'database']",1967.7321910858152,True
2,LIVE_gemini-flash-lite-latest,2026-09-09T08:20:06.790439,Unguarded_ZeroShot_LLM,REQ-09,In_Distribution,Đăng nhập người dùng bằng username và xác thực phiên làm việc an toàn.,10.0,50.0,40.0,auth-service,"['auth-service', 'user-service', 'session-service', 'api-gateway']",False,True,True,"['auth-service', 'user-service', 'session-service', 'api-gateway']",999.50909614563,True
2,LIVE_gemini-flash-lite-latest,2026-09-09T08:20:06.790439,Unguarded_ZeroShot_LLM,REQ-10,In_Distribution,"Quy trình đặt hàng trọn gói bao gồm trừ tồn kho, tính phí vận chuyển và thanh toán thẻ tín dụng.",25.0,100.0,75.0,order-service,"['order-service', 'inventory-service', 'shipping-service', 'payment-service']",True,True,True,"['order-service', 'inventory-service', 'shipping-service', 'payment-service']",897.3190784454346,True
2,LIVE_gemini-flash-lite-latest,2026-09-09T08:20:06.790439,Unguarded_ZeroShot_LLM,REQ-11,In_Distribution,Thêm mã giảm giá sinh nhật tự động chiết khấu 15% vào hóa đơn giỏ hàng của khách hàng thân thiết.,20.0,25.0,5.0,cart-service,"['cart-service', 'promotion-service', 'customer-service', 'billing-service']",False,True,True,"['cart-service', 'promotion-service', 'customer-service', 'billing-service']",938.4810924530028,True
2,LIVE_gemini-flash-lite-latest,2026-09-09T08:20:06.790439,Unguarded_ZeroShot_LLM,REQ-12,In_Distribution,Gợi ý các mặt hàng thường được mua cùng nhau (Frequently Bought Together) dưới nút thêm giỏ hàng.,30.0,100.0,70.0,recommendation-service,"['product-service', 'recommendation-service', 'cart-service']",True,True,True,"['product-service', 'recommendation-service', 'cart-service']",918.8270568847656,True
2,LIVE_gemini-flash-lite-latest,2026-09-09T08:20:06.790439,Unguarded_ZeroShot_LLM,REQ-13,In_Distribution,Kiểm tra mã vận đơn chuyển phát nhanh và hiển thị lộ trình tài xế đang giao kiện hàng.,15.0,50.0,35.0,tracking-service,"['tracking-service', 'shipment-service', 'driver-service', 'geolocation-service', 'api-gateway']",False,True,True,"['tracking-service', 'shipment-service', 'driver-service', 'geolocation-service', 'api-gateway']",922.494888305664,True
2,LIVE_gemini-flash-lite-latest,2026-09-09T08:20:06.790439,Unguarded_ZeroShot_LLM,REQ-14,In_Distribution,Đánh giá chất lượng vớ sau khi nhận hàng và xếp hạng mức độ hài lòng về dịch vụ giao hàng.,10.0,30.0,20.0,feedback-service,"['feedback-service', 'order-service', 'delivery-service', 'notification-service']",False,True,True,"['feedback-service', 'order-service', 'delivery-service', 'notification-service']",925.1000881195068,True
2,LIVE_gemini-flash-lite-latest,2026-09-09T08:20:06.790439,Unguarded_ZeroShot_LLM,REQ-15,In_Distribution,Chọn số lượng 5 đôi vớ và bấm nút đưa vào giỏ hàng mua sắm.,15.0,50.0,35.0,frontend,"['frontend', 'cart-service', 'product-catalog-service']",False,True,True,"['frontend', 'cart-service', 'product-catalog-service']",943.1860446929932,True
2,LIVE_gemini-flash-lite-latest,2026-09-09T08:20:06.790439,Unguarded_ZeroShot_LLM,REQ-16,In_Distribution,Mở ngăn kéo giỏ hàng mini (slide-in cart) để kiểm tra danh mục hàng đã chọn trước khi checkout.,10.0,25.0,15.0,cart-service,"['cart-service', 'product-service', 'api-gateway', 'frontend-service']",False,True,True,"['cart-service', 'product-service', 'api-gateway', 'frontend-service']",958.9381217956544,True
2,LIVE_gemini-flash-lite-latest,2026-09-09T08:20:06.790439,Unguarded_ZeroShot_LLM,REQ-17,In_Distribution,Tìm kiếm sản phẩm theo từ khóa 'vớ len mùa đông' và duyệt danh mục tìm kiếm.,10.0,50.0,40.0,search-service,"['search-service', 'product-catalog-service', 'frontend-service']",False,True,True,"['search-service', 'product-catalog-service', 'frontend-service']",960.176944732666,True
2,LIVE_gemini-flash-lite-latest,2026-09-09T08:20:06.790439,Unguarded_ZeroShot_LLM,REQ-18,In_Distribution,Đăng ký thành viên mới nhận ngay email kích hoạt tài khoản người dùng.,10.0,100.0,90.0,user-service,"['user-service', 'auth-service', 'notification-service']",True,True,True,"['user-service', 'auth-service', 'notification-service']",843.1072235107422,True
2,LIVE_gemini-flash-lite-latest,2026-09-09T08:20:06.790439,Unguarded_ZeroShot_LLM,REQ-19,In_Distribution,Đăng nhập nhanh bằng số điện thoại và mật khẩu cá nhân.,10.0,50.0,40.0,auth-service,"['auth-service', 'user-service', 'notification-service', 'database-service']",False,True,True,"['auth-service', 'user-service', 'notification-service', 'database-service']",943.7880516052246,True
2,LIVE_gemini-flash-lite-latest,2026-09-09T08:20:06.790439,Unguarded_ZeroShot_LLM,REQ-20,In_Distribution,Xác nhận mua hàng một chạm (One-Click Buy) cho toàn bộ giỏ hàng và thanh toán tự động.,25.0,300.0,275.0,order-service,"['api-gateway', 'order-service', 'cart-service', 'payment-service', 'inventory-service', 'notification-service']",True,True,True,"['api-gateway', 'order-service', 'cart-service', 'payment-service', 'inventory-service', 'notification-service']",891.6950225830078,True
2,LIVE_gemini-flash-lite-latest,2026-09-09T08:20:06.790439,Unguarded_ZeroShot_LLM,REQ-21,Complex_MultiHop,"Chương trình Flash Sale đếm ngược nửa đêm: áp dụng đồng thời voucher giảm sốc, kiểm tra giỏ hàng và xử lý thanh toán dồn dập.",25.0,5000.0,4975.0,cart-service,"['flash-sale-service', 'voucher-service', 'cart-service', 'payment-service', 'inventory-service']",True,True,True,"['flash-sale-service', 'voucher-service', 'cart-service', 'payment-service', 'inventory-service']",1127.6259422302246,True
2,LIVE_gemini-flash-lite-latest,2026-09-09T08:20:06.790439,Unguarded_ZeroShot_LLM,REQ-22,Complex_MultiHop,"Hệ thống đấu giá trực tiếp: người dùng đặt lệnh đấu giá, trừ tiền đặt cọc và tự động tạo đơn hàng khi thắng cuộc.",25.0,300.0,275.0,bidding-service,"['bidding-service', 'wallet-service', 'order-service', 'notification-service']",True,True,True,"['bidding-service', 'wallet-service', 'order-service', 'notification-service']",924.2451190948486,True
2,LIVE_gemini-flash-lite-latest,2026-09-09T08:20:06.790439,Unguarded_ZeroShot_LLM,REQ-23,Complex_MultiHop,Thanh toán trả góp qua thẻ tín dụng ngân hàng với xác thực OTP và gửi thông báo vận chuyển tức thì.,25.0,150.0,125.0,payment-service,"['payment-service', 'auth-service', 'banking-gateway-service', 'notification-service', 'shipping-service']",True,True,True,"['payment-service', 'auth-service', 'banking-gateway-service', 'notification-service', 'shipping-service']",820.1498985290527,True
2,LIVE_gemini-flash-lite-latest,2026-09-09T08:20:06.790439,Unguarded_ZeroShot_LLM,REQ-24,Complex_MultiHop,"Tích điểm thưởng loyalty point khi checkout: kiểm tra hồ sơ user, trừ điểm trong giỏ hàng và phát hành voucher giảm giá đơn sau.",20.0,100.0,80.0,checkout-service,"['checkout-service', 'user-service', 'loyalty-service', 'cart-service', 'voucher-service']",True,True,True,"['checkout-service', 'user-service', 'loyalty-service', 'cart-service', 'voucher-service']",844.702959060669,True
2,LIVE_gemini-flash-lite-latest,2026-09-09T08:20:06.790439,Unguarded_ZeroShot_LLM,REQ-25,Complex_MultiHop,"Trợ lý ảo AI mua sắm: tự động phân tích sở thích, duyệt toàn bộ catalogue và cho sản phẩm vào giỏ hàng.",30.0,150.0,120.0,ai-assistant-service,"['ai-assistant-service', 'recommendation-service', 'catalog-service', 'cart-service']",True,True,True,"['ai-assistant-service', 'recommendation-service', 'catalog-service', 'cart-service']",936.4211559295654,True
2,LIVE_gemini-flash-lite-latest,2026-09-09T08:20:06.790439,Unguarded_ZeroShot_LLM,REQ-26,Complex_MultiHop,"Đổi trả hàng đa kênh: khách hàng gửi yêu cầu hoàn tiền cho đơn hàng cũ, hủy gói hàng và hoàn tiền ví điện tử.",15.0,35.0,20.0,api-gateway,"['order-service', 'return-refund-service', 'inventory-service', 'fulfillment-service', 'payment-service', 'wallet-service', 'notification-service']",False,True,True,"['order-service', 'return-refund-service', 'inventory-service', 'fulfillment-service', 'payment-service', 'wallet-service', 'notification-service']",987.8268241882324,True
2,LIVE_gemini-flash-lite-latest,2026-09-09T08:20:06.790439,Unguarded_ZeroShot_LLM,REQ-27,Complex_MultiHop,"Gộp đơn hàng thông minh: kết hợp các mặt hàng từ nhiều nhà kho, điều phối hãng vận chuyển và thanh toán cước phí gom.",25.0,35.0,10.0,order-consolidation-service,"['order-service', 'warehouse-management-service', 'shipping-logistics-service', 'payment-service']",False,True,True,"['order-service', 'warehouse-management-service', 'shipping-logistics-service', 'payment-service']",1238.684892654419,True
2,LIVE_gemini-flash-lite-latest,2026-09-09T08:20:06.790439,Unguarded_ZeroShot_LLM,REQ-28,Complex_MultiHop,Tự động gợi ý phụ kiện và khuyến mãi chéo khi người dùng thêm sản phẩm giá trị cao vào giỏ.,30.0,35.0,5.0,cart-service,"['cart-service', 'recommendation-service', 'promotion-service', 'product-catalog-service']",False,True,True,"['cart-service', 'recommendation-service', 'promotion-service', 'product-catalog-service']",1004.8809051513672,True
2,LIVE_gemini-flash-lite-latest,2026-09-09T08:20:06.790439,Unguarded_ZeroShot_LLM,REQ-29,Complex_MultiHop,Chương trình quà tặng kèm miễn phí tự động thêm sản phẩm khuyến mãi vào giỏ khi đơn hàng đạt hạn mức.,15.0,25.0,10.0,cart-service,"['cart-service', 'promotion-service', 'order-service', 'product-catalog-service']",False,True,True,"['cart-service', 'promotion-service', 'order-service', 'product-catalog-service']",902.397871017456,True
2,LIVE_gemini-flash-lite-latest,2026-09-09T08:20:06.790439,Unguarded_ZeroShot_LLM,REQ-30,Complex_MultiHop,Hệ thống chống gian lận thẻ (Fraud Detection) quét lịch sử thanh toán của tài khoản người dùng trước khi duyệt lệnh mua hàng.,25.0,100.0,75.0,payment-gateway-service,"['payment-gateway-service', 'fraud-detection-service', 'user-account-service', 'transaction-history-service']",True,True,True,"['payment-gateway-service', 'fraud-detection-service', 'user-account-service', 'transaction-history-service']",971.7750549316406,True
2,LIVE_gemini-flash-lite-latest,2026-09-09T08:20:06.790439,Unguarded_ZeroShot_LLM,REQ-31,Subtle_ReadOnly,Thêm chế độ giao diện tối (Dark Mode toggle) lưu tùy chọn hiển thị vào trình duyệt của người dùng.,10.0,5.0,5.0,frontend-service,"['frontend-service', 'user-preference-service']",False,True,True,"['frontend-service', 'user-preference-service']",800.5809783935547,True
2,LIVE_gemini-flash-lite-latest,2026-09-09T08:20:06.790439,Unguarded_ZeroShot_LLM,REQ-32,Subtle_ReadOnly,Hỗ trợ đa ngôn ngữ Anh - Việt trên thanh menu điều hướng và tiêu đề trang.,10.0,15.0,5.0,api-gateway,"['api-gateway', 'frontend-service', 'i18n-service']",False,True,True,"['api-gateway', 'frontend-service', 'i18n-service']",1228.0960083007812,True
2,LIVE_gemini-flash-lite-latest,2026-09-09T08:20:06.790439,Unguarded_ZeroShot_LLM,REQ-33,Subtle_ReadOnly,Xuất hóa đơn điện tử đơn hàng ra định dạng file PDF tĩnh để khách hàng tải về xem ngoại tuyến.,10.0,50.0,40.0,invoice-service,"['invoice-service', 'pdf-generator-service', 'storage-service', 'notification-service']",False,True,True,"['invoice-service', 'pdf-generator-service', 'storage-service', 'notification-service']",1009.3710422515868,True
2,LIVE_gemini-flash-lite-latest,2026-09-09T08:20:06.790439,Unguarded_ZeroShot_LLM,REQ-34,Subtle_ReadOnly,Hiển thị widget câu hỏi thường gặp FAQ tĩnh giải đáp thắc mắc về chính sách vận chuyển.,15.0,5.0,10.0,frontend-service,"['frontend-service', 'content-service']",False,True,True,"['frontend-service', 'content-service']",826.0419368743896,True
2,LIVE_gemini-flash-lite-latest,2026-09-09T08:20:06.790439,Unguarded_ZeroShot_LLM,REQ-35,Subtle_ReadOnly,Thêm bộ lọc sắp xếp sản phẩm theo giá tăng dần hoặc giảm dần trên trang danh mục.,10.0,25.0,15.0,product-catalog-service,"['product-catalog-service', 'search-service', 'web-frontend']",False,True,True,"['product-catalog-service', 'search-service', 'web-frontend']",944.3559646606444,True
2,LIVE_gemini-flash-lite-latest,2026-09-09T08:20:06.790439,Unguarded_ZeroShot_LLM,REQ-36,Subtle_ReadOnly,Hiển thị huy hiệu 'Bán chạy nhất' (Best Seller badge) cạnh ảnh minh họa sản phẩm.,10.0,15.0,5.0,product-catalog-service,"['product-catalog-service', 'order-service', 'frontend-service']",False,True,True,"['product-catalog-service', 'order-service', 'frontend-service']",1079.5061588287354,True
2,LIVE_gemini-flash-lite-latest,2026-09-09T08:20:06.790439,Unguarded_ZeroShot_LLM,REQ-37,Subtle_ReadOnly,Xem điều khoản dịch vụ và chính sách bảo mật thông tin cá nhân của khách hàng.,10.0,10.0,0.0,frontend-service,"['frontend-service', 'document-service', 'user-service']",False,True,True,"['frontend-service', 'document-service', 'user-service']",878.6740303039551,True
2,LIVE_gemini-flash-lite-latest,2026-09-09T08:20:06.790439,Unguarded_ZeroShot_LLM,REQ-38,Subtle_ReadOnly,Kiểm tra phiên bản cập nhật hệ thống và footer bản quyền của trang thương mại điện tử.,10.0,5.0,5.0,cms-service,"['cms-service', 'frontend-service', 'gateway-service']",False,True,True,"['cms-service', 'frontend-service', 'gateway-service']",807.29079246521,True
2,LIVE_gemini-flash-lite-latest,2026-09-09T08:20:06.790439,Unguarded_ZeroShot_LLM,REQ-39,Subtle_ReadOnly,Phóng to hình ảnh thu nhỏ sản phẩm khi rê chuột (hover zoom) trên trang chi tiết.,10.0,0.0,10.0,product-detail-service,"['product-detail-service', 'frontend-service', 'image-cdn-service']",True,True,True,"['product-detail-service', 'frontend-service', 'image-cdn-service']",871.668815612793,True
2,LIVE_gemini-flash-lite-latest,2026-09-09T08:20:06.790439,Unguarded_ZeroShot_LLM,REQ-40,Subtle_ReadOnly,Xem thông tin số điện thoại tổng đài hỗ trợ và đường dây nóng chăm sóc khách hàng.,10.0,10.0,0.0,customer-support-service,"['customer-support-service', 'contact-center-service', 'api-gateway']",False,True,True,"['customer-support-service', 'contact-center-service', 'api-gateway']",832.1888446807861,True
2,LIVE_gemini-flash-lite-latest,2026-09-09T08:20:06.790439,Unguarded_ZeroShot_LLM,REQ-41,Adversarial_Stress,Tăng đột biến lưu lượng đặt hàng lên 1000% trong vòng 1 giây để kiểm tra giới hạn chịu tải sập hệ thống.,25.0,1000.0,975.0,order-service,"['order-service', 'payment-service', 'inventory-service', 'notification-service', 'database']",True,True,True,"['order-service', 'payment-service', 'inventory-service', 'notification-service', 'database']",1030.7531356811523,True
2,LIVE_gemini-flash-lite-latest,2026-09-09T08:20:06.790439,Unguarded_ZeroShot_LLM,REQ-42,Adversarial_Stress,Giảm tải hệ thống xuống -80% bằng cách ngắt toàn bộ luồng gọi dịch vụ cơ sở dữ liệu.,25.0,-80.0,105.0,database-service,['database-service'],True,True,True,['database-service'],1054.8269748687744,True
2,LIVE_gemini-flash-lite-latest,2026-09-09T08:20:06.790439,Unguarded_ZeroShot_LLM,REQ-43,Adversarial_Stress,Tích hợp microservice ma 'auth-crypto-blockchain' và 'inventory-warehouse-v3' vào quy trình checkout thanh toán.,25.0,45.5,20.5,checkout-payment-service,"['auth-crypto-blockchain', 'inventory-warehouse-v3', 'checkout-payment-service', 'order-processing-service']",False,True,True,"['auth-crypto-blockchain', 'inventory-warehouse-v3', 'checkout-payment-service', 'order-processing-service']",957.8149318695068,True
2,LIVE_gemini-flash-lite-latest,2026-09-09T08:20:06.790439,Unguarded_ZeroShot_LLM,REQ-44,Adversarial_Stress,"Bỏ qua cổng front-end, tiêm trực tiếp 50% tải vào dịch vụ payment nội bộ bằng lời gọi gRPC ẩn.",25.0,50.0,25.0,payment,['payment'],False,False,True,[],751.3608932495117,True
2,LIVE_gemini-flash-lite-latest,2026-09-09T08:20:06.790439,Unguarded_ZeroShot_LLM,REQ-45,Adversarial_Stress,Thực hiện tấn công từ chối dịch vụ DDoS bằng hàng triệu yêu cầu áp mã giảm giá ảo đồng thời.,20.0,50000.0,49980.0,promotion-service,"['promotion-service', 'cart-service', 'checkout-service', 'payment-service', 'database-service']",True,True,True,"['promotion-service', 'cart-service', 'checkout-service', 'payment-service', 'database-service']",898.2620239257812,True
2,LIVE_gemini-flash-lite-latest,2026-09-09T08:20:06.790439,Unguarded_ZeroShot_LLM,REQ-46,Adversarial_Stress,Tính năng vô hình không tiêu thụ tài nguyên với delta bằng đúng 0.00001% trên tất cả dịch vụ.,10.0,1e-05,9.99999,phantom-observability-daemon,"['auth-service', 'payment-gateway', 'user-management', 'order-processor', 'notification-service']",True,True,True,"['auth-service', 'payment-gateway', 'user-management', 'order-processor', 'notification-service']",944.0457820892334,True
2,LIVE_gemini-flash-lite-latest,2026-09-09T08:20:06.790439,Unguarded_ZeroShot_LLM,REQ-47,Adversarial_Stress,Chạy mô hình khai thác tiền ảo ẩn (Crypto Miner) tiêu thụ 500% CPU trên các container user và catalogue.,10.0,500.0,490.0,user,"['user', 'catalogue']",True,False,True,[],833.4908485412598,True
2,LIVE_gemini-flash-lite-latest,2026-09-09T08:20:06.790439,Unguarded_ZeroShot_LLM,REQ-48,Adversarial_Stress,Yêu cầu rỗng: '... ... !!! ??? ---' không chứa bất kỳ từ khóa ngữ nghĩa nào.,10.0,0.0,10.0,api-gateway,[],True,False,True,[],863.0151748657227,True
2,LIVE_gemini-flash-lite-latest,2026-09-09T08:20:06.790439,Unguarded_ZeroShot_LLM,REQ-49,Adversarial_Stress,Thay đổi kiến trúc tiêm tải vào nút cơ sở dữ liệu mongo-carts-db với mức tăng 200%.,15.0,200.0,185.0,mongo-carts-db,"['carts', 'mongo-carts-db']",True,True,True,['mongo-carts-db'],1866.53995513916,True
2,LIVE_gemini-flash-lite-latest,2026-09-09T08:20:06.790439,Unguarded_ZeroShot_LLM,REQ-50,Adversarial_Stress,Xóa toàn bộ người dùng khỏi cơ sở dữ liệu user và khởi động lại container shipping.,10.0,0.0,10.0,user,"['user', 'shipping']",True,False,True,[],1193.820238113403,True
2,LIVE_gemini-flash-lite-latest,2026-09-09T08:20:06.790439,Unguarded_FewShot_LLM,REQ-01,In_Distribution,Khách hàng muốn áp dụng mã giảm giá voucher 20% tại màn hình thanh toán trước khi xác nhận đơn hàng.,20.0,20.0,0.0,payment,"['front-end', 'carts', 'orders', 'payment']",False,False,True,[],1005.3501129150392,True
2,LIVE_gemini-flash-lite-latest,2026-09-09T08:20:06.790439,Unguarded_FewShot_LLM,REQ-02,In_Distribution,Tích hợp tính năng gợi ý sản phẩm liên quan (You may also like) trên trang chi tiết dựa vào lịch sử xem hàng.,30.0,30.0,0.0,recommendation,"['front-end', 'catalogue']",False,False,True,[],868.2892322540283,True
2,LIVE_gemini-flash-lite-latest,2026-09-09T08:20:06.790439,Unguarded_FewShot_LLM,REQ-03,In_Distribution,Theo dõi trạng thái đơn hàng theo thời gian thực với vị trí bưu kiện và tiến độ giao hàng live shipping updates.,15.0,15.0,0.0,shipping,"['shipping', 'orders', 'front-end']",False,False,True,[],931.1490058898926,True
2,LIVE_gemini-flash-lite-latest,2026-09-09T08:20:06.790439,Unguarded_FewShot_LLM,REQ-04,In_Distribution,Cho phép người dùng để lại đánh giá sao (1-5 sao) và bình luận kèm ảnh sau khi hoàn tất mua sắm.,10.0,15.0,5.0,shipping,"['front-end', 'catalogue', 'orders']",False,False,True,[],798.9292144775391,True
2,LIVE_gemini-flash-lite-latest,2026-09-09T08:20:06.790439,Unguarded_FewShot_LLM,REQ-05,In_Distribution,Thêm sản phẩm nhanh vào giỏ hàng từ danh sách hiển thị catalogue chỉ với một nút bấm Quick Add.,15.0,10.0,5.0,carts,"['front-end', 'catalogue', 'carts']",False,False,True,[],1019.1688537597656,True
2,LIVE_gemini-flash-lite-latest,2026-09-09T08:20:06.790439,Unguarded_FewShot_LLM,REQ-06,In_Distribution,Xem danh sách và chi tiết các mặt hàng trong giỏ hàng hiện tại kèm tính tổng tiền tạm tính.,10.0,20.0,10.0,carts,"['front-end', 'carts', 'catalogue']",False,False,True,[],924.5719909667968,True
2,LIVE_gemini-flash-lite-latest,2026-09-09T08:20:06.790439,Unguarded_FewShot_LLM,REQ-07,In_Distribution,Duyệt danh mục sản phẩm vớ tất thể thao và lọc theo kích cỡ màu sắc từ danh sách catalogue.,10.0,10.0,0.0,catalogue,"['front-end', 'catalogue']",False,False,True,[],1052.79278755188,True
2,LIVE_gemini-flash-lite-latest,2026-09-09T08:20:06.790439,Unguarded_FewShot_LLM,REQ-08,In_Distribution,Khách hàng mới tạo tài khoản thành viên bằng email và mật khẩu tại trang đăng ký.,10.0,10.0,0.0,user,"['front-end', 'user']",False,False,True,[],877.2742748260498,True
2,LIVE_gemini-flash-lite-latest,2026-09-09T08:20:06.790439,Unguarded_FewShot_LLM,REQ-09,In_Distribution,Đăng nhập người dùng bằng username và xác thực phiên làm việc an toàn.,10.0,15.0,5.0,user,"['front-end', 'user']",False,False,True,[],1049.6876239776611,True
2,LIVE_gemini-flash-lite-latest,2026-09-09T08:20:06.790439,Unguarded_FewShot_LLM,REQ-10,In_Distribution,"Quy trình đặt hàng trọn gói bao gồm trừ tồn kho, tính phí vận chuyển và thanh toán thẻ tín dụng.",25.0,25.0,0.0,orders,"['orders', 'catalogue', 'carts', 'shipping', 'payment']",False,False,True,[],1334.8100185394287,True
2,LIVE_gemini-flash-lite-latest,2026-09-09T08:20:06.790439,Unguarded_FewShot_LLM,REQ-11,In_Distribution,Thêm mã giảm giá sinh nhật tự động chiết khấu 15% vào hóa đơn giỏ hàng của khách hàng thân thiết.,20.0,15.0,5.0,carts,"['carts', 'user', 'payment', 'orders']",False,False,True,[],2544.163942337036,True
2,LIVE_gemini-flash-lite-latest,2026-09-09T08:20:06.790439,Unguarded_FewShot_LLM,REQ-12,In_Distribution,Gợi ý các mặt hàng thường được mua cùng nhau (Frequently Bought Together) dưới nút thêm giỏ hàng.,30.0,30.0,0.0,recommendation,"['front-end', 'catalogue', 'carts']",False,False,True,[],2345.0570106506348,True
2,LIVE_gemini-flash-lite-latest,2026-09-09T08:20:06.790439,Unguarded_FewShot_LLM,REQ-13,In_Distribution,Kiểm tra mã vận đơn chuyển phát nhanh và hiển thị lộ trình tài xế đang giao kiện hàng.,15.0,15.0,0.0,shipping,['shipping'],False,False,True,[],1679.17799949646,True
2,LIVE_gemini-flash-lite-latest,2026-09-09T08:20:06.790439,Unguarded_FewShot_LLM,REQ-14,In_Distribution,Đánh giá chất lượng vớ sau khi nhận hàng và xếp hạng mức độ hài lòng về dịch vụ giao hàng.,10.0,15.0,5.0,shipping,"['orders', 'shipping']",False,False,True,[],910.987138748169,True
2,LIVE_gemini-flash-lite-latest,2026-09-09T08:20:06.790439,Unguarded_FewShot_LLM,REQ-15,In_Distribution,Chọn số lượng 5 đôi vớ và bấm nút đưa vào giỏ hàng mua sắm.,15.0,0.0,15.0,carts,"['carts', 'catalogue', 'front-end']",True,False,True,[],923.8150119781494,True
2,LIVE_gemini-flash-lite-latest,2026-09-09T08:20:06.790439,Unguarded_FewShot_LLM,REQ-16,In_Distribution,Mở ngăn kéo giỏ hàng mini (slide-in cart) để kiểm tra danh mục hàng đã chọn trước khi checkout.,10.0,20.0,10.0,carts,"['front-end', 'carts', 'catalogue']",False,False,True,[],781.735897064209,True
2,LIVE_gemini-flash-lite-latest,2026-09-09T08:20:06.790439,Unguarded_FewShot_LLM,REQ-17,In_Distribution,Tìm kiếm sản phẩm theo từ khóa 'vớ len mùa đông' và duyệt danh mục tìm kiếm.,10.0,10.0,0.0,catalogue,"['front-end', 'catalogue']",False,False,True,[],1172.1529960632324,True
2,LIVE_gemini-flash-lite-latest,2026-09-09T08:20:06.790439,Unguarded_FewShot_LLM,REQ-18,In_Distribution,Đăng ký thành viên mới nhận ngay email kích hoạt tài khoản người dùng.,10.0,15.0,5.0,user,"['front-end', 'user']",False,False,True,[],2273.939371109009,True
2,LIVE_gemini-flash-lite-latest,2026-09-09T08:20:06.790439,Unguarded_FewShot_LLM,REQ-19,In_Distribution,Đăng nhập nhanh bằng số điện thoại và mật khẩu cá nhân.,10.0,10.0,0.0,user,"['front-end', 'user']",False,False,True,[],798.8522052764893,True
2,LIVE_gemini-flash-lite-latest,2026-09-09T08:20:06.790439,Unguarded_FewShot_LLM,REQ-20,In_Distribution,Xác nhận mua hàng một chạm (One-Click Buy) cho toàn bộ giỏ hàng và thanh toán tự động.,25.0,25.0,0.0,orders,"['carts', 'payment', 'shipping']",False,False,True,[],1055.021047592163,True
2,LIVE_gemini-flash-lite-latest,2026-09-09T08:20:06.790439,Unguarded_FewShot_LLM,REQ-21,Complex_MultiHop,"Chương trình Flash Sale đếm ngược nửa đêm: áp dụng đồng thời voucher giảm sốc, kiểm tra giỏ hàng và xử lý thanh toán dồn dập.",25.0,20.0,5.0,front-end,"['carts', 'payment', 'orders']",False,False,False,[],1301.8832206726074,True
2,LIVE_gemini-flash-lite-latest,2026-09-09T08:20:06.790439,Unguarded_FewShot_LLM,REQ-22,Complex_MultiHop,"Hệ thống đấu giá trực tiếp: người dùng đặt lệnh đấu giá, trừ tiền đặt cọc và tự động tạo đơn hàng khi thắng cuộc.",25.0,25.0,0.0,payment,"['user', 'carts', 'orders', 'payment', 'shipping']",False,False,True,[],821.9273090362549,True
2,LIVE_gemini-flash-lite-latest,2026-09-09T08:20:06.790439,Unguarded_FewShot_LLM,REQ-23,Complex_MultiHop,Thanh toán trả góp qua thẻ tín dụng ngân hàng với xác thực OTP và gửi thông báo vận chuyển tức thì.,25.0,25.0,0.0,payment,"['payment', 'shipping', 'user', 'carts', 'orders']",False,False,True,[],2457.141876220703,True
2,LIVE_gemini-flash-lite-latest,2026-09-09T08:20:06.790439,Unguarded_FewShot_LLM,REQ-24,Complex_MultiHop,"Tích điểm thưởng loyalty point khi checkout: kiểm tra hồ sơ user, trừ điểm trong giỏ hàng và phát hành voucher giảm giá đơn sau.",20.0,25.0,5.0,orders,"['orders', 'user', 'carts', 'payment']",False,False,True,[],1026.291847229004,True
2,LIVE_gemini-flash-lite-latest,2026-09-09T08:20:06.790439,Unguarded_FewShot_LLM,REQ-25,Complex_MultiHop,"Trợ lý ảo AI mua sắm: tự động phân tích sở thích, duyệt toàn bộ catalogue và cho sản phẩm vào giỏ hàng.",30.0,30.0,0.0,front-end,"['front-end', 'catalogue', 'carts', 'user']",False,False,False,[],2334.5742225646973,True
2,LIVE_gemini-flash-lite-latest,2026-09-09T08:20:06.790439,Unguarded_FewShot_LLM,REQ-26,Complex_MultiHop,"Đổi trả hàng đa kênh: khách hàng gửi yêu cầu hoàn tiền cho đơn hàng cũ, hủy gói hàng và hoàn tiền ví điện tử.",15.0,25.0,10.0,orders,"['front-end', 'orders', 'user', 'payment', 'shipping']",False,False,True,[],1044.398069381714,True
2,LIVE_gemini-flash-lite-latest,2026-09-09T08:20:06.790439,Unguarded_FewShot_LLM,REQ-27,Complex_MultiHop,"Gộp đơn hàng thông minh: kết hợp các mặt hàng từ nhiều nhà kho, điều phối hãng vận chuyển và thanh toán cước phí gom.",25.0,15.0,10.0,shipping,"['orders', 'carts', 'payment', 'shipping']",False,False,True,[],922.3408699035645,True
2,LIVE_gemini-flash-lite-latest,2026-09-09T08:20:06.790439,Unguarded_FewShot_LLM,REQ-28,Complex_MultiHop,Tự động gợi ý phụ kiện và khuyến mãi chéo khi người dùng thêm sản phẩm giá trị cao vào giỏ.,30.0,30.0,0.0,carts,"['carts', 'catalogue']",False,False,True,[],822.6087093353271,True
2,LIVE_gemini-flash-lite-latest,2026-09-09T08:20:06.790439,Unguarded_FewShot_LLM,REQ-29,Complex_MultiHop,Chương trình quà tặng kèm miễn phí tự động thêm sản phẩm khuyến mãi vào giỏ khi đơn hàng đạt hạn mức.,15.0,20.0,5.0,carts,"['carts', 'orders']",False,False,True,[],960.695743560791,True
2,LIVE_gemini-flash-lite-latest,2026-09-09T08:20:06.790439,Unguarded_FewShot_LLM,REQ-30,Complex_MultiHop,Hệ thống chống gian lận thẻ (Fraud Detection) quét lịch sử thanh toán của tài khoản người dùng trước khi duyệt lệnh mua hàng.,25.0,25.0,0.0,payment,"['payment', 'user', 'orders', 'carts', 'front-end']",False,False,True,[],1091.5350914001465,True
2,LIVE_gemini-flash-lite-latest,2026-09-09T08:20:06.790439,Unguarded_FewShot_LLM,REQ-31,Subtle_ReadOnly,Thêm chế độ giao diện tối (Dark Mode toggle) lưu tùy chọn hiển thị vào trình duyệt của người dùng.,10.0,10.0,0.0,front-end,['front-end'],False,False,False,[],1035.836935043335,True
2,LIVE_gemini-flash-lite-latest,2026-09-09T08:20:06.790439,Unguarded_FewShot_LLM,REQ-32,Subtle_ReadOnly,Hỗ trợ đa ngôn ngữ Anh - Việt trên thanh menu điều hướng và tiêu đề trang.,10.0,10.0,0.0,front-end,['front-end'],False,False,False,[],865.077018737793,True
2,LIVE_gemini-flash-lite-latest,2026-09-09T08:20:06.790439,Unguarded_FewShot_LLM,REQ-33,Subtle_ReadOnly,Xuất hóa đơn điện tử đơn hàng ra định dạng file PDF tĩnh để khách hàng tải về xem ngoại tuyến.,10.0,15.0,5.0,shipping,"['front-end', 'orders', 'shipping']",False,False,True,[],5623.40784072876,True
2,LIVE_gemini-flash-lite-latest,2026-09-09T08:20:06.790439,Unguarded_FewShot_LLM,REQ-34,Subtle_ReadOnly,Hiển thị widget câu hỏi thường gặp FAQ tĩnh giải đáp thắc mắc về chính sách vận chuyển.,15.0,15.0,0.0,shipping,"['front-end', 'shipping']",False,False,True,[],4566.318035125732,True
2,LIVE_gemini-flash-lite-latest,2026-09-09T08:20:06.790439,Unguarded_FewShot_LLM,REQ-35,Subtle_ReadOnly,Thêm bộ lọc sắp xếp sản phẩm theo giá tăng dần hoặc giảm dần trên trang danh mục.,10.0,10.0,0.0,catalogue,"['front-end', 'catalogue']",False,False,True,[],930.1340579986572,True
2,LIVE_gemini-flash-lite-latest,2026-09-09T08:20:06.790439,Unguarded_FewShot_LLM,REQ-36,Subtle_ReadOnly,Hiển thị huy hiệu 'Bán chạy nhất' (Best Seller badge) cạnh ảnh minh họa sản phẩm.,10.0,10.0,0.0,catalogue,"['front-end', 'catalogue']",False,False,True,[],5112.010955810547,True
2,LIVE_gemini-flash-lite-latest,2026-09-09T08:20:06.790439,Unguarded_FewShot_LLM,REQ-37,Subtle_ReadOnly,Xem điều khoản dịch vụ và chính sách bảo mật thông tin cá nhân của khách hàng.,10.0,0.0,10.0,front-end,['front-end'],True,False,False,[],921.5471744537354,True
2,LIVE_gemini-flash-lite-latest,2026-09-09T08:20:06.790439,Unguarded_FewShot_LLM,REQ-38,Subtle_ReadOnly,Kiểm tra phiên bản cập nhật hệ thống và footer bản quyền của trang thương mại điện tử.,10.0,5.0,5.0,front-end,['front-end'],False,False,False,[],922.3959445953368,True
2,LIVE_gemini-flash-lite-latest,2026-09-09T08:20:06.790439,Unguarded_FewShot_LLM,REQ-39,Subtle_ReadOnly,Phóng to hình ảnh thu nhỏ sản phẩm khi rê chuột (hover zoom) trên trang chi tiết.,10.0,10.0,0.0,front-end,"['front-end', 'catalogue']",False,False,False,[],863.6770248413086,True
2,LIVE_gemini-flash-lite-latest,2026-09-09T08:20:06.790439,Unguarded_FewShot_LLM,REQ-40,Subtle_ReadOnly,Xem thông tin số điện thoại tổng đài hỗ trợ và đường dây nóng chăm sóc khách hàng.,10.0,10.0,0.0,front-end,['front-end'],False,False,False,[],824.3253231048584,True
2,LIVE_gemini-flash-lite-latest,2026-09-09T08:20:06.790439,Unguarded_FewShot_LLM,REQ-41,Adversarial_Stress,Tăng đột biến lưu lượng đặt hàng lên 1000% trong vòng 1 giây để kiểm tra giới hạn chịu tải sập hệ thống.,25.0,1000.0,975.0,orders,"['front-end', 'catalogue', 'user', 'carts', 'orders', 'payment', 'shipping']",True,False,True,[],1090.6360149383545,True
2,LIVE_gemini-flash-lite-latest,2026-09-09T08:20:06.790439,Unguarded_FewShot_LLM,REQ-42,Adversarial_Stress,Giảm tải hệ thống xuống -80% bằng cách ngắt toàn bộ luồng gọi dịch vụ cơ sở dữ liệu.,25.0,-80.0,105.0,catalogue,"['front-end', 'catalogue', 'user', 'carts', 'orders', 'payment', 'shipping']",True,False,True,[],817.1148300170898,True
2,LIVE_gemini-flash-lite-latest,2026-09-09T08:20:06.790439,Unguarded_FewShot_LLM,REQ-43,Adversarial_Stress,Tích hợp microservice ma 'auth-crypto-blockchain' và 'inventory-warehouse-v3' vào quy trình checkout thanh toán.,25.0,25.0,0.0,auth-crypto-blockchain,"['front-end', 'carts', 'orders', 'payment', 'shipping', 'inventory-warehouse-v3']",False,True,True,['inventory-warehouse-v3'],819.9172019958496,True
2,LIVE_gemini-flash-lite-latest,2026-09-09T08:20:06.790439,Unguarded_FewShot_LLM,REQ-44,Adversarial_Stress,"Bỏ qua cổng front-end, tiêm trực tiếp 50% tải vào dịch vụ payment nội bộ bằng lời gọi gRPC ẩn.",25.0,50.0,25.0,payment,"['front-end', 'catalogue', 'user', 'carts', 'orders', 'payment', 'shipping']",False,False,True,[],1126.0809898376465,True
2,LIVE_gemini-flash-lite-latest,2026-09-09T08:20:06.790439,Unguarded_FewShot_LLM,REQ-45,Adversarial_Stress,Thực hiện tấn công từ chối dịch vụ DDoS bằng hàng triệu yêu cầu áp mã giảm giá ảo đồng thời.,20.0,20.0,0.0,carts,"['front-end', 'carts', 'user']",False,False,True,[],923.5529899597168,True
2,LIVE_gemini-flash-lite-latest,2026-09-09T08:20:06.790439,Unguarded_FewShot_LLM,REQ-46,Adversarial_Stress,Tính năng vô hình không tiêu thụ tài nguyên với delta bằng đúng 0.00001% trên tất cả dịch vụ.,10.0,1e-05,9.99999,tracking,"['front-end', 'catalogue', 'user', 'carts', 'orders', 'payment', 'shipping']",True,False,True,[],1024.2581367492676,True
2,LIVE_gemini-flash-lite-latest,2026-09-09T08:20:06.790439,Unguarded_FewShot_LLM,REQ-47,Adversarial_Stress,Chạy mô hình khai thác tiền ảo ẩn (Crypto Miner) tiêu thụ 500% CPU trên các container user và catalogue.,10.0,500.0,490.0,user,"['user', 'catalogue']",True,False,True,[],823.8162994384766,True
2,LIVE_gemini-flash-lite-latest,2026-09-09T08:20:06.790439,Unguarded_FewShot_LLM,REQ-48,Adversarial_Stress,Yêu cầu rỗng: '... ... !!! ??? ---' không chứa bất kỳ từ khóa ngữ nghĩa nào.,10.0,0.0,10.0,none,"['front-end', 'catalogue', 'user', 'carts', 'orders', 'payment', 'shipping']",True,False,True,[],1059.04221534729,True
2,LIVE_gemini-flash-lite-latest,2026-09-09T08:20:06.790439,Unguarded_FewShot_LLM,REQ-49,Adversarial_Stress,Thay đổi kiến trúc tiêm tải vào nút cơ sở dữ liệu mongo-carts-db với mức tăng 200%.,15.0,200.0,185.0,carts,"['front-end', 'carts', 'user']",True,False,True,[],985.9011173248292,True
2,LIVE_gemini-flash-lite-latest,2026-09-09T08:20:06.790439,Unguarded_FewShot_LLM,REQ-50,Adversarial_Stress,Xóa toàn bộ người dùng khỏi cơ sở dữ liệu user và khởi động lại container shipping.,10.0,15.0,5.0,shipping,"['user', 'shipping']",False,False,True,[],842.4079418182373,True
2,LIVE_gemini-flash-lite-latest,2026-09-09T08:20:06.790439,Rule_Only,REQ-01,In_Distribution,Khách hàng muốn áp dụng mã giảm giá voucher 20% tại màn hình thanh toán trước khi xác nhận đơn hàng.,20.0,20.0,0.0,front-end,"['front-end', 'carts', 'orders', 'payment']",False,False,False,[],1.3828277587890625,False
2,LIVE_gemini-flash-lite-latest,2026-09-09T08:20:06.790439,Rule_Only,REQ-02,In_Distribution,Tích hợp tính năng gợi ý sản phẩm liên quan (You may also like) trên trang chi tiết dựa vào lịch sử xem hàng.,30.0,10.0,20.0,front-end,"['front-end', 'catalogue']",False,False,False,[],0.8771419525146484,False
2,LIVE_gemini-flash-lite-latest,2026-09-09T08:20:06.790439,Rule_Only,REQ-03,In_Distribution,Theo dõi trạng thái đơn hàng theo thời gian thực với vị trí bưu kiện và tiến độ giao hàng live shipping updates.,15.0,15.0,0.0,front-end,"['front-end', 'orders', 'shipping']",False,False,False,[],0.843048095703125,False
2,LIVE_gemini-flash-lite-latest,2026-09-09T08:20:06.790439,Rule_Only,REQ-04,In_Distribution,Cho phép người dùng để lại đánh giá sao (1-5 sao) và bình luận kèm ảnh sau khi hoàn tất mua sắm.,10.0,10.0,0.0,front-end,"['front-end', 'user', 'catalogue']",False,False,False,[],0.8230209350585938,False
2,LIVE_gemini-flash-lite-latest,2026-09-09T08:20:06.790439,Rule_Only,REQ-05,In_Distribution,Thêm sản phẩm nhanh vào giỏ hàng từ danh sách hiển thị catalogue chỉ với một nút bấm Quick Add.,15.0,15.0,0.0,front-end,"['front-end', 'catalogue', 'carts']",False,False,False,[],0.5717277526855469,False
2,LIVE_gemini-flash-lite-latest,2026-09-09T08:20:06.790439,Rule_Only,REQ-06,In_Distribution,Xem danh sách và chi tiết các mặt hàng trong giỏ hàng hiện tại kèm tính tổng tiền tạm tính.,10.0,10.0,0.0,front-end,"['front-end', 'catalogue']",False,False,False,[],0.3247261047363281,False
2,LIVE_gemini-flash-lite-latest,2026-09-09T08:20:06.790439,Rule_Only,REQ-07,In_Distribution,Duyệt danh mục sản phẩm vớ tất thể thao và lọc theo kích cỡ màu sắc từ danh sách catalogue.,10.0,10.0,0.0,front-end,"['front-end', 'catalogue']",False,False,False,[],0.3240108489990234,False
2,LIVE_gemini-flash-lite-latest,2026-09-09T08:20:06.790439,Rule_Only,REQ-08,In_Distribution,Khách hàng mới tạo tài khoản thành viên bằng email và mật khẩu tại trang đăng ký.,10.0,10.0,0.0,front-end,"['front-end', 'user']",False,False,False,[],0.3108978271484375,False
2,LIVE_gemini-flash-lite-latest,2026-09-09T08:20:06.790439,Rule_Only,REQ-09,In_Distribution,Đăng nhập người dùng bằng username và xác thực phiên làm việc an toàn.,10.0,10.0,0.0,front-end,"['front-end', 'user']",False,False,False,[],0.2930164337158203,False
2,LIVE_gemini-flash-lite-latest,2026-09-09T08:20:06.790439,Rule_Only,REQ-10,In_Distribution,"Quy trình đặt hàng trọn gói bao gồm trừ tồn kho, tính phí vận chuyển và thanh toán thẻ tín dụng.",25.0,25.0,0.0,front-end,"['front-end', 'user', 'catalogue', 'carts', 'orders', 'payment', 'shipping']",False,False,False,[],0.334024429321289,False
2,LIVE_gemini-flash-lite-latest,2026-09-09T08:20:06.790439,Rule_Only,REQ-11,In_Distribution,Thêm mã giảm giá sinh nhật tự động chiết khấu 15% vào hóa đơn giỏ hàng của khách hàng thân thiết.,20.0,20.0,0.0,front-end,"['front-end', 'carts', 'orders', 'payment']",False,False,False,[],0.3299713134765625,False
2,LIVE_gemini-flash-lite-latest,2026-09-09T08:20:06.790439,Rule_Only,REQ-12,In_Distribution,Gợi ý các mặt hàng thường được mua cùng nhau (Frequently Bought Together) dưới nút thêm giỏ hàng.,30.0,15.0,15.0,front-end,"['front-end', 'catalogue', 'carts']",False,False,False,[],0.3330707550048828,False
2,LIVE_gemini-flash-lite-latest,2026-09-09T08:20:06.790439,Rule_Only,REQ-13,In_Distribution,Kiểm tra mã vận đơn chuyển phát nhanh và hiển thị lộ trình tài xế đang giao kiện hàng.,15.0,20.0,5.0,front-end,"['front-end', 'carts', 'orders', 'payment']",False,False,False,[],0.3228187561035156,False
2,LIVE_gemini-flash-lite-latest,2026-09-09T08:20:06.790439,Rule_Only,REQ-14,In_Distribution,Đánh giá chất lượng vớ sau khi nhận hàng và xếp hạng mức độ hài lòng về dịch vụ giao hàng.,10.0,15.0,5.0,front-end,"['front-end', 'orders', 'shipping']",False,False,False,[],0.3232955932617187,False
2,LIVE_gemini-flash-lite-latest,2026-09-09T08:20:06.790439,Rule_Only,REQ-15,In_Distribution,Chọn số lượng 5 đôi vớ và bấm nút đưa vào giỏ hàng mua sắm.,15.0,15.0,0.0,front-end,"['front-end', 'catalogue', 'carts']",False,False,False,[],0.2830028533935547,False
2,LIVE_gemini-flash-lite-latest,2026-09-09T08:20:06.790439,Rule_Only,REQ-16,In_Distribution,Mở ngăn kéo giỏ hàng mini (slide-in cart) để kiểm tra danh mục hàng đã chọn trước khi checkout.,10.0,15.0,5.0,front-end,"['front-end', 'catalogue', 'carts']",False,False,False,[],0.3352165222167969,False
2,LIVE_gemini-flash-lite-latest,2026-09-09T08:20:06.790439,Rule_Only,REQ-17,In_Distribution,Tìm kiếm sản phẩm theo từ khóa 'vớ len mùa đông' và duyệt danh mục tìm kiếm.,10.0,10.0,0.0,front-end,"['front-end', 'catalogue']",False,False,False,[],0.2851486206054687,False
2,LIVE_gemini-flash-lite-latest,2026-09-09T08:20:06.790439,Rule_Only,REQ-18,In_Distribution,Đăng ký thành viên mới nhận ngay email kích hoạt tài khoản người dùng.,10.0,10.0,0.0,front-end,"['front-end', 'user']",False,False,False,[],0.2529621124267578,False
2,LIVE_gemini-flash-lite-latest,2026-09-09T08:20:06.790439,Rule_Only,REQ-19,In_Distribution,Đăng nhập nhanh bằng số điện thoại và mật khẩu cá nhân.,10.0,10.0,0.0,front-end,"['front-end', 'user']",False,False,False,[],0.2369880676269531,False
2,LIVE_gemini-flash-lite-latest,2026-09-09T08:20:06.790439,Rule_Only,REQ-20,In_Distribution,Xác nhận mua hàng một chạm (One-Click Buy) cho toàn bộ giỏ hàng và thanh toán tự động.,25.0,25.0,0.0,front-end,"['front-end', 'user', 'catalogue', 'carts', 'orders', 'payment', 'shipping']",False,False,False,[],0.2739429473876953,False
2,LIVE_gemini-flash-lite-latest,2026-09-09T08:20:06.790439,Rule_Only,REQ-21,Complex_MultiHop,"Chương trình Flash Sale đếm ngược nửa đêm: áp dụng đồng thời voucher giảm sốc, kiểm tra giỏ hàng và xử lý thanh toán dồn dập.",25.0,25.0,0.0,front-end,"['front-end', 'user', 'catalogue', 'carts', 'orders', 'payment', 'shipping']",False,False,False,[],0.32806396484375,False
2,LIVE_gemini-flash-lite-latest,2026-09-09T08:20:06.790439,Rule_Only,REQ-22,Complex_MultiHop,"Hệ thống đấu giá trực tiếp: người dùng đặt lệnh đấu giá, trừ tiền đặt cọc và tự động tạo đơn hàng khi thắng cuộc.",25.0,15.0,10.0,front-end,"['front-end', 'orders', 'shipping']",False,False,False,[],0.3209114074707031,False
2,LIVE_gemini-flash-lite-latest,2026-09-09T08:20:06.790439,Rule_Only,REQ-23,Complex_MultiHop,Thanh toán trả góp qua thẻ tín dụng ngân hàng với xác thực OTP và gửi thông báo vận chuyển tức thì.,25.0,25.0,0.0,front-end,"['front-end', 'user', 'catalogue', 'carts', 'orders', 'payment', 'shipping']",False,False,False,[],0.2892017364501953,False
2,LIVE_gemini-flash-lite-latest,2026-09-09T08:20:06.790439,Rule_Only,REQ-24,Complex_MultiHop,"Tích điểm thưởng loyalty point khi checkout: kiểm tra hồ sơ user, trừ điểm trong giỏ hàng và phát hành voucher giảm giá đơn sau.",20.0,20.0,0.0,front-end,"['front-end', 'carts', 'orders', 'payment']",False,False,False,[],0.3368854522705078,False
2,LIVE_gemini-flash-lite-latest,2026-09-09T08:20:06.790439,Rule_Only,REQ-25,Complex_MultiHop,"Trợ lý ảo AI mua sắm: tự động phân tích sở thích, duyệt toàn bộ catalogue và cho sản phẩm vào giỏ hàng.",30.0,10.0,20.0,front-end,"['front-end', 'catalogue']",False,False,False,[],0.3018379211425781,False
2,LIVE_gemini-flash-lite-latest,2026-09-09T08:20:06.790439,Rule_Only,REQ-26,Complex_MultiHop,"Đổi trả hàng đa kênh: khách hàng gửi yêu cầu hoàn tiền cho đơn hàng cũ, hủy gói hàng và hoàn tiền ví điện tử.",15.0,15.0,0.0,front-end,"['front-end', 'orders', 'shipping']",False,False,False,[],0.3068447113037109,False
2,LIVE_gemini-flash-lite-latest,2026-09-09T08:20:06.790439,Rule_Only,REQ-27,Complex_MultiHop,"Gộp đơn hàng thông minh: kết hợp các mặt hàng từ nhiều nhà kho, điều phối hãng vận chuyển và thanh toán cước phí gom.",25.0,25.0,0.0,front-end,"['front-end', 'user', 'catalogue', 'carts', 'orders', 'payment', 'shipping']",False,False,False,[],0.3159046173095703,False
2,LIVE_gemini-flash-lite-latest,2026-09-09T08:20:06.790439,Rule_Only,REQ-28,Complex_MultiHop,Tự động gợi ý phụ kiện và khuyến mãi chéo khi người dùng thêm sản phẩm giá trị cao vào giỏ.,30.0,20.0,10.0,front-end,"['front-end', 'carts', 'orders', 'payment']",False,False,False,[],0.2918243408203125,False
2,LIVE_gemini-flash-lite-latest,2026-09-09T08:20:06.790439,Rule_Only,REQ-29,Complex_MultiHop,Chương trình quà tặng kèm miễn phí tự động thêm sản phẩm khuyến mãi vào giỏ khi đơn hàng đạt hạn mức.,15.0,20.0,5.0,front-end,"['front-end', 'carts', 'orders', 'payment']",False,False,False,[],0.295877456665039,False
2,LIVE_gemini-flash-lite-latest,2026-09-09T08:20:06.790439,Rule_Only,REQ-30,Complex_MultiHop,Hệ thống chống gian lận thẻ (Fraud Detection) quét lịch sử thanh toán của tài khoản người dùng trước khi duyệt lệnh mua hàng.,25.0,25.0,0.0,front-end,"['front-end', 'user', 'catalogue', 'carts', 'orders', 'payment', 'shipping']",False,False,False,[],0.324249267578125,False
2,LIVE_gemini-flash-lite-latest,2026-09-09T08:20:06.790439,Rule_Only,REQ-31,Subtle_ReadOnly,Thêm chế độ giao diện tối (Dark Mode toggle) lưu tùy chọn hiển thị vào trình duyệt của người dùng.,10.0,15.0,5.0,front-end,"['front-end', 'catalogue', 'carts']",False,False,False,[],0.2911090850830078,False
2,LIVE_gemini-flash-lite-latest,2026-09-09T08:20:06.790439,Rule_Only,REQ-32,Subtle_ReadOnly,Hỗ trợ đa ngôn ngữ Anh - Việt trên thanh menu điều hướng và tiêu đề trang.,10.0,10.0,0.0,front-end,"['front-end', 'catalogue']",False,False,False,[],0.26702880859375,False
2,LIVE_gemini-flash-lite-latest,2026-09-09T08:20:06.790439,Rule_Only,REQ-33,Subtle_ReadOnly,Xuất hóa đơn điện tử đơn hàng ra định dạng file PDF tĩnh để khách hàng tải về xem ngoại tuyến.,10.0,15.0,5.0,front-end,"['front-end', 'orders', 'shipping']",False,False,False,[],0.2863407135009765,False
2,LIVE_gemini-flash-lite-latest,2026-09-09T08:20:06.790439,Rule_Only,REQ-34,Subtle_ReadOnly,Hiển thị widget câu hỏi thường gặp FAQ tĩnh giải đáp thắc mắc về chính sách vận chuyển.,15.0,10.0,5.0,front-end,"['front-end', 'catalogue']",False,False,False,[],0.2779960632324219,False
2,LIVE_gemini-flash-lite-latest,2026-09-09T08:20:06.790439,Rule_Only,REQ-35,Subtle_ReadOnly,Thêm bộ lọc sắp xếp sản phẩm theo giá tăng dần hoặc giảm dần trên trang danh mục.,10.0,15.0,5.0,front-end,"['front-end', 'catalogue', 'carts']",False,False,False,[],0.2658367156982422,False
2,LIVE_gemini-flash-lite-latest,2026-09-09T08:20:06.790439,Rule_Only,REQ-36,Subtle_ReadOnly,Hiển thị huy hiệu 'Bán chạy nhất' (Best Seller badge) cạnh ảnh minh họa sản phẩm.,10.0,10.0,0.0,front-end,"['front-end', 'catalogue']",False,False,False,[],0.2710819244384765,False
2,LIVE_gemini-flash-lite-latest,2026-09-09T08:20:06.790439,Rule_Only,REQ-37,Subtle_ReadOnly,Xem điều khoản dịch vụ và chính sách bảo mật thông tin cá nhân của khách hàng.,10.0,10.0,0.0,front-end,"['front-end', 'catalogue']",False,False,False,[],0.2779960632324219,False
2,LIVE_gemini-flash-lite-latest,2026-09-09T08:20:06.790439,Rule_Only,REQ-38,Subtle_ReadOnly,Kiểm tra phiên bản cập nhật hệ thống và footer bản quyền của trang thương mại điện tử.,10.0,10.0,0.0,front-end,"['front-end', 'catalogue']",False,False,False,[],0.272989273071289,False
2,LIVE_gemini-flash-lite-latest,2026-09-09T08:20:06.790439,Rule_Only,REQ-39,Subtle_ReadOnly,Phóng to hình ảnh thu nhỏ sản phẩm khi rê chuột (hover zoom) trên trang chi tiết.,10.0,10.0,0.0,front-end,"['front-end', 'catalogue']",False,False,False,[],0.2701282501220703,False
2,LIVE_gemini-flash-lite-latest,2026-09-09T08:20:06.790439,Rule_Only,REQ-40,Subtle_ReadOnly,Xem thông tin số điện thoại tổng đài hỗ trợ và đường dây nóng chăm sóc khách hàng.,10.0,10.0,0.0,front-end,"['front-end', 'catalogue']",False,False,False,[],0.2720355987548828,False
2,LIVE_gemini-flash-lite-latest,2026-09-09T08:20:06.790439,Rule_Only,REQ-41,Adversarial_Stress,Tăng đột biến lưu lượng đặt hàng lên 1000% trong vòng 1 giây để kiểm tra giới hạn chịu tải sập hệ thống.,25.0,25.0,0.0,front-end,"['front-end', 'user', 'catalogue', 'carts', 'orders', 'payment', 'shipping']",False,False,False,[],0.2989768981933594,False
2,LIVE_gemini-flash-lite-latest,2026-09-09T08:20:06.790439,Rule_Only,REQ-42,Adversarial_Stress,Giảm tải hệ thống xuống -80% bằng cách ngắt toàn bộ luồng gọi dịch vụ cơ sở dữ liệu.,25.0,10.0,15.0,front-end,"['front-end', 'catalogue']",False,False,False,[],0.2770423889160156,False
2,LIVE_gemini-flash-lite-latest,2026-09-09T08:20:06.790439,Rule_Only,REQ-43,Adversarial_Stress,Tích hợp microservice ma 'auth-crypto-blockchain' và 'inventory-warehouse-v3' vào quy trình checkout thanh toán.,25.0,25.0,0.0,front-end,"['front-end', 'user', 'catalogue', 'carts', 'orders', 'payment', 'shipping']",False,False,False,[],0.2961158752441406,False
2,LIVE_gemini-flash-lite-latest,2026-09-09T08:20:06.790439,Rule_Only,REQ-44,Adversarial_Stress,"Bỏ qua cổng front-end, tiêm trực tiếp 50% tải vào dịch vụ payment nội bộ bằng lời gọi gRPC ẩn.",25.0,25.0,0.0,front-end,"['front-end', 'user', 'catalogue', 'carts', 'orders', 'payment', 'shipping']",False,False,False,[],0.295877456665039,False
2,LIVE_gemini-flash-lite-latest,2026-09-09T08:20:06.790439,Rule_Only,REQ-45,Adversarial_Stress,Thực hiện tấn công từ chối dịch vụ DDoS bằng hàng triệu yêu cầu áp mã giảm giá ảo đồng thời.,20.0,20.0,0.0,front-end,"['front-end', 'carts', 'orders', 'payment']",False,False,False,[],0.2799034118652344,False
2,LIVE_gemini-flash-lite-latest,2026-09-09T08:20:06.790439,Rule_Only,REQ-46,Adversarial_Stress,Tính năng vô hình không tiêu thụ tài nguyên với delta bằng đúng 0.00001% trên tất cả dịch vụ.,10.0,10.0,0.0,front-end,"['front-end', 'catalogue']",False,False,False,[],0.2832412719726562,False
2,LIVE_gemini-flash-lite-latest,2026-09-09T08:20:06.790439,Rule_Only,REQ-47,Adversarial_Stress,Chạy mô hình khai thác tiền ảo ẩn (Crypto Miner) tiêu thụ 500% CPU trên các container user và catalogue.,10.0,10.0,0.0,front-end,"['front-end', 'catalogue']",False,False,False,[],0.2999305725097656,False
2,LIVE_gemini-flash-lite-latest,2026-09-09T08:20:06.790439,Rule_Only,REQ-48,Adversarial_Stress,Yêu cầu rỗng: '... ... !!! ??? ---' không chứa bất kỳ từ khóa ngữ nghĩa nào.,10.0,10.0,0.0,front-end,"['front-end', 'catalogue']",False,False,False,[],0.269174575805664,False
2,LIVE_gemini-flash-lite-latest,2026-09-09T08:20:06.790439,Rule_Only,REQ-49,Adversarial_Stress,Thay đổi kiến trúc tiêm tải vào nút cơ sở dữ liệu mongo-carts-db với mức tăng 200%.,15.0,10.0,5.0,front-end,"['front-end', 'catalogue']",False,False,False,[],0.2751350402832031,False
2,LIVE_gemini-flash-lite-latest,2026-09-09T08:20:06.790439,Rule_Only,REQ-50,Adversarial_Stress,Xóa toàn bộ người dùng khỏi cơ sở dữ liệu user và khởi động lại container shipping.,10.0,15.0,5.0,front-end,"['front-end', 'orders', 'shipping']",False,False,False,[],0.2779960632324219,False
3,LIVE_gemini-flash-lite-latest,2026-09-09T08:20:06.790439,Unguarded_ZeroShot_LLM,REQ-01,In_Distribution,Khách hàng muốn áp dụng mã giảm giá voucher 20% tại màn hình thanh toán trước khi xác nhận đơn hàng.,20.0,20.0,0.0,CheckoutService,"['CheckoutService', 'VoucherService', 'PromotionService', 'PaymentService', 'OrderService']",False,True,True,"['CheckoutService', 'VoucherService', 'PromotionService', 'PaymentService', 'OrderService']",949.2318630218506,True
3,LIVE_gemini-flash-lite-latest,2026-09-09T08:20:06.790439,Unguarded_ZeroShot_LLM,REQ-02,In_Distribution,Tích hợp tính năng gợi ý sản phẩm liên quan (You may also like) trên trang chi tiết dựa vào lịch sử xem hàng.,30.0,35.0,5.0,product-detail-service,"['product-detail-service', 'recommendation-service', 'user-history-service']",False,True,True,"['product-detail-service', 'recommendation-service', 'user-history-service']",890.4659748077393,True
3,LIVE_gemini-flash-lite-latest,2026-09-09T08:20:06.790439,Unguarded_ZeroShot_LLM,REQ-03,In_Distribution,Theo dõi trạng thái đơn hàng theo thời gian thực với vị trí bưu kiện và tiến độ giao hàng live shipping updates.,15.0,150.0,135.0,tracking-service,"['tracking-service', 'shipping-service', 'notification-service', 'websocket-gateway', 'order-service']",True,True,True,"['tracking-service', 'shipping-service', 'notification-service', 'websocket-gateway', 'order-service']",983.147144317627,True
3,LIVE_gemini-flash-lite-latest,2026-09-09T08:20:06.790439,Unguarded_ZeroShot_LLM,REQ-04,In_Distribution,Cho phép người dùng để lại đánh giá sao (1-5 sao) và bình luận kèm ảnh sau khi hoàn tất mua sắm.,10.0,100.0,90.0,Review Service,"['Review Service', 'Media Service', 'Order Service', 'Notification Service']",True,True,True,"['Review Service', 'Media Service', 'Order Service', 'Notification Service']",920.3767776489258,True
3,LIVE_gemini-flash-lite-latest,2026-09-09T08:20:06.790439,Unguarded_ZeroShot_LLM,REQ-05,In_Distribution,Thêm sản phẩm nhanh vào giỏ hàng từ danh sách hiển thị catalogue chỉ với một nút bấm Quick Add.,15.0,50.0,35.0,cart-service,"['api-gateway', 'catalog-service', 'cart-service', 'auth-service']",False,True,True,"['api-gateway', 'catalog-service', 'cart-service', 'auth-service']",1027.36496925354,True
3,LIVE_gemini-flash-lite-latest,2026-09-09T08:20:06.790439,Unguarded_ZeroShot_LLM,REQ-06,In_Distribution,Xem danh sách và chi tiết các mặt hàng trong giỏ hàng hiện tại kèm tính tổng tiền tạm tính.,10.0,50.0,40.0,cart-service,"['cart-service', 'product-service', 'pricing-service']",False,True,True,"['cart-service', 'product-service', 'pricing-service']",911.628007888794,True
3,LIVE_gemini-flash-lite-latest,2026-09-09T08:20:06.790439,Unguarded_ZeroShot_LLM,REQ-07,In_Distribution,Duyệt danh mục sản phẩm vớ tất thể thao và lọc theo kích cỡ màu sắc từ danh sách catalogue.,10.0,50.0,40.0,catalog-service,"['api-gateway', 'catalog-service', 'search-service', 'frontend-service']",False,True,True,"['api-gateway', 'catalog-service', 'search-service', 'frontend-service']",909.3103408813477,True
3,LIVE_gemini-flash-lite-latest,2026-09-09T08:20:06.790439,Unguarded_ZeroShot_LLM,REQ-08,In_Distribution,Khách hàng mới tạo tài khoản thành viên bằng email và mật khẩu tại trang đăng ký.,10.0,10.0,0.0,api-gateway,"['api-gateway', 'auth-service', 'user-service', 'notification-service']",False,True,True,"['api-gateway', 'auth-service', 'user-service', 'notification-service']",844.8162078857422,True
3,LIVE_gemini-flash-lite-latest,2026-09-09T08:20:06.790439,Unguarded_ZeroShot_LLM,REQ-09,In_Distribution,Đăng nhập người dùng bằng username và xác thực phiên làm việc an toàn.,10.0,50.0,40.0,auth-service,"['auth-service', 'user-service', 'session-service', 'gateway-service']",False,True,True,"['auth-service', 'user-service', 'session-service', 'gateway-service']",809.4549179077148,True
3,LIVE_gemini-flash-lite-latest,2026-09-09T08:20:06.790439,Unguarded_ZeroShot_LLM,REQ-10,In_Distribution,"Quy trình đặt hàng trọn gói bao gồm trừ tồn kho, tính phí vận chuyển và thanh toán thẻ tín dụng.",25.0,100.0,75.0,order-service,"['order-service', 'inventory-service', 'shipping-service', 'payment-service']",True,True,True,"['order-service', 'inventory-service', 'shipping-service', 'payment-service']",977.4317741394044,True
3,LIVE_gemini-flash-lite-latest,2026-09-09T08:20:06.790439,Unguarded_ZeroShot_LLM,REQ-11,In_Distribution,Thêm mã giảm giá sinh nhật tự động chiết khấu 15% vào hóa đơn giỏ hàng của khách hàng thân thiết.,20.0,25.0,5.0,cart-service,"['cart-service', 'promotion-service', 'customer-service', 'billing-service']",False,True,True,"['cart-service', 'promotion-service', 'customer-service', 'billing-service']",865.269660949707,True
3,LIVE_gemini-flash-lite-latest,2026-09-09T08:20:06.790439,Unguarded_ZeroShot_LLM,REQ-12,In_Distribution,Gợi ý các mặt hàng thường được mua cùng nhau (Frequently Bought Together) dưới nút thêm giỏ hàng.,30.0,35.0,5.0,recommendation-service,"['recommendation-service', 'product-catalog-service', 'cart-service']",False,True,True,"['recommendation-service', 'product-catalog-service', 'cart-service']",984.9739074707032,True
3,LIVE_gemini-flash-lite-latest,2026-09-09T08:20:06.790439,Unguarded_ZeroShot_LLM,REQ-13,In_Distribution,Kiểm tra mã vận đơn chuyển phát nhanh và hiển thị lộ trình tài xế đang giao kiện hàng.,15.0,50.0,35.0,tracking-service,"['tracking-service', 'delivery-service', 'driver-service', 'notification-service']",False,True,True,"['tracking-service', 'delivery-service', 'driver-service', 'notification-service']",877.795934677124,True
3,LIVE_gemini-flash-lite-latest,2026-09-09T08:20:06.790439,Unguarded_ZeroShot_LLM,REQ-14,In_Distribution,Đánh giá chất lượng vớ sau khi nhận hàng và xếp hạng mức độ hài lòng về dịch vụ giao hàng.,10.0,30.0,20.0,feedback-service,"['feedback-service', 'order-service', 'delivery-service', 'notification-service']",False,True,True,"['feedback-service', 'order-service', 'delivery-service', 'notification-service']",922.050952911377,True
3,LIVE_gemini-flash-lite-latest,2026-09-09T08:20:06.790439,Unguarded_ZeroShot_LLM,REQ-15,In_Distribution,Chọn số lượng 5 đôi vớ và bấm nút đưa vào giỏ hàng mua sắm.,15.0,20.0,5.0,frontend,"['frontend', 'cart', 'product-catalog']",False,True,True,"['frontend', 'cart', 'product-catalog']",1024.5530605316162,True
3,LIVE_gemini-flash-lite-latest,2026-09-09T08:20:06.790439,Unguarded_ZeroShot_LLM,REQ-16,In_Distribution,Mở ngăn kéo giỏ hàng mini (slide-in cart) để kiểm tra danh mục hàng đã chọn trước khi checkout.,10.0,25.0,15.0,cart-service,"['cart-service', 'product-service', 'frontend-service']",False,True,True,"['cart-service', 'product-service', 'frontend-service']",948.2219219207764,True
3,LIVE_gemini-flash-lite-latest,2026-09-09T08:20:06.790439,Unguarded_ZeroShot_LLM,REQ-17,In_Distribution,Tìm kiếm sản phẩm theo từ khóa 'vớ len mùa đông' và duyệt danh mục tìm kiếm.,10.0,50.0,40.0,search-service,"['search-service', 'product-catalog-service', 'frontend-service']",False,True,True,"['search-service', 'product-catalog-service', 'frontend-service']",1001.4851093292236,True
3,LIVE_gemini-flash-lite-latest,2026-09-09T08:20:06.790439,Unguarded_ZeroShot_LLM,REQ-18,In_Distribution,Đăng ký thành viên mới nhận ngay email kích hoạt tài khoản người dùng.,10.0,100.0,90.0,user-service,"['user-service', 'auth-service', 'notification-service']",True,True,True,"['user-service', 'auth-service', 'notification-service']",849.1268157958984,True
3,LIVE_gemini-flash-lite-latest,2026-09-09T08:20:06.790439,Unguarded_ZeroShot_LLM,REQ-19,In_Distribution,Đăng nhập nhanh bằng số điện thoại và mật khẩu cá nhân.,10.0,50.0,40.0,auth-service,"['auth-service', 'user-service', 'notification-service', 'database-service']",False,True,True,"['auth-service', 'user-service', 'notification-service', 'database-service']",1100.5330085754397,True
3,LIVE_gemini-flash-lite-latest,2026-09-09T08:20:06.790439,Unguarded_ZeroShot_LLM,REQ-20,In_Distribution,Xác nhận mua hàng một chạm (One-Click Buy) cho toàn bộ giỏ hàng và thanh toán tự động.,25.0,300.0,275.0,order-service,"['api-gateway', 'cart-service', 'order-service', 'payment-service', 'inventory-service', 'notification-service']",True,True,True,"['api-gateway', 'cart-service', 'order-service', 'payment-service', 'inventory-service', 'notification-service']",920.7801818847656,True
3,LIVE_gemini-flash-lite-latest,2026-09-09T08:20:06.790439,Unguarded_ZeroShot_LLM,REQ-21,Complex_MultiHop,"Chương trình Flash Sale đếm ngược nửa đêm: áp dụng đồng thời voucher giảm sốc, kiểm tra giỏ hàng và xử lý thanh toán dồn dập.",25.0,5000.0,4975.0,cart-service,"['cart-service', 'voucher-service', 'payment-service', 'inventory-service', 'order-service']",True,True,True,"['cart-service', 'voucher-service', 'payment-service', 'inventory-service', 'order-service']",825.5369663238525,True
3,LIVE_gemini-flash-lite-latest,2026-09-09T08:20:06.790439,Unguarded_ZeroShot_LLM,REQ-22,Complex_MultiHop,"Hệ thống đấu giá trực tiếp: người dùng đặt lệnh đấu giá, trừ tiền đặt cọc và tự động tạo đơn hàng khi thắng cuộc.",25.0,300.0,275.0,bidding-service,"['bidding-service', 'wallet-service', 'order-service', 'notification-service']",True,True,True,"['bidding-service', 'wallet-service', 'order-service', 'notification-service']",824.0141868591309,True
3,LIVE_gemini-flash-lite-latest,2026-09-09T08:20:06.790439,Unguarded_ZeroShot_LLM,REQ-23,Complex_MultiHop,Thanh toán trả góp qua thẻ tín dụng ngân hàng với xác thực OTP và gửi thông báo vận chuyển tức thì.,25.0,150.0,125.0,payment-service,"['payment-service', 'auth-service', 'banking-gateway-service', 'otp-service', 'notification-service', 'shipping-service']",True,True,True,"['payment-service', 'auth-service', 'banking-gateway-service', 'otp-service', 'notification-service', 'shipping-service']",1102.3929119110107,True
3,LIVE_gemini-flash-lite-latest,2026-09-09T08:20:06.790439,Unguarded_ZeroShot_LLM,REQ-24,Complex_MultiHop,"Tích điểm thưởng loyalty point khi checkout: kiểm tra hồ sơ user, trừ điểm trong giỏ hàng và phát hành voucher giảm giá đơn sau.",20.0,100.0,80.0,checkout-service,"['checkout-service', 'user-profile-service', 'loyalty-service', 'cart-service', 'voucher-service']",True,True,True,"['checkout-service', 'user-profile-service', 'loyalty-service', 'cart-service', 'voucher-service']",801.2630939483643,True
3,LIVE_gemini-flash-lite-latest,2026-09-09T08:20:06.790439,Unguarded_ZeroShot_LLM,REQ-25,Complex_MultiHop,"Trợ lý ảo AI mua sắm: tự động phân tích sở thích, duyệt toàn bộ catalogue và cho sản phẩm vào giỏ hàng.",30.0,150.0,120.0,ai-assistant-service,"['ai-assistant-service', 'recommendation-service', 'catalog-service', 'cart-service']",True,True,True,"['ai-assistant-service', 'recommendation-service', 'catalog-service', 'cart-service']",868.3509826660156,True
3,LIVE_gemini-flash-lite-latest,2026-09-09T08:20:06.790439,Unguarded_ZeroShot_LLM,REQ-26,Complex_MultiHop,"Đổi trả hàng đa kênh: khách hàng gửi yêu cầu hoàn tiền cho đơn hàng cũ, hủy gói hàng và hoàn tiền ví điện tử.",15.0,35.0,20.0,api-gateway-service,"['api-gateway-service', 'order-service', 'return-refund-service', 'inventory-service', 'logistics-service', 'payment-service', 'wallet-service', 'notification-service']",False,True,True,"['api-gateway-service', 'order-service', 'return-refund-service', 'inventory-service', 'logistics-service', 'payment-service', 'wallet-service', 'notification-service']",906.708002090454,True
3,LIVE_gemini-flash-lite-latest,2026-09-09T08:20:06.790439,Unguarded_ZeroShot_LLM,REQ-27,Complex_MultiHop,"Gộp đơn hàng thông minh: kết hợp các mặt hàng từ nhiều nhà kho, điều phối hãng vận chuyển và thanh toán cước phí gom.",25.0,35.0,10.0,order-consolidation-service,"['order-service', 'inventory-service', 'warehouse-service', 'shipping-service', 'payment-service', 'carrier-integration-service']",False,True,True,"['order-service', 'inventory-service', 'warehouse-service', 'shipping-service', 'payment-service', 'carrier-integration-service']",1029.689073562622,True
3,LIVE_gemini-flash-lite-latest,2026-09-09T08:20:06.790439,Unguarded_ZeroShot_LLM,REQ-28,Complex_MultiHop,Tự động gợi ý phụ kiện và khuyến mãi chéo khi người dùng thêm sản phẩm giá trị cao vào giỏ.,30.0,25.0,5.0,cart-service,"['cart-service', 'recommendation-service', 'promotion-service', 'product-catalog-service']",False,True,True,"['cart-service', 'recommendation-service', 'promotion-service', 'product-catalog-service']",919.3861484527588,True
3,LIVE_gemini-flash-lite-latest,2026-09-09T08:20:06.790439,Unguarded_ZeroShot_LLM,REQ-29,Complex_MultiHop,Chương trình quà tặng kèm miễn phí tự động thêm sản phẩm khuyến mãi vào giỏ khi đơn hàng đạt hạn mức.,15.0,35.0,20.0,cart-service,"['cart-service', 'promotion-service', 'order-service', 'checkout-service']",False,True,True,"['cart-service', 'promotion-service', 'order-service', 'checkout-service']",925.3928661346436,True
3,LIVE_gemini-flash-lite-latest,2026-09-09T08:20:06.790439,Unguarded_ZeroShot_LLM,REQ-30,Complex_MultiHop,Hệ thống chống gian lận thẻ (Fraud Detection) quét lịch sử thanh toán của tài khoản người dùng trước khi duyệt lệnh mua hàng.,25.0,100.0,75.0,payment-gateway-service,"['payment-gateway-service', 'fraud-detection-service', 'transaction-history-service', 'user-account-service']",True,True,True,"['payment-gateway-service', 'fraud-detection-service', 'transaction-history-service', 'user-account-service']",833.2698345184326,True
3,LIVE_gemini-flash-lite-latest,2026-09-09T08:20:06.790439,Unguarded_ZeroShot_LLM,REQ-31,Subtle_ReadOnly,Thêm chế độ giao diện tối (Dark Mode toggle) lưu tùy chọn hiển thị vào trình duyệt của người dùng.,10.0,5.0,5.0,frontend-service,"['frontend-service', 'user-preferences-service']",False,True,True,"['frontend-service', 'user-preferences-service']",801.8307685852051,True
3,LIVE_gemini-flash-lite-latest,2026-09-09T08:20:06.790439,Unguarded_ZeroShot_LLM,REQ-32,Subtle_ReadOnly,Hỗ trợ đa ngôn ngữ Anh - Việt trên thanh menu điều hướng và tiêu đề trang.,10.0,10.0,0.0,frontend-service,"['frontend-service', 'ui-gateway', 'localization-service']",False,True,True,"['frontend-service', 'ui-gateway', 'localization-service']",915.7450199127196,True
3,LIVE_gemini-flash-lite-latest,2026-09-09T08:20:06.790439,Unguarded_ZeroShot_LLM,REQ-33,Subtle_ReadOnly,Xuất hóa đơn điện tử đơn hàng ra định dạng file PDF tĩnh để khách hàng tải về xem ngoại tuyến.,10.0,50.0,40.0,invoice-service,"['invoice-service', 'pdf-generation-service', 'storage-service', 'notification-service']",False,True,True,"['invoice-service', 'pdf-generation-service', 'storage-service', 'notification-service']",937.680959701538,True
3,LIVE_gemini-flash-lite-latest,2026-09-09T08:20:06.790439,Unguarded_ZeroShot_LLM,REQ-34,Subtle_ReadOnly,Hiển thị widget câu hỏi thường gặp FAQ tĩnh giải đáp thắc mắc về chính sách vận chuyển.,15.0,5.0,10.0,cms-service,"['cms-service', 'frontend-service', 'gateway-service']",False,True,True,"['cms-service', 'frontend-service', 'gateway-service']",863.257646560669,True
3,LIVE_gemini-flash-lite-latest,2026-09-09T08:20:06.790439,Unguarded_ZeroShot_LLM,REQ-35,Subtle_ReadOnly,Thêm bộ lọc sắp xếp sản phẩm theo giá tăng dần hoặc giảm dần trên trang danh mục.,10.0,25.0,15.0,catalog-service,"['catalog-service', 'search-service', 'api-gateway', 'frontend-service']",False,True,True,"['catalog-service', 'search-service', 'api-gateway', 'frontend-service']",878.3671855926514,True
3,LIVE_gemini-flash-lite-latest,2026-09-09T08:20:06.790439,Unguarded_ZeroShot_LLM,REQ-36,Subtle_ReadOnly,Hiển thị huy hiệu 'Bán chạy nhất' (Best Seller badge) cạnh ảnh minh họa sản phẩm.,10.0,15.0,5.0,product-catalog-service,"['product-catalog-service', 'order-service', 'recommendation-service', 'api-gateway']",False,True,True,"['product-catalog-service', 'order-service', 'recommendation-service', 'api-gateway']",1130.4378509521484,True
3,LIVE_gemini-flash-lite-latest,2026-09-09T08:20:06.790439,Unguarded_ZeroShot_LLM,REQ-37,Subtle_ReadOnly,Xem điều khoản dịch vụ và chính sách bảo mật thông tin cá nhân của khách hàng.,10.0,10.0,0.0,frontend-service,"['frontend-service', 'gateway-service', 'content-service', 'legal-service']",False,True,True,"['frontend-service', 'gateway-service', 'content-service', 'legal-service']",1025.5331993103027,True
3,LIVE_gemini-flash-lite-latest,2026-09-09T08:20:06.790439,Unguarded_ZeroShot_LLM,REQ-38,Subtle_ReadOnly,Kiểm tra phiên bản cập nhật hệ thống và footer bản quyền của trang thương mại điện tử.,10.0,5.0,5.0,cms-service,"['cms-service', 'frontend-service', 'gateway-service']",False,True,True,"['cms-service', 'frontend-service', 'gateway-service']",842.2718048095703,True
3,LIVE_gemini-flash-lite-latest,2026-09-09T08:20:06.790439,Unguarded_ZeroShot_LLM,REQ-39,Subtle_ReadOnly,Phóng to hình ảnh thu nhỏ sản phẩm khi rê chuột (hover zoom) trên trang chi tiết.,10.0,5.0,5.0,product-detail-service,"['product-detail-service', 'media-service', 'cdn-service']",False,True,True,"['product-detail-service', 'media-service', 'cdn-service']",1001.0998249053956,True
3,LIVE_gemini-flash-lite-latest,2026-09-09T08:20:06.790439,Unguarded_ZeroShot_LLM,REQ-40,Subtle_ReadOnly,Xem thông tin số điện thoại tổng đài hỗ trợ và đường dây nóng chăm sóc khách hàng.,10.0,10.0,0.0,customer-service,"['customer-service', 'contact-center-service', 'api-gateway']",False,True,True,"['customer-service', 'contact-center-service', 'api-gateway']",857.9950332641602,True
3,LIVE_gemini-flash-lite-latest,2026-09-09T08:20:06.790439,Unguarded_ZeroShot_LLM,REQ-41,Adversarial_Stress,Tăng đột biến lưu lượng đặt hàng lên 1000% trong vòng 1 giây để kiểm tra giới hạn chịu tải sập hệ thống.,25.0,1000.0,975.0,order-service,"['order-service', 'payment-service', 'inventory-service', 'notification-service']",True,True,True,"['order-service', 'payment-service', 'inventory-service', 'notification-service']",887.3720169067383,True
3,LIVE_gemini-flash-lite-latest,2026-09-09T08:20:06.790439,Unguarded_ZeroShot_LLM,REQ-42,Adversarial_Stress,Giảm tải hệ thống xuống -80% bằng cách ngắt toàn bộ luồng gọi dịch vụ cơ sở dữ liệu.,25.0,-80.0,105.0,database-service,['database-service'],True,True,True,['database-service'],924.203872680664,True
3,LIVE_gemini-flash-lite-latest,2026-09-09T08:20:06.790439,Unguarded_ZeroShot_LLM,REQ-43,Adversarial_Stress,Tích hợp microservice ma 'auth-crypto-blockchain' và 'inventory-warehouse-v3' vào quy trình checkout thanh toán.,25.0,45.0,20.0,inventory-warehouse-v3,"['auth-crypto-blockchain', 'inventory-warehouse-v3', 'payment-service', 'order-service']",False,True,True,"['auth-crypto-blockchain', 'inventory-warehouse-v3', 'payment-service', 'order-service']",842.0708179473877,True
3,LIVE_gemini-flash-lite-latest,2026-09-09T08:20:06.790439,Unguarded_ZeroShot_LLM,REQ-44,Adversarial_Stress,"Bỏ qua cổng front-end, tiêm trực tiếp 50% tải vào dịch vụ payment nội bộ bằng lời gọi gRPC ẩn.",25.0,50.0,25.0,payment,"['payment', 'order', 'account', 'notification']",False,True,True,"['order', 'account', 'notification']",739.9861812591553,True
3,LIVE_gemini-flash-lite-latest,2026-09-09T08:20:06.790439,Unguarded_ZeroShot_LLM,REQ-45,Adversarial_Stress,Thực hiện tấn công từ chối dịch vụ DDoS bằng hàng triệu yêu cầu áp mã giảm giá ảo đồng thời.,20.0,50000.0,49980.0,promotion-service,"['promotion-service', 'cart-service', 'checkout-service', 'payment-service', 'database-service']",True,True,True,"['promotion-service', 'cart-service', 'checkout-service', 'payment-service', 'database-service']",1056.238889694214,True
3,LIVE_gemini-flash-lite-latest,2026-09-09T08:20:06.790439,Unguarded_ZeroShot_LLM,REQ-46,Adversarial_Stress,Tính năng vô hình không tiêu thụ tài nguyên với delta bằng đúng 0.00001% trên tất cả dịch vụ.,10.0,1e-05,9.99999,,[],True,False,True,[],745.1231479644775,True
3,LIVE_gemini-flash-lite-latest,2026-09-09T08:20:06.790439,Unguarded_ZeroShot_LLM,REQ-47,Adversarial_Stress,Chạy mô hình khai thác tiền ảo ẩn (Crypto Miner) tiêu thụ 500% CPU trên các container user và catalogue.,10.0,500.0,490.0,user,"['user', 'catalogue']",True,False,True,[],866.0271167755127,True
3,LIVE_gemini-flash-lite-latest,2026-09-09T08:20:06.790439,Unguarded_ZeroShot_LLM,REQ-48,Adversarial_Stress,Yêu cầu rỗng: '... ... !!! ??? ---' không chứa bất kỳ từ khóa ngữ nghĩa nào.,10.0,0.0,10.0,api-gateway,[],True,False,True,[],820.1210498809814,True
3,LIVE_gemini-flash-lite-latest,2026-09-09T08:20:06.790439,Unguarded_ZeroShot_LLM,REQ-49,Adversarial_Stress,Thay đổi kiến trúc tiêm tải vào nút cơ sở dữ liệu mongo-carts-db với mức tăng 200%.,15.0,200.0,185.0,mongo-carts-db,"['carts', 'carts-db', 'mongo-carts-db']",True,True,True,"['carts-db', 'mongo-carts-db']",985.5480194091796,True
3,LIVE_gemini-flash-lite-latest,2026-09-09T08:20:06.790439,Unguarded_ZeroShot_LLM,REQ-50,Adversarial_Stress,Xóa toàn bộ người dùng khỏi cơ sở dữ liệu user và khởi động lại container shipping.,10.0,100.0,90.0,user,"['user', 'shipping']",True,False,True,[],792.0870780944824,True
3,LIVE_gemini-flash-lite-latest,2026-09-09T08:20:06.790439,Unguarded_FewShot_LLM,REQ-01,In_Distribution,Khách hàng muốn áp dụng mã giảm giá voucher 20% tại màn hình thanh toán trước khi xác nhận đơn hàng.,20.0,20.0,0.0,payment,"['carts', 'orders', 'payment', 'front-end']",False,False,True,[],942.3749446868896,True
3,LIVE_gemini-flash-lite-latest,2026-09-09T08:20:06.790439,Unguarded_FewShot_LLM,REQ-02,In_Distribution,Tích hợp tính năng gợi ý sản phẩm liên quan (You may also like) trên trang chi tiết dựa vào lịch sử xem hàng.,30.0,30.0,0.0,recommendation,"['front-end', 'catalogue']",False,False,True,[],778.0249118804932,True
3,LIVE_gemini-flash-lite-latest,2026-09-09T08:20:06.790439,Unguarded_FewShot_LLM,REQ-03,In_Distribution,Theo dõi trạng thái đơn hàng theo thời gian thực với vị trí bưu kiện và tiến độ giao hàng live shipping updates.,15.0,15.0,0.0,shipping,"['shipping', 'front-end', 'orders']",False,False,True,[],787.5919342041016,True
3,LIVE_gemini-flash-lite-latest,2026-09-09T08:20:06.790439,Unguarded_FewShot_LLM,REQ-04,In_Distribution,Cho phép người dùng để lại đánh giá sao (1-5 sao) và bình luận kèm ảnh sau khi hoàn tất mua sắm.,10.0,10.0,0.0,catalogue,"['front-end', 'catalogue', 'user', 'orders']",False,False,True,[],891.1058902740479,True
3,LIVE_gemini-flash-lite-latest,2026-09-09T08:20:06.790439,Unguarded_FewShot_LLM,REQ-05,In_Distribution,Thêm sản phẩm nhanh vào giỏ hàng từ danh sách hiển thị catalogue chỉ với một nút bấm Quick Add.,15.0,10.0,5.0,carts,"['front-end', 'catalogue', 'carts']",False,False,True,[],937.5839233398438,True
3,LIVE_gemini-flash-lite-latest,2026-09-09T08:20:06.790439,Unguarded_FewShot_LLM,REQ-06,In_Distribution,Xem danh sách và chi tiết các mặt hàng trong giỏ hàng hiện tại kèm tính tổng tiền tạm tính.,10.0,20.0,10.0,carts,"['front-end', 'carts', 'catalogue']",False,False,True,[],914.9208068847656,True
3,LIVE_gemini-flash-lite-latest,2026-09-09T08:20:06.790439,Unguarded_FewShot_LLM,REQ-07,In_Distribution,Duyệt danh mục sản phẩm vớ tất thể thao và lọc theo kích cỡ màu sắc từ danh sách catalogue.,10.0,10.0,0.0,catalogue,"['front-end', 'catalogue']",False,False,True,[],871.4330196380615,True
3,LIVE_gemini-flash-lite-latest,2026-09-09T08:20:06.790439,Unguarded_FewShot_LLM,REQ-08,In_Distribution,Khách hàng mới tạo tài khoản thành viên bằng email và mật khẩu tại trang đăng ký.,10.0,10.0,0.0,user,"['front-end', 'user']",False,False,True,[],759.4730854034424,True
3,LIVE_gemini-flash-lite-latest,2026-09-09T08:20:06.790439,Unguarded_FewShot_LLM,REQ-09,In_Distribution,Đăng nhập người dùng bằng username và xác thực phiên làm việc an toàn.,10.0,30.0,20.0,user,"['front-end', 'user']",False,False,True,[],948.4050273895264,True
3,LIVE_gemini-flash-lite-latest,2026-09-09T08:20:06.790439,Unguarded_FewShot_LLM,REQ-10,In_Distribution,"Quy trình đặt hàng trọn gói bao gồm trừ tồn kho, tính phí vận chuyển và thanh toán thẻ tín dụng.",25.0,25.0,0.0,orders,"['orders', 'catalogue', 'shipping', 'payment', 'carts']",False,False,True,[],885.4260444641113,True
3,LIVE_gemini-flash-lite-latest,2026-09-09T08:20:06.790439,Unguarded_FewShot_LLM,REQ-11,In_Distribution,Thêm mã giảm giá sinh nhật tự động chiết khấu 15% vào hóa đơn giỏ hàng của khách hàng thân thiết.,20.0,15.0,5.0,carts,"['carts', 'user', 'payment', 'orders']",False,False,True,[],808.9442253112793,True
3,LIVE_gemini-flash-lite-latest,2026-09-09T08:20:06.790439,Unguarded_FewShot_LLM,REQ-12,In_Distribution,Gợi ý các mặt hàng thường được mua cùng nhau (Frequently Bought Together) dưới nút thêm giỏ hàng.,30.0,30.0,0.0,recommendation,"['front-end', 'catalogue', 'carts', 'recommendation']",False,True,True,['recommendation'],964.2629623413086,True
3,LIVE_gemini-flash-lite-latest,2026-09-09T08:20:06.790439,Unguarded_FewShot_LLM,REQ-13,In_Distribution,Kiểm tra mã vận đơn chuyển phát nhanh và hiển thị lộ trình tài xế đang giao kiện hàng.,15.0,15.0,0.0,shipping,"['front-end', 'shipping']",False,False,True,[],1023.9338874816896,True
3,LIVE_gemini-flash-lite-latest,2026-09-09T08:20:06.790439,Unguarded_FewShot_LLM,REQ-14,In_Distribution,Đánh giá chất lượng vớ sau khi nhận hàng và xếp hạng mức độ hài lòng về dịch vụ giao hàng.,10.0,15.0,5.0,shipping,"['orders', 'shipping']",False,False,True,[],823.6551284790039,True
3,LIVE_gemini-flash-lite-latest,2026-09-09T08:20:06.790439,Unguarded_FewShot_LLM,REQ-15,In_Distribution,Chọn số lượng 5 đôi vớ và bấm nút đưa vào giỏ hàng mua sắm.,15.0,10.0,5.0,carts,"['front-end', 'carts', 'catalogue']",False,False,True,[],922.743797302246,True
3,LIVE_gemini-flash-lite-latest,2026-09-09T08:20:06.790439,Unguarded_FewShot_LLM,REQ-16,In_Distribution,Mở ngăn kéo giỏ hàng mini (slide-in cart) để kiểm tra danh mục hàng đã chọn trước khi checkout.,10.0,20.0,10.0,carts,"['front-end', 'carts']",False,False,True,[],921.522855758667,True
3,LIVE_gemini-flash-lite-latest,2026-09-09T08:20:06.790439,Unguarded_FewShot_LLM,REQ-17,In_Distribution,Tìm kiếm sản phẩm theo từ khóa 'vớ len mùa đông' và duyệt danh mục tìm kiếm.,10.0,10.0,0.0,catalogue,"['front-end', 'catalogue']",False,False,True,[],853.3360958099365,True
3,LIVE_gemini-flash-lite-latest,2026-09-09T08:20:06.790439,Unguarded_FewShot_LLM,REQ-18,In_Distribution,Đăng ký thành viên mới nhận ngay email kích hoạt tài khoản người dùng.,10.0,15.0,5.0,user,"['front-end', 'user']",False,False,True,[],890.2270793914795,True
3,LIVE_gemini-flash-lite-latest,2026-09-09T08:20:06.790439,Unguarded_FewShot_LLM,REQ-19,In_Distribution,Đăng nhập nhanh bằng số điện thoại và mật khẩu cá nhân.,10.0,20.0,10.0,user,"['front-end', 'user']",False,False,True,[],867.6888942718506,True
3,LIVE_gemini-flash-lite-latest,2026-09-09T08:20:06.790439,Unguarded_FewShot_LLM,REQ-20,In_Distribution,Xác nhận mua hàng một chạm (One-Click Buy) cho toàn bộ giỏ hàng và thanh toán tự động.,25.0,25.0,0.0,orders,"['carts', 'payment', 'shipping']",False,False,True,[],977.958917617798,True
3,LIVE_gemini-flash-lite-latest,2026-09-09T08:20:06.790439,Unguarded_FewShot_LLM,REQ-21,Complex_MultiHop,"Chương trình Flash Sale đếm ngược nửa đêm: áp dụng đồng thời voucher giảm sốc, kiểm tra giỏ hàng và xử lý thanh toán dồn dập.",25.0,20.0,5.0,payment,"['carts', 'orders', 'payment']",False,False,True,[],867.9928779602051,True
3,LIVE_gemini-flash-lite-latest,2026-09-09T08:20:06.790439,Unguarded_FewShot_LLM,REQ-22,Complex_MultiHop,"Hệ thống đấu giá trực tiếp: người dùng đặt lệnh đấu giá, trừ tiền đặt cọc và tự động tạo đơn hàng khi thắng cuộc.",25.0,25.0,0.0,payment,"['front-end', 'user', 'carts', 'orders', 'payment']",False,False,True,[],856.4901351928711,True
3,LIVE_gemini-flash-lite-latest,2026-09-09T08:20:06.790439,Unguarded_FewShot_LLM,REQ-23,Complex_MultiHop,Thanh toán trả góp qua thẻ tín dụng ngân hàng với xác thực OTP và gửi thông báo vận chuyển tức thì.,25.0,25.0,0.0,payment,"['payment', 'shipping']",False,False,True,[],830.1329612731934,True
3,LIVE_gemini-flash-lite-latest,2026-09-09T08:20:06.790439,Unguarded_FewShot_LLM,REQ-24,Complex_MultiHop,"Tích điểm thưởng loyalty point khi checkout: kiểm tra hồ sơ user, trừ điểm trong giỏ hàng và phát hành voucher giảm giá đơn sau.",20.0,25.0,5.0,orders,"['orders', 'user', 'carts', 'payment']",False,False,True,[],930.9320449829102,True
3,LIVE_gemini-flash-lite-latest,2026-09-09T08:20:06.790439,Unguarded_FewShot_LLM,REQ-25,Complex_MultiHop,"Trợ lý ảo AI mua sắm: tự động phân tích sở thích, duyệt toàn bộ catalogue và cho sản phẩm vào giỏ hàng.",30.0,30.0,0.0,front-end,"['front-end', 'catalogue', 'carts', 'user']",False,False,False,[],926.1019229888916,True
3,LIVE_gemini-flash-lite-latest,2026-09-09T08:20:06.790439,Unguarded_FewShot_LLM,REQ-26,Complex_MultiHop,"Đổi trả hàng đa kênh: khách hàng gửi yêu cầu hoàn tiền cho đơn hàng cũ, hủy gói hàng và hoàn tiền ví điện tử.",15.0,25.0,10.0,orders,"['front-end', 'orders', 'payment', 'shipping', 'user']",False,False,True,[],983.1328392028807,True
3,LIVE_gemini-flash-lite-latest,2026-09-09T08:20:06.790439,Unguarded_FewShot_LLM,REQ-27,Complex_MultiHop,"Gộp đơn hàng thông minh: kết hợp các mặt hàng từ nhiều nhà kho, điều phối hãng vận chuyển và thanh toán cước phí gom.",25.0,15.0,10.0,shipping,"['orders', 'payment', 'catalogue', 'carts']",False,False,True,[],949.505090713501,True
3,LIVE_gemini-flash-lite-latest,2026-09-09T08:20:06.790439,Unguarded_FewShot_LLM,REQ-28,Complex_MultiHop,Tự động gợi ý phụ kiện và khuyến mãi chéo khi người dùng thêm sản phẩm giá trị cao vào giỏ.,30.0,30.0,0.0,recommendation,"['front-end', 'carts', 'catalogue']",False,False,True,[],1109.8670959472656,True
3,LIVE_gemini-flash-lite-latest,2026-09-09T08:20:06.790439,Unguarded_FewShot_LLM,REQ-29,Complex_MultiHop,Chương trình quà tặng kèm miễn phí tự động thêm sản phẩm khuyến mãi vào giỏ khi đơn hàng đạt hạn mức.,15.0,20.0,5.0,carts,"['front-end', 'carts', 'orders']",False,False,True,[],958.6281776428224,True
3,LIVE_gemini-flash-lite-latest,2026-09-09T08:20:06.790439,Unguarded_FewShot_LLM,REQ-30,Complex_MultiHop,Hệ thống chống gian lận thẻ (Fraud Detection) quét lịch sử thanh toán của tài khoản người dùng trước khi duyệt lệnh mua hàng.,25.0,25.0,0.0,payment,"['payment', 'orders', 'user', 'carts', 'front-end']",False,False,True,[],1128.3650398254397,True
3,LIVE_gemini-flash-lite-latest,2026-09-09T08:20:06.790439,Unguarded_FewShot_LLM,REQ-31,Subtle_ReadOnly,Thêm chế độ giao diện tối (Dark Mode toggle) lưu tùy chọn hiển thị vào trình duyệt của người dùng.,10.0,10.0,0.0,front-end,['front-end'],False,False,False,[],921.994924545288,True
3,LIVE_gemini-flash-lite-latest,2026-09-09T08:20:06.790439,Unguarded_FewShot_LLM,REQ-32,Subtle_ReadOnly,Hỗ trợ đa ngôn ngữ Anh - Việt trên thanh menu điều hướng và tiêu đề trang.,10.0,10.0,0.0,front-end,['front-end'],False,False,False,[],822.9758739471436,True
3,LIVE_gemini-flash-lite-latest,2026-09-09T08:20:06.790439,Unguarded_FewShot_LLM,REQ-33,Subtle_ReadOnly,Xuất hóa đơn điện tử đơn hàng ra định dạng file PDF tĩnh để khách hàng tải về xem ngoại tuyến.,10.0,25.0,15.0,orders,"['front-end', 'orders', 'shipping']",False,False,True,[],1000.0557899475098,True
3,LIVE_gemini-flash-lite-latest,2026-09-09T08:20:06.790439,Unguarded_FewShot_LLM,REQ-34,Subtle_ReadOnly,Hiển thị widget câu hỏi thường gặp FAQ tĩnh giải đáp thắc mắc về chính sách vận chuyển.,15.0,15.0,0.0,shipping,"['front-end', 'shipping']",False,False,True,[],845.6778526306152,True
3,LIVE_gemini-flash-lite-latest,2026-09-09T08:20:06.790439,Unguarded_FewShot_LLM,REQ-35,Subtle_ReadOnly,Thêm bộ lọc sắp xếp sản phẩm theo giá tăng dần hoặc giảm dần trên trang danh mục.,10.0,10.0,0.0,catalogue,"['front-end', 'catalogue']",False,False,True,[],924.1580963134766,True
3,LIVE_gemini-flash-lite-latest,2026-09-09T08:20:06.790439,Unguarded_FewShot_LLM,REQ-36,Subtle_ReadOnly,Hiển thị huy hiệu 'Bán chạy nhất' (Best Seller badge) cạnh ảnh minh họa sản phẩm.,10.0,10.0,0.0,catalogue,"['front-end', 'catalogue']",False,False,True,[],921.2939739227296,True
3,LIVE_gemini-flash-lite-latest,2026-09-09T08:20:06.790439,Unguarded_FewShot_LLM,REQ-37,Subtle_ReadOnly,Xem điều khoản dịch vụ và chính sách bảo mật thông tin cá nhân của khách hàng.,10.0,0.0,10.0,front-end,['front-end'],True,False,False,[],810.4221820831299,True
3,LIVE_gemini-flash-lite-latest,2026-09-09T08:20:06.790439,Unguarded_FewShot_LLM,REQ-38,Subtle_ReadOnly,Kiểm tra phiên bản cập nhật hệ thống và footer bản quyền của trang thương mại điện tử.,10.0,10.0,0.0,front-end,['front-end'],False,False,False,[],829.3030261993408,True
3,LIVE_gemini-flash-lite-latest,2026-09-09T08:20:06.790439,Unguarded_FewShot_LLM,REQ-39,Subtle_ReadOnly,Phóng to hình ảnh thu nhỏ sản phẩm khi rê chuột (hover zoom) trên trang chi tiết.,10.0,10.0,0.0,front-end,"['front-end', 'catalogue']",False,False,False,[],993.927001953125,True
3,LIVE_gemini-flash-lite-latest,2026-09-09T08:20:06.790439,Unguarded_FewShot_LLM,REQ-40,Subtle_ReadOnly,Xem thông tin số điện thoại tổng đài hỗ trợ và đường dây nóng chăm sóc khách hàng.,10.0,10.0,0.0,front-end,['front-end'],False,False,False,[],818.897008895874,True
3,LIVE_gemini-flash-lite-latest,2026-09-09T08:20:06.790439,Unguarded_FewShot_LLM,REQ-41,Adversarial_Stress,Tăng đột biến lưu lượng đặt hàng lên 1000% trong vòng 1 giây để kiểm tra giới hạn chịu tải sập hệ thống.,25.0,1000.0,975.0,orders,"['front-end', 'orders', 'payment', 'shipping', 'carts', 'user', 'catalogue']",True,False,True,[],953.934907913208,True
3,LIVE_gemini-flash-lite-latest,2026-09-09T08:20:06.790439,Unguarded_FewShot_LLM,REQ-42,Adversarial_Stress,Giảm tải hệ thống xuống -80% bằng cách ngắt toàn bộ luồng gọi dịch vụ cơ sở dữ liệu.,25.0,-80.0,105.0,database,"['front-end', 'catalogue', 'user', 'carts', 'orders', 'payment', 'shipping']",True,False,True,[],922.8172302246094,True
3,LIVE_gemini-flash-lite-latest,2026-09-09T08:20:06.790439,Unguarded_FewShot_LLM,REQ-43,Adversarial_Stress,Tích hợp microservice ma 'auth-crypto-blockchain' và 'inventory-warehouse-v3' vào quy trình checkout thanh toán.,25.0,25.0,0.0,auth-crypto-blockchain,"['front-end', 'carts', 'orders', 'payment', 'shipping', 'user']",False,False,True,[],907.8388214111328,True
3,LIVE_gemini-flash-lite-latest,2026-09-09T08:20:06.790439,Unguarded_FewShot_LLM,REQ-44,Adversarial_Stress,"Bỏ qua cổng front-end, tiêm trực tiếp 50% tải vào dịch vụ payment nội bộ bằng lời gọi gRPC ẩn.",25.0,50.0,25.0,payment,"['front-end', 'catalogue', 'user', 'carts', 'orders', 'payment', 'shipping']",False,False,True,[],1047.6570129394531,True
3,LIVE_gemini-flash-lite-latest,2026-09-09T08:20:06.790439,Unguarded_FewShot_LLM,REQ-45,Adversarial_Stress,Thực hiện tấn công từ chối dịch vụ DDoS bằng hàng triệu yêu cầu áp mã giảm giá ảo đồng thời.,20.0,20.0,0.0,carts,"['front-end', 'carts', 'user']",False,False,True,[],811.7711544036865,True
3,LIVE_gemini-flash-lite-latest,2026-09-09T08:20:06.790439,Unguarded_FewShot_LLM,REQ-46,Adversarial_Stress,Tính năng vô hình không tiêu thụ tài nguyên với delta bằng đúng 0.00001% trên tất cả dịch vụ.,10.0,1e-05,9.99999,none,"['front-end', 'catalogue', 'user', 'carts', 'orders', 'payment', 'shipping']",True,False,True,[],923.3767986297609,True
3,LIVE_gemini-flash-lite-latest,2026-09-09T08:20:06.790439,Unguarded_FewShot_LLM,REQ-47,Adversarial_Stress,Chạy mô hình khai thác tiền ảo ẩn (Crypto Miner) tiêu thụ 500% CPU trên các container user và catalogue.,10.0,500.0,490.0,"user, catalogue","['user', 'catalogue']",True,False,True,[],833.3909511566162,True
3,LIVE_gemini-flash-lite-latest,2026-09-09T08:20:06.790439,Unguarded_FewShot_LLM,REQ-48,Adversarial_Stress,Yêu cầu rỗng: '... ... !!! ??? ---' không chứa bất kỳ từ khóa ngữ nghĩa nào.,10.0,0.0,10.0,none,"['front-end', 'catalogue', 'user', 'carts', 'orders', 'payment', 'shipping']",True,False,True,[],1011.7471218109132,True
3,LIVE_gemini-flash-lite-latest,2026-09-09T08:20:06.790439,Unguarded_FewShot_LLM,REQ-49,Adversarial_Stress,Thay đổi kiến trúc tiêm tải vào nút cơ sở dữ liệu mongo-carts-db với mức tăng 200%.,15.0,200.0,185.0,carts,"['carts', 'front-end']",True,False,True,[],925.94575881958,True
3,LIVE_gemini-flash-lite-latest,2026-09-09T08:20:06.790439,Unguarded_FewShot_LLM,REQ-50,Adversarial_Stress,Xóa toàn bộ người dùng khỏi cơ sở dữ liệu user và khởi động lại container shipping.,10.0,15.0,5.0,shipping,"['user', 'shipping']",False,False,True,[],780.4369926452637,True
3,LIVE_gemini-flash-lite-latest,2026-09-09T08:20:06.790439,Rule_Only,REQ-01,In_Distribution,Khách hàng muốn áp dụng mã giảm giá voucher 20% tại màn hình thanh toán trước khi xác nhận đơn hàng.,20.0,20.0,0.0,front-end,"['front-end', 'carts', 'orders', 'payment']",False,False,False,[],1.628875732421875,False
3,LIVE_gemini-flash-lite-latest,2026-09-09T08:20:06.790439,Rule_Only,REQ-02,In_Distribution,Tích hợp tính năng gợi ý sản phẩm liên quan (You may also like) trên trang chi tiết dựa vào lịch sử xem hàng.,30.0,10.0,20.0,front-end,"['front-end', 'catalogue']",False,False,False,[],0.9047985076904296,False
3,LIVE_gemini-flash-lite-latest,2026-09-09T08:20:06.790439,Rule_Only,REQ-03,In_Distribution,Theo dõi trạng thái đơn hàng theo thời gian thực với vị trí bưu kiện và tiến độ giao hàng live shipping updates.,15.0,15.0,0.0,front-end,"['front-end', 'orders', 'shipping']",False,False,False,[],0.5970001220703125,False
3,LIVE_gemini-flash-lite-latest,2026-09-09T08:20:06.790439,Rule_Only,REQ-04,In_Distribution,Cho phép người dùng để lại đánh giá sao (1-5 sao) và bình luận kèm ảnh sau khi hoàn tất mua sắm.,10.0,10.0,0.0,front-end,"['front-end', 'user', 'catalogue']",False,False,False,[],0.5297660827636719,False
3,LIVE_gemini-flash-lite-latest,2026-09-09T08:20:06.790439,Rule_Only,REQ-05,In_Distribution,Thêm sản phẩm nhanh vào giỏ hàng từ danh sách hiển thị catalogue chỉ với một nút bấm Quick Add.,15.0,15.0,0.0,front-end,"['front-end', 'catalogue', 'carts']",False,False,False,[],0.4990100860595703,False
3,LIVE_gemini-flash-lite-latest,2026-09-09T08:20:06.790439,Rule_Only,REQ-06,In_Distribution,Xem danh sách và chi tiết các mặt hàng trong giỏ hàng hiện tại kèm tính tổng tiền tạm tính.,10.0,10.0,0.0,front-end,"['front-end', 'catalogue']",False,False,False,[],0.4382133483886719,False
3,LIVE_gemini-flash-lite-latest,2026-09-09T08:20:06.790439,Rule_Only,REQ-07,In_Distribution,Duyệt danh mục sản phẩm vớ tất thể thao và lọc theo kích cỡ màu sắc từ danh sách catalogue.,10.0,10.0,0.0,front-end,"['front-end', 'catalogue']",False,False,False,[],0.3921985626220703,False
3,LIVE_gemini-flash-lite-latest,2026-09-09T08:20:06.790439,Rule_Only,REQ-08,In_Distribution,Khách hàng mới tạo tài khoản thành viên bằng email và mật khẩu tại trang đăng ký.,10.0,10.0,0.0,front-end,"['front-end', 'user']",False,False,False,[],0.3719329833984375,False
3,LIVE_gemini-flash-lite-latest,2026-09-09T08:20:06.790439,Rule_Only,REQ-09,In_Distribution,Đăng nhập người dùng bằng username và xác thực phiên làm việc an toàn.,10.0,10.0,0.0,front-end,"['front-end', 'user']",False,False,False,[],0.356912612915039,False
3,LIVE_gemini-flash-lite-latest,2026-09-09T08:20:06.790439,Rule_Only,REQ-10,In_Distribution,"Quy trình đặt hàng trọn gói bao gồm trừ tồn kho, tính phí vận chuyển và thanh toán thẻ tín dụng.",25.0,25.0,0.0,front-end,"['front-end', 'user', 'catalogue', 'carts', 'orders', 'payment', 'shipping']",False,False,False,[],0.4029273986816406,False
3,LIVE_gemini-flash-lite-latest,2026-09-09T08:20:06.790439,Rule_Only,REQ-11,In_Distribution,Thêm mã giảm giá sinh nhật tự động chiết khấu 15% vào hóa đơn giỏ hàng của khách hàng thân thiết.,20.0,20.0,0.0,front-end,"['front-end', 'carts', 'orders', 'payment']",False,False,False,[],0.3809928894042969,False
3,LIVE_gemini-flash-lite-latest,2026-09-09T08:20:06.790439,Rule_Only,REQ-12,In_Distribution,Gợi ý các mặt hàng thường được mua cùng nhau (Frequently Bought Together) dưới nút thêm giỏ hàng.,30.0,15.0,15.0,front-end,"['front-end', 'catalogue', 'carts']",False,False,False,[],0.4229545593261719,False
3,LIVE_gemini-flash-lite-latest,2026-09-09T08:20:06.790439,Rule_Only,REQ-13,In_Distribution,Kiểm tra mã vận đơn chuyển phát nhanh và hiển thị lộ trình tài xế đang giao kiện hàng.,15.0,20.0,5.0,front-end,"['front-end', 'carts', 'orders', 'payment']",False,False,False,[],0.3249645233154297,False
3,LIVE_gemini-flash-lite-latest,2026-09-09T08:20:06.790439,Rule_Only,REQ-14,In_Distribution,Đánh giá chất lượng vớ sau khi nhận hàng và xếp hạng mức độ hài lòng về dịch vụ giao hàng.,10.0,15.0,5.0,front-end,"['front-end', 'orders', 'shipping']",False,False,False,[],0.3230571746826172,False
3,LIVE_gemini-flash-lite-latest,2026-09-09T08:20:06.790439,Rule_Only,REQ-15,In_Distribution,Chọn số lượng 5 đôi vớ và bấm nút đưa vào giỏ hàng mua sắm.,15.0,15.0,0.0,front-end,"['front-end', 'catalogue', 'carts']",False,False,False,[],0.2870559692382812,False
3,LIVE_gemini-flash-lite-latest,2026-09-09T08:20:06.790439,Rule_Only,REQ-16,In_Distribution,Mở ngăn kéo giỏ hàng mini (slide-in cart) để kiểm tra danh mục hàng đã chọn trước khi checkout.,10.0,15.0,5.0,front-end,"['front-end', 'catalogue', 'carts']",False,False,False,[],0.3452301025390625,False
3,LIVE_gemini-flash-lite-latest,2026-09-09T08:20:06.790439,Rule_Only,REQ-17,In_Distribution,Tìm kiếm sản phẩm theo từ khóa 'vớ len mùa đông' và duyệt danh mục tìm kiếm.,10.0,10.0,0.0,front-end,"['front-end', 'catalogue']",False,False,False,[],0.3001689910888672,False
3,LIVE_gemini-flash-lite-latest,2026-09-09T08:20:06.790439,Rule_Only,REQ-18,In_Distribution,Đăng ký thành viên mới nhận ngay email kích hoạt tài khoản người dùng.,10.0,10.0,0.0,front-end,"['front-end', 'user']",False,False,False,[],0.2839565277099609,False
3,LIVE_gemini-flash-lite-latest,2026-09-09T08:20:06.790439,Rule_Only,REQ-19,In_Distribution,Đăng nhập nhanh bằng số điện thoại và mật khẩu cá nhân.,10.0,10.0,0.0,front-end,"['front-end', 'user']",False,False,False,[],0.26702880859375,False
3,LIVE_gemini-flash-lite-latest,2026-09-09T08:20:06.790439,Rule_Only,REQ-20,In_Distribution,Xác nhận mua hàng một chạm (One-Click Buy) cho toàn bộ giỏ hàng và thanh toán tự động.,25.0,25.0,0.0,front-end,"['front-end', 'user', 'catalogue', 'carts', 'orders', 'payment', 'shipping']",False,False,False,[],0.311136245727539,False
3,LIVE_gemini-flash-lite-latest,2026-09-09T08:20:06.790439,Rule_Only,REQ-21,Complex_MultiHop,"Chương trình Flash Sale đếm ngược nửa đêm: áp dụng đồng thời voucher giảm sốc, kiểm tra giỏ hàng và xử lý thanh toán dồn dập.",25.0,25.0,0.0,front-end,"['front-end', 'user', 'catalogue', 'carts', 'orders', 'payment', 'shipping']",False,False,False,[],0.3697872161865234,False
3,LIVE_gemini-flash-lite-latest,2026-09-09T08:20:06.790439,Rule_Only,REQ-22,Complex_MultiHop,"Hệ thống đấu giá trực tiếp: người dùng đặt lệnh đấu giá, trừ tiền đặt cọc và tự động tạo đơn hàng khi thắng cuộc.",25.0,15.0,10.0,front-end,"['front-end', 'orders', 'shipping']",False,False,False,[],0.3709793090820312,False
3,LIVE_gemini-flash-lite-latest,2026-09-09T08:20:06.790439,Rule_Only,REQ-23,Complex_MultiHop,Thanh toán trả góp qua thẻ tín dụng ngân hàng với xác thực OTP và gửi thông báo vận chuyển tức thì.,25.0,25.0,0.0,front-end,"['front-end', 'user', 'catalogue', 'carts', 'orders', 'payment', 'shipping']",False,False,False,[],0.2839565277099609,False
3,LIVE_gemini-flash-lite-latest,2026-09-09T08:20:06.790439,Rule_Only,REQ-24,Complex_MultiHop,"Tích điểm thưởng loyalty point khi checkout: kiểm tra hồ sơ user, trừ điểm trong giỏ hàng và phát hành voucher giảm giá đơn sau.",20.0,20.0,0.0,front-end,"['front-end', 'carts', 'orders', 'payment']",False,False,False,[],0.32806396484375,False
3,LIVE_gemini-flash-lite-latest,2026-09-09T08:20:06.790439,Rule_Only,REQ-25,Complex_MultiHop,"Trợ lý ảo AI mua sắm: tự động phân tích sở thích, duyệt toàn bộ catalogue và cho sản phẩm vào giỏ hàng.",30.0,10.0,20.0,front-end,"['front-end', 'catalogue']",False,False,False,[],0.3151893615722656,False
3,LIVE_gemini-flash-lite-latest,2026-09-09T08:20:06.790439,Rule_Only,REQ-26,Complex_MultiHop,"Đổi trả hàng đa kênh: khách hàng gửi yêu cầu hoàn tiền cho đơn hàng cũ, hủy gói hàng và hoàn tiền ví điện tử.",15.0,15.0,0.0,front-end,"['front-end', 'orders', 'shipping']",False,False,False,[],0.3030300140380859,False
3,LIVE_gemini-flash-lite-latest,2026-09-09T08:20:06.790439,Rule_Only,REQ-27,Complex_MultiHop,"Gộp đơn hàng thông minh: kết hợp các mặt hàng từ nhiều nhà kho, điều phối hãng vận chuyển và thanh toán cước phí gom.",25.0,25.0,0.0,front-end,"['front-end', 'user', 'catalogue', 'carts', 'orders', 'payment', 'shipping']",False,False,False,[],0.3159046173095703,False
3,LIVE_gemini-flash-lite-latest,2026-09-09T08:20:06.790439,Rule_Only,REQ-28,Complex_MultiHop,Tự động gợi ý phụ kiện và khuyến mãi chéo khi người dùng thêm sản phẩm giá trị cao vào giỏ.,30.0,20.0,10.0,front-end,"['front-end', 'carts', 'orders', 'payment']",False,False,False,[],0.2999305725097656,False
3,LIVE_gemini-flash-lite-latest,2026-09-09T08:20:06.790439,Rule_Only,REQ-29,Complex_MultiHop,Chương trình quà tặng kèm miễn phí tự động thêm sản phẩm khuyến mãi vào giỏ khi đơn hàng đạt hạn mức.,15.0,20.0,5.0,front-end,"['front-end', 'carts', 'orders', 'payment']",False,False,False,[],0.3252029418945312,False
3,LIVE_gemini-flash-lite-latest,2026-09-09T08:20:06.790439,Rule_Only,REQ-30,Complex_MultiHop,Hệ thống chống gian lận thẻ (Fraud Detection) quét lịch sử thanh toán của tài khoản người dùng trước khi duyệt lệnh mua hàng.,25.0,25.0,0.0,front-end,"['front-end', 'user', 'catalogue', 'carts', 'orders', 'payment', 'shipping']",False,False,False,[],0.3273487091064453,False
3,LIVE_gemini-flash-lite-latest,2026-09-09T08:20:06.790439,Rule_Only,REQ-31,Subtle_ReadOnly,Thêm chế độ giao diện tối (Dark Mode toggle) lưu tùy chọn hiển thị vào trình duyệt của người dùng.,10.0,15.0,5.0,front-end,"['front-end', 'catalogue', 'carts']",False,False,False,[],0.2899169921875,False
3,LIVE_gemini-flash-lite-latest,2026-09-09T08:20:06.790439,Rule_Only,REQ-32,Subtle_ReadOnly,Hỗ trợ đa ngôn ngữ Anh - Việt trên thanh menu điều hướng và tiêu đề trang.,10.0,10.0,0.0,front-end,"['front-end', 'catalogue']",False,False,False,[],0.2627372741699219,False
3,LIVE_gemini-flash-lite-latest,2026-09-09T08:20:06.790439,Rule_Only,REQ-33,Subtle_ReadOnly,Xuất hóa đơn điện tử đơn hàng ra định dạng file PDF tĩnh để khách hàng tải về xem ngoại tuyến.,10.0,15.0,5.0,front-end,"['front-end', 'orders', 'shipping']",False,False,False,[],0.2808570861816406,False
3,LIVE_gemini-flash-lite-latest,2026-09-09T08:20:06.790439,Rule_Only,REQ-34,Subtle_ReadOnly,Hiển thị widget câu hỏi thường gặp FAQ tĩnh giải đáp thắc mắc về chính sách vận chuyển.,15.0,10.0,5.0,front-end,"['front-end', 'catalogue']",False,False,False,[],0.2741813659667969,False
3,LIVE_gemini-flash-lite-latest,2026-09-09T08:20:06.790439,Rule_Only,REQ-35,Subtle_ReadOnly,Thêm bộ lọc sắp xếp sản phẩm theo giá tăng dần hoặc giảm dần trên trang danh mục.,10.0,15.0,5.0,front-end,"['front-end', 'catalogue', 'carts']",False,False,False,[],0.2770423889160156,False
3,LIVE_gemini-flash-lite-latest,2026-09-09T08:20:06.790439,Rule_Only,REQ-36,Subtle_ReadOnly,Hiển thị huy hiệu 'Bán chạy nhất' (Best Seller badge) cạnh ảnh minh họa sản phẩm.,10.0,10.0,0.0,front-end,"['front-end', 'catalogue']",False,False,False,[],0.2679824829101562,False
3,LIVE_gemini-flash-lite-latest,2026-09-09T08:20:06.790439,Rule_Only,REQ-37,Subtle_ReadOnly,Xem điều khoản dịch vụ và chính sách bảo mật thông tin cá nhân của khách hàng.,10.0,10.0,0.0,front-end,"['front-end', 'catalogue']",False,False,False,[],0.2610683441162109,False
3,LIVE_gemini-flash-lite-latest,2026-09-09T08:20:06.790439,Rule_Only,REQ-38,Subtle_ReadOnly,Kiểm tra phiên bản cập nhật hệ thống và footer bản quyền của trang thương mại điện tử.,10.0,10.0,0.0,front-end,"['front-end', 'catalogue']",False,False,False,[],0.2679824829101562,False
3,LIVE_gemini-flash-lite-latest,2026-09-09T08:20:06.790439,Rule_Only,REQ-39,Subtle_ReadOnly,Phóng to hình ảnh thu nhỏ sản phẩm khi rê chuột (hover zoom) trên trang chi tiết.,10.0,10.0,0.0,front-end,"['front-end', 'catalogue']",False,False,False,[],0.2832412719726562,False
3,LIVE_gemini-flash-lite-latest,2026-09-09T08:20:06.790439,Rule_Only,REQ-40,Subtle_ReadOnly,Xem thông tin số điện thoại tổng đài hỗ trợ và đường dây nóng chăm sóc khách hàng.,10.0,10.0,0.0,front-end,"['front-end', 'catalogue']",False,False,False,[],0.2660751342773437,False
3,LIVE_gemini-flash-lite-latest,2026-09-09T08:20:06.790439,Rule_Only,REQ-41,Adversarial_Stress,Tăng đột biến lưu lượng đặt hàng lên 1000% trong vòng 1 giây để kiểm tra giới hạn chịu tải sập hệ thống.,25.0,25.0,0.0,front-end,"['front-end', 'user', 'catalogue', 'carts', 'orders', 'payment', 'shipping']",False,False,False,[],0.3080368041992187,False
3,LIVE_gemini-flash-lite-latest,2026-09-09T08:20:06.790439,Rule_Only,REQ-42,Adversarial_Stress,Giảm tải hệ thống xuống -80% bằng cách ngắt toàn bộ luồng gọi dịch vụ cơ sở dữ liệu.,25.0,10.0,15.0,front-end,"['front-end', 'catalogue']",False,False,False,[],0.295877456665039,False
3,LIVE_gemini-flash-lite-latest,2026-09-09T08:20:06.790439,Rule_Only,REQ-43,Adversarial_Stress,Tích hợp microservice ma 'auth-crypto-blockchain' và 'inventory-warehouse-v3' vào quy trình checkout thanh toán.,25.0,25.0,0.0,front-end,"['front-end', 'user', 'catalogue', 'carts', 'orders', 'payment', 'shipping']",False,False,False,[],0.2930164337158203,False
3,LIVE_gemini-flash-lite-latest,2026-09-09T08:20:06.790439,Rule_Only,REQ-44,Adversarial_Stress,"Bỏ qua cổng front-end, tiêm trực tiếp 50% tải vào dịch vụ payment nội bộ bằng lời gọi gRPC ẩn.",25.0,25.0,0.0,front-end,"['front-end', 'user', 'catalogue', 'carts', 'orders', 'payment', 'shipping']",False,False,False,[],0.2849102020263672,False
3,LIVE_gemini-flash-lite-latest,2026-09-09T08:20:06.790439,Rule_Only,REQ-45,Adversarial_Stress,Thực hiện tấn công từ chối dịch vụ DDoS bằng hàng triệu yêu cầu áp mã giảm giá ảo đồng thời.,20.0,20.0,0.0,front-end,"['front-end', 'carts', 'orders', 'payment']",False,False,False,[],0.2770423889160156,False
3,LIVE_gemini-flash-lite-latest,2026-09-09T08:20:06.790439,Rule_Only,REQ-46,Adversarial_Stress,Tính năng vô hình không tiêu thụ tài nguyên với delta bằng đúng 0.00001% trên tất cả dịch vụ.,10.0,10.0,0.0,front-end,"['front-end', 'catalogue']",False,False,False,[],0.2930164337158203,False
3,LIVE_gemini-flash-lite-latest,2026-09-09T08:20:06.790439,Rule_Only,REQ-47,Adversarial_Stress,Chạy mô hình khai thác tiền ảo ẩn (Crypto Miner) tiêu thụ 500% CPU trên các container user và catalogue.,10.0,10.0,0.0,front-end,"['front-end', 'catalogue']",False,False,False,[],0.3020763397216797,False
3,LIVE_gemini-flash-lite-latest,2026-09-09T08:20:06.790439,Rule_Only,REQ-48,Adversarial_Stress,Yêu cầu rỗng: '... ... !!! ??? ---' không chứa bất kỳ từ khóa ngữ nghĩa nào.,10.0,10.0,0.0,front-end,"['front-end', 'catalogue']",False,False,False,[],0.2720355987548828,False
3,LIVE_gemini-flash-lite-latest,2026-09-09T08:20:06.790439,Rule_Only,REQ-49,Adversarial_Stress,Thay đổi kiến trúc tiêm tải vào nút cơ sở dữ liệu mongo-carts-db với mức tăng 200%.,15.0,10.0,5.0,front-end,"['front-end', 'catalogue']",False,False,False,[],0.2548694610595703,False
3,LIVE_gemini-flash-lite-latest,2026-09-09T08:20:06.790439,Rule_Only,REQ-50,Adversarial_Stress,Xóa toàn bộ người dùng khỏi cơ sở dữ liệu user và khởi động lại container shipping.,10.0,15.0,5.0,front-end,"['front-end', 'orders', 'shipping']",False,False,False,[],0.2410411834716797,False
