he,injected,fault,run,ung_vien,tang,bo_xep_hang,n_cand,rank,nhom
SockShop,carts,cpu,1,fault5,chi_cpu,BARO,5,1,tai nguyen
SockShop,carts,cpu,1,fault5,chi_cpu,MEANSHIFT,5,1,tai nguyen
SockShop,carts,cpu,1,fault5,chi_cpu,KHONG-DOC,5,1,tai nguyen
SockShop,carts,cpu,1,fault5,chi_latency,BARO,5,1,tai nguyen
SockShop,carts,cpu,1,fault5,chi_latency,MEANSHIFT,5,1,tai nguyen
SockShop,carts,cpu,1,fault5,chi_latency,KHONG-DOC,5,1,tai nguyen
SockShop,carts,cpu,1,fault5,chi_workload,BARO,5,1,tai nguyen
SockShop,carts,cpu,1,fault5,chi_workload,MEANSHIFT,5,1,tai nguyen
SockShop,carts,cpu,1,fault5,chi_workload,KHONG-DOC,5,1,tai nguyen
SockShop,carts,cpu,1,fault5,moi_cot,BARO,5,1,tai nguyen
SockShop,carts,cpu,1,fault5,moi_cot,MEANSHIFT,5,1,tai nguyen
SockShop,carts,cpu,1,fault5,moi_cot,KHONG-DOC,5,1,tai nguyen
SockShop,carts,cpu,1,app,chi_cpu,BARO,7,1,tai nguyen
SockShop,carts,cpu,1,app,chi_cpu,MEANSHIFT,7,1,tai nguyen
SockShop,carts,cpu,1,app,chi_cpu,KHONG-DOC,7,1,tai nguyen
SockShop,carts,cpu,1,app,chi_latency,BARO,7,1,tai nguyen
SockShop,carts,cpu,1,app,chi_latency,MEANSHIFT,7,1,tai nguyen
SockShop,carts,cpu,1,app,chi_latency,KHONG-DOC,7,1,tai nguyen
SockShop,carts,cpu,1,app,chi_workload,BARO,7,1,tai nguyen
SockShop,carts,cpu,1,app,chi_workload,MEANSHIFT,7,1,tai nguyen
SockShop,carts,cpu,1,app,chi_workload,KHONG-DOC,7,1,tai nguyen
SockShop,carts,cpu,1,app,moi_cot,BARO,7,1,tai nguyen
SockShop,carts,cpu,1,app,moi_cot,MEANSHIFT,7,1,tai nguyen
SockShop,carts,cpu,1,app,moi_cot,KHONG-DOC,7,1,tai nguyen
SockShop,carts,cpu,1,all,chi_cpu,BARO,15,1,tai nguyen
SockShop,carts,cpu,1,all,chi_cpu,MEANSHIFT,15,1,tai nguyen
SockShop,carts,cpu,1,all,chi_cpu,KHONG-DOC,15,2,tai nguyen
SockShop,carts,cpu,1,all,chi_latency,BARO,7,1,tai nguyen
SockShop,carts,cpu,1,all,chi_latency,MEANSHIFT,7,1,tai nguyen
SockShop,carts,cpu,1,all,chi_latency,KHONG-DOC,7,1,tai nguyen
SockShop,carts,cpu,1,all,chi_workload,BARO,7,1,tai nguyen
SockShop,carts,cpu,1,all,chi_workload,MEANSHIFT,7,1,tai nguyen
SockShop,carts,cpu,1,all,chi_workload,KHONG-DOC,7,1,tai nguyen
SockShop,carts,cpu,1,all,moi_cot,BARO,15,2,tai nguyen
SockShop,carts,cpu,1,all,moi_cot,MEANSHIFT,15,1,tai nguyen
SockShop,carts,cpu,1,all,moi_cot,KHONG-DOC,15,2,tai nguyen
SockShop,carts,cpu,2,fault5,chi_cpu,BARO,5,1,tai nguyen
SockShop,carts,cpu,2,fault5,chi_cpu,MEANSHIFT,5,1,tai nguyen
SockShop,carts,cpu,2,fault5,chi_cpu,KHONG-DOC,5,1,tai nguyen
SockShop,carts,cpu,2,fault5,chi_latency,BARO,5,1,tai nguyen
SockShop,carts,cpu,2,fault5,chi_latency,MEANSHIFT,5,1,tai nguyen
SockShop,carts,cpu,2,fault5,chi_latency,KHONG-DOC,5,1,tai nguyen
SockShop,carts,cpu,2,fault5,chi_workload,BARO,5,4,tai nguyen
SockShop,carts,cpu,2,fault5,chi_workload,MEANSHIFT,5,2,tai nguyen
SockShop,carts,cpu,2,fault5,chi_workload,KHONG-DOC,5,1,tai nguyen
SockShop,carts,cpu,2,fault5,moi_cot,BARO,5,1,tai nguyen
SockShop,carts,cpu,2,fault5,moi_cot,MEANSHIFT,5,1,tai nguyen
SockShop,carts,cpu,2,fault5,moi_cot,KHONG-DOC,5,1,tai nguyen
SockShop,carts,cpu,2,app,chi_cpu,BARO,7,1,tai nguyen
SockShop,carts,cpu,2,app,chi_cpu,MEANSHIFT,7,1,tai nguyen
SockShop,carts,cpu,2,app,chi_cpu,KHONG-DOC,7,1,tai nguyen
SockShop,carts,cpu,2,app,chi_latency,BARO,7,2,tai nguyen
SockShop,carts,cpu,2,app,chi_latency,MEANSHIFT,7,1,tai nguyen
SockShop,carts,cpu,2,app,chi_latency,KHONG-DOC,7,1,tai nguyen
SockShop,carts,cpu,2,app,chi_workload,BARO,7,5,tai nguyen
SockShop,carts,cpu,2,app,chi_workload,MEANSHIFT,7,3,tai nguyen
SockShop,carts,cpu,2,app,chi_workload,KHONG-DOC,7,1,tai nguyen
SockShop,carts,cpu,2,app,moi_cot,BARO,7,1,tai nguyen
SockShop,carts,cpu,2,app,moi_cot,MEANSHIFT,7,1,tai nguyen
SockShop,carts,cpu,2,app,moi_cot,KHONG-DOC,7,1,tai nguyen
SockShop,carts,cpu,2,all,chi_cpu,BARO,15,1,tai nguyen
SockShop,carts,cpu,2,all,chi_cpu,MEANSHIFT,15,1,tai nguyen
SockShop,carts,cpu,2,all,chi_cpu,KHONG-DOC,15,2,tai nguyen
SockShop,carts,cpu,2,all,chi_latency,BARO,7,2,tai nguyen
SockShop,carts,cpu,2,all,chi_latency,MEANSHIFT,7,1,tai nguyen
SockShop,carts,cpu,2,all,chi_latency,KHONG-DOC,7,1,tai nguyen
SockShop,carts,cpu,2,all,chi_workload,BARO,7,5,tai nguyen
SockShop,carts,cpu,2,all,chi_workload,MEANSHIFT,7,3,tai nguyen
SockShop,carts,cpu,2,all,chi_workload,KHONG-DOC,7,1,tai nguyen
SockShop,carts,cpu,2,all,moi_cot,BARO,15,2,tai nguyen
SockShop,carts,cpu,2,all,moi_cot,MEANSHIFT,15,1,tai nguyen
SockShop,carts,cpu,2,all,moi_cot,KHONG-DOC,15,2,tai nguyen
SockShop,carts,cpu,3,fault5,chi_cpu,BARO,5,1,tai nguyen
SockShop,carts,cpu,3,fault5,chi_cpu,MEANSHIFT,5,1,tai nguyen
SockShop,carts,cpu,3,fault5,chi_cpu,KHONG-DOC,5,1,tai nguyen
SockShop,carts,cpu,3,fault5,chi_latency,BARO,5,2,tai nguyen
SockShop,carts,cpu,3,fault5,chi_latency,MEANSHIFT,5,1,tai nguyen
SockShop,carts,cpu,3,fault5,chi_latency,KHONG-DOC,5,1,tai nguyen
SockShop,carts,cpu,3,fault5,chi_workload,BARO,5,5,tai nguyen
SockShop,carts,cpu,3,fault5,chi_workload,MEANSHIFT,5,5,tai nguyen
SockShop,carts,cpu,3,fault5,chi_workload,KHONG-DOC,5,1,tai nguyen
SockShop,carts,cpu,3,fault5,moi_cot,BARO,5,1,tai nguyen
SockShop,carts,cpu,3,fault5,moi_cot,MEANSHIFT,5,1,tai nguyen
SockShop,carts,cpu,3,fault5,moi_cot,KHONG-DOC,5,1,tai nguyen
SockShop,carts,cpu,3,app,chi_cpu,BARO,7,1,tai nguyen
SockShop,carts,cpu,3,app,chi_cpu,MEANSHIFT,7,1,tai nguyen
SockShop,carts,cpu,3,app,chi_cpu,KHONG-DOC,7,1,tai nguyen
SockShop,carts,cpu,3,app,chi_latency,BARO,7,2,tai nguyen
SockShop,carts,cpu,3,app,chi_latency,MEANSHIFT,7,1,tai nguyen
SockShop,carts,cpu,3,app,chi_latency,KHONG-DOC,7,1,tai nguyen
SockShop,carts,cpu,3,app,chi_workload,BARO,7,6,tai nguyen
SockShop,carts,cpu,3,app,chi_workload,MEANSHIFT,7,7,tai nguyen
SockShop,carts,cpu,3,app,chi_workload,KHONG-DOC,7,1,tai nguyen
SockShop,carts,cpu,3,app,moi_cot,BARO,7,1,tai nguyen
SockShop,carts,cpu,3,app,moi_cot,MEANSHIFT,7,1,tai nguyen
SockShop,carts,cpu,3,app,moi_cot,KHONG-DOC,7,1,tai nguyen
SockShop,carts,cpu,3,all,chi_cpu,BARO,15,1,tai nguyen
SockShop,carts,cpu,3,all,chi_cpu,MEANSHIFT,15,1,tai nguyen
SockShop,carts,cpu,3,all,chi_cpu,KHONG-DOC,15,2,tai nguyen
SockShop,carts,cpu,3,all,chi_latency,BARO,7,2,tai nguyen
SockShop,carts,cpu,3,all,chi_latency,MEANSHIFT,7,1,tai nguyen
SockShop,carts,cpu,3,all,chi_latency,KHONG-DOC,7,1,tai nguyen
SockShop,carts,cpu,3,all,chi_workload,BARO,7,6,tai nguyen
SockShop,carts,cpu,3,all,chi_workload,MEANSHIFT,7,7,tai nguyen
SockShop,carts,cpu,3,all,chi_workload,KHONG-DOC,7,1,tai nguyen
SockShop,carts,cpu,3,all,moi_cot,BARO,15,3,tai nguyen
SockShop,carts,cpu,3,all,moi_cot,MEANSHIFT,15,1,tai nguyen
SockShop,carts,cpu,3,all,moi_cot,KHONG-DOC,15,2,tai nguyen
SockShop,carts,delay,1,fault5,chi_cpu,BARO,5,5,mang
SockShop,carts,delay,1,fault5,chi_cpu,MEANSHIFT,5,3,mang
SockShop,carts,delay,1,fault5,chi_cpu,KHONG-DOC,5,1,mang
SockShop,carts,delay,1,fault5,chi_latency,BARO,5,1,mang
SockShop,carts,delay,1,fault5,chi_latency,MEANSHIFT,5,1,mang
SockShop,carts,delay,1,fault5,chi_latency,KHONG-DOC,5,1,mang
SockShop,carts,delay,1,fault5,chi_workload,BARO,5,5,mang
SockShop,carts,delay,1,fault5,chi_workload,MEANSHIFT,5,2,mang
SockShop,carts,delay,1,fault5,chi_workload,KHONG-DOC,5,1,mang
SockShop,carts,delay,1,fault5,moi_cot,BARO,5,1,mang
SockShop,carts,delay,1,fault5,moi_cot,MEANSHIFT,5,2,mang
SockShop,carts,delay,1,fault5,moi_cot,KHONG-DOC,5,1,mang
SockShop,carts,delay,1,app,chi_cpu,BARO,7,7,mang
SockShop,carts,delay,1,app,chi_cpu,MEANSHIFT,7,4,mang
SockShop,carts,delay,1,app,chi_cpu,KHONG-DOC,7,1,mang
SockShop,carts,delay,1,app,chi_latency,BARO,7,1,mang
SockShop,carts,delay,1,app,chi_latency,MEANSHIFT,7,1,mang
SockShop,carts,delay,1,app,chi_latency,KHONG-DOC,7,1,mang
SockShop,carts,delay,1,app,chi_workload,BARO,7,7,mang
SockShop,carts,delay,1,app,chi_workload,MEANSHIFT,7,3,mang
SockShop,carts,delay,1,app,chi_workload,KHONG-DOC,7,1,mang
SockShop,carts,delay,1,app,moi_cot,BARO,7,1,mang
SockShop,carts,delay,1,app,moi_cot,MEANSHIFT,7,2,mang
SockShop,carts,delay,1,app,moi_cot,KHONG-DOC,7,1,mang
SockShop,carts,delay,1,all,chi_cpu,BARO,15,15,mang
SockShop,carts,delay,1,all,chi_cpu,MEANSHIFT,15,6,mang
SockShop,carts,delay,1,all,chi_cpu,KHONG-DOC,15,2,mang
SockShop,carts,delay,1,all,chi_latency,BARO,7,1,mang
SockShop,carts,delay,1,all,chi_latency,MEANSHIFT,7,1,mang
SockShop,carts,delay,1,all,chi_latency,KHONG-DOC,7,1,mang
SockShop,carts,delay,1,all,chi_workload,BARO,7,7,mang
SockShop,carts,delay,1,all,chi_workload,MEANSHIFT,7,3,mang
SockShop,carts,delay,1,all,chi_workload,KHONG-DOC,7,1,mang
SockShop,carts,delay,1,all,moi_cot,BARO,15,2,mang
SockShop,carts,delay,1,all,moi_cot,MEANSHIFT,15,2,mang
SockShop,carts,delay,1,all,moi_cot,KHONG-DOC,15,2,mang
SockShop,carts,delay,2,fault5,chi_cpu,BARO,5,1,mang
SockShop,carts,delay,2,fault5,chi_cpu,MEANSHIFT,5,5,mang
SockShop,carts,delay,2,fault5,chi_cpu,KHONG-DOC,5,1,mang
SockShop,carts,delay,2,fault5,chi_latency,BARO,5,2,mang
SockShop,carts,delay,2,fault5,chi_latency,MEANSHIFT,5,1,mang
SockShop,carts,delay,2,fault5,chi_latency,KHONG-DOC,5,1,mang
SockShop,carts,delay,2,fault5,chi_workload,BARO,5,4,mang
SockShop,carts,delay,2,fault5,chi_workload,MEANSHIFT,5,3,mang
SockShop,carts,delay,2,fault5,chi_workload,KHONG-DOC,5,1,mang
SockShop,carts,delay,2,fault5,moi_cot,BARO,5,2,mang
SockShop,carts,delay,2,fault5,moi_cot,MEANSHIFT,5,1,mang
SockShop,carts,delay,2,fault5,moi_cot,KHONG-DOC,5,1,mang
SockShop,carts,delay,2,app,chi_cpu,BARO,7,1,mang
SockShop,carts,delay,2,app,chi_cpu,MEANSHIFT,7,6,mang
SockShop,carts,delay,2,app,chi_cpu,KHONG-DOC,7,1,mang
SockShop,carts,delay,2,app,chi_latency,BARO,7,2,mang
SockShop,carts,delay,2,app,chi_latency,MEANSHIFT,7,1,mang
SockShop,carts,delay,2,app,chi_latency,KHONG-DOC,7,1,mang
SockShop,carts,delay,2,app,chi_workload,BARO,7,5,mang
SockShop,carts,delay,2,app,chi_workload,MEANSHIFT,7,4,mang
SockShop,carts,delay,2,app,chi_workload,KHONG-DOC,7,1,mang
SockShop,carts,delay,2,app,moi_cot,BARO,7,2,mang
SockShop,carts,delay,2,app,moi_cot,MEANSHIFT,7,1,mang
SockShop,carts,delay,2,app,moi_cot,KHONG-DOC,7,1,mang
SockShop,carts,delay,2,all,chi_cpu,BARO,15,1,mang
SockShop,carts,delay,2,all,chi_cpu,MEANSHIFT,15,10,mang
SockShop,carts,delay,2,all,chi_cpu,KHONG-DOC,15,2,mang
SockShop,carts,delay,2,all,chi_latency,BARO,7,2,mang
SockShop,carts,delay,2,all,chi_latency,MEANSHIFT,7,1,mang
SockShop,carts,delay,2,all,chi_latency,KHONG-DOC,7,1,mang
SockShop,carts,delay,2,all,chi_workload,BARO,7,5,mang
SockShop,carts,delay,2,all,chi_workload,MEANSHIFT,7,4,mang
SockShop,carts,delay,2,all,chi_workload,KHONG-DOC,7,1,mang
SockShop,carts,delay,2,all,moi_cot,BARO,15,3,mang
SockShop,carts,delay,2,all,moi_cot,MEANSHIFT,15,1,mang
SockShop,carts,delay,2,all,moi_cot,KHONG-DOC,15,2,mang
SockShop,carts,delay,3,fault5,chi_cpu,BARO,5,5,mang
SockShop,carts,delay,3,fault5,chi_cpu,MEANSHIFT,5,4,mang
SockShop,carts,delay,3,fault5,chi_cpu,KHONG-DOC,5,1,mang
SockShop,carts,delay,3,fault5,chi_latency,BARO,5,2,mang
SockShop,carts,delay,3,fault5,chi_latency,MEANSHIFT,5,2,mang
SockShop,carts,delay,3,fault5,chi_latency,KHONG-DOC,5,1,mang
SockShop,carts,delay,3,fault5,chi_workload,BARO,5,5,mang
SockShop,carts,delay,3,fault5,chi_workload,MEANSHIFT,5,3,mang
SockShop,carts,delay,3,fault5,chi_workload,KHONG-DOC,5,1,mang
SockShop,carts,delay,3,fault5,moi_cot,BARO,5,2,mang
SockShop,carts,delay,3,fault5,moi_cot,MEANSHIFT,5,2,mang
SockShop,carts,delay,3,fault5,moi_cot,KHONG-DOC,5,1,mang
SockShop,carts,delay,3,app,chi_cpu,BARO,7,7,mang
SockShop,carts,delay,3,app,chi_cpu,MEANSHIFT,7,6,mang
SockShop,carts,delay,3,app,chi_cpu,KHONG-DOC,7,1,mang
SockShop,carts,delay,3,app,chi_latency,BARO,7,2,mang
SockShop,carts,delay,3,app,chi_latency,MEANSHIFT,7,2,mang
SockShop,carts,delay,3,app,chi_latency,KHONG-DOC,7,1,mang
SockShop,carts,delay,3,app,chi_workload,BARO,7,7,mang
SockShop,carts,delay,3,app,chi_workload,MEANSHIFT,7,4,mang
SockShop,carts,delay,3,app,chi_workload,KHONG-DOC,7,1,mang
SockShop,carts,delay,3,app,moi_cot,BARO,7,3,mang
SockShop,carts,delay,3,app,moi_cot,MEANSHIFT,7,2,mang
SockShop,carts,delay,3,app,moi_cot,KHONG-DOC,7,1,mang
SockShop,carts,delay,3,all,chi_cpu,BARO,15,14,mang
SockShop,carts,delay,3,all,chi_cpu,MEANSHIFT,15,13,mang
SockShop,carts,delay,3,all,chi_cpu,KHONG-DOC,15,2,mang
SockShop,carts,delay,3,all,chi_latency,BARO,7,2,mang
SockShop,carts,delay,3,all,chi_latency,MEANSHIFT,7,2,mang
SockShop,carts,delay,3,all,chi_latency,KHONG-DOC,7,1,mang
SockShop,carts,delay,3,all,chi_workload,BARO,7,7,mang
SockShop,carts,delay,3,all,chi_workload,MEANSHIFT,7,4,mang
SockShop,carts,delay,3,all,chi_workload,KHONG-DOC,7,1,mang
SockShop,carts,delay,3,all,moi_cot,BARO,15,4,mang
SockShop,carts,delay,3,all,moi_cot,MEANSHIFT,15,2,mang
SockShop,carts,delay,3,all,moi_cot,KHONG-DOC,15,2,mang
SockShop,carts,disk,1,fault5,chi_cpu,BARO,5,1,tai nguyen
SockShop,carts,disk,1,fault5,chi_cpu,MEANSHIFT,5,1,tai nguyen
SockShop,carts,disk,1,fault5,chi_cpu,KHONG-DOC,5,1,tai nguyen
SockShop,carts,disk,1,fault5,chi_latency,BARO,5,1,tai nguyen
SockShop,carts,disk,1,fault5,chi_latency,MEANSHIFT,5,1,tai nguyen
SockShop,carts,disk,1,fault5,chi_latency,KHONG-DOC,5,1,tai nguyen
SockShop,carts,disk,1,fault5,chi_workload,BARO,5,3,tai nguyen
SockShop,carts,disk,1,fault5,chi_workload,MEANSHIFT,5,4,tai nguyen
SockShop,carts,disk,1,fault5,chi_workload,KHONG-DOC,5,1,tai nguyen
SockShop,carts,disk,1,fault5,moi_cot,BARO,5,1,tai nguyen
SockShop,carts,disk,1,fault5,moi_cot,MEANSHIFT,5,1,tai nguyen
SockShop,carts,disk,1,fault5,moi_cot,KHONG-DOC,5,1,tai nguyen
SockShop,carts,disk,1,app,chi_cpu,BARO,7,1,tai nguyen
SockShop,carts,disk,1,app,chi_cpu,MEANSHIFT,7,1,tai nguyen
SockShop,carts,disk,1,app,chi_cpu,KHONG-DOC,7,1,tai nguyen
SockShop,carts,disk,1,app,chi_latency,BARO,7,1,tai nguyen
SockShop,carts,disk,1,app,chi_latency,MEANSHIFT,7,1,tai nguyen
SockShop,carts,disk,1,app,chi_latency,KHONG-DOC,7,1,tai nguyen
SockShop,carts,disk,1,app,chi_workload,BARO,7,4,tai nguyen
SockShop,carts,disk,1,app,chi_workload,MEANSHIFT,7,6,tai nguyen
SockShop,carts,disk,1,app,chi_workload,KHONG-DOC,7,1,tai nguyen
SockShop,carts,disk,1,app,moi_cot,BARO,7,1,tai nguyen
SockShop,carts,disk,1,app,moi_cot,MEANSHIFT,7,1,tai nguyen
SockShop,carts,disk,1,app,moi_cot,KHONG-DOC,7,1,tai nguyen
SockShop,carts,disk,1,all,chi_cpu,BARO,15,1,tai nguyen
SockShop,carts,disk,1,all,chi_cpu,MEANSHIFT,15,1,tai nguyen
SockShop,carts,disk,1,all,chi_cpu,KHONG-DOC,15,2,tai nguyen
SockShop,carts,disk,1,all,chi_latency,BARO,7,1,tai nguyen
SockShop,carts,disk,1,all,chi_latency,MEANSHIFT,7,1,tai nguyen
SockShop,carts,disk,1,all,chi_latency,KHONG-DOC,7,1,tai nguyen
SockShop,carts,disk,1,all,chi_workload,BARO,7,4,tai nguyen
SockShop,carts,disk,1,all,chi_workload,MEANSHIFT,7,6,tai nguyen
SockShop,carts,disk,1,all,chi_workload,KHONG-DOC,7,1,tai nguyen
SockShop,carts,disk,1,all,moi_cot,BARO,15,2,tai nguyen
SockShop,carts,disk,1,all,moi_cot,MEANSHIFT,15,1,tai nguyen
SockShop,carts,disk,1,all,moi_cot,KHONG-DOC,15,2,tai nguyen
SockShop,carts,disk,2,fault5,chi_cpu,BARO,5,1,tai nguyen
SockShop,carts,disk,2,fault5,chi_cpu,MEANSHIFT,5,1,tai nguyen
SockShop,carts,disk,2,fault5,chi_cpu,KHONG-DOC,5,1,tai nguyen
SockShop,carts,disk,2,fault5,chi_latency,BARO,5,2,tai nguyen
SockShop,carts,disk,2,fault5,chi_latency,MEANSHIFT,5,2,tai nguyen
SockShop,carts,disk,2,fault5,chi_latency,KHONG-DOC,5,1,tai nguyen
SockShop,carts,disk,2,fault5,chi_workload,BARO,5,1,tai nguyen
SockShop,carts,disk,2,fault5,chi_workload,MEANSHIFT,5,4,tai nguyen
SockShop,carts,disk,2,fault5,chi_workload,KHONG-DOC,5,1,tai nguyen
SockShop,carts,disk,2,fault5,moi_cot,BARO,5,1,tai nguyen
SockShop,carts,disk,2,fault5,moi_cot,MEANSHIFT,5,1,tai nguyen
SockShop,carts,disk,2,fault5,moi_cot,KHONG-DOC,5,1,tai nguyen
SockShop,carts,disk,2,app,chi_cpu,BARO,7,1,tai nguyen
SockShop,carts,disk,2,app,chi_cpu,MEANSHIFT,7,1,tai nguyen
SockShop,carts,disk,2,app,chi_cpu,KHONG-DOC,7,1,tai nguyen
SockShop,carts,disk,2,app,chi_latency,BARO,7,2,tai nguyen
SockShop,carts,disk,2,app,chi_latency,MEANSHIFT,7,2,tai nguyen
SockShop,carts,disk,2,app,chi_latency,KHONG-DOC,7,1,tai nguyen
SockShop,carts,disk,2,app,chi_workload,BARO,7,1,tai nguyen
SockShop,carts,disk,2,app,chi_workload,MEANSHIFT,7,6,tai nguyen
SockShop,carts,disk,2,app,chi_workload,KHONG-DOC,7,1,tai nguyen
SockShop,carts,disk,2,app,moi_cot,BARO,7,1,tai nguyen
SockShop,carts,disk,2,app,moi_cot,MEANSHIFT,7,1,tai nguyen
SockShop,carts,disk,2,app,moi_cot,KHONG-DOC,7,1,tai nguyen
SockShop,carts,disk,2,all,chi_cpu,BARO,15,1,tai nguyen
SockShop,carts,disk,2,all,chi_cpu,MEANSHIFT,15,1,tai nguyen
SockShop,carts,disk,2,all,chi_cpu,KHONG-DOC,15,2,tai nguyen
SockShop,carts,disk,2,all,chi_latency,BARO,7,2,tai nguyen
SockShop,carts,disk,2,all,chi_latency,MEANSHIFT,7,2,tai nguyen
SockShop,carts,disk,2,all,chi_latency,KHONG-DOC,7,1,tai nguyen
SockShop,carts,disk,2,all,chi_workload,BARO,7,1,tai nguyen
SockShop,carts,disk,2,all,chi_workload,MEANSHIFT,7,6,tai nguyen
SockShop,carts,disk,2,all,chi_workload,KHONG-DOC,7,1,tai nguyen
SockShop,carts,disk,2,all,moi_cot,BARO,15,2,tai nguyen
SockShop,carts,disk,2,all,moi_cot,MEANSHIFT,15,1,tai nguyen
SockShop,carts,disk,2,all,moi_cot,KHONG-DOC,15,2,tai nguyen
SockShop,carts,disk,3,fault5,chi_cpu,BARO,5,1,tai nguyen
SockShop,carts,disk,3,fault5,chi_cpu,MEANSHIFT,5,1,tai nguyen
SockShop,carts,disk,3,fault5,chi_cpu,KHONG-DOC,5,1,tai nguyen
SockShop,carts,disk,3,fault5,chi_latency,BARO,5,1,tai nguyen
SockShop,carts,disk,3,fault5,chi_latency,MEANSHIFT,5,1,tai nguyen
SockShop,carts,disk,3,fault5,chi_latency,KHONG-DOC,5,1,tai nguyen
SockShop,carts,disk,3,fault5,chi_workload,BARO,5,1,tai nguyen
SockShop,carts,disk,3,fault5,chi_workload,MEANSHIFT,5,2,tai nguyen
SockShop,carts,disk,3,fault5,chi_workload,KHONG-DOC,5,1,tai nguyen
SockShop,carts,disk,3,fault5,moi_cot,BARO,5,1,tai nguyen
SockShop,carts,disk,3,fault5,moi_cot,MEANSHIFT,5,1,tai nguyen
SockShop,carts,disk,3,fault5,moi_cot,KHONG-DOC,5,1,tai nguyen
SockShop,carts,disk,3,app,chi_cpu,BARO,7,1,tai nguyen
SockShop,carts,disk,3,app,chi_cpu,MEANSHIFT,7,1,tai nguyen
SockShop,carts,disk,3,app,chi_cpu,KHONG-DOC,7,1,tai nguyen
SockShop,carts,disk,3,app,chi_latency,BARO,7,1,tai nguyen
SockShop,carts,disk,3,app,chi_latency,MEANSHIFT,7,1,tai nguyen
SockShop,carts,disk,3,app,chi_latency,KHONG-DOC,7,1,tai nguyen
SockShop,carts,disk,3,app,chi_workload,BARO,7,1,tai nguyen
SockShop,carts,disk,3,app,chi_workload,MEANSHIFT,7,3,tai nguyen
SockShop,carts,disk,3,app,chi_workload,KHONG-DOC,7,1,tai nguyen
SockShop,carts,disk,3,app,moi_cot,BARO,7,1,tai nguyen
SockShop,carts,disk,3,app,moi_cot,MEANSHIFT,7,1,tai nguyen
SockShop,carts,disk,3,app,moi_cot,KHONG-DOC,7,1,tai nguyen
SockShop,carts,disk,3,all,chi_cpu,BARO,15,1,tai nguyen
SockShop,carts,disk,3,all,chi_cpu,MEANSHIFT,15,1,tai nguyen
SockShop,carts,disk,3,all,chi_cpu,KHONG-DOC,15,2,tai nguyen
SockShop,carts,disk,3,all,chi_latency,BARO,7,1,tai nguyen
SockShop,carts,disk,3,all,chi_latency,MEANSHIFT,7,1,tai nguyen
SockShop,carts,disk,3,all,chi_latency,KHONG-DOC,7,1,tai nguyen
SockShop,carts,disk,3,all,chi_workload,BARO,7,1,tai nguyen
SockShop,carts,disk,3,all,chi_workload,MEANSHIFT,7,3,tai nguyen
SockShop,carts,disk,3,all,chi_workload,KHONG-DOC,7,1,tai nguyen
SockShop,carts,disk,3,all,moi_cot,BARO,15,2,tai nguyen
SockShop,carts,disk,3,all,moi_cot,MEANSHIFT,15,1,tai nguyen
SockShop,carts,disk,3,all,moi_cot,KHONG-DOC,15,2,tai nguyen
SockShop,carts,loss,1,fault5,chi_cpu,BARO,5,5,mang
SockShop,carts,loss,1,fault5,chi_cpu,MEANSHIFT,5,3,mang
SockShop,carts,loss,1,fault5,chi_cpu,KHONG-DOC,5,1,mang
SockShop,carts,loss,1,fault5,chi_latency,BARO,5,1,mang
SockShop,carts,loss,1,fault5,chi_latency,MEANSHIFT,5,1,mang
SockShop,carts,loss,1,fault5,chi_latency,KHONG-DOC,5,1,mang
SockShop,carts,loss,1,fault5,chi_workload,BARO,5,1,mang
SockShop,carts,loss,1,fault5,chi_workload,MEANSHIFT,5,1,mang
SockShop,carts,loss,1,fault5,chi_workload,KHONG-DOC,5,1,mang
SockShop,carts,loss,1,fault5,moi_cot,BARO,5,2,mang
SockShop,carts,loss,1,fault5,moi_cot,MEANSHIFT,5,2,mang
SockShop,carts,loss,1,fault5,moi_cot,KHONG-DOC,5,1,mang
SockShop,carts,loss,1,app,chi_cpu,BARO,7,7,mang
SockShop,carts,loss,1,app,chi_cpu,MEANSHIFT,7,5,mang
SockShop,carts,loss,1,app,chi_cpu,KHONG-DOC,7,1,mang
SockShop,carts,loss,1,app,chi_latency,BARO,7,1,mang
SockShop,carts,loss,1,app,chi_latency,MEANSHIFT,7,1,mang
SockShop,carts,loss,1,app,chi_latency,KHONG-DOC,7,1,mang
SockShop,carts,loss,1,app,chi_workload,BARO,7,1,mang
SockShop,carts,loss,1,app,chi_workload,MEANSHIFT,7,1,mang
SockShop,carts,loss,1,app,chi_workload,KHONG-DOC,7,1,mang
SockShop,carts,loss,1,app,moi_cot,BARO,7,2,mang
SockShop,carts,loss,1,app,moi_cot,MEANSHIFT,7,2,mang
SockShop,carts,loss,1,app,moi_cot,KHONG-DOC,7,1,mang
SockShop,carts,loss,1,all,chi_cpu,BARO,15,14,mang
SockShop,carts,loss,1,all,chi_cpu,MEANSHIFT,15,9,mang
SockShop,carts,loss,1,all,chi_cpu,KHONG-DOC,15,2,mang
SockShop,carts,loss,1,all,chi_latency,BARO,7,1,mang
SockShop,carts,loss,1,all,chi_latency,MEANSHIFT,7,1,mang
SockShop,carts,loss,1,all,chi_latency,KHONG-DOC,7,1,mang
SockShop,carts,loss,1,all,chi_workload,BARO,7,1,mang
SockShop,carts,loss,1,all,chi_workload,MEANSHIFT,7,1,mang
SockShop,carts,loss,1,all,chi_workload,KHONG-DOC,7,1,mang
SockShop,carts,loss,1,all,moi_cot,BARO,15,3,mang
SockShop,carts,loss,1,all,moi_cot,MEANSHIFT,15,2,mang
SockShop,carts,loss,1,all,moi_cot,KHONG-DOC,15,2,mang
SockShop,carts,loss,2,fault5,chi_cpu,BARO,5,5,mang
SockShop,carts,loss,2,fault5,chi_cpu,MEANSHIFT,5,1,mang
SockShop,carts,loss,2,fault5,chi_cpu,KHONG-DOC,5,1,mang
SockShop,carts,loss,2,fault5,chi_latency,BARO,5,2,mang
SockShop,carts,loss,2,fault5,chi_latency,MEANSHIFT,5,1,mang
SockShop,carts,loss,2,fault5,chi_latency,KHONG-DOC,5,1,mang
SockShop,carts,loss,2,fault5,chi_workload,BARO,5,1,mang
SockShop,carts,loss,2,fault5,chi_workload,MEANSHIFT,5,2,mang
SockShop,carts,loss,2,fault5,chi_workload,KHONG-DOC,5,1,mang
SockShop,carts,loss,2,fault5,moi_cot,BARO,5,1,mang
SockShop,carts,loss,2,fault5,moi_cot,MEANSHIFT,5,1,mang
SockShop,carts,loss,2,fault5,moi_cot,KHONG-DOC,5,1,mang
SockShop,carts,loss,2,app,chi_cpu,BARO,7,7,mang
SockShop,carts,loss,2,app,chi_cpu,MEANSHIFT,7,1,mang
SockShop,carts,loss,2,app,chi_cpu,KHONG-DOC,7,1,mang
SockShop,carts,loss,2,app,chi_latency,BARO,7,2,mang
SockShop,carts,loss,2,app,chi_latency,MEANSHIFT,7,1,mang
SockShop,carts,loss,2,app,chi_latency,KHONG-DOC,7,1,mang
SockShop,carts,loss,2,app,chi_workload,BARO,7,1,mang
SockShop,carts,loss,2,app,chi_workload,MEANSHIFT,7,3,mang
SockShop,carts,loss,2,app,chi_workload,KHONG-DOC,7,1,mang
SockShop,carts,loss,2,app,moi_cot,BARO,7,1,mang
SockShop,carts,loss,2,app,moi_cot,MEANSHIFT,7,1,mang
SockShop,carts,loss,2,app,moi_cot,KHONG-DOC,7,1,mang
SockShop,carts,loss,2,all,chi_cpu,BARO,15,13,mang
SockShop,carts,loss,2,all,chi_cpu,MEANSHIFT,15,2,mang
SockShop,carts,loss,2,all,chi_cpu,KHONG-DOC,15,2,mang
SockShop,carts,loss,2,all,chi_latency,BARO,7,2,mang
SockShop,carts,loss,2,all,chi_latency,MEANSHIFT,7,1,mang
SockShop,carts,loss,2,all,chi_latency,KHONG-DOC,7,1,mang
SockShop,carts,loss,2,all,chi_workload,BARO,7,1,mang
SockShop,carts,loss,2,all,chi_workload,MEANSHIFT,7,3,mang
SockShop,carts,loss,2,all,chi_workload,KHONG-DOC,7,1,mang
SockShop,carts,loss,2,all,moi_cot,BARO,15,2,mang
SockShop,carts,loss,2,all,moi_cot,MEANSHIFT,15,1,mang
SockShop,carts,loss,2,all,moi_cot,KHONG-DOC,16,2,mang
SockShop,carts,loss,3,fault5,chi_cpu,BARO,5,5,mang
SockShop,carts,loss,3,fault5,chi_cpu,MEANSHIFT,5,1,mang
SockShop,carts,loss,3,fault5,chi_cpu,KHONG-DOC,5,1,mang
SockShop,carts,loss,3,fault5,chi_latency,BARO,5,1,mang
SockShop,carts,loss,3,fault5,chi_latency,MEANSHIFT,5,1,mang
SockShop,carts,loss,3,fault5,chi_latency,KHONG-DOC,5,1,mang
SockShop,carts,loss,3,fault5,chi_workload,BARO,5,1,mang
SockShop,carts,loss,3,fault5,chi_workload,MEANSHIFT,5,1,mang
SockShop,carts,loss,3,fault5,chi_workload,KHONG-DOC,5,1,mang
SockShop,carts,loss,3,fault5,moi_cot,BARO,5,2,mang
SockShop,carts,loss,3,fault5,moi_cot,MEANSHIFT,5,1,mang
SockShop,carts,loss,3,fault5,moi_cot,KHONG-DOC,5,1,mang
SockShop,carts,loss,3,app,chi_cpu,BARO,7,7,mang
SockShop,carts,loss,3,app,chi_cpu,MEANSHIFT,7,2,mang
SockShop,carts,loss,3,app,chi_cpu,KHONG-DOC,7,1,mang
SockShop,carts,loss,3,app,chi_latency,BARO,7,1,mang
SockShop,carts,loss,3,app,chi_latency,MEANSHIFT,7,1,mang
SockShop,carts,loss,3,app,chi_latency,KHONG-DOC,7,1,mang
SockShop,carts,loss,3,app,chi_workload,BARO,7,1,mang
SockShop,carts,loss,3,app,chi_workload,MEANSHIFT,7,1,mang
SockShop,carts,loss,3,app,chi_workload,KHONG-DOC,7,1,mang
SockShop,carts,loss,3,app,moi_cot,BARO,7,2,mang
SockShop,carts,loss,3,app,moi_cot,MEANSHIFT,7,1,mang
SockShop,carts,loss,3,app,moi_cot,KHONG-DOC,7,1,mang
SockShop,carts,loss,3,all,chi_cpu,BARO,15,14,mang
SockShop,carts,loss,3,all,chi_cpu,MEANSHIFT,15,4,mang
SockShop,carts,loss,3,all,chi_cpu,KHONG-DOC,15,2,mang
SockShop,carts,loss,3,all,chi_latency,BARO,7,1,mang
SockShop,carts,loss,3,all,chi_latency,MEANSHIFT,7,1,mang
SockShop,carts,loss,3,all,chi_latency,KHONG-DOC,7,1,mang
SockShop,carts,loss,3,all,chi_workload,BARO,7,1,mang
SockShop,carts,loss,3,all,chi_workload,MEANSHIFT,7,1,mang
SockShop,carts,loss,3,all,chi_workload,KHONG-DOC,7,1,mang
SockShop,carts,loss,3,all,moi_cot,BARO,15,3,mang
SockShop,carts,loss,3,all,moi_cot,MEANSHIFT,15,1,mang
SockShop,carts,loss,3,all,moi_cot,KHONG-DOC,15,2,mang
SockShop,carts,mem,1,fault5,chi_cpu,BARO,5,1,tai nguyen
SockShop,carts,mem,1,fault5,chi_cpu,MEANSHIFT,5,1,tai nguyen
SockShop,carts,mem,1,fault5,chi_cpu,KHONG-DOC,5,1,tai nguyen
SockShop,carts,mem,1,fault5,chi_latency,BARO,5,1,tai nguyen
SockShop,carts,mem,1,fault5,chi_latency,MEANSHIFT,5,1,tai nguyen
SockShop,carts,mem,1,fault5,chi_latency,KHONG-DOC,5,1,tai nguyen
SockShop,carts,mem,1,fault5,chi_workload,BARO,5,4,tai nguyen
SockShop,carts,mem,1,fault5,chi_workload,MEANSHIFT,5,4,tai nguyen
SockShop,carts,mem,1,fault5,chi_workload,KHONG-DOC,5,1,tai nguyen
SockShop,carts,mem,1,fault5,moi_cot,BARO,5,2,tai nguyen
SockShop,carts,mem,1,fault5,moi_cot,MEANSHIFT,5,1,tai nguyen
SockShop,carts,mem,1,fault5,moi_cot,KHONG-DOC,5,1,tai nguyen
SockShop,carts,mem,1,app,chi_cpu,BARO,7,1,tai nguyen
SockShop,carts,mem,1,app,chi_cpu,MEANSHIFT,7,1,tai nguyen
SockShop,carts,mem,1,app,chi_cpu,KHONG-DOC,7,1,tai nguyen
SockShop,carts,mem,1,app,chi_latency,BARO,7,1,tai nguyen
SockShop,carts,mem,1,app,chi_latency,MEANSHIFT,7,1,tai nguyen
SockShop,carts,mem,1,app,chi_latency,KHONG-DOC,7,1,tai nguyen
SockShop,carts,mem,1,app,chi_workload,BARO,7,6,tai nguyen
SockShop,carts,mem,1,app,chi_workload,MEANSHIFT,7,5,tai nguyen
SockShop,carts,mem,1,app,chi_workload,KHONG-DOC,7,1,tai nguyen
SockShop,carts,mem,1,app,moi_cot,BARO,7,2,tai nguyen
SockShop,carts,mem,1,app,moi_cot,MEANSHIFT,7,1,tai nguyen
SockShop,carts,mem,1,app,moi_cot,KHONG-DOC,7,1,tai nguyen
SockShop,carts,mem,1,all,chi_cpu,BARO,15,1,tai nguyen
SockShop,carts,mem,1,all,chi_cpu,MEANSHIFT,15,1,tai nguyen
SockShop,carts,mem,1,all,chi_cpu,KHONG-DOC,15,2,tai nguyen
SockShop,carts,mem,1,all,chi_latency,BARO,7,1,tai nguyen
SockShop,carts,mem,1,all,chi_latency,MEANSHIFT,7,1,tai nguyen
SockShop,carts,mem,1,all,chi_latency,KHONG-DOC,7,1,tai nguyen
SockShop,carts,mem,1,all,chi_workload,BARO,7,6,tai nguyen
SockShop,carts,mem,1,all,chi_workload,MEANSHIFT,7,5,tai nguyen
SockShop,carts,mem,1,all,chi_workload,KHONG-DOC,7,1,tai nguyen
SockShop,carts,mem,1,all,moi_cot,BARO,15,3,tai nguyen
SockShop,carts,mem,1,all,moi_cot,MEANSHIFT,15,1,tai nguyen
SockShop,carts,mem,1,all,moi_cot,KHONG-DOC,15,2,tai nguyen
SockShop,carts,mem,2,fault5,chi_cpu,BARO,5,1,tai nguyen
SockShop,carts,mem,2,fault5,chi_cpu,MEANSHIFT,5,1,tai nguyen
SockShop,carts,mem,2,fault5,chi_cpu,KHONG-DOC,5,1,tai nguyen
SockShop,carts,mem,2,fault5,chi_latency,BARO,5,1,tai nguyen
SockShop,carts,mem,2,fault5,chi_latency,MEANSHIFT,5,1,tai nguyen
SockShop,carts,mem,2,fault5,chi_latency,KHONG-DOC,5,1,tai nguyen
SockShop,carts,mem,2,fault5,chi_workload,BARO,5,3,tai nguyen
SockShop,carts,mem,2,fault5,chi_workload,MEANSHIFT,5,1,tai nguyen
SockShop,carts,mem,2,fault5,chi_workload,KHONG-DOC,5,1,tai nguyen
SockShop,carts,mem,2,fault5,moi_cot,BARO,5,1,tai nguyen
SockShop,carts,mem,2,fault5,moi_cot,MEANSHIFT,5,1,tai nguyen
SockShop,carts,mem,2,fault5,moi_cot,KHONG-DOC,5,1,tai nguyen
SockShop,carts,mem,2,app,chi_cpu,BARO,7,1,tai nguyen
SockShop,carts,mem,2,app,chi_cpu,MEANSHIFT,7,1,tai nguyen
SockShop,carts,mem,2,app,chi_cpu,KHONG-DOC,7,1,tai nguyen
SockShop,carts,mem,2,app,chi_latency,BARO,7,1,tai nguyen
SockShop,carts,mem,2,app,chi_latency,MEANSHIFT,7,1,tai nguyen
SockShop,carts,mem,2,app,chi_latency,KHONG-DOC,7,1,tai nguyen
SockShop,carts,mem,2,app,chi_workload,BARO,7,3,tai nguyen
SockShop,carts,mem,2,app,chi_workload,MEANSHIFT,7,1,tai nguyen
SockShop,carts,mem,2,app,chi_workload,KHONG-DOC,7,1,tai nguyen
SockShop,carts,mem,2,app,moi_cot,BARO,7,1,tai nguyen
SockShop,carts,mem,2,app,moi_cot,MEANSHIFT,7,1,tai nguyen
SockShop,carts,mem,2,app,moi_cot,KHONG-DOC,7,1,tai nguyen
SockShop,carts,mem,2,all,chi_cpu,BARO,15,1,tai nguyen
SockShop,carts,mem,2,all,chi_cpu,MEANSHIFT,15,1,tai nguyen
SockShop,carts,mem,2,all,chi_cpu,KHONG-DOC,15,2,tai nguyen
SockShop,carts,mem,2,all,chi_latency,BARO,7,1,tai nguyen
SockShop,carts,mem,2,all,chi_latency,MEANSHIFT,7,1,tai nguyen
SockShop,carts,mem,2,all,chi_latency,KHONG-DOC,7,1,tai nguyen
SockShop,carts,mem,2,all,chi_workload,BARO,7,3,tai nguyen
SockShop,carts,mem,2,all,chi_workload,MEANSHIFT,7,1,tai nguyen
SockShop,carts,mem,2,all,chi_workload,KHONG-DOC,7,1,tai nguyen
SockShop,carts,mem,2,all,moi_cot,BARO,15,2,tai nguyen
SockShop,carts,mem,2,all,moi_cot,MEANSHIFT,15,1,tai nguyen
SockShop,carts,mem,2,all,moi_cot,KHONG-DOC,15,2,tai nguyen
SockShop,carts,mem,3,fault5,chi_cpu,BARO,5,1,tai nguyen
SockShop,carts,mem,3,fault5,chi_cpu,MEANSHIFT,5,1,tai nguyen
SockShop,carts,mem,3,fault5,chi_cpu,KHONG-DOC,5,1,tai nguyen
SockShop,carts,mem,3,fault5,chi_latency,BARO,5,1,tai nguyen
SockShop,carts,mem,3,fault5,chi_latency,MEANSHIFT,5,1,tai nguyen
SockShop,carts,mem,3,fault5,chi_latency,KHONG-DOC,5,1,tai nguyen
SockShop,carts,mem,3,fault5,chi_workload,BARO,5,1,tai nguyen
SockShop,carts,mem,3,fault5,chi_workload,MEANSHIFT,5,5,tai nguyen
SockShop,carts,mem,3,fault5,chi_workload,KHONG-DOC,5,1,tai nguyen
SockShop,carts,mem,3,fault5,moi_cot,BARO,5,1,tai nguyen
SockShop,carts,mem,3,fault5,moi_cot,MEANSHIFT,5,1,tai nguyen
SockShop,carts,mem,3,fault5,moi_cot,KHONG-DOC,5,1,tai nguyen
SockShop,carts,mem,3,app,chi_cpu,BARO,7,1,tai nguyen
SockShop,carts,mem,3,app,chi_cpu,MEANSHIFT,7,1,tai nguyen
SockShop,carts,mem,3,app,chi_cpu,KHONG-DOC,7,1,tai nguyen
SockShop,carts,mem,3,app,chi_latency,BARO,7,1,tai nguyen
SockShop,carts,mem,3,app,chi_latency,MEANSHIFT,7,1,tai nguyen
SockShop,carts,mem,3,app,chi_latency,KHONG-DOC,7,1,tai nguyen
SockShop,carts,mem,3,app,chi_workload,BARO,7,1,tai nguyen
SockShop,carts,mem,3,app,chi_workload,MEANSHIFT,7,7,tai nguyen
SockShop,carts,mem,3,app,chi_workload,KHONG-DOC,7,1,tai nguyen
SockShop,carts,mem,3,app,moi_cot,BARO,7,1,tai nguyen
SockShop,carts,mem,3,app,moi_cot,MEANSHIFT,7,1,tai nguyen
SockShop,carts,mem,3,app,moi_cot,KHONG-DOC,7,1,tai nguyen
SockShop,carts,mem,3,all,chi_cpu,BARO,15,1,tai nguyen
SockShop,carts,mem,3,all,chi_cpu,MEANSHIFT,15,1,tai nguyen
SockShop,carts,mem,3,all,chi_cpu,KHONG-DOC,15,2,tai nguyen
SockShop,carts,mem,3,all,chi_latency,BARO,7,1,tai nguyen
SockShop,carts,mem,3,all,chi_latency,MEANSHIFT,7,1,tai nguyen
SockShop,carts,mem,3,all,chi_latency,KHONG-DOC,7,1,tai nguyen
SockShop,carts,mem,3,all,chi_workload,BARO,7,1,tai nguyen
SockShop,carts,mem,3,all,chi_workload,MEANSHIFT,7,7,tai nguyen
SockShop,carts,mem,3,all,chi_workload,KHONG-DOC,7,1,tai nguyen
SockShop,carts,mem,3,all,moi_cot,BARO,15,2,tai nguyen
SockShop,carts,mem,3,all,moi_cot,MEANSHIFT,15,1,tai nguyen
SockShop,carts,mem,3,all,moi_cot,KHONG-DOC,15,2,tai nguyen
SockShop,carts,socket,1,fault5,chi_cpu,BARO,5,1,tai nguyen
SockShop,carts,socket,1,fault5,chi_cpu,MEANSHIFT,5,1,tai nguyen
SockShop,carts,socket,1,fault5,chi_cpu,KHONG-DOC,5,1,tai nguyen
SockShop,carts,socket,1,fault5,chi_latency,BARO,5,3,tai nguyen
SockShop,carts,socket,1,fault5,chi_latency,MEANSHIFT,5,3,tai nguyen
SockShop,carts,socket,1,fault5,chi_latency,KHONG-DOC,5,1,tai nguyen
SockShop,carts,socket,1,fault5,chi_workload,BARO,5,5,tai nguyen
SockShop,carts,socket,1,fault5,chi_workload,MEANSHIFT,5,3,tai nguyen
SockShop,carts,socket,1,fault5,chi_workload,KHONG-DOC,5,1,tai nguyen
SockShop,carts,socket,1,fault5,moi_cot,BARO,5,2,tai nguyen
SockShop,carts,socket,1,fault5,moi_cot,MEANSHIFT,5,3,tai nguyen
SockShop,carts,socket,1,fault5,moi_cot,KHONG-DOC,5,1,tai nguyen
SockShop,carts,socket,1,app,chi_cpu,BARO,7,1,tai nguyen
SockShop,carts,socket,1,app,chi_cpu,MEANSHIFT,7,1,tai nguyen
SockShop,carts,socket,1,app,chi_cpu,KHONG-DOC,7,1,tai nguyen
SockShop,carts,socket,1,app,chi_latency,BARO,7,4,tai nguyen
SockShop,carts,socket,1,app,chi_latency,MEANSHIFT,7,3,tai nguyen
SockShop,carts,socket,1,app,chi_latency,KHONG-DOC,7,1,tai nguyen
SockShop,carts,socket,1,app,chi_workload,BARO,7,7,tai nguyen
SockShop,carts,socket,1,app,chi_workload,MEANSHIFT,7,3,tai nguyen
SockShop,carts,socket,1,app,chi_workload,KHONG-DOC,7,1,tai nguyen
SockShop,carts,socket,1,app,moi_cot,BARO,7,2,tai nguyen
SockShop,carts,socket,1,app,moi_cot,MEANSHIFT,7,3,tai nguyen
SockShop,carts,socket,1,app,moi_cot,KHONG-DOC,7,1,tai nguyen
SockShop,carts,socket,1,all,chi_cpu,BARO,15,2,tai nguyen
SockShop,carts,socket,1,all,chi_cpu,MEANSHIFT,15,1,tai nguyen
SockShop,carts,socket,1,all,chi_cpu,KHONG-DOC,15,2,tai nguyen
SockShop,carts,socket,1,all,chi_latency,BARO,7,4,tai nguyen
SockShop,carts,socket,1,all,chi_latency,MEANSHIFT,7,3,tai nguyen
SockShop,carts,socket,1,all,chi_latency,KHONG-DOC,7,1,tai nguyen
SockShop,carts,socket,1,all,chi_workload,BARO,7,7,tai nguyen
SockShop,carts,socket,1,all,chi_workload,MEANSHIFT,7,3,tai nguyen
SockShop,carts,socket,1,all,chi_workload,KHONG-DOC,7,1,tai nguyen
SockShop,carts,socket,1,all,moi_cot,BARO,15,4,tai nguyen
SockShop,carts,socket,1,all,moi_cot,MEANSHIFT,15,3,tai nguyen
SockShop,carts,socket,1,all,moi_cot,KHONG-DOC,15,2,tai nguyen
SockShop,carts,socket,2,fault5,chi_cpu,BARO,5,1,tai nguyen
SockShop,carts,socket,2,fault5,chi_cpu,MEANSHIFT,5,1,tai nguyen
SockShop,carts,socket,2,fault5,chi_cpu,KHONG-DOC,5,1,tai nguyen
SockShop,carts,socket,2,fault5,chi_latency,BARO,5,2,tai nguyen
SockShop,carts,socket,2,fault5,chi_latency,MEANSHIFT,5,1,tai nguyen
SockShop,carts,socket,2,fault5,chi_latency,KHONG-DOC,5,1,tai nguyen
SockShop,carts,socket,2,fault5,chi_workload,BARO,5,3,tai nguyen
SockShop,carts,socket,2,fault5,chi_workload,MEANSHIFT,5,3,tai nguyen
SockShop,carts,socket,2,fault5,chi_workload,KHONG-DOC,5,1,tai nguyen
SockShop,carts,socket,2,fault5,moi_cot,BARO,5,2,tai nguyen
SockShop,carts,socket,2,fault5,moi_cot,MEANSHIFT,5,2,tai nguyen
SockShop,carts,socket,2,fault5,moi_cot,KHONG-DOC,5,1,tai nguyen
SockShop,carts,socket,2,app,chi_cpu,BARO,7,1,tai nguyen
SockShop,carts,socket,2,app,chi_cpu,MEANSHIFT,7,1,tai nguyen
SockShop,carts,socket,2,app,chi_cpu,KHONG-DOC,7,1,tai nguyen
SockShop,carts,socket,2,app,chi_latency,BARO,7,2,tai nguyen
SockShop,carts,socket,2,app,chi_latency,MEANSHIFT,7,1,tai nguyen
SockShop,carts,socket,2,app,chi_latency,KHONG-DOC,7,1,tai nguyen
SockShop,carts,socket,2,app,chi_workload,BARO,7,4,tai nguyen
SockShop,carts,socket,2,app,chi_workload,MEANSHIFT,7,4,tai nguyen
SockShop,carts,socket,2,app,chi_workload,KHONG-DOC,7,1,tai nguyen
SockShop,carts,socket,2,app,moi_cot,BARO,7,2,tai nguyen
SockShop,carts,socket,2,app,moi_cot,MEANSHIFT,7,2,tai nguyen
SockShop,carts,socket,2,app,moi_cot,KHONG-DOC,7,1,tai nguyen
SockShop,carts,socket,2,all,chi_cpu,BARO,15,1,tai nguyen
SockShop,carts,socket,2,all,chi_cpu,MEANSHIFT,15,1,tai nguyen
SockShop,carts,socket,2,all,chi_cpu,KHONG-DOC,15,2,tai nguyen
SockShop,carts,socket,2,all,chi_latency,BARO,7,2,tai nguyen
SockShop,carts,socket,2,all,chi_latency,MEANSHIFT,7,1,tai nguyen
SockShop,carts,socket,2,all,chi_latency,KHONG-DOC,7,1,tai nguyen
SockShop,carts,socket,2,all,chi_workload,BARO,7,4,tai nguyen
SockShop,carts,socket,2,all,chi_workload,MEANSHIFT,7,4,tai nguyen
SockShop,carts,socket,2,all,chi_workload,KHONG-DOC,7,1,tai nguyen
SockShop,carts,socket,2,all,moi_cot,BARO,15,3,tai nguyen
SockShop,carts,socket,2,all,moi_cot,MEANSHIFT,15,2,tai nguyen
SockShop,carts,socket,2,all,moi_cot,KHONG-DOC,15,2,tai nguyen
SockShop,carts,socket,3,fault5,chi_cpu,BARO,5,1,tai nguyen
SockShop,carts,socket,3,fault5,chi_cpu,MEANSHIFT,5,1,tai nguyen
SockShop,carts,socket,3,fault5,chi_cpu,KHONG-DOC,5,1,tai nguyen
SockShop,carts,socket,3,fault5,chi_latency,BARO,5,2,tai nguyen
SockShop,carts,socket,3,fault5,chi_latency,MEANSHIFT,5,2,tai nguyen
SockShop,carts,socket,3,fault5,chi_latency,KHONG-DOC,5,1,tai nguyen
SockShop,carts,socket,3,fault5,chi_workload,BARO,5,1,tai nguyen
SockShop,carts,socket,3,fault5,chi_workload,MEANSHIFT,5,3,tai nguyen
SockShop,carts,socket,3,fault5,chi_workload,KHONG-DOC,5,1,tai nguyen
SockShop,carts,socket,3,fault5,moi_cot,BARO,5,2,tai nguyen
SockShop,carts,socket,3,fault5,moi_cot,MEANSHIFT,5,2,tai nguyen
SockShop,carts,socket,3,fault5,moi_cot,KHONG-DOC,5,1,tai nguyen
SockShop,carts,socket,3,app,chi_cpu,BARO,7,1,tai nguyen
SockShop,carts,socket,3,app,chi_cpu,MEANSHIFT,7,1,tai nguyen
SockShop,carts,socket,3,app,chi_cpu,KHONG-DOC,7,1,tai nguyen
SockShop,carts,socket,3,app,chi_latency,BARO,7,2,tai nguyen
SockShop,carts,socket,3,app,chi_latency,MEANSHIFT,7,2,tai nguyen
SockShop,carts,socket,3,app,chi_latency,KHONG-DOC,7,1,tai nguyen
SockShop,carts,socket,3,app,chi_workload,BARO,7,1,tai nguyen
SockShop,carts,socket,3,app,chi_workload,MEANSHIFT,7,4,tai nguyen
SockShop,carts,socket,3,app,chi_workload,KHONG-DOC,7,1,tai nguyen
SockShop,carts,socket,3,app,moi_cot,BARO,7,2,tai nguyen
SockShop,carts,socket,3,app,moi_cot,MEANSHIFT,7,2,tai nguyen
SockShop,carts,socket,3,app,moi_cot,KHONG-DOC,7,1,tai nguyen
SockShop,carts,socket,3,all,chi_cpu,BARO,15,1,tai nguyen
SockShop,carts,socket,3,all,chi_cpu,MEANSHIFT,15,1,tai nguyen
SockShop,carts,socket,3,all,chi_cpu,KHONG-DOC,15,2,tai nguyen
SockShop,carts,socket,3,all,chi_latency,BARO,7,2,tai nguyen
SockShop,carts,socket,3,all,chi_latency,MEANSHIFT,7,2,tai nguyen
SockShop,carts,socket,3,all,chi_latency,KHONG-DOC,7,1,tai nguyen
SockShop,carts,socket,3,all,chi_workload,BARO,7,1,tai nguyen
SockShop,carts,socket,3,all,chi_workload,MEANSHIFT,7,4,tai nguyen
SockShop,carts,socket,3,all,chi_workload,KHONG-DOC,7,1,tai nguyen
SockShop,carts,socket,3,all,moi_cot,BARO,15,4,tai nguyen
SockShop,carts,socket,3,all,moi_cot,MEANSHIFT,15,2,tai nguyen
SockShop,carts,socket,3,all,moi_cot,KHONG-DOC,15,2,tai nguyen
SockShop,catalogue,cpu,1,fault5,chi_cpu,BARO,5,1,tai nguyen
SockShop,catalogue,cpu,1,fault5,chi_cpu,MEANSHIFT,5,1,tai nguyen
SockShop,catalogue,cpu,1,fault5,chi_cpu,KHONG-DOC,5,2,tai nguyen
SockShop,catalogue,cpu,1,fault5,chi_latency,BARO,5,1,tai nguyen
SockShop,catalogue,cpu,1,fault5,chi_latency,MEANSHIFT,5,1,tai nguyen
SockShop,catalogue,cpu,1,fault5,chi_latency,KHONG-DOC,5,2,tai nguyen
SockShop,catalogue,cpu,1,fault5,chi_workload,BARO,5,2,tai nguyen
SockShop,catalogue,cpu,1,fault5,chi_workload,MEANSHIFT,5,5,tai nguyen
SockShop,catalogue,cpu,1,fault5,chi_workload,KHONG-DOC,5,2,tai nguyen
SockShop,catalogue,cpu,1,fault5,moi_cot,BARO,5,1,tai nguyen
SockShop,catalogue,cpu,1,fault5,moi_cot,MEANSHIFT,5,1,tai nguyen
SockShop,catalogue,cpu,1,fault5,moi_cot,KHONG-DOC,5,2,tai nguyen
SockShop,catalogue,cpu,1,app,chi_cpu,BARO,7,1,tai nguyen
SockShop,catalogue,cpu,1,app,chi_cpu,MEANSHIFT,7,1,tai nguyen
SockShop,catalogue,cpu,1,app,chi_cpu,KHONG-DOC,7,2,tai nguyen
SockShop,catalogue,cpu,1,app,chi_latency,BARO,7,1,tai nguyen
SockShop,catalogue,cpu,1,app,chi_latency,MEANSHIFT,7,1,tai nguyen
SockShop,catalogue,cpu,1,app,chi_latency,KHONG-DOC,7,2,tai nguyen
SockShop,catalogue,cpu,1,app,chi_workload,BARO,7,3,tai nguyen
SockShop,catalogue,cpu,1,app,chi_workload,MEANSHIFT,7,7,tai nguyen
SockShop,catalogue,cpu,1,app,chi_workload,KHONG-DOC,7,2,tai nguyen
SockShop,catalogue,cpu,1,app,moi_cot,BARO,7,1,tai nguyen
SockShop,catalogue,cpu,1,app,moi_cot,MEANSHIFT,7,1,tai nguyen
SockShop,catalogue,cpu,1,app,moi_cot,KHONG-DOC,7,2,tai nguyen
SockShop,catalogue,cpu,1,all,chi_cpu,BARO,15,1,tai nguyen
SockShop,catalogue,cpu,1,all,chi_cpu,MEANSHIFT,15,1,tai nguyen
SockShop,catalogue,cpu,1,all,chi_cpu,KHONG-DOC,15,4,tai nguyen
SockShop,catalogue,cpu,1,all,chi_latency,BARO,7,1,tai nguyen
SockShop,catalogue,cpu,1,all,chi_latency,MEANSHIFT,7,1,tai nguyen
SockShop,catalogue,cpu,1,all,chi_latency,KHONG-DOC,7,2,tai nguyen
SockShop,catalogue,cpu,1,all,chi_workload,BARO,7,3,tai nguyen
SockShop,catalogue,cpu,1,all,chi_workload,MEANSHIFT,7,7,tai nguyen
SockShop,catalogue,cpu,1,all,chi_workload,KHONG-DOC,7,2,tai nguyen
SockShop,catalogue,cpu,1,all,moi_cot,BARO,15,4,tai nguyen
SockShop,catalogue,cpu,1,all,moi_cot,MEANSHIFT,15,1,tai nguyen
SockShop,catalogue,cpu,1,all,moi_cot,KHONG-DOC,15,4,tai nguyen
SockShop,catalogue,cpu,2,fault5,chi_cpu,BARO,5,1,tai nguyen
SockShop,catalogue,cpu,2,fault5,chi_cpu,MEANSHIFT,5,1,tai nguyen
SockShop,catalogue,cpu,2,fault5,chi_cpu,KHONG-DOC,5,2,tai nguyen
SockShop,catalogue,cpu,2,fault5,chi_latency,BARO,5,1,tai nguyen
SockShop,catalogue,cpu,2,fault5,chi_latency,MEANSHIFT,5,1,tai nguyen
SockShop,catalogue,cpu,2,fault5,chi_latency,KHONG-DOC,5,2,tai nguyen
SockShop,catalogue,cpu,2,fault5,chi_workload,BARO,5,5,tai nguyen
SockShop,catalogue,cpu,2,fault5,chi_workload,MEANSHIFT,5,5,tai nguyen
SockShop,catalogue,cpu,2,fault5,chi_workload,KHONG-DOC,5,2,tai nguyen
SockShop,catalogue,cpu,2,fault5,moi_cot,BARO,5,1,tai nguyen
SockShop,catalogue,cpu,2,fault5,moi_cot,MEANSHIFT,5,1,tai nguyen
SockShop,catalogue,cpu,2,fault5,moi_cot,KHONG-DOC,5,2,tai nguyen
SockShop,catalogue,cpu,2,app,chi_cpu,BARO,7,1,tai nguyen
SockShop,catalogue,cpu,2,app,chi_cpu,MEANSHIFT,7,1,tai nguyen
SockShop,catalogue,cpu,2,app,chi_cpu,KHONG-DOC,7,2,tai nguyen
SockShop,catalogue,cpu,2,app,chi_latency,BARO,7,1,tai nguyen
SockShop,catalogue,cpu,2,app,chi_latency,MEANSHIFT,7,1,tai nguyen
SockShop,catalogue,cpu,2,app,chi_latency,KHONG-DOC,7,2,tai nguyen
SockShop,catalogue,cpu,2,app,chi_workload,BARO,7,6,tai nguyen
SockShop,catalogue,cpu,2,app,chi_workload,MEANSHIFT,7,7,tai nguyen
SockShop,catalogue,cpu,2,app,chi_workload,KHONG-DOC,7,2,tai nguyen
SockShop,catalogue,cpu,2,app,moi_cot,BARO,7,1,tai nguyen
SockShop,catalogue,cpu,2,app,moi_cot,MEANSHIFT,7,1,tai nguyen
SockShop,catalogue,cpu,2,app,moi_cot,KHONG-DOC,7,2,tai nguyen
SockShop,catalogue,cpu,2,all,chi_cpu,BARO,15,1,tai nguyen
SockShop,catalogue,cpu,2,all,chi_cpu,MEANSHIFT,15,1,tai nguyen
SockShop,catalogue,cpu,2,all,chi_cpu,KHONG-DOC,15,4,tai nguyen
SockShop,catalogue,cpu,2,all,chi_latency,BARO,7,1,tai nguyen
SockShop,catalogue,cpu,2,all,chi_latency,MEANSHIFT,7,1,tai nguyen
SockShop,catalogue,cpu,2,all,chi_latency,KHONG-DOC,7,2,tai nguyen
SockShop,catalogue,cpu,2,all,chi_workload,BARO,7,6,tai nguyen
SockShop,catalogue,cpu,2,all,chi_workload,MEANSHIFT,7,7,tai nguyen
SockShop,catalogue,cpu,2,all,chi_workload,KHONG-DOC,7,2,tai nguyen
SockShop,catalogue,cpu,2,all,moi_cot,BARO,15,3,tai nguyen
SockShop,catalogue,cpu,2,all,moi_cot,MEANSHIFT,15,1,tai nguyen
SockShop,catalogue,cpu,2,all,moi_cot,KHONG-DOC,15,4,tai nguyen
SockShop,catalogue,cpu,3,fault5,chi_cpu,BARO,5,1,tai nguyen
SockShop,catalogue,cpu,3,fault5,chi_cpu,MEANSHIFT,5,1,tai nguyen
SockShop,catalogue,cpu,3,fault5,chi_cpu,KHONG-DOC,5,2,tai nguyen
SockShop,catalogue,cpu,3,fault5,chi_latency,BARO,5,1,tai nguyen
SockShop,catalogue,cpu,3,fault5,chi_latency,MEANSHIFT,5,1,tai nguyen
SockShop,catalogue,cpu,3,fault5,chi_latency,KHONG-DOC,5,2,tai nguyen
SockShop,catalogue,cpu,3,fault5,chi_workload,BARO,5,1,tai nguyen
SockShop,catalogue,cpu,3,fault5,chi_workload,MEANSHIFT,5,3,tai nguyen
SockShop,catalogue,cpu,3,fault5,chi_workload,KHONG-DOC,5,2,tai nguyen
SockShop,catalogue,cpu,3,fault5,moi_cot,BARO,5,1,tai nguyen
SockShop,catalogue,cpu,3,fault5,moi_cot,MEANSHIFT,5,1,tai nguyen
SockShop,catalogue,cpu,3,fault5,moi_cot,KHONG-DOC,5,2,tai nguyen
SockShop,catalogue,cpu,3,app,chi_cpu,BARO,7,1,tai nguyen
SockShop,catalogue,cpu,3,app,chi_cpu,MEANSHIFT,7,1,tai nguyen
SockShop,catalogue,cpu,3,app,chi_cpu,KHONG-DOC,7,2,tai nguyen
SockShop,catalogue,cpu,3,app,chi_latency,BARO,7,1,tai nguyen
SockShop,catalogue,cpu,3,app,chi_latency,MEANSHIFT,7,1,tai nguyen
SockShop,catalogue,cpu,3,app,chi_latency,KHONG-DOC,7,2,tai nguyen
SockShop,catalogue,cpu,3,app,chi_workload,BARO,7,1,tai nguyen
SockShop,catalogue,cpu,3,app,chi_workload,MEANSHIFT,7,3,tai nguyen
SockShop,catalogue,cpu,3,app,chi_workload,KHONG-DOC,7,2,tai nguyen
SockShop,catalogue,cpu,3,app,moi_cot,BARO,7,1,tai nguyen
SockShop,catalogue,cpu,3,app,moi_cot,MEANSHIFT,7,1,tai nguyen
SockShop,catalogue,cpu,3,app,moi_cot,KHONG-DOC,7,2,tai nguyen
SockShop,catalogue,cpu,3,all,chi_cpu,BARO,15,1,tai nguyen
SockShop,catalogue,cpu,3,all,chi_cpu,MEANSHIFT,15,1,tai nguyen
SockShop,catalogue,cpu,3,all,chi_cpu,KHONG-DOC,15,4,tai nguyen
SockShop,catalogue,cpu,3,all,chi_latency,BARO,7,1,tai nguyen
SockShop,catalogue,cpu,3,all,chi_latency,MEANSHIFT,7,1,tai nguyen
SockShop,catalogue,cpu,3,all,chi_latency,KHONG-DOC,7,2,tai nguyen
SockShop,catalogue,cpu,3,all,chi_workload,BARO,7,1,tai nguyen
SockShop,catalogue,cpu,3,all,chi_workload,MEANSHIFT,7,3,tai nguyen
SockShop,catalogue,cpu,3,all,chi_workload,KHONG-DOC,7,2,tai nguyen
SockShop,catalogue,cpu,3,all,moi_cot,BARO,15,3,tai nguyen
SockShop,catalogue,cpu,3,all,moi_cot,MEANSHIFT,15,1,tai nguyen
SockShop,catalogue,cpu,3,all,moi_cot,KHONG-DOC,15,4,tai nguyen
SockShop,catalogue,delay,1,fault5,chi_cpu,BARO,5,2,mang
SockShop,catalogue,delay,1,fault5,chi_cpu,MEANSHIFT,5,1,mang
SockShop,catalogue,delay,1,fault5,chi_cpu,KHONG-DOC,5,2,mang
SockShop,catalogue,delay,1,fault5,chi_latency,BARO,5,1,mang
SockShop,catalogue,delay,1,fault5,chi_latency,MEANSHIFT,5,1,mang
SockShop,catalogue,delay,1,fault5,chi_latency,KHONG-DOC,5,2,mang
SockShop,catalogue,delay,1,fault5,chi_workload,BARO,5,4,mang
SockShop,catalogue,delay,1,fault5,chi_workload,MEANSHIFT,5,2,mang
SockShop,catalogue,delay,1,fault5,chi_workload,KHONG-DOC,5,2,mang
SockShop,catalogue,delay,1,fault5,moi_cot,BARO,5,1,mang
SockShop,catalogue,delay,1,fault5,moi_cot,MEANSHIFT,5,1,mang
SockShop,catalogue,delay,1,fault5,moi_cot,KHONG-DOC,5,2,mang
SockShop,catalogue,delay,1,app,chi_cpu,BARO,7,3,mang
SockShop,catalogue,delay,1,app,chi_cpu,MEANSHIFT,7,1,mang
SockShop,catalogue,delay,1,app,chi_cpu,KHONG-DOC,7,2,mang
SockShop,catalogue,delay,1,app,chi_latency,BARO,7,1,mang
SockShop,catalogue,delay,1,app,chi_latency,MEANSHIFT,7,1,mang
SockShop,catalogue,delay,1,app,chi_latency,KHONG-DOC,7,2,mang
SockShop,catalogue,delay,1,app,chi_workload,BARO,7,6,mang
SockShop,catalogue,delay,1,app,chi_workload,MEANSHIFT,7,3,mang
SockShop,catalogue,delay,1,app,chi_workload,KHONG-DOC,7,2,mang
SockShop,catalogue,delay,1,app,moi_cot,BARO,7,1,mang
SockShop,catalogue,delay,1,app,moi_cot,MEANSHIFT,7,1,mang
SockShop,catalogue,delay,1,app,moi_cot,KHONG-DOC,7,2,mang
SockShop,catalogue,delay,1,all,chi_cpu,BARO,15,5,mang
SockShop,catalogue,delay,1,all,chi_cpu,MEANSHIFT,15,1,mang
SockShop,catalogue,delay,1,all,chi_cpu,KHONG-DOC,15,4,mang
SockShop,catalogue,delay,1,all,chi_latency,BARO,7,1,mang
SockShop,catalogue,delay,1,all,chi_latency,MEANSHIFT,7,1,mang
SockShop,catalogue,delay,1,all,chi_latency,KHONG-DOC,7,2,mang
SockShop,catalogue,delay,1,all,chi_workload,BARO,7,6,mang
SockShop,catalogue,delay,1,all,chi_workload,MEANSHIFT,7,3,mang
SockShop,catalogue,delay,1,all,chi_workload,KHONG-DOC,7,2,mang
SockShop,catalogue,delay,1,all,moi_cot,BARO,15,2,mang
SockShop,catalogue,delay,1,all,moi_cot,MEANSHIFT,15,1,mang
SockShop,catalogue,delay,1,all,moi_cot,KHONG-DOC,15,4,mang
SockShop,catalogue,delay,2,fault5,chi_cpu,BARO,5,1,mang
SockShop,catalogue,delay,2,fault5,chi_cpu,MEANSHIFT,5,5,mang
SockShop,catalogue,delay,2,fault5,chi_cpu,KHONG-DOC,5,2,mang
SockShop,catalogue,delay,2,fault5,chi_latency,BARO,5,1,mang
SockShop,catalogue,delay,2,fault5,chi_latency,MEANSHIFT,5,1,mang
SockShop,catalogue,delay,2,fault5,chi_latency,KHONG-DOC,5,2,mang
SockShop,catalogue,delay,2,fault5,chi_workload,BARO,5,3,mang
SockShop,catalogue,delay,2,fault5,chi_workload,MEANSHIFT,5,1,mang
SockShop,catalogue,delay,2,fault5,chi_workload,KHONG-DOC,5,2,mang
SockShop,catalogue,delay,2,fault5,moi_cot,BARO,5,1,mang
SockShop,catalogue,delay,2,fault5,moi_cot,MEANSHIFT,5,1,mang
SockShop,catalogue,delay,2,fault5,moi_cot,KHONG-DOC,5,2,mang
SockShop,catalogue,delay,2,app,chi_cpu,BARO,7,3,mang
SockShop,catalogue,delay,2,app,chi_cpu,MEANSHIFT,7,6,mang
SockShop,catalogue,delay,2,app,chi_cpu,KHONG-DOC,7,2,mang
SockShop,catalogue,delay,2,app,chi_latency,BARO,7,1,mang
SockShop,catalogue,delay,2,app,chi_latency,MEANSHIFT,7,1,mang
SockShop,catalogue,delay,2,app,chi_latency,KHONG-DOC,7,2,mang
SockShop,catalogue,delay,2,app,chi_workload,BARO,7,4,mang
SockShop,catalogue,delay,2,app,chi_workload,MEANSHIFT,7,2,mang
SockShop,catalogue,delay,2,app,chi_workload,KHONG-DOC,7,2,mang
SockShop,catalogue,delay,2,app,moi_cot,BARO,7,1,mang
SockShop,catalogue,delay,2,app,moi_cot,MEANSHIFT,7,1,mang
SockShop,catalogue,delay,2,app,moi_cot,KHONG-DOC,7,2,mang
SockShop,catalogue,delay,2,all,chi_cpu,BARO,15,6,mang
SockShop,catalogue,delay,2,all,chi_cpu,MEANSHIFT,15,11,mang
SockShop,catalogue,delay,2,all,chi_cpu,KHONG-DOC,15,4,mang
SockShop,catalogue,delay,2,all,chi_latency,BARO,7,1,mang
SockShop,catalogue,delay,2,all,chi_latency,MEANSHIFT,7,1,mang
SockShop,catalogue,delay,2,all,chi_latency,KHONG-DOC,7,2,mang
SockShop,catalogue,delay,2,all,chi_workload,BARO,7,4,mang
SockShop,catalogue,delay,2,all,chi_workload,MEANSHIFT,7,2,mang
SockShop,catalogue,delay,2,all,chi_workload,KHONG-DOC,7,2,mang
SockShop,catalogue,delay,2,all,moi_cot,BARO,15,2,mang
SockShop,catalogue,delay,2,all,moi_cot,MEANSHIFT,15,1,mang
SockShop,catalogue,delay,2,all,moi_cot,KHONG-DOC,15,4,mang
SockShop,catalogue,delay,3,fault5,chi_cpu,BARO,5,1,mang
SockShop,catalogue,delay,3,fault5,chi_cpu,MEANSHIFT,5,5,mang
SockShop,catalogue,delay,3,fault5,chi_cpu,KHONG-DOC,5,2,mang
SockShop,catalogue,delay,3,fault5,chi_latency,BARO,5,1,mang
SockShop,catalogue,delay,3,fault5,chi_latency,MEANSHIFT,5,1,mang
SockShop,catalogue,delay,3,fault5,chi_latency,KHONG-DOC,5,2,mang
SockShop,catalogue,delay,3,fault5,chi_workload,BARO,5,2,mang
SockShop,catalogue,delay,3,fault5,chi_workload,MEANSHIFT,5,2,mang
SockShop,catalogue,delay,3,fault5,chi_workload,KHONG-DOC,5,2,mang
SockShop,catalogue,delay,3,fault5,moi_cot,BARO,5,1,mang
SockShop,catalogue,delay,3,fault5,moi_cot,MEANSHIFT,5,1,mang
SockShop,catalogue,delay,3,fault5,moi_cot,KHONG-DOC,5,2,mang
SockShop,catalogue,delay,3,app,chi_cpu,BARO,7,1,mang
SockShop,catalogue,delay,3,app,chi_cpu,MEANSHIFT,7,7,mang
SockShop,catalogue,delay,3,app,chi_cpu,KHONG-DOC,7,2,mang
SockShop,catalogue,delay,3,app,chi_latency,BARO,7,1,mang
SockShop,catalogue,delay,3,app,chi_latency,MEANSHIFT,7,1,mang
SockShop,catalogue,delay,3,app,chi_latency,KHONG-DOC,7,2,mang
SockShop,catalogue,delay,3,app,chi_workload,BARO,7,3,mang
SockShop,catalogue,delay,3,app,chi_workload,MEANSHIFT,7,3,mang
SockShop,catalogue,delay,3,app,chi_workload,KHONG-DOC,7,2,mang
SockShop,catalogue,delay,3,app,moi_cot,BARO,7,1,mang
SockShop,catalogue,delay,3,app,moi_cot,MEANSHIFT,7,1,mang
SockShop,catalogue,delay,3,app,moi_cot,KHONG-DOC,7,2,mang
SockShop,catalogue,delay,3,all,chi_cpu,BARO,15,4,mang
SockShop,catalogue,delay,3,all,chi_cpu,MEANSHIFT,15,13,mang
SockShop,catalogue,delay,3,all,chi_cpu,KHONG-DOC,15,4,mang
SockShop,catalogue,delay,3,all,chi_latency,BARO,7,1,mang
SockShop,catalogue,delay,3,all,chi_latency,MEANSHIFT,7,1,mang
SockShop,catalogue,delay,3,all,chi_latency,KHONG-DOC,7,2,mang
SockShop,catalogue,delay,3,all,chi_workload,BARO,7,3,mang
SockShop,catalogue,delay,3,all,chi_workload,MEANSHIFT,7,3,mang
SockShop,catalogue,delay,3,all,chi_workload,KHONG-DOC,7,2,mang
SockShop,catalogue,delay,3,all,moi_cot,BARO,15,2,mang
SockShop,catalogue,delay,3,all,moi_cot,MEANSHIFT,15,1,mang
SockShop,catalogue,delay,3,all,moi_cot,KHONG-DOC,15,4,mang
SockShop,catalogue,disk,1,fault5,chi_cpu,BARO,5,1,tai nguyen
SockShop,catalogue,disk,1,fault5,chi_cpu,MEANSHIFT,5,1,tai nguyen
SockShop,catalogue,disk,1,fault5,chi_cpu,KHONG-DOC,5,2,tai nguyen
SockShop,catalogue,disk,1,fault5,chi_latency,BARO,5,2,tai nguyen
SockShop,catalogue,disk,1,fault5,chi_latency,MEANSHIFT,5,1,tai nguyen
SockShop,catalogue,disk,1,fault5,chi_latency,KHONG-DOC,5,2,tai nguyen
SockShop,catalogue,disk,1,fault5,chi_workload,BARO,5,2,tai nguyen
SockShop,catalogue,disk,1,fault5,chi_workload,MEANSHIFT,5,3,tai nguyen
SockShop,catalogue,disk,1,fault5,chi_workload,KHONG-DOC,5,2,tai nguyen
SockShop,catalogue,disk,1,fault5,moi_cot,BARO,5,1,tai nguyen
SockShop,catalogue,disk,1,fault5,moi_cot,MEANSHIFT,5,1,tai nguyen
SockShop,catalogue,disk,1,fault5,moi_cot,KHONG-DOC,5,2,tai nguyen
SockShop,catalogue,disk,1,app,chi_cpu,BARO,7,1,tai nguyen
SockShop,catalogue,disk,1,app,chi_cpu,MEANSHIFT,7,1,tai nguyen
SockShop,catalogue,disk,1,app,chi_cpu,KHONG-DOC,7,2,tai nguyen
SockShop,catalogue,disk,1,app,chi_latency,BARO,7,3,tai nguyen
SockShop,catalogue,disk,1,app,chi_latency,MEANSHIFT,7,1,tai nguyen
SockShop,catalogue,disk,1,app,chi_latency,KHONG-DOC,7,2,tai nguyen
SockShop,catalogue,disk,1,app,chi_workload,BARO,7,3,tai nguyen
SockShop,catalogue,disk,1,app,chi_workload,MEANSHIFT,7,3,tai nguyen
SockShop,catalogue,disk,1,app,chi_workload,KHONG-DOC,7,2,tai nguyen
SockShop,catalogue,disk,1,app,moi_cot,BARO,7,1,tai nguyen
SockShop,catalogue,disk,1,app,moi_cot,MEANSHIFT,7,1,tai nguyen
SockShop,catalogue,disk,1,app,moi_cot,KHONG-DOC,7,2,tai nguyen
SockShop,catalogue,disk,1,all,chi_cpu,BARO,15,1,tai nguyen
SockShop,catalogue,disk,1,all,chi_cpu,MEANSHIFT,15,1,tai nguyen
SockShop,catalogue,disk,1,all,chi_cpu,KHONG-DOC,15,4,tai nguyen
SockShop,catalogue,disk,1,all,chi_latency,BARO,7,3,tai nguyen
SockShop,catalogue,disk,1,all,chi_latency,MEANSHIFT,7,1,tai nguyen
SockShop,catalogue,disk,1,all,chi_latency,KHONG-DOC,7,2,tai nguyen
SockShop,catalogue,disk,1,all,chi_workload,BARO,7,3,tai nguyen
SockShop,catalogue,disk,1,all,chi_workload,MEANSHIFT,7,3,tai nguyen
SockShop,catalogue,disk,1,all,chi_workload,KHONG-DOC,7,2,tai nguyen
SockShop,catalogue,disk,1,all,moi_cot,BARO,15,3,tai nguyen
SockShop,catalogue,disk,1,all,moi_cot,MEANSHIFT,15,1,tai nguyen
SockShop,catalogue,disk,1,all,moi_cot,KHONG-DOC,15,4,tai nguyen
SockShop,catalogue,disk,2,fault5,chi_cpu,BARO,5,1,tai nguyen
SockShop,catalogue,disk,2,fault5,chi_cpu,MEANSHIFT,5,1,tai nguyen
SockShop,catalogue,disk,2,fault5,chi_cpu,KHONG-DOC,5,2,tai nguyen
SockShop,catalogue,disk,2,fault5,chi_latency,BARO,5,2,tai nguyen
SockShop,catalogue,disk,2,fault5,chi_latency,MEANSHIFT,5,2,tai nguyen
SockShop,catalogue,disk,2,fault5,chi_latency,KHONG-DOC,5,2,tai nguyen
SockShop,catalogue,disk,2,fault5,chi_workload,BARO,5,4,tai nguyen
SockShop,catalogue,disk,2,fault5,chi_workload,MEANSHIFT,5,3,tai nguyen
SockShop,catalogue,disk,2,fault5,chi_workload,KHONG-DOC,5,2,tai nguyen
SockShop,catalogue,disk,2,fault5,moi_cot,BARO,5,1,tai nguyen
SockShop,catalogue,disk,2,fault5,moi_cot,MEANSHIFT,5,1,tai nguyen
SockShop,catalogue,disk,2,fault5,moi_cot,KHONG-DOC,5,2,tai nguyen
SockShop,catalogue,disk,2,app,chi_cpu,BARO,7,1,tai nguyen
SockShop,catalogue,disk,2,app,chi_cpu,MEANSHIFT,7,1,tai nguyen
SockShop,catalogue,disk,2,app,chi_cpu,KHONG-DOC,7,2,tai nguyen
SockShop,catalogue,disk,2,app,chi_latency,BARO,7,2,tai nguyen
SockShop,catalogue,disk,2,app,chi_latency,MEANSHIFT,7,4,tai nguyen
SockShop,catalogue,disk,2,app,chi_latency,KHONG-DOC,7,2,tai nguyen
SockShop,catalogue,disk,2,app,chi_workload,BARO,7,5,tai nguyen
SockShop,catalogue,disk,2,app,chi_workload,MEANSHIFT,7,5,tai nguyen
SockShop,catalogue,disk,2,app,chi_workload,KHONG-DOC,7,2,tai nguyen
SockShop,catalogue,disk,2,app,moi_cot,BARO,7,1,tai nguyen
SockShop,catalogue,disk,2,app,moi_cot,MEANSHIFT,7,1,tai nguyen
SockShop,catalogue,disk,2,app,moi_cot,KHONG-DOC,7,2,tai nguyen
SockShop,catalogue,disk,2,all,chi_cpu,BARO,15,1,tai nguyen
SockShop,catalogue,disk,2,all,chi_cpu,MEANSHIFT,15,1,tai nguyen
SockShop,catalogue,disk,2,all,chi_cpu,KHONG-DOC,15,4,tai nguyen
SockShop,catalogue,disk,2,all,chi_latency,BARO,7,2,tai nguyen
SockShop,catalogue,disk,2,all,chi_latency,MEANSHIFT,7,4,tai nguyen
SockShop,catalogue,disk,2,all,chi_latency,KHONG-DOC,7,2,tai nguyen
SockShop,catalogue,disk,2,all,chi_workload,BARO,7,5,tai nguyen
SockShop,catalogue,disk,2,all,chi_workload,MEANSHIFT,7,5,tai nguyen
SockShop,catalogue,disk,2,all,chi_workload,KHONG-DOC,7,2,tai nguyen
SockShop,catalogue,disk,2,all,moi_cot,BARO,15,2,tai nguyen
SockShop,catalogue,disk,2,all,moi_cot,MEANSHIFT,15,1,tai nguyen
SockShop,catalogue,disk,2,all,moi_cot,KHONG-DOC,15,4,tai nguyen
SockShop,catalogue,disk,3,fault5,chi_cpu,BARO,5,1,tai nguyen
SockShop,catalogue,disk,3,fault5,chi_cpu,MEANSHIFT,5,1,tai nguyen
SockShop,catalogue,disk,3,fault5,chi_cpu,KHONG-DOC,5,2,tai nguyen
SockShop,catalogue,disk,3,fault5,chi_latency,BARO,5,1,tai nguyen
SockShop,catalogue,disk,3,fault5,chi_latency,MEANSHIFT,5,1,tai nguyen
SockShop,catalogue,disk,3,fault5,chi_latency,KHONG-DOC,5,2,tai nguyen
SockShop,catalogue,disk,3,fault5,chi_workload,BARO,5,5,tai nguyen
SockShop,catalogue,disk,3,fault5,chi_workload,MEANSHIFT,5,2,tai nguyen
SockShop,catalogue,disk,3,fault5,chi_workload,KHONG-DOC,5,2,tai nguyen
SockShop,catalogue,disk,3,fault5,moi_cot,BARO,5,1,tai nguyen
SockShop,catalogue,disk,3,fault5,moi_cot,MEANSHIFT,5,1,tai nguyen
SockShop,catalogue,disk,3,fault5,moi_cot,KHONG-DOC,5,2,tai nguyen
SockShop,catalogue,disk,3,app,chi_cpu,BARO,7,1,tai nguyen
SockShop,catalogue,disk,3,app,chi_cpu,MEANSHIFT,7,1,tai nguyen
SockShop,catalogue,disk,3,app,chi_cpu,KHONG-DOC,7,2,tai nguyen
SockShop,catalogue,disk,3,app,chi_latency,BARO,7,1,tai nguyen
SockShop,catalogue,disk,3,app,chi_latency,MEANSHIFT,7,1,tai nguyen
SockShop,catalogue,disk,3,app,chi_latency,KHONG-DOC,7,2,tai nguyen
SockShop,catalogue,disk,3,app,chi_workload,BARO,7,7,tai nguyen
SockShop,catalogue,disk,3,app,chi_workload,MEANSHIFT,7,3,tai nguyen
SockShop,catalogue,disk,3,app,chi_workload,KHONG-DOC,7,2,tai nguyen
SockShop,catalogue,disk,3,app,moi_cot,BARO,7,1,tai nguyen
SockShop,catalogue,disk,3,app,moi_cot,MEANSHIFT,7,1,tai nguyen
SockShop,catalogue,disk,3,app,moi_cot,KHONG-DOC,7,2,tai nguyen
SockShop,catalogue,disk,3,all,chi_cpu,BARO,15,1,tai nguyen
SockShop,catalogue,disk,3,all,chi_cpu,MEANSHIFT,15,1,tai nguyen
SockShop,catalogue,disk,3,all,chi_cpu,KHONG-DOC,15,4,tai nguyen
SockShop,catalogue,disk,3,all,chi_latency,BARO,7,1,tai nguyen
SockShop,catalogue,disk,3,all,chi_latency,MEANSHIFT,7,1,tai nguyen
SockShop,catalogue,disk,3,all,chi_latency,KHONG-DOC,7,2,tai nguyen
SockShop,catalogue,disk,3,all,chi_workload,BARO,7,7,tai nguyen
SockShop,catalogue,disk,3,all,chi_workload,MEANSHIFT,7,3,tai nguyen
SockShop,catalogue,disk,3,all,chi_workload,KHONG-DOC,7,2,tai nguyen
SockShop,catalogue,disk,3,all,moi_cot,BARO,15,1,tai nguyen
SockShop,catalogue,disk,3,all,moi_cot,MEANSHIFT,15,1,tai nguyen
SockShop,catalogue,disk,3,all,moi_cot,KHONG-DOC,15,4,tai nguyen
SockShop,catalogue,loss,1,fault5,chi_cpu,BARO,5,3,mang
SockShop,catalogue,loss,1,fault5,chi_cpu,MEANSHIFT,5,3,mang
SockShop,catalogue,loss,1,fault5,chi_cpu,KHONG-DOC,5,2,mang
SockShop,catalogue,loss,1,fault5,chi_latency,BARO,5,1,mang
SockShop,catalogue,loss,1,fault5,chi_latency,MEANSHIFT,5,1,mang
SockShop,catalogue,loss,1,fault5,chi_latency,KHONG-DOC,5,2,mang
SockShop,catalogue,loss,1,fault5,chi_workload,BARO,5,1,mang
SockShop,catalogue,loss,1,fault5,chi_workload,MEANSHIFT,5,1,mang
SockShop,catalogue,loss,1,fault5,chi_workload,KHONG-DOC,5,2,mang
SockShop,catalogue,loss,1,fault5,moi_cot,BARO,5,2,mang
SockShop,catalogue,loss,1,fault5,moi_cot,MEANSHIFT,5,1,mang
SockShop,catalogue,loss,1,fault5,moi_cot,KHONG-DOC,5,2,mang
SockShop,catalogue,loss,1,app,chi_cpu,BARO,7,4,mang
SockShop,catalogue,loss,1,app,chi_cpu,MEANSHIFT,7,3,mang
SockShop,catalogue,loss,1,app,chi_cpu,KHONG-DOC,7,2,mang
SockShop,catalogue,loss,1,app,chi_latency,BARO,7,1,mang
SockShop,catalogue,loss,1,app,chi_latency,MEANSHIFT,7,1,mang
SockShop,catalogue,loss,1,app,chi_latency,KHONG-DOC,7,2,mang
SockShop,catalogue,loss,1,app,chi_workload,BARO,7,2,mang
SockShop,catalogue,loss,1,app,chi_workload,MEANSHIFT,7,2,mang
SockShop,catalogue,loss,1,app,chi_workload,KHONG-DOC,7,2,mang
SockShop,catalogue,loss,1,app,moi_cot,BARO,7,2,mang
SockShop,catalogue,loss,1,app,moi_cot,MEANSHIFT,7,1,mang
SockShop,catalogue,loss,1,app,moi_cot,KHONG-DOC,7,2,mang
SockShop,catalogue,loss,1,all,chi_cpu,BARO,15,8,mang
SockShop,catalogue,loss,1,all,chi_cpu,MEANSHIFT,15,5,mang
SockShop,catalogue,loss,1,all,chi_cpu,KHONG-DOC,15,4,mang
SockShop,catalogue,loss,1,all,chi_latency,BARO,7,1,mang
SockShop,catalogue,loss,1,all,chi_latency,MEANSHIFT,7,1,mang
SockShop,catalogue,loss,1,all,chi_latency,KHONG-DOC,7,2,mang
SockShop,catalogue,loss,1,all,chi_workload,BARO,7,2,mang
SockShop,catalogue,loss,1,all,chi_workload,MEANSHIFT,7,2,mang
SockShop,catalogue,loss,1,all,chi_workload,KHONG-DOC,7,2,mang
SockShop,catalogue,loss,1,all,moi_cot,BARO,15,3,mang
SockShop,catalogue,loss,1,all,moi_cot,MEANSHIFT,15,1,mang
SockShop,catalogue,loss,1,all,moi_cot,KHONG-DOC,15,4,mang
SockShop,catalogue,loss,2,fault5,chi_cpu,BARO,5,1,mang
SockShop,catalogue,loss,2,fault5,chi_cpu,MEANSHIFT,5,1,mang
SockShop,catalogue,loss,2,fault5,chi_cpu,KHONG-DOC,5,2,mang
SockShop,catalogue,loss,2,fault5,chi_latency,BARO,5,1,mang
SockShop,catalogue,loss,2,fault5,chi_latency,MEANSHIFT,5,1,mang
SockShop,catalogue,loss,2,fault5,chi_latency,KHONG-DOC,5,2,mang
SockShop,catalogue,loss,2,fault5,chi_workload,BARO,5,1,mang
SockShop,catalogue,loss,2,fault5,chi_workload,MEANSHIFT,5,3,mang
SockShop,catalogue,loss,2,fault5,chi_workload,KHONG-DOC,5,2,mang
SockShop,catalogue,loss,2,fault5,moi_cot,BARO,5,1,mang
SockShop,catalogue,loss,2,fault5,moi_cot,MEANSHIFT,5,1,mang
SockShop,catalogue,loss,2,fault5,moi_cot,KHONG-DOC,5,2,mang
SockShop,catalogue,loss,2,app,chi_cpu,BARO,7,1,mang
SockShop,catalogue,loss,2,app,chi_cpu,MEANSHIFT,7,1,mang
SockShop,catalogue,loss,2,app,chi_cpu,KHONG-DOC,7,2,mang
SockShop,catalogue,loss,2,app,chi_latency,BARO,7,1,mang
SockShop,catalogue,loss,2,app,chi_latency,MEANSHIFT,7,1,mang
SockShop,catalogue,loss,2,app,chi_latency,KHONG-DOC,7,2,mang
SockShop,catalogue,loss,2,app,chi_workload,BARO,7,2,mang
SockShop,catalogue,loss,2,app,chi_workload,MEANSHIFT,7,4,mang
SockShop,catalogue,loss,2,app,chi_workload,KHONG-DOC,7,2,mang
SockShop,catalogue,loss,2,app,moi_cot,BARO,7,1,mang
SockShop,catalogue,loss,2,app,moi_cot,MEANSHIFT,7,1,mang
SockShop,catalogue,loss,2,app,moi_cot,KHONG-DOC,7,2,mang
SockShop,catalogue,loss,2,all,chi_cpu,BARO,15,3,mang
SockShop,catalogue,loss,2,all,chi_cpu,MEANSHIFT,15,1,mang
SockShop,catalogue,loss,2,all,chi_cpu,KHONG-DOC,15,4,mang
SockShop,catalogue,loss,2,all,chi_latency,BARO,7,1,mang
SockShop,catalogue,loss,2,all,chi_latency,MEANSHIFT,7,1,mang
SockShop,catalogue,loss,2,all,chi_latency,KHONG-DOC,7,2,mang
SockShop,catalogue,loss,2,all,chi_workload,BARO,7,2,mang
SockShop,catalogue,loss,2,all,chi_workload,MEANSHIFT,7,4,mang
SockShop,catalogue,loss,2,all,chi_workload,KHONG-DOC,7,2,mang
SockShop,catalogue,loss,2,all,moi_cot,BARO,15,1,mang
SockShop,catalogue,loss,2,all,moi_cot,MEANSHIFT,15,1,mang
SockShop,catalogue,loss,2,all,moi_cot,KHONG-DOC,15,4,mang
SockShop,catalogue,loss,3,fault5,chi_cpu,BARO,5,2,mang
SockShop,catalogue,loss,3,fault5,chi_cpu,MEANSHIFT,5,5,mang
SockShop,catalogue,loss,3,fault5,chi_cpu,KHONG-DOC,5,2,mang
SockShop,catalogue,loss,3,fault5,chi_latency,BARO,5,1,mang
SockShop,catalogue,loss,3,fault5,chi_latency,MEANSHIFT,5,1,mang
SockShop,catalogue,loss,3,fault5,chi_latency,KHONG-DOC,5,2,mang
SockShop,catalogue,loss,3,fault5,chi_workload,BARO,5,5,mang
SockShop,catalogue,loss,3,fault5,chi_workload,MEANSHIFT,5,3,mang
SockShop,catalogue,loss,3,fault5,chi_workload,KHONG-DOC,5,2,mang
SockShop,catalogue,loss,3,fault5,moi_cot,BARO,5,1,mang
SockShop,catalogue,loss,3,fault5,moi_cot,MEANSHIFT,5,1,mang
SockShop,catalogue,loss,3,fault5,moi_cot,KHONG-DOC,5,2,mang
SockShop,catalogue,loss,3,app,chi_cpu,BARO,7,3,mang
SockShop,catalogue,loss,3,app,chi_cpu,MEANSHIFT,7,6,mang
SockShop,catalogue,loss,3,app,chi_cpu,KHONG-DOC,7,2,mang
SockShop,catalogue,loss,3,app,chi_latency,BARO,7,1,mang
SockShop,catalogue,loss,3,app,chi_latency,MEANSHIFT,7,1,mang
SockShop,catalogue,loss,3,app,chi_latency,KHONG-DOC,7,2,mang
SockShop,catalogue,loss,3,app,chi_workload,BARO,7,6,mang
SockShop,catalogue,loss,3,app,chi_workload,MEANSHIFT,7,4,mang
SockShop,catalogue,loss,3,app,chi_workload,KHONG-DOC,7,2,mang
SockShop,catalogue,loss,3,app,moi_cot,BARO,7,1,mang
SockShop,catalogue,loss,3,app,moi_cot,MEANSHIFT,7,1,mang
SockShop,catalogue,loss,3,app,moi_cot,KHONG-DOC,7,2,mang
SockShop,catalogue,loss,3,all,chi_cpu,BARO,15,6,mang
SockShop,catalogue,loss,3,all,chi_cpu,MEANSHIFT,15,10,mang
SockShop,catalogue,loss,3,all,chi_cpu,KHONG-DOC,15,4,mang
SockShop,catalogue,loss,3,all,chi_latency,BARO,7,1,mang
SockShop,catalogue,loss,3,all,chi_latency,MEANSHIFT,7,1,mang
SockShop,catalogue,loss,3,all,chi_latency,KHONG-DOC,7,2,mang
SockShop,catalogue,loss,3,all,chi_workload,BARO,7,6,mang
SockShop,catalogue,loss,3,all,chi_workload,MEANSHIFT,7,4,mang
SockShop,catalogue,loss,3,all,chi_workload,KHONG-DOC,7,2,mang
SockShop,catalogue,loss,3,all,moi_cot,BARO,15,2,mang
SockShop,catalogue,loss,3,all,moi_cot,MEANSHIFT,15,1,mang
SockShop,catalogue,loss,3,all,moi_cot,KHONG-DOC,15,4,mang
SockShop,catalogue,mem,1,fault5,chi_cpu,BARO,5,1,tai nguyen
SockShop,catalogue,mem,1,fault5,chi_cpu,MEANSHIFT,5,1,tai nguyen
SockShop,catalogue,mem,1,fault5,chi_cpu,KHONG-DOC,5,2,tai nguyen
SockShop,catalogue,mem,1,fault5,chi_latency,BARO,5,1,tai nguyen
SockShop,catalogue,mem,1,fault5,chi_latency,MEANSHIFT,5,1,tai nguyen
SockShop,catalogue,mem,1,fault5,chi_latency,KHONG-DOC,5,2,tai nguyen
SockShop,catalogue,mem,1,fault5,chi_workload,BARO,5,5,tai nguyen
SockShop,catalogue,mem,1,fault5,chi_workload,MEANSHIFT,5,3,tai nguyen
SockShop,catalogue,mem,1,fault5,chi_workload,KHONG-DOC,5,2,tai nguyen
SockShop,catalogue,mem,1,fault5,moi_cot,BARO,5,1,tai nguyen
SockShop,catalogue,mem,1,fault5,moi_cot,MEANSHIFT,5,1,tai nguyen
SockShop,catalogue,mem,1,fault5,moi_cot,KHONG-DOC,5,2,tai nguyen
SockShop,catalogue,mem,1,app,chi_cpu,BARO,7,1,tai nguyen
SockShop,catalogue,mem,1,app,chi_cpu,MEANSHIFT,7,1,tai nguyen
SockShop,catalogue,mem,1,app,chi_cpu,KHONG-DOC,7,2,tai nguyen
SockShop,catalogue,mem,1,app,chi_latency,BARO,7,1,tai nguyen
SockShop,catalogue,mem,1,app,chi_latency,MEANSHIFT,7,1,tai nguyen
SockShop,catalogue,mem,1,app,chi_latency,KHONG-DOC,7,2,tai nguyen
SockShop,catalogue,mem,1,app,chi_workload,BARO,7,7,tai nguyen
SockShop,catalogue,mem,1,app,chi_workload,MEANSHIFT,7,4,tai nguyen
SockShop,catalogue,mem,1,app,chi_workload,KHONG-DOC,7,2,tai nguyen
SockShop,catalogue,mem,1,app,moi_cot,BARO,7,1,tai nguyen
SockShop,catalogue,mem,1,app,moi_cot,MEANSHIFT,7,1,tai nguyen
SockShop,catalogue,mem,1,app,moi_cot,KHONG-DOC,7,2,tai nguyen
SockShop,catalogue,mem,1,all,chi_cpu,BARO,15,1,tai nguyen
SockShop,catalogue,mem,1,all,chi_cpu,MEANSHIFT,15,1,tai nguyen
SockShop,catalogue,mem,1,all,chi_cpu,KHONG-DOC,15,4,tai nguyen
SockShop,catalogue,mem,1,all,chi_latency,BARO,7,1,tai nguyen
SockShop,catalogue,mem,1,all,chi_latency,MEANSHIFT,7,1,tai nguyen
SockShop,catalogue,mem,1,all,chi_latency,KHONG-DOC,7,2,tai nguyen
SockShop,catalogue,mem,1,all,chi_workload,BARO,7,7,tai nguyen
SockShop,catalogue,mem,1,all,chi_workload,MEANSHIFT,7,4,tai nguyen
SockShop,catalogue,mem,1,all,chi_workload,KHONG-DOC,7,2,tai nguyen
SockShop,catalogue,mem,1,all,moi_cot,BARO,15,3,tai nguyen
SockShop,catalogue,mem,1,all,moi_cot,MEANSHIFT,15,1,tai nguyen
SockShop,catalogue,mem,1,all,moi_cot,KHONG-DOC,15,4,tai nguyen
SockShop,catalogue,mem,2,fault5,chi_cpu,BARO,5,1,tai nguyen
SockShop,catalogue,mem,2,fault5,chi_cpu,MEANSHIFT,5,1,tai nguyen
SockShop,catalogue,mem,2,fault5,chi_cpu,KHONG-DOC,5,2,tai nguyen
SockShop,catalogue,mem,2,fault5,chi_latency,BARO,5,1,tai nguyen
SockShop,catalogue,mem,2,fault5,chi_latency,MEANSHIFT,5,1,tai nguyen
SockShop,catalogue,mem,2,fault5,chi_latency,KHONG-DOC,5,2,tai nguyen
SockShop,catalogue,mem,2,fault5,chi_workload,BARO,5,3,tai nguyen
SockShop,catalogue,mem,2,fault5,chi_workload,MEANSHIFT,5,1,tai nguyen
SockShop,catalogue,mem,2,fault5,chi_workload,KHONG-DOC,5,2,tai nguyen
SockShop,catalogue,mem,2,fault5,moi_cot,BARO,5,1,tai nguyen
SockShop,catalogue,mem,2,fault5,moi_cot,MEANSHIFT,5,1,tai nguyen
SockShop,catalogue,mem,2,fault5,moi_cot,KHONG-DOC,5,2,tai nguyen
SockShop,catalogue,mem,2,app,chi_cpu,BARO,7,1,tai nguyen
SockShop,catalogue,mem,2,app,chi_cpu,MEANSHIFT,7,1,tai nguyen
SockShop,catalogue,mem,2,app,chi_cpu,KHONG-DOC,7,2,tai nguyen
SockShop,catalogue,mem,2,app,chi_latency,BARO,7,1,tai nguyen
SockShop,catalogue,mem,2,app,chi_latency,MEANSHIFT,7,1,tai nguyen
SockShop,catalogue,mem,2,app,chi_latency,KHONG-DOC,7,2,tai nguyen
SockShop,catalogue,mem,2,app,chi_workload,BARO,7,4,tai nguyen
SockShop,catalogue,mem,2,app,chi_workload,MEANSHIFT,7,2,tai nguyen
SockShop,catalogue,mem,2,app,chi_workload,KHONG-DOC,7,2,tai nguyen
SockShop,catalogue,mem,2,app,moi_cot,BARO,7,1,tai nguyen
SockShop,catalogue,mem,2,app,moi_cot,MEANSHIFT,7,1,tai nguyen
SockShop,catalogue,mem,2,app,moi_cot,KHONG-DOC,7,2,tai nguyen
SockShop,catalogue,mem,2,all,chi_cpu,BARO,15,1,tai nguyen
SockShop,catalogue,mem,2,all,chi_cpu,MEANSHIFT,15,1,tai nguyen
SockShop,catalogue,mem,2,all,chi_cpu,KHONG-DOC,15,4,tai nguyen
SockShop,catalogue,mem,2,all,chi_latency,BARO,7,1,tai nguyen
SockShop,catalogue,mem,2,all,chi_latency,MEANSHIFT,7,1,tai nguyen
SockShop,catalogue,mem,2,all,chi_latency,KHONG-DOC,7,2,tai nguyen
SockShop,catalogue,mem,2,all,chi_workload,BARO,7,4,tai nguyen
SockShop,catalogue,mem,2,all,chi_workload,MEANSHIFT,7,2,tai nguyen
SockShop,catalogue,mem,2,all,chi_workload,KHONG-DOC,7,2,tai nguyen
SockShop,catalogue,mem,2,all,moi_cot,BARO,15,2,tai nguyen
SockShop,catalogue,mem,2,all,moi_cot,MEANSHIFT,15,1,tai nguyen
SockShop,catalogue,mem,2,all,moi_cot,KHONG-DOC,15,4,tai nguyen
SockShop,catalogue,mem,3,fault5,chi_cpu,BARO,5,1,tai nguyen
SockShop,catalogue,mem,3,fault5,chi_cpu,MEANSHIFT,5,1,tai nguyen
SockShop,catalogue,mem,3,fault5,chi_cpu,KHONG-DOC,5,2,tai nguyen
SockShop,catalogue,mem,3,fault5,chi_latency,BARO,5,1,tai nguyen
SockShop,catalogue,mem,3,fault5,chi_latency,MEANSHIFT,5,1,tai nguyen
SockShop,catalogue,mem,3,fault5,chi_latency,KHONG-DOC,5,2,tai nguyen
SockShop,catalogue,mem,3,fault5,chi_workload,BARO,5,1,tai nguyen
SockShop,catalogue,mem,3,fault5,chi_workload,MEANSHIFT,5,4,tai nguyen
SockShop,catalogue,mem,3,fault5,chi_workload,KHONG-DOC,5,2,tai nguyen
SockShop,catalogue,mem,3,fault5,moi_cot,BARO,5,1,tai nguyen
SockShop,catalogue,mem,3,fault5,moi_cot,MEANSHIFT,5,1,tai nguyen
SockShop,catalogue,mem,3,fault5,moi_cot,KHONG-DOC,5,2,tai nguyen
SockShop,catalogue,mem,3,app,chi_cpu,BARO,7,1,tai nguyen
SockShop,catalogue,mem,3,app,chi_cpu,MEANSHIFT,7,1,tai nguyen
SockShop,catalogue,mem,3,app,chi_cpu,KHONG-DOC,7,2,tai nguyen
SockShop,catalogue,mem,3,app,chi_latency,BARO,7,1,tai nguyen
SockShop,catalogue,mem,3,app,chi_latency,MEANSHIFT,7,1,tai nguyen
SockShop,catalogue,mem,3,app,chi_latency,KHONG-DOC,7,2,tai nguyen
SockShop,catalogue,mem,3,app,chi_workload,BARO,7,1,tai nguyen
SockShop,catalogue,mem,3,app,chi_workload,MEANSHIFT,7,6,tai nguyen
SockShop,catalogue,mem,3,app,chi_workload,KHONG-DOC,7,2,tai nguyen
SockShop,catalogue,mem,3,app,moi_cot,BARO,7,1,tai nguyen
SockShop,catalogue,mem,3,app,moi_cot,MEANSHIFT,7,1,tai nguyen
SockShop,catalogue,mem,3,app,moi_cot,KHONG-DOC,7,2,tai nguyen
SockShop,catalogue,mem,3,all,chi_cpu,BARO,15,1,tai nguyen
SockShop,catalogue,mem,3,all,chi_cpu,MEANSHIFT,15,1,tai nguyen
SockShop,catalogue,mem,3,all,chi_cpu,KHONG-DOC,15,4,tai nguyen
SockShop,catalogue,mem,3,all,chi_latency,BARO,7,1,tai nguyen
SockShop,catalogue,mem,3,all,chi_latency,MEANSHIFT,7,1,tai nguyen
SockShop,catalogue,mem,3,all,chi_latency,KHONG-DOC,7,2,tai nguyen
SockShop,catalogue,mem,3,all,chi_workload,BARO,7,1,tai nguyen
SockShop,catalogue,mem,3,all,chi_workload,MEANSHIFT,7,6,tai nguyen
SockShop,catalogue,mem,3,all,chi_workload,KHONG-DOC,7,2,tai nguyen
SockShop,catalogue,mem,3,all,moi_cot,BARO,15,2,tai nguyen
SockShop,catalogue,mem,3,all,moi_cot,MEANSHIFT,15,1,tai nguyen
SockShop,catalogue,mem,3,all,moi_cot,KHONG-DOC,15,4,tai nguyen
SockShop,catalogue,socket,1,fault5,chi_cpu,BARO,5,1,tai nguyen
SockShop,catalogue,socket,1,fault5,chi_cpu,MEANSHIFT,5,1,tai nguyen
SockShop,catalogue,socket,1,fault5,chi_cpu,KHONG-DOC,5,2,tai nguyen
SockShop,catalogue,socket,1,fault5,chi_latency,BARO,5,1,tai nguyen
SockShop,catalogue,socket,1,fault5,chi_latency,MEANSHIFT,5,1,tai nguyen
SockShop,catalogue,socket,1,fault5,chi_latency,KHONG-DOC,5,2,tai nguyen
SockShop,catalogue,socket,1,fault5,chi_workload,BARO,5,1,tai nguyen
SockShop,catalogue,socket,1,fault5,chi_workload,MEANSHIFT,5,2,tai nguyen
SockShop,catalogue,socket,1,fault5,chi_workload,KHONG-DOC,5,2,tai nguyen
SockShop,catalogue,socket,1,fault5,moi_cot,BARO,5,1,tai nguyen
SockShop,catalogue,socket,1,fault5,moi_cot,MEANSHIFT,5,1,tai nguyen
SockShop,catalogue,socket,1,fault5,moi_cot,KHONG-DOC,5,2,tai nguyen
SockShop,catalogue,socket,1,app,chi_cpu,BARO,7,1,tai nguyen
SockShop,catalogue,socket,1,app,chi_cpu,MEANSHIFT,7,1,tai nguyen
SockShop,catalogue,socket,1,app,chi_cpu,KHONG-DOC,7,2,tai nguyen
SockShop,catalogue,socket,1,app,chi_latency,BARO,7,1,tai nguyen
SockShop,catalogue,socket,1,app,chi_latency,MEANSHIFT,7,1,tai nguyen
SockShop,catalogue,socket,1,app,chi_latency,KHONG-DOC,7,2,tai nguyen
SockShop,catalogue,socket,1,app,chi_workload,BARO,7,2,tai nguyen
SockShop,catalogue,socket,1,app,chi_workload,MEANSHIFT,7,3,tai nguyen
SockShop,catalogue,socket,1,app,chi_workload,KHONG-DOC,7,2,tai nguyen
SockShop,catalogue,socket,1,app,moi_cot,BARO,7,1,tai nguyen
SockShop,catalogue,socket,1,app,moi_cot,MEANSHIFT,7,1,tai nguyen
SockShop,catalogue,socket,1,app,moi_cot,KHONG-DOC,7,2,tai nguyen
SockShop,catalogue,socket,1,all,chi_cpu,BARO,15,1,tai nguyen
SockShop,catalogue,socket,1,all,chi_cpu,MEANSHIFT,15,1,tai nguyen
SockShop,catalogue,socket,1,all,chi_cpu,KHONG-DOC,15,4,tai nguyen
SockShop,catalogue,socket,1,all,chi_latency,BARO,7,1,tai nguyen
SockShop,catalogue,socket,1,all,chi_latency,MEANSHIFT,7,1,tai nguyen
SockShop,catalogue,socket,1,all,chi_latency,KHONG-DOC,7,2,tai nguyen
SockShop,catalogue,socket,1,all,chi_workload,BARO,7,2,tai nguyen
SockShop,catalogue,socket,1,all,chi_workload,MEANSHIFT,7,3,tai nguyen
SockShop,catalogue,socket,1,all,chi_workload,KHONG-DOC,7,2,tai nguyen
SockShop,catalogue,socket,1,all,moi_cot,BARO,15,3,tai nguyen
SockShop,catalogue,socket,1,all,moi_cot,MEANSHIFT,15,1,tai nguyen
SockShop,catalogue,socket,1,all,moi_cot,KHONG-DOC,15,4,tai nguyen
SockShop,catalogue,socket,2,fault5,chi_cpu,BARO,5,1,tai nguyen
SockShop,catalogue,socket,2,fault5,chi_cpu,MEANSHIFT,5,1,tai nguyen
SockShop,catalogue,socket,2,fault5,chi_cpu,KHONG-DOC,5,2,tai nguyen
SockShop,catalogue,socket,2,fault5,chi_latency,BARO,5,1,tai nguyen
SockShop,catalogue,socket,2,fault5,chi_latency,MEANSHIFT,5,1,tai nguyen
SockShop,catalogue,socket,2,fault5,chi_latency,KHONG-DOC,5,2,tai nguyen
SockShop,catalogue,socket,2,fault5,chi_workload,BARO,5,4,tai nguyen
SockShop,catalogue,socket,2,fault5,chi_workload,MEANSHIFT,5,1,tai nguyen
SockShop,catalogue,socket,2,fault5,chi_workload,KHONG-DOC,5,2,tai nguyen
SockShop,catalogue,socket,2,fault5,moi_cot,BARO,5,1,tai nguyen
SockShop,catalogue,socket,2,fault5,moi_cot,MEANSHIFT,5,1,tai nguyen
SockShop,catalogue,socket,2,fault5,moi_cot,KHONG-DOC,5,2,tai nguyen
SockShop,catalogue,socket,2,app,chi_cpu,BARO,7,1,tai nguyen
SockShop,catalogue,socket,2,app,chi_cpu,MEANSHIFT,7,1,tai nguyen
SockShop,catalogue,socket,2,app,chi_cpu,KHONG-DOC,7,2,tai nguyen
SockShop,catalogue,socket,2,app,chi_latency,BARO,7,1,tai nguyen
SockShop,catalogue,socket,2,app,chi_latency,MEANSHIFT,7,1,tai nguyen
SockShop,catalogue,socket,2,app,chi_latency,KHONG-DOC,7,2,tai nguyen
SockShop,catalogue,socket,2,app,chi_workload,BARO,7,4,tai nguyen
SockShop,catalogue,socket,2,app,chi_workload,MEANSHIFT,7,1,tai nguyen
SockShop,catalogue,socket,2,app,chi_workload,KHONG-DOC,7,2,tai nguyen
SockShop,catalogue,socket,2,app,moi_cot,BARO,7,1,tai nguyen
SockShop,catalogue,socket,2,app,moi_cot,MEANSHIFT,7,1,tai nguyen
SockShop,catalogue,socket,2,app,moi_cot,KHONG-DOC,7,2,tai nguyen
SockShop,catalogue,socket,2,all,chi_cpu,BARO,15,1,tai nguyen
SockShop,catalogue,socket,2,all,chi_cpu,MEANSHIFT,15,1,tai nguyen
SockShop,catalogue,socket,2,all,chi_cpu,KHONG-DOC,15,4,tai nguyen
SockShop,catalogue,socket,2,all,chi_latency,BARO,7,1,tai nguyen
SockShop,catalogue,socket,2,all,chi_latency,MEANSHIFT,7,1,tai nguyen
SockShop,catalogue,socket,2,all,chi_latency,KHONG-DOC,7,2,tai nguyen
SockShop,catalogue,socket,2,all,chi_workload,BARO,7,4,tai nguyen
SockShop,catalogue,socket,2,all,chi_workload,MEANSHIFT,7,1,tai nguyen
SockShop,catalogue,socket,2,all,chi_workload,KHONG-DOC,7,2,tai nguyen
SockShop,catalogue,socket,2,all,moi_cot,BARO,15,2,tai nguyen
SockShop,catalogue,socket,2,all,moi_cot,MEANSHIFT,15,1,tai nguyen
SockShop,catalogue,socket,2,all,moi_cot,KHONG-DOC,15,4,tai nguyen
SockShop,catalogue,socket,3,fault5,chi_cpu,BARO,5,1,tai nguyen
SockShop,catalogue,socket,3,fault5,chi_cpu,MEANSHIFT,5,1,tai nguyen
SockShop,catalogue,socket,3,fault5,chi_cpu,KHONG-DOC,5,2,tai nguyen
SockShop,catalogue,socket,3,fault5,chi_latency,BARO,5,1,tai nguyen
SockShop,catalogue,socket,3,fault5,chi_latency,MEANSHIFT,5,1,tai nguyen
SockShop,catalogue,socket,3,fault5,chi_latency,KHONG-DOC,5,2,tai nguyen
SockShop,catalogue,socket,3,fault5,chi_workload,BARO,5,4,tai nguyen
SockShop,catalogue,socket,3,fault5,chi_workload,MEANSHIFT,5,2,tai nguyen
SockShop,catalogue,socket,3,fault5,chi_workload,KHONG-DOC,5,2,tai nguyen
SockShop,catalogue,socket,3,fault5,moi_cot,BARO,5,1,tai nguyen
SockShop,catalogue,socket,3,fault5,moi_cot,MEANSHIFT,5,1,tai nguyen
SockShop,catalogue,socket,3,fault5,moi_cot,KHONG-DOC,5,2,tai nguyen
SockShop,catalogue,socket,3,app,chi_cpu,BARO,7,1,tai nguyen
SockShop,catalogue,socket,3,app,chi_cpu,MEANSHIFT,7,1,tai nguyen
SockShop,catalogue,socket,3,app,chi_cpu,KHONG-DOC,7,2,tai nguyen
SockShop,catalogue,socket,3,app,chi_latency,BARO,7,1,tai nguyen
SockShop,catalogue,socket,3,app,chi_latency,MEANSHIFT,7,1,tai nguyen
SockShop,catalogue,socket,3,app,chi_latency,KHONG-DOC,7,2,tai nguyen
SockShop,catalogue,socket,3,app,chi_workload,BARO,7,6,tai nguyen
SockShop,catalogue,socket,3,app,chi_workload,MEANSHIFT,7,2,tai nguyen
SockShop,catalogue,socket,3,app,chi_workload,KHONG-DOC,7,2,tai nguyen
SockShop,catalogue,socket,3,app,moi_cot,BARO,7,1,tai nguyen
SockShop,catalogue,socket,3,app,moi_cot,MEANSHIFT,7,1,tai nguyen
SockShop,catalogue,socket,3,app,moi_cot,KHONG-DOC,7,2,tai nguyen
SockShop,catalogue,socket,3,all,chi_cpu,BARO,15,1,tai nguyen
SockShop,catalogue,socket,3,all,chi_cpu,MEANSHIFT,15,1,tai nguyen
SockShop,catalogue,socket,3,all,chi_cpu,KHONG-DOC,15,4,tai nguyen
SockShop,catalogue,socket,3,all,chi_latency,BARO,7,1,tai nguyen
SockShop,catalogue,socket,3,all,chi_latency,MEANSHIFT,7,1,tai nguyen
SockShop,catalogue,socket,3,all,chi_latency,KHONG-DOC,7,2,tai nguyen
SockShop,catalogue,socket,3,all,chi_workload,BARO,7,6,tai nguyen
SockShop,catalogue,socket,3,all,chi_workload,MEANSHIFT,7,2,tai nguyen
SockShop,catalogue,socket,3,all,chi_workload,KHONG-DOC,7,2,tai nguyen
SockShop,catalogue,socket,3,all,moi_cot,BARO,15,2,tai nguyen
SockShop,catalogue,socket,3,all,moi_cot,MEANSHIFT,15,1,tai nguyen
SockShop,catalogue,socket,3,all,moi_cot,KHONG-DOC,15,4,tai nguyen
SockShop,orders,cpu,1,fault5,chi_cpu,BARO,5,1,tai nguyen
SockShop,orders,cpu,1,fault5,chi_cpu,MEANSHIFT,5,1,tai nguyen
SockShop,orders,cpu,1,fault5,chi_cpu,KHONG-DOC,5,3,tai nguyen
SockShop,orders,cpu,1,fault5,chi_latency,BARO,5,1,tai nguyen
SockShop,orders,cpu,1,fault5,chi_latency,MEANSHIFT,5,1,tai nguyen
SockShop,orders,cpu,1,fault5,chi_latency,KHONG-DOC,5,3,tai nguyen
SockShop,orders,cpu,1,fault5,chi_workload,BARO,5,3,tai nguyen
SockShop,orders,cpu,1,fault5,chi_workload,MEANSHIFT,5,4,tai nguyen
SockShop,orders,cpu,1,fault5,chi_workload,KHONG-DOC,5,3,tai nguyen
SockShop,orders,cpu,1,fault5,moi_cot,BARO,5,1,tai nguyen
SockShop,orders,cpu,1,fault5,moi_cot,MEANSHIFT,5,1,tai nguyen
SockShop,orders,cpu,1,fault5,moi_cot,KHONG-DOC,5,3,tai nguyen
SockShop,orders,cpu,1,app,chi_cpu,BARO,7,1,tai nguyen
SockShop,orders,cpu,1,app,chi_cpu,MEANSHIFT,7,1,tai nguyen
SockShop,orders,cpu,1,app,chi_cpu,KHONG-DOC,7,4,tai nguyen
SockShop,orders,cpu,1,app,chi_latency,BARO,7,1,tai nguyen
SockShop,orders,cpu,1,app,chi_latency,MEANSHIFT,7,1,tai nguyen
SockShop,orders,cpu,1,app,chi_latency,KHONG-DOC,7,4,tai nguyen
SockShop,orders,cpu,1,app,chi_workload,BARO,7,4,tai nguyen
SockShop,orders,cpu,1,app,chi_workload,MEANSHIFT,7,6,tai nguyen
SockShop,orders,cpu,1,app,chi_workload,KHONG-DOC,7,4,tai nguyen
SockShop,orders,cpu,1,app,moi_cot,BARO,7,1,tai nguyen
SockShop,orders,cpu,1,app,moi_cot,MEANSHIFT,7,1,tai nguyen
SockShop,orders,cpu,1,app,moi_cot,KHONG-DOC,7,4,tai nguyen
SockShop,orders,cpu,1,all,chi_cpu,BARO,15,1,tai nguyen
SockShop,orders,cpu,1,all,chi_cpu,MEANSHIFT,15,1,tai nguyen
SockShop,orders,cpu,1,all,chi_cpu,KHONG-DOC,15,7,tai nguyen
SockShop,orders,cpu,1,all,chi_latency,BARO,7,1,tai nguyen
SockShop,orders,cpu,1,all,chi_latency,MEANSHIFT,7,1,tai nguyen
SockShop,orders,cpu,1,all,chi_latency,KHONG-DOC,7,4,tai nguyen
SockShop,orders,cpu,1,all,chi_workload,BARO,7,4,tai nguyen
SockShop,orders,cpu,1,all,chi_workload,MEANSHIFT,7,6,tai nguyen
SockShop,orders,cpu,1,all,chi_workload,KHONG-DOC,7,4,tai nguyen
SockShop,orders,cpu,1,all,moi_cot,BARO,15,4,tai nguyen
SockShop,orders,cpu,1,all,moi_cot,MEANSHIFT,15,1,tai nguyen
SockShop,orders,cpu,1,all,moi_cot,KHONG-DOC,15,7,tai nguyen
SockShop,orders,cpu,2,fault5,chi_cpu,BARO,5,1,tai nguyen
SockShop,orders,cpu,2,fault5,chi_cpu,MEANSHIFT,5,1,tai nguyen
SockShop,orders,cpu,2,fault5,chi_cpu,KHONG-DOC,5,3,tai nguyen
SockShop,orders,cpu,2,fault5,chi_latency,BARO,5,1,tai nguyen
SockShop,orders,cpu,2,fault5,chi_latency,MEANSHIFT,5,1,tai nguyen
SockShop,orders,cpu,2,fault5,chi_latency,KHONG-DOC,5,3,tai nguyen
SockShop,orders,cpu,2,fault5,chi_workload,BARO,5,4,tai nguyen
SockShop,orders,cpu,2,fault5,chi_workload,MEANSHIFT,5,2,tai nguyen
SockShop,orders,cpu,2,fault5,chi_workload,KHONG-DOC,5,3,tai nguyen
SockShop,orders,cpu,2,fault5,moi_cot,BARO,5,1,tai nguyen
SockShop,orders,cpu,2,fault5,moi_cot,MEANSHIFT,5,1,tai nguyen
SockShop,orders,cpu,2,fault5,moi_cot,KHONG-DOC,5,3,tai nguyen
SockShop,orders,cpu,2,app,chi_cpu,BARO,7,1,tai nguyen
SockShop,orders,cpu,2,app,chi_cpu,MEANSHIFT,7,1,tai nguyen
SockShop,orders,cpu,2,app,chi_cpu,KHONG-DOC,7,4,tai nguyen
SockShop,orders,cpu,2,app,chi_latency,BARO,7,1,tai nguyen
SockShop,orders,cpu,2,app,chi_latency,MEANSHIFT,7,1,tai nguyen
SockShop,orders,cpu,2,app,chi_latency,KHONG-DOC,7,4,tai nguyen
SockShop,orders,cpu,2,app,chi_workload,BARO,7,5,tai nguyen
SockShop,orders,cpu,2,app,chi_workload,MEANSHIFT,7,3,tai nguyen
SockShop,orders,cpu,2,app,chi_workload,KHONG-DOC,7,4,tai nguyen
SockShop,orders,cpu,2,app,moi_cot,BARO,7,1,tai nguyen
SockShop,orders,cpu,2,app,moi_cot,MEANSHIFT,7,1,tai nguyen
SockShop,orders,cpu,2,app,moi_cot,KHONG-DOC,7,4,tai nguyen
SockShop,orders,cpu,2,all,chi_cpu,BARO,15,1,tai nguyen
SockShop,orders,cpu,2,all,chi_cpu,MEANSHIFT,15,1,tai nguyen
SockShop,orders,cpu,2,all,chi_cpu,KHONG-DOC,15,7,tai nguyen
SockShop,orders,cpu,2,all,chi_latency,BARO,7,1,tai nguyen
SockShop,orders,cpu,2,all,chi_latency,MEANSHIFT,7,1,tai nguyen
SockShop,orders,cpu,2,all,chi_latency,KHONG-DOC,7,4,tai nguyen
SockShop,orders,cpu,2,all,chi_workload,BARO,7,5,tai nguyen
SockShop,orders,cpu,2,all,chi_workload,MEANSHIFT,7,3,tai nguyen
SockShop,orders,cpu,2,all,chi_workload,KHONG-DOC,7,4,tai nguyen
SockShop,orders,cpu,2,all,moi_cot,BARO,15,2,tai nguyen
SockShop,orders,cpu,2,all,moi_cot,MEANSHIFT,15,1,tai nguyen
SockShop,orders,cpu,2,all,moi_cot,KHONG-DOC,15,7,tai nguyen
SockShop,orders,cpu,3,fault5,chi_cpu,BARO,5,1,tai nguyen
SockShop,orders,cpu,3,fault5,chi_cpu,MEANSHIFT,5,1,tai nguyen
SockShop,orders,cpu,3,fault5,chi_cpu,KHONG-DOC,5,3,tai nguyen
SockShop,orders,cpu,3,fault5,chi_latency,BARO,5,1,tai nguyen
SockShop,orders,cpu,3,fault5,chi_latency,MEANSHIFT,5,1,tai nguyen
SockShop,orders,cpu,3,fault5,chi_latency,KHONG-DOC,5,3,tai nguyen
SockShop,orders,cpu,3,fault5,chi_workload,BARO,5,5,tai nguyen
SockShop,orders,cpu,3,fault5,chi_workload,MEANSHIFT,5,4,tai nguyen
SockShop,orders,cpu,3,fault5,chi_workload,KHONG-DOC,5,3,tai nguyen
SockShop,orders,cpu,3,fault5,moi_cot,BARO,5,1,tai nguyen
SockShop,orders,cpu,3,fault5,moi_cot,MEANSHIFT,5,1,tai nguyen
SockShop,orders,cpu,3,fault5,moi_cot,KHONG-DOC,5,3,tai nguyen
SockShop,orders,cpu,3,app,chi_cpu,BARO,7,1,tai nguyen
SockShop,orders,cpu,3,app,chi_cpu,MEANSHIFT,7,1,tai nguyen
SockShop,orders,cpu,3,app,chi_cpu,KHONG-DOC,7,4,tai nguyen
SockShop,orders,cpu,3,app,chi_latency,BARO,7,1,tai nguyen
SockShop,orders,cpu,3,app,chi_latency,MEANSHIFT,7,1,tai nguyen
SockShop,orders,cpu,3,app,chi_latency,KHONG-DOC,7,4,tai nguyen
SockShop,orders,cpu,3,app,chi_workload,BARO,7,7,tai nguyen
SockShop,orders,cpu,3,app,chi_workload,MEANSHIFT,7,6,tai nguyen
SockShop,orders,cpu,3,app,chi_workload,KHONG-DOC,7,4,tai nguyen
SockShop,orders,cpu,3,app,moi_cot,BARO,7,1,tai nguyen
SockShop,orders,cpu,3,app,moi_cot,MEANSHIFT,7,1,tai nguyen
SockShop,orders,cpu,3,app,moi_cot,KHONG-DOC,7,4,tai nguyen
SockShop,orders,cpu,3,all,chi_cpu,BARO,15,1,tai nguyen
SockShop,orders,cpu,3,all,chi_cpu,MEANSHIFT,15,1,tai nguyen
SockShop,orders,cpu,3,all,chi_cpu,KHONG-DOC,15,7,tai nguyen
SockShop,orders,cpu,3,all,chi_latency,BARO,7,1,tai nguyen
SockShop,orders,cpu,3,all,chi_latency,MEANSHIFT,7,1,tai nguyen
SockShop,orders,cpu,3,all,chi_latency,KHONG-DOC,7,4,tai nguyen
SockShop,orders,cpu,3,all,chi_workload,BARO,7,7,tai nguyen
SockShop,orders,cpu,3,all,chi_workload,MEANSHIFT,7,6,tai nguyen
SockShop,orders,cpu,3,all,chi_workload,KHONG-DOC,7,4,tai nguyen
SockShop,orders,cpu,3,all,moi_cot,BARO,15,2,tai nguyen
SockShop,orders,cpu,3,all,moi_cot,MEANSHIFT,15,1,tai nguyen
SockShop,orders,cpu,3,all,moi_cot,KHONG-DOC,15,7,tai nguyen
SockShop,orders,delay,1,fault5,chi_cpu,BARO,5,1,mang
SockShop,orders,delay,1,fault5,chi_cpu,MEANSHIFT,5,5,mang
SockShop,orders,delay,1,fault5,chi_cpu,KHONG-DOC,5,3,mang
SockShop,orders,delay,1,fault5,chi_latency,BARO,5,3,mang
SockShop,orders,delay,1,fault5,chi_latency,MEANSHIFT,5,2,mang
SockShop,orders,delay,1,fault5,chi_latency,KHONG-DOC,5,3,mang
SockShop,orders,delay,1,fault5,chi_workload,BARO,5,3,mang
SockShop,orders,delay,1,fault5,chi_workload,MEANSHIFT,5,4,mang
SockShop,orders,delay,1,fault5,chi_workload,KHONG-DOC,5,3,mang
SockShop,orders,delay,1,fault5,moi_cot,BARO,5,3,mang
SockShop,orders,delay,1,fault5,moi_cot,MEANSHIFT,5,3,mang
SockShop,orders,delay,1,fault5,moi_cot,KHONG-DOC,5,3,mang
SockShop,orders,delay,1,app,chi_cpu,BARO,7,1,mang
SockShop,orders,delay,1,app,chi_cpu,MEANSHIFT,7,6,mang
SockShop,orders,delay,1,app,chi_cpu,KHONG-DOC,7,4,mang
SockShop,orders,delay,1,app,chi_latency,BARO,7,4,mang
SockShop,orders,delay,1,app,chi_latency,MEANSHIFT,7,3,mang
SockShop,orders,delay,1,app,chi_latency,KHONG-DOC,7,4,mang
SockShop,orders,delay,1,app,chi_workload,BARO,7,4,mang
SockShop,orders,delay,1,app,chi_workload,MEANSHIFT,7,5,mang
SockShop,orders,delay,1,app,chi_workload,KHONG-DOC,7,4,mang
SockShop,orders,delay,1,app,moi_cot,BARO,7,4,mang
SockShop,orders,delay,1,app,moi_cot,MEANSHIFT,7,4,mang
SockShop,orders,delay,1,app,moi_cot,KHONG-DOC,7,4,mang
SockShop,orders,delay,1,all,chi_cpu,BARO,15,3,mang
SockShop,orders,delay,1,all,chi_cpu,MEANSHIFT,15,13,mang
SockShop,orders,delay,1,all,chi_cpu,KHONG-DOC,15,7,mang
SockShop,orders,delay,1,all,chi_latency,BARO,7,4,mang
SockShop,orders,delay,1,all,chi_latency,MEANSHIFT,7,3,mang
SockShop,orders,delay,1,all,chi_latency,KHONG-DOC,7,4,mang
SockShop,orders,delay,1,all,chi_workload,BARO,7,4,mang
SockShop,orders,delay,1,all,chi_workload,MEANSHIFT,7,5,mang
SockShop,orders,delay,1,all,chi_workload,KHONG-DOC,7,4,mang
SockShop,orders,delay,1,all,moi_cot,BARO,15,9,mang
SockShop,orders,delay,1,all,moi_cot,MEANSHIFT,15,4,mang
SockShop,orders,delay,1,all,moi_cot,KHONG-DOC,15,7,mang
SockShop,orders,delay,2,fault5,chi_cpu,BARO,5,4,mang
SockShop,orders,delay,2,fault5,chi_cpu,MEANSHIFT,5,2,mang
SockShop,orders,delay,2,fault5,chi_cpu,KHONG-DOC,5,3,mang
SockShop,orders,delay,2,fault5,chi_latency,BARO,5,1,mang
SockShop,orders,delay,2,fault5,chi_latency,MEANSHIFT,5,1,mang
SockShop,orders,delay,2,fault5,chi_latency,KHONG-DOC,5,3,mang
SockShop,orders,delay,2,fault5,chi_workload,BARO,5,2,mang
SockShop,orders,delay,2,fault5,chi_workload,MEANSHIFT,5,5,mang
SockShop,orders,delay,2,fault5,chi_workload,KHONG-DOC,5,3,mang
SockShop,orders,delay,2,fault5,moi_cot,BARO,5,3,mang
SockShop,orders,delay,2,fault5,moi_cot,MEANSHIFT,5,3,mang
SockShop,orders,delay,2,fault5,moi_cot,KHONG-DOC,5,3,mang
SockShop,orders,delay,2,app,chi_cpu,BARO,7,6,mang
SockShop,orders,delay,2,app,chi_cpu,MEANSHIFT,7,2,mang
SockShop,orders,delay,2,app,chi_cpu,KHONG-DOC,7,4,mang
SockShop,orders,delay,2,app,chi_latency,BARO,7,1,mang
SockShop,orders,delay,2,app,chi_latency,MEANSHIFT,7,1,mang
SockShop,orders,delay,2,app,chi_latency,KHONG-DOC,7,4,mang
SockShop,orders,delay,2,app,chi_workload,BARO,7,3,mang
SockShop,orders,delay,2,app,chi_workload,MEANSHIFT,7,7,mang
SockShop,orders,delay,2,app,chi_workload,KHONG-DOC,7,4,mang
SockShop,orders,delay,2,app,moi_cot,BARO,7,3,mang
SockShop,orders,delay,2,app,moi_cot,MEANSHIFT,7,3,mang
SockShop,orders,delay,2,app,moi_cot,KHONG-DOC,7,4,mang
SockShop,orders,delay,2,all,chi_cpu,BARO,15,12,mang
SockShop,orders,delay,2,all,chi_cpu,MEANSHIFT,15,3,mang
SockShop,orders,delay,2,all,chi_cpu,KHONG-DOC,15,7,mang
SockShop,orders,delay,2,all,chi_latency,BARO,7,1,mang
SockShop,orders,delay,2,all,chi_latency,MEANSHIFT,7,1,mang
SockShop,orders,delay,2,all,chi_latency,KHONG-DOC,7,4,mang
SockShop,orders,delay,2,all,chi_workload,BARO,7,3,mang
SockShop,orders,delay,2,all,chi_workload,MEANSHIFT,7,7,mang
SockShop,orders,delay,2,all,chi_workload,KHONG-DOC,7,4,mang
SockShop,orders,delay,2,all,moi_cot,BARO,15,4,mang
SockShop,orders,delay,2,all,moi_cot,MEANSHIFT,15,3,mang
SockShop,orders,delay,2,all,moi_cot,KHONG-DOC,15,7,mang
SockShop,orders,delay,3,fault5,chi_cpu,BARO,5,4,mang
SockShop,orders,delay,3,fault5,chi_cpu,MEANSHIFT,5,2,mang
SockShop,orders,delay,3,fault5,chi_cpu,KHONG-DOC,5,3,mang
SockShop,orders,delay,3,fault5,chi_latency,BARO,5,1,mang
SockShop,orders,delay,3,fault5,chi_latency,MEANSHIFT,5,1,mang
SockShop,orders,delay,3,fault5,chi_latency,KHONG-DOC,5,3,mang
SockShop,orders,delay,3,fault5,chi_workload,BARO,5,2,mang
SockShop,orders,delay,3,fault5,chi_workload,MEANSHIFT,5,4,mang
SockShop,orders,delay,3,fault5,chi_workload,KHONG-DOC,5,3,mang
SockShop,orders,delay,3,fault5,moi_cot,BARO,5,1,mang
SockShop,orders,delay,3,fault5,moi_cot,MEANSHIFT,5,1,mang
SockShop,orders,delay,3,fault5,moi_cot,KHONG-DOC,5,3,mang
SockShop,orders,delay,3,app,chi_cpu,BARO,7,6,mang
SockShop,orders,delay,3,app,chi_cpu,MEANSHIFT,7,3,mang
SockShop,orders,delay,3,app,chi_cpu,KHONG-DOC,7,4,mang
SockShop,orders,delay,3,app,chi_latency,BARO,7,1,mang
SockShop,orders,delay,3,app,chi_latency,MEANSHIFT,7,1,mang
SockShop,orders,delay,3,app,chi_latency,KHONG-DOC,7,4,mang
SockShop,orders,delay,3,app,chi_workload,BARO,7,2,mang
SockShop,orders,delay,3,app,chi_workload,MEANSHIFT,7,6,mang
SockShop,orders,delay,3,app,chi_workload,KHONG-DOC,7,4,mang
SockShop,orders,delay,3,app,moi_cot,BARO,7,1,mang
SockShop,orders,delay,3,app,moi_cot,MEANSHIFT,7,1,mang
SockShop,orders,delay,3,app,moi_cot,KHONG-DOC,7,4,mang
SockShop,orders,delay,3,all,chi_cpu,BARO,15,12,mang
SockShop,orders,delay,3,all,chi_cpu,MEANSHIFT,15,8,mang
SockShop,orders,delay,3,all,chi_cpu,KHONG-DOC,15,7,mang
SockShop,orders,delay,3,all,chi_latency,BARO,7,1,mang
SockShop,orders,delay,3,all,chi_latency,MEANSHIFT,7,1,mang
SockShop,orders,delay,3,all,chi_latency,KHONG-DOC,7,4,mang
SockShop,orders,delay,3,all,chi_workload,BARO,7,2,mang
SockShop,orders,delay,3,all,chi_workload,MEANSHIFT,7,6,mang
SockShop,orders,delay,3,all,chi_workload,KHONG-DOC,7,4,mang
SockShop,orders,delay,3,all,moi_cot,BARO,15,2,mang
SockShop,orders,delay,3,all,moi_cot,MEANSHIFT,15,1,mang
SockShop,orders,delay,3,all,moi_cot,KHONG-DOC,15,7,mang
SockShop,orders,disk,1,fault5,chi_cpu,BARO,5,2,tai nguyen
SockShop,orders,disk,1,fault5,chi_cpu,MEANSHIFT,5,2,tai nguyen
SockShop,orders,disk,1,fault5,chi_cpu,KHONG-DOC,5,3,tai nguyen
SockShop,orders,disk,1,fault5,chi_latency,BARO,5,1,tai nguyen
SockShop,orders,disk,1,fault5,chi_latency,MEANSHIFT,5,3,tai nguyen
SockShop,orders,disk,1,fault5,chi_latency,KHONG-DOC,5,3,tai nguyen
SockShop,orders,disk,1,fault5,chi_workload,BARO,5,1,tai nguyen
SockShop,orders,disk,1,fault5,chi_workload,MEANSHIFT,5,1,tai nguyen
SockShop,orders,disk,1,fault5,chi_workload,KHONG-DOC,5,3,tai nguyen
SockShop,orders,disk,1,fault5,moi_cot,BARO,5,2,tai nguyen
SockShop,orders,disk,1,fault5,moi_cot,MEANSHIFT,5,2,tai nguyen
SockShop,orders,disk,1,fault5,moi_cot,KHONG-DOC,5,3,tai nguyen
SockShop,orders,disk,1,app,chi_cpu,BARO,7,3,tai nguyen
SockShop,orders,disk,1,app,chi_cpu,MEANSHIFT,7,3,tai nguyen
SockShop,orders,disk,1,app,chi_cpu,KHONG-DOC,7,4,tai nguyen
SockShop,orders,disk,1,app,chi_latency,BARO,7,2,tai nguyen
SockShop,orders,disk,1,app,chi_latency,MEANSHIFT,7,4,tai nguyen
SockShop,orders,disk,1,app,chi_latency,KHONG-DOC,7,4,tai nguyen
SockShop,orders,disk,1,app,chi_workload,BARO,7,1,tai nguyen
SockShop,orders,disk,1,app,chi_workload,MEANSHIFT,7,1,tai nguyen
SockShop,orders,disk,1,app,chi_workload,KHONG-DOC,7,4,tai nguyen
SockShop,orders,disk,1,app,moi_cot,BARO,7,2,tai nguyen
SockShop,orders,disk,1,app,moi_cot,MEANSHIFT,7,3,tai nguyen
SockShop,orders,disk,1,app,moi_cot,KHONG-DOC,7,4,tai nguyen
SockShop,orders,disk,1,all,chi_cpu,BARO,15,7,tai nguyen
SockShop,orders,disk,1,all,chi_cpu,MEANSHIFT,15,8,tai nguyen
SockShop,orders,disk,1,all,chi_cpu,KHONG-DOC,15,7,tai nguyen
SockShop,orders,disk,1,all,chi_latency,BARO,7,2,tai nguyen
SockShop,orders,disk,1,all,chi_latency,MEANSHIFT,7,4,tai nguyen
SockShop,orders,disk,1,all,chi_latency,KHONG-DOC,7,4,tai nguyen
SockShop,orders,disk,1,all,chi_workload,BARO,7,1,tai nguyen
SockShop,orders,disk,1,all,chi_workload,MEANSHIFT,7,1,tai nguyen
SockShop,orders,disk,1,all,chi_workload,KHONG-DOC,7,4,tai nguyen
SockShop,orders,disk,1,all,moi_cot,BARO,15,6,tai nguyen
SockShop,orders,disk,1,all,moi_cot,MEANSHIFT,15,5,tai nguyen
SockShop,orders,disk,1,all,moi_cot,KHONG-DOC,15,7,tai nguyen
SockShop,orders,disk,2,fault5,chi_cpu,BARO,5,1,tai nguyen
SockShop,orders,disk,2,fault5,chi_cpu,MEANSHIFT,5,1,tai nguyen
SockShop,orders,disk,2,fault5,chi_cpu,KHONG-DOC,5,3,tai nguyen
SockShop,orders,disk,2,fault5,chi_latency,BARO,5,4,tai nguyen
SockShop,orders,disk,2,fault5,chi_latency,MEANSHIFT,5,3,tai nguyen
SockShop,orders,disk,2,fault5,chi_latency,KHONG-DOC,5,3,tai nguyen
SockShop,orders,disk,2,fault5,chi_workload,BARO,5,1,tai nguyen
SockShop,orders,disk,2,fault5,chi_workload,MEANSHIFT,5,1,tai nguyen
SockShop,orders,disk,2,fault5,chi_workload,KHONG-DOC,5,3,tai nguyen
SockShop,orders,disk,2,fault5,moi_cot,BARO,5,1,tai nguyen
SockShop,orders,disk,2,fault5,moi_cot,MEANSHIFT,5,1,tai nguyen
SockShop,orders,disk,2,fault5,moi_cot,KHONG-DOC,5,3,tai nguyen
SockShop,orders,disk,2,app,chi_cpu,BARO,7,1,tai nguyen
SockShop,orders,disk,2,app,chi_cpu,MEANSHIFT,7,1,tai nguyen
SockShop,orders,disk,2,app,chi_cpu,KHONG-DOC,7,4,tai nguyen
SockShop,orders,disk,2,app,chi_latency,BARO,7,5,tai nguyen
SockShop,orders,disk,2,app,chi_latency,MEANSHIFT,7,3,tai nguyen
SockShop,orders,disk,2,app,chi_latency,KHONG-DOC,7,4,tai nguyen
SockShop,orders,disk,2,app,chi_workload,BARO,7,1,tai nguyen
SockShop,orders,disk,2,app,chi_workload,MEANSHIFT,7,1,tai nguyen
SockShop,orders,disk,2,app,chi_workload,KHONG-DOC,7,4,tai nguyen
SockShop,orders,disk,2,app,moi_cot,BARO,7,1,tai nguyen
SockShop,orders,disk,2,app,moi_cot,MEANSHIFT,7,1,tai nguyen
SockShop,orders,disk,2,app,moi_cot,KHONG-DOC,7,4,tai nguyen
SockShop,orders,disk,2,all,chi_cpu,BARO,15,1,tai nguyen
SockShop,orders,disk,2,all,chi_cpu,MEANSHIFT,15,1,tai nguyen
SockShop,orders,disk,2,all,chi_cpu,KHONG-DOC,15,7,tai nguyen
SockShop,orders,disk,2,all,chi_latency,BARO,7,5,tai nguyen
SockShop,orders,disk,2,all,chi_latency,MEANSHIFT,7,3,tai nguyen
SockShop,orders,disk,2,all,chi_latency,KHONG-DOC,7,4,tai nguyen
SockShop,orders,disk,2,all,chi_workload,BARO,7,1,tai nguyen
SockShop,orders,disk,2,all,chi_workload,MEANSHIFT,7,1,tai nguyen
SockShop,orders,disk,2,all,chi_workload,KHONG-DOC,7,4,tai nguyen
SockShop,orders,disk,2,all,moi_cot,BARO,15,2,tai nguyen
SockShop,orders,disk,2,all,moi_cot,MEANSHIFT,15,1,tai nguyen
SockShop,orders,disk,2,all,moi_cot,KHONG-DOC,15,7,tai nguyen
SockShop,orders,disk,3,fault5,chi_cpu,BARO,5,1,tai nguyen
SockShop,orders,disk,3,fault5,chi_cpu,MEANSHIFT,5,1,tai nguyen
SockShop,orders,disk,3,fault5,chi_cpu,KHONG-DOC,5,3,tai nguyen
SockShop,orders,disk,3,fault5,chi_latency,BARO,5,5,tai nguyen
SockShop,orders,disk,3,fault5,chi_latency,MEANSHIFT,5,5,tai nguyen
SockShop,orders,disk,3,fault5,chi_latency,KHONG-DOC,5,3,tai nguyen
SockShop,orders,disk,3,fault5,chi_workload,BARO,5,5,tai nguyen
SockShop,orders,disk,3,fault5,chi_workload,MEANSHIFT,5,4,tai nguyen
SockShop,orders,disk,3,fault5,chi_workload,KHONG-DOC,5,3,tai nguyen
SockShop,orders,disk,3,fault5,moi_cot,BARO,5,1,tai nguyen
SockShop,orders,disk,3,fault5,moi_cot,MEANSHIFT,5,1,tai nguyen
SockShop,orders,disk,3,fault5,moi_cot,KHONG-DOC,5,3,tai nguyen
SockShop,orders,disk,3,app,chi_cpu,BARO,7,1,tai nguyen
SockShop,orders,disk,3,app,chi_cpu,MEANSHIFT,7,1,tai nguyen
SockShop,orders,disk,3,app,chi_cpu,KHONG-DOC,7,4,tai nguyen
SockShop,orders,disk,3,app,chi_latency,BARO,7,7,tai nguyen
SockShop,orders,disk,3,app,chi_latency,MEANSHIFT,7,7,tai nguyen
SockShop,orders,disk,3,app,chi_latency,KHONG-DOC,7,4,tai nguyen
SockShop,orders,disk,3,app,chi_workload,BARO,7,7,tai nguyen
SockShop,orders,disk,3,app,chi_workload,MEANSHIFT,7,5,tai nguyen
SockShop,orders,disk,3,app,chi_workload,KHONG-DOC,7,4,tai nguyen
SockShop,orders,disk,3,app,moi_cot,BARO,7,1,tai nguyen
SockShop,orders,disk,3,app,moi_cot,MEANSHIFT,7,1,tai nguyen
SockShop,orders,disk,3,app,moi_cot,KHONG-DOC,7,4,tai nguyen
SockShop,orders,disk,3,all,chi_cpu,BARO,15,2,tai nguyen
SockShop,orders,disk,3,all,chi_cpu,MEANSHIFT,15,1,tai nguyen
SockShop,orders,disk,3,all,chi_cpu,KHONG-DOC,15,7,tai nguyen
SockShop,orders,disk,3,all,chi_latency,BARO,7,7,tai nguyen
SockShop,orders,disk,3,all,chi_latency,MEANSHIFT,7,7,tai nguyen
SockShop,orders,disk,3,all,chi_latency,KHONG-DOC,7,4,tai nguyen
SockShop,orders,disk,3,all,chi_workload,BARO,7,7,tai nguyen
SockShop,orders,disk,3,all,chi_workload,MEANSHIFT,7,5,tai nguyen
SockShop,orders,disk,3,all,chi_workload,KHONG-DOC,7,4,tai nguyen
SockShop,orders,disk,3,all,moi_cot,BARO,15,1,tai nguyen
SockShop,orders,disk,3,all,moi_cot,MEANSHIFT,15,1,tai nguyen
SockShop,orders,disk,3,all,moi_cot,KHONG-DOC,15,7,tai nguyen
SockShop,orders,loss,1,fault5,chi_cpu,BARO,5,1,mang
SockShop,orders,loss,1,fault5,chi_cpu,MEANSHIFT,5,2,mang
SockShop,orders,loss,1,fault5,chi_cpu,KHONG-DOC,5,3,mang
SockShop,orders,loss,1,fault5,chi_latency,BARO,5,1,mang
SockShop,orders,loss,1,fault5,chi_latency,MEANSHIFT,5,1,mang
SockShop,orders,loss,1,fault5,chi_latency,KHONG-DOC,5,3,mang
SockShop,orders,loss,1,fault5,chi_workload,BARO,5,1,mang
SockShop,orders,loss,1,fault5,chi_workload,MEANSHIFT,5,1,mang
SockShop,orders,loss,1,fault5,chi_workload,KHONG-DOC,5,3,mang
SockShop,orders,loss,1,fault5,moi_cot,BARO,5,1,mang
SockShop,orders,loss,1,fault5,moi_cot,MEANSHIFT,5,1,mang
SockShop,orders,loss,1,fault5,moi_cot,KHONG-DOC,5,3,mang
SockShop,orders,loss,1,app,chi_cpu,BARO,7,2,mang
SockShop,orders,loss,1,app,chi_cpu,MEANSHIFT,7,2,mang
SockShop,orders,loss,1,app,chi_cpu,KHONG-DOC,7,4,mang
SockShop,orders,loss,1,app,chi_latency,BARO,7,1,mang
SockShop,orders,loss,1,app,chi_latency,MEANSHIFT,7,1,mang
SockShop,orders,loss,1,app,chi_latency,KHONG-DOC,7,4,mang
SockShop,orders,loss,1,app,chi_workload,BARO,7,1,mang
SockShop,orders,loss,1,app,chi_workload,MEANSHIFT,7,2,mang
SockShop,orders,loss,1,app,chi_workload,KHONG-DOC,7,4,mang
SockShop,orders,loss,1,app,moi_cot,BARO,7,1,mang
SockShop,orders,loss,1,app,moi_cot,MEANSHIFT,7,1,mang
SockShop,orders,loss,1,app,moi_cot,KHONG-DOC,7,4,mang
SockShop,orders,loss,1,all,chi_cpu,BARO,15,2,mang
SockShop,orders,loss,1,all,chi_cpu,MEANSHIFT,15,2,mang
SockShop,orders,loss,1,all,chi_cpu,KHONG-DOC,15,7,mang
SockShop,orders,loss,1,all,chi_latency,BARO,7,1,mang
SockShop,orders,loss,1,all,chi_latency,MEANSHIFT,7,1,mang
SockShop,orders,loss,1,all,chi_latency,KHONG-DOC,7,4,mang
SockShop,orders,loss,1,all,chi_workload,BARO,7,1,mang
SockShop,orders,loss,1,all,chi_workload,MEANSHIFT,7,2,mang
SockShop,orders,loss,1,all,chi_workload,KHONG-DOC,7,4,mang
SockShop,orders,loss,1,all,moi_cot,BARO,15,2,mang
SockShop,orders,loss,1,all,moi_cot,MEANSHIFT,15,1,mang
SockShop,orders,loss,1,all,moi_cot,KHONG-DOC,15,7,mang
SockShop,orders,loss,2,fault5,chi_cpu,BARO,5,1,mang
SockShop,orders,loss,2,fault5,chi_cpu,MEANSHIFT,5,1,mang
SockShop,orders,loss,2,fault5,chi_cpu,KHONG-DOC,5,3,mang
SockShop,orders,loss,2,fault5,chi_latency,BARO,5,1,mang
SockShop,orders,loss,2,fault5,chi_latency,MEANSHIFT,5,1,mang
SockShop,orders,loss,2,fault5,chi_latency,KHONG-DOC,5,3,mang
SockShop,orders,loss,2,fault5,chi_workload,BARO,5,2,mang
SockShop,orders,loss,2,fault5,chi_workload,MEANSHIFT,5,2,mang
SockShop,orders,loss,2,fault5,chi_workload,KHONG-DOC,5,3,mang
SockShop,orders,loss,2,fault5,moi_cot,BARO,5,1,mang
SockShop,orders,loss,2,fault5,moi_cot,MEANSHIFT,5,1,mang
SockShop,orders,loss,2,fault5,moi_cot,KHONG-DOC,5,3,mang
SockShop,orders,loss,2,app,chi_cpu,BARO,7,1,mang
SockShop,orders,loss,2,app,chi_cpu,MEANSHIFT,7,1,mang
SockShop,orders,loss,2,app,chi_cpu,KHONG-DOC,7,4,mang
SockShop,orders,loss,2,app,chi_latency,BARO,7,1,mang
SockShop,orders,loss,2,app,chi_latency,MEANSHIFT,7,1,mang
SockShop,orders,loss,2,app,chi_latency,KHONG-DOC,7,4,mang
SockShop,orders,loss,2,app,chi_workload,BARO,7,3,mang
SockShop,orders,loss,2,app,chi_workload,MEANSHIFT,7,3,mang
SockShop,orders,loss,2,app,chi_workload,KHONG-DOC,7,4,mang
SockShop,orders,loss,2,app,moi_cot,BARO,7,1,mang
SockShop,orders,loss,2,app,moi_cot,MEANSHIFT,7,1,mang
SockShop,orders,loss,2,app,moi_cot,KHONG-DOC,7,4,mang
SockShop,orders,loss,2,all,chi_cpu,BARO,15,1,mang
SockShop,orders,loss,2,all,chi_cpu,MEANSHIFT,15,1,mang
SockShop,orders,loss,2,all,chi_cpu,KHONG-DOC,15,7,mang
SockShop,orders,loss,2,all,chi_latency,BARO,7,1,mang
SockShop,orders,loss,2,all,chi_latency,MEANSHIFT,7,1,mang
SockShop,orders,loss,2,all,chi_latency,KHONG-DOC,7,4,mang
SockShop,orders,loss,2,all,chi_workload,BARO,7,3,mang
SockShop,orders,loss,2,all,chi_workload,MEANSHIFT,7,3,mang
SockShop,orders,loss,2,all,chi_workload,KHONG-DOC,7,4,mang
SockShop,orders,loss,2,all,moi_cot,BARO,15,2,mang
SockShop,orders,loss,2,all,moi_cot,MEANSHIFT,15,1,mang
SockShop,orders,loss,2,all,moi_cot,KHONG-DOC,15,7,mang
SockShop,orders,loss,3,fault5,chi_cpu,BARO,5,1,mang
SockShop,orders,loss,3,fault5,chi_cpu,MEANSHIFT,5,2,mang
SockShop,orders,loss,3,fault5,chi_cpu,KHONG-DOC,5,3,mang
SockShop,orders,loss,3,fault5,chi_latency,BARO,5,1,mang
SockShop,orders,loss,3,fault5,chi_latency,MEANSHIFT,5,1,mang
SockShop,orders,loss,3,fault5,chi_latency,KHONG-DOC,5,3,mang
SockShop,orders,loss,3,fault5,chi_workload,BARO,5,2,mang
SockShop,orders,loss,3,fault5,chi_workload,MEANSHIFT,5,2,mang
SockShop,orders,loss,3,fault5,chi_workload,KHONG-DOC,5,3,mang
SockShop,orders,loss,3,fault5,moi_cot,BARO,5,1,mang
SockShop,orders,loss,3,fault5,moi_cot,MEANSHIFT,5,1,mang
SockShop,orders,loss,3,fault5,moi_cot,KHONG-DOC,5,3,mang
SockShop,orders,loss,3,app,chi_cpu,BARO,7,1,mang
SockShop,orders,loss,3,app,chi_cpu,MEANSHIFT,7,3,mang
SockShop,orders,loss,3,app,chi_cpu,KHONG-DOC,7,4,mang
SockShop,orders,loss,3,app,chi_latency,BARO,7,1,mang
SockShop,orders,loss,3,app,chi_latency,MEANSHIFT,7,1,mang
SockShop,orders,loss,3,app,chi_latency,KHONG-DOC,7,4,mang
SockShop,orders,loss,3,app,chi_workload,BARO,7,3,mang
SockShop,orders,loss,3,app,chi_workload,MEANSHIFT,7,3,mang
SockShop,orders,loss,3,app,chi_workload,KHONG-DOC,7,4,mang
SockShop,orders,loss,3,app,moi_cot,BARO,7,1,mang
SockShop,orders,loss,3,app,moi_cot,MEANSHIFT,7,1,mang
SockShop,orders,loss,3,app,moi_cot,KHONG-DOC,7,4,mang
SockShop,orders,loss,3,all,chi_cpu,BARO,15,1,mang
SockShop,orders,loss,3,all,chi_cpu,MEANSHIFT,15,6,mang
SockShop,orders,loss,3,all,chi_cpu,KHONG-DOC,15,7,mang
SockShop,orders,loss,3,all,chi_latency,BARO,7,1,mang
SockShop,orders,loss,3,all,chi_latency,MEANSHIFT,7,1,mang
SockShop,orders,loss,3,all,chi_latency,KHONG-DOC,7,4,mang
SockShop,orders,loss,3,all,chi_workload,BARO,7,3,mang
SockShop,orders,loss,3,all,chi_workload,MEANSHIFT,7,3,mang
SockShop,orders,loss,3,all,chi_workload,KHONG-DOC,7,4,mang
SockShop,orders,loss,3,all,moi_cot,BARO,15,2,mang
SockShop,orders,loss,3,all,moi_cot,MEANSHIFT,15,1,mang
SockShop,orders,loss,3,all,moi_cot,KHONG-DOC,15,7,mang
SockShop,orders,mem,1,fault5,chi_cpu,BARO,5,1,tai nguyen
SockShop,orders,mem,1,fault5,chi_cpu,MEANSHIFT,5,1,tai nguyen
SockShop,orders,mem,1,fault5,chi_cpu,KHONG-DOC,5,3,tai nguyen
SockShop,orders,mem,1,fault5,chi_latency,BARO,5,1,tai nguyen
SockShop,orders,mem,1,fault5,chi_latency,MEANSHIFT,5,1,tai nguyen
SockShop,orders,mem,1,fault5,chi_latency,KHONG-DOC,5,3,tai nguyen
SockShop,orders,mem,1,fault5,chi_workload,BARO,5,4,tai nguyen
SockShop,orders,mem,1,fault5,chi_workload,MEANSHIFT,5,5,tai nguyen
SockShop,orders,mem,1,fault5,chi_workload,KHONG-DOC,5,3,tai nguyen
SockShop,orders,mem,1,fault5,moi_cot,BARO,5,1,tai nguyen
SockShop,orders,mem,1,fault5,moi_cot,MEANSHIFT,5,1,tai nguyen
SockShop,orders,mem,1,fault5,moi_cot,KHONG-DOC,5,3,tai nguyen
SockShop,orders,mem,1,app,chi_cpu,BARO,7,1,tai nguyen
SockShop,orders,mem,1,app,chi_cpu,MEANSHIFT,7,1,tai nguyen
SockShop,orders,mem,1,app,chi_cpu,KHONG-DOC,7,4,tai nguyen
SockShop,orders,mem,1,app,chi_latency,BARO,7,1,tai nguyen
SockShop,orders,mem,1,app,chi_latency,MEANSHIFT,7,1,tai nguyen
SockShop,orders,mem,1,app,chi_latency,KHONG-DOC,7,4,tai nguyen
SockShop,orders,mem,1,app,chi_workload,BARO,7,6,tai nguyen
SockShop,orders,mem,1,app,chi_workload,MEANSHIFT,7,7,tai nguyen
SockShop,orders,mem,1,app,chi_workload,KHONG-DOC,7,4,tai nguyen
SockShop,orders,mem,1,app,moi_cot,BARO,7,1,tai nguyen
SockShop,orders,mem,1,app,moi_cot,MEANSHIFT,7,1,tai nguyen
SockShop,orders,mem,1,app,moi_cot,KHONG-DOC,7,4,tai nguyen
SockShop,orders,mem,1,all,chi_cpu,BARO,15,1,tai nguyen
SockShop,orders,mem,1,all,chi_cpu,MEANSHIFT,15,1,tai nguyen
SockShop,orders,mem,1,all,chi_cpu,KHONG-DOC,15,7,tai nguyen
SockShop,orders,mem,1,all,chi_latency,BARO,7,1,tai nguyen
SockShop,orders,mem,1,all,chi_latency,MEANSHIFT,7,1,tai nguyen
SockShop,orders,mem,1,all,chi_latency,KHONG-DOC,7,4,tai nguyen
SockShop,orders,mem,1,all,chi_workload,BARO,7,6,tai nguyen
SockShop,orders,mem,1,all,chi_workload,MEANSHIFT,7,7,tai nguyen
SockShop,orders,mem,1,all,chi_workload,KHONG-DOC,7,4,tai nguyen
SockShop,orders,mem,1,all,moi_cot,BARO,15,2,tai nguyen
SockShop,orders,mem,1,all,moi_cot,MEANSHIFT,15,1,tai nguyen
SockShop,orders,mem,1,all,moi_cot,KHONG-DOC,15,7,tai nguyen
SockShop,orders,mem,2,fault5,chi_cpu,BARO,5,1,tai nguyen
SockShop,orders,mem,2,fault5,chi_cpu,MEANSHIFT,5,1,tai nguyen
SockShop,orders,mem,2,fault5,chi_cpu,KHONG-DOC,5,3,tai nguyen
SockShop,orders,mem,2,fault5,chi_latency,BARO,5,1,tai nguyen
SockShop,orders,mem,2,fault5,chi_latency,MEANSHIFT,5,1,tai nguyen
SockShop,orders,mem,2,fault5,chi_latency,KHONG-DOC,5,3,tai nguyen
SockShop,orders,mem,2,fault5,chi_workload,BARO,5,2,tai nguyen
SockShop,orders,mem,2,fault5,chi_workload,MEANSHIFT,5,3,tai nguyen
SockShop,orders,mem,2,fault5,chi_workload,KHONG-DOC,5,3,tai nguyen
SockShop,orders,mem,2,fault5,moi_cot,BARO,5,1,tai nguyen
SockShop,orders,mem,2,fault5,moi_cot,MEANSHIFT,5,1,tai nguyen
SockShop,orders,mem,2,fault5,moi_cot,KHONG-DOC,5,3,tai nguyen
SockShop,orders,mem,2,app,chi_cpu,BARO,7,1,tai nguyen
SockShop,orders,mem,2,app,chi_cpu,MEANSHIFT,7,1,tai nguyen
SockShop,orders,mem,2,app,chi_cpu,KHONG-DOC,7,4,tai nguyen
SockShop,orders,mem,2,app,chi_latency,BARO,7,1,tai nguyen
SockShop,orders,mem,2,app,chi_latency,MEANSHIFT,7,1,tai nguyen
SockShop,orders,mem,2,app,chi_latency,KHONG-DOC,7,4,tai nguyen
SockShop,orders,mem,2,app,chi_workload,BARO,7,2,tai nguyen
SockShop,orders,mem,2,app,chi_workload,MEANSHIFT,7,3,tai nguyen
SockShop,orders,mem,2,app,chi_workload,KHONG-DOC,7,4,tai nguyen
SockShop,orders,mem,2,app,moi_cot,BARO,7,1,tai nguyen
SockShop,orders,mem,2,app,moi_cot,MEANSHIFT,7,1,tai nguyen
SockShop,orders,mem,2,app,moi_cot,KHONG-DOC,7,4,tai nguyen
SockShop,orders,mem,2,all,chi_cpu,BARO,15,1,tai nguyen
SockShop,orders,mem,2,all,chi_cpu,MEANSHIFT,15,1,tai nguyen
SockShop,orders,mem,2,all,chi_cpu,KHONG-DOC,15,7,tai nguyen
SockShop,orders,mem,2,all,chi_latency,BARO,7,1,tai nguyen
SockShop,orders,mem,2,all,chi_latency,MEANSHIFT,7,1,tai nguyen
SockShop,orders,mem,2,all,chi_latency,KHONG-DOC,7,4,tai nguyen
SockShop,orders,mem,2,all,chi_workload,BARO,7,2,tai nguyen
SockShop,orders,mem,2,all,chi_workload,MEANSHIFT,7,3,tai nguyen
SockShop,orders,mem,2,all,chi_workload,KHONG-DOC,7,4,tai nguyen
SockShop,orders,mem,2,all,moi_cot,BARO,15,3,tai nguyen
SockShop,orders,mem,2,all,moi_cot,MEANSHIFT,15,1,tai nguyen
SockShop,orders,mem,2,all,moi_cot,KHONG-DOC,15,7,tai nguyen
SockShop,orders,mem,3,fault5,chi_cpu,BARO,5,1,tai nguyen
SockShop,orders,mem,3,fault5,chi_cpu,MEANSHIFT,5,1,tai nguyen
SockShop,orders,mem,3,fault5,chi_cpu,KHONG-DOC,5,3,tai nguyen
SockShop,orders,mem,3,fault5,chi_latency,BARO,5,1,tai nguyen
SockShop,orders,mem,3,fault5,chi_latency,MEANSHIFT,5,1,tai nguyen
SockShop,orders,mem,3,fault5,chi_latency,KHONG-DOC,5,3,tai nguyen
SockShop,orders,mem,3,fault5,chi_workload,BARO,5,3,tai nguyen
SockShop,orders,mem,3,fault5,chi_workload,MEANSHIFT,5,5,tai nguyen
SockShop,orders,mem,3,fault5,chi_workload,KHONG-DOC,5,3,tai nguyen
SockShop,orders,mem,3,fault5,moi_cot,BARO,5,1,tai nguyen
SockShop,orders,mem,3,fault5,moi_cot,MEANSHIFT,5,1,tai nguyen
SockShop,orders,mem,3,fault5,moi_cot,KHONG-DOC,5,3,tai nguyen
SockShop,orders,mem,3,app,chi_cpu,BARO,7,1,tai nguyen
SockShop,orders,mem,3,app,chi_cpu,MEANSHIFT,7,1,tai nguyen
SockShop,orders,mem,3,app,chi_cpu,KHONG-DOC,7,4,tai nguyen
SockShop,orders,mem,3,app,chi_latency,BARO,7,1,tai nguyen
SockShop,orders,mem,3,app,chi_latency,MEANSHIFT,7,1,tai nguyen
SockShop,orders,mem,3,app,chi_latency,KHONG-DOC,7,4,tai nguyen
SockShop,orders,mem,3,app,chi_workload,BARO,7,3,tai nguyen
SockShop,orders,mem,3,app,chi_workload,MEANSHIFT,7,6,tai nguyen
SockShop,orders,mem,3,app,chi_workload,KHONG-DOC,7,4,tai nguyen
SockShop,orders,mem,3,app,moi_cot,BARO,7,1,tai nguyen
SockShop,orders,mem,3,app,moi_cot,MEANSHIFT,7,1,tai nguyen
SockShop,orders,mem,3,app,moi_cot,KHONG-DOC,7,4,tai nguyen
SockShop,orders,mem,3,all,chi_cpu,BARO,15,1,tai nguyen
SockShop,orders,mem,3,all,chi_cpu,MEANSHIFT,15,1,tai nguyen
SockShop,orders,mem,3,all,chi_cpu,KHONG-DOC,15,7,tai nguyen
SockShop,orders,mem,3,all,chi_latency,BARO,7,1,tai nguyen
SockShop,orders,mem,3,all,chi_latency,MEANSHIFT,7,1,tai nguyen
SockShop,orders,mem,3,all,chi_latency,KHONG-DOC,7,4,tai nguyen
SockShop,orders,mem,3,all,chi_workload,BARO,7,3,tai nguyen
SockShop,orders,mem,3,all,chi_workload,MEANSHIFT,7,6,tai nguyen
SockShop,orders,mem,3,all,chi_workload,KHONG-DOC,7,4,tai nguyen
SockShop,orders,mem,3,all,moi_cot,BARO,15,2,tai nguyen
SockShop,orders,mem,3,all,moi_cot,MEANSHIFT,15,1,tai nguyen
SockShop,orders,mem,3,all,moi_cot,KHONG-DOC,15,7,tai nguyen
SockShop,orders,socket,1,fault5,chi_cpu,BARO,5,1,tai nguyen
SockShop,orders,socket,1,fault5,chi_cpu,MEANSHIFT,5,1,tai nguyen
SockShop,orders,socket,1,fault5,chi_cpu,KHONG-DOC,5,3,tai nguyen
SockShop,orders,socket,1,fault5,chi_latency,BARO,5,1,tai nguyen
SockShop,orders,socket,1,fault5,chi_latency,MEANSHIFT,5,3,tai nguyen
SockShop,orders,socket,1,fault5,chi_latency,KHONG-DOC,5,3,tai nguyen
SockShop,orders,socket,1,fault5,chi_workload,BARO,5,4,tai nguyen
SockShop,orders,socket,1,fault5,chi_workload,MEANSHIFT,5,2,tai nguyen
SockShop,orders,socket,1,fault5,chi_workload,KHONG-DOC,5,3,tai nguyen
SockShop,orders,socket,1,fault5,moi_cot,BARO,5,4,tai nguyen
SockShop,orders,socket,1,fault5,moi_cot,MEANSHIFT,5,3,tai nguyen
SockShop,orders,socket,1,fault5,moi_cot,KHONG-DOC,5,3,tai nguyen
SockShop,orders,socket,1,app,chi_cpu,BARO,7,1,tai nguyen
SockShop,orders,socket,1,app,chi_cpu,MEANSHIFT,7,1,tai nguyen
SockShop,orders,socket,1,app,chi_cpu,KHONG-DOC,7,4,tai nguyen
SockShop,orders,socket,1,app,chi_latency,BARO,7,1,tai nguyen
SockShop,orders,socket,1,app,chi_latency,MEANSHIFT,7,3,tai nguyen
SockShop,orders,socket,1,app,chi_latency,KHONG-DOC,7,4,tai nguyen
SockShop,orders,socket,1,app,chi_workload,BARO,7,6,tai nguyen
SockShop,orders,socket,1,app,chi_workload,MEANSHIFT,7,3,tai nguyen
SockShop,orders,socket,1,app,chi_workload,KHONG-DOC,7,4,tai nguyen
SockShop,orders,socket,1,app,moi_cot,BARO,7,4,tai nguyen
SockShop,orders,socket,1,app,moi_cot,MEANSHIFT,7,3,tai nguyen
SockShop,orders,socket,1,app,moi_cot,KHONG-DOC,7,4,tai nguyen
SockShop,orders,socket,1,all,chi_cpu,BARO,15,1,tai nguyen
SockShop,orders,socket,1,all,chi_cpu,MEANSHIFT,15,1,tai nguyen
SockShop,orders,socket,1,all,chi_cpu,KHONG-DOC,15,7,tai nguyen
SockShop,orders,socket,1,all,chi_latency,BARO,7,1,tai nguyen
SockShop,orders,socket,1,all,chi_latency,MEANSHIFT,7,3,tai nguyen
SockShop,orders,socket,1,all,chi_latency,KHONG-DOC,7,4,tai nguyen
SockShop,orders,socket,1,all,chi_workload,BARO,7,6,tai nguyen
SockShop,orders,socket,1,all,chi_workload,MEANSHIFT,7,3,tai nguyen
SockShop,orders,socket,1,all,chi_workload,KHONG-DOC,7,4,tai nguyen
SockShop,orders,socket,1,all,moi_cot,BARO,15,6,tai nguyen
SockShop,orders,socket,1,all,moi_cot,MEANSHIFT,15,6,tai nguyen
SockShop,orders,socket,1,all,moi_cot,KHONG-DOC,15,7,tai nguyen
SockShop,orders,socket,2,fault5,chi_cpu,BARO,5,1,tai nguyen
SockShop,orders,socket,2,fault5,chi_cpu,MEANSHIFT,5,1,tai nguyen
SockShop,orders,socket,2,fault5,chi_cpu,KHONG-DOC,5,3,tai nguyen
SockShop,orders,socket,2,fault5,chi_latency,BARO,5,1,tai nguyen
SockShop,orders,socket,2,fault5,chi_latency,MEANSHIFT,5,1,tai nguyen
SockShop,orders,socket,2,fault5,chi_latency,KHONG-DOC,5,3,tai nguyen
SockShop,orders,socket,2,fault5,chi_workload,BARO,5,5,tai nguyen
SockShop,orders,socket,2,fault5,chi_workload,MEANSHIFT,5,5,tai nguyen
SockShop,orders,socket,2,fault5,chi_workload,KHONG-DOC,5,3,tai nguyen
SockShop,orders,socket,2,fault5,moi_cot,BARO,5,1,tai nguyen
SockShop,orders,socket,2,fault5,moi_cot,MEANSHIFT,5,1,tai nguyen
SockShop,orders,socket,2,fault5,moi_cot,KHONG-DOC,5,3,tai nguyen
SockShop,orders,socket,2,app,chi_cpu,BARO,7,1,tai nguyen
SockShop,orders,socket,2,app,chi_cpu,MEANSHIFT,7,1,tai nguyen
SockShop,orders,socket,2,app,chi_cpu,KHONG-DOC,7,4,tai nguyen
SockShop,orders,socket,2,app,chi_latency,BARO,7,1,tai nguyen
SockShop,orders,socket,2,app,chi_latency,MEANSHIFT,7,1,tai nguyen
SockShop,orders,socket,2,app,chi_latency,KHONG-DOC,7,4,tai nguyen
SockShop,orders,socket,2,app,chi_workload,BARO,7,7,tai nguyen
SockShop,orders,socket,2,app,chi_workload,MEANSHIFT,7,6,tai nguyen
SockShop,orders,socket,2,app,chi_workload,KHONG-DOC,7,4,tai nguyen
SockShop,orders,socket,2,app,moi_cot,BARO,7,1,tai nguyen
SockShop,orders,socket,2,app,moi_cot,MEANSHIFT,7,1,tai nguyen
SockShop,orders,socket,2,app,moi_cot,KHONG-DOC,7,4,tai nguyen
SockShop,orders,socket,2,all,chi_cpu,BARO,15,1,tai nguyen
SockShop,orders,socket,2,all,chi_cpu,MEANSHIFT,15,1,tai nguyen
SockShop,orders,socket,2,all,chi_cpu,KHONG-DOC,15,7,tai nguyen
SockShop,orders,socket,2,all,chi_latency,BARO,7,1,tai nguyen
SockShop,orders,socket,2,all,chi_latency,MEANSHIFT,7,1,tai nguyen
SockShop,orders,socket,2,all,chi_latency,KHONG-DOC,7,4,tai nguyen
SockShop,orders,socket,2,all,chi_workload,BARO,7,7,tai nguyen
SockShop,orders,socket,2,all,chi_workload,MEANSHIFT,7,6,tai nguyen
SockShop,orders,socket,2,all,chi_workload,KHONG-DOC,7,4,tai nguyen
SockShop,orders,socket,2,all,moi_cot,BARO,15,2,tai nguyen
SockShop,orders,socket,2,all,moi_cot,MEANSHIFT,15,1,tai nguyen
SockShop,orders,socket,2,all,moi_cot,KHONG-DOC,15,7,tai nguyen
SockShop,orders,socket,3,fault5,chi_cpu,BARO,5,1,tai nguyen
SockShop,orders,socket,3,fault5,chi_cpu,MEANSHIFT,5,1,tai nguyen
SockShop,orders,socket,3,fault5,chi_cpu,KHONG-DOC,5,3,tai nguyen
SockShop,orders,socket,3,fault5,chi_latency,BARO,5,5,tai nguyen
SockShop,orders,socket,3,fault5,chi_latency,MEANSHIFT,5,1,tai nguyen
SockShop,orders,socket,3,fault5,chi_latency,KHONG-DOC,5,3,tai nguyen
SockShop,orders,socket,3,fault5,chi_workload,BARO,5,2,tai nguyen
SockShop,orders,socket,3,fault5,chi_workload,MEANSHIFT,5,3,tai nguyen
SockShop,orders,socket,3,fault5,chi_workload,KHONG-DOC,5,3,tai nguyen
SockShop,orders,socket,3,fault5,moi_cot,BARO,5,2,tai nguyen
SockShop,orders,socket,3,fault5,moi_cot,MEANSHIFT,5,1,tai nguyen
SockShop,orders,socket,3,fault5,moi_cot,KHONG-DOC,5,3,tai nguyen
SockShop,orders,socket,3,app,chi_cpu,BARO,7,1,tai nguyen
SockShop,orders,socket,3,app,chi_cpu,MEANSHIFT,7,1,tai nguyen
SockShop,orders,socket,3,app,chi_cpu,KHONG-DOC,7,4,tai nguyen
SockShop,orders,socket,3,app,chi_latency,BARO,7,7,tai nguyen
SockShop,orders,socket,3,app,chi_latency,MEANSHIFT,7,1,tai nguyen
SockShop,orders,socket,3,app,chi_latency,KHONG-DOC,7,4,tai nguyen
SockShop,orders,socket,3,app,chi_workload,BARO,7,2,tai nguyen
SockShop,orders,socket,3,app,chi_workload,MEANSHIFT,7,4,tai nguyen
SockShop,orders,socket,3,app,chi_workload,KHONG-DOC,7,4,tai nguyen
SockShop,orders,socket,3,app,moi_cot,BARO,7,2,tai nguyen
SockShop,orders,socket,3,app,moi_cot,MEANSHIFT,7,1,tai nguyen
SockShop,orders,socket,3,app,moi_cot,KHONG-DOC,7,4,tai nguyen
SockShop,orders,socket,3,all,chi_cpu,BARO,15,1,tai nguyen
SockShop,orders,socket,3,all,chi_cpu,MEANSHIFT,15,1,tai nguyen
SockShop,orders,socket,3,all,chi_cpu,KHONG-DOC,15,7,tai nguyen
SockShop,orders,socket,3,all,chi_latency,BARO,7,7,tai nguyen
SockShop,orders,socket,3,all,chi_latency,MEANSHIFT,7,1,tai nguyen
SockShop,orders,socket,3,all,chi_latency,KHONG-DOC,7,4,tai nguyen
SockShop,orders,socket,3,all,chi_workload,BARO,7,2,tai nguyen
SockShop,orders,socket,3,all,chi_workload,MEANSHIFT,7,4,tai nguyen
SockShop,orders,socket,3,all,chi_workload,KHONG-DOC,7,4,tai nguyen
SockShop,orders,socket,3,all,moi_cot,BARO,15,3,tai nguyen
SockShop,orders,socket,3,all,moi_cot,MEANSHIFT,15,1,tai nguyen
SockShop,orders,socket,3,all,moi_cot,KHONG-DOC,15,7,tai nguyen
SockShop,payment,cpu,1,fault5,chi_cpu,BARO,5,1,tai nguyen
SockShop,payment,cpu,1,fault5,chi_cpu,MEANSHIFT,5,1,tai nguyen
SockShop,payment,cpu,1,fault5,chi_cpu,KHONG-DOC,5,4,tai nguyen
SockShop,payment,cpu,1,fault5,chi_latency,BARO,5,2,tai nguyen
SockShop,payment,cpu,1,fault5,chi_latency,MEANSHIFT,5,2,tai nguyen
SockShop,payment,cpu,1,fault5,chi_latency,KHONG-DOC,5,4,tai nguyen
SockShop,payment,cpu,1,fault5,chi_workload,BARO,5,2,tai nguyen
SockShop,payment,cpu,1,fault5,chi_workload,MEANSHIFT,5,4,tai nguyen
SockShop,payment,cpu,1,fault5,chi_workload,KHONG-DOC,5,4,tai nguyen
SockShop,payment,cpu,1,fault5,moi_cot,BARO,5,1,tai nguyen
SockShop,payment,cpu,1,fault5,moi_cot,MEANSHIFT,5,1,tai nguyen
SockShop,payment,cpu,1,fault5,moi_cot,KHONG-DOC,5,4,tai nguyen
SockShop,payment,cpu,1,app,chi_cpu,BARO,7,1,tai nguyen
SockShop,payment,cpu,1,app,chi_cpu,MEANSHIFT,7,1,tai nguyen
SockShop,payment,cpu,1,app,chi_cpu,KHONG-DOC,7,5,tai nguyen
SockShop,payment,cpu,1,app,chi_latency,BARO,7,2,tai nguyen
SockShop,payment,cpu,1,app,chi_latency,MEANSHIFT,7,2,tai nguyen
SockShop,payment,cpu,1,app,chi_latency,KHONG-DOC,7,5,tai nguyen
SockShop,payment,cpu,1,app,chi_workload,BARO,7,2,tai nguyen
SockShop,payment,cpu,1,app,chi_workload,MEANSHIFT,7,4,tai nguyen
SockShop,payment,cpu,1,app,chi_workload,KHONG-DOC,7,5,tai nguyen
SockShop,payment,cpu,1,app,moi_cot,BARO,7,1,tai nguyen
SockShop,payment,cpu,1,app,moi_cot,MEANSHIFT,7,1,tai nguyen
SockShop,payment,cpu,1,app,moi_cot,KHONG-DOC,7,5,tai nguyen
SockShop,payment,cpu,1,all,chi_cpu,BARO,15,1,tai nguyen
SockShop,payment,cpu,1,all,chi_cpu,MEANSHIFT,15,1,tai nguyen
SockShop,payment,cpu,1,all,chi_cpu,KHONG-DOC,15,8,tai nguyen
SockShop,payment,cpu,1,all,chi_latency,BARO,7,2,tai nguyen
SockShop,payment,cpu,1,all,chi_latency,MEANSHIFT,7,2,tai nguyen
SockShop,payment,cpu,1,all,chi_latency,KHONG-DOC,7,5,tai nguyen
SockShop,payment,cpu,1,all,chi_workload,BARO,7,2,tai nguyen
SockShop,payment,cpu,1,all,chi_workload,MEANSHIFT,7,4,tai nguyen
SockShop,payment,cpu,1,all,chi_workload,KHONG-DOC,7,5,tai nguyen
SockShop,payment,cpu,1,all,moi_cot,BARO,15,2,tai nguyen
SockShop,payment,cpu,1,all,moi_cot,MEANSHIFT,15,1,tai nguyen
SockShop,payment,cpu,1,all,moi_cot,KHONG-DOC,15,8,tai nguyen
SockShop,payment,cpu,2,fault5,chi_cpu,BARO,5,1,tai nguyen
SockShop,payment,cpu,2,fault5,chi_cpu,MEANSHIFT,5,1,tai nguyen
SockShop,payment,cpu,2,fault5,chi_cpu,KHONG-DOC,5,4,tai nguyen
SockShop,payment,cpu,2,fault5,chi_latency,BARO,5,2,tai nguyen
SockShop,payment,cpu,2,fault5,chi_latency,MEANSHIFT,5,2,tai nguyen
SockShop,payment,cpu,2,fault5,chi_latency,KHONG-DOC,5,4,tai nguyen
SockShop,payment,cpu,2,fault5,chi_workload,BARO,5,3,tai nguyen
SockShop,payment,cpu,2,fault5,chi_workload,MEANSHIFT,5,4,tai nguyen
SockShop,payment,cpu,2,fault5,chi_workload,KHONG-DOC,5,4,tai nguyen
SockShop,payment,cpu,2,fault5,moi_cot,BARO,5,1,tai nguyen
SockShop,payment,cpu,2,fault5,moi_cot,MEANSHIFT,5,1,tai nguyen
SockShop,payment,cpu,2,fault5,moi_cot,KHONG-DOC,5,4,tai nguyen
SockShop,payment,cpu,2,app,chi_cpu,BARO,7,1,tai nguyen
SockShop,payment,cpu,2,app,chi_cpu,MEANSHIFT,7,1,tai nguyen
SockShop,payment,cpu,2,app,chi_cpu,KHONG-DOC,7,5,tai nguyen
SockShop,payment,cpu,2,app,chi_latency,BARO,7,2,tai nguyen
SockShop,payment,cpu,2,app,chi_latency,MEANSHIFT,7,2,tai nguyen
SockShop,payment,cpu,2,app,chi_latency,KHONG-DOC,7,5,tai nguyen
SockShop,payment,cpu,2,app,chi_workload,BARO,7,5,tai nguyen
SockShop,payment,cpu,2,app,chi_workload,MEANSHIFT,7,6,tai nguyen
SockShop,payment,cpu,2,app,chi_workload,KHONG-DOC,7,5,tai nguyen
SockShop,payment,cpu,2,app,moi_cot,BARO,7,1,tai nguyen
SockShop,payment,cpu,2,app,moi_cot,MEANSHIFT,7,1,tai nguyen
SockShop,payment,cpu,2,app,moi_cot,KHONG-DOC,7,5,tai nguyen
SockShop,payment,cpu,2,all,chi_cpu,BARO,15,1,tai nguyen
SockShop,payment,cpu,2,all,chi_cpu,MEANSHIFT,15,1,tai nguyen
SockShop,payment,cpu,2,all,chi_cpu,KHONG-DOC,15,8,tai nguyen
SockShop,payment,cpu,2,all,chi_latency,BARO,7,2,tai nguyen
SockShop,payment,cpu,2,all,chi_latency,MEANSHIFT,7,2,tai nguyen
SockShop,payment,cpu,2,all,chi_latency,KHONG-DOC,7,5,tai nguyen
SockShop,payment,cpu,2,all,chi_workload,BARO,7,5,tai nguyen
SockShop,payment,cpu,2,all,chi_workload,MEANSHIFT,7,6,tai nguyen
SockShop,payment,cpu,2,all,chi_workload,KHONG-DOC,7,5,tai nguyen
SockShop,payment,cpu,2,all,moi_cot,BARO,15,2,tai nguyen
SockShop,payment,cpu,2,all,moi_cot,MEANSHIFT,15,1,tai nguyen
SockShop,payment,cpu,2,all,moi_cot,KHONG-DOC,15,8,tai nguyen
SockShop,payment,cpu,3,fault5,chi_cpu,BARO,5,1,tai nguyen
SockShop,payment,cpu,3,fault5,chi_cpu,MEANSHIFT,5,1,tai nguyen
SockShop,payment,cpu,3,fault5,chi_cpu,KHONG-DOC,5,4,tai nguyen
SockShop,payment,cpu,3,fault5,chi_latency,BARO,5,2,tai nguyen
SockShop,payment,cpu,3,fault5,chi_latency,MEANSHIFT,5,2,tai nguyen
SockShop,payment,cpu,3,fault5,chi_latency,KHONG-DOC,5,4,tai nguyen
SockShop,payment,cpu,3,fault5,chi_workload,BARO,5,1,tai nguyen
SockShop,payment,cpu,3,fault5,chi_workload,MEANSHIFT,5,5,tai nguyen
SockShop,payment,cpu,3,fault5,chi_workload,KHONG-DOC,5,4,tai nguyen
SockShop,payment,cpu,3,fault5,moi_cot,BARO,5,1,tai nguyen
SockShop,payment,cpu,3,fault5,moi_cot,MEANSHIFT,5,1,tai nguyen
SockShop,payment,cpu,3,fault5,moi_cot,KHONG-DOC,5,4,tai nguyen
SockShop,payment,cpu,3,app,chi_cpu,BARO,7,1,tai nguyen
SockShop,payment,cpu,3,app,chi_cpu,MEANSHIFT,7,1,tai nguyen
SockShop,payment,cpu,3,app,chi_cpu,KHONG-DOC,7,5,tai nguyen
SockShop,payment,cpu,3,app,chi_latency,BARO,7,2,tai nguyen
SockShop,payment,cpu,3,app,chi_latency,MEANSHIFT,7,2,tai nguyen
SockShop,payment,cpu,3,app,chi_latency,KHONG-DOC,7,5,tai nguyen
SockShop,payment,cpu,3,app,chi_workload,BARO,7,1,tai nguyen
SockShop,payment,cpu,3,app,chi_workload,MEANSHIFT,7,7,tai nguyen
SockShop,payment,cpu,3,app,chi_workload,KHONG-DOC,7,5,tai nguyen
SockShop,payment,cpu,3,app,moi_cot,BARO,7,1,tai nguyen
SockShop,payment,cpu,3,app,moi_cot,MEANSHIFT,7,1,tai nguyen
SockShop,payment,cpu,3,app,moi_cot,KHONG-DOC,7,5,tai nguyen
SockShop,payment,cpu,3,all,chi_cpu,BARO,15,1,tai nguyen
SockShop,payment,cpu,3,all,chi_cpu,MEANSHIFT,15,1,tai nguyen
SockShop,payment,cpu,3,all,chi_cpu,KHONG-DOC,15,8,tai nguyen
SockShop,payment,cpu,3,all,chi_latency,BARO,7,2,tai nguyen
SockShop,payment,cpu,3,all,chi_latency,MEANSHIFT,7,2,tai nguyen
SockShop,payment,cpu,3,all,chi_latency,KHONG-DOC,7,5,tai nguyen
SockShop,payment,cpu,3,all,chi_workload,BARO,7,1,tai nguyen
SockShop,payment,cpu,3,all,chi_workload,MEANSHIFT,7,7,tai nguyen
SockShop,payment,cpu,3,all,chi_workload,KHONG-DOC,7,5,tai nguyen
SockShop,payment,cpu,3,all,moi_cot,BARO,15,2,tai nguyen
SockShop,payment,cpu,3,all,moi_cot,MEANSHIFT,15,1,tai nguyen
SockShop,payment,cpu,3,all,moi_cot,KHONG-DOC,15,8,tai nguyen
SockShop,payment,delay,1,fault5,chi_cpu,BARO,5,4,mang
SockShop,payment,delay,1,fault5,chi_cpu,MEANSHIFT,5,3,mang
SockShop,payment,delay,1,fault5,chi_cpu,KHONG-DOC,5,4,mang
SockShop,payment,delay,1,fault5,chi_latency,BARO,5,1,mang
SockShop,payment,delay,1,fault5,chi_latency,MEANSHIFT,5,1,mang
SockShop,payment,delay,1,fault5,chi_latency,KHONG-DOC,5,4,mang
SockShop,payment,delay,1,fault5,chi_workload,BARO,5,3,mang
SockShop,payment,delay,1,fault5,chi_workload,MEANSHIFT,5,2,mang
SockShop,payment,delay,1,fault5,chi_workload,KHONG-DOC,5,4,mang
SockShop,payment,delay,1,fault5,moi_cot,BARO,5,1,mang
SockShop,payment,delay,1,fault5,moi_cot,MEANSHIFT,5,1,mang
SockShop,payment,delay,1,fault5,moi_cot,KHONG-DOC,5,4,mang
SockShop,payment,delay,1,app,chi_cpu,BARO,7,6,mang
SockShop,payment,delay,1,app,chi_cpu,MEANSHIFT,7,4,mang
SockShop,payment,delay,1,app,chi_cpu,KHONG-DOC,7,5,mang
SockShop,payment,delay,1,app,chi_latency,BARO,7,1,mang
SockShop,payment,delay,1,app,chi_latency,MEANSHIFT,7,1,mang
SockShop,payment,delay,1,app,chi_latency,KHONG-DOC,7,5,mang
SockShop,payment,delay,1,app,chi_workload,BARO,7,5,mang
SockShop,payment,delay,1,app,chi_workload,MEANSHIFT,7,2,mang
SockShop,payment,delay,1,app,chi_workload,KHONG-DOC,7,5,mang
SockShop,payment,delay,1,app,moi_cot,BARO,7,1,mang
SockShop,payment,delay,1,app,moi_cot,MEANSHIFT,7,1,mang
SockShop,payment,delay,1,app,moi_cot,KHONG-DOC,7,5,mang
SockShop,payment,delay,1,all,chi_cpu,BARO,15,12,mang
SockShop,payment,delay,1,all,chi_cpu,MEANSHIFT,15,5,mang
SockShop,payment,delay,1,all,chi_cpu,KHONG-DOC,15,8,mang
SockShop,payment,delay,1,all,chi_latency,BARO,7,1,mang
SockShop,payment,delay,1,all,chi_latency,MEANSHIFT,7,1,mang
SockShop,payment,delay,1,all,chi_latency,KHONG-DOC,7,5,mang
SockShop,payment,delay,1,all,chi_workload,BARO,7,5,mang
SockShop,payment,delay,1,all,chi_workload,MEANSHIFT,7,2,mang
SockShop,payment,delay,1,all,chi_workload,KHONG-DOC,7,5,mang
SockShop,payment,delay,1,all,moi_cot,BARO,15,3,mang
SockShop,payment,delay,1,all,moi_cot,MEANSHIFT,15,1,mang
SockShop,payment,delay,1,all,moi_cot,KHONG-DOC,15,8,mang
SockShop,payment,delay,2,fault5,chi_cpu,BARO,5,3,mang
SockShop,payment,delay,2,fault5,chi_cpu,MEANSHIFT,5,2,mang
SockShop,payment,delay,2,fault5,chi_cpu,KHONG-DOC,5,4,mang
SockShop,payment,delay,2,fault5,chi_latency,BARO,5,1,mang
SockShop,payment,delay,2,fault5,chi_latency,MEANSHIFT,5,1,mang
SockShop,payment,delay,2,fault5,chi_latency,KHONG-DOC,5,4,mang
SockShop,payment,delay,2,fault5,chi_workload,BARO,5,4,mang
SockShop,payment,delay,2,fault5,chi_workload,MEANSHIFT,5,3,mang
SockShop,payment,delay,2,fault5,chi_workload,KHONG-DOC,5,4,mang
SockShop,payment,delay,2,fault5,moi_cot,BARO,5,1,mang
SockShop,payment,delay,2,fault5,moi_cot,MEANSHIFT,5,1,mang
SockShop,payment,delay,2,fault5,moi_cot,KHONG-DOC,5,4,mang
SockShop,payment,delay,2,app,chi_cpu,BARO,7,5,mang
SockShop,payment,delay,2,app,chi_cpu,MEANSHIFT,7,3,mang
SockShop,payment,delay,2,app,chi_cpu,KHONG-DOC,7,5,mang
SockShop,payment,delay,2,app,chi_latency,BARO,7,1,mang
SockShop,payment,delay,2,app,chi_latency,MEANSHIFT,7,1,mang
SockShop,payment,delay,2,app,chi_latency,KHONG-DOC,7,5,mang
SockShop,payment,delay,2,app,chi_workload,BARO,7,6,mang
SockShop,payment,delay,2,app,chi_workload,MEANSHIFT,7,3,mang
SockShop,payment,delay,2,app,chi_workload,KHONG-DOC,7,5,mang
SockShop,payment,delay,2,app,moi_cot,BARO,7,1,mang
SockShop,payment,delay,2,app,moi_cot,MEANSHIFT,7,1,mang
SockShop,payment,delay,2,app,moi_cot,KHONG-DOC,7,5,mang
SockShop,payment,delay,2,all,chi_cpu,BARO,15,11,mang
SockShop,payment,delay,2,all,chi_cpu,MEANSHIFT,15,6,mang
SockShop,payment,delay,2,all,chi_cpu,KHONG-DOC,15,8,mang
SockShop,payment,delay,2,all,chi_latency,BARO,7,1,mang
SockShop,payment,delay,2,all,chi_latency,MEANSHIFT,7,1,mang
SockShop,payment,delay,2,all,chi_latency,KHONG-DOC,7,5,mang
SockShop,payment,delay,2,all,chi_workload,BARO,7,6,mang
SockShop,payment,delay,2,all,chi_workload,MEANSHIFT,7,3,mang
SockShop,payment,delay,2,all,chi_workload,KHONG-DOC,7,5,mang
SockShop,payment,delay,2,all,moi_cot,BARO,15,2,mang
SockShop,payment,delay,2,all,moi_cot,MEANSHIFT,15,1,mang
SockShop,payment,delay,2,all,moi_cot,KHONG-DOC,15,8,mang
SockShop,payment,delay,3,fault5,chi_cpu,BARO,5,1,mang
SockShop,payment,delay,3,fault5,chi_cpu,MEANSHIFT,5,5,mang
SockShop,payment,delay,3,fault5,chi_cpu,KHONG-DOC,5,4,mang
SockShop,payment,delay,3,fault5,chi_latency,BARO,5,1,mang
SockShop,payment,delay,3,fault5,chi_latency,MEANSHIFT,5,1,mang
SockShop,payment,delay,3,fault5,chi_latency,KHONG-DOC,5,4,mang
SockShop,payment,delay,3,fault5,chi_workload,BARO,5,1,mang
SockShop,payment,delay,3,fault5,chi_workload,MEANSHIFT,5,4,mang
SockShop,payment,delay,3,fault5,chi_workload,KHONG-DOC,5,4,mang
SockShop,payment,delay,3,fault5,moi_cot,BARO,5,1,mang
SockShop,payment,delay,3,fault5,moi_cot,MEANSHIFT,5,1,mang
SockShop,payment,delay,3,fault5,moi_cot,KHONG-DOC,5,4,mang
SockShop,payment,delay,3,app,chi_cpu,BARO,7,1,mang
SockShop,payment,delay,3,app,chi_cpu,MEANSHIFT,7,7,mang
SockShop,payment,delay,3,app,chi_cpu,KHONG-DOC,7,5,mang
SockShop,payment,delay,3,app,chi_latency,BARO,7,1,mang
SockShop,payment,delay,3,app,chi_latency,MEANSHIFT,7,1,mang
SockShop,payment,delay,3,app,chi_latency,KHONG-DOC,7,5,mang
SockShop,payment,delay,3,app,chi_workload,BARO,7,1,mang
SockShop,payment,delay,3,app,chi_workload,MEANSHIFT,7,5,mang
SockShop,payment,delay,3,app,chi_workload,KHONG-DOC,7,5,mang
SockShop,payment,delay,3,app,moi_cot,BARO,7,1,mang
SockShop,payment,delay,3,app,moi_cot,MEANSHIFT,7,1,mang
SockShop,payment,delay,3,app,moi_cot,KHONG-DOC,7,5,mang
SockShop,payment,delay,3,all,chi_cpu,BARO,15,6,mang
SockShop,payment,delay,3,all,chi_cpu,MEANSHIFT,15,11,mang
SockShop,payment,delay,3,all,chi_cpu,KHONG-DOC,15,8,mang
SockShop,payment,delay,3,all,chi_latency,BARO,7,1,mang
SockShop,payment,delay,3,all,chi_latency,MEANSHIFT,7,1,mang
SockShop,payment,delay,3,all,chi_latency,KHONG-DOC,7,5,mang
SockShop,payment,delay,3,all,chi_workload,BARO,7,1,mang
SockShop,payment,delay,3,all,chi_workload,MEANSHIFT,7,5,mang
SockShop,payment,delay,3,all,chi_workload,KHONG-DOC,7,5,mang
SockShop,payment,delay,3,all,moi_cot,BARO,15,2,mang
SockShop,payment,delay,3,all,moi_cot,MEANSHIFT,15,1,mang
SockShop,payment,delay,3,all,moi_cot,KHONG-DOC,15,8,mang
SockShop,payment,disk,1,fault5,chi_cpu,BARO,5,1,tai nguyen
SockShop,payment,disk,1,fault5,chi_cpu,MEANSHIFT,5,1,tai nguyen
SockShop,payment,disk,1,fault5,chi_cpu,KHONG-DOC,5,4,tai nguyen
SockShop,payment,disk,1,fault5,chi_latency,BARO,5,1,tai nguyen
SockShop,payment,disk,1,fault5,chi_latency,MEANSHIFT,5,1,tai nguyen
SockShop,payment,disk,1,fault5,chi_latency,KHONG-DOC,5,4,tai nguyen
SockShop,payment,disk,1,fault5,chi_workload,BARO,5,3,tai nguyen
SockShop,payment,disk,1,fault5,chi_workload,MEANSHIFT,5,3,tai nguyen
SockShop,payment,disk,1,fault5,chi_workload,KHONG-DOC,5,4,tai nguyen
SockShop,payment,disk,1,fault5,moi_cot,BARO,5,1,tai nguyen
SockShop,payment,disk,1,fault5,moi_cot,MEANSHIFT,5,1,tai nguyen
SockShop,payment,disk,1,fault5,moi_cot,KHONG-DOC,5,4,tai nguyen
SockShop,payment,disk,1,app,chi_cpu,BARO,7,1,tai nguyen
SockShop,payment,disk,1,app,chi_cpu,MEANSHIFT,7,1,tai nguyen
SockShop,payment,disk,1,app,chi_cpu,KHONG-DOC,7,5,tai nguyen
SockShop,payment,disk,1,app,chi_latency,BARO,7,1,tai nguyen
SockShop,payment,disk,1,app,chi_latency,MEANSHIFT,7,1,tai nguyen
SockShop,payment,disk,1,app,chi_latency,KHONG-DOC,7,5,tai nguyen
SockShop,payment,disk,1,app,chi_workload,BARO,7,3,tai nguyen
SockShop,payment,disk,1,app,chi_workload,MEANSHIFT,7,5,tai nguyen
SockShop,payment,disk,1,app,chi_workload,KHONG-DOC,7,5,tai nguyen
SockShop,payment,disk,1,app,moi_cot,BARO,7,2,tai nguyen
SockShop,payment,disk,1,app,moi_cot,MEANSHIFT,7,1,tai nguyen
SockShop,payment,disk,1,app,moi_cot,KHONG-DOC,7,5,tai nguyen
SockShop,payment,disk,1,all,chi_cpu,BARO,15,1,tai nguyen
SockShop,payment,disk,1,all,chi_cpu,MEANSHIFT,15,1,tai nguyen
SockShop,payment,disk,1,all,chi_cpu,KHONG-DOC,15,8,tai nguyen
SockShop,payment,disk,1,all,chi_latency,BARO,7,1,tai nguyen
SockShop,payment,disk,1,all,chi_latency,MEANSHIFT,7,1,tai nguyen
SockShop,payment,disk,1,all,chi_latency,KHONG-DOC,7,5,tai nguyen
SockShop,payment,disk,1,all,chi_workload,BARO,7,3,tai nguyen
SockShop,payment,disk,1,all,chi_workload,MEANSHIFT,7,5,tai nguyen
SockShop,payment,disk,1,all,chi_workload,KHONG-DOC,7,5,tai nguyen
SockShop,payment,disk,1,all,moi_cot,BARO,15,4,tai nguyen
SockShop,payment,disk,1,all,moi_cot,MEANSHIFT,15,1,tai nguyen
SockShop,payment,disk,1,all,moi_cot,KHONG-DOC,15,8,tai nguyen
SockShop,payment,disk,2,fault5,chi_cpu,BARO,5,1,tai nguyen
SockShop,payment,disk,2,fault5,chi_cpu,MEANSHIFT,5,1,tai nguyen
SockShop,payment,disk,2,fault5,chi_cpu,KHONG-DOC,5,4,tai nguyen
SockShop,payment,disk,2,fault5,chi_latency,BARO,5,5,tai nguyen
SockShop,payment,disk,2,fault5,chi_latency,MEANSHIFT,5,5,tai nguyen
SockShop,payment,disk,2,fault5,chi_latency,KHONG-DOC,5,4,tai nguyen
SockShop,payment,disk,2,fault5,chi_workload,BARO,5,4,tai nguyen
SockShop,payment,disk,2,fault5,chi_workload,MEANSHIFT,5,5,tai nguyen
SockShop,payment,disk,2,fault5,chi_workload,KHONG-DOC,5,4,tai nguyen
SockShop,payment,disk,2,fault5,moi_cot,BARO,5,1,tai nguyen
SockShop,payment,disk,2,fault5,moi_cot,MEANSHIFT,5,1,tai nguyen
SockShop,payment,disk,2,fault5,moi_cot,KHONG-DOC,5,4,tai nguyen
SockShop,payment,disk,2,app,chi_cpu,BARO,7,1,tai nguyen
SockShop,payment,disk,2,app,chi_cpu,MEANSHIFT,7,1,tai nguyen
SockShop,payment,disk,2,app,chi_cpu,KHONG-DOC,7,5,tai nguyen
SockShop,payment,disk,2,app,chi_latency,BARO,7,6,tai nguyen
SockShop,payment,disk,2,app,chi_latency,MEANSHIFT,7,7,tai nguyen
SockShop,payment,disk,2,app,chi_latency,KHONG-DOC,7,5,tai nguyen
SockShop,payment,disk,2,app,chi_workload,BARO,7,6,tai nguyen
SockShop,payment,disk,2,app,chi_workload,MEANSHIFT,7,7,tai nguyen
SockShop,payment,disk,2,app,chi_workload,KHONG-DOC,7,5,tai nguyen
SockShop,payment,disk,2,app,moi_cot,BARO,7,1,tai nguyen
SockShop,payment,disk,2,app,moi_cot,MEANSHIFT,7,1,tai nguyen
SockShop,payment,disk,2,app,moi_cot,KHONG-DOC,7,5,tai nguyen
SockShop,payment,disk,2,all,chi_cpu,BARO,15,1,tai nguyen
SockShop,payment,disk,2,all,chi_cpu,MEANSHIFT,15,1,tai nguyen
SockShop,payment,disk,2,all,chi_cpu,KHONG-DOC,15,8,tai nguyen
SockShop,payment,disk,2,all,chi_latency,BARO,7,6,tai nguyen
SockShop,payment,disk,2,all,chi_latency,MEANSHIFT,7,7,tai nguyen
SockShop,payment,disk,2,all,chi_latency,KHONG-DOC,7,5,tai nguyen
SockShop,payment,disk,2,all,chi_workload,BARO,7,6,tai nguyen
SockShop,payment,disk,2,all,chi_workload,MEANSHIFT,7,7,tai nguyen
SockShop,payment,disk,2,all,chi_workload,KHONG-DOC,7,5,tai nguyen
SockShop,payment,disk,2,all,moi_cot,BARO,15,2,tai nguyen
SockShop,payment,disk,2,all,moi_cot,MEANSHIFT,15,1,tai nguyen
SockShop,payment,disk,2,all,moi_cot,KHONG-DOC,15,8,tai nguyen
SockShop,payment,disk,3,fault5,chi_cpu,BARO,5,1,tai nguyen
SockShop,payment,disk,3,fault5,chi_cpu,MEANSHIFT,5,1,tai nguyen
SockShop,payment,disk,3,fault5,chi_cpu,KHONG-DOC,5,4,tai nguyen
SockShop,payment,disk,3,fault5,chi_latency,BARO,5,5,tai nguyen
SockShop,payment,disk,3,fault5,chi_latency,MEANSHIFT,5,4,tai nguyen
SockShop,payment,disk,3,fault5,chi_latency,KHONG-DOC,5,4,tai nguyen
SockShop,payment,disk,3,fault5,chi_workload,BARO,5,1,tai nguyen
SockShop,payment,disk,3,fault5,chi_workload,MEANSHIFT,5,5,tai nguyen
SockShop,payment,disk,3,fault5,chi_workload,KHONG-DOC,5,4,tai nguyen
SockShop,payment,disk,3,fault5,moi_cot,BARO,5,1,tai nguyen
SockShop,payment,disk,3,fault5,moi_cot,MEANSHIFT,5,1,tai nguyen
SockShop,payment,disk,3,fault5,moi_cot,KHONG-DOC,5,4,tai nguyen
SockShop,payment,disk,3,app,chi_cpu,BARO,7,1,tai nguyen
SockShop,payment,disk,3,app,chi_cpu,MEANSHIFT,7,1,tai nguyen
SockShop,payment,disk,3,app,chi_cpu,KHONG-DOC,7,5,tai nguyen
SockShop,payment,disk,3,app,chi_latency,BARO,7,5,tai nguyen
SockShop,payment,disk,3,app,chi_latency,MEANSHIFT,7,4,tai nguyen
SockShop,payment,disk,3,app,chi_latency,KHONG-DOC,7,5,tai nguyen
SockShop,payment,disk,3,app,chi_workload,BARO,7,2,tai nguyen
SockShop,payment,disk,3,app,chi_workload,MEANSHIFT,7,7,tai nguyen
SockShop,payment,disk,3,app,chi_workload,KHONG-DOC,7,5,tai nguyen
SockShop,payment,disk,3,app,moi_cot,BARO,7,1,tai nguyen
SockShop,payment,disk,3,app,moi_cot,MEANSHIFT,7,1,tai nguyen
SockShop,payment,disk,3,app,moi_cot,KHONG-DOC,7,5,tai nguyen
SockShop,payment,disk,3,all,chi_cpu,BARO,15,1,tai nguyen
SockShop,payment,disk,3,all,chi_cpu,MEANSHIFT,15,1,tai nguyen
SockShop,payment,disk,3,all,chi_cpu,KHONG-DOC,15,8,tai nguyen
SockShop,payment,disk,3,all,chi_latency,BARO,7,5,tai nguyen
SockShop,payment,disk,3,all,chi_latency,MEANSHIFT,7,4,tai nguyen
SockShop,payment,disk,3,all,chi_latency,KHONG-DOC,7,5,tai nguyen
SockShop,payment,disk,3,all,chi_workload,BARO,7,2,tai nguyen
SockShop,payment,disk,3,all,chi_workload,MEANSHIFT,7,7,tai nguyen
SockShop,payment,disk,3,all,chi_workload,KHONG-DOC,7,5,tai nguyen
SockShop,payment,disk,3,all,moi_cot,BARO,15,1,tai nguyen
SockShop,payment,disk,3,all,moi_cot,MEANSHIFT,15,1,tai nguyen
SockShop,payment,disk,3,all,moi_cot,KHONG-DOC,15,8,tai nguyen
SockShop,payment,loss,1,fault5,chi_cpu,BARO,5,2,mang
SockShop,payment,loss,1,fault5,chi_cpu,MEANSHIFT,5,1,mang
SockShop,payment,loss,1,fault5,chi_cpu,KHONG-DOC,5,4,mang
SockShop,payment,loss,1,fault5,chi_latency,BARO,5,1,mang
SockShop,payment,loss,1,fault5,chi_latency,MEANSHIFT,5,1,mang
SockShop,payment,loss,1,fault5,chi_latency,KHONG-DOC,5,4,mang
SockShop,payment,loss,1,fault5,chi_workload,BARO,5,1,mang
SockShop,payment,loss,1,fault5,chi_workload,MEANSHIFT,5,1,mang
SockShop,payment,loss,1,fault5,chi_workload,KHONG-DOC,5,4,mang
SockShop,payment,loss,1,fault5,moi_cot,BARO,5,1,mang
SockShop,payment,loss,1,fault5,moi_cot,MEANSHIFT,5,1,mang
SockShop,payment,loss,1,fault5,moi_cot,KHONG-DOC,5,4,mang
SockShop,payment,loss,1,app,chi_cpu,BARO,7,2,mang
SockShop,payment,loss,1,app,chi_cpu,MEANSHIFT,7,1,mang
SockShop,payment,loss,1,app,chi_cpu,KHONG-DOC,7,5,mang
SockShop,payment,loss,1,app,chi_latency,BARO,7,1,mang
SockShop,payment,loss,1,app,chi_latency,MEANSHIFT,7,1,mang
SockShop,payment,loss,1,app,chi_latency,KHONG-DOC,7,5,mang
SockShop,payment,loss,1,app,chi_workload,BARO,7,1,mang
SockShop,payment,loss,1,app,chi_workload,MEANSHIFT,7,2,mang
SockShop,payment,loss,1,app,chi_workload,KHONG-DOC,7,5,mang
SockShop,payment,loss,1,app,moi_cot,BARO,7,1,mang
SockShop,payment,loss,1,app,moi_cot,MEANSHIFT,7,1,mang
SockShop,payment,loss,1,app,moi_cot,KHONG-DOC,7,5,mang
SockShop,payment,loss,1,all,chi_cpu,BARO,15,2,mang
SockShop,payment,loss,1,all,chi_cpu,MEANSHIFT,15,1,mang
SockShop,payment,loss,1,all,chi_cpu,KHONG-DOC,15,8,mang
SockShop,payment,loss,1,all,chi_latency,BARO,7,1,mang
SockShop,payment,loss,1,all,chi_latency,MEANSHIFT,7,1,mang
SockShop,payment,loss,1,all,chi_latency,KHONG-DOC,7,5,mang
SockShop,payment,loss,1,all,chi_workload,BARO,7,1,mang
SockShop,payment,loss,1,all,chi_workload,MEANSHIFT,7,2,mang
SockShop,payment,loss,1,all,chi_workload,KHONG-DOC,7,5,mang
SockShop,payment,loss,1,all,moi_cot,BARO,15,2,mang
SockShop,payment,loss,1,all,moi_cot,MEANSHIFT,15,1,mang
SockShop,payment,loss,1,all,moi_cot,KHONG-DOC,15,8,mang
SockShop,payment,loss,2,fault5,chi_cpu,BARO,5,2,mang
SockShop,payment,loss,2,fault5,chi_cpu,MEANSHIFT,5,1,mang
SockShop,payment,loss,2,fault5,chi_cpu,KHONG-DOC,5,4,mang
SockShop,payment,loss,2,fault5,chi_latency,BARO,5,1,mang
SockShop,payment,loss,2,fault5,chi_latency,MEANSHIFT,5,1,mang
SockShop,payment,loss,2,fault5,chi_latency,KHONG-DOC,5,4,mang
SockShop,payment,loss,2,fault5,chi_workload,BARO,5,1,mang
SockShop,payment,loss,2,fault5,chi_workload,MEANSHIFT,5,1,mang
SockShop,payment,loss,2,fault5,chi_workload,KHONG-DOC,5,4,mang
SockShop,payment,loss,2,fault5,moi_cot,BARO,5,1,mang
SockShop,payment,loss,2,fault5,moi_cot,MEANSHIFT,5,1,mang
SockShop,payment,loss,2,fault5,moi_cot,KHONG-DOC,5,4,mang
SockShop,payment,loss,2,app,chi_cpu,BARO,7,2,mang
SockShop,payment,loss,2,app,chi_cpu,MEANSHIFT,7,1,mang
SockShop,payment,loss,2,app,chi_cpu,KHONG-DOC,7,5,mang
SockShop,payment,loss,2,app,chi_latency,BARO,7,1,mang
SockShop,payment,loss,2,app,chi_latency,MEANSHIFT,7,1,mang
SockShop,payment,loss,2,app,chi_latency,KHONG-DOC,7,5,mang
SockShop,payment,loss,2,app,chi_workload,BARO,7,2,mang
SockShop,payment,loss,2,app,chi_workload,MEANSHIFT,7,1,mang
SockShop,payment,loss,2,app,chi_workload,KHONG-DOC,7,5,mang
SockShop,payment,loss,2,app,moi_cot,BARO,7,1,mang
SockShop,payment,loss,2,app,moi_cot,MEANSHIFT,7,1,mang
SockShop,payment,loss,2,app,moi_cot,KHONG-DOC,7,5,mang
SockShop,payment,loss,2,all,chi_cpu,BARO,15,4,mang
SockShop,payment,loss,2,all,chi_cpu,MEANSHIFT,15,2,mang
SockShop,payment,loss,2,all,chi_cpu,KHONG-DOC,15,8,mang
SockShop,payment,loss,2,all,chi_latency,BARO,7,1,mang
SockShop,payment,loss,2,all,chi_latency,MEANSHIFT,7,1,mang
SockShop,payment,loss,2,all,chi_latency,KHONG-DOC,7,5,mang
SockShop,payment,loss,2,all,chi_workload,BARO,7,2,mang
SockShop,payment,loss,2,all,chi_workload,MEANSHIFT,7,1,mang
SockShop,payment,loss,2,all,chi_workload,KHONG-DOC,7,5,mang
SockShop,payment,loss,2,all,moi_cot,BARO,15,2,mang
SockShop,payment,loss,2,all,moi_cot,MEANSHIFT,15,1,mang
SockShop,payment,loss,2,all,moi_cot,KHONG-DOC,15,8,mang
SockShop,payment,loss,3,fault5,chi_cpu,BARO,5,1,mang
SockShop,payment,loss,3,fault5,chi_cpu,MEANSHIFT,5,1,mang
SockShop,payment,loss,3,fault5,chi_cpu,KHONG-DOC,5,4,mang
SockShop,payment,loss,3,fault5,chi_latency,BARO,5,2,mang
SockShop,payment,loss,3,fault5,chi_latency,MEANSHIFT,5,2,mang
SockShop,payment,loss,3,fault5,chi_latency,KHONG-DOC,5,4,mang
SockShop,payment,loss,3,fault5,chi_workload,BARO,5,1,mang
SockShop,payment,loss,3,fault5,chi_workload,MEANSHIFT,5,1,mang
SockShop,payment,loss,3,fault5,chi_workload,KHONG-DOC,5,4,mang
SockShop,payment,loss,3,fault5,moi_cot,BARO,5,1,mang
SockShop,payment,loss,3,fault5,moi_cot,MEANSHIFT,5,1,mang
SockShop,payment,loss,3,fault5,moi_cot,KHONG-DOC,5,4,mang
SockShop,payment,loss,3,app,chi_cpu,BARO,7,1,mang
SockShop,payment,loss,3,app,chi_cpu,MEANSHIFT,7,1,mang
SockShop,payment,loss,3,app,chi_cpu,KHONG-DOC,7,5,mang
SockShop,payment,loss,3,app,chi_latency,BARO,7,3,mang
SockShop,payment,loss,3,app,chi_latency,MEANSHIFT,7,2,mang
SockShop,payment,loss,3,app,chi_latency,KHONG-DOC,7,5,mang
SockShop,payment,loss,3,app,chi_workload,BARO,7,2,mang
SockShop,payment,loss,3,app,chi_workload,MEANSHIFT,7,2,mang
SockShop,payment,loss,3,app,chi_workload,KHONG-DOC,7,5,mang
SockShop,payment,loss,3,app,moi_cot,BARO,7,1,mang
SockShop,payment,loss,3,app,moi_cot,MEANSHIFT,7,1,mang
SockShop,payment,loss,3,app,moi_cot,KHONG-DOC,7,5,mang
SockShop,payment,loss,3,all,chi_cpu,BARO,15,3,mang
SockShop,payment,loss,3,all,chi_cpu,MEANSHIFT,15,1,mang
SockShop,payment,loss,3,all,chi_cpu,KHONG-DOC,15,8,mang
SockShop,payment,loss,3,all,chi_latency,BARO,7,3,mang
SockShop,payment,loss,3,all,chi_latency,MEANSHIFT,7,2,mang
SockShop,payment,loss,3,all,chi_latency,KHONG-DOC,7,5,mang
SockShop,payment,loss,3,all,chi_workload,BARO,7,2,mang
SockShop,payment,loss,3,all,chi_workload,MEANSHIFT,7,2,mang
SockShop,payment,loss,3,all,chi_workload,KHONG-DOC,7,5,mang
SockShop,payment,loss,3,all,moi_cot,BARO,15,2,mang
SockShop,payment,loss,3,all,moi_cot,MEANSHIFT,15,1,mang
SockShop,payment,loss,3,all,moi_cot,KHONG-DOC,15,8,mang
SockShop,payment,mem,1,fault5,chi_cpu,BARO,5,1,tai nguyen
SockShop,payment,mem,1,fault5,chi_cpu,MEANSHIFT,5,1,tai nguyen
SockShop,payment,mem,1,fault5,chi_cpu,KHONG-DOC,5,4,tai nguyen
SockShop,payment,mem,1,fault5,chi_latency,BARO,5,1,tai nguyen
SockShop,payment,mem,1,fault5,chi_latency,MEANSHIFT,5,1,tai nguyen
SockShop,payment,mem,1,fault5,chi_latency,KHONG-DOC,5,4,tai nguyen
SockShop,payment,mem,1,fault5,chi_workload,BARO,5,3,tai nguyen
SockShop,payment,mem,1,fault5,chi_workload,MEANSHIFT,5,2,tai nguyen
SockShop,payment,mem,1,fault5,chi_workload,KHONG-DOC,5,4,tai nguyen
SockShop,payment,mem,1,fault5,moi_cot,BARO,5,1,tai nguyen
SockShop,payment,mem,1,fault5,moi_cot,MEANSHIFT,5,1,tai nguyen
SockShop,payment,mem,1,fault5,moi_cot,KHONG-DOC,5,4,tai nguyen
SockShop,payment,mem,1,app,chi_cpu,BARO,7,1,tai nguyen
SockShop,payment,mem,1,app,chi_cpu,MEANSHIFT,7,1,tai nguyen
SockShop,payment,mem,1,app,chi_cpu,KHONG-DOC,7,5,tai nguyen
SockShop,payment,mem,1,app,chi_latency,BARO,7,1,tai nguyen
SockShop,payment,mem,1,app,chi_latency,MEANSHIFT,7,1,tai nguyen
SockShop,payment,mem,1,app,chi_latency,KHONG-DOC,7,5,tai nguyen
SockShop,payment,mem,1,app,chi_workload,BARO,7,4,tai nguyen
SockShop,payment,mem,1,app,chi_workload,MEANSHIFT,7,3,tai nguyen
SockShop,payment,mem,1,app,chi_workload,KHONG-DOC,7,5,tai nguyen
SockShop,payment,mem,1,app,moi_cot,BARO,7,1,tai nguyen
SockShop,payment,mem,1,app,moi_cot,MEANSHIFT,7,1,tai nguyen
SockShop,payment,mem,1,app,moi_cot,KHONG-DOC,7,5,tai nguyen
SockShop,payment,mem,1,all,chi_cpu,BARO,15,1,tai nguyen
SockShop,payment,mem,1,all,chi_cpu,MEANSHIFT,15,1,tai nguyen
SockShop,payment,mem,1,all,chi_cpu,KHONG-DOC,15,8,tai nguyen
SockShop,payment,mem,1,all,chi_latency,BARO,7,1,tai nguyen
SockShop,payment,mem,1,all,chi_latency,MEANSHIFT,7,1,tai nguyen
SockShop,payment,mem,1,all,chi_latency,KHONG-DOC,7,5,tai nguyen
SockShop,payment,mem,1,all,chi_workload,BARO,7,4,tai nguyen
SockShop,payment,mem,1,all,chi_workload,MEANSHIFT,7,3,tai nguyen
SockShop,payment,mem,1,all,chi_workload,KHONG-DOC,7,5,tai nguyen
SockShop,payment,mem,1,all,moi_cot,BARO,15,2,tai nguyen
SockShop,payment,mem,1,all,moi_cot,MEANSHIFT,15,1,tai nguyen
SockShop,payment,mem,1,all,moi_cot,KHONG-DOC,15,8,tai nguyen
SockShop,payment,mem,2,fault5,chi_cpu,BARO,5,1,tai nguyen
SockShop,payment,mem,2,fault5,chi_cpu,MEANSHIFT,5,1,tai nguyen
SockShop,payment,mem,2,fault5,chi_cpu,KHONG-DOC,5,4,tai nguyen
SockShop,payment,mem,2,fault5,chi_latency,BARO,5,2,tai nguyen
SockShop,payment,mem,2,fault5,chi_latency,MEANSHIFT,5,2,tai nguyen
SockShop,payment,mem,2,fault5,chi_latency,KHONG-DOC,5,4,tai nguyen
SockShop,payment,mem,2,fault5,chi_workload,BARO,5,4,tai nguyen
SockShop,payment,mem,2,fault5,chi_workload,MEANSHIFT,5,4,tai nguyen
SockShop,payment,mem,2,fault5,chi_workload,KHONG-DOC,5,4,tai nguyen
SockShop,payment,mem,2,fault5,moi_cot,BARO,5,1,tai nguyen
SockShop,payment,mem,2,fault5,moi_cot,MEANSHIFT,5,1,tai nguyen
SockShop,payment,mem,2,fault5,moi_cot,KHONG-DOC,5,4,tai nguyen
SockShop,payment,mem,2,app,chi_cpu,BARO,7,1,tai nguyen
SockShop,payment,mem,2,app,chi_cpu,MEANSHIFT,7,1,tai nguyen
SockShop,payment,mem,2,app,chi_cpu,KHONG-DOC,7,5,tai nguyen
SockShop,payment,mem,2,app,chi_latency,BARO,7,2,tai nguyen
SockShop,payment,mem,2,app,chi_latency,MEANSHIFT,7,2,tai nguyen
SockShop,payment,mem,2,app,chi_latency,KHONG-DOC,7,5,tai nguyen
SockShop,payment,mem,2,app,chi_workload,BARO,7,5,tai nguyen
SockShop,payment,mem,2,app,chi_workload,MEANSHIFT,7,5,tai nguyen
SockShop,payment,mem,2,app,chi_workload,KHONG-DOC,7,5,tai nguyen
SockShop,payment,mem,2,app,moi_cot,BARO,7,1,tai nguyen
SockShop,payment,mem,2,app,moi_cot,MEANSHIFT,7,1,tai nguyen
SockShop,payment,mem,2,app,moi_cot,KHONG-DOC,7,5,tai nguyen
SockShop,payment,mem,2,all,chi_cpu,BARO,15,1,tai nguyen
SockShop,payment,mem,2,all,chi_cpu,MEANSHIFT,15,1,tai nguyen
SockShop,payment,mem,2,all,chi_cpu,KHONG-DOC,15,8,tai nguyen
SockShop,payment,mem,2,all,chi_latency,BARO,7,2,tai nguyen
SockShop,payment,mem,2,all,chi_latency,MEANSHIFT,7,2,tai nguyen
SockShop,payment,mem,2,all,chi_latency,KHONG-DOC,7,5,tai nguyen
SockShop,payment,mem,2,all,chi_workload,BARO,7,5,tai nguyen
SockShop,payment,mem,2,all,chi_workload,MEANSHIFT,7,5,tai nguyen
SockShop,payment,mem,2,all,chi_workload,KHONG-DOC,7,5,tai nguyen
SockShop,payment,mem,2,all,moi_cot,BARO,15,1,tai nguyen
SockShop,payment,mem,2,all,moi_cot,MEANSHIFT,15,1,tai nguyen
SockShop,payment,mem,2,all,moi_cot,KHONG-DOC,15,8,tai nguyen
SockShop,payment,mem,3,fault5,chi_cpu,BARO,5,1,tai nguyen
SockShop,payment,mem,3,fault5,chi_cpu,MEANSHIFT,5,1,tai nguyen
SockShop,payment,mem,3,fault5,chi_cpu,KHONG-DOC,5,4,tai nguyen
SockShop,payment,mem,3,fault5,chi_latency,BARO,5,2,tai nguyen
SockShop,payment,mem,3,fault5,chi_latency,MEANSHIFT,5,2,tai nguyen
SockShop,payment,mem,3,fault5,chi_latency,KHONG-DOC,5,4,tai nguyen
SockShop,payment,mem,3,fault5,chi_workload,BARO,5,1,tai nguyen
SockShop,payment,mem,3,fault5,chi_workload,MEANSHIFT,5,4,tai nguyen
SockShop,payment,mem,3,fault5,chi_workload,KHONG-DOC,5,4,tai nguyen
SockShop,payment,mem,3,fault5,moi_cot,BARO,5,1,tai nguyen
SockShop,payment,mem,3,fault5,moi_cot,MEANSHIFT,5,1,tai nguyen
SockShop,payment,mem,3,fault5,moi_cot,KHONG-DOC,5,4,tai nguyen
SockShop,payment,mem,3,app,chi_cpu,BARO,7,1,tai nguyen
SockShop,payment,mem,3,app,chi_cpu,MEANSHIFT,7,1,tai nguyen
SockShop,payment,mem,3,app,chi_cpu,KHONG-DOC,7,5,tai nguyen
SockShop,payment,mem,3,app,chi_latency,BARO,7,2,tai nguyen
SockShop,payment,mem,3,app,chi_latency,MEANSHIFT,7,2,tai nguyen
SockShop,payment,mem,3,app,chi_latency,KHONG-DOC,7,5,tai nguyen
SockShop,payment,mem,3,app,chi_workload,BARO,7,2,tai nguyen
SockShop,payment,mem,3,app,chi_workload,MEANSHIFT,7,6,tai nguyen
SockShop,payment,mem,3,app,chi_workload,KHONG-DOC,7,5,tai nguyen
SockShop,payment,mem,3,app,moi_cot,BARO,7,1,tai nguyen
SockShop,payment,mem,3,app,moi_cot,MEANSHIFT,7,1,tai nguyen
SockShop,payment,mem,3,app,moi_cot,KHONG-DOC,7,5,tai nguyen
SockShop,payment,mem,3,all,chi_cpu,BARO,15,1,tai nguyen
SockShop,payment,mem,3,all,chi_cpu,MEANSHIFT,15,1,tai nguyen
SockShop,payment,mem,3,all,chi_cpu,KHONG-DOC,15,8,tai nguyen
SockShop,payment,mem,3,all,chi_latency,BARO,7,2,tai nguyen
SockShop,payment,mem,3,all,chi_latency,MEANSHIFT,7,2,tai nguyen
SockShop,payment,mem,3,all,chi_latency,KHONG-DOC,7,5,tai nguyen
SockShop,payment,mem,3,all,chi_workload,BARO,7,2,tai nguyen
SockShop,payment,mem,3,all,chi_workload,MEANSHIFT,7,6,tai nguyen
SockShop,payment,mem,3,all,chi_workload,KHONG-DOC,7,5,tai nguyen
SockShop,payment,mem,3,all,moi_cot,BARO,15,1,tai nguyen
SockShop,payment,mem,3,all,moi_cot,MEANSHIFT,15,1,tai nguyen
SockShop,payment,mem,3,all,moi_cot,KHONG-DOC,15,8,tai nguyen
SockShop,payment,socket,1,fault5,chi_cpu,BARO,5,1,tai nguyen
SockShop,payment,socket,1,fault5,chi_cpu,MEANSHIFT,5,1,tai nguyen
SockShop,payment,socket,1,fault5,chi_cpu,KHONG-DOC,5,4,tai nguyen
SockShop,payment,socket,1,fault5,chi_latency,BARO,5,1,tai nguyen
SockShop,payment,socket,1,fault5,chi_latency,MEANSHIFT,5,1,tai nguyen
SockShop,payment,socket,1,fault5,chi_latency,KHONG-DOC,5,4,tai nguyen
SockShop,payment,socket,1,fault5,chi_workload,BARO,5,4,tai nguyen
SockShop,payment,socket,1,fault5,chi_workload,MEANSHIFT,5,4,tai nguyen
SockShop,payment,socket,1,fault5,chi_workload,KHONG-DOC,5,4,tai nguyen
SockShop,payment,socket,1,fault5,moi_cot,BARO,5,1,tai nguyen
SockShop,payment,socket,1,fault5,moi_cot,MEANSHIFT,5,1,tai nguyen
SockShop,payment,socket,1,fault5,moi_cot,KHONG-DOC,5,4,tai nguyen
SockShop,payment,socket,1,app,chi_cpu,BARO,7,1,tai nguyen
SockShop,payment,socket,1,app,chi_cpu,MEANSHIFT,7,1,tai nguyen
SockShop,payment,socket,1,app,chi_cpu,KHONG-DOC,7,5,tai nguyen
SockShop,payment,socket,1,app,chi_latency,BARO,7,1,tai nguyen
SockShop,payment,socket,1,app,chi_latency,MEANSHIFT,7,1,tai nguyen
SockShop,payment,socket,1,app,chi_latency,KHONG-DOC,7,5,tai nguyen
SockShop,payment,socket,1,app,chi_workload,BARO,7,5,tai nguyen
SockShop,payment,socket,1,app,chi_workload,MEANSHIFT,7,4,tai nguyen
SockShop,payment,socket,1,app,chi_workload,KHONG-DOC,7,5,tai nguyen
SockShop,payment,socket,1,app,moi_cot,BARO,7,2,tai nguyen
SockShop,payment,socket,1,app,moi_cot,MEANSHIFT,7,1,tai nguyen
SockShop,payment,socket,1,app,moi_cot,KHONG-DOC,7,5,tai nguyen
SockShop,payment,socket,1,all,chi_cpu,BARO,15,1,tai nguyen
SockShop,payment,socket,1,all,chi_cpu,MEANSHIFT,15,1,tai nguyen
SockShop,payment,socket,1,all,chi_cpu,KHONG-DOC,15,8,tai nguyen
SockShop,payment,socket,1,all,chi_latency,BARO,7,1,tai nguyen
SockShop,payment,socket,1,all,chi_latency,MEANSHIFT,7,1,tai nguyen
SockShop,payment,socket,1,all,chi_latency,KHONG-DOC,7,5,tai nguyen
SockShop,payment,socket,1,all,chi_workload,BARO,7,5,tai nguyen
SockShop,payment,socket,1,all,chi_workload,MEANSHIFT,7,4,tai nguyen
SockShop,payment,socket,1,all,chi_workload,KHONG-DOC,7,5,tai nguyen
SockShop,payment,socket,1,all,moi_cot,BARO,15,4,tai nguyen
SockShop,payment,socket,1,all,moi_cot,MEANSHIFT,15,1,tai nguyen
SockShop,payment,socket,1,all,moi_cot,KHONG-DOC,15,8,tai nguyen
SockShop,payment,socket,2,fault5,chi_cpu,BARO,5,1,tai nguyen
SockShop,payment,socket,2,fault5,chi_cpu,MEANSHIFT,5,1,tai nguyen
SockShop,payment,socket,2,fault5,chi_cpu,KHONG-DOC,5,4,tai nguyen
SockShop,payment,socket,2,fault5,chi_latency,BARO,5,1,tai nguyen
SockShop,payment,socket,2,fault5,chi_latency,MEANSHIFT,5,1,tai nguyen
SockShop,payment,socket,2,fault5,chi_latency,KHONG-DOC,5,4,tai nguyen
SockShop,payment,socket,2,fault5,chi_workload,BARO,5,3,tai nguyen
SockShop,payment,socket,2,fault5,chi_workload,MEANSHIFT,5,3,tai nguyen
SockShop,payment,socket,2,fault5,chi_workload,KHONG-DOC,5,4,tai nguyen
SockShop,payment,socket,2,fault5,moi_cot,BARO,5,1,tai nguyen
SockShop,payment,socket,2,fault5,moi_cot,MEANSHIFT,5,1,tai nguyen
SockShop,payment,socket,2,fault5,moi_cot,KHONG-DOC,5,4,tai nguyen
SockShop,payment,socket,2,app,chi_cpu,BARO,7,1,tai nguyen
SockShop,payment,socket,2,app,chi_cpu,MEANSHIFT,7,1,tai nguyen
SockShop,payment,socket,2,app,chi_cpu,KHONG-DOC,7,5,tai nguyen
SockShop,payment,socket,2,app,chi_latency,BARO,7,1,tai nguyen
SockShop,payment,socket,2,app,chi_latency,MEANSHIFT,7,1,tai nguyen
SockShop,payment,socket,2,app,chi_latency,KHONG-DOC,7,5,tai nguyen
SockShop,payment,socket,2,app,chi_workload,BARO,7,4,tai nguyen
SockShop,payment,socket,2,app,chi_workload,MEANSHIFT,7,4,tai nguyen
SockShop,payment,socket,2,app,chi_workload,KHONG-DOC,7,5,tai nguyen
SockShop,payment,socket,2,app,moi_cot,BARO,7,1,tai nguyen
SockShop,payment,socket,2,app,moi_cot,MEANSHIFT,7,1,tai nguyen
SockShop,payment,socket,2,app,moi_cot,KHONG-DOC,7,5,tai nguyen
SockShop,payment,socket,2,all,chi_cpu,BARO,15,1,tai nguyen
SockShop,payment,socket,2,all,chi_cpu,MEANSHIFT,15,1,tai nguyen
SockShop,payment,socket,2,all,chi_cpu,KHONG-DOC,15,8,tai nguyen
SockShop,payment,socket,2,all,chi_latency,BARO,7,1,tai nguyen
SockShop,payment,socket,2,all,chi_latency,MEANSHIFT,7,1,tai nguyen
SockShop,payment,socket,2,all,chi_latency,KHONG-DOC,7,5,tai nguyen
SockShop,payment,socket,2,all,chi_workload,BARO,7,4,tai nguyen
SockShop,payment,socket,2,all,chi_workload,MEANSHIFT,7,4,tai nguyen
SockShop,payment,socket,2,all,chi_workload,KHONG-DOC,7,5,tai nguyen
SockShop,payment,socket,2,all,moi_cot,BARO,15,2,tai nguyen
SockShop,payment,socket,2,all,moi_cot,MEANSHIFT,15,1,tai nguyen
SockShop,payment,socket,2,all,moi_cot,KHONG-DOC,15,8,tai nguyen
SockShop,payment,socket,3,fault5,chi_cpu,BARO,5,1,tai nguyen
SockShop,payment,socket,3,fault5,chi_cpu,MEANSHIFT,5,1,tai nguyen
SockShop,payment,socket,3,fault5,chi_cpu,KHONG-DOC,5,4,tai nguyen
SockShop,payment,socket,3,fault5,chi_latency,BARO,5,1,tai nguyen
SockShop,payment,socket,3,fault5,chi_latency,MEANSHIFT,5,1,tai nguyen
SockShop,payment,socket,3,fault5,chi_latency,KHONG-DOC,5,4,tai nguyen
SockShop,payment,socket,3,fault5,chi_workload,BARO,5,5,tai nguyen
SockShop,payment,socket,3,fault5,chi_workload,MEANSHIFT,5,5,tai nguyen
SockShop,payment,socket,3,fault5,chi_workload,KHONG-DOC,5,4,tai nguyen
SockShop,payment,socket,3,fault5,moi_cot,BARO,5,1,tai nguyen
SockShop,payment,socket,3,fault5,moi_cot,MEANSHIFT,5,1,tai nguyen
SockShop,payment,socket,3,fault5,moi_cot,KHONG-DOC,5,4,tai nguyen
SockShop,payment,socket,3,app,chi_cpu,BARO,7,1,tai nguyen
SockShop,payment,socket,3,app,chi_cpu,MEANSHIFT,7,1,tai nguyen
SockShop,payment,socket,3,app,chi_cpu,KHONG-DOC,7,5,tai nguyen
SockShop,payment,socket,3,app,chi_latency,BARO,7,1,tai nguyen
SockShop,payment,socket,3,app,chi_latency,MEANSHIFT,7,1,tai nguyen
SockShop,payment,socket,3,app,chi_latency,KHONG-DOC,7,5,tai nguyen
SockShop,payment,socket,3,app,chi_workload,BARO,7,6,tai nguyen
SockShop,payment,socket,3,app,chi_workload,MEANSHIFT,7,7,tai nguyen
SockShop,payment,socket,3,app,chi_workload,KHONG-DOC,7,5,tai nguyen
SockShop,payment,socket,3,app,moi_cot,BARO,7,1,tai nguyen
SockShop,payment,socket,3,app,moi_cot,MEANSHIFT,7,1,tai nguyen
SockShop,payment,socket,3,app,moi_cot,KHONG-DOC,7,5,tai nguyen
SockShop,payment,socket,3,all,chi_cpu,BARO,15,1,tai nguyen
SockShop,payment,socket,3,all,chi_cpu,MEANSHIFT,15,1,tai nguyen
SockShop,payment,socket,3,all,chi_cpu,KHONG-DOC,15,8,tai nguyen
SockShop,payment,socket,3,all,chi_latency,BARO,7,1,tai nguyen
SockShop,payment,socket,3,all,chi_latency,MEANSHIFT,7,1,tai nguyen
SockShop,payment,socket,3,all,chi_latency,KHONG-DOC,7,5,tai nguyen
SockShop,payment,socket,3,all,chi_workload,BARO,7,6,tai nguyen
SockShop,payment,socket,3,all,chi_workload,MEANSHIFT,7,7,tai nguyen
SockShop,payment,socket,3,all,chi_workload,KHONG-DOC,7,5,tai nguyen
SockShop,payment,socket,3,all,moi_cot,BARO,15,2,tai nguyen
SockShop,payment,socket,3,all,moi_cot,MEANSHIFT,15,1,tai nguyen
SockShop,payment,socket,3,all,moi_cot,KHONG-DOC,15,8,tai nguyen
SockShop,user,cpu,1,fault5,chi_cpu,BARO,5,1,tai nguyen
SockShop,user,cpu,1,fault5,chi_cpu,MEANSHIFT,5,1,tai nguyen
SockShop,user,cpu,1,fault5,chi_cpu,KHONG-DOC,5,5,tai nguyen
SockShop,user,cpu,1,fault5,chi_latency,BARO,5,1,tai nguyen
SockShop,user,cpu,1,fault5,chi_latency,MEANSHIFT,5,2,tai nguyen
SockShop,user,cpu,1,fault5,chi_latency,KHONG-DOC,5,5,tai nguyen
SockShop,user,cpu,1,fault5,chi_workload,BARO,5,4,tai nguyen
SockShop,user,cpu,1,fault5,chi_workload,MEANSHIFT,5,1,tai nguyen
SockShop,user,cpu,1,fault5,chi_workload,KHONG-DOC,5,5,tai nguyen
SockShop,user,cpu,1,fault5,moi_cot,BARO,5,1,tai nguyen
SockShop,user,cpu,1,fault5,moi_cot,MEANSHIFT,5,1,tai nguyen
SockShop,user,cpu,1,fault5,moi_cot,KHONG-DOC,5,5,tai nguyen
SockShop,user,cpu,1,app,chi_cpu,BARO,7,1,tai nguyen
SockShop,user,cpu,1,app,chi_cpu,MEANSHIFT,7,1,tai nguyen
SockShop,user,cpu,1,app,chi_cpu,KHONG-DOC,7,7,tai nguyen
SockShop,user,cpu,1,app,chi_latency,BARO,7,1,tai nguyen
SockShop,user,cpu,1,app,chi_latency,MEANSHIFT,7,2,tai nguyen
SockShop,user,cpu,1,app,chi_latency,KHONG-DOC,7,7,tai nguyen
SockShop,user,cpu,1,app,chi_workload,BARO,7,5,tai nguyen
SockShop,user,cpu,1,app,chi_workload,MEANSHIFT,7,1,tai nguyen
SockShop,user,cpu,1,app,chi_workload,KHONG-DOC,7,7,tai nguyen
SockShop,user,cpu,1,app,moi_cot,BARO,7,1,tai nguyen
SockShop,user,cpu,1,app,moi_cot,MEANSHIFT,7,1,tai nguyen
SockShop,user,cpu,1,app,moi_cot,KHONG-DOC,7,7,tai nguyen
SockShop,user,cpu,1,all,chi_cpu,BARO,15,1,tai nguyen
SockShop,user,cpu,1,all,chi_cpu,MEANSHIFT,15,1,tai nguyen
SockShop,user,cpu,1,all,chi_cpu,KHONG-DOC,15,15,tai nguyen
SockShop,user,cpu,1,all,chi_latency,BARO,7,1,tai nguyen
SockShop,user,cpu,1,all,chi_latency,MEANSHIFT,7,2,tai nguyen
SockShop,user,cpu,1,all,chi_latency,KHONG-DOC,7,7,tai nguyen
SockShop,user,cpu,1,all,chi_workload,BARO,7,5,tai nguyen
SockShop,user,cpu,1,all,chi_workload,MEANSHIFT,7,1,tai nguyen
SockShop,user,cpu,1,all,chi_workload,KHONG-DOC,7,7,tai nguyen
SockShop,user,cpu,1,all,moi_cot,BARO,15,3,tai nguyen
SockShop,user,cpu,1,all,moi_cot,MEANSHIFT,15,1,tai nguyen
SockShop,user,cpu,1,all,moi_cot,KHONG-DOC,15,15,tai nguyen
SockShop,user,cpu,2,fault5,chi_cpu,BARO,5,1,tai nguyen
SockShop,user,cpu,2,fault5,chi_cpu,MEANSHIFT,5,1,tai nguyen
SockShop,user,cpu,2,fault5,chi_cpu,KHONG-DOC,5,5,tai nguyen
SockShop,user,cpu,2,fault5,chi_latency,BARO,5,2,tai nguyen
SockShop,user,cpu,2,fault5,chi_latency,MEANSHIFT,5,2,tai nguyen
SockShop,user,cpu,2,fault5,chi_latency,KHONG-DOC,5,5,tai nguyen
SockShop,user,cpu,2,fault5,chi_workload,BARO,5,5,tai nguyen
SockShop,user,cpu,2,fault5,chi_workload,MEANSHIFT,5,1,tai nguyen
SockShop,user,cpu,2,fault5,chi_workload,KHONG-DOC,5,5,tai nguyen
SockShop,user,cpu,2,fault5,moi_cot,BARO,5,1,tai nguyen
SockShop,user,cpu,2,fault5,moi_cot,MEANSHIFT,5,1,tai nguyen
SockShop,user,cpu,2,fault5,moi_cot,KHONG-DOC,5,5,tai nguyen
SockShop,user,cpu,2,app,chi_cpu,BARO,7,1,tai nguyen
SockShop,user,cpu,2,app,chi_cpu,MEANSHIFT,7,1,tai nguyen
SockShop,user,cpu,2,app,chi_cpu,KHONG-DOC,7,7,tai nguyen
SockShop,user,cpu,2,app,chi_latency,BARO,7,2,tai nguyen
SockShop,user,cpu,2,app,chi_latency,MEANSHIFT,7,2,tai nguyen
SockShop,user,cpu,2,app,chi_latency,KHONG-DOC,7,7,tai nguyen
SockShop,user,cpu,2,app,chi_workload,BARO,7,7,tai nguyen
SockShop,user,cpu,2,app,chi_workload,MEANSHIFT,7,1,tai nguyen
SockShop,user,cpu,2,app,chi_workload,KHONG-DOC,7,7,tai nguyen
SockShop,user,cpu,2,app,moi_cot,BARO,7,1,tai nguyen
SockShop,user,cpu,2,app,moi_cot,MEANSHIFT,7,1,tai nguyen
SockShop,user,cpu,2,app,moi_cot,KHONG-DOC,7,7,tai nguyen
SockShop,user,cpu,2,all,chi_cpu,BARO,15,1,tai nguyen
SockShop,user,cpu,2,all,chi_cpu,MEANSHIFT,15,1,tai nguyen
SockShop,user,cpu,2,all,chi_cpu,KHONG-DOC,15,15,tai nguyen
SockShop,user,cpu,2,all,chi_latency,BARO,7,2,tai nguyen
SockShop,user,cpu,2,all,chi_latency,MEANSHIFT,7,2,tai nguyen
SockShop,user,cpu,2,all,chi_latency,KHONG-DOC,7,7,tai nguyen
SockShop,user,cpu,2,all,chi_workload,BARO,7,7,tai nguyen
SockShop,user,cpu,2,all,chi_workload,MEANSHIFT,7,1,tai nguyen
SockShop,user,cpu,2,all,chi_workload,KHONG-DOC,7,7,tai nguyen
SockShop,user,cpu,2,all,moi_cot,BARO,15,3,tai nguyen
SockShop,user,cpu,2,all,moi_cot,MEANSHIFT,15,1,tai nguyen
SockShop,user,cpu,2,all,moi_cot,KHONG-DOC,15,15,tai nguyen
SockShop,user,cpu,3,fault5,chi_cpu,BARO,5,1,tai nguyen
SockShop,user,cpu,3,fault5,chi_cpu,MEANSHIFT,5,1,tai nguyen
SockShop,user,cpu,3,fault5,chi_cpu,KHONG-DOC,5,5,tai nguyen
SockShop,user,cpu,3,fault5,chi_latency,BARO,5,2,tai nguyen
SockShop,user,cpu,3,fault5,chi_latency,MEANSHIFT,5,2,tai nguyen
SockShop,user,cpu,3,fault5,chi_latency,KHONG-DOC,5,5,tai nguyen
SockShop,user,cpu,3,fault5,chi_workload,BARO,5,5,tai nguyen
SockShop,user,cpu,3,fault5,chi_workload,MEANSHIFT,5,2,tai nguyen
SockShop,user,cpu,3,fault5,chi_workload,KHONG-DOC,5,5,tai nguyen
SockShop,user,cpu,3,fault5,moi_cot,BARO,5,1,tai nguyen
SockShop,user,cpu,3,fault5,moi_cot,MEANSHIFT,5,1,tai nguyen
SockShop,user,cpu,3,fault5,moi_cot,KHONG-DOC,5,5,tai nguyen
SockShop,user,cpu,3,app,chi_cpu,BARO,7,1,tai nguyen
SockShop,user,cpu,3,app,chi_cpu,MEANSHIFT,7,1,tai nguyen
SockShop,user,cpu,3,app,chi_cpu,KHONG-DOC,7,7,tai nguyen
SockShop,user,cpu,3,app,chi_latency,BARO,7,2,tai nguyen
SockShop,user,cpu,3,app,chi_latency,MEANSHIFT,7,2,tai nguyen
SockShop,user,cpu,3,app,chi_latency,KHONG-DOC,7,7,tai nguyen
SockShop,user,cpu,3,app,chi_workload,BARO,7,7,tai nguyen
SockShop,user,cpu,3,app,chi_workload,MEANSHIFT,7,3,tai nguyen
SockShop,user,cpu,3,app,chi_workload,KHONG-DOC,7,7,tai nguyen
SockShop,user,cpu,3,app,moi_cot,BARO,7,1,tai nguyen
SockShop,user,cpu,3,app,moi_cot,MEANSHIFT,7,1,tai nguyen
SockShop,user,cpu,3,app,moi_cot,KHONG-DOC,7,7,tai nguyen
SockShop,user,cpu,3,all,chi_cpu,BARO,15,1,tai nguyen
SockShop,user,cpu,3,all,chi_cpu,MEANSHIFT,15,1,tai nguyen
SockShop,user,cpu,3,all,chi_cpu,KHONG-DOC,15,15,tai nguyen
SockShop,user,cpu,3,all,chi_latency,BARO,7,2,tai nguyen
SockShop,user,cpu,3,all,chi_latency,MEANSHIFT,7,2,tai nguyen
SockShop,user,cpu,3,all,chi_latency,KHONG-DOC,7,7,tai nguyen
SockShop,user,cpu,3,all,chi_workload,BARO,7,7,tai nguyen
SockShop,user,cpu,3,all,chi_workload,MEANSHIFT,7,3,tai nguyen
SockShop,user,cpu,3,all,chi_workload,KHONG-DOC,7,7,tai nguyen
SockShop,user,cpu,3,all,moi_cot,BARO,15,3,tai nguyen
SockShop,user,cpu,3,all,moi_cot,MEANSHIFT,15,1,tai nguyen
SockShop,user,cpu,3,all,moi_cot,KHONG-DOC,15,15,tai nguyen
SockShop,user,delay,1,fault5,chi_cpu,BARO,5,5,mang
SockShop,user,delay,1,fault5,chi_cpu,MEANSHIFT,5,1,mang
SockShop,user,delay,1,fault5,chi_cpu,KHONG-DOC,5,5,mang
SockShop,user,delay,1,fault5,chi_latency,BARO,5,1,mang
SockShop,user,delay,1,fault5,chi_latency,MEANSHIFT,5,1,mang
SockShop,user,delay,1,fault5,chi_latency,KHONG-DOC,5,5,mang
SockShop,user,delay,1,fault5,chi_workload,BARO,5,1,mang
SockShop,user,delay,1,fault5,chi_workload,MEANSHIFT,5,2,mang
SockShop,user,delay,1,fault5,chi_workload,KHONG-DOC,5,5,mang
SockShop,user,delay,1,fault5,moi_cot,BARO,5,1,mang
SockShop,user,delay,1,fault5,moi_cot,MEANSHIFT,5,1,mang
SockShop,user,delay,1,fault5,moi_cot,KHONG-DOC,5,5,mang
SockShop,user,delay,1,app,chi_cpu,BARO,7,7,mang
SockShop,user,delay,1,app,chi_cpu,MEANSHIFT,7,1,mang
SockShop,user,delay,1,app,chi_cpu,KHONG-DOC,7,7,mang
SockShop,user,delay,1,app,chi_latency,BARO,7,1,mang
SockShop,user,delay,1,app,chi_latency,MEANSHIFT,7,1,mang
SockShop,user,delay,1,app,chi_latency,KHONG-DOC,7,7,mang
SockShop,user,delay,1,app,chi_workload,BARO,7,1,mang
SockShop,user,delay,1,app,chi_workload,MEANSHIFT,7,3,mang
SockShop,user,delay,1,app,chi_workload,KHONG-DOC,7,7,mang
SockShop,user,delay,1,app,moi_cot,BARO,7,1,mang
SockShop,user,delay,1,app,moi_cot,MEANSHIFT,7,1,mang
SockShop,user,delay,1,app,moi_cot,KHONG-DOC,7,7,mang
SockShop,user,delay,1,all,chi_cpu,BARO,15,14,mang
SockShop,user,delay,1,all,chi_cpu,MEANSHIFT,15,1,mang
SockShop,user,delay,1,all,chi_cpu,KHONG-DOC,15,15,mang
SockShop,user,delay,1,all,chi_latency,BARO,7,1,mang
SockShop,user,delay,1,all,chi_latency,MEANSHIFT,7,1,mang
SockShop,user,delay,1,all,chi_latency,KHONG-DOC,7,7,mang
SockShop,user,delay,1,all,chi_workload,BARO,7,1,mang
SockShop,user,delay,1,all,chi_workload,MEANSHIFT,7,3,mang
SockShop,user,delay,1,all,chi_workload,KHONG-DOC,7,7,mang
SockShop,user,delay,1,all,moi_cot,BARO,15,3,mang
SockShop,user,delay,1,all,moi_cot,MEANSHIFT,15,1,mang
SockShop,user,delay,1,all,moi_cot,KHONG-DOC,15,15,mang
SockShop,user,delay,2,fault5,chi_cpu,BARO,5,3,mang
SockShop,user,delay,2,fault5,chi_cpu,MEANSHIFT,5,3,mang
SockShop,user,delay,2,fault5,chi_cpu,KHONG-DOC,5,5,mang
SockShop,user,delay,2,fault5,chi_latency,BARO,5,1,mang
SockShop,user,delay,2,fault5,chi_latency,MEANSHIFT,5,1,mang
SockShop,user,delay,2,fault5,chi_latency,KHONG-DOC,5,5,mang
SockShop,user,delay,2,fault5,chi_workload,BARO,5,4,mang
SockShop,user,delay,2,fault5,chi_workload,MEANSHIFT,5,3,mang
SockShop,user,delay,2,fault5,chi_workload,KHONG-DOC,5,5,mang
SockShop,user,delay,2,fault5,moi_cot,BARO,5,1,mang
SockShop,user,delay,2,fault5,moi_cot,MEANSHIFT,5,1,mang
SockShop,user,delay,2,fault5,moi_cot,KHONG-DOC,5,5,mang
SockShop,user,delay,2,app,chi_cpu,BARO,7,5,mang
SockShop,user,delay,2,app,chi_cpu,MEANSHIFT,7,4,mang
SockShop,user,delay,2,app,chi_cpu,KHONG-DOC,7,7,mang
SockShop,user,delay,2,app,chi_latency,BARO,7,1,mang
SockShop,user,delay,2,app,chi_latency,MEANSHIFT,7,1,mang
SockShop,user,delay,2,app,chi_latency,KHONG-DOC,7,7,mang
SockShop,user,delay,2,app,chi_workload,BARO,7,6,mang
SockShop,user,delay,2,app,chi_workload,MEANSHIFT,7,4,mang
SockShop,user,delay,2,app,chi_workload,KHONG-DOC,7,7,mang
SockShop,user,delay,2,app,moi_cot,BARO,7,1,mang
SockShop,user,delay,2,app,moi_cot,MEANSHIFT,7,1,mang
SockShop,user,delay,2,app,moi_cot,KHONG-DOC,7,7,mang
SockShop,user,delay,2,all,chi_cpu,BARO,15,11,mang
SockShop,user,delay,2,all,chi_cpu,MEANSHIFT,15,6,mang
SockShop,user,delay,2,all,chi_cpu,KHONG-DOC,15,15,mang
SockShop,user,delay,2,all,chi_latency,BARO,7,1,mang
SockShop,user,delay,2,all,chi_latency,MEANSHIFT,7,1,mang
SockShop,user,delay,2,all,chi_latency,KHONG-DOC,7,7,mang
SockShop,user,delay,2,all,chi_workload,BARO,7,6,mang
SockShop,user,delay,2,all,chi_workload,MEANSHIFT,7,4,mang
SockShop,user,delay,2,all,chi_workload,KHONG-DOC,7,7,mang
SockShop,user,delay,2,all,moi_cot,BARO,15,2,mang
SockShop,user,delay,2,all,moi_cot,MEANSHIFT,15,1,mang
SockShop,user,delay,2,all,moi_cot,KHONG-DOC,15,15,mang
SockShop,user,delay,3,fault5,chi_cpu,BARO,5,1,mang
SockShop,user,delay,3,fault5,chi_cpu,MEANSHIFT,5,3,mang
SockShop,user,delay,3,fault5,chi_cpu,KHONG-DOC,5,5,mang
SockShop,user,delay,3,fault5,chi_latency,BARO,5,1,mang
SockShop,user,delay,3,fault5,chi_latency,MEANSHIFT,5,1,mang
SockShop,user,delay,3,fault5,chi_latency,KHONG-DOC,5,5,mang
SockShop,user,delay,3,fault5,chi_workload,BARO,5,1,mang
SockShop,user,delay,3,fault5,chi_workload,MEANSHIFT,5,3,mang
SockShop,user,delay,3,fault5,chi_workload,KHONG-DOC,5,5,mang
SockShop,user,delay,3,fault5,moi_cot,BARO,5,1,mang
SockShop,user,delay,3,fault5,moi_cot,MEANSHIFT,5,1,mang
SockShop,user,delay,3,fault5,moi_cot,KHONG-DOC,5,5,mang
SockShop,user,delay,3,app,chi_cpu,BARO,7,3,mang
SockShop,user,delay,3,app,chi_cpu,MEANSHIFT,7,4,mang
SockShop,user,delay,3,app,chi_cpu,KHONG-DOC,7,7,mang
SockShop,user,delay,3,app,chi_latency,BARO,7,1,mang
SockShop,user,delay,3,app,chi_latency,MEANSHIFT,7,1,mang
SockShop,user,delay,3,app,chi_latency,KHONG-DOC,7,7,mang
SockShop,user,delay,3,app,chi_workload,BARO,7,1,mang
SockShop,user,delay,3,app,chi_workload,MEANSHIFT,7,4,mang
SockShop,user,delay,3,app,chi_workload,KHONG-DOC,7,7,mang
SockShop,user,delay,3,app,moi_cot,BARO,7,1,mang
SockShop,user,delay,3,app,moi_cot,MEANSHIFT,7,1,mang
SockShop,user,delay,3,app,moi_cot,KHONG-DOC,7,7,mang
SockShop,user,delay,3,all,chi_cpu,BARO,15,8,mang
SockShop,user,delay,3,all,chi_cpu,MEANSHIFT,15,5,mang
SockShop,user,delay,3,all,chi_cpu,KHONG-DOC,15,15,mang
SockShop,user,delay,3,all,chi_latency,BARO,7,1,mang
SockShop,user,delay,3,all,chi_latency,MEANSHIFT,7,1,mang
SockShop,user,delay,3,all,chi_latency,KHONG-DOC,7,7,mang
SockShop,user,delay,3,all,chi_workload,BARO,7,1,mang
SockShop,user,delay,3,all,chi_workload,MEANSHIFT,7,4,mang
SockShop,user,delay,3,all,chi_workload,KHONG-DOC,7,7,mang
SockShop,user,delay,3,all,moi_cot,BARO,15,2,mang
SockShop,user,delay,3,all,moi_cot,MEANSHIFT,15,1,mang
SockShop,user,delay,3,all,moi_cot,KHONG-DOC,15,15,mang
SockShop,user,disk,1,fault5,chi_cpu,BARO,5,1,tai nguyen
SockShop,user,disk,1,fault5,chi_cpu,MEANSHIFT,5,1,tai nguyen
SockShop,user,disk,1,fault5,chi_cpu,KHONG-DOC,5,5,tai nguyen
SockShop,user,disk,1,fault5,chi_latency,BARO,5,1,tai nguyen
SockShop,user,disk,1,fault5,chi_latency,MEANSHIFT,5,1,tai nguyen
SockShop,user,disk,1,fault5,chi_latency,KHONG-DOC,5,5,tai nguyen
SockShop,user,disk,1,fault5,chi_workload,BARO,5,3,tai nguyen
SockShop,user,disk,1,fault5,chi_workload,MEANSHIFT,5,1,tai nguyen
SockShop,user,disk,1,fault5,chi_workload,KHONG-DOC,5,5,tai nguyen
SockShop,user,disk,1,fault5,moi_cot,BARO,5,1,tai nguyen
SockShop,user,disk,1,fault5,moi_cot,MEANSHIFT,5,1,tai nguyen
SockShop,user,disk,1,fault5,moi_cot,KHONG-DOC,5,5,tai nguyen
SockShop,user,disk,1,app,chi_cpu,BARO,7,1,tai nguyen
SockShop,user,disk,1,app,chi_cpu,MEANSHIFT,7,1,tai nguyen
SockShop,user,disk,1,app,chi_cpu,KHONG-DOC,7,7,tai nguyen
SockShop,user,disk,1,app,chi_latency,BARO,7,1,tai nguyen
SockShop,user,disk,1,app,chi_latency,MEANSHIFT,7,1,tai nguyen
SockShop,user,disk,1,app,chi_latency,KHONG-DOC,7,7,tai nguyen
SockShop,user,disk,1,app,chi_workload,BARO,7,4,tai nguyen
SockShop,user,disk,1,app,chi_workload,MEANSHIFT,7,1,tai nguyen
SockShop,user,disk,1,app,chi_workload,KHONG-DOC,7,7,tai nguyen
SockShop,user,disk,1,app,moi_cot,BARO,7,2,tai nguyen
SockShop,user,disk,1,app,moi_cot,MEANSHIFT,7,1,tai nguyen
SockShop,user,disk,1,app,moi_cot,KHONG-DOC,7,7,tai nguyen
SockShop,user,disk,1,all,chi_cpu,BARO,15,1,tai nguyen
SockShop,user,disk,1,all,chi_cpu,MEANSHIFT,15,1,tai nguyen
SockShop,user,disk,1,all,chi_cpu,KHONG-DOC,15,15,tai nguyen
SockShop,user,disk,1,all,chi_latency,BARO,7,1,tai nguyen
SockShop,user,disk,1,all,chi_latency,MEANSHIFT,7,1,tai nguyen
SockShop,user,disk,1,all,chi_latency,KHONG-DOC,7,7,tai nguyen
SockShop,user,disk,1,all,chi_workload,BARO,7,4,tai nguyen
SockShop,user,disk,1,all,chi_workload,MEANSHIFT,7,1,tai nguyen
SockShop,user,disk,1,all,chi_workload,KHONG-DOC,7,7,tai nguyen
SockShop,user,disk,1,all,moi_cot,BARO,15,4,tai nguyen
SockShop,user,disk,1,all,moi_cot,MEANSHIFT,15,1,tai nguyen
SockShop,user,disk,1,all,moi_cot,KHONG-DOC,15,15,tai nguyen
SockShop,user,disk,2,fault5,chi_cpu,BARO,5,1,tai nguyen
SockShop,user,disk,2,fault5,chi_cpu,MEANSHIFT,5,1,tai nguyen
SockShop,user,disk,2,fault5,chi_cpu,KHONG-DOC,5,5,tai nguyen
SockShop,user,disk,2,fault5,chi_latency,BARO,5,2,tai nguyen
SockShop,user,disk,2,fault5,chi_latency,MEANSHIFT,5,1,tai nguyen
SockShop,user,disk,2,fault5,chi_latency,KHONG-DOC,5,5,tai nguyen
SockShop,user,disk,2,fault5,chi_workload,BARO,5,3,tai nguyen
SockShop,user,disk,2,fault5,chi_workload,MEANSHIFT,5,2,tai nguyen
SockShop,user,disk,2,fault5,chi_workload,KHONG-DOC,5,5,tai nguyen
SockShop,user,disk,2,fault5,moi_cot,BARO,5,1,tai nguyen
SockShop,user,disk,2,fault5,moi_cot,MEANSHIFT,5,1,tai nguyen
SockShop,user,disk,2,fault5,moi_cot,KHONG-DOC,5,5,tai nguyen
SockShop,user,disk,2,app,chi_cpu,BARO,7,1,tai nguyen
SockShop,user,disk,2,app,chi_cpu,MEANSHIFT,7,1,tai nguyen
SockShop,user,disk,2,app,chi_cpu,KHONG-DOC,7,7,tai nguyen
SockShop,user,disk,2,app,chi_latency,BARO,7,2,tai nguyen
SockShop,user,disk,2,app,chi_latency,MEANSHIFT,7,1,tai nguyen
SockShop,user,disk,2,app,chi_latency,KHONG-DOC,7,7,tai nguyen
SockShop,user,disk,2,app,chi_workload,BARO,7,3,tai nguyen
SockShop,user,disk,2,app,chi_workload,MEANSHIFT,7,2,tai nguyen
SockShop,user,disk,2,app,chi_workload,KHONG-DOC,7,7,tai nguyen
SockShop,user,disk,2,app,moi_cot,BARO,7,1,tai nguyen
SockShop,user,disk,2,app,moi_cot,MEANSHIFT,7,1,tai nguyen
SockShop,user,disk,2,app,moi_cot,KHONG-DOC,7,7,tai nguyen
SockShop,user,disk,2,all,chi_cpu,BARO,15,1,tai nguyen
SockShop,user,disk,2,all,chi_cpu,MEANSHIFT,15,1,tai nguyen
SockShop,user,disk,2,all,chi_cpu,KHONG-DOC,15,15,tai nguyen
SockShop,user,disk,2,all,chi_latency,BARO,7,2,tai nguyen
SockShop,user,disk,2,all,chi_latency,MEANSHIFT,7,1,tai nguyen
SockShop,user,disk,2,all,chi_latency,KHONG-DOC,7,7,tai nguyen
SockShop,user,disk,2,all,chi_workload,BARO,7,3,tai nguyen
SockShop,user,disk,2,all,chi_workload,MEANSHIFT,7,2,tai nguyen
SockShop,user,disk,2,all,chi_workload,KHONG-DOC,7,7,tai nguyen
SockShop,user,disk,2,all,moi_cot,BARO,15,1,tai nguyen
SockShop,user,disk,2,all,moi_cot,MEANSHIFT,15,1,tai nguyen
SockShop,user,disk,2,all,moi_cot,KHONG-DOC,15,15,tai nguyen
SockShop,user,disk,3,fault5,chi_cpu,BARO,5,1,tai nguyen
SockShop,user,disk,3,fault5,chi_cpu,MEANSHIFT,5,1,tai nguyen
SockShop,user,disk,3,fault5,chi_cpu,KHONG-DOC,5,5,tai nguyen
SockShop,user,disk,3,fault5,chi_latency,BARO,5,2,tai nguyen
SockShop,user,disk,3,fault5,chi_latency,MEANSHIFT,5,1,tai nguyen
SockShop,user,disk,3,fault5,chi_latency,KHONG-DOC,5,5,tai nguyen
SockShop,user,disk,3,fault5,chi_workload,BARO,5,2,tai nguyen
SockShop,user,disk,3,fault5,chi_workload,MEANSHIFT,5,2,tai nguyen
SockShop,user,disk,3,fault5,chi_workload,KHONG-DOC,5,5,tai nguyen
SockShop,user,disk,3,fault5,moi_cot,BARO,5,1,tai nguyen
SockShop,user,disk,3,fault5,moi_cot,MEANSHIFT,5,1,tai nguyen
SockShop,user,disk,3,fault5,moi_cot,KHONG-DOC,5,5,tai nguyen
SockShop,user,disk,3,app,chi_cpu,BARO,7,1,tai nguyen
SockShop,user,disk,3,app,chi_cpu,MEANSHIFT,7,1,tai nguyen
SockShop,user,disk,3,app,chi_cpu,KHONG-DOC,7,7,tai nguyen
SockShop,user,disk,3,app,chi_latency,BARO,7,2,tai nguyen
SockShop,user,disk,3,app,chi_latency,MEANSHIFT,7,1,tai nguyen
SockShop,user,disk,3,app,chi_latency,KHONG-DOC,7,7,tai nguyen
SockShop,user,disk,3,app,chi_workload,BARO,7,3,tai nguyen
SockShop,user,disk,3,app,chi_workload,MEANSHIFT,7,3,tai nguyen
SockShop,user,disk,3,app,chi_workload,KHONG-DOC,7,7,tai nguyen
SockShop,user,disk,3,app,moi_cot,BARO,7,1,tai nguyen
SockShop,user,disk,3,app,moi_cot,MEANSHIFT,7,1,tai nguyen
SockShop,user,disk,3,app,moi_cot,KHONG-DOC,7,7,tai nguyen
SockShop,user,disk,3,all,chi_cpu,BARO,15,1,tai nguyen
SockShop,user,disk,3,all,chi_cpu,MEANSHIFT,15,1,tai nguyen
SockShop,user,disk,3,all,chi_cpu,KHONG-DOC,15,15,tai nguyen
SockShop,user,disk,3,all,chi_latency,BARO,7,2,tai nguyen
SockShop,user,disk,3,all,chi_latency,MEANSHIFT,7,1,tai nguyen
SockShop,user,disk,3,all,chi_latency,KHONG-DOC,7,7,tai nguyen
SockShop,user,disk,3,all,chi_workload,BARO,7,3,tai nguyen
SockShop,user,disk,3,all,chi_workload,MEANSHIFT,7,3,tai nguyen
SockShop,user,disk,3,all,chi_workload,KHONG-DOC,7,7,tai nguyen
SockShop,user,disk,3,all,moi_cot,BARO,15,1,tai nguyen
SockShop,user,disk,3,all,moi_cot,MEANSHIFT,15,1,tai nguyen
SockShop,user,disk,3,all,moi_cot,KHONG-DOC,15,15,tai nguyen
SockShop,user,loss,1,fault5,chi_cpu,BARO,5,1,mang
SockShop,user,loss,1,fault5,chi_cpu,MEANSHIFT,5,1,mang
SockShop,user,loss,1,fault5,chi_cpu,KHONG-DOC,5,5,mang
SockShop,user,loss,1,fault5,chi_latency,BARO,5,1,mang
SockShop,user,loss,1,fault5,chi_latency,MEANSHIFT,5,1,mang
SockShop,user,loss,1,fault5,chi_latency,KHONG-DOC,5,5,mang
SockShop,user,loss,1,fault5,chi_workload,BARO,5,3,mang
SockShop,user,loss,1,fault5,chi_workload,MEANSHIFT,5,2,mang
SockShop,user,loss,1,fault5,chi_workload,KHONG-DOC,5,5,mang
SockShop,user,loss,1,fault5,moi_cot,BARO,5,1,mang
SockShop,user,loss,1,fault5,moi_cot,MEANSHIFT,5,1,mang
SockShop,user,loss,1,fault5,moi_cot,KHONG-DOC,5,5,mang
SockShop,user,loss,1,app,chi_cpu,BARO,7,3,mang
SockShop,user,loss,1,app,chi_cpu,MEANSHIFT,7,1,mang
SockShop,user,loss,1,app,chi_cpu,KHONG-DOC,7,7,mang
SockShop,user,loss,1,app,chi_latency,BARO,7,1,mang
SockShop,user,loss,1,app,chi_latency,MEANSHIFT,7,1,mang
SockShop,user,loss,1,app,chi_latency,KHONG-DOC,7,7,mang
SockShop,user,loss,1,app,chi_workload,BARO,7,4,mang
SockShop,user,loss,1,app,chi_workload,MEANSHIFT,7,3,mang
SockShop,user,loss,1,app,chi_workload,KHONG-DOC,7,7,mang
SockShop,user,loss,1,app,moi_cot,BARO,7,1,mang
SockShop,user,loss,1,app,moi_cot,MEANSHIFT,7,1,mang
SockShop,user,loss,1,app,moi_cot,KHONG-DOC,7,7,mang
SockShop,user,loss,1,all,chi_cpu,BARO,15,6,mang
SockShop,user,loss,1,all,chi_cpu,MEANSHIFT,15,1,mang
SockShop,user,loss,1,all,chi_cpu,KHONG-DOC,15,15,mang
SockShop,user,loss,1,all,chi_latency,BARO,7,1,mang
SockShop,user,loss,1,all,chi_latency,MEANSHIFT,7,1,mang
SockShop,user,loss,1,all,chi_latency,KHONG-DOC,7,7,mang
SockShop,user,loss,1,all,chi_workload,BARO,7,4,mang
SockShop,user,loss,1,all,chi_workload,MEANSHIFT,7,3,mang
SockShop,user,loss,1,all,chi_workload,KHONG-DOC,7,7,mang
SockShop,user,loss,1,all,moi_cot,BARO,15,2,mang
SockShop,user,loss,1,all,moi_cot,MEANSHIFT,15,1,mang
SockShop,user,loss,1,all,moi_cot,KHONG-DOC,15,15,mang
SockShop,user,loss,2,fault5,chi_cpu,BARO,5,3,mang
SockShop,user,loss,2,fault5,chi_cpu,MEANSHIFT,5,1,mang
SockShop,user,loss,2,fault5,chi_cpu,KHONG-DOC,5,5,mang
SockShop,user,loss,2,fault5,chi_latency,BARO,5,1,mang
SockShop,user,loss,2,fault5,chi_latency,MEANSHIFT,5,1,mang
SockShop,user,loss,2,fault5,chi_latency,KHONG-DOC,5,5,mang
SockShop,user,loss,2,fault5,chi_workload,BARO,5,1,mang
SockShop,user,loss,2,fault5,chi_workload,MEANSHIFT,5,1,mang
SockShop,user,loss,2,fault5,chi_workload,KHONG-DOC,5,5,mang
SockShop,user,loss,2,fault5,moi_cot,BARO,5,2,mang
SockShop,user,loss,2,fault5,moi_cot,MEANSHIFT,5,2,mang
SockShop,user,loss,2,fault5,moi_cot,KHONG-DOC,5,5,mang
SockShop,user,loss,2,app,chi_cpu,BARO,7,3,mang
SockShop,user,loss,2,app,chi_cpu,MEANSHIFT,7,1,mang
SockShop,user,loss,2,app,chi_cpu,KHONG-DOC,7,7,mang
SockShop,user,loss,2,app,chi_latency,BARO,7,1,mang
SockShop,user,loss,2,app,chi_latency,MEANSHIFT,7,1,mang
SockShop,user,loss,2,app,chi_latency,KHONG-DOC,7,7,mang
SockShop,user,loss,2,app,chi_workload,BARO,7,2,mang
SockShop,user,loss,2,app,chi_workload,MEANSHIFT,7,2,mang
SockShop,user,loss,2,app,chi_workload,KHONG-DOC,7,7,mang
SockShop,user,loss,2,app,moi_cot,BARO,7,2,mang
SockShop,user,loss,2,app,moi_cot,MEANSHIFT,7,2,mang
SockShop,user,loss,2,app,moi_cot,KHONG-DOC,7,7,mang
SockShop,user,loss,2,all,chi_cpu,BARO,15,5,mang
SockShop,user,loss,2,all,chi_cpu,MEANSHIFT,15,2,mang
SockShop,user,loss,2,all,chi_cpu,KHONG-DOC,15,15,mang
SockShop,user,loss,2,all,chi_latency,BARO,7,1,mang
SockShop,user,loss,2,all,chi_latency,MEANSHIFT,7,1,mang
SockShop,user,loss,2,all,chi_latency,KHONG-DOC,7,7,mang
SockShop,user,loss,2,all,chi_workload,BARO,7,2,mang
SockShop,user,loss,2,all,chi_workload,MEANSHIFT,7,2,mang
SockShop,user,loss,2,all,chi_workload,KHONG-DOC,7,7,mang
SockShop,user,loss,2,all,moi_cot,BARO,15,3,mang
SockShop,user,loss,2,all,moi_cot,MEANSHIFT,15,2,mang
SockShop,user,loss,2,all,moi_cot,KHONG-DOC,15,15,mang
SockShop,user,loss,3,fault5,chi_cpu,BARO,5,4,mang
SockShop,user,loss,3,fault5,chi_cpu,MEANSHIFT,5,1,mang
SockShop,user,loss,3,fault5,chi_cpu,KHONG-DOC,5,5,mang
SockShop,user,loss,3,fault5,chi_latency,BARO,5,2,mang
SockShop,user,loss,3,fault5,chi_latency,MEANSHIFT,5,2,mang
SockShop,user,loss,3,fault5,chi_latency,KHONG-DOC,5,5,mang
SockShop,user,loss,3,fault5,chi_workload,BARO,5,3,mang
SockShop,user,loss,3,fault5,chi_workload,MEANSHIFT,5,1,mang
SockShop,user,loss,3,fault5,chi_workload,KHONG-DOC,5,5,mang
SockShop,user,loss,3,fault5,moi_cot,BARO,5,2,mang
SockShop,user,loss,3,fault5,moi_cot,MEANSHIFT,5,2,mang
SockShop,user,loss,3,fault5,moi_cot,KHONG-DOC,5,5,mang
SockShop,user,loss,3,app,chi_cpu,BARO,7,6,mang
SockShop,user,loss,3,app,chi_cpu,MEANSHIFT,7,2,mang
SockShop,user,loss,3,app,chi_cpu,KHONG-DOC,7,7,mang
SockShop,user,loss,3,app,chi_latency,BARO,7,2,mang
SockShop,user,loss,3,app,chi_latency,MEANSHIFT,7,2,mang
SockShop,user,loss,3,app,chi_latency,KHONG-DOC,7,7,mang
SockShop,user,loss,3,app,chi_workload,BARO,7,4,mang
SockShop,user,loss,3,app,chi_workload,MEANSHIFT,7,1,mang
SockShop,user,loss,3,app,chi_workload,KHONG-DOC,7,7,mang
SockShop,user,loss,3,app,moi_cot,BARO,7,2,mang
SockShop,user,loss,3,app,moi_cot,MEANSHIFT,7,2,mang
SockShop,user,loss,3,app,moi_cot,KHONG-DOC,7,7,mang
SockShop,user,loss,3,all,chi_cpu,BARO,15,10,mang
SockShop,user,loss,3,all,chi_cpu,MEANSHIFT,15,2,mang
SockShop,user,loss,3,all,chi_cpu,KHONG-DOC,15,15,mang
SockShop,user,loss,3,all,chi_latency,BARO,7,2,mang
SockShop,user,loss,3,all,chi_latency,MEANSHIFT,7,2,mang
SockShop,user,loss,3,all,chi_latency,KHONG-DOC,7,7,mang
SockShop,user,loss,3,all,chi_workload,BARO,7,4,mang
SockShop,user,loss,3,all,chi_workload,MEANSHIFT,7,1,mang
SockShop,user,loss,3,all,chi_workload,KHONG-DOC,7,7,mang
SockShop,user,loss,3,all,moi_cot,BARO,15,3,mang
SockShop,user,loss,3,all,moi_cot,MEANSHIFT,15,2,mang
SockShop,user,loss,3,all,moi_cot,KHONG-DOC,15,15,mang
SockShop,user,mem,1,fault5,chi_cpu,BARO,5,1,tai nguyen
SockShop,user,mem,1,fault5,chi_cpu,MEANSHIFT,5,1,tai nguyen
SockShop,user,mem,1,fault5,chi_cpu,KHONG-DOC,5,5,tai nguyen
SockShop,user,mem,1,fault5,chi_latency,BARO,5,1,tai nguyen
SockShop,user,mem,1,fault5,chi_latency,MEANSHIFT,5,1,tai nguyen
SockShop,user,mem,1,fault5,chi_latency,KHONG-DOC,5,5,tai nguyen
SockShop,user,mem,1,fault5,chi_workload,BARO,5,5,tai nguyen
SockShop,user,mem,1,fault5,chi_workload,MEANSHIFT,5,1,tai nguyen
SockShop,user,mem,1,fault5,chi_workload,KHONG-DOC,5,5,tai nguyen
SockShop,user,mem,1,fault5,moi_cot,BARO,5,1,tai nguyen
SockShop,user,mem,1,fault5,moi_cot,MEANSHIFT,5,1,tai nguyen
SockShop,user,mem,1,fault5,moi_cot,KHONG-DOC,5,5,tai nguyen
SockShop,user,mem,1,app,chi_cpu,BARO,7,1,tai nguyen
SockShop,user,mem,1,app,chi_cpu,MEANSHIFT,7,1,tai nguyen
SockShop,user,mem,1,app,chi_cpu,KHONG-DOC,7,7,tai nguyen
SockShop,user,mem,1,app,chi_latency,BARO,7,1,tai nguyen
SockShop,user,mem,1,app,chi_latency,MEANSHIFT,7,1,tai nguyen
SockShop,user,mem,1,app,chi_latency,KHONG-DOC,7,7,tai nguyen
SockShop,user,mem,1,app,chi_workload,BARO,7,7,tai nguyen
SockShop,user,mem,1,app,chi_workload,MEANSHIFT,7,2,tai nguyen
SockShop,user,mem,1,app,chi_workload,KHONG-DOC,7,7,tai nguyen
SockShop,user,mem,1,app,moi_cot,BARO,7,1,tai nguyen
SockShop,user,mem,1,app,moi_cot,MEANSHIFT,7,1,tai nguyen
SockShop,user,mem,1,app,moi_cot,KHONG-DOC,7,7,tai nguyen
SockShop,user,mem,1,all,chi_cpu,BARO,15,1,tai nguyen
SockShop,user,mem,1,all,chi_cpu,MEANSHIFT,15,1,tai nguyen
SockShop,user,mem,1,all,chi_cpu,KHONG-DOC,15,15,tai nguyen
SockShop,user,mem,1,all,chi_latency,BARO,7,1,tai nguyen
SockShop,user,mem,1,all,chi_latency,MEANSHIFT,7,1,tai nguyen
SockShop,user,mem,1,all,chi_latency,KHONG-DOC,7,7,tai nguyen
SockShop,user,mem,1,all,chi_workload,BARO,7,7,tai nguyen
SockShop,user,mem,1,all,chi_workload,MEANSHIFT,7,2,tai nguyen
SockShop,user,mem,1,all,chi_workload,KHONG-DOC,7,7,tai nguyen
SockShop,user,mem,1,all,moi_cot,BARO,15,2,tai nguyen
SockShop,user,mem,1,all,moi_cot,MEANSHIFT,15,1,tai nguyen
SockShop,user,mem,1,all,moi_cot,KHONG-DOC,15,15,tai nguyen
SockShop,user,mem,2,fault5,chi_cpu,BARO,5,1,tai nguyen
SockShop,user,mem,2,fault5,chi_cpu,MEANSHIFT,5,1,tai nguyen
SockShop,user,mem,2,fault5,chi_cpu,KHONG-DOC,5,5,tai nguyen
SockShop,user,mem,2,fault5,chi_latency,BARO,5,1,tai nguyen
SockShop,user,mem,2,fault5,chi_latency,MEANSHIFT,5,1,tai nguyen
SockShop,user,mem,2,fault5,chi_latency,KHONG-DOC,5,5,tai nguyen
SockShop,user,mem,2,fault5,chi_workload,BARO,5,2,tai nguyen
SockShop,user,mem,2,fault5,chi_workload,MEANSHIFT,5,2,tai nguyen
SockShop,user,mem,2,fault5,chi_workload,KHONG-DOC,5,5,tai nguyen
SockShop,user,mem,2,fault5,moi_cot,BARO,5,1,tai nguyen
SockShop,user,mem,2,fault5,moi_cot,MEANSHIFT,5,1,tai nguyen
SockShop,user,mem,2,fault5,moi_cot,KHONG-DOC,5,5,tai nguyen
SockShop,user,mem,2,app,chi_cpu,BARO,7,1,tai nguyen
SockShop,user,mem,2,app,chi_cpu,MEANSHIFT,7,1,tai nguyen
SockShop,user,mem,2,app,chi_cpu,KHONG-DOC,7,7,tai nguyen
SockShop,user,mem,2,app,chi_latency,BARO,7,1,tai nguyen
SockShop,user,mem,2,app,chi_latency,MEANSHIFT,7,1,tai nguyen
SockShop,user,mem,2,app,chi_latency,KHONG-DOC,7,7,tai nguyen
SockShop,user,mem,2,app,chi_workload,BARO,7,2,tai nguyen
SockShop,user,mem,2,app,chi_workload,MEANSHIFT,7,3,tai nguyen
SockShop,user,mem,2,app,chi_workload,KHONG-DOC,7,7,tai nguyen
SockShop,user,mem,2,app,moi_cot,BARO,7,1,tai nguyen
SockShop,user,mem,2,app,moi_cot,MEANSHIFT,7,1,tai nguyen
SockShop,user,mem,2,app,moi_cot,KHONG-DOC,7,7,tai nguyen
SockShop,user,mem,2,all,chi_cpu,BARO,15,1,tai nguyen
SockShop,user,mem,2,all,chi_cpu,MEANSHIFT,15,1,tai nguyen
SockShop,user,mem,2,all,chi_cpu,KHONG-DOC,15,15,tai nguyen
SockShop,user,mem,2,all,chi_latency,BARO,7,1,tai nguyen
SockShop,user,mem,2,all,chi_latency,MEANSHIFT,7,1,tai nguyen
SockShop,user,mem,2,all,chi_latency,KHONG-DOC,7,7,tai nguyen
SockShop,user,mem,2,all,chi_workload,BARO,7,2,tai nguyen
SockShop,user,mem,2,all,chi_workload,MEANSHIFT,7,3,tai nguyen
SockShop,user,mem,2,all,chi_workload,KHONG-DOC,7,7,tai nguyen
SockShop,user,mem,2,all,moi_cot,BARO,15,2,tai nguyen
SockShop,user,mem,2,all,moi_cot,MEANSHIFT,15,1,tai nguyen
SockShop,user,mem,2,all,moi_cot,KHONG-DOC,15,15,tai nguyen
SockShop,user,mem,3,fault5,chi_cpu,BARO,5,1,tai nguyen
SockShop,user,mem,3,fault5,chi_cpu,MEANSHIFT,5,1,tai nguyen
SockShop,user,mem,3,fault5,chi_cpu,KHONG-DOC,5,5,tai nguyen
SockShop,user,mem,3,fault5,chi_latency,BARO,5,1,tai nguyen
SockShop,user,mem,3,fault5,chi_latency,MEANSHIFT,5,1,tai nguyen
SockShop,user,mem,3,fault5,chi_latency,KHONG-DOC,5,5,tai nguyen
SockShop,user,mem,3,fault5,chi_workload,BARO,5,4,tai nguyen
SockShop,user,mem,3,fault5,chi_workload,MEANSHIFT,5,2,tai nguyen
SockShop,user,mem,3,fault5,chi_workload,KHONG-DOC,5,5,tai nguyen
SockShop,user,mem,3,fault5,moi_cot,BARO,5,1,tai nguyen
SockShop,user,mem,3,fault5,moi_cot,MEANSHIFT,5,1,tai nguyen
SockShop,user,mem,3,fault5,moi_cot,KHONG-DOC,5,5,tai nguyen
SockShop,user,mem,3,app,chi_cpu,BARO,7,1,tai nguyen
SockShop,user,mem,3,app,chi_cpu,MEANSHIFT,7,1,tai nguyen
SockShop,user,mem,3,app,chi_cpu,KHONG-DOC,7,7,tai nguyen
SockShop,user,mem,3,app,chi_latency,BARO,7,1,tai nguyen
SockShop,user,mem,3,app,chi_latency,MEANSHIFT,7,1,tai nguyen
SockShop,user,mem,3,app,chi_latency,KHONG-DOC,7,7,tai nguyen
SockShop,user,mem,3,app,chi_workload,BARO,7,5,tai nguyen
SockShop,user,mem,3,app,chi_workload,MEANSHIFT,7,3,tai nguyen
SockShop,user,mem,3,app,chi_workload,KHONG-DOC,7,7,tai nguyen
SockShop,user,mem,3,app,moi_cot,BARO,7,1,tai nguyen
SockShop,user,mem,3,app,moi_cot,MEANSHIFT,7,1,tai nguyen
SockShop,user,mem,3,app,moi_cot,KHONG-DOC,7,7,tai nguyen
SockShop,user,mem,3,all,chi_cpu,BARO,15,1,tai nguyen
SockShop,user,mem,3,all,chi_cpu,MEANSHIFT,15,1,tai nguyen
SockShop,user,mem,3,all,chi_cpu,KHONG-DOC,15,15,tai nguyen
SockShop,user,mem,3,all,chi_latency,BARO,7,1,tai nguyen
SockShop,user,mem,3,all,chi_latency,MEANSHIFT,7,1,tai nguyen
SockShop,user,mem,3,all,chi_latency,KHONG-DOC,7,7,tai nguyen
SockShop,user,mem,3,all,chi_workload,BARO,7,5,tai nguyen
SockShop,user,mem,3,all,chi_workload,MEANSHIFT,7,3,tai nguyen
SockShop,user,mem,3,all,chi_workload,KHONG-DOC,7,7,tai nguyen
SockShop,user,mem,3,all,moi_cot,BARO,15,2,tai nguyen
SockShop,user,mem,3,all,moi_cot,MEANSHIFT,15,1,tai nguyen
SockShop,user,mem,3,all,moi_cot,KHONG-DOC,15,15,tai nguyen
SockShop,user,socket,1,fault5,chi_cpu,BARO,5,1,tai nguyen
SockShop,user,socket,1,fault5,chi_cpu,MEANSHIFT,5,1,tai nguyen
SockShop,user,socket,1,fault5,chi_cpu,KHONG-DOC,5,5,tai nguyen
SockShop,user,socket,1,fault5,chi_latency,BARO,5,1,tai nguyen
SockShop,user,socket,1,fault5,chi_latency,MEANSHIFT,5,1,tai nguyen
SockShop,user,socket,1,fault5,chi_latency,KHONG-DOC,5,5,tai nguyen
SockShop,user,socket,1,fault5,chi_workload,BARO,5,1,tai nguyen
SockShop,user,socket,1,fault5,chi_workload,MEANSHIFT,5,2,tai nguyen
SockShop,user,socket,1,fault5,chi_workload,KHONG-DOC,5,5,tai nguyen
SockShop,user,socket,1,fault5,moi_cot,BARO,5,1,tai nguyen
SockShop,user,socket,1,fault5,moi_cot,MEANSHIFT,5,1,tai nguyen
SockShop,user,socket,1,fault5,moi_cot,KHONG-DOC,5,5,tai nguyen
SockShop,user,socket,1,app,chi_cpu,BARO,7,1,tai nguyen
SockShop,user,socket,1,app,chi_cpu,MEANSHIFT,7,1,tai nguyen
SockShop,user,socket,1,app,chi_cpu,KHONG-DOC,7,7,tai nguyen
SockShop,user,socket,1,app,chi_latency,BARO,7,1,tai nguyen
SockShop,user,socket,1,app,chi_latency,MEANSHIFT,7,1,tai nguyen
SockShop,user,socket,1,app,chi_latency,KHONG-DOC,7,7,tai nguyen
SockShop,user,socket,1,app,chi_workload,BARO,7,1,tai nguyen
SockShop,user,socket,1,app,chi_workload,MEANSHIFT,7,3,tai nguyen
SockShop,user,socket,1,app,chi_workload,KHONG-DOC,7,7,tai nguyen
SockShop,user,socket,1,app,moi_cot,BARO,7,2,tai nguyen
SockShop,user,socket,1,app,moi_cot,MEANSHIFT,7,1,tai nguyen
SockShop,user,socket,1,app,moi_cot,KHONG-DOC,7,7,tai nguyen
SockShop,user,socket,1,all,chi_cpu,BARO,15,1,tai nguyen
SockShop,user,socket,1,all,chi_cpu,MEANSHIFT,15,1,tai nguyen
SockShop,user,socket,1,all,chi_cpu,KHONG-DOC,15,15,tai nguyen
SockShop,user,socket,1,all,chi_latency,BARO,7,1,tai nguyen
SockShop,user,socket,1,all,chi_latency,MEANSHIFT,7,1,tai nguyen
SockShop,user,socket,1,all,chi_latency,KHONG-DOC,7,7,tai nguyen
SockShop,user,socket,1,all,chi_workload,BARO,7,1,tai nguyen
SockShop,user,socket,1,all,chi_workload,MEANSHIFT,7,3,tai nguyen
SockShop,user,socket,1,all,chi_workload,KHONG-DOC,7,7,tai nguyen
SockShop,user,socket,1,all,moi_cot,BARO,15,3,tai nguyen
SockShop,user,socket,1,all,moi_cot,MEANSHIFT,15,1,tai nguyen
SockShop,user,socket,1,all,moi_cot,KHONG-DOC,15,15,tai nguyen
SockShop,user,socket,2,fault5,chi_cpu,BARO,5,1,tai nguyen
SockShop,user,socket,2,fault5,chi_cpu,MEANSHIFT,5,1,tai nguyen
SockShop,user,socket,2,fault5,chi_cpu,KHONG-DOC,5,5,tai nguyen
SockShop,user,socket,2,fault5,chi_latency,BARO,5,2,tai nguyen
SockShop,user,socket,2,fault5,chi_latency,MEANSHIFT,5,1,tai nguyen
SockShop,user,socket,2,fault5,chi_latency,KHONG-DOC,5,5,tai nguyen
SockShop,user,socket,2,fault5,chi_workload,BARO,5,3,tai nguyen
SockShop,user,socket,2,fault5,chi_workload,MEANSHIFT,5,2,tai nguyen
SockShop,user,socket,2,fault5,chi_workload,KHONG-DOC,5,5,tai nguyen
SockShop,user,socket,2,fault5,moi_cot,BARO,5,1,tai nguyen
SockShop,user,socket,2,fault5,moi_cot,MEANSHIFT,5,1,tai nguyen
SockShop,user,socket,2,fault5,moi_cot,KHONG-DOC,5,5,tai nguyen
SockShop,user,socket,2,app,chi_cpu,BARO,7,1,tai nguyen
SockShop,user,socket,2,app,chi_cpu,MEANSHIFT,7,1,tai nguyen
SockShop,user,socket,2,app,chi_cpu,KHONG-DOC,7,7,tai nguyen
SockShop,user,socket,2,app,chi_latency,BARO,7,2,tai nguyen
SockShop,user,socket,2,app,chi_latency,MEANSHIFT,7,1,tai nguyen
SockShop,user,socket,2,app,chi_latency,KHONG-DOC,7,7,tai nguyen
SockShop,user,socket,2,app,chi_workload,BARO,7,5,tai nguyen
SockShop,user,socket,2,app,chi_workload,MEANSHIFT,7,3,tai nguyen
SockShop,user,socket,2,app,chi_workload,KHONG-DOC,7,7,tai nguyen
SockShop,user,socket,2,app,moi_cot,BARO,7,1,tai nguyen
SockShop,user,socket,2,app,moi_cot,MEANSHIFT,7,1,tai nguyen
SockShop,user,socket,2,app,moi_cot,KHONG-DOC,7,7,tai nguyen
SockShop,user,socket,2,all,chi_cpu,BARO,15,1,tai nguyen
SockShop,user,socket,2,all,chi_cpu,MEANSHIFT,15,1,tai nguyen
SockShop,user,socket,2,all,chi_cpu,KHONG-DOC,15,15,tai nguyen
SockShop,user,socket,2,all,chi_latency,BARO,7,2,tai nguyen
SockShop,user,socket,2,all,chi_latency,MEANSHIFT,7,1,tai nguyen
SockShop,user,socket,2,all,chi_latency,KHONG-DOC,7,7,tai nguyen
SockShop,user,socket,2,all,chi_workload,BARO,7,5,tai nguyen
SockShop,user,socket,2,all,chi_workload,MEANSHIFT,7,3,tai nguyen
SockShop,user,socket,2,all,chi_workload,KHONG-DOC,7,7,tai nguyen
SockShop,user,socket,2,all,moi_cot,BARO,15,3,tai nguyen
SockShop,user,socket,2,all,moi_cot,MEANSHIFT,15,1,tai nguyen
SockShop,user,socket,2,all,moi_cot,KHONG-DOC,15,15,tai nguyen
SockShop,user,socket,3,fault5,chi_cpu,BARO,5,1,tai nguyen
SockShop,user,socket,3,fault5,chi_cpu,MEANSHIFT,5,1,tai nguyen
SockShop,user,socket,3,fault5,chi_cpu,KHONG-DOC,5,5,tai nguyen
SockShop,user,socket,3,fault5,chi_latency,BARO,5,1,tai nguyen
SockShop,user,socket,3,fault5,chi_latency,MEANSHIFT,5,1,tai nguyen
SockShop,user,socket,3,fault5,chi_latency,KHONG-DOC,5,5,tai nguyen
SockShop,user,socket,3,fault5,chi_workload,BARO,5,1,tai nguyen
SockShop,user,socket,3,fault5,chi_workload,MEANSHIFT,5,3,tai nguyen
SockShop,user,socket,3,fault5,chi_workload,KHONG-DOC,5,5,tai nguyen
SockShop,user,socket,3,fault5,moi_cot,BARO,5,1,tai nguyen
SockShop,user,socket,3,fault5,moi_cot,MEANSHIFT,5,1,tai nguyen
SockShop,user,socket,3,fault5,moi_cot,KHONG-DOC,5,5,tai nguyen
SockShop,user,socket,3,app,chi_cpu,BARO,7,1,tai nguyen
SockShop,user,socket,3,app,chi_cpu,MEANSHIFT,7,1,tai nguyen
SockShop,user,socket,3,app,chi_cpu,KHONG-DOC,7,7,tai nguyen
SockShop,user,socket,3,app,chi_latency,BARO,7,1,tai nguyen
SockShop,user,socket,3,app,chi_latency,MEANSHIFT,7,1,tai nguyen
SockShop,user,socket,3,app,chi_latency,KHONG-DOC,7,7,tai nguyen
SockShop,user,socket,3,app,chi_workload,BARO,7,1,tai nguyen
SockShop,user,socket,3,app,chi_workload,MEANSHIFT,7,4,tai nguyen
SockShop,user,socket,3,app,chi_workload,KHONG-DOC,7,7,tai nguyen
SockShop,user,socket,3,app,moi_cot,BARO,7,1,tai nguyen
SockShop,user,socket,3,app,moi_cot,MEANSHIFT,7,1,tai nguyen
SockShop,user,socket,3,app,moi_cot,KHONG-DOC,7,7,tai nguyen
SockShop,user,socket,3,all,chi_cpu,BARO,15,1,tai nguyen
SockShop,user,socket,3,all,chi_cpu,MEANSHIFT,15,1,tai nguyen
SockShop,user,socket,3,all,chi_cpu,KHONG-DOC,15,15,tai nguyen
SockShop,user,socket,3,all,chi_latency,BARO,7,1,tai nguyen
SockShop,user,socket,3,all,chi_latency,MEANSHIFT,7,1,tai nguyen
SockShop,user,socket,3,all,chi_latency,KHONG-DOC,7,7,tai nguyen
SockShop,user,socket,3,all,chi_workload,BARO,7,1,tai nguyen
SockShop,user,socket,3,all,chi_workload,MEANSHIFT,7,4,tai nguyen
SockShop,user,socket,3,all,chi_workload,KHONG-DOC,7,7,tai nguyen
SockShop,user,socket,3,all,moi_cot,BARO,15,2,tai nguyen
SockShop,user,socket,3,all,moi_cot,MEANSHIFT,15,1,tai nguyen
SockShop,user,socket,3,all,moi_cot,KHONG-DOC,16,16,tai nguyen
OnlineBoutique,checkoutservice,cpu,1,fault5,chi_cpu,BARO,5,1,tai nguyen
OnlineBoutique,checkoutservice,cpu,1,fault5,chi_cpu,MEANSHIFT,5,1,tai nguyen
OnlineBoutique,checkoutservice,cpu,1,fault5,chi_cpu,KHONG-DOC,5,1,tai nguyen
OnlineBoutique,checkoutservice,cpu,1,fault5,chi_latency,BARO,5,3,tai nguyen
OnlineBoutique,checkoutservice,cpu,1,fault5,chi_latency,MEANSHIFT,5,4,tai nguyen
OnlineBoutique,checkoutservice,cpu,1,fault5,chi_latency,KHONG-DOC,5,1,tai nguyen
OnlineBoutique,checkoutservice,cpu,1,fault5,chi_workload,BARO,5,1,tai nguyen
OnlineBoutique,checkoutservice,cpu,1,fault5,chi_workload,MEANSHIFT,5,1,tai nguyen
OnlineBoutique,checkoutservice,cpu,1,fault5,chi_workload,KHONG-DOC,5,1,tai nguyen
OnlineBoutique,checkoutservice,cpu,1,fault5,moi_cot,BARO,5,1,tai nguyen
OnlineBoutique,checkoutservice,cpu,1,fault5,moi_cot,MEANSHIFT,5,1,tai nguyen
OnlineBoutique,checkoutservice,cpu,1,fault5,moi_cot,KHONG-DOC,5,1,tai nguyen
OnlineBoutique,checkoutservice,cpu,1,app,chi_cpu,BARO,10,1,tai nguyen
OnlineBoutique,checkoutservice,cpu,1,app,chi_cpu,MEANSHIFT,10,1,tai nguyen
OnlineBoutique,checkoutservice,cpu,1,app,chi_cpu,KHONG-DOC,10,3,tai nguyen
OnlineBoutique,checkoutservice,cpu,1,app,chi_latency,BARO,10,7,tai nguyen
OnlineBoutique,checkoutservice,cpu,1,app,chi_latency,MEANSHIFT,10,9,tai nguyen
OnlineBoutique,checkoutservice,cpu,1,app,chi_latency,KHONG-DOC,10,3,tai nguyen
OnlineBoutique,checkoutservice,cpu,1,app,chi_workload,BARO,11,2,tai nguyen
OnlineBoutique,checkoutservice,cpu,1,app,chi_workload,MEANSHIFT,11,2,tai nguyen
OnlineBoutique,checkoutservice,cpu,1,app,chi_workload,KHONG-DOC,11,3,tai nguyen
OnlineBoutique,checkoutservice,cpu,1,app,moi_cot,BARO,11,1,tai nguyen
OnlineBoutique,checkoutservice,cpu,1,app,moi_cot,MEANSHIFT,11,1,tai nguyen
OnlineBoutique,checkoutservice,cpu,1,app,moi_cot,KHONG-DOC,11,3,tai nguyen
OnlineBoutique,checkoutservice,cpu,1,all,chi_cpu,BARO,11,1,tai nguyen
OnlineBoutique,checkoutservice,cpu,1,all,chi_cpu,MEANSHIFT,11,1,tai nguyen
OnlineBoutique,checkoutservice,cpu,1,all,chi_cpu,KHONG-DOC,11,3,tai nguyen
OnlineBoutique,checkoutservice,cpu,1,all,chi_latency,BARO,10,7,tai nguyen
OnlineBoutique,checkoutservice,cpu,1,all,chi_latency,MEANSHIFT,10,9,tai nguyen
OnlineBoutique,checkoutservice,cpu,1,all,chi_latency,KHONG-DOC,10,3,tai nguyen
OnlineBoutique,checkoutservice,cpu,1,all,chi_workload,BARO,11,2,tai nguyen
OnlineBoutique,checkoutservice,cpu,1,all,chi_workload,MEANSHIFT,11,2,tai nguyen
OnlineBoutique,checkoutservice,cpu,1,all,chi_workload,KHONG-DOC,11,3,tai nguyen
OnlineBoutique,checkoutservice,cpu,1,all,moi_cot,BARO,12,2,tai nguyen
OnlineBoutique,checkoutservice,cpu,1,all,moi_cot,MEANSHIFT,12,1,tai nguyen
OnlineBoutique,checkoutservice,cpu,1,all,moi_cot,KHONG-DOC,12,3,tai nguyen
OnlineBoutique,checkoutservice,cpu,2,fault5,chi_cpu,BARO,5,1,tai nguyen
OnlineBoutique,checkoutservice,cpu,2,fault5,chi_cpu,MEANSHIFT,5,1,tai nguyen
OnlineBoutique,checkoutservice,cpu,2,fault5,chi_cpu,KHONG-DOC,5,1,tai nguyen
OnlineBoutique,checkoutservice,cpu,2,fault5,chi_latency,BARO,5,2,tai nguyen
OnlineBoutique,checkoutservice,cpu,2,fault5,chi_latency,MEANSHIFT,5,1,tai nguyen
OnlineBoutique,checkoutservice,cpu,2,fault5,chi_latency,KHONG-DOC,5,1,tai nguyen
OnlineBoutique,checkoutservice,cpu,2,fault5,chi_workload,BARO,5,4,tai nguyen
OnlineBoutique,checkoutservice,cpu,2,fault5,chi_workload,MEANSHIFT,5,4,tai nguyen
OnlineBoutique,checkoutservice,cpu,2,fault5,chi_workload,KHONG-DOC,5,1,tai nguyen
OnlineBoutique,checkoutservice,cpu,2,fault5,moi_cot,BARO,5,1,tai nguyen
OnlineBoutique,checkoutservice,cpu,2,fault5,moi_cot,MEANSHIFT,5,1,tai nguyen
OnlineBoutique,checkoutservice,cpu,2,fault5,moi_cot,KHONG-DOC,5,1,tai nguyen
OnlineBoutique,checkoutservice,cpu,2,app,chi_cpu,BARO,10,1,tai nguyen
OnlineBoutique,checkoutservice,cpu,2,app,chi_cpu,MEANSHIFT,10,1,tai nguyen
OnlineBoutique,checkoutservice,cpu,2,app,chi_cpu,KHONG-DOC,10,3,tai nguyen
OnlineBoutique,checkoutservice,cpu,2,app,chi_latency,BARO,10,4,tai nguyen
OnlineBoutique,checkoutservice,cpu,2,app,chi_latency,MEANSHIFT,10,1,tai nguyen
OnlineBoutique,checkoutservice,cpu,2,app,chi_latency,KHONG-DOC,10,3,tai nguyen
OnlineBoutique,checkoutservice,cpu,2,app,chi_workload,BARO,11,9,tai nguyen
OnlineBoutique,checkoutservice,cpu,2,app,chi_workload,MEANSHIFT,11,9,tai nguyen
OnlineBoutique,checkoutservice,cpu,2,app,chi_workload,KHONG-DOC,13,5,tai nguyen
OnlineBoutique,checkoutservice,cpu,2,app,moi_cot,BARO,11,1,tai nguyen
OnlineBoutique,checkoutservice,cpu,2,app,moi_cot,MEANSHIFT,11,1,tai nguyen
OnlineBoutique,checkoutservice,cpu,2,app,moi_cot,KHONG-DOC,13,5,tai nguyen
OnlineBoutique,checkoutservice,cpu,2,all,chi_cpu,BARO,11,1,tai nguyen
OnlineBoutique,checkoutservice,cpu,2,all,chi_cpu,MEANSHIFT,11,1,tai nguyen
OnlineBoutique,checkoutservice,cpu,2,all,chi_cpu,KHONG-DOC,11,3,tai nguyen
OnlineBoutique,checkoutservice,cpu,2,all,chi_latency,BARO,10,4,tai nguyen
OnlineBoutique,checkoutservice,cpu,2,all,chi_latency,MEANSHIFT,10,1,tai nguyen
OnlineBoutique,checkoutservice,cpu,2,all,chi_latency,KHONG-DOC,10,3,tai nguyen
OnlineBoutique,checkoutservice,cpu,2,all,chi_workload,BARO,11,9,tai nguyen
OnlineBoutique,checkoutservice,cpu,2,all,chi_workload,MEANSHIFT,11,9,tai nguyen
OnlineBoutique,checkoutservice,cpu,2,all,chi_workload,KHONG-DOC,13,5,tai nguyen
OnlineBoutique,checkoutservice,cpu,2,all,moi_cot,BARO,12,2,tai nguyen
OnlineBoutique,checkoutservice,cpu,2,all,moi_cot,MEANSHIFT,12,1,tai nguyen
OnlineBoutique,checkoutservice,cpu,2,all,moi_cot,KHONG-DOC,14,5,tai nguyen
OnlineBoutique,checkoutservice,cpu,3,fault5,chi_cpu,BARO,5,1,tai nguyen
OnlineBoutique,checkoutservice,cpu,3,fault5,chi_cpu,MEANSHIFT,5,1,tai nguyen
OnlineBoutique,checkoutservice,cpu,3,fault5,chi_cpu,KHONG-DOC,5,1,tai nguyen
OnlineBoutique,checkoutservice,cpu,3,fault5,chi_latency,BARO,5,1,tai nguyen
OnlineBoutique,checkoutservice,cpu,3,fault5,chi_latency,MEANSHIFT,5,1,tai nguyen
OnlineBoutique,checkoutservice,cpu,3,fault5,chi_latency,KHONG-DOC,5,1,tai nguyen
OnlineBoutique,checkoutservice,cpu,3,fault5,chi_workload,BARO,5,1,tai nguyen
OnlineBoutique,checkoutservice,cpu,3,fault5,chi_workload,MEANSHIFT,5,3,tai nguyen
OnlineBoutique,checkoutservice,cpu,3,fault5,chi_workload,KHONG-DOC,5,1,tai nguyen
OnlineBoutique,checkoutservice,cpu,3,fault5,moi_cot,BARO,5,1,tai nguyen
OnlineBoutique,checkoutservice,cpu,3,fault5,moi_cot,MEANSHIFT,5,1,tai nguyen
OnlineBoutique,checkoutservice,cpu,3,fault5,moi_cot,KHONG-DOC,5,1,tai nguyen
OnlineBoutique,checkoutservice,cpu,3,app,chi_cpu,BARO,10,1,tai nguyen
OnlineBoutique,checkoutservice,cpu,3,app,chi_cpu,MEANSHIFT,10,1,tai nguyen
OnlineBoutique,checkoutservice,cpu,3,app,chi_cpu,KHONG-DOC,10,3,tai nguyen
OnlineBoutique,checkoutservice,cpu,3,app,chi_latency,BARO,10,1,tai nguyen
OnlineBoutique,checkoutservice,cpu,3,app,chi_latency,MEANSHIFT,10,1,tai nguyen
OnlineBoutique,checkoutservice,cpu,3,app,chi_latency,KHONG-DOC,10,3,tai nguyen
OnlineBoutique,checkoutservice,cpu,3,app,chi_workload,BARO,11,1,tai nguyen
OnlineBoutique,checkoutservice,cpu,3,app,chi_workload,MEANSHIFT,11,8,tai nguyen
OnlineBoutique,checkoutservice,cpu,3,app,chi_workload,KHONG-DOC,11,3,tai nguyen
OnlineBoutique,checkoutservice,cpu,3,app,moi_cot,BARO,11,2,tai nguyen
OnlineBoutique,checkoutservice,cpu,3,app,moi_cot,MEANSHIFT,11,1,tai nguyen
OnlineBoutique,checkoutservice,cpu,3,app,moi_cot,KHONG-DOC,11,3,tai nguyen
OnlineBoutique,checkoutservice,cpu,3,all,chi_cpu,BARO,11,1,tai nguyen
OnlineBoutique,checkoutservice,cpu,3,all,chi_cpu,MEANSHIFT,11,1,tai nguyen
OnlineBoutique,checkoutservice,cpu,3,all,chi_cpu,KHONG-DOC,11,3,tai nguyen
OnlineBoutique,checkoutservice,cpu,3,all,chi_latency,BARO,10,1,tai nguyen
OnlineBoutique,checkoutservice,cpu,3,all,chi_latency,MEANSHIFT,10,1,tai nguyen
OnlineBoutique,checkoutservice,cpu,3,all,chi_latency,KHONG-DOC,10,3,tai nguyen
OnlineBoutique,checkoutservice,cpu,3,all,chi_workload,BARO,11,1,tai nguyen
OnlineBoutique,checkoutservice,cpu,3,all,chi_workload,MEANSHIFT,11,8,tai nguyen
OnlineBoutique,checkoutservice,cpu,3,all,chi_workload,KHONG-DOC,11,3,tai nguyen
OnlineBoutique,checkoutservice,cpu,3,all,moi_cot,BARO,12,3,tai nguyen
OnlineBoutique,checkoutservice,cpu,3,all,moi_cot,MEANSHIFT,12,1,tai nguyen
OnlineBoutique,checkoutservice,cpu,3,all,moi_cot,KHONG-DOC,12,3,tai nguyen
OnlineBoutique,checkoutservice,delay,1,fault5,chi_cpu,BARO,5,5,mang
OnlineBoutique,checkoutservice,delay,1,fault5,chi_cpu,MEANSHIFT,5,1,mang
OnlineBoutique,checkoutservice,delay,1,fault5,chi_cpu,KHONG-DOC,5,1,mang
OnlineBoutique,checkoutservice,delay,1,fault5,chi_latency,BARO,5,2,mang
OnlineBoutique,checkoutservice,delay,1,fault5,chi_latency,MEANSHIFT,5,2,mang
OnlineBoutique,checkoutservice,delay,1,fault5,chi_latency,KHONG-DOC,5,1,mang
OnlineBoutique,checkoutservice,delay,1,fault5,chi_workload,BARO,5,3,mang
OnlineBoutique,checkoutservice,delay,1,fault5,chi_workload,MEANSHIFT,5,4,mang
OnlineBoutique,checkoutservice,delay,1,fault5,chi_workload,KHONG-DOC,5,1,mang
OnlineBoutique,checkoutservice,delay,1,fault5,moi_cot,BARO,5,2,mang
OnlineBoutique,checkoutservice,delay,1,fault5,moi_cot,MEANSHIFT,5,2,mang
OnlineBoutique,checkoutservice,delay,1,fault5,moi_cot,KHONG-DOC,5,1,mang
OnlineBoutique,checkoutservice,delay,1,app,chi_cpu,BARO,10,6,mang
OnlineBoutique,checkoutservice,delay,1,app,chi_cpu,MEANSHIFT,10,1,mang
OnlineBoutique,checkoutservice,delay,1,app,chi_cpu,KHONG-DOC,10,3,mang
OnlineBoutique,checkoutservice,delay,1,app,chi_latency,BARO,10,3,mang
OnlineBoutique,checkoutservice,delay,1,app,chi_latency,MEANSHIFT,10,3,mang
OnlineBoutique,checkoutservice,delay,1,app,chi_latency,KHONG-DOC,10,3,mang
OnlineBoutique,checkoutservice,delay,1,app,chi_workload,BARO,11,4,mang
OnlineBoutique,checkoutservice,delay,1,app,chi_workload,MEANSHIFT,11,9,mang
OnlineBoutique,checkoutservice,delay,1,app,chi_workload,KHONG-DOC,11,3,mang
OnlineBoutique,checkoutservice,delay,1,app,moi_cot,BARO,11,4,mang
OnlineBoutique,checkoutservice,delay,1,app,moi_cot,MEANSHIFT,11,3,mang
OnlineBoutique,checkoutservice,delay,1,app,moi_cot,KHONG-DOC,11,3,mang
OnlineBoutique,checkoutservice,delay,1,all,chi_cpu,BARO,11,7,mang
OnlineBoutique,checkoutservice,delay,1,all,chi_cpu,MEANSHIFT,11,1,mang
OnlineBoutique,checkoutservice,delay,1,all,chi_cpu,KHONG-DOC,11,3,mang
OnlineBoutique,checkoutservice,delay,1,all,chi_latency,BARO,10,3,mang
OnlineBoutique,checkoutservice,delay,1,all,chi_latency,MEANSHIFT,10,3,mang
OnlineBoutique,checkoutservice,delay,1,all,chi_latency,KHONG-DOC,10,3,mang
OnlineBoutique,checkoutservice,delay,1,all,chi_workload,BARO,11,4,mang
OnlineBoutique,checkoutservice,delay,1,all,chi_workload,MEANSHIFT,11,9,mang
OnlineBoutique,checkoutservice,delay,1,all,chi_workload,KHONG-DOC,11,3,mang
OnlineBoutique,checkoutservice,delay,1,all,moi_cot,BARO,12,5,mang
OnlineBoutique,checkoutservice,delay,1,all,moi_cot,MEANSHIFT,12,3,mang
OnlineBoutique,checkoutservice,delay,1,all,moi_cot,KHONG-DOC,12,3,mang
OnlineBoutique,checkoutservice,delay,2,fault5,chi_cpu,BARO,5,5,mang
OnlineBoutique,checkoutservice,delay,2,fault5,chi_cpu,MEANSHIFT,5,1,mang
OnlineBoutique,checkoutservice,delay,2,fault5,chi_cpu,KHONG-DOC,5,1,mang
OnlineBoutique,checkoutservice,delay,2,fault5,chi_latency,BARO,5,2,mang
OnlineBoutique,checkoutservice,delay,2,fault5,chi_latency,MEANSHIFT,5,2,mang
OnlineBoutique,checkoutservice,delay,2,fault5,chi_latency,KHONG-DOC,5,1,mang
OnlineBoutique,checkoutservice,delay,2,fault5,chi_workload,BARO,5,1,mang
OnlineBoutique,checkoutservice,delay,2,fault5,chi_workload,MEANSHIFT,5,4,mang
OnlineBoutique,checkoutservice,delay,2,fault5,chi_workload,KHONG-DOC,5,1,mang
OnlineBoutique,checkoutservice,delay,2,fault5,moi_cot,BARO,5,2,mang
OnlineBoutique,checkoutservice,delay,2,fault5,moi_cot,MEANSHIFT,5,2,mang
OnlineBoutique,checkoutservice,delay,2,fault5,moi_cot,KHONG-DOC,5,1,mang
OnlineBoutique,checkoutservice,delay,2,app,chi_cpu,BARO,10,9,mang
OnlineBoutique,checkoutservice,delay,2,app,chi_cpu,MEANSHIFT,10,2,mang
OnlineBoutique,checkoutservice,delay,2,app,chi_cpu,KHONG-DOC,10,3,mang
OnlineBoutique,checkoutservice,delay,2,app,chi_latency,BARO,10,3,mang
OnlineBoutique,checkoutservice,delay,2,app,chi_latency,MEANSHIFT,10,3,mang
OnlineBoutique,checkoutservice,delay,2,app,chi_latency,KHONG-DOC,10,3,mang
OnlineBoutique,checkoutservice,delay,2,app,chi_workload,BARO,11,2,mang
OnlineBoutique,checkoutservice,delay,2,app,chi_workload,MEANSHIFT,11,9,mang
OnlineBoutique,checkoutservice,delay,2,app,chi_workload,KHONG-DOC,11,3,mang
OnlineBoutique,checkoutservice,delay,2,app,moi_cot,BARO,11,4,mang
OnlineBoutique,checkoutservice,delay,2,app,moi_cot,MEANSHIFT,11,3,mang
OnlineBoutique,checkoutservice,delay,2,app,moi_cot,KHONG-DOC,11,3,mang
OnlineBoutique,checkoutservice,delay,2,all,chi_cpu,BARO,11,10,mang
OnlineBoutique,checkoutservice,delay,2,all,chi_cpu,MEANSHIFT,11,2,mang
OnlineBoutique,checkoutservice,delay,2,all,chi_cpu,KHONG-DOC,11,3,mang
OnlineBoutique,checkoutservice,delay,2,all,chi_latency,BARO,10,3,mang
OnlineBoutique,checkoutservice,delay,2,all,chi_latency,MEANSHIFT,10,3,mang
OnlineBoutique,checkoutservice,delay,2,all,chi_latency,KHONG-DOC,10,3,mang
OnlineBoutique,checkoutservice,delay,2,all,chi_workload,BARO,11,2,mang
OnlineBoutique,checkoutservice,delay,2,all,chi_workload,MEANSHIFT,11,9,mang
OnlineBoutique,checkoutservice,delay,2,all,chi_workload,KHONG-DOC,11,3,mang
OnlineBoutique,checkoutservice,delay,2,all,moi_cot,BARO,12,5,mang
OnlineBoutique,checkoutservice,delay,2,all,moi_cot,MEANSHIFT,12,3,mang
OnlineBoutique,checkoutservice,delay,2,all,moi_cot,KHONG-DOC,12,3,mang
OnlineBoutique,checkoutservice,delay,3,fault5,chi_cpu,BARO,5,5,mang
OnlineBoutique,checkoutservice,delay,3,fault5,chi_cpu,MEANSHIFT,5,1,mang
OnlineBoutique,checkoutservice,delay,3,fault5,chi_cpu,KHONG-DOC,5,1,mang
OnlineBoutique,checkoutservice,delay,3,fault5,chi_latency,BARO,4,1,mang
OnlineBoutique,checkoutservice,delay,3,fault5,chi_latency,MEANSHIFT,5,2,mang
OnlineBoutique,checkoutservice,delay,3,fault5,chi_latency,KHONG-DOC,5,1,mang
OnlineBoutique,checkoutservice,delay,3,fault5,chi_workload,BARO,5,2,mang
OnlineBoutique,checkoutservice,delay,3,fault5,chi_workload,MEANSHIFT,5,4,mang
OnlineBoutique,checkoutservice,delay,3,fault5,chi_workload,KHONG-DOC,5,1,mang
OnlineBoutique,checkoutservice,delay,3,fault5,moi_cot,BARO,5,1,mang
OnlineBoutique,checkoutservice,delay,3,fault5,moi_cot,MEANSHIFT,5,2,mang
OnlineBoutique,checkoutservice,delay,3,fault5,moi_cot,KHONG-DOC,5,1,mang
OnlineBoutique,checkoutservice,delay,3,app,chi_cpu,BARO,10,8,mang
OnlineBoutique,checkoutservice,delay,3,app,chi_cpu,MEANSHIFT,10,1,mang
OnlineBoutique,checkoutservice,delay,3,app,chi_cpu,KHONG-DOC,10,3,mang
OnlineBoutique,checkoutservice,delay,3,app,chi_latency,BARO,9,2,mang
OnlineBoutique,checkoutservice,delay,3,app,chi_latency,MEANSHIFT,10,3,mang
OnlineBoutique,checkoutservice,delay,3,app,chi_latency,KHONG-DOC,10,3,mang
OnlineBoutique,checkoutservice,delay,3,app,chi_workload,BARO,11,3,mang
OnlineBoutique,checkoutservice,delay,3,app,chi_workload,MEANSHIFT,11,8,mang
OnlineBoutique,checkoutservice,delay,3,app,chi_workload,KHONG-DOC,11,3,mang
OnlineBoutique,checkoutservice,delay,3,app,moi_cot,BARO,11,3,mang
OnlineBoutique,checkoutservice,delay,3,app,moi_cot,MEANSHIFT,11,3,mang
OnlineBoutique,checkoutservice,delay,3,app,moi_cot,KHONG-DOC,11,3,mang
OnlineBoutique,checkoutservice,delay,3,all,chi_cpu,BARO,11,9,mang
OnlineBoutique,checkoutservice,delay,3,all,chi_cpu,MEANSHIFT,11,1,mang
OnlineBoutique,checkoutservice,delay,3,all,chi_cpu,KHONG-DOC,11,3,mang
OnlineBoutique,checkoutservice,delay,3,all,chi_latency,BARO,9,2,mang
OnlineBoutique,checkoutservice,delay,3,all,chi_latency,MEANSHIFT,10,3,mang
OnlineBoutique,checkoutservice,delay,3,all,chi_latency,KHONG-DOC,10,3,mang
OnlineBoutique,checkoutservice,delay,3,all,chi_workload,BARO,11,3,mang
OnlineBoutique,checkoutservice,delay,3,all,chi_workload,MEANSHIFT,11,8,mang
OnlineBoutique,checkoutservice,delay,3,all,chi_workload,KHONG-DOC,11,3,mang
OnlineBoutique,checkoutservice,delay,3,all,moi_cot,BARO,12,4,mang
OnlineBoutique,checkoutservice,delay,3,all,moi_cot,MEANSHIFT,12,3,mang
OnlineBoutique,checkoutservice,delay,3,all,moi_cot,KHONG-DOC,12,3,mang
OnlineBoutique,checkoutservice,disk,1,fault5,chi_cpu,BARO,5,1,tai nguyen
OnlineBoutique,checkoutservice,disk,1,fault5,chi_cpu,MEANSHIFT,5,1,tai nguyen
OnlineBoutique,checkoutservice,disk,1,fault5,chi_cpu,KHONG-DOC,5,1,tai nguyen
OnlineBoutique,checkoutservice,disk,1,fault5,chi_latency,BARO,5,1,tai nguyen
OnlineBoutique,checkoutservice,disk,1,fault5,chi_latency,MEANSHIFT,5,2,tai nguyen
OnlineBoutique,checkoutservice,disk,1,fault5,chi_latency,KHONG-DOC,5,1,tai nguyen
OnlineBoutique,checkoutservice,disk,1,fault5,chi_workload,BARO,5,2,tai nguyen
OnlineBoutique,checkoutservice,disk,1,fault5,chi_workload,MEANSHIFT,5,2,tai nguyen
OnlineBoutique,checkoutservice,disk,1,fault5,chi_workload,KHONG-DOC,5,1,tai nguyen
OnlineBoutique,checkoutservice,disk,1,fault5,moi_cot,BARO,5,1,tai nguyen
OnlineBoutique,checkoutservice,disk,1,fault5,moi_cot,MEANSHIFT,5,1,tai nguyen
OnlineBoutique,checkoutservice,disk,1,fault5,moi_cot,KHONG-DOC,5,1,tai nguyen
OnlineBoutique,checkoutservice,disk,1,app,chi_cpu,BARO,10,1,tai nguyen
OnlineBoutique,checkoutservice,disk,1,app,chi_cpu,MEANSHIFT,10,1,tai nguyen
OnlineBoutique,checkoutservice,disk,1,app,chi_cpu,KHONG-DOC,10,3,tai nguyen
OnlineBoutique,checkoutservice,disk,1,app,chi_latency,BARO,10,1,tai nguyen
OnlineBoutique,checkoutservice,disk,1,app,chi_latency,MEANSHIFT,10,2,tai nguyen
OnlineBoutique,checkoutservice,disk,1,app,chi_latency,KHONG-DOC,10,3,tai nguyen
OnlineBoutique,checkoutservice,disk,1,app,chi_workload,BARO,11,4,tai nguyen
OnlineBoutique,checkoutservice,disk,1,app,chi_workload,MEANSHIFT,11,5,tai nguyen
OnlineBoutique,checkoutservice,disk,1,app,chi_workload,KHONG-DOC,11,3,tai nguyen
OnlineBoutique,checkoutservice,disk,1,app,moi_cot,BARO,11,1,tai nguyen
OnlineBoutique,checkoutservice,disk,1,app,moi_cot,MEANSHIFT,11,1,tai nguyen
OnlineBoutique,checkoutservice,disk,1,app,moi_cot,KHONG-DOC,11,3,tai nguyen
OnlineBoutique,checkoutservice,disk,1,all,chi_cpu,BARO,11,1,tai nguyen
OnlineBoutique,checkoutservice,disk,1,all,chi_cpu,MEANSHIFT,11,1,tai nguyen
OnlineBoutique,checkoutservice,disk,1,all,chi_cpu,KHONG-DOC,11,3,tai nguyen
OnlineBoutique,checkoutservice,disk,1,all,chi_latency,BARO,10,1,tai nguyen
OnlineBoutique,checkoutservice,disk,1,all,chi_latency,MEANSHIFT,10,2,tai nguyen
OnlineBoutique,checkoutservice,disk,1,all,chi_latency,KHONG-DOC,10,3,tai nguyen
OnlineBoutique,checkoutservice,disk,1,all,chi_workload,BARO,11,4,tai nguyen
OnlineBoutique,checkoutservice,disk,1,all,chi_workload,MEANSHIFT,11,5,tai nguyen
OnlineBoutique,checkoutservice,disk,1,all,chi_workload,KHONG-DOC,11,3,tai nguyen
OnlineBoutique,checkoutservice,disk,1,all,moi_cot,BARO,12,2,tai nguyen
OnlineBoutique,checkoutservice,disk,1,all,moi_cot,MEANSHIFT,12,1,tai nguyen
OnlineBoutique,checkoutservice,disk,1,all,moi_cot,KHONG-DOC,12,3,tai nguyen
OnlineBoutique,checkoutservice,disk,2,fault5,chi_cpu,BARO,5,1,tai nguyen
OnlineBoutique,checkoutservice,disk,2,fault5,chi_cpu,MEANSHIFT,5,1,tai nguyen
OnlineBoutique,checkoutservice,disk,2,fault5,chi_cpu,KHONG-DOC,5,1,tai nguyen
OnlineBoutique,checkoutservice,disk,2,fault5,chi_latency,BARO,5,1,tai nguyen
OnlineBoutique,checkoutservice,disk,2,fault5,chi_latency,MEANSHIFT,5,1,tai nguyen
OnlineBoutique,checkoutservice,disk,2,fault5,chi_latency,KHONG-DOC,5,1,tai nguyen
OnlineBoutique,checkoutservice,disk,2,fault5,chi_workload,BARO,5,1,tai nguyen
OnlineBoutique,checkoutservice,disk,2,fault5,chi_workload,MEANSHIFT,5,3,tai nguyen
OnlineBoutique,checkoutservice,disk,2,fault5,chi_workload,KHONG-DOC,5,1,tai nguyen
OnlineBoutique,checkoutservice,disk,2,fault5,moi_cot,BARO,5,1,tai nguyen
OnlineBoutique,checkoutservice,disk,2,fault5,moi_cot,MEANSHIFT,5,1,tai nguyen
OnlineBoutique,checkoutservice,disk,2,fault5,moi_cot,KHONG-DOC,5,1,tai nguyen
OnlineBoutique,checkoutservice,disk,2,app,chi_cpu,BARO,10,1,tai nguyen
OnlineBoutique,checkoutservice,disk,2,app,chi_cpu,MEANSHIFT,10,1,tai nguyen
OnlineBoutique,checkoutservice,disk,2,app,chi_cpu,KHONG-DOC,10,3,tai nguyen
OnlineBoutique,checkoutservice,disk,2,app,chi_latency,BARO,10,1,tai nguyen
OnlineBoutique,checkoutservice,disk,2,app,chi_latency,MEANSHIFT,10,1,tai nguyen
OnlineBoutique,checkoutservice,disk,2,app,chi_latency,KHONG-DOC,10,3,tai nguyen
OnlineBoutique,checkoutservice,disk,2,app,chi_workload,BARO,10,3,tai nguyen
OnlineBoutique,checkoutservice,disk,2,app,chi_workload,MEANSHIFT,10,7,tai nguyen
OnlineBoutique,checkoutservice,disk,2,app,chi_workload,KHONG-DOC,10,3,tai nguyen
OnlineBoutique,checkoutservice,disk,2,app,moi_cot,BARO,10,1,tai nguyen
OnlineBoutique,checkoutservice,disk,2,app,moi_cot,MEANSHIFT,10,1,tai nguyen
OnlineBoutique,checkoutservice,disk,2,app,moi_cot,KHONG-DOC,10,3,tai nguyen
OnlineBoutique,checkoutservice,disk,2,all,chi_cpu,BARO,11,1,tai nguyen
OnlineBoutique,checkoutservice,disk,2,all,chi_cpu,MEANSHIFT,11,1,tai nguyen
OnlineBoutique,checkoutservice,disk,2,all,chi_cpu,KHONG-DOC,11,3,tai nguyen
OnlineBoutique,checkoutservice,disk,2,all,chi_latency,BARO,10,1,tai nguyen
OnlineBoutique,checkoutservice,disk,2,all,chi_latency,MEANSHIFT,10,1,tai nguyen
OnlineBoutique,checkoutservice,disk,2,all,chi_latency,KHONG-DOC,10,3,tai nguyen
OnlineBoutique,checkoutservice,disk,2,all,chi_workload,BARO,10,3,tai nguyen
OnlineBoutique,checkoutservice,disk,2,all,chi_workload,MEANSHIFT,10,7,tai nguyen
OnlineBoutique,checkoutservice,disk,2,all,chi_workload,KHONG-DOC,10,3,tai nguyen
OnlineBoutique,checkoutservice,disk,2,all,moi_cot,BARO,11,2,tai nguyen
OnlineBoutique,checkoutservice,disk,2,all,moi_cot,MEANSHIFT,11,1,tai nguyen
OnlineBoutique,checkoutservice,disk,2,all,moi_cot,KHONG-DOC,11,3,tai nguyen
OnlineBoutique,checkoutservice,disk,3,fault5,chi_cpu,BARO,5,1,tai nguyen
OnlineBoutique,checkoutservice,disk,3,fault5,chi_cpu,MEANSHIFT,5,1,tai nguyen
OnlineBoutique,checkoutservice,disk,3,fault5,chi_cpu,KHONG-DOC,5,1,tai nguyen
OnlineBoutique,checkoutservice,disk,3,fault5,chi_latency,BARO,5,1,tai nguyen
OnlineBoutique,checkoutservice,disk,3,fault5,chi_latency,MEANSHIFT,5,1,tai nguyen
OnlineBoutique,checkoutservice,disk,3,fault5,chi_latency,KHONG-DOC,5,1,tai nguyen
OnlineBoutique,checkoutservice,disk,3,fault5,chi_workload,BARO,5,2,tai nguyen
OnlineBoutique,checkoutservice,disk,3,fault5,chi_workload,MEANSHIFT,5,4,tai nguyen
OnlineBoutique,checkoutservice,disk,3,fault5,chi_workload,KHONG-DOC,5,1,tai nguyen
OnlineBoutique,checkoutservice,disk,3,fault5,moi_cot,BARO,5,1,tai nguyen
OnlineBoutique,checkoutservice,disk,3,fault5,moi_cot,MEANSHIFT,5,1,tai nguyen
OnlineBoutique,checkoutservice,disk,3,fault5,moi_cot,KHONG-DOC,5,1,tai nguyen
OnlineBoutique,checkoutservice,disk,3,app,chi_cpu,BARO,10,1,tai nguyen
OnlineBoutique,checkoutservice,disk,3,app,chi_cpu,MEANSHIFT,10,1,tai nguyen
OnlineBoutique,checkoutservice,disk,3,app,chi_cpu,KHONG-DOC,10,3,tai nguyen
OnlineBoutique,checkoutservice,disk,3,app,chi_latency,BARO,10,1,tai nguyen
OnlineBoutique,checkoutservice,disk,3,app,chi_latency,MEANSHIFT,10,1,tai nguyen
OnlineBoutique,checkoutservice,disk,3,app,chi_latency,KHONG-DOC,10,3,tai nguyen
OnlineBoutique,checkoutservice,disk,3,app,chi_workload,BARO,10,3,tai nguyen
OnlineBoutique,checkoutservice,disk,3,app,chi_workload,MEANSHIFT,10,9,tai nguyen
OnlineBoutique,checkoutservice,disk,3,app,chi_workload,KHONG-DOC,10,3,tai nguyen
OnlineBoutique,checkoutservice,disk,3,app,moi_cot,BARO,10,1,tai nguyen
OnlineBoutique,checkoutservice,disk,3,app,moi_cot,MEANSHIFT,10,1,tai nguyen
OnlineBoutique,checkoutservice,disk,3,app,moi_cot,KHONG-DOC,10,3,tai nguyen
OnlineBoutique,checkoutservice,disk,3,all,chi_cpu,BARO,11,1,tai nguyen
OnlineBoutique,checkoutservice,disk,3,all,chi_cpu,MEANSHIFT,11,1,tai nguyen
OnlineBoutique,checkoutservice,disk,3,all,chi_cpu,KHONG-DOC,11,3,tai nguyen
OnlineBoutique,checkoutservice,disk,3,all,chi_latency,BARO,10,1,tai nguyen
OnlineBoutique,checkoutservice,disk,3,all,chi_latency,MEANSHIFT,10,1,tai nguyen
OnlineBoutique,checkoutservice,disk,3,all,chi_latency,KHONG-DOC,10,3,tai nguyen
OnlineBoutique,checkoutservice,disk,3,all,chi_workload,BARO,10,3,tai nguyen
OnlineBoutique,checkoutservice,disk,3,all,chi_workload,MEANSHIFT,10,9,tai nguyen
OnlineBoutique,checkoutservice,disk,3,all,chi_workload,KHONG-DOC,10,3,tai nguyen
OnlineBoutique,checkoutservice,disk,3,all,moi_cot,BARO,11,2,tai nguyen
OnlineBoutique,checkoutservice,disk,3,all,moi_cot,MEANSHIFT,11,1,tai nguyen
OnlineBoutique,checkoutservice,disk,3,all,moi_cot,KHONG-DOC,11,3,tai nguyen
OnlineBoutique,checkoutservice,loss,1,fault5,chi_cpu,BARO,5,5,mang
OnlineBoutique,checkoutservice,loss,1,fault5,chi_cpu,MEANSHIFT,5,1,mang
OnlineBoutique,checkoutservice,loss,1,fault5,chi_cpu,KHONG-DOC,5,1,mang
OnlineBoutique,checkoutservice,loss,1,fault5,chi_latency,BARO,5,1,mang
OnlineBoutique,checkoutservice,loss,1,fault5,chi_latency,MEANSHIFT,5,1,mang
OnlineBoutique,checkoutservice,loss,1,fault5,chi_latency,KHONG-DOC,5,1,mang
OnlineBoutique,checkoutservice,loss,1,fault5,chi_workload,BARO,5,3,mang
OnlineBoutique,checkoutservice,loss,1,fault5,chi_workload,MEANSHIFT,5,2,mang
OnlineBoutique,checkoutservice,loss,1,fault5,chi_workload,KHONG-DOC,5,1,mang
OnlineBoutique,checkoutservice,loss,1,fault5,moi_cot,BARO,5,1,mang
OnlineBoutique,checkoutservice,loss,1,fault5,moi_cot,MEANSHIFT,5,1,mang
OnlineBoutique,checkoutservice,loss,1,fault5,moi_cot,KHONG-DOC,5,1,mang
OnlineBoutique,checkoutservice,loss,1,app,chi_cpu,BARO,10,9,mang
OnlineBoutique,checkoutservice,loss,1,app,chi_cpu,MEANSHIFT,10,2,mang
OnlineBoutique,checkoutservice,loss,1,app,chi_cpu,KHONG-DOC,10,3,mang
OnlineBoutique,checkoutservice,loss,1,app,chi_latency,BARO,10,1,mang
OnlineBoutique,checkoutservice,loss,1,app,chi_latency,MEANSHIFT,10,1,mang
OnlineBoutique,checkoutservice,loss,1,app,chi_latency,KHONG-DOC,10,3,mang
OnlineBoutique,checkoutservice,loss,1,app,chi_workload,BARO,11,8,mang
OnlineBoutique,checkoutservice,loss,1,app,chi_workload,MEANSHIFT,11,3,mang
OnlineBoutique,checkoutservice,loss,1,app,chi_workload,KHONG-DOC,11,3,mang
OnlineBoutique,checkoutservice,loss,1,app,moi_cot,BARO,11,1,mang
OnlineBoutique,checkoutservice,loss,1,app,moi_cot,MEANSHIFT,11,1,mang
OnlineBoutique,checkoutservice,loss,1,app,moi_cot,KHONG-DOC,11,3,mang
OnlineBoutique,checkoutservice,loss,1,all,chi_cpu,BARO,11,10,mang
OnlineBoutique,checkoutservice,loss,1,all,chi_cpu,MEANSHIFT,11,2,mang
OnlineBoutique,checkoutservice,loss,1,all,chi_cpu,KHONG-DOC,11,3,mang
OnlineBoutique,checkoutservice,loss,1,all,chi_latency,BARO,10,1,mang
OnlineBoutique,checkoutservice,loss,1,all,chi_latency,MEANSHIFT,10,1,mang
OnlineBoutique,checkoutservice,loss,1,all,chi_latency,KHONG-DOC,10,3,mang
OnlineBoutique,checkoutservice,loss,1,all,chi_workload,BARO,11,8,mang
OnlineBoutique,checkoutservice,loss,1,all,chi_workload,MEANSHIFT,11,3,mang
OnlineBoutique,checkoutservice,loss,1,all,chi_workload,KHONG-DOC,11,3,mang
OnlineBoutique,checkoutservice,loss,1,all,moi_cot,BARO,12,2,mang
OnlineBoutique,checkoutservice,loss,1,all,moi_cot,MEANSHIFT,12,1,mang
OnlineBoutique,checkoutservice,loss,1,all,moi_cot,KHONG-DOC,12,3,mang
OnlineBoutique,checkoutservice,loss,2,fault5,chi_cpu,BARO,5,5,mang
OnlineBoutique,checkoutservice,loss,2,fault5,chi_cpu,MEANSHIFT,5,5,mang
OnlineBoutique,checkoutservice,loss,2,fault5,chi_cpu,KHONG-DOC,5,1,mang
OnlineBoutique,checkoutservice,loss,2,fault5,chi_latency,BARO,5,1,mang
OnlineBoutique,checkoutservice,loss,2,fault5,chi_latency,MEANSHIFT,5,1,mang
OnlineBoutique,checkoutservice,loss,2,fault5,chi_latency,KHONG-DOC,5,1,mang
OnlineBoutique,checkoutservice,loss,2,fault5,chi_workload,BARO,5,2,mang
OnlineBoutique,checkoutservice,loss,2,fault5,chi_workload,MEANSHIFT,5,1,mang
OnlineBoutique,checkoutservice,loss,2,fault5,chi_workload,KHONG-DOC,5,1,mang
OnlineBoutique,checkoutservice,loss,2,fault5,moi_cot,BARO,5,2,mang
OnlineBoutique,checkoutservice,loss,2,fault5,moi_cot,MEANSHIFT,5,2,mang
OnlineBoutique,checkoutservice,loss,2,fault5,moi_cot,KHONG-DOC,5,1,mang
OnlineBoutique,checkoutservice,loss,2,app,chi_cpu,BARO,10,9,mang
OnlineBoutique,checkoutservice,loss,2,app,chi_cpu,MEANSHIFT,10,10,mang
OnlineBoutique,checkoutservice,loss,2,app,chi_cpu,KHONG-DOC,10,3,mang
OnlineBoutique,checkoutservice,loss,2,app,chi_latency,BARO,10,1,mang
OnlineBoutique,checkoutservice,loss,2,app,chi_latency,MEANSHIFT,10,1,mang
OnlineBoutique,checkoutservice,loss,2,app,chi_latency,KHONG-DOC,10,3,mang
OnlineBoutique,checkoutservice,loss,2,app,chi_workload,BARO,11,5,mang
OnlineBoutique,checkoutservice,loss,2,app,chi_workload,MEANSHIFT,11,1,mang
OnlineBoutique,checkoutservice,loss,2,app,chi_workload,KHONG-DOC,11,3,mang
OnlineBoutique,checkoutservice,loss,2,app,moi_cot,BARO,11,2,mang
OnlineBoutique,checkoutservice,loss,2,app,moi_cot,MEANSHIFT,11,2,mang
OnlineBoutique,checkoutservice,loss,2,app,moi_cot,KHONG-DOC,11,3,mang
OnlineBoutique,checkoutservice,loss,2,all,chi_cpu,BARO,11,10,mang
OnlineBoutique,checkoutservice,loss,2,all,chi_cpu,MEANSHIFT,11,11,mang
OnlineBoutique,checkoutservice,loss,2,all,chi_cpu,KHONG-DOC,11,3,mang
OnlineBoutique,checkoutservice,loss,2,all,chi_latency,BARO,10,1,mang
OnlineBoutique,checkoutservice,loss,2,all,chi_latency,MEANSHIFT,10,1,mang
OnlineBoutique,checkoutservice,loss,2,all,chi_latency,KHONG-DOC,10,3,mang
OnlineBoutique,checkoutservice,loss,2,all,chi_workload,BARO,11,5,mang
OnlineBoutique,checkoutservice,loss,2,all,chi_workload,MEANSHIFT,11,1,mang
OnlineBoutique,checkoutservice,loss,2,all,chi_workload,KHONG-DOC,11,3,mang
OnlineBoutique,checkoutservice,loss,2,all,moi_cot,BARO,12,3,mang
OnlineBoutique,checkoutservice,loss,2,all,moi_cot,MEANSHIFT,12,2,mang
OnlineBoutique,checkoutservice,loss,2,all,moi_cot,KHONG-DOC,12,3,mang
OnlineBoutique,checkoutservice,loss,3,fault5,chi_cpu,BARO,5,4,mang
OnlineBoutique,checkoutservice,loss,3,fault5,chi_cpu,MEANSHIFT,5,2,mang
OnlineBoutique,checkoutservice,loss,3,fault5,chi_cpu,KHONG-DOC,5,1,mang
OnlineBoutique,checkoutservice,loss,3,fault5,chi_latency,BARO,5,1,mang
OnlineBoutique,checkoutservice,loss,3,fault5,chi_latency,MEANSHIFT,5,1,mang
OnlineBoutique,checkoutservice,loss,3,fault5,chi_latency,KHONG-DOC,5,1,mang
OnlineBoutique,checkoutservice,loss,3,fault5,chi_workload,BARO,5,3,mang
OnlineBoutique,checkoutservice,loss,3,fault5,chi_workload,MEANSHIFT,5,2,mang
OnlineBoutique,checkoutservice,loss,3,fault5,chi_workload,KHONG-DOC,5,1,mang
OnlineBoutique,checkoutservice,loss,3,fault5,moi_cot,BARO,5,1,mang
OnlineBoutique,checkoutservice,loss,3,fault5,moi_cot,MEANSHIFT,5,1,mang
OnlineBoutique,checkoutservice,loss,3,fault5,moi_cot,KHONG-DOC,5,1,mang
OnlineBoutique,checkoutservice,loss,3,app,chi_cpu,BARO,10,6,mang
OnlineBoutique,checkoutservice,loss,3,app,chi_cpu,MEANSHIFT,10,5,mang
OnlineBoutique,checkoutservice,loss,3,app,chi_cpu,KHONG-DOC,10,3,mang
OnlineBoutique,checkoutservice,loss,3,app,chi_latency,BARO,10,2,mang
OnlineBoutique,checkoutservice,loss,3,app,chi_latency,MEANSHIFT,10,1,mang
OnlineBoutique,checkoutservice,loss,3,app,chi_latency,KHONG-DOC,10,3,mang
OnlineBoutique,checkoutservice,loss,3,app,chi_workload,BARO,11,9,mang
OnlineBoutique,checkoutservice,loss,3,app,chi_workload,MEANSHIFT,11,3,mang
OnlineBoutique,checkoutservice,loss,3,app,chi_workload,KHONG-DOC,11,3,mang
OnlineBoutique,checkoutservice,loss,3,app,moi_cot,BARO,11,1,mang
OnlineBoutique,checkoutservice,loss,3,app,moi_cot,MEANSHIFT,11,1,mang
OnlineBoutique,checkoutservice,loss,3,app,moi_cot,KHONG-DOC,11,3,mang
OnlineBoutique,checkoutservice,loss,3,all,chi_cpu,BARO,11,7,mang
OnlineBoutique,checkoutservice,loss,3,all,chi_cpu,MEANSHIFT,11,5,mang
OnlineBoutique,checkoutservice,loss,3,all,chi_cpu,KHONG-DOC,11,3,mang
OnlineBoutique,checkoutservice,loss,3,all,chi_latency,BARO,10,2,mang
OnlineBoutique,checkoutservice,loss,3,all,chi_latency,MEANSHIFT,10,1,mang
OnlineBoutique,checkoutservice,loss,3,all,chi_latency,KHONG-DOC,10,3,mang
OnlineBoutique,checkoutservice,loss,3,all,chi_workload,BARO,11,9,mang
OnlineBoutique,checkoutservice,loss,3,all,chi_workload,MEANSHIFT,11,3,mang
OnlineBoutique,checkoutservice,loss,3,all,chi_workload,KHONG-DOC,11,3,mang
OnlineBoutique,checkoutservice,loss,3,all,moi_cot,BARO,12,2,mang
OnlineBoutique,checkoutservice,loss,3,all,moi_cot,MEANSHIFT,12,1,mang
OnlineBoutique,checkoutservice,loss,3,all,moi_cot,KHONG-DOC,13,3,mang
OnlineBoutique,checkoutservice,mem,1,fault5,chi_cpu,BARO,5,1,tai nguyen
OnlineBoutique,checkoutservice,mem,1,fault5,chi_cpu,MEANSHIFT,5,1,tai nguyen
OnlineBoutique,checkoutservice,mem,1,fault5,chi_cpu,KHONG-DOC,5,1,tai nguyen
OnlineBoutique,checkoutservice,mem,1,fault5,chi_latency,BARO,5,1,tai nguyen
OnlineBoutique,checkoutservice,mem,1,fault5,chi_latency,MEANSHIFT,5,1,tai nguyen
OnlineBoutique,checkoutservice,mem,1,fault5,chi_latency,KHONG-DOC,5,1,tai nguyen
OnlineBoutique,checkoutservice,mem,1,fault5,chi_workload,BARO,5,5,tai nguyen
OnlineBoutique,checkoutservice,mem,1,fault5,chi_workload,MEANSHIFT,5,5,tai nguyen
OnlineBoutique,checkoutservice,mem,1,fault5,chi_workload,KHONG-DOC,5,1,tai nguyen
OnlineBoutique,checkoutservice,mem,1,fault5,moi_cot,BARO,5,1,tai nguyen
OnlineBoutique,checkoutservice,mem,1,fault5,moi_cot,MEANSHIFT,5,1,tai nguyen
OnlineBoutique,checkoutservice,mem,1,fault5,moi_cot,KHONG-DOC,5,1,tai nguyen
OnlineBoutique,checkoutservice,mem,1,app,chi_cpu,BARO,10,1,tai nguyen
OnlineBoutique,checkoutservice,mem,1,app,chi_cpu,MEANSHIFT,10,1,tai nguyen
OnlineBoutique,checkoutservice,mem,1,app,chi_cpu,KHONG-DOC,10,3,tai nguyen
OnlineBoutique,checkoutservice,mem,1,app,chi_latency,BARO,10,1,tai nguyen
OnlineBoutique,checkoutservice,mem,1,app,chi_latency,MEANSHIFT,10,1,tai nguyen
OnlineBoutique,checkoutservice,mem,1,app,chi_latency,KHONG-DOC,10,3,tai nguyen
OnlineBoutique,checkoutservice,mem,1,app,chi_workload,BARO,11,11,tai nguyen
OnlineBoutique,checkoutservice,mem,1,app,chi_workload,MEANSHIFT,11,10,tai nguyen
OnlineBoutique,checkoutservice,mem,1,app,chi_workload,KHONG-DOC,11,3,tai nguyen
OnlineBoutique,checkoutservice,mem,1,app,moi_cot,BARO,11,1,tai nguyen
OnlineBoutique,checkoutservice,mem,1,app,moi_cot,MEANSHIFT,11,1,tai nguyen
OnlineBoutique,checkoutservice,mem,1,app,moi_cot,KHONG-DOC,11,3,tai nguyen
OnlineBoutique,checkoutservice,mem,1,all,chi_cpu,BARO,11,1,tai nguyen
OnlineBoutique,checkoutservice,mem,1,all,chi_cpu,MEANSHIFT,11,1,tai nguyen
OnlineBoutique,checkoutservice,mem,1,all,chi_cpu,KHONG-DOC,11,3,tai nguyen
OnlineBoutique,checkoutservice,mem,1,all,chi_latency,BARO,10,1,tai nguyen
OnlineBoutique,checkoutservice,mem,1,all,chi_latency,MEANSHIFT,10,1,tai nguyen
OnlineBoutique,checkoutservice,mem,1,all,chi_latency,KHONG-DOC,10,3,tai nguyen
OnlineBoutique,checkoutservice,mem,1,all,chi_workload,BARO,11,11,tai nguyen
OnlineBoutique,checkoutservice,mem,1,all,chi_workload,MEANSHIFT,11,10,tai nguyen
OnlineBoutique,checkoutservice,mem,1,all,chi_workload,KHONG-DOC,11,3,tai nguyen
OnlineBoutique,checkoutservice,mem,1,all,moi_cot,BARO,12,2,tai nguyen
OnlineBoutique,checkoutservice,mem,1,all,moi_cot,MEANSHIFT,12,1,tai nguyen
OnlineBoutique,checkoutservice,mem,1,all,moi_cot,KHONG-DOC,12,3,tai nguyen
OnlineBoutique,checkoutservice,mem,2,fault5,chi_cpu,BARO,5,1,tai nguyen
OnlineBoutique,checkoutservice,mem,2,fault5,chi_cpu,MEANSHIFT,5,1,tai nguyen
OnlineBoutique,checkoutservice,mem,2,fault5,chi_cpu,KHONG-DOC,5,1,tai nguyen
OnlineBoutique,checkoutservice,mem,2,fault5,chi_latency,BARO,5,1,tai nguyen
OnlineBoutique,checkoutservice,mem,2,fault5,chi_latency,MEANSHIFT,5,1,tai nguyen
OnlineBoutique,checkoutservice,mem,2,fault5,chi_latency,KHONG-DOC,5,1,tai nguyen
OnlineBoutique,checkoutservice,mem,2,fault5,chi_workload,BARO,5,4,tai nguyen
OnlineBoutique,checkoutservice,mem,2,fault5,chi_workload,MEANSHIFT,5,2,tai nguyen
OnlineBoutique,checkoutservice,mem,2,fault5,chi_workload,KHONG-DOC,5,1,tai nguyen
OnlineBoutique,checkoutservice,mem,2,fault5,moi_cot,BARO,5,1,tai nguyen
OnlineBoutique,checkoutservice,mem,2,fault5,moi_cot,MEANSHIFT,5,1,tai nguyen
OnlineBoutique,checkoutservice,mem,2,fault5,moi_cot,KHONG-DOC,5,1,tai nguyen
OnlineBoutique,checkoutservice,mem,2,app,chi_cpu,BARO,10,1,tai nguyen
OnlineBoutique,checkoutservice,mem,2,app,chi_cpu,MEANSHIFT,10,1,tai nguyen
OnlineBoutique,checkoutservice,mem,2,app,chi_cpu,KHONG-DOC,10,3,tai nguyen
OnlineBoutique,checkoutservice,mem,2,app,chi_latency,BARO,10,1,tai nguyen
OnlineBoutique,checkoutservice,mem,2,app,chi_latency,MEANSHIFT,10,1,tai nguyen
OnlineBoutique,checkoutservice,mem,2,app,chi_latency,KHONG-DOC,10,3,tai nguyen
OnlineBoutique,checkoutservice,mem,2,app,chi_workload,BARO,11,7,tai nguyen
OnlineBoutique,checkoutservice,mem,2,app,chi_workload,MEANSHIFT,11,8,tai nguyen
OnlineBoutique,checkoutservice,mem,2,app,chi_workload,KHONG-DOC,11,3,tai nguyen
OnlineBoutique,checkoutservice,mem,2,app,moi_cot,BARO,11,1,tai nguyen
OnlineBoutique,checkoutservice,mem,2,app,moi_cot,MEANSHIFT,11,1,tai nguyen
OnlineBoutique,checkoutservice,mem,2,app,moi_cot,KHONG-DOC,11,3,tai nguyen
OnlineBoutique,checkoutservice,mem,2,all,chi_cpu,BARO,11,1,tai nguyen
OnlineBoutique,checkoutservice,mem,2,all,chi_cpu,MEANSHIFT,11,1,tai nguyen
OnlineBoutique,checkoutservice,mem,2,all,chi_cpu,KHONG-DOC,11,3,tai nguyen
OnlineBoutique,checkoutservice,mem,2,all,chi_latency,BARO,10,1,tai nguyen
OnlineBoutique,checkoutservice,mem,2,all,chi_latency,MEANSHIFT,10,1,tai nguyen
OnlineBoutique,checkoutservice,mem,2,all,chi_latency,KHONG-DOC,10,3,tai nguyen
OnlineBoutique,checkoutservice,mem,2,all,chi_workload,BARO,11,7,tai nguyen
OnlineBoutique,checkoutservice,mem,2,all,chi_workload,MEANSHIFT,11,8,tai nguyen
OnlineBoutique,checkoutservice,mem,2,all,chi_workload,KHONG-DOC,11,3,tai nguyen
OnlineBoutique,checkoutservice,mem,2,all,moi_cot,BARO,12,2,tai nguyen
OnlineBoutique,checkoutservice,mem,2,all,moi_cot,MEANSHIFT,12,1,tai nguyen
OnlineBoutique,checkoutservice,mem,2,all,moi_cot,KHONG-DOC,12,3,tai nguyen
OnlineBoutique,checkoutservice,mem,3,fault5,chi_cpu,BARO,5,1,tai nguyen
OnlineBoutique,checkoutservice,mem,3,fault5,chi_cpu,MEANSHIFT,5,1,tai nguyen
OnlineBoutique,checkoutservice,mem,3,fault5,chi_cpu,KHONG-DOC,5,1,tai nguyen
OnlineBoutique,checkoutservice,mem,3,fault5,chi_latency,BARO,5,1,tai nguyen
OnlineBoutique,checkoutservice,mem,3,fault5,chi_latency,MEANSHIFT,5,1,tai nguyen
OnlineBoutique,checkoutservice,mem,3,fault5,chi_latency,KHONG-DOC,5,1,tai nguyen
OnlineBoutique,checkoutservice,mem,3,fault5,chi_workload,BARO,5,1,tai nguyen
OnlineBoutique,checkoutservice,mem,3,fault5,chi_workload,MEANSHIFT,5,2,tai nguyen
OnlineBoutique,checkoutservice,mem,3,fault5,chi_workload,KHONG-DOC,5,1,tai nguyen
OnlineBoutique,checkoutservice,mem,3,fault5,moi_cot,BARO,5,1,tai nguyen
OnlineBoutique,checkoutservice,mem,3,fault5,moi_cot,MEANSHIFT,5,1,tai nguyen
OnlineBoutique,checkoutservice,mem,3,fault5,moi_cot,KHONG-DOC,5,1,tai nguyen
OnlineBoutique,checkoutservice,mem,3,app,chi_cpu,BARO,10,1,tai nguyen
OnlineBoutique,checkoutservice,mem,3,app,chi_cpu,MEANSHIFT,10,1,tai nguyen
OnlineBoutique,checkoutservice,mem,3,app,chi_cpu,KHONG-DOC,10,3,tai nguyen
OnlineBoutique,checkoutservice,mem,3,app,chi_latency,BARO,10,1,tai nguyen
OnlineBoutique,checkoutservice,mem,3,app,chi_latency,MEANSHIFT,10,1,tai nguyen
OnlineBoutique,checkoutservice,mem,3,app,chi_latency,KHONG-DOC,10,3,tai nguyen
OnlineBoutique,checkoutservice,mem,3,app,chi_workload,BARO,11,2,tai nguyen
OnlineBoutique,checkoutservice,mem,3,app,chi_workload,MEANSHIFT,11,6,tai nguyen
OnlineBoutique,checkoutservice,mem,3,app,chi_workload,KHONG-DOC,11,3,tai nguyen
OnlineBoutique,checkoutservice,mem,3,app,moi_cot,BARO,11,1,tai nguyen
OnlineBoutique,checkoutservice,mem,3,app,moi_cot,MEANSHIFT,11,1,tai nguyen
OnlineBoutique,checkoutservice,mem,3,app,moi_cot,KHONG-DOC,11,3,tai nguyen
OnlineBoutique,checkoutservice,mem,3,all,chi_cpu,BARO,11,1,tai nguyen
OnlineBoutique,checkoutservice,mem,3,all,chi_cpu,MEANSHIFT,11,1,tai nguyen
OnlineBoutique,checkoutservice,mem,3,all,chi_cpu,KHONG-DOC,11,3,tai nguyen
OnlineBoutique,checkoutservice,mem,3,all,chi_latency,BARO,10,1,tai nguyen
OnlineBoutique,checkoutservice,mem,3,all,chi_latency,MEANSHIFT,10,1,tai nguyen
OnlineBoutique,checkoutservice,mem,3,all,chi_latency,KHONG-DOC,10,3,tai nguyen
OnlineBoutique,checkoutservice,mem,3,all,chi_workload,BARO,11,2,tai nguyen
OnlineBoutique,checkoutservice,mem,3,all,chi_workload,MEANSHIFT,11,6,tai nguyen
OnlineBoutique,checkoutservice,mem,3,all,chi_workload,KHONG-DOC,11,3,tai nguyen
OnlineBoutique,checkoutservice,mem,3,all,moi_cot,BARO,12,1,tai nguyen
OnlineBoutique,checkoutservice,mem,3,all,moi_cot,MEANSHIFT,12,1,tai nguyen
OnlineBoutique,checkoutservice,mem,3,all,moi_cot,KHONG-DOC,12,3,tai nguyen
OnlineBoutique,checkoutservice,socket,1,fault5,chi_cpu,BARO,5,1,tai nguyen
OnlineBoutique,checkoutservice,socket,1,fault5,chi_cpu,MEANSHIFT,5,1,tai nguyen
OnlineBoutique,checkoutservice,socket,1,fault5,chi_cpu,KHONG-DOC,5,1,tai nguyen
OnlineBoutique,checkoutservice,socket,1,fault5,chi_latency,BARO,5,1,tai nguyen
OnlineBoutique,checkoutservice,socket,1,fault5,chi_latency,MEANSHIFT,5,1,tai nguyen
OnlineBoutique,checkoutservice,socket,1,fault5,chi_latency,KHONG-DOC,5,1,tai nguyen
OnlineBoutique,checkoutservice,socket,1,fault5,chi_workload,BARO,5,4,tai nguyen
OnlineBoutique,checkoutservice,socket,1,fault5,chi_workload,MEANSHIFT,5,2,tai nguyen
OnlineBoutique,checkoutservice,socket,1,fault5,chi_workload,KHONG-DOC,5,1,tai nguyen
OnlineBoutique,checkoutservice,socket,1,fault5,moi_cot,BARO,5,1,tai nguyen
OnlineBoutique,checkoutservice,socket,1,fault5,moi_cot,MEANSHIFT,5,1,tai nguyen
OnlineBoutique,checkoutservice,socket,1,fault5,moi_cot,KHONG-DOC,5,1,tai nguyen
OnlineBoutique,checkoutservice,socket,1,app,chi_cpu,BARO,10,1,tai nguyen
OnlineBoutique,checkoutservice,socket,1,app,chi_cpu,MEANSHIFT,10,1,tai nguyen
OnlineBoutique,checkoutservice,socket,1,app,chi_cpu,KHONG-DOC,10,3,tai nguyen
OnlineBoutique,checkoutservice,socket,1,app,chi_latency,BARO,10,1,tai nguyen
OnlineBoutique,checkoutservice,socket,1,app,chi_latency,MEANSHIFT,10,1,tai nguyen
OnlineBoutique,checkoutservice,socket,1,app,chi_latency,KHONG-DOC,10,3,tai nguyen
OnlineBoutique,checkoutservice,socket,1,app,chi_workload,BARO,11,7,tai nguyen
OnlineBoutique,checkoutservice,socket,1,app,chi_workload,MEANSHIFT,11,2,tai nguyen
OnlineBoutique,checkoutservice,socket,1,app,chi_workload,KHONG-DOC,11,3,tai nguyen
OnlineBoutique,checkoutservice,socket,1,app,moi_cot,BARO,11,1,tai nguyen
OnlineBoutique,checkoutservice,socket,1,app,moi_cot,MEANSHIFT,11,1,tai nguyen
OnlineBoutique,checkoutservice,socket,1,app,moi_cot,KHONG-DOC,11,3,tai nguyen
OnlineBoutique,checkoutservice,socket,1,all,chi_cpu,BARO,11,1,tai nguyen
OnlineBoutique,checkoutservice,socket,1,all,chi_cpu,MEANSHIFT,11,1,tai nguyen
OnlineBoutique,checkoutservice,socket,1,all,chi_cpu,KHONG-DOC,11,3,tai nguyen
OnlineBoutique,checkoutservice,socket,1,all,chi_latency,BARO,10,1,tai nguyen
OnlineBoutique,checkoutservice,socket,1,all,chi_latency,MEANSHIFT,10,1,tai nguyen
OnlineBoutique,checkoutservice,socket,1,all,chi_latency,KHONG-DOC,10,3,tai nguyen
OnlineBoutique,checkoutservice,socket,1,all,chi_workload,BARO,11,7,tai nguyen
OnlineBoutique,checkoutservice,socket,1,all,chi_workload,MEANSHIFT,11,2,tai nguyen
OnlineBoutique,checkoutservice,socket,1,all,chi_workload,KHONG-DOC,11,3,tai nguyen
OnlineBoutique,checkoutservice,socket,1,all,moi_cot,BARO,12,2,tai nguyen
OnlineBoutique,checkoutservice,socket,1,all,moi_cot,MEANSHIFT,12,1,tai nguyen
OnlineBoutique,checkoutservice,socket,1,all,moi_cot,KHONG-DOC,13,3,tai nguyen
OnlineBoutique,checkoutservice,socket,2,fault5,chi_cpu,BARO,5,1,tai nguyen
OnlineBoutique,checkoutservice,socket,2,fault5,chi_cpu,MEANSHIFT,5,1,tai nguyen
OnlineBoutique,checkoutservice,socket,2,fault5,chi_cpu,KHONG-DOC,5,1,tai nguyen
OnlineBoutique,checkoutservice,socket,2,fault5,chi_latency,BARO,5,1,tai nguyen
OnlineBoutique,checkoutservice,socket,2,fault5,chi_latency,MEANSHIFT,5,1,tai nguyen
OnlineBoutique,checkoutservice,socket,2,fault5,chi_latency,KHONG-DOC,5,1,tai nguyen
OnlineBoutique,checkoutservice,socket,2,fault5,chi_workload,BARO,5,3,tai nguyen
OnlineBoutique,checkoutservice,socket,2,fault5,chi_workload,MEANSHIFT,5,4,tai nguyen
OnlineBoutique,checkoutservice,socket,2,fault5,chi_workload,KHONG-DOC,5,1,tai nguyen
OnlineBoutique,checkoutservice,socket,2,fault5,moi_cot,BARO,5,1,tai nguyen
OnlineBoutique,checkoutservice,socket,2,fault5,moi_cot,MEANSHIFT,5,1,tai nguyen
OnlineBoutique,checkoutservice,socket,2,fault5,moi_cot,KHONG-DOC,5,1,tai nguyen
OnlineBoutique,checkoutservice,socket,2,app,chi_cpu,BARO,10,1,tai nguyen
OnlineBoutique,checkoutservice,socket,2,app,chi_cpu,MEANSHIFT,10,1,tai nguyen
OnlineBoutique,checkoutservice,socket,2,app,chi_cpu,KHONG-DOC,10,3,tai nguyen
OnlineBoutique,checkoutservice,socket,2,app,chi_latency,BARO,10,2,tai nguyen
OnlineBoutique,checkoutservice,socket,2,app,chi_latency,MEANSHIFT,10,1,tai nguyen
OnlineBoutique,checkoutservice,socket,2,app,chi_latency,KHONG-DOC,10,3,tai nguyen
OnlineBoutique,checkoutservice,socket,2,app,chi_workload,BARO,11,7,tai nguyen
OnlineBoutique,checkoutservice,socket,2,app,chi_workload,MEANSHIFT,11,9,tai nguyen
OnlineBoutique,checkoutservice,socket,2,app,chi_workload,KHONG-DOC,11,3,tai nguyen
OnlineBoutique,checkoutservice,socket,2,app,moi_cot,BARO,11,1,tai nguyen
OnlineBoutique,checkoutservice,socket,2,app,moi_cot,MEANSHIFT,11,1,tai nguyen
OnlineBoutique,checkoutservice,socket,2,app,moi_cot,KHONG-DOC,11,3,tai nguyen
OnlineBoutique,checkoutservice,socket,2,all,chi_cpu,BARO,11,1,tai nguyen
OnlineBoutique,checkoutservice,socket,2,all,chi_cpu,MEANSHIFT,11,1,tai nguyen
OnlineBoutique,checkoutservice,socket,2,all,chi_cpu,KHONG-DOC,11,3,tai nguyen
OnlineBoutique,checkoutservice,socket,2,all,chi_latency,BARO,10,2,tai nguyen
OnlineBoutique,checkoutservice,socket,2,all,chi_latency,MEANSHIFT,10,1,tai nguyen
OnlineBoutique,checkoutservice,socket,2,all,chi_latency,KHONG-DOC,10,3,tai nguyen
OnlineBoutique,checkoutservice,socket,2,all,chi_workload,BARO,11,7,tai nguyen
OnlineBoutique,checkoutservice,socket,2,all,chi_workload,MEANSHIFT,11,9,tai nguyen
OnlineBoutique,checkoutservice,socket,2,all,chi_workload,KHONG-DOC,11,3,tai nguyen
OnlineBoutique,checkoutservice,socket,2,all,moi_cot,BARO,12,2,tai nguyen
OnlineBoutique,checkoutservice,socket,2,all,moi_cot,MEANSHIFT,12,1,tai nguyen
OnlineBoutique,checkoutservice,socket,2,all,moi_cot,KHONG-DOC,12,3,tai nguyen
OnlineBoutique,checkoutservice,socket,3,fault5,chi_cpu,BARO,5,1,tai nguyen
OnlineBoutique,checkoutservice,socket,3,fault5,chi_cpu,MEANSHIFT,5,1,tai nguyen
OnlineBoutique,checkoutservice,socket,3,fault5,chi_cpu,KHONG-DOC,5,1,tai nguyen
OnlineBoutique,checkoutservice,socket,3,fault5,chi_latency,BARO,5,1,tai nguyen
OnlineBoutique,checkoutservice,socket,3,fault5,chi_latency,MEANSHIFT,5,1,tai nguyen
OnlineBoutique,checkoutservice,socket,3,fault5,chi_latency,KHONG-DOC,5,1,tai nguyen
OnlineBoutique,checkoutservice,socket,3,fault5,chi_workload,BARO,5,4,tai nguyen
OnlineBoutique,checkoutservice,socket,3,fault5,chi_workload,MEANSHIFT,5,3,tai nguyen
OnlineBoutique,checkoutservice,socket,3,fault5,chi_workload,KHONG-DOC,5,1,tai nguyen
OnlineBoutique,checkoutservice,socket,3,fault5,moi_cot,BARO,5,1,tai nguyen
OnlineBoutique,checkoutservice,socket,3,fault5,moi_cot,MEANSHIFT,5,1,tai nguyen
OnlineBoutique,checkoutservice,socket,3,fault5,moi_cot,KHONG-DOC,5,1,tai nguyen
OnlineBoutique,checkoutservice,socket,3,app,chi_cpu,BARO,10,1,tai nguyen
OnlineBoutique,checkoutservice,socket,3,app,chi_cpu,MEANSHIFT,10,1,tai nguyen
OnlineBoutique,checkoutservice,socket,3,app,chi_cpu,KHONG-DOC,10,3,tai nguyen
OnlineBoutique,checkoutservice,socket,3,app,chi_latency,BARO,10,1,tai nguyen
OnlineBoutique,checkoutservice,socket,3,app,chi_latency,MEANSHIFT,10,1,tai nguyen
OnlineBoutique,checkoutservice,socket,3,app,chi_latency,KHONG-DOC,10,3,tai nguyen
OnlineBoutique,checkoutservice,socket,3,app,chi_workload,BARO,11,9,tai nguyen
OnlineBoutique,checkoutservice,socket,3,app,chi_workload,MEANSHIFT,11,8,tai nguyen
OnlineBoutique,checkoutservice,socket,3,app,chi_workload,KHONG-DOC,11,3,tai nguyen
OnlineBoutique,checkoutservice,socket,3,app,moi_cot,BARO,11,1,tai nguyen
OnlineBoutique,checkoutservice,socket,3,app,moi_cot,MEANSHIFT,11,1,tai nguyen
OnlineBoutique,checkoutservice,socket,3,app,moi_cot,KHONG-DOC,11,3,tai nguyen
OnlineBoutique,checkoutservice,socket,3,all,chi_cpu,BARO,11,1,tai nguyen
OnlineBoutique,checkoutservice,socket,3,all,chi_cpu,MEANSHIFT,11,1,tai nguyen
OnlineBoutique,checkoutservice,socket,3,all,chi_cpu,KHONG-DOC,11,3,tai nguyen
OnlineBoutique,checkoutservice,socket,3,all,chi_latency,BARO,10,1,tai nguyen
OnlineBoutique,checkoutservice,socket,3,all,chi_latency,MEANSHIFT,10,1,tai nguyen
OnlineBoutique,checkoutservice,socket,3,all,chi_latency,KHONG-DOC,10,3,tai nguyen
OnlineBoutique,checkoutservice,socket,3,all,chi_workload,BARO,11,9,tai nguyen
OnlineBoutique,checkoutservice,socket,3,all,chi_workload,MEANSHIFT,11,8,tai nguyen
OnlineBoutique,checkoutservice,socket,3,all,chi_workload,KHONG-DOC,11,3,tai nguyen
OnlineBoutique,checkoutservice,socket,3,all,moi_cot,BARO,12,2,tai nguyen
OnlineBoutique,checkoutservice,socket,3,all,moi_cot,MEANSHIFT,12,1,tai nguyen
OnlineBoutique,checkoutservice,socket,3,all,moi_cot,KHONG-DOC,12,3,tai nguyen
OnlineBoutique,currencyservice,cpu,1,fault5,chi_cpu,BARO,5,1,tai nguyen
OnlineBoutique,currencyservice,cpu,1,fault5,chi_cpu,MEANSHIFT,5,1,tai nguyen
OnlineBoutique,currencyservice,cpu,1,fault5,chi_cpu,KHONG-DOC,5,2,tai nguyen
OnlineBoutique,currencyservice,cpu,1,fault5,chi_latency,BARO,5,1,tai nguyen
OnlineBoutique,currencyservice,cpu,1,fault5,chi_latency,MEANSHIFT,5,1,tai nguyen
OnlineBoutique,currencyservice,cpu,1,fault5,chi_latency,KHONG-DOC,5,2,tai nguyen
OnlineBoutique,currencyservice,cpu,1,fault5,chi_workload,BARO,5,3,tai nguyen
OnlineBoutique,currencyservice,cpu,1,fault5,chi_workload,MEANSHIFT,5,2,tai nguyen
OnlineBoutique,currencyservice,cpu,1,fault5,chi_workload,KHONG-DOC,5,2,tai nguyen
OnlineBoutique,currencyservice,cpu,1,fault5,moi_cot,BARO,5,1,tai nguyen
OnlineBoutique,currencyservice,cpu,1,fault5,moi_cot,MEANSHIFT,5,1,tai nguyen
OnlineBoutique,currencyservice,cpu,1,fault5,moi_cot,KHONG-DOC,5,2,tai nguyen
OnlineBoutique,currencyservice,cpu,1,app,chi_cpu,BARO,10,1,tai nguyen
OnlineBoutique,currencyservice,cpu,1,app,chi_cpu,MEANSHIFT,10,1,tai nguyen
OnlineBoutique,currencyservice,cpu,1,app,chi_cpu,KHONG-DOC,10,4,tai nguyen
OnlineBoutique,currencyservice,cpu,1,app,chi_latency,BARO,10,1,tai nguyen
OnlineBoutique,currencyservice,cpu,1,app,chi_latency,MEANSHIFT,10,1,tai nguyen
OnlineBoutique,currencyservice,cpu,1,app,chi_latency,KHONG-DOC,10,4,tai nguyen
OnlineBoutique,currencyservice,cpu,1,app,chi_workload,BARO,11,6,tai nguyen
OnlineBoutique,currencyservice,cpu,1,app,chi_workload,MEANSHIFT,11,6,tai nguyen
OnlineBoutique,currencyservice,cpu,1,app,chi_workload,KHONG-DOC,11,4,tai nguyen
OnlineBoutique,currencyservice,cpu,1,app,moi_cot,BARO,11,1,tai nguyen
OnlineBoutique,currencyservice,cpu,1,app,moi_cot,MEANSHIFT,11,1,tai nguyen
OnlineBoutique,currencyservice,cpu,1,app,moi_cot,KHONG-DOC,11,4,tai nguyen
OnlineBoutique,currencyservice,cpu,1,all,chi_cpu,BARO,11,2,tai nguyen
OnlineBoutique,currencyservice,cpu,1,all,chi_cpu,MEANSHIFT,11,1,tai nguyen
OnlineBoutique,currencyservice,cpu,1,all,chi_cpu,KHONG-DOC,11,4,tai nguyen
OnlineBoutique,currencyservice,cpu,1,all,chi_latency,BARO,10,1,tai nguyen
OnlineBoutique,currencyservice,cpu,1,all,chi_latency,MEANSHIFT,10,1,tai nguyen
OnlineBoutique,currencyservice,cpu,1,all,chi_latency,KHONG-DOC,10,4,tai nguyen
OnlineBoutique,currencyservice,cpu,1,all,chi_workload,BARO,11,6,tai nguyen
OnlineBoutique,currencyservice,cpu,1,all,chi_workload,MEANSHIFT,11,6,tai nguyen
OnlineBoutique,currencyservice,cpu,1,all,chi_workload,KHONG-DOC,11,4,tai nguyen
OnlineBoutique,currencyservice,cpu,1,all,moi_cot,BARO,12,2,tai nguyen
OnlineBoutique,currencyservice,cpu,1,all,moi_cot,MEANSHIFT,12,1,tai nguyen
OnlineBoutique,currencyservice,cpu,1,all,moi_cot,KHONG-DOC,12,4,tai nguyen
OnlineBoutique,currencyservice,cpu,2,fault5,chi_cpu,BARO,5,1,tai nguyen
OnlineBoutique,currencyservice,cpu,2,fault5,chi_cpu,MEANSHIFT,5,1,tai nguyen
OnlineBoutique,currencyservice,cpu,2,fault5,chi_cpu,KHONG-DOC,5,2,tai nguyen
OnlineBoutique,currencyservice,cpu,2,fault5,chi_latency,BARO,5,1,tai nguyen
OnlineBoutique,currencyservice,cpu,2,fault5,chi_latency,MEANSHIFT,5,1,tai nguyen
OnlineBoutique,currencyservice,cpu,2,fault5,chi_latency,KHONG-DOC,5,2,tai nguyen
OnlineBoutique,currencyservice,cpu,2,fault5,chi_workload,BARO,5,3,tai nguyen
OnlineBoutique,currencyservice,cpu,2,fault5,chi_workload,MEANSHIFT,5,1,tai nguyen
OnlineBoutique,currencyservice,cpu,2,fault5,chi_workload,KHONG-DOC,5,2,tai nguyen
OnlineBoutique,currencyservice,cpu,2,fault5,moi_cot,BARO,5,1,tai nguyen
OnlineBoutique,currencyservice,cpu,2,fault5,moi_cot,MEANSHIFT,5,1,tai nguyen
OnlineBoutique,currencyservice,cpu,2,fault5,moi_cot,KHONG-DOC,5,2,tai nguyen
OnlineBoutique,currencyservice,cpu,2,app,chi_cpu,BARO,10,1,tai nguyen
OnlineBoutique,currencyservice,cpu,2,app,chi_cpu,MEANSHIFT,10,1,tai nguyen
OnlineBoutique,currencyservice,cpu,2,app,chi_cpu,KHONG-DOC,10,4,tai nguyen
OnlineBoutique,currencyservice,cpu,2,app,chi_latency,BARO,10,1,tai nguyen
OnlineBoutique,currencyservice,cpu,2,app,chi_latency,MEANSHIFT,10,1,tai nguyen
OnlineBoutique,currencyservice,cpu,2,app,chi_latency,KHONG-DOC,10,4,tai nguyen
OnlineBoutique,currencyservice,cpu,2,app,chi_workload,BARO,11,7,tai nguyen
OnlineBoutique,currencyservice,cpu,2,app,chi_workload,MEANSHIFT,11,2,tai nguyen
OnlineBoutique,currencyservice,cpu,2,app,chi_workload,KHONG-DOC,11,4,tai nguyen
OnlineBoutique,currencyservice,cpu,2,app,moi_cot,BARO,11,2,tai nguyen
OnlineBoutique,currencyservice,cpu,2,app,moi_cot,MEANSHIFT,11,1,tai nguyen
OnlineBoutique,currencyservice,cpu,2,app,moi_cot,KHONG-DOC,11,4,tai nguyen
OnlineBoutique,currencyservice,cpu,2,all,chi_cpu,BARO,11,1,tai nguyen
OnlineBoutique,currencyservice,cpu,2,all,chi_cpu,MEANSHIFT,11,1,tai nguyen
OnlineBoutique,currencyservice,cpu,2,all,chi_cpu,KHONG-DOC,11,4,tai nguyen
OnlineBoutique,currencyservice,cpu,2,all,chi_latency,BARO,10,1,tai nguyen
OnlineBoutique,currencyservice,cpu,2,all,chi_latency,MEANSHIFT,10,1,tai nguyen
OnlineBoutique,currencyservice,cpu,2,all,chi_latency,KHONG-DOC,10,4,tai nguyen
OnlineBoutique,currencyservice,cpu,2,all,chi_workload,BARO,11,7,tai nguyen
OnlineBoutique,currencyservice,cpu,2,all,chi_workload,MEANSHIFT,11,2,tai nguyen
OnlineBoutique,currencyservice,cpu,2,all,chi_workload,KHONG-DOC,11,4,tai nguyen
OnlineBoutique,currencyservice,cpu,2,all,moi_cot,BARO,12,3,tai nguyen
OnlineBoutique,currencyservice,cpu,2,all,moi_cot,MEANSHIFT,12,1,tai nguyen
OnlineBoutique,currencyservice,cpu,2,all,moi_cot,KHONG-DOC,12,4,tai nguyen
OnlineBoutique,currencyservice,cpu,3,fault5,chi_cpu,BARO,5,2,tai nguyen
OnlineBoutique,currencyservice,cpu,3,fault5,chi_cpu,MEANSHIFT,5,1,tai nguyen
OnlineBoutique,currencyservice,cpu,3,fault5,chi_cpu,KHONG-DOC,5,2,tai nguyen
OnlineBoutique,currencyservice,cpu,3,fault5,chi_latency,BARO,5,1,tai nguyen
OnlineBoutique,currencyservice,cpu,3,fault5,chi_latency,MEANSHIFT,5,1,tai nguyen
OnlineBoutique,currencyservice,cpu,3,fault5,chi_latency,KHONG-DOC,5,2,tai nguyen
OnlineBoutique,currencyservice,cpu,3,fault5,chi_workload,BARO,5,3,tai nguyen
OnlineBoutique,currencyservice,cpu,3,fault5,chi_workload,MEANSHIFT,5,2,tai nguyen
OnlineBoutique,currencyservice,cpu,3,fault5,chi_workload,KHONG-DOC,5,2,tai nguyen
OnlineBoutique,currencyservice,cpu,3,fault5,moi_cot,BARO,5,1,tai nguyen
OnlineBoutique,currencyservice,cpu,3,fault5,moi_cot,MEANSHIFT,5,1,tai nguyen
OnlineBoutique,currencyservice,cpu,3,fault5,moi_cot,KHONG-DOC,5,2,tai nguyen
OnlineBoutique,currencyservice,cpu,3,app,chi_cpu,BARO,10,3,tai nguyen
OnlineBoutique,currencyservice,cpu,3,app,chi_cpu,MEANSHIFT,10,1,tai nguyen
OnlineBoutique,currencyservice,cpu,3,app,chi_cpu,KHONG-DOC,10,4,tai nguyen
OnlineBoutique,currencyservice,cpu,3,app,chi_latency,BARO,10,1,tai nguyen
OnlineBoutique,currencyservice,cpu,3,app,chi_latency,MEANSHIFT,10,1,tai nguyen
OnlineBoutique,currencyservice,cpu,3,app,chi_latency,KHONG-DOC,10,4,tai nguyen
OnlineBoutique,currencyservice,cpu,3,app,chi_workload,BARO,11,4,tai nguyen
OnlineBoutique,currencyservice,cpu,3,app,chi_workload,MEANSHIFT,11,6,tai nguyen
OnlineBoutique,currencyservice,cpu,3,app,chi_workload,KHONG-DOC,11,4,tai nguyen
OnlineBoutique,currencyservice,cpu,3,app,moi_cot,BARO,11,1,tai nguyen
OnlineBoutique,currencyservice,cpu,3,app,moi_cot,MEANSHIFT,11,1,tai nguyen
OnlineBoutique,currencyservice,cpu,3,app,moi_cot,KHONG-DOC,11,4,tai nguyen
OnlineBoutique,currencyservice,cpu,3,all,chi_cpu,BARO,11,4,tai nguyen
OnlineBoutique,currencyservice,cpu,3,all,chi_cpu,MEANSHIFT,11,1,tai nguyen
OnlineBoutique,currencyservice,cpu,3,all,chi_cpu,KHONG-DOC,11,4,tai nguyen
OnlineBoutique,currencyservice,cpu,3,all,chi_latency,BARO,10,1,tai nguyen
OnlineBoutique,currencyservice,cpu,3,all,chi_latency,MEANSHIFT,10,1,tai nguyen
OnlineBoutique,currencyservice,cpu,3,all,chi_latency,KHONG-DOC,10,4,tai nguyen
OnlineBoutique,currencyservice,cpu,3,all,chi_workload,BARO,11,4,tai nguyen
OnlineBoutique,currencyservice,cpu,3,all,chi_workload,MEANSHIFT,11,6,tai nguyen
OnlineBoutique,currencyservice,cpu,3,all,chi_workload,KHONG-DOC,11,4,tai nguyen
OnlineBoutique,currencyservice,cpu,3,all,moi_cot,BARO,12,2,tai nguyen
OnlineBoutique,currencyservice,cpu,3,all,moi_cot,MEANSHIFT,12,1,tai nguyen
OnlineBoutique,currencyservice,cpu,3,all,moi_cot,KHONG-DOC,12,4,tai nguyen
OnlineBoutique,currencyservice,delay,1,fault5,chi_cpu,BARO,5,2,mang
OnlineBoutique,currencyservice,delay,1,fault5,chi_cpu,MEANSHIFT,5,3,mang
OnlineBoutique,currencyservice,delay,1,fault5,chi_cpu,KHONG-DOC,5,2,mang
OnlineBoutique,currencyservice,delay,1,fault5,chi_latency,BARO,5,1,mang
OnlineBoutique,currencyservice,delay,1,fault5,chi_latency,MEANSHIFT,5,1,mang
OnlineBoutique,currencyservice,delay,1,fault5,chi_latency,KHONG-DOC,5,2,mang
OnlineBoutique,currencyservice,delay,1,fault5,chi_workload,BARO,5,3,mang
OnlineBoutique,currencyservice,delay,1,fault5,chi_workload,MEANSHIFT,5,3,mang
OnlineBoutique,currencyservice,delay,1,fault5,chi_workload,KHONG-DOC,5,2,mang
OnlineBoutique,currencyservice,delay,1,fault5,moi_cot,BARO,5,1,mang
OnlineBoutique,currencyservice,delay,1,fault5,moi_cot,MEANSHIFT,5,1,mang
OnlineBoutique,currencyservice,delay,1,fault5,moi_cot,KHONG-DOC,5,2,mang
OnlineBoutique,currencyservice,delay,1,app,chi_cpu,BARO,10,2,mang
OnlineBoutique,currencyservice,delay,1,app,chi_cpu,MEANSHIFT,10,4,mang
OnlineBoutique,currencyservice,delay,1,app,chi_cpu,KHONG-DOC,10,4,mang
OnlineBoutique,currencyservice,delay,1,app,chi_latency,BARO,10,1,mang
OnlineBoutique,currencyservice,delay,1,app,chi_latency,MEANSHIFT,10,1,mang
OnlineBoutique,currencyservice,delay,1,app,chi_latency,KHONG-DOC,10,4,mang
OnlineBoutique,currencyservice,delay,1,app,chi_workload,BARO,11,7,mang
OnlineBoutique,currencyservice,delay,1,app,chi_workload,MEANSHIFT,11,7,mang
OnlineBoutique,currencyservice,delay,1,app,chi_workload,KHONG-DOC,11,4,mang
OnlineBoutique,currencyservice,delay,1,app,moi_cot,BARO,11,1,mang
OnlineBoutique,currencyservice,delay,1,app,moi_cot,MEANSHIFT,11,1,mang
OnlineBoutique,currencyservice,delay,1,app,moi_cot,KHONG-DOC,11,4,mang
OnlineBoutique,currencyservice,delay,1,all,chi_cpu,BARO,11,3,mang
OnlineBoutique,currencyservice,delay,1,all,chi_cpu,MEANSHIFT,11,4,mang
OnlineBoutique,currencyservice,delay,1,all,chi_cpu,KHONG-DOC,11,4,mang
OnlineBoutique,currencyservice,delay,1,all,chi_latency,BARO,10,1,mang
OnlineBoutique,currencyservice,delay,1,all,chi_latency,MEANSHIFT,10,1,mang
OnlineBoutique,currencyservice,delay,1,all,chi_latency,KHONG-DOC,10,4,mang
OnlineBoutique,currencyservice,delay,1,all,chi_workload,BARO,11,7,mang
OnlineBoutique,currencyservice,delay,1,all,chi_workload,MEANSHIFT,11,7,mang
OnlineBoutique,currencyservice,delay,1,all,chi_workload,KHONG-DOC,11,4,mang
OnlineBoutique,currencyservice,delay,1,all,moi_cot,BARO,12,2,mang
OnlineBoutique,currencyservice,delay,1,all,moi_cot,MEANSHIFT,12,1,mang
OnlineBoutique,currencyservice,delay,1,all,moi_cot,KHONG-DOC,12,4,mang
OnlineBoutique,currencyservice,delay,2,fault5,chi_cpu,BARO,5,4,mang
OnlineBoutique,currencyservice,delay,2,fault5,chi_cpu,MEANSHIFT,5,2,mang
OnlineBoutique,currencyservice,delay,2,fault5,chi_cpu,KHONG-DOC,5,2,mang
OnlineBoutique,currencyservice,delay,2,fault5,chi_latency,BARO,5,1,mang
OnlineBoutique,currencyservice,delay,2,fault5,chi_latency,MEANSHIFT,5,1,mang
OnlineBoutique,currencyservice,delay,2,fault5,chi_latency,KHONG-DOC,5,2,mang
OnlineBoutique,currencyservice,delay,2,fault5,chi_workload,BARO,5,3,mang
OnlineBoutique,currencyservice,delay,2,fault5,chi_workload,MEANSHIFT,5,2,mang
OnlineBoutique,currencyservice,delay,2,fault5,chi_workload,KHONG-DOC,5,2,mang
OnlineBoutique,currencyservice,delay,2,fault5,moi_cot,BARO,5,1,mang
OnlineBoutique,currencyservice,delay,2,fault5,moi_cot,MEANSHIFT,5,1,mang
OnlineBoutique,currencyservice,delay,2,fault5,moi_cot,KHONG-DOC,5,2,mang
OnlineBoutique,currencyservice,delay,2,app,chi_cpu,BARO,10,7,mang
OnlineBoutique,currencyservice,delay,2,app,chi_cpu,MEANSHIFT,10,5,mang
OnlineBoutique,currencyservice,delay,2,app,chi_cpu,KHONG-DOC,10,4,mang
OnlineBoutique,currencyservice,delay,2,app,chi_latency,BARO,10,1,mang
OnlineBoutique,currencyservice,delay,2,app,chi_latency,MEANSHIFT,10,1,mang
OnlineBoutique,currencyservice,delay,2,app,chi_latency,KHONG-DOC,10,4,mang
OnlineBoutique,currencyservice,delay,2,app,chi_workload,BARO,11,7,mang
OnlineBoutique,currencyservice,delay,2,app,chi_workload,MEANSHIFT,11,6,mang
OnlineBoutique,currencyservice,delay,2,app,chi_workload,KHONG-DOC,11,4,mang
OnlineBoutique,currencyservice,delay,2,app,moi_cot,BARO,11,1,mang
OnlineBoutique,currencyservice,delay,2,app,moi_cot,MEANSHIFT,11,1,mang
OnlineBoutique,currencyservice,delay,2,app,moi_cot,KHONG-DOC,11,4,mang
OnlineBoutique,currencyservice,delay,2,all,chi_cpu,BARO,11,8,mang
OnlineBoutique,currencyservice,delay,2,all,chi_cpu,MEANSHIFT,11,5,mang
OnlineBoutique,currencyservice,delay,2,all,chi_cpu,KHONG-DOC,11,4,mang
OnlineBoutique,currencyservice,delay,2,all,chi_latency,BARO,10,1,mang
OnlineBoutique,currencyservice,delay,2,all,chi_latency,MEANSHIFT,10,1,mang
OnlineBoutique,currencyservice,delay,2,all,chi_latency,KHONG-DOC,10,4,mang
OnlineBoutique,currencyservice,delay,2,all,chi_workload,BARO,11,7,mang
OnlineBoutique,currencyservice,delay,2,all,chi_workload,MEANSHIFT,11,6,mang
OnlineBoutique,currencyservice,delay,2,all,chi_workload,KHONG-DOC,11,4,mang
OnlineBoutique,currencyservice,delay,2,all,moi_cot,BARO,12,2,mang
OnlineBoutique,currencyservice,delay,2,all,moi_cot,MEANSHIFT,12,1,mang
OnlineBoutique,currencyservice,delay,2,all,moi_cot,KHONG-DOC,12,4,mang
OnlineBoutique,currencyservice,delay,3,fault5,chi_cpu,BARO,5,3,mang
OnlineBoutique,currencyservice,delay,3,fault5,chi_cpu,MEANSHIFT,5,3,mang
OnlineBoutique,currencyservice,delay,3,fault5,chi_cpu,KHONG-DOC,5,2,mang
OnlineBoutique,currencyservice,delay,3,fault5,chi_latency,BARO,5,1,mang
OnlineBoutique,currencyservice,delay,3,fault5,chi_latency,MEANSHIFT,5,1,mang
OnlineBoutique,currencyservice,delay,3,fault5,chi_latency,KHONG-DOC,5,2,mang
OnlineBoutique,currencyservice,delay,3,fault5,chi_workload,BARO,5,3,mang
OnlineBoutique,currencyservice,delay,3,fault5,chi_workload,MEANSHIFT,5,3,mang
OnlineBoutique,currencyservice,delay,3,fault5,chi_workload,KHONG-DOC,5,2,mang
OnlineBoutique,currencyservice,delay,3,fault5,moi_cot,BARO,5,1,mang
OnlineBoutique,currencyservice,delay,3,fault5,moi_cot,MEANSHIFT,5,1,mang
OnlineBoutique,currencyservice,delay,3,fault5,moi_cot,KHONG-DOC,5,2,mang
OnlineBoutique,currencyservice,delay,3,app,chi_cpu,BARO,10,4,mang
OnlineBoutique,currencyservice,delay,3,app,chi_cpu,MEANSHIFT,10,8,mang
OnlineBoutique,currencyservice,delay,3,app,chi_cpu,KHONG-DOC,10,4,mang
OnlineBoutique,currencyservice,delay,3,app,chi_latency,BARO,10,1,mang
OnlineBoutique,currencyservice,delay,3,app,chi_latency,MEANSHIFT,10,1,mang
OnlineBoutique,currencyservice,delay,3,app,chi_latency,KHONG-DOC,10,4,mang
OnlineBoutique,currencyservice,delay,3,app,chi_workload,BARO,11,7,mang
OnlineBoutique,currencyservice,delay,3,app,chi_workload,MEANSHIFT,11,7,mang
OnlineBoutique,currencyservice,delay,3,app,chi_workload,KHONG-DOC,11,4,mang
OnlineBoutique,currencyservice,delay,3,app,moi_cot,BARO,11,1,mang
OnlineBoutique,currencyservice,delay,3,app,moi_cot,MEANSHIFT,11,1,mang
OnlineBoutique,currencyservice,delay,3,app,moi_cot,KHONG-DOC,11,4,mang
OnlineBoutique,currencyservice,delay,3,all,chi_cpu,BARO,11,5,mang
OnlineBoutique,currencyservice,delay,3,all,chi_cpu,MEANSHIFT,11,9,mang
OnlineBoutique,currencyservice,delay,3,all,chi_cpu,KHONG-DOC,11,4,mang
OnlineBoutique,currencyservice,delay,3,all,chi_latency,BARO,10,1,mang
OnlineBoutique,currencyservice,delay,3,all,chi_latency,MEANSHIFT,10,1,mang
OnlineBoutique,currencyservice,delay,3,all,chi_latency,KHONG-DOC,10,4,mang
OnlineBoutique,currencyservice,delay,3,all,chi_workload,BARO,11,7,mang
OnlineBoutique,currencyservice,delay,3,all,chi_workload,MEANSHIFT,11,7,mang
OnlineBoutique,currencyservice,delay,3,all,chi_workload,KHONG-DOC,11,4,mang
OnlineBoutique,currencyservice,delay,3,all,moi_cot,BARO,12,2,mang
OnlineBoutique,currencyservice,delay,3,all,moi_cot,MEANSHIFT,12,1,mang
OnlineBoutique,currencyservice,delay,3,all,moi_cot,KHONG-DOC,12,4,mang
OnlineBoutique,currencyservice,disk,1,fault5,chi_cpu,BARO,5,3,tai nguyen
OnlineBoutique,currencyservice,disk,1,fault5,chi_cpu,MEANSHIFT,5,4,tai nguyen
OnlineBoutique,currencyservice,disk,1,fault5,chi_cpu,KHONG-DOC,5,2,tai nguyen
OnlineBoutique,currencyservice,disk,1,fault5,chi_latency,BARO,5,1,tai nguyen
OnlineBoutique,currencyservice,disk,1,fault5,chi_latency,MEANSHIFT,5,1,tai nguyen
OnlineBoutique,currencyservice,disk,1,fault5,chi_latency,KHONG-DOC,5,2,tai nguyen
OnlineBoutique,currencyservice,disk,1,fault5,chi_workload,BARO,5,1,tai nguyen
OnlineBoutique,currencyservice,disk,1,fault5,chi_workload,MEANSHIFT,5,3,tai nguyen
OnlineBoutique,currencyservice,disk,1,fault5,chi_workload,KHONG-DOC,5,2,tai nguyen
OnlineBoutique,currencyservice,disk,1,fault5,moi_cot,BARO,5,1,tai nguyen
OnlineBoutique,currencyservice,disk,1,fault5,moi_cot,MEANSHIFT,5,1,tai nguyen
OnlineBoutique,currencyservice,disk,1,fault5,moi_cot,KHONG-DOC,5,2,tai nguyen
OnlineBoutique,currencyservice,disk,1,app,chi_cpu,BARO,10,3,tai nguyen
OnlineBoutique,currencyservice,disk,1,app,chi_cpu,MEANSHIFT,10,9,tai nguyen
OnlineBoutique,currencyservice,disk,1,app,chi_cpu,KHONG-DOC,10,4,tai nguyen
OnlineBoutique,currencyservice,disk,1,app,chi_latency,BARO,10,1,tai nguyen
OnlineBoutique,currencyservice,disk,1,app,chi_latency,MEANSHIFT,10,1,tai nguyen
OnlineBoutique,currencyservice,disk,1,app,chi_latency,KHONG-DOC,10,4,tai nguyen
OnlineBoutique,currencyservice,disk,1,app,chi_workload,BARO,11,1,tai nguyen
OnlineBoutique,currencyservice,disk,1,app,chi_workload,MEANSHIFT,11,7,tai nguyen
OnlineBoutique,currencyservice,disk,1,app,chi_workload,KHONG-DOC,11,4,tai nguyen
OnlineBoutique,currencyservice,disk,1,app,moi_cot,BARO,11,1,tai nguyen
OnlineBoutique,currencyservice,disk,1,app,moi_cot,MEANSHIFT,11,1,tai nguyen
OnlineBoutique,currencyservice,disk,1,app,moi_cot,KHONG-DOC,11,4,tai nguyen
OnlineBoutique,currencyservice,disk,1,all,chi_cpu,BARO,11,4,tai nguyen
OnlineBoutique,currencyservice,disk,1,all,chi_cpu,MEANSHIFT,11,10,tai nguyen
OnlineBoutique,currencyservice,disk,1,all,chi_cpu,KHONG-DOC,11,4,tai nguyen
OnlineBoutique,currencyservice,disk,1,all,chi_latency,BARO,10,1,tai nguyen
OnlineBoutique,currencyservice,disk,1,all,chi_latency,MEANSHIFT,10,1,tai nguyen
OnlineBoutique,currencyservice,disk,1,all,chi_latency,KHONG-DOC,10,4,tai nguyen
OnlineBoutique,currencyservice,disk,1,all,chi_workload,BARO,11,1,tai nguyen
OnlineBoutique,currencyservice,disk,1,all,chi_workload,MEANSHIFT,11,7,tai nguyen
OnlineBoutique,currencyservice,disk,1,all,chi_workload,KHONG-DOC,11,4,tai nguyen
OnlineBoutique,currencyservice,disk,1,all,moi_cot,BARO,12,2,tai nguyen
OnlineBoutique,currencyservice,disk,1,all,moi_cot,MEANSHIFT,12,1,tai nguyen
OnlineBoutique,currencyservice,disk,1,all,moi_cot,KHONG-DOC,12,4,tai nguyen
OnlineBoutique,currencyservice,disk,2,fault5,chi_cpu,BARO,5,1,tai nguyen
OnlineBoutique,currencyservice,disk,2,fault5,chi_cpu,MEANSHIFT,5,1,tai nguyen
OnlineBoutique,currencyservice,disk,2,fault5,chi_cpu,KHONG-DOC,5,2,tai nguyen
OnlineBoutique,currencyservice,disk,2,fault5,chi_latency,BARO,5,1,tai nguyen
OnlineBoutique,currencyservice,disk,2,fault5,chi_latency,MEANSHIFT,5,1,tai nguyen
OnlineBoutique,currencyservice,disk,2,fault5,chi_latency,KHONG-DOC,5,2,tai nguyen
OnlineBoutique,currencyservice,disk,2,fault5,chi_workload,BARO,5,2,tai nguyen
OnlineBoutique,currencyservice,disk,2,fault5,chi_workload,MEANSHIFT,5,3,tai nguyen
OnlineBoutique,currencyservice,disk,2,fault5,chi_workload,KHONG-DOC,5,2,tai nguyen
OnlineBoutique,currencyservice,disk,2,fault5,moi_cot,BARO,5,1,tai nguyen
OnlineBoutique,currencyservice,disk,2,fault5,moi_cot,MEANSHIFT,5,1,tai nguyen
OnlineBoutique,currencyservice,disk,2,fault5,moi_cot,KHONG-DOC,5,2,tai nguyen
OnlineBoutique,currencyservice,disk,2,app,chi_cpu,BARO,10,2,tai nguyen
OnlineBoutique,currencyservice,disk,2,app,chi_cpu,MEANSHIFT,10,1,tai nguyen
OnlineBoutique,currencyservice,disk,2,app,chi_cpu,KHONG-DOC,10,4,tai nguyen
OnlineBoutique,currencyservice,disk,2,app,chi_latency,BARO,10,1,tai nguyen
OnlineBoutique,currencyservice,disk,2,app,chi_latency,MEANSHIFT,10,1,tai nguyen
OnlineBoutique,currencyservice,disk,2,app,chi_latency,KHONG-DOC,10,4,tai nguyen
OnlineBoutique,currencyservice,disk,2,app,chi_workload,BARO,11,3,tai nguyen
OnlineBoutique,currencyservice,disk,2,app,chi_workload,MEANSHIFT,11,7,tai nguyen
OnlineBoutique,currencyservice,disk,2,app,chi_workload,KHONG-DOC,11,4,tai nguyen
OnlineBoutique,currencyservice,disk,2,app,moi_cot,BARO,11,2,tai nguyen
OnlineBoutique,currencyservice,disk,2,app,moi_cot,MEANSHIFT,11,1,tai nguyen
OnlineBoutique,currencyservice,disk,2,app,moi_cot,KHONG-DOC,11,4,tai nguyen
OnlineBoutique,currencyservice,disk,2,all,chi_cpu,BARO,11,2,tai nguyen
OnlineBoutique,currencyservice,disk,2,all,chi_cpu,MEANSHIFT,11,1,tai nguyen
OnlineBoutique,currencyservice,disk,2,all,chi_cpu,KHONG-DOC,11,4,tai nguyen
OnlineBoutique,currencyservice,disk,2,all,chi_latency,BARO,10,1,tai nguyen
OnlineBoutique,currencyservice,disk,2,all,chi_latency,MEANSHIFT,10,1,tai nguyen
OnlineBoutique,currencyservice,disk,2,all,chi_latency,KHONG-DOC,10,4,tai nguyen
OnlineBoutique,currencyservice,disk,2,all,chi_workload,BARO,11,3,tai nguyen
OnlineBoutique,currencyservice,disk,2,all,chi_workload,MEANSHIFT,11,7,tai nguyen
OnlineBoutique,currencyservice,disk,2,all,chi_workload,KHONG-DOC,11,4,tai nguyen
OnlineBoutique,currencyservice,disk,2,all,moi_cot,BARO,12,3,tai nguyen
OnlineBoutique,currencyservice,disk,2,all,moi_cot,MEANSHIFT,12,1,tai nguyen
OnlineBoutique,currencyservice,disk,2,all,moi_cot,KHONG-DOC,12,4,tai nguyen
OnlineBoutique,currencyservice,disk,3,fault5,chi_cpu,BARO,5,3,tai nguyen
OnlineBoutique,currencyservice,disk,3,fault5,chi_cpu,MEANSHIFT,5,1,tai nguyen
OnlineBoutique,currencyservice,disk,3,fault5,chi_cpu,KHONG-DOC,5,2,tai nguyen
OnlineBoutique,currencyservice,disk,3,fault5,chi_latency,BARO,5,1,tai nguyen
OnlineBoutique,currencyservice,disk,3,fault5,chi_latency,MEANSHIFT,5,1,tai nguyen
OnlineBoutique,currencyservice,disk,3,fault5,chi_latency,KHONG-DOC,5,2,tai nguyen
OnlineBoutique,currencyservice,disk,3,fault5,chi_workload,BARO,5,3,tai nguyen
OnlineBoutique,currencyservice,disk,3,fault5,chi_workload,MEANSHIFT,5,3,tai nguyen
OnlineBoutique,currencyservice,disk,3,fault5,chi_workload,KHONG-DOC,5,2,tai nguyen
OnlineBoutique,currencyservice,disk,3,fault5,moi_cot,BARO,5,1,tai nguyen
OnlineBoutique,currencyservice,disk,3,fault5,moi_cot,MEANSHIFT,5,1,tai nguyen
OnlineBoutique,currencyservice,disk,3,fault5,moi_cot,KHONG-DOC,5,2,tai nguyen
OnlineBoutique,currencyservice,disk,3,app,chi_cpu,BARO,10,4,tai nguyen
OnlineBoutique,currencyservice,disk,3,app,chi_cpu,MEANSHIFT,10,1,tai nguyen
OnlineBoutique,currencyservice,disk,3,app,chi_cpu,KHONG-DOC,10,4,tai nguyen
OnlineBoutique,currencyservice,disk,3,app,chi_latency,BARO,10,1,tai nguyen
OnlineBoutique,currencyservice,disk,3,app,chi_latency,MEANSHIFT,10,1,tai nguyen
OnlineBoutique,currencyservice,disk,3,app,chi_latency,KHONG-DOC,10,4,tai nguyen
OnlineBoutique,currencyservice,disk,3,app,chi_workload,BARO,11,7,tai nguyen
OnlineBoutique,currencyservice,disk,3,app,chi_workload,MEANSHIFT,11,8,tai nguyen
OnlineBoutique,currencyservice,disk,3,app,chi_workload,KHONG-DOC,11,4,tai nguyen
OnlineBoutique,currencyservice,disk,3,app,moi_cot,BARO,11,2,tai nguyen
OnlineBoutique,currencyservice,disk,3,app,moi_cot,MEANSHIFT,11,1,tai nguyen
OnlineBoutique,currencyservice,disk,3,app,moi_cot,KHONG-DOC,11,4,tai nguyen
OnlineBoutique,currencyservice,disk,3,all,chi_cpu,BARO,11,5,tai nguyen
OnlineBoutique,currencyservice,disk,3,all,chi_cpu,MEANSHIFT,11,1,tai nguyen
OnlineBoutique,currencyservice,disk,3,all,chi_cpu,KHONG-DOC,11,4,tai nguyen
OnlineBoutique,currencyservice,disk,3,all,chi_latency,BARO,10,1,tai nguyen
OnlineBoutique,currencyservice,disk,3,all,chi_latency,MEANSHIFT,10,1,tai nguyen
OnlineBoutique,currencyservice,disk,3,all,chi_latency,KHONG-DOC,10,4,tai nguyen
OnlineBoutique,currencyservice,disk,3,all,chi_workload,BARO,11,7,tai nguyen
OnlineBoutique,currencyservice,disk,3,all,chi_workload,MEANSHIFT,11,8,tai nguyen
OnlineBoutique,currencyservice,disk,3,all,chi_workload,KHONG-DOC,11,4,tai nguyen
OnlineBoutique,currencyservice,disk,3,all,moi_cot,BARO,12,3,tai nguyen
OnlineBoutique,currencyservice,disk,3,all,moi_cot,MEANSHIFT,12,1,tai nguyen
OnlineBoutique,currencyservice,disk,3,all,moi_cot,KHONG-DOC,12,4,tai nguyen
OnlineBoutique,currencyservice,loss,1,fault5,chi_cpu,BARO,5,1,mang
OnlineBoutique,currencyservice,loss,1,fault5,chi_cpu,MEANSHIFT,5,2,mang
OnlineBoutique,currencyservice,loss,1,fault5,chi_cpu,KHONG-DOC,5,2,mang
OnlineBoutique,currencyservice,loss,1,fault5,chi_latency,BARO,5,1,mang
OnlineBoutique,currencyservice,loss,1,fault5,chi_latency,MEANSHIFT,5,1,mang
OnlineBoutique,currencyservice,loss,1,fault5,chi_latency,KHONG-DOC,5,2,mang
OnlineBoutique,currencyservice,loss,1,fault5,chi_workload,BARO,5,3,mang
OnlineBoutique,currencyservice,loss,1,fault5,chi_workload,MEANSHIFT,5,3,mang
OnlineBoutique,currencyservice,loss,1,fault5,chi_workload,KHONG-DOC,5,2,mang
OnlineBoutique,currencyservice,loss,1,fault5,moi_cot,BARO,5,1,mang
OnlineBoutique,currencyservice,loss,1,fault5,moi_cot,MEANSHIFT,5,1,mang
OnlineBoutique,currencyservice,loss,1,fault5,moi_cot,KHONG-DOC,5,2,mang
OnlineBoutique,currencyservice,loss,1,app,chi_cpu,BARO,10,2,mang
OnlineBoutique,currencyservice,loss,1,app,chi_cpu,MEANSHIFT,10,3,mang
OnlineBoutique,currencyservice,loss,1,app,chi_cpu,KHONG-DOC,10,4,mang
OnlineBoutique,currencyservice,loss,1,app,chi_latency,BARO,10,1,mang
OnlineBoutique,currencyservice,loss,1,app,chi_latency,MEANSHIFT,10,1,mang
OnlineBoutique,currencyservice,loss,1,app,chi_latency,KHONG-DOC,10,4,mang
OnlineBoutique,currencyservice,loss,1,app,chi_workload,BARO,11,7,mang
OnlineBoutique,currencyservice,loss,1,app,chi_workload,MEANSHIFT,11,4,mang
OnlineBoutique,currencyservice,loss,1,app,chi_workload,KHONG-DOC,11,4,mang
OnlineBoutique,currencyservice,loss,1,app,moi_cot,BARO,11,1,mang
OnlineBoutique,currencyservice,loss,1,app,moi_cot,MEANSHIFT,11,1,mang
OnlineBoutique,currencyservice,loss,1,app,moi_cot,KHONG-DOC,11,4,mang
OnlineBoutique,currencyservice,loss,1,all,chi_cpu,BARO,11,2,mang
OnlineBoutique,currencyservice,loss,1,all,chi_cpu,MEANSHIFT,11,3,mang
OnlineBoutique,currencyservice,loss,1,all,chi_cpu,KHONG-DOC,11,4,mang
OnlineBoutique,currencyservice,loss,1,all,chi_latency,BARO,10,1,mang
OnlineBoutique,currencyservice,loss,1,all,chi_latency,MEANSHIFT,10,1,mang
OnlineBoutique,currencyservice,loss,1,all,chi_latency,KHONG-DOC,10,4,mang
OnlineBoutique,currencyservice,loss,1,all,chi_workload,BARO,11,7,mang
OnlineBoutique,currencyservice,loss,1,all,chi_workload,MEANSHIFT,11,4,mang
OnlineBoutique,currencyservice,loss,1,all,chi_workload,KHONG-DOC,11,4,mang
OnlineBoutique,currencyservice,loss,1,all,moi_cot,BARO,12,2,mang
OnlineBoutique,currencyservice,loss,1,all,moi_cot,MEANSHIFT,12,1,mang
OnlineBoutique,currencyservice,loss,1,all,moi_cot,KHONG-DOC,12,4,mang
OnlineBoutique,currencyservice,loss,2,fault5,chi_cpu,BARO,5,1,mang
OnlineBoutique,currencyservice,loss,2,fault5,chi_cpu,MEANSHIFT,5,1,mang
OnlineBoutique,currencyservice,loss,2,fault5,chi_cpu,KHONG-DOC,5,2,mang
OnlineBoutique,currencyservice,loss,2,fault5,chi_latency,BARO,5,1,mang
OnlineBoutique,currencyservice,loss,2,fault5,chi_latency,MEANSHIFT,5,1,mang
OnlineBoutique,currencyservice,loss,2,fault5,chi_latency,KHONG-DOC,5,2,mang
OnlineBoutique,currencyservice,loss,2,fault5,chi_workload,BARO,5,3,mang
OnlineBoutique,currencyservice,loss,2,fault5,chi_workload,MEANSHIFT,5,1,mang
OnlineBoutique,currencyservice,loss,2,fault5,chi_workload,KHONG-DOC,5,2,mang
OnlineBoutique,currencyservice,loss,2,fault5,moi_cot,BARO,5,2,mang
OnlineBoutique,currencyservice,loss,2,fault5,moi_cot,MEANSHIFT,5,2,mang
OnlineBoutique,currencyservice,loss,2,fault5,moi_cot,KHONG-DOC,5,2,mang
OnlineBoutique,currencyservice,loss,2,app,chi_cpu,BARO,10,1,mang
OnlineBoutique,currencyservice,loss,2,app,chi_cpu,MEANSHIFT,10,1,mang
OnlineBoutique,currencyservice,loss,2,app,chi_cpu,KHONG-DOC,10,4,mang
OnlineBoutique,currencyservice,loss,2,app,chi_latency,BARO,10,1,mang
OnlineBoutique,currencyservice,loss,2,app,chi_latency,MEANSHIFT,10,1,mang
OnlineBoutique,currencyservice,loss,2,app,chi_latency,KHONG-DOC,10,4,mang
OnlineBoutique,currencyservice,loss,2,app,chi_workload,BARO,11,6,mang
OnlineBoutique,currencyservice,loss,2,app,chi_workload,MEANSHIFT,11,1,mang
OnlineBoutique,currencyservice,loss,2,app,chi_workload,KHONG-DOC,11,4,mang
OnlineBoutique,currencyservice,loss,2,app,moi_cot,BARO,11,3,mang
OnlineBoutique,currencyservice,loss,2,app,moi_cot,MEANSHIFT,11,3,mang
OnlineBoutique,currencyservice,loss,2,app,moi_cot,KHONG-DOC,11,4,mang
OnlineBoutique,currencyservice,loss,2,all,chi_cpu,BARO,11,1,mang
OnlineBoutique,currencyservice,loss,2,all,chi_cpu,MEANSHIFT,11,1,mang
OnlineBoutique,currencyservice,loss,2,all,chi_cpu,KHONG-DOC,11,4,mang
OnlineBoutique,currencyservice,loss,2,all,chi_latency,BARO,10,1,mang
OnlineBoutique,currencyservice,loss,2,all,chi_latency,MEANSHIFT,10,1,mang
OnlineBoutique,currencyservice,loss,2,all,chi_latency,KHONG-DOC,10,4,mang
OnlineBoutique,currencyservice,loss,2,all,chi_workload,BARO,11,6,mang
OnlineBoutique,currencyservice,loss,2,all,chi_workload,MEANSHIFT,11,1,mang
OnlineBoutique,currencyservice,loss,2,all,chi_workload,KHONG-DOC,11,4,mang
OnlineBoutique,currencyservice,loss,2,all,moi_cot,BARO,12,4,mang
OnlineBoutique,currencyservice,loss,2,all,moi_cot,MEANSHIFT,12,3,mang
OnlineBoutique,currencyservice,loss,2,all,moi_cot,KHONG-DOC,12,4,mang
OnlineBoutique,currencyservice,loss,3,fault5,chi_cpu,BARO,5,3,mang
OnlineBoutique,currencyservice,loss,3,fault5,chi_cpu,MEANSHIFT,5,2,mang
OnlineBoutique,currencyservice,loss,3,fault5,chi_cpu,KHONG-DOC,5,2,mang
OnlineBoutique,currencyservice,loss,3,fault5,chi_latency,BARO,5,1,mang
OnlineBoutique,currencyservice,loss,3,fault5,chi_latency,MEANSHIFT,5,1,mang
OnlineBoutique,currencyservice,loss,3,fault5,chi_latency,KHONG-DOC,5,2,mang
OnlineBoutique,currencyservice,loss,3,fault5,chi_workload,BARO,5,3,mang
OnlineBoutique,currencyservice,loss,3,fault5,chi_workload,MEANSHIFT,5,1,mang
OnlineBoutique,currencyservice,loss,3,fault5,chi_workload,KHONG-DOC,5,2,mang
OnlineBoutique,currencyservice,loss,3,fault5,moi_cot,BARO,5,3,mang
OnlineBoutique,currencyservice,loss,3,fault5,moi_cot,MEANSHIFT,5,2,mang
OnlineBoutique,currencyservice,loss,3,fault5,moi_cot,KHONG-DOC,5,2,mang
OnlineBoutique,currencyservice,loss,3,app,chi_cpu,BARO,10,4,mang
OnlineBoutique,currencyservice,loss,3,app,chi_cpu,MEANSHIFT,10,3,mang
OnlineBoutique,currencyservice,loss,3,app,chi_cpu,KHONG-DOC,10,4,mang
OnlineBoutique,currencyservice,loss,3,app,chi_latency,BARO,10,1,mang
OnlineBoutique,currencyservice,loss,3,app,chi_latency,MEANSHIFT,10,1,mang
OnlineBoutique,currencyservice,loss,3,app,chi_latency,KHONG-DOC,10,4,mang
OnlineBoutique,currencyservice,loss,3,app,chi_workload,BARO,11,7,mang
OnlineBoutique,currencyservice,loss,3,app,chi_workload,MEANSHIFT,11,1,mang
OnlineBoutique,currencyservice,loss,3,app,chi_workload,KHONG-DOC,11,4,mang
OnlineBoutique,currencyservice,loss,3,app,moi_cot,BARO,11,4,mang
OnlineBoutique,currencyservice,loss,3,app,moi_cot,MEANSHIFT,11,3,mang
OnlineBoutique,currencyservice,loss,3,app,moi_cot,KHONG-DOC,11,4,mang
OnlineBoutique,currencyservice,loss,3,all,chi_cpu,BARO,11,4,mang
OnlineBoutique,currencyservice,loss,3,all,chi_cpu,MEANSHIFT,11,3,mang
OnlineBoutique,currencyservice,loss,3,all,chi_cpu,KHONG-DOC,11,4,mang
OnlineBoutique,currencyservice,loss,3,all,chi_latency,BARO,10,1,mang
OnlineBoutique,currencyservice,loss,3,all,chi_latency,MEANSHIFT,10,1,mang
OnlineBoutique,currencyservice,loss,3,all,chi_latency,KHONG-DOC,10,4,mang
OnlineBoutique,currencyservice,loss,3,all,chi_workload,BARO,11,7,mang
OnlineBoutique,currencyservice,loss,3,all,chi_workload,MEANSHIFT,11,1,mang
OnlineBoutique,currencyservice,loss,3,all,chi_workload,KHONG-DOC,11,4,mang
OnlineBoutique,currencyservice,loss,3,all,moi_cot,BARO,12,5,mang
OnlineBoutique,currencyservice,loss,3,all,moi_cot,MEANSHIFT,12,3,mang
OnlineBoutique,currencyservice,loss,3,all,moi_cot,KHONG-DOC,12,4,mang
OnlineBoutique,currencyservice,mem,1,fault5,chi_cpu,BARO,5,1,tai nguyen
OnlineBoutique,currencyservice,mem,1,fault5,chi_cpu,MEANSHIFT,5,1,tai nguyen
OnlineBoutique,currencyservice,mem,1,fault5,chi_cpu,KHONG-DOC,5,2,tai nguyen
OnlineBoutique,currencyservice,mem,1,fault5,chi_latency,BARO,5,1,tai nguyen
OnlineBoutique,currencyservice,mem,1,fault5,chi_latency,MEANSHIFT,5,1,tai nguyen
OnlineBoutique,currencyservice,mem,1,fault5,chi_latency,KHONG-DOC,5,2,tai nguyen
OnlineBoutique,currencyservice,mem,1,fault5,chi_workload,BARO,5,3,tai nguyen
OnlineBoutique,currencyservice,mem,1,fault5,chi_workload,MEANSHIFT,5,3,tai nguyen
OnlineBoutique,currencyservice,mem,1,fault5,chi_workload,KHONG-DOC,5,2,tai nguyen
OnlineBoutique,currencyservice,mem,1,fault5,moi_cot,BARO,5,1,tai nguyen
OnlineBoutique,currencyservice,mem,1,fault5,moi_cot,MEANSHIFT,5,1,tai nguyen
OnlineBoutique,currencyservice,mem,1,fault5,moi_cot,KHONG-DOC,5,2,tai nguyen
OnlineBoutique,currencyservice,mem,1,app,chi_cpu,BARO,10,2,tai nguyen
OnlineBoutique,currencyservice,mem,1,app,chi_cpu,MEANSHIFT,10,1,tai nguyen
OnlineBoutique,currencyservice,mem,1,app,chi_cpu,KHONG-DOC,10,4,tai nguyen
OnlineBoutique,currencyservice,mem,1,app,chi_latency,BARO,10,1,tai nguyen
OnlineBoutique,currencyservice,mem,1,app,chi_latency,MEANSHIFT,10,1,tai nguyen
OnlineBoutique,currencyservice,mem,1,app,chi_latency,KHONG-DOC,10,4,tai nguyen
OnlineBoutique,currencyservice,mem,1,app,chi_workload,BARO,11,4,tai nguyen
OnlineBoutique,currencyservice,mem,1,app,chi_workload,MEANSHIFT,11,7,tai nguyen
OnlineBoutique,currencyservice,mem,1,app,chi_workload,KHONG-DOC,11,4,tai nguyen
OnlineBoutique,currencyservice,mem,1,app,moi_cot,BARO,11,1,tai nguyen
OnlineBoutique,currencyservice,mem,1,app,moi_cot,MEANSHIFT,11,1,tai nguyen
OnlineBoutique,currencyservice,mem,1,app,moi_cot,KHONG-DOC,11,4,tai nguyen
OnlineBoutique,currencyservice,mem,1,all,chi_cpu,BARO,11,3,tai nguyen
OnlineBoutique,currencyservice,mem,1,all,chi_cpu,MEANSHIFT,11,1,tai nguyen
OnlineBoutique,currencyservice,mem,1,all,chi_cpu,KHONG-DOC,11,4,tai nguyen
OnlineBoutique,currencyservice,mem,1,all,chi_latency,BARO,10,1,tai nguyen
OnlineBoutique,currencyservice,mem,1,all,chi_latency,MEANSHIFT,10,1,tai nguyen
OnlineBoutique,currencyservice,mem,1,all,chi_latency,KHONG-DOC,10,4,tai nguyen
OnlineBoutique,currencyservice,mem,1,all,chi_workload,BARO,11,4,tai nguyen
OnlineBoutique,currencyservice,mem,1,all,chi_workload,MEANSHIFT,11,7,tai nguyen
OnlineBoutique,currencyservice,mem,1,all,chi_workload,KHONG-DOC,11,4,tai nguyen
OnlineBoutique,currencyservice,mem,1,all,moi_cot,BARO,12,2,tai nguyen
OnlineBoutique,currencyservice,mem,1,all,moi_cot,MEANSHIFT,12,1,tai nguyen
OnlineBoutique,currencyservice,mem,1,all,moi_cot,KHONG-DOC,12,4,tai nguyen
OnlineBoutique,currencyservice,mem,2,fault5,chi_cpu,BARO,5,1,tai nguyen
OnlineBoutique,currencyservice,mem,2,fault5,chi_cpu,MEANSHIFT,5,1,tai nguyen
OnlineBoutique,currencyservice,mem,2,fault5,chi_cpu,KHONG-DOC,5,2,tai nguyen
OnlineBoutique,currencyservice,mem,2,fault5,chi_latency,BARO,5,1,tai nguyen
OnlineBoutique,currencyservice,mem,2,fault5,chi_latency,MEANSHIFT,5,1,tai nguyen
OnlineBoutique,currencyservice,mem,2,fault5,chi_latency,KHONG-DOC,5,2,tai nguyen
OnlineBoutique,currencyservice,mem,2,fault5,chi_workload,BARO,5,1,tai nguyen
OnlineBoutique,currencyservice,mem,2,fault5,chi_workload,MEANSHIFT,5,1,tai nguyen
OnlineBoutique,currencyservice,mem,2,fault5,chi_workload,KHONG-DOC,5,2,tai nguyen
OnlineBoutique,currencyservice,mem,2,fault5,moi_cot,BARO,5,1,tai nguyen
OnlineBoutique,currencyservice,mem,2,fault5,moi_cot,MEANSHIFT,5,1,tai nguyen
OnlineBoutique,currencyservice,mem,2,fault5,moi_cot,KHONG-DOC,5,2,tai nguyen
OnlineBoutique,currencyservice,mem,2,app,chi_cpu,BARO,10,1,tai nguyen
OnlineBoutique,currencyservice,mem,2,app,chi_cpu,MEANSHIFT,10,1,tai nguyen
OnlineBoutique,currencyservice,mem,2,app,chi_cpu,KHONG-DOC,10,4,tai nguyen
OnlineBoutique,currencyservice,mem,2,app,chi_latency,BARO,10,1,tai nguyen
OnlineBoutique,currencyservice,mem,2,app,chi_latency,MEANSHIFT,10,1,tai nguyen
OnlineBoutique,currencyservice,mem,2,app,chi_latency,KHONG-DOC,10,4,tai nguyen
OnlineBoutique,currencyservice,mem,2,app,chi_workload,BARO,11,2,tai nguyen
OnlineBoutique,currencyservice,mem,2,app,chi_workload,MEANSHIFT,11,2,tai nguyen
OnlineBoutique,currencyservice,mem,2,app,chi_workload,KHONG-DOC,11,4,tai nguyen
OnlineBoutique,currencyservice,mem,2,app,moi_cot,BARO,11,1,tai nguyen
OnlineBoutique,currencyservice,mem,2,app,moi_cot,MEANSHIFT,11,1,tai nguyen
OnlineBoutique,currencyservice,mem,2,app,moi_cot,KHONG-DOC,11,4,tai nguyen
OnlineBoutique,currencyservice,mem,2,all,chi_cpu,BARO,11,1,tai nguyen
OnlineBoutique,currencyservice,mem,2,all,chi_cpu,MEANSHIFT,11,1,tai nguyen
OnlineBoutique,currencyservice,mem,2,all,chi_cpu,KHONG-DOC,11,4,tai nguyen
OnlineBoutique,currencyservice,mem,2,all,chi_latency,BARO,10,1,tai nguyen
OnlineBoutique,currencyservice,mem,2,all,chi_latency,MEANSHIFT,10,1,tai nguyen
OnlineBoutique,currencyservice,mem,2,all,chi_latency,KHONG-DOC,10,4,tai nguyen
OnlineBoutique,currencyservice,mem,2,all,chi_workload,BARO,11,2,tai nguyen
OnlineBoutique,currencyservice,mem,2,all,chi_workload,MEANSHIFT,11,2,tai nguyen
OnlineBoutique,currencyservice,mem,2,all,chi_workload,KHONG-DOC,11,4,tai nguyen
OnlineBoutique,currencyservice,mem,2,all,moi_cot,BARO,12,2,tai nguyen
OnlineBoutique,currencyservice,mem,2,all,moi_cot,MEANSHIFT,12,1,tai nguyen
OnlineBoutique,currencyservice,mem,2,all,moi_cot,KHONG-DOC,12,4,tai nguyen
OnlineBoutique,currencyservice,mem,3,fault5,chi_cpu,BARO,5,2,tai nguyen
OnlineBoutique,currencyservice,mem,3,fault5,chi_cpu,MEANSHIFT,5,1,tai nguyen
OnlineBoutique,currencyservice,mem,3,fault5,chi_cpu,KHONG-DOC,5,2,tai nguyen
OnlineBoutique,currencyservice,mem,3,fault5,chi_latency,BARO,5,1,tai nguyen
OnlineBoutique,currencyservice,mem,3,fault5,chi_latency,MEANSHIFT,5,1,tai nguyen
OnlineBoutique,currencyservice,mem,3,fault5,chi_latency,KHONG-DOC,5,2,tai nguyen
OnlineBoutique,currencyservice,mem,3,fault5,chi_workload,BARO,5,2,tai nguyen
OnlineBoutique,currencyservice,mem,3,fault5,chi_workload,MEANSHIFT,5,3,tai nguyen
OnlineBoutique,currencyservice,mem,3,fault5,chi_workload,KHONG-DOC,5,2,tai nguyen
OnlineBoutique,currencyservice,mem,3,fault5,moi_cot,BARO,5,1,tai nguyen
OnlineBoutique,currencyservice,mem,3,fault5,moi_cot,MEANSHIFT,5,1,tai nguyen
OnlineBoutique,currencyservice,mem,3,fault5,moi_cot,KHONG-DOC,5,2,tai nguyen
OnlineBoutique,currencyservice,mem,3,app,chi_cpu,BARO,10,3,tai nguyen
OnlineBoutique,currencyservice,mem,3,app,chi_cpu,MEANSHIFT,10,1,tai nguyen
OnlineBoutique,currencyservice,mem,3,app,chi_cpu,KHONG-DOC,10,4,tai nguyen
OnlineBoutique,currencyservice,mem,3,app,chi_latency,BARO,10,1,tai nguyen
OnlineBoutique,currencyservice,mem,3,app,chi_latency,MEANSHIFT,10,1,tai nguyen
OnlineBoutique,currencyservice,mem,3,app,chi_latency,KHONG-DOC,10,4,tai nguyen
OnlineBoutique,currencyservice,mem,3,app,chi_workload,BARO,11,4,tai nguyen
OnlineBoutique,currencyservice,mem,3,app,chi_workload,MEANSHIFT,11,6,tai nguyen
OnlineBoutique,currencyservice,mem,3,app,chi_workload,KHONG-DOC,11,4,tai nguyen
OnlineBoutique,currencyservice,mem,3,app,moi_cot,BARO,11,1,tai nguyen
OnlineBoutique,currencyservice,mem,3,app,moi_cot,MEANSHIFT,11,1,tai nguyen
OnlineBoutique,currencyservice,mem,3,app,moi_cot,KHONG-DOC,11,4,tai nguyen
OnlineBoutique,currencyservice,mem,3,all,chi_cpu,BARO,11,4,tai nguyen
OnlineBoutique,currencyservice,mem,3,all,chi_cpu,MEANSHIFT,11,1,tai nguyen
OnlineBoutique,currencyservice,mem,3,all,chi_cpu,KHONG-DOC,11,4,tai nguyen
OnlineBoutique,currencyservice,mem,3,all,chi_latency,BARO,10,1,tai nguyen
OnlineBoutique,currencyservice,mem,3,all,chi_latency,MEANSHIFT,10,1,tai nguyen
OnlineBoutique,currencyservice,mem,3,all,chi_latency,KHONG-DOC,10,4,tai nguyen
OnlineBoutique,currencyservice,mem,3,all,chi_workload,BARO,11,4,tai nguyen
OnlineBoutique,currencyservice,mem,3,all,chi_workload,MEANSHIFT,11,6,tai nguyen
OnlineBoutique,currencyservice,mem,3,all,chi_workload,KHONG-DOC,11,4,tai nguyen
OnlineBoutique,currencyservice,mem,3,all,moi_cot,BARO,12,2,tai nguyen
OnlineBoutique,currencyservice,mem,3,all,moi_cot,MEANSHIFT,12,1,tai nguyen
OnlineBoutique,currencyservice,mem,3,all,moi_cot,KHONG-DOC,12,4,tai nguyen
OnlineBoutique,currencyservice,socket,1,fault5,chi_cpu,BARO,5,1,tai nguyen
OnlineBoutique,currencyservice,socket,1,fault5,chi_cpu,MEANSHIFT,5,4,tai nguyen
OnlineBoutique,currencyservice,socket,1,fault5,chi_cpu,KHONG-DOC,5,2,tai nguyen
OnlineBoutique,currencyservice,socket,1,fault5,chi_latency,BARO,5,1,tai nguyen
OnlineBoutique,currencyservice,socket,1,fault5,chi_latency,MEANSHIFT,5,3,tai nguyen
OnlineBoutique,currencyservice,socket,1,fault5,chi_latency,KHONG-DOC,5,2,tai nguyen
OnlineBoutique,currencyservice,socket,1,fault5,chi_workload,BARO,5,2,tai nguyen
OnlineBoutique,currencyservice,socket,1,fault5,chi_workload,MEANSHIFT,5,3,tai nguyen
OnlineBoutique,currencyservice,socket,1,fault5,chi_workload,KHONG-DOC,5,2,tai nguyen
OnlineBoutique,currencyservice,socket,1,fault5,moi_cot,BARO,5,3,tai nguyen
OnlineBoutique,currencyservice,socket,1,fault5,moi_cot,MEANSHIFT,5,1,tai nguyen
OnlineBoutique,currencyservice,socket,1,fault5,moi_cot,KHONG-DOC,5,2,tai nguyen
OnlineBoutique,currencyservice,socket,1,app,chi_cpu,BARO,10,2,tai nguyen
OnlineBoutique,currencyservice,socket,1,app,chi_cpu,MEANSHIFT,10,8,tai nguyen
OnlineBoutique,currencyservice,socket,1,app,chi_cpu,KHONG-DOC,10,4,tai nguyen
OnlineBoutique,currencyservice,socket,1,app,chi_latency,BARO,10,3,tai nguyen
OnlineBoutique,currencyservice,socket,1,app,chi_latency,MEANSHIFT,10,6,tai nguyen
OnlineBoutique,currencyservice,socket,1,app,chi_latency,KHONG-DOC,10,4,tai nguyen
OnlineBoutique,currencyservice,socket,1,app,chi_workload,BARO,11,2,tai nguyen
OnlineBoutique,currencyservice,socket,1,app,chi_workload,MEANSHIFT,11,4,tai nguyen
OnlineBoutique,currencyservice,socket,1,app,chi_workload,KHONG-DOC,11,4,tai nguyen
OnlineBoutique,currencyservice,socket,1,app,moi_cot,BARO,11,4,tai nguyen
OnlineBoutique,currencyservice,socket,1,app,moi_cot,MEANSHIFT,11,1,tai nguyen
OnlineBoutique,currencyservice,socket,1,app,moi_cot,KHONG-DOC,11,4,tai nguyen
OnlineBoutique,currencyservice,socket,1,all,chi_cpu,BARO,11,3,tai nguyen
OnlineBoutique,currencyservice,socket,1,all,chi_cpu,MEANSHIFT,11,9,tai nguyen
OnlineBoutique,currencyservice,socket,1,all,chi_cpu,KHONG-DOC,11,4,tai nguyen
OnlineBoutique,currencyservice,socket,1,all,chi_latency,BARO,10,3,tai nguyen
OnlineBoutique,currencyservice,socket,1,all,chi_latency,MEANSHIFT,10,6,tai nguyen
OnlineBoutique,currencyservice,socket,1,all,chi_latency,KHONG-DOC,10,4,tai nguyen
OnlineBoutique,currencyservice,socket,1,all,chi_workload,BARO,11,2,tai nguyen
OnlineBoutique,currencyservice,socket,1,all,chi_workload,MEANSHIFT,11,4,tai nguyen
OnlineBoutique,currencyservice,socket,1,all,chi_workload,KHONG-DOC,11,4,tai nguyen
OnlineBoutique,currencyservice,socket,1,all,moi_cot,BARO,12,5,tai nguyen
OnlineBoutique,currencyservice,socket,1,all,moi_cot,MEANSHIFT,12,1,tai nguyen
OnlineBoutique,currencyservice,socket,1,all,moi_cot,KHONG-DOC,12,4,tai nguyen
OnlineBoutique,currencyservice,socket,2,fault5,chi_cpu,BARO,5,1,tai nguyen
OnlineBoutique,currencyservice,socket,2,fault5,chi_cpu,MEANSHIFT,5,1,tai nguyen
OnlineBoutique,currencyservice,socket,2,fault5,chi_cpu,KHONG-DOC,5,2,tai nguyen
OnlineBoutique,currencyservice,socket,2,fault5,chi_latency,BARO,5,1,tai nguyen
OnlineBoutique,currencyservice,socket,2,fault5,chi_latency,MEANSHIFT,5,1,tai nguyen
OnlineBoutique,currencyservice,socket,2,fault5,chi_latency,KHONG-DOC,5,2,tai nguyen
OnlineBoutique,currencyservice,socket,2,fault5,chi_workload,BARO,5,5,tai nguyen
OnlineBoutique,currencyservice,socket,2,fault5,chi_workload,MEANSHIFT,5,3,tai nguyen
OnlineBoutique,currencyservice,socket,2,fault5,chi_workload,KHONG-DOC,5,2,tai nguyen
OnlineBoutique,currencyservice,socket,2,fault5,moi_cot,BARO,5,1,tai nguyen
OnlineBoutique,currencyservice,socket,2,fault5,moi_cot,MEANSHIFT,5,1,tai nguyen
OnlineBoutique,currencyservice,socket,2,fault5,moi_cot,KHONG-DOC,5,2,tai nguyen
OnlineBoutique,currencyservice,socket,2,app,chi_cpu,BARO,10,1,tai nguyen
OnlineBoutique,currencyservice,socket,2,app,chi_cpu,MEANSHIFT,10,1,tai nguyen
OnlineBoutique,currencyservice,socket,2,app,chi_cpu,KHONG-DOC,10,4,tai nguyen
OnlineBoutique,currencyservice,socket,2,app,chi_latency,BARO,10,1,tai nguyen
OnlineBoutique,currencyservice,socket,2,app,chi_latency,MEANSHIFT,10,1,tai nguyen
OnlineBoutique,currencyservice,socket,2,app,chi_latency,KHONG-DOC,10,4,tai nguyen
OnlineBoutique,currencyservice,socket,2,app,chi_workload,BARO,11,8,tai nguyen
OnlineBoutique,currencyservice,socket,2,app,chi_workload,MEANSHIFT,11,8,tai nguyen
OnlineBoutique,currencyservice,socket,2,app,chi_workload,KHONG-DOC,11,4,tai nguyen
OnlineBoutique,currencyservice,socket,2,app,moi_cot,BARO,11,2,tai nguyen
OnlineBoutique,currencyservice,socket,2,app,moi_cot,MEANSHIFT,11,1,tai nguyen
OnlineBoutique,currencyservice,socket,2,app,moi_cot,KHONG-DOC,11,4,tai nguyen
OnlineBoutique,currencyservice,socket,2,all,chi_cpu,BARO,11,2,tai nguyen
OnlineBoutique,currencyservice,socket,2,all,chi_cpu,MEANSHIFT,11,1,tai nguyen
OnlineBoutique,currencyservice,socket,2,all,chi_cpu,KHONG-DOC,11,4,tai nguyen
OnlineBoutique,currencyservice,socket,2,all,chi_latency,BARO,10,1,tai nguyen
OnlineBoutique,currencyservice,socket,2,all,chi_latency,MEANSHIFT,10,1,tai nguyen
OnlineBoutique,currencyservice,socket,2,all,chi_latency,KHONG-DOC,10,4,tai nguyen
OnlineBoutique,currencyservice,socket,2,all,chi_workload,BARO,11,8,tai nguyen
OnlineBoutique,currencyservice,socket,2,all,chi_workload,MEANSHIFT,11,8,tai nguyen
OnlineBoutique,currencyservice,socket,2,all,chi_workload,KHONG-DOC,11,4,tai nguyen
OnlineBoutique,currencyservice,socket,2,all,moi_cot,BARO,12,3,tai nguyen
OnlineBoutique,currencyservice,socket,2,all,moi_cot,MEANSHIFT,12,1,tai nguyen
OnlineBoutique,currencyservice,socket,2,all,moi_cot,KHONG-DOC,12,4,tai nguyen
OnlineBoutique,currencyservice,socket,3,fault5,chi_cpu,BARO,5,4,tai nguyen
OnlineBoutique,currencyservice,socket,3,fault5,chi_cpu,MEANSHIFT,5,1,tai nguyen
OnlineBoutique,currencyservice,socket,3,fault5,chi_cpu,KHONG-DOC,5,2,tai nguyen
OnlineBoutique,currencyservice,socket,3,fault5,chi_latency,BARO,5,1,tai nguyen
OnlineBoutique,currencyservice,socket,3,fault5,chi_latency,MEANSHIFT,5,1,tai nguyen
OnlineBoutique,currencyservice,socket,3,fault5,chi_latency,KHONG-DOC,5,2,tai nguyen
OnlineBoutique,currencyservice,socket,3,fault5,chi_workload,BARO,5,3,tai nguyen
OnlineBoutique,currencyservice,socket,3,fault5,chi_workload,MEANSHIFT,5,4,tai nguyen
OnlineBoutique,currencyservice,socket,3,fault5,chi_workload,KHONG-DOC,5,2,tai nguyen
OnlineBoutique,currencyservice,socket,3,fault5,moi_cot,BARO,5,1,tai nguyen
OnlineBoutique,currencyservice,socket,3,fault5,moi_cot,MEANSHIFT,5,1,tai nguyen
OnlineBoutique,currencyservice,socket,3,fault5,moi_cot,KHONG-DOC,5,2,tai nguyen
OnlineBoutique,currencyservice,socket,3,app,chi_cpu,BARO,10,5,tai nguyen
OnlineBoutique,currencyservice,socket,3,app,chi_cpu,MEANSHIFT,10,1,tai nguyen
OnlineBoutique,currencyservice,socket,3,app,chi_cpu,KHONG-DOC,10,4,tai nguyen
OnlineBoutique,currencyservice,socket,3,app,chi_latency,BARO,10,1,tai nguyen
OnlineBoutique,currencyservice,socket,3,app,chi_latency,MEANSHIFT,10,1,tai nguyen
OnlineBoutique,currencyservice,socket,3,app,chi_latency,KHONG-DOC,10,4,tai nguyen
OnlineBoutique,currencyservice,socket,3,app,chi_workload,BARO,11,6,tai nguyen
OnlineBoutique,currencyservice,socket,3,app,chi_workload,MEANSHIFT,11,9,tai nguyen
OnlineBoutique,currencyservice,socket,3,app,chi_workload,KHONG-DOC,11,4,tai nguyen
OnlineBoutique,currencyservice,socket,3,app,moi_cot,BARO,11,2,tai nguyen
OnlineBoutique,currencyservice,socket,3,app,moi_cot,MEANSHIFT,11,1,tai nguyen
OnlineBoutique,currencyservice,socket,3,app,moi_cot,KHONG-DOC,11,4,tai nguyen
OnlineBoutique,currencyservice,socket,3,all,chi_cpu,BARO,11,6,tai nguyen
OnlineBoutique,currencyservice,socket,3,all,chi_cpu,MEANSHIFT,11,1,tai nguyen
OnlineBoutique,currencyservice,socket,3,all,chi_cpu,KHONG-DOC,11,4,tai nguyen
OnlineBoutique,currencyservice,socket,3,all,chi_latency,BARO,10,1,tai nguyen
OnlineBoutique,currencyservice,socket,3,all,chi_latency,MEANSHIFT,10,1,tai nguyen
OnlineBoutique,currencyservice,socket,3,all,chi_latency,KHONG-DOC,10,4,tai nguyen
OnlineBoutique,currencyservice,socket,3,all,chi_workload,BARO,11,6,tai nguyen
OnlineBoutique,currencyservice,socket,3,all,chi_workload,MEANSHIFT,11,9,tai nguyen
OnlineBoutique,currencyservice,socket,3,all,chi_workload,KHONG-DOC,11,4,tai nguyen
OnlineBoutique,currencyservice,socket,3,all,moi_cot,BARO,12,3,tai nguyen
OnlineBoutique,currencyservice,socket,3,all,moi_cot,MEANSHIFT,12,1,tai nguyen
OnlineBoutique,currencyservice,socket,3,all,moi_cot,KHONG-DOC,12,4,tai nguyen
OnlineBoutique,emailservice,cpu,1,fault5,chi_cpu,BARO,5,1,tai nguyen
OnlineBoutique,emailservice,cpu,1,fault5,chi_cpu,MEANSHIFT,5,1,tai nguyen
OnlineBoutique,emailservice,cpu,1,fault5,chi_cpu,KHONG-DOC,5,3,tai nguyen
OnlineBoutique,emailservice,cpu,1,fault5,chi_latency,BARO,5,5,tai nguyen
OnlineBoutique,emailservice,cpu,1,fault5,chi_latency,MEANSHIFT,5,1,tai nguyen
OnlineBoutique,emailservice,cpu,1,fault5,chi_latency,KHONG-DOC,5,3,tai nguyen
OnlineBoutique,emailservice,cpu,1,fault5,chi_workload,BARO,5,2,tai nguyen
OnlineBoutique,emailservice,cpu,1,fault5,chi_workload,MEANSHIFT,5,2,tai nguyen
OnlineBoutique,emailservice,cpu,1,fault5,chi_workload,KHONG-DOC,5,3,tai nguyen
OnlineBoutique,emailservice,cpu,1,fault5,moi_cot,BARO,5,1,tai nguyen
OnlineBoutique,emailservice,cpu,1,fault5,moi_cot,MEANSHIFT,5,1,tai nguyen
OnlineBoutique,emailservice,cpu,1,fault5,moi_cot,KHONG-DOC,5,3,tai nguyen
OnlineBoutique,emailservice,cpu,1,app,chi_cpu,BARO,10,1,tai nguyen
OnlineBoutique,emailservice,cpu,1,app,chi_cpu,MEANSHIFT,10,1,tai nguyen
OnlineBoutique,emailservice,cpu,1,app,chi_cpu,KHONG-DOC,10,5,tai nguyen
OnlineBoutique,emailservice,cpu,1,app,chi_latency,BARO,10,10,tai nguyen
OnlineBoutique,emailservice,cpu,1,app,chi_latency,MEANSHIFT,10,1,tai nguyen
OnlineBoutique,emailservice,cpu,1,app,chi_latency,KHONG-DOC,10,5,tai nguyen
OnlineBoutique,emailservice,cpu,1,app,chi_workload,BARO,11,4,tai nguyen
OnlineBoutique,emailservice,cpu,1,app,chi_workload,MEANSHIFT,11,2,tai nguyen
OnlineBoutique,emailservice,cpu,1,app,chi_workload,KHONG-DOC,11,5,tai nguyen
OnlineBoutique,emailservice,cpu,1,app,moi_cot,BARO,11,2,tai nguyen
OnlineBoutique,emailservice,cpu,1,app,moi_cot,MEANSHIFT,11,1,tai nguyen
OnlineBoutique,emailservice,cpu,1,app,moi_cot,KHONG-DOC,11,5,tai nguyen
OnlineBoutique,emailservice,cpu,1,all,chi_cpu,BARO,11,1,tai nguyen
OnlineBoutique,emailservice,cpu,1,all,chi_cpu,MEANSHIFT,11,1,tai nguyen
OnlineBoutique,emailservice,cpu,1,all,chi_cpu,KHONG-DOC,11,5,tai nguyen
OnlineBoutique,emailservice,cpu,1,all,chi_latency,BARO,10,10,tai nguyen
OnlineBoutique,emailservice,cpu,1,all,chi_latency,MEANSHIFT,10,1,tai nguyen
OnlineBoutique,emailservice,cpu,1,all,chi_latency,KHONG-DOC,10,5,tai nguyen
OnlineBoutique,emailservice,cpu,1,all,chi_workload,BARO,11,4,tai nguyen
OnlineBoutique,emailservice,cpu,1,all,chi_workload,MEANSHIFT,11,2,tai nguyen
OnlineBoutique,emailservice,cpu,1,all,chi_workload,KHONG-DOC,11,5,tai nguyen
OnlineBoutique,emailservice,cpu,1,all,moi_cot,BARO,12,3,tai nguyen
OnlineBoutique,emailservice,cpu,1,all,moi_cot,MEANSHIFT,12,1,tai nguyen
OnlineBoutique,emailservice,cpu,1,all,moi_cot,KHONG-DOC,12,5,tai nguyen
OnlineBoutique,emailservice,cpu,2,fault5,chi_cpu,BARO,5,1,tai nguyen
OnlineBoutique,emailservice,cpu,2,fault5,chi_cpu,MEANSHIFT,5,1,tai nguyen
OnlineBoutique,emailservice,cpu,2,fault5,chi_cpu,KHONG-DOC,5,3,tai nguyen
OnlineBoutique,emailservice,cpu,2,fault5,chi_latency,BARO,5,1,tai nguyen
OnlineBoutique,emailservice,cpu,2,fault5,chi_latency,MEANSHIFT,5,1,tai nguyen
OnlineBoutique,emailservice,cpu,2,fault5,chi_latency,KHONG-DOC,5,3,tai nguyen
OnlineBoutique,emailservice,cpu,2,fault5,chi_workload,BARO,5,2,tai nguyen
OnlineBoutique,emailservice,cpu,2,fault5,chi_workload,MEANSHIFT,5,2,tai nguyen
OnlineBoutique,emailservice,cpu,2,fault5,chi_workload,KHONG-DOC,5,3,tai nguyen
OnlineBoutique,emailservice,cpu,2,fault5,moi_cot,BARO,5,1,tai nguyen
OnlineBoutique,emailservice,cpu,2,fault5,moi_cot,MEANSHIFT,5,1,tai nguyen
OnlineBoutique,emailservice,cpu,2,fault5,moi_cot,KHONG-DOC,5,3,tai nguyen
OnlineBoutique,emailservice,cpu,2,app,chi_cpu,BARO,10,1,tai nguyen
OnlineBoutique,emailservice,cpu,2,app,chi_cpu,MEANSHIFT,10,1,tai nguyen
OnlineBoutique,emailservice,cpu,2,app,chi_cpu,KHONG-DOC,10,5,tai nguyen
OnlineBoutique,emailservice,cpu,2,app,chi_latency,BARO,10,1,tai nguyen
OnlineBoutique,emailservice,cpu,2,app,chi_latency,MEANSHIFT,10,1,tai nguyen
OnlineBoutique,emailservice,cpu,2,app,chi_latency,KHONG-DOC,10,5,tai nguyen
OnlineBoutique,emailservice,cpu,2,app,chi_workload,BARO,11,4,tai nguyen
OnlineBoutique,emailservice,cpu,2,app,chi_workload,MEANSHIFT,11,4,tai nguyen
OnlineBoutique,emailservice,cpu,2,app,chi_workload,KHONG-DOC,11,5,tai nguyen
OnlineBoutique,emailservice,cpu,2,app,moi_cot,BARO,11,1,tai nguyen
OnlineBoutique,emailservice,cpu,2,app,moi_cot,MEANSHIFT,11,1,tai nguyen
OnlineBoutique,emailservice,cpu,2,app,moi_cot,KHONG-DOC,11,5,tai nguyen
OnlineBoutique,emailservice,cpu,2,all,chi_cpu,BARO,11,1,tai nguyen
OnlineBoutique,emailservice,cpu,2,all,chi_cpu,MEANSHIFT,11,1,tai nguyen
OnlineBoutique,emailservice,cpu,2,all,chi_cpu,KHONG-DOC,11,5,tai nguyen
OnlineBoutique,emailservice,cpu,2,all,chi_latency,BARO,10,1,tai nguyen
OnlineBoutique,emailservice,cpu,2,all,chi_latency,MEANSHIFT,10,1,tai nguyen
OnlineBoutique,emailservice,cpu,2,all,chi_latency,KHONG-DOC,10,5,tai nguyen
OnlineBoutique,emailservice,cpu,2,all,chi_workload,BARO,11,4,tai nguyen
OnlineBoutique,emailservice,cpu,2,all,chi_workload,MEANSHIFT,11,4,tai nguyen
OnlineBoutique,emailservice,cpu,2,all,chi_workload,KHONG-DOC,11,5,tai nguyen
OnlineBoutique,emailservice,cpu,2,all,moi_cot,BARO,12,2,tai nguyen
OnlineBoutique,emailservice,cpu,2,all,moi_cot,MEANSHIFT,12,1,tai nguyen
OnlineBoutique,emailservice,cpu,2,all,moi_cot,KHONG-DOC,12,5,tai nguyen
OnlineBoutique,emailservice,cpu,3,fault5,chi_cpu,BARO,5,1,tai nguyen
OnlineBoutique,emailservice,cpu,3,fault5,chi_cpu,MEANSHIFT,5,1,tai nguyen
OnlineBoutique,emailservice,cpu,3,fault5,chi_cpu,KHONG-DOC,5,3,tai nguyen
OnlineBoutique,emailservice,cpu,3,fault5,chi_latency,BARO,5,1,tai nguyen
OnlineBoutique,emailservice,cpu,3,fault5,chi_latency,MEANSHIFT,5,1,tai nguyen
OnlineBoutique,emailservice,cpu,3,fault5,chi_latency,KHONG-DOC,5,3,tai nguyen
OnlineBoutique,emailservice,cpu,3,fault5,chi_workload,BARO,5,2,tai nguyen
OnlineBoutique,emailservice,cpu,3,fault5,chi_workload,MEANSHIFT,5,2,tai nguyen
OnlineBoutique,emailservice,cpu,3,fault5,chi_workload,KHONG-DOC,5,3,tai nguyen
OnlineBoutique,emailservice,cpu,3,fault5,moi_cot,BARO,5,1,tai nguyen
OnlineBoutique,emailservice,cpu,3,fault5,moi_cot,MEANSHIFT,5,1,tai nguyen
OnlineBoutique,emailservice,cpu,3,fault5,moi_cot,KHONG-DOC,5,3,tai nguyen
OnlineBoutique,emailservice,cpu,3,app,chi_cpu,BARO,10,1,tai nguyen
OnlineBoutique,emailservice,cpu,3,app,chi_cpu,MEANSHIFT,10,1,tai nguyen
OnlineBoutique,emailservice,cpu,3,app,chi_cpu,KHONG-DOC,10,5,tai nguyen
OnlineBoutique,emailservice,cpu,3,app,chi_latency,BARO,10,1,tai nguyen
OnlineBoutique,emailservice,cpu,3,app,chi_latency,MEANSHIFT,10,1,tai nguyen
OnlineBoutique,emailservice,cpu,3,app,chi_latency,KHONG-DOC,10,5,tai nguyen
OnlineBoutique,emailservice,cpu,3,app,chi_workload,BARO,11,3,tai nguyen
OnlineBoutique,emailservice,cpu,3,app,chi_workload,MEANSHIFT,11,3,tai nguyen
OnlineBoutique,emailservice,cpu,3,app,chi_workload,KHONG-DOC,11,5,tai nguyen
OnlineBoutique,emailservice,cpu,3,app,moi_cot,BARO,11,1,tai nguyen
OnlineBoutique,emailservice,cpu,3,app,moi_cot,MEANSHIFT,11,1,tai nguyen
OnlineBoutique,emailservice,cpu,3,app,moi_cot,KHONG-DOC,11,5,tai nguyen
OnlineBoutique,emailservice,cpu,3,all,chi_cpu,BARO,11,1,tai nguyen
OnlineBoutique,emailservice,cpu,3,all,chi_cpu,MEANSHIFT,11,1,tai nguyen
OnlineBoutique,emailservice,cpu,3,all,chi_cpu,KHONG-DOC,11,5,tai nguyen
OnlineBoutique,emailservice,cpu,3,all,chi_latency,BARO,10,1,tai nguyen
OnlineBoutique,emailservice,cpu,3,all,chi_latency,MEANSHIFT,10,1,tai nguyen
OnlineBoutique,emailservice,cpu,3,all,chi_latency,KHONG-DOC,10,5,tai nguyen
OnlineBoutique,emailservice,cpu,3,all,chi_workload,BARO,11,3,tai nguyen
OnlineBoutique,emailservice,cpu,3,all,chi_workload,MEANSHIFT,11,3,tai nguyen
OnlineBoutique,emailservice,cpu,3,all,chi_workload,KHONG-DOC,11,5,tai nguyen
OnlineBoutique,emailservice,cpu,3,all,moi_cot,BARO,12,2,tai nguyen
OnlineBoutique,emailservice,cpu,3,all,moi_cot,MEANSHIFT,12,1,tai nguyen
OnlineBoutique,emailservice,cpu,3,all,moi_cot,KHONG-DOC,12,5,tai nguyen
OnlineBoutique,emailservice,delay,1,fault5,chi_cpu,BARO,5,4,mang
OnlineBoutique,emailservice,delay,1,fault5,chi_cpu,MEANSHIFT,5,1,mang
OnlineBoutique,emailservice,delay,1,fault5,chi_cpu,KHONG-DOC,5,3,mang
OnlineBoutique,emailservice,delay,1,fault5,chi_latency,BARO,5,5,mang
OnlineBoutique,emailservice,delay,1,fault5,chi_latency,MEANSHIFT,5,1,mang
OnlineBoutique,emailservice,delay,1,fault5,chi_latency,KHONG-DOC,5,3,mang
OnlineBoutique,emailservice,delay,1,fault5,chi_workload,BARO,5,2,mang
OnlineBoutique,emailservice,delay,1,fault5,chi_workload,MEANSHIFT,5,3,mang
OnlineBoutique,emailservice,delay,1,fault5,chi_workload,KHONG-DOC,5,3,mang
OnlineBoutique,emailservice,delay,1,fault5,moi_cot,BARO,5,2,mang
OnlineBoutique,emailservice,delay,1,fault5,moi_cot,MEANSHIFT,5,1,mang
OnlineBoutique,emailservice,delay,1,fault5,moi_cot,KHONG-DOC,5,3,mang
OnlineBoutique,emailservice,delay,1,app,chi_cpu,BARO,10,5,mang
OnlineBoutique,emailservice,delay,1,app,chi_cpu,MEANSHIFT,10,1,mang
OnlineBoutique,emailservice,delay,1,app,chi_cpu,KHONG-DOC,10,5,mang
OnlineBoutique,emailservice,delay,1,app,chi_latency,BARO,10,10,mang
OnlineBoutique,emailservice,delay,1,app,chi_latency,MEANSHIFT,10,1,mang
OnlineBoutique,emailservice,delay,1,app,chi_latency,KHONG-DOC,10,5,mang
OnlineBoutique,emailservice,delay,1,app,chi_workload,BARO,11,3,mang
OnlineBoutique,emailservice,delay,1,app,chi_workload,MEANSHIFT,11,8,mang
OnlineBoutique,emailservice,delay,1,app,chi_workload,KHONG-DOC,11,5,mang
OnlineBoutique,emailservice,delay,1,app,moi_cot,BARO,11,2,mang
OnlineBoutique,emailservice,delay,1,app,moi_cot,MEANSHIFT,11,1,mang
OnlineBoutique,emailservice,delay,1,app,moi_cot,KHONG-DOC,11,5,mang
OnlineBoutique,emailservice,delay,1,all,chi_cpu,BARO,11,6,mang
OnlineBoutique,emailservice,delay,1,all,chi_cpu,MEANSHIFT,11,1,mang
OnlineBoutique,emailservice,delay,1,all,chi_cpu,KHONG-DOC,11,5,mang
OnlineBoutique,emailservice,delay,1,all,chi_latency,BARO,10,10,mang
OnlineBoutique,emailservice,delay,1,all,chi_latency,MEANSHIFT,10,1,mang
OnlineBoutique,emailservice,delay,1,all,chi_latency,KHONG-DOC,10,5,mang
OnlineBoutique,emailservice,delay,1,all,chi_workload,BARO,11,3,mang
OnlineBoutique,emailservice,delay,1,all,chi_workload,MEANSHIFT,11,8,mang
OnlineBoutique,emailservice,delay,1,all,chi_workload,KHONG-DOC,11,5,mang
OnlineBoutique,emailservice,delay,1,all,moi_cot,BARO,12,3,mang
OnlineBoutique,emailservice,delay,1,all,moi_cot,MEANSHIFT,12,1,mang
OnlineBoutique,emailservice,delay,1,all,moi_cot,KHONG-DOC,12,5,mang
OnlineBoutique,emailservice,delay,2,fault5,chi_cpu,BARO,5,4,mang
OnlineBoutique,emailservice,delay,2,fault5,chi_cpu,MEANSHIFT,5,1,mang
OnlineBoutique,emailservice,delay,2,fault5,chi_cpu,KHONG-DOC,5,3,mang
OnlineBoutique,emailservice,delay,2,fault5,chi_latency,BARO,5,1,mang
OnlineBoutique,emailservice,delay,2,fault5,chi_latency,MEANSHIFT,5,1,mang
OnlineBoutique,emailservice,delay,2,fault5,chi_latency,KHONG-DOC,5,3,mang
OnlineBoutique,emailservice,delay,2,fault5,chi_workload,BARO,5,1,mang
OnlineBoutique,emailservice,delay,2,fault5,chi_workload,MEANSHIFT,5,5,mang
OnlineBoutique,emailservice,delay,2,fault5,chi_workload,KHONG-DOC,5,3,mang
OnlineBoutique,emailservice,delay,2,fault5,moi_cot,BARO,5,1,mang
OnlineBoutique,emailservice,delay,2,fault5,moi_cot,MEANSHIFT,5,1,mang
OnlineBoutique,emailservice,delay,2,fault5,moi_cot,KHONG-DOC,5,3,mang
OnlineBoutique,emailservice,delay,2,app,chi_cpu,BARO,10,5,mang
OnlineBoutique,emailservice,delay,2,app,chi_cpu,MEANSHIFT,10,1,mang
OnlineBoutique,emailservice,delay,2,app,chi_cpu,KHONG-DOC,10,5,mang
OnlineBoutique,emailservice,delay,2,app,chi_latency,BARO,10,1,mang
OnlineBoutique,emailservice,delay,2,app,chi_latency,MEANSHIFT,10,1,mang
OnlineBoutique,emailservice,delay,2,app,chi_latency,KHONG-DOC,10,5,mang
OnlineBoutique,emailservice,delay,2,app,chi_workload,BARO,11,1,mang
OnlineBoutique,emailservice,delay,2,app,chi_workload,MEANSHIFT,11,8,mang
OnlineBoutique,emailservice,delay,2,app,chi_workload,KHONG-DOC,11,5,mang
OnlineBoutique,emailservice,delay,2,app,moi_cot,BARO,11,1,mang
OnlineBoutique,emailservice,delay,2,app,moi_cot,MEANSHIFT,11,1,mang
OnlineBoutique,emailservice,delay,2,app,moi_cot,KHONG-DOC,11,5,mang
OnlineBoutique,emailservice,delay,2,all,chi_cpu,BARO,11,6,mang
OnlineBoutique,emailservice,delay,2,all,chi_cpu,MEANSHIFT,11,1,mang
OnlineBoutique,emailservice,delay,2,all,chi_cpu,KHONG-DOC,11,5,mang
OnlineBoutique,emailservice,delay,2,all,chi_latency,BARO,10,1,mang
OnlineBoutique,emailservice,delay,2,all,chi_latency,MEANSHIFT,10,1,mang
OnlineBoutique,emailservice,delay,2,all,chi_latency,KHONG-DOC,10,5,mang
OnlineBoutique,emailservice,delay,2,all,chi_workload,BARO,11,1,mang
OnlineBoutique,emailservice,delay,2,all,chi_workload,MEANSHIFT,11,8,mang
OnlineBoutique,emailservice,delay,2,all,chi_workload,KHONG-DOC,11,5,mang
OnlineBoutique,emailservice,delay,2,all,moi_cot,BARO,12,2,mang
OnlineBoutique,emailservice,delay,2,all,moi_cot,MEANSHIFT,12,1,mang
OnlineBoutique,emailservice,delay,2,all,moi_cot,KHONG-DOC,12,5,mang
OnlineBoutique,emailservice,delay,3,fault5,chi_cpu,BARO,5,4,mang
OnlineBoutique,emailservice,delay,3,fault5,chi_cpu,MEANSHIFT,5,1,mang
OnlineBoutique,emailservice,delay,3,fault5,chi_cpu,KHONG-DOC,5,3,mang
OnlineBoutique,emailservice,delay,3,fault5,chi_latency,BARO,5,1,mang
OnlineBoutique,emailservice,delay,3,fault5,chi_latency,MEANSHIFT,5,1,mang
OnlineBoutique,emailservice,delay,3,fault5,chi_latency,KHONG-DOC,5,3,mang
OnlineBoutique,emailservice,delay,3,fault5,chi_workload,BARO,5,2,mang
OnlineBoutique,emailservice,delay,3,fault5,chi_workload,MEANSHIFT,5,4,mang
OnlineBoutique,emailservice,delay,3,fault5,chi_workload,KHONG-DOC,5,3,mang
OnlineBoutique,emailservice,delay,3,fault5,moi_cot,BARO,5,1,mang
OnlineBoutique,emailservice,delay,3,fault5,moi_cot,MEANSHIFT,5,1,mang
OnlineBoutique,emailservice,delay,3,fault5,moi_cot,KHONG-DOC,5,3,mang
OnlineBoutique,emailservice,delay,3,app,chi_cpu,BARO,10,7,mang
OnlineBoutique,emailservice,delay,3,app,chi_cpu,MEANSHIFT,10,5,mang
OnlineBoutique,emailservice,delay,3,app,chi_cpu,KHONG-DOC,10,5,mang
OnlineBoutique,emailservice,delay,3,app,chi_latency,BARO,10,1,mang
OnlineBoutique,emailservice,delay,3,app,chi_latency,MEANSHIFT,10,1,mang
OnlineBoutique,emailservice,delay,3,app,chi_latency,KHONG-DOC,10,5,mang
OnlineBoutique,emailservice,delay,3,app,chi_workload,BARO,11,3,mang
OnlineBoutique,emailservice,delay,3,app,chi_workload,MEANSHIFT,11,9,mang
OnlineBoutique,emailservice,delay,3,app,chi_workload,KHONG-DOC,11,5,mang
OnlineBoutique,emailservice,delay,3,app,moi_cot,BARO,11,1,mang
OnlineBoutique,emailservice,delay,3,app,moi_cot,MEANSHIFT,11,1,mang
OnlineBoutique,emailservice,delay,3,app,moi_cot,KHONG-DOC,11,5,mang
OnlineBoutique,emailservice,delay,3,all,chi_cpu,BARO,11,8,mang
OnlineBoutique,emailservice,delay,3,all,chi_cpu,MEANSHIFT,11,6,mang
OnlineBoutique,emailservice,delay,3,all,chi_cpu,KHONG-DOC,11,5,mang
OnlineBoutique,emailservice,delay,3,all,chi_latency,BARO,10,1,mang
OnlineBoutique,emailservice,delay,3,all,chi_latency,MEANSHIFT,10,1,mang
OnlineBoutique,emailservice,delay,3,all,chi_latency,KHONG-DOC,10,5,mang
OnlineBoutique,emailservice,delay,3,all,chi_workload,BARO,11,3,mang
OnlineBoutique,emailservice,delay,3,all,chi_workload,MEANSHIFT,11,9,mang
OnlineBoutique,emailservice,delay,3,all,chi_workload,KHONG-DOC,11,5,mang
OnlineBoutique,emailservice,delay,3,all,moi_cot,BARO,12,2,mang
OnlineBoutique,emailservice,delay,3,all,moi_cot,MEANSHIFT,12,1,mang
OnlineBoutique,emailservice,delay,3,all,moi_cot,KHONG-DOC,12,5,mang
OnlineBoutique,emailservice,disk,1,fault5,chi_cpu,BARO,5,1,tai nguyen
OnlineBoutique,emailservice,disk,1,fault5,chi_cpu,MEANSHIFT,5,1,tai nguyen
OnlineBoutique,emailservice,disk,1,fault5,chi_cpu,KHONG-DOC,5,3,tai nguyen
OnlineBoutique,emailservice,disk,1,fault5,chi_latency,BARO,5,5,tai nguyen
OnlineBoutique,emailservice,disk,1,fault5,chi_latency,MEANSHIFT,5,1,tai nguyen
OnlineBoutique,emailservice,disk,1,fault5,chi_latency,KHONG-DOC,5,3,tai nguyen
OnlineBoutique,emailservice,disk,1,fault5,chi_workload,BARO,5,1,tai nguyen
OnlineBoutique,emailservice,disk,1,fault5,chi_workload,MEANSHIFT,5,1,tai nguyen
OnlineBoutique,emailservice,disk,1,fault5,chi_workload,KHONG-DOC,5,3,tai nguyen
OnlineBoutique,emailservice,disk,1,fault5,moi_cot,BARO,5,1,tai nguyen
OnlineBoutique,emailservice,disk,1,fault5,moi_cot,MEANSHIFT,5,1,tai nguyen
OnlineBoutique,emailservice,disk,1,fault5,moi_cot,KHONG-DOC,5,3,tai nguyen
OnlineBoutique,emailservice,disk,1,app,chi_cpu,BARO,10,1,tai nguyen
OnlineBoutique,emailservice,disk,1,app,chi_cpu,MEANSHIFT,10,1,tai nguyen
OnlineBoutique,emailservice,disk,1,app,chi_cpu,KHONG-DOC,10,5,tai nguyen
OnlineBoutique,emailservice,disk,1,app,chi_latency,BARO,10,10,tai nguyen
OnlineBoutique,emailservice,disk,1,app,chi_latency,MEANSHIFT,10,1,tai nguyen
OnlineBoutique,emailservice,disk,1,app,chi_latency,KHONG-DOC,10,5,tai nguyen
OnlineBoutique,emailservice,disk,1,app,chi_workload,BARO,11,2,tai nguyen
OnlineBoutique,emailservice,disk,1,app,chi_workload,MEANSHIFT,11,2,tai nguyen
OnlineBoutique,emailservice,disk,1,app,chi_workload,KHONG-DOC,11,5,tai nguyen
OnlineBoutique,emailservice,disk,1,app,moi_cot,BARO,11,1,tai nguyen
OnlineBoutique,emailservice,disk,1,app,moi_cot,MEANSHIFT,11,1,tai nguyen
OnlineBoutique,emailservice,disk,1,app,moi_cot,KHONG-DOC,11,5,tai nguyen
OnlineBoutique,emailservice,disk,1,all,chi_cpu,BARO,11,1,tai nguyen
OnlineBoutique,emailservice,disk,1,all,chi_cpu,MEANSHIFT,11,1,tai nguyen
OnlineBoutique,emailservice,disk,1,all,chi_cpu,KHONG-DOC,11,5,tai nguyen
OnlineBoutique,emailservice,disk,1,all,chi_latency,BARO,10,10,tai nguyen
OnlineBoutique,emailservice,disk,1,all,chi_latency,MEANSHIFT,10,1,tai nguyen
OnlineBoutique,emailservice,disk,1,all,chi_latency,KHONG-DOC,10,5,tai nguyen
OnlineBoutique,emailservice,disk,1,all,chi_workload,BARO,11,2,tai nguyen
OnlineBoutique,emailservice,disk,1,all,chi_workload,MEANSHIFT,11,2,tai nguyen
OnlineBoutique,emailservice,disk,1,all,chi_workload,KHONG-DOC,11,5,tai nguyen
OnlineBoutique,emailservice,disk,1,all,moi_cot,BARO,12,2,tai nguyen
OnlineBoutique,emailservice,disk,1,all,moi_cot,MEANSHIFT,12,1,tai nguyen
OnlineBoutique,emailservice,disk,1,all,moi_cot,KHONG-DOC,12,5,tai nguyen
OnlineBoutique,emailservice,disk,2,fault5,chi_cpu,BARO,5,1,tai nguyen
OnlineBoutique,emailservice,disk,2,fault5,chi_cpu,MEANSHIFT,5,1,tai nguyen
OnlineBoutique,emailservice,disk,2,fault5,chi_cpu,KHONG-DOC,5,3,tai nguyen
OnlineBoutique,emailservice,disk,2,fault5,chi_latency,BARO,5,1,tai nguyen
OnlineBoutique,emailservice,disk,2,fault5,chi_latency,MEANSHIFT,5,1,tai nguyen
OnlineBoutique,emailservice,disk,2,fault5,chi_latency,KHONG-DOC,5,3,tai nguyen
OnlineBoutique,emailservice,disk,2,fault5,chi_workload,BARO,5,4,tai nguyen
OnlineBoutique,emailservice,disk,2,fault5,chi_workload,MEANSHIFT,5,5,tai nguyen
OnlineBoutique,emailservice,disk,2,fault5,chi_workload,KHONG-DOC,5,3,tai nguyen
OnlineBoutique,emailservice,disk,2,fault5,moi_cot,BARO,5,1,tai nguyen
OnlineBoutique,emailservice,disk,2,fault5,moi_cot,MEANSHIFT,5,1,tai nguyen
OnlineBoutique,emailservice,disk,2,fault5,moi_cot,KHONG-DOC,5,3,tai nguyen
OnlineBoutique,emailservice,disk,2,app,chi_cpu,BARO,10,1,tai nguyen
OnlineBoutique,emailservice,disk,2,app,chi_cpu,MEANSHIFT,10,1,tai nguyen
OnlineBoutique,emailservice,disk,2,app,chi_cpu,KHONG-DOC,10,5,tai nguyen
OnlineBoutique,emailservice,disk,2,app,chi_latency,BARO,10,1,tai nguyen
OnlineBoutique,emailservice,disk,2,app,chi_latency,MEANSHIFT,10,1,tai nguyen
OnlineBoutique,emailservice,disk,2,app,chi_latency,KHONG-DOC,10,5,tai nguyen
OnlineBoutique,emailservice,disk,2,app,chi_workload,BARO,11,8,tai nguyen
OnlineBoutique,emailservice,disk,2,app,chi_workload,MEANSHIFT,11,11,tai nguyen
OnlineBoutique,emailservice,disk,2,app,chi_workload,KHONG-DOC,11,5,tai nguyen
OnlineBoutique,emailservice,disk,2,app,moi_cot,BARO,11,1,tai nguyen
OnlineBoutique,emailservice,disk,2,app,moi_cot,MEANSHIFT,11,1,tai nguyen
OnlineBoutique,emailservice,disk,2,app,moi_cot,KHONG-DOC,11,5,tai nguyen
OnlineBoutique,emailservice,disk,2,all,chi_cpu,BARO,11,1,tai nguyen
OnlineBoutique,emailservice,disk,2,all,chi_cpu,MEANSHIFT,11,1,tai nguyen
OnlineBoutique,emailservice,disk,2,all,chi_cpu,KHONG-DOC,11,5,tai nguyen
OnlineBoutique,emailservice,disk,2,all,chi_latency,BARO,10,1,tai nguyen
OnlineBoutique,emailservice,disk,2,all,chi_latency,MEANSHIFT,10,1,tai nguyen
OnlineBoutique,emailservice,disk,2,all,chi_latency,KHONG-DOC,10,5,tai nguyen
OnlineBoutique,emailservice,disk,2,all,chi_workload,BARO,11,8,tai nguyen
OnlineBoutique,emailservice,disk,2,all,chi_workload,MEANSHIFT,11,11,tai nguyen
OnlineBoutique,emailservice,disk,2,all,chi_workload,KHONG-DOC,11,5,tai nguyen
OnlineBoutique,emailservice,disk,2,all,moi_cot,BARO,12,1,tai nguyen
OnlineBoutique,emailservice,disk,2,all,moi_cot,MEANSHIFT,12,1,tai nguyen
OnlineBoutique,emailservice,disk,2,all,moi_cot,KHONG-DOC,12,5,tai nguyen
OnlineBoutique,emailservice,disk,3,fault5,chi_cpu,BARO,5,1,tai nguyen
OnlineBoutique,emailservice,disk,3,fault5,chi_cpu,MEANSHIFT,5,1,tai nguyen
OnlineBoutique,emailservice,disk,3,fault5,chi_cpu,KHONG-DOC,5,3,tai nguyen
OnlineBoutique,emailservice,disk,3,fault5,chi_latency,BARO,5,1,tai nguyen
OnlineBoutique,emailservice,disk,3,fault5,chi_latency,MEANSHIFT,5,1,tai nguyen
OnlineBoutique,emailservice,disk,3,fault5,chi_latency,KHONG-DOC,5,3,tai nguyen
OnlineBoutique,emailservice,disk,3,fault5,chi_workload,BARO,5,5,tai nguyen
OnlineBoutique,emailservice,disk,3,fault5,chi_workload,MEANSHIFT,5,4,tai nguyen
OnlineBoutique,emailservice,disk,3,fault5,chi_workload,KHONG-DOC,5,3,tai nguyen
OnlineBoutique,emailservice,disk,3,fault5,moi_cot,BARO,5,1,tai nguyen
OnlineBoutique,emailservice,disk,3,fault5,moi_cot,MEANSHIFT,5,1,tai nguyen
OnlineBoutique,emailservice,disk,3,fault5,moi_cot,KHONG-DOC,5,3,tai nguyen
OnlineBoutique,emailservice,disk,3,app,chi_cpu,BARO,10,1,tai nguyen
OnlineBoutique,emailservice,disk,3,app,chi_cpu,MEANSHIFT,10,1,tai nguyen
OnlineBoutique,emailservice,disk,3,app,chi_cpu,KHONG-DOC,10,5,tai nguyen
OnlineBoutique,emailservice,disk,3,app,chi_latency,BARO,10,1,tai nguyen
OnlineBoutique,emailservice,disk,3,app,chi_latency,MEANSHIFT,10,1,tai nguyen
OnlineBoutique,emailservice,disk,3,app,chi_latency,KHONG-DOC,10,5,tai nguyen
OnlineBoutique,emailservice,disk,3,app,chi_workload,BARO,11,11,tai nguyen
OnlineBoutique,emailservice,disk,3,app,chi_workload,MEANSHIFT,11,9,tai nguyen
OnlineBoutique,emailservice,disk,3,app,chi_workload,KHONG-DOC,11,5,tai nguyen
OnlineBoutique,emailservice,disk,3,app,moi_cot,BARO,11,1,tai nguyen
OnlineBoutique,emailservice,disk,3,app,moi_cot,MEANSHIFT,11,1,tai nguyen
OnlineBoutique,emailservice,disk,3,app,moi_cot,KHONG-DOC,11,5,tai nguyen
OnlineBoutique,emailservice,disk,3,all,chi_cpu,BARO,11,1,tai nguyen
OnlineBoutique,emailservice,disk,3,all,chi_cpu,MEANSHIFT,11,1,tai nguyen
OnlineBoutique,emailservice,disk,3,all,chi_cpu,KHONG-DOC,11,5,tai nguyen
OnlineBoutique,emailservice,disk,3,all,chi_latency,BARO,10,1,tai nguyen
OnlineBoutique,emailservice,disk,3,all,chi_latency,MEANSHIFT,10,1,tai nguyen
OnlineBoutique,emailservice,disk,3,all,chi_latency,KHONG-DOC,10,5,tai nguyen
OnlineBoutique,emailservice,disk,3,all,chi_workload,BARO,11,11,tai nguyen
OnlineBoutique,emailservice,disk,3,all,chi_workload,MEANSHIFT,11,9,tai nguyen
OnlineBoutique,emailservice,disk,3,all,chi_workload,KHONG-DOC,11,5,tai nguyen
OnlineBoutique,emailservice,disk,3,all,moi_cot,BARO,12,2,tai nguyen
OnlineBoutique,emailservice,disk,3,all,moi_cot,MEANSHIFT,12,1,tai nguyen
OnlineBoutique,emailservice,disk,3,all,moi_cot,KHONG-DOC,12,5,tai nguyen
OnlineBoutique,emailservice,loss,1,fault5,chi_cpu,BARO,5,1,mang
OnlineBoutique,emailservice,loss,1,fault5,chi_cpu,MEANSHIFT,5,4,mang
OnlineBoutique,emailservice,loss,1,fault5,chi_cpu,KHONG-DOC,5,3,mang
OnlineBoutique,emailservice,loss,1,fault5,chi_latency,BARO,5,5,mang
OnlineBoutique,emailservice,loss,1,fault5,chi_latency,MEANSHIFT,5,1,mang
OnlineBoutique,emailservice,loss,1,fault5,chi_latency,KHONG-DOC,5,3,mang
OnlineBoutique,emailservice,loss,1,fault5,chi_workload,BARO,5,4,mang
OnlineBoutique,emailservice,loss,1,fault5,chi_workload,MEANSHIFT,5,1,mang
OnlineBoutique,emailservice,loss,1,fault5,chi_workload,KHONG-DOC,5,3,mang
OnlineBoutique,emailservice,loss,1,fault5,moi_cot,BARO,5,1,mang
OnlineBoutique,emailservice,loss,1,fault5,moi_cot,MEANSHIFT,5,1,mang
OnlineBoutique,emailservice,loss,1,fault5,moi_cot,KHONG-DOC,5,3,mang
OnlineBoutique,emailservice,loss,1,app,chi_cpu,BARO,10,1,mang
OnlineBoutique,emailservice,loss,1,app,chi_cpu,MEANSHIFT,10,7,mang
OnlineBoutique,emailservice,loss,1,app,chi_cpu,KHONG-DOC,10,5,mang
OnlineBoutique,emailservice,loss,1,app,chi_latency,BARO,10,10,mang
OnlineBoutique,emailservice,loss,1,app,chi_latency,MEANSHIFT,10,1,mang
OnlineBoutique,emailservice,loss,1,app,chi_latency,KHONG-DOC,10,5,mang
OnlineBoutique,emailservice,loss,1,app,chi_workload,BARO,11,4,mang
OnlineBoutique,emailservice,loss,1,app,chi_workload,MEANSHIFT,11,1,mang
OnlineBoutique,emailservice,loss,1,app,chi_workload,KHONG-DOC,11,5,mang
OnlineBoutique,emailservice,loss,1,app,moi_cot,BARO,11,1,mang
OnlineBoutique,emailservice,loss,1,app,moi_cot,MEANSHIFT,11,1,mang
OnlineBoutique,emailservice,loss,1,app,moi_cot,KHONG-DOC,11,5,mang
OnlineBoutique,emailservice,loss,1,all,chi_cpu,BARO,11,1,mang
OnlineBoutique,emailservice,loss,1,all,chi_cpu,MEANSHIFT,11,8,mang
OnlineBoutique,emailservice,loss,1,all,chi_cpu,KHONG-DOC,11,5,mang
OnlineBoutique,emailservice,loss,1,all,chi_latency,BARO,10,10,mang
OnlineBoutique,emailservice,loss,1,all,chi_latency,MEANSHIFT,10,1,mang
OnlineBoutique,emailservice,loss,1,all,chi_latency,KHONG-DOC,10,5,mang
OnlineBoutique,emailservice,loss,1,all,chi_workload,BARO,11,4,mang
OnlineBoutique,emailservice,loss,1,all,chi_workload,MEANSHIFT,11,1,mang
OnlineBoutique,emailservice,loss,1,all,chi_workload,KHONG-DOC,11,5,mang
OnlineBoutique,emailservice,loss,1,all,moi_cot,BARO,12,2,mang
OnlineBoutique,emailservice,loss,1,all,moi_cot,MEANSHIFT,12,1,mang
OnlineBoutique,emailservice,loss,1,all,moi_cot,KHONG-DOC,12,5,mang
OnlineBoutique,emailservice,loss,2,fault5,chi_cpu,BARO,5,1,mang
OnlineBoutique,emailservice,loss,2,fault5,chi_cpu,MEANSHIFT,5,1,mang
OnlineBoutique,emailservice,loss,2,fault5,chi_cpu,KHONG-DOC,5,3,mang
OnlineBoutique,emailservice,loss,2,fault5,chi_latency,BARO,5,1,mang
OnlineBoutique,emailservice,loss,2,fault5,chi_latency,MEANSHIFT,5,1,mang
OnlineBoutique,emailservice,loss,2,fault5,chi_latency,KHONG-DOC,5,3,mang
OnlineBoutique,emailservice,loss,2,fault5,chi_workload,BARO,5,1,mang
OnlineBoutique,emailservice,loss,2,fault5,chi_workload,MEANSHIFT,5,1,mang
OnlineBoutique,emailservice,loss,2,fault5,chi_workload,KHONG-DOC,5,3,mang
OnlineBoutique,emailservice,loss,2,fault5,moi_cot,BARO,5,1,mang
OnlineBoutique,emailservice,loss,2,fault5,moi_cot,MEANSHIFT,5,1,mang
OnlineBoutique,emailservice,loss,2,fault5,moi_cot,KHONG-DOC,5,3,mang
OnlineBoutique,emailservice,loss,2,app,chi_cpu,BARO,10,1,mang
OnlineBoutique,emailservice,loss,2,app,chi_cpu,MEANSHIFT,10,1,mang
OnlineBoutique,emailservice,loss,2,app,chi_cpu,KHONG-DOC,10,5,mang
OnlineBoutique,emailservice,loss,2,app,chi_latency,BARO,10,1,mang
OnlineBoutique,emailservice,loss,2,app,chi_latency,MEANSHIFT,10,1,mang
OnlineBoutique,emailservice,loss,2,app,chi_latency,KHONG-DOC,10,5,mang
OnlineBoutique,emailservice,loss,2,app,chi_workload,BARO,11,1,mang
OnlineBoutique,emailservice,loss,2,app,chi_workload,MEANSHIFT,11,1,mang
OnlineBoutique,emailservice,loss,2,app,chi_workload,KHONG-DOC,11,5,mang
OnlineBoutique,emailservice,loss,2,app,moi_cot,BARO,11,1,mang
OnlineBoutique,emailservice,loss,2,app,moi_cot,MEANSHIFT,11,1,mang
OnlineBoutique,emailservice,loss,2,app,moi_cot,KHONG-DOC,11,5,mang
OnlineBoutique,emailservice,loss,2,all,chi_cpu,BARO,11,1,mang
OnlineBoutique,emailservice,loss,2,all,chi_cpu,MEANSHIFT,11,1,mang
OnlineBoutique,emailservice,loss,2,all,chi_cpu,KHONG-DOC,11,5,mang
OnlineBoutique,emailservice,loss,2,all,chi_latency,BARO,10,1,mang
OnlineBoutique,emailservice,loss,2,all,chi_latency,MEANSHIFT,10,1,mang
OnlineBoutique,emailservice,loss,2,all,chi_latency,KHONG-DOC,10,5,mang
OnlineBoutique,emailservice,loss,2,all,chi_workload,BARO,11,1,mang
OnlineBoutique,emailservice,loss,2,all,chi_workload,MEANSHIFT,11,1,mang
OnlineBoutique,emailservice,loss,2,all,chi_workload,KHONG-DOC,11,5,mang
OnlineBoutique,emailservice,loss,2,all,moi_cot,BARO,12,2,mang
OnlineBoutique,emailservice,loss,2,all,moi_cot,MEANSHIFT,12,1,mang
OnlineBoutique,emailservice,loss,2,all,moi_cot,KHONG-DOC,12,5,mang
OnlineBoutique,emailservice,loss,3,fault5,chi_cpu,BARO,5,1,mang
OnlineBoutique,emailservice,loss,3,fault5,chi_cpu,MEANSHIFT,5,1,mang
OnlineBoutique,emailservice,loss,3,fault5,chi_cpu,KHONG-DOC,5,3,mang
OnlineBoutique,emailservice,loss,3,fault5,chi_latency,BARO,5,1,mang
OnlineBoutique,emailservice,loss,3,fault5,chi_latency,MEANSHIFT,5,1,mang
OnlineBoutique,emailservice,loss,3,fault5,chi_latency,KHONG-DOC,5,3,mang
OnlineBoutique,emailservice,loss,3,fault5,chi_workload,BARO,5,5,mang
OnlineBoutique,emailservice,loss,3,fault5,chi_workload,MEANSHIFT,5,1,mang
OnlineBoutique,emailservice,loss,3,fault5,chi_workload,KHONG-DOC,5,3,mang
OnlineBoutique,emailservice,loss,3,fault5,moi_cot,BARO,5,1,mang
OnlineBoutique,emailservice,loss,3,fault5,moi_cot,MEANSHIFT,5,1,mang
OnlineBoutique,emailservice,loss,3,fault5,moi_cot,KHONG-DOC,5,3,mang
OnlineBoutique,emailservice,loss,3,app,chi_cpu,BARO,10,1,mang
OnlineBoutique,emailservice,loss,3,app,chi_cpu,MEANSHIFT,10,1,mang
OnlineBoutique,emailservice,loss,3,app,chi_cpu,KHONG-DOC,10,5,mang
OnlineBoutique,emailservice,loss,3,app,chi_latency,BARO,10,1,mang
OnlineBoutique,emailservice,loss,3,app,chi_latency,MEANSHIFT,10,1,mang
OnlineBoutique,emailservice,loss,3,app,chi_latency,KHONG-DOC,10,5,mang
OnlineBoutique,emailservice,loss,3,app,chi_workload,BARO,11,10,mang
OnlineBoutique,emailservice,loss,3,app,chi_workload,MEANSHIFT,11,1,mang
OnlineBoutique,emailservice,loss,3,app,chi_workload,KHONG-DOC,11,5,mang
OnlineBoutique,emailservice,loss,3,app,moi_cot,BARO,11,1,mang
OnlineBoutique,emailservice,loss,3,app,moi_cot,MEANSHIFT,11,1,mang
OnlineBoutique,emailservice,loss,3,app,moi_cot,KHONG-DOC,11,5,mang
OnlineBoutique,emailservice,loss,3,all,chi_cpu,BARO,11,1,mang
OnlineBoutique,emailservice,loss,3,all,chi_cpu,MEANSHIFT,11,1,mang
OnlineBoutique,emailservice,loss,3,all,chi_cpu,KHONG-DOC,11,5,mang
OnlineBoutique,emailservice,loss,3,all,chi_latency,BARO,10,1,mang
OnlineBoutique,emailservice,loss,3,all,chi_latency,MEANSHIFT,10,1,mang
OnlineBoutique,emailservice,loss,3,all,chi_latency,KHONG-DOC,10,5,mang
OnlineBoutique,emailservice,loss,3,all,chi_workload,BARO,11,10,mang
OnlineBoutique,emailservice,loss,3,all,chi_workload,MEANSHIFT,11,1,mang
OnlineBoutique,emailservice,loss,3,all,chi_workload,KHONG-DOC,11,5,mang
OnlineBoutique,emailservice,loss,3,all,moi_cot,BARO,12,2,mang
OnlineBoutique,emailservice,loss,3,all,moi_cot,MEANSHIFT,12,1,mang
OnlineBoutique,emailservice,loss,3,all,moi_cot,KHONG-DOC,12,5,mang
OnlineBoutique,emailservice,mem,1,fault5,chi_cpu,BARO,5,1,tai nguyen
OnlineBoutique,emailservice,mem,1,fault5,chi_cpu,MEANSHIFT,5,1,tai nguyen
OnlineBoutique,emailservice,mem,1,fault5,chi_cpu,KHONG-DOC,5,3,tai nguyen
OnlineBoutique,emailservice,mem,1,fault5,chi_latency,BARO,5,1,tai nguyen
OnlineBoutique,emailservice,mem,1,fault5,chi_latency,MEANSHIFT,5,1,tai nguyen
OnlineBoutique,emailservice,mem,1,fault5,chi_latency,KHONG-DOC,5,3,tai nguyen
OnlineBoutique,emailservice,mem,1,fault5,chi_workload,BARO,5,3,tai nguyen
OnlineBoutique,emailservice,mem,1,fault5,chi_workload,MEANSHIFT,5,4,tai nguyen
OnlineBoutique,emailservice,mem,1,fault5,chi_workload,KHONG-DOC,5,3,tai nguyen
OnlineBoutique,emailservice,mem,1,fault5,moi_cot,BARO,5,1,tai nguyen
OnlineBoutique,emailservice,mem,1,fault5,moi_cot,MEANSHIFT,5,1,tai nguyen
OnlineBoutique,emailservice,mem,1,fault5,moi_cot,KHONG-DOC,5,3,tai nguyen
OnlineBoutique,emailservice,mem,1,app,chi_cpu,BARO,10,1,tai nguyen
OnlineBoutique,emailservice,mem,1,app,chi_cpu,MEANSHIFT,10,1,tai nguyen
OnlineBoutique,emailservice,mem,1,app,chi_cpu,KHONG-DOC,10,5,tai nguyen
OnlineBoutique,emailservice,mem,1,app,chi_latency,BARO,10,1,tai nguyen
OnlineBoutique,emailservice,mem,1,app,chi_latency,MEANSHIFT,10,1,tai nguyen
OnlineBoutique,emailservice,mem,1,app,chi_latency,KHONG-DOC,10,5,tai nguyen
OnlineBoutique,emailservice,mem,1,app,chi_workload,BARO,11,4,tai nguyen
OnlineBoutique,emailservice,mem,1,app,chi_workload,MEANSHIFT,11,10,tai nguyen
OnlineBoutique,emailservice,mem,1,app,chi_workload,KHONG-DOC,11,5,tai nguyen
OnlineBoutique,emailservice,mem,1,app,moi_cot,BARO,11,1,tai nguyen
OnlineBoutique,emailservice,mem,1,app,moi_cot,MEANSHIFT,11,1,tai nguyen
OnlineBoutique,emailservice,mem,1,app,moi_cot,KHONG-DOC,11,5,tai nguyen
OnlineBoutique,emailservice,mem,1,all,chi_cpu,BARO,11,1,tai nguyen
OnlineBoutique,emailservice,mem,1,all,chi_cpu,MEANSHIFT,11,1,tai nguyen
OnlineBoutique,emailservice,mem,1,all,chi_cpu,KHONG-DOC,11,5,tai nguyen
OnlineBoutique,emailservice,mem,1,all,chi_latency,BARO,10,1,tai nguyen
OnlineBoutique,emailservice,mem,1,all,chi_latency,MEANSHIFT,10,1,tai nguyen
OnlineBoutique,emailservice,mem,1,all,chi_latency,KHONG-DOC,10,5,tai nguyen
OnlineBoutique,emailservice,mem,1,all,chi_workload,BARO,11,4,tai nguyen
OnlineBoutique,emailservice,mem,1,all,chi_workload,MEANSHIFT,11,10,tai nguyen
OnlineBoutique,emailservice,mem,1,all,chi_workload,KHONG-DOC,11,5,tai nguyen
OnlineBoutique,emailservice,mem,1,all,moi_cot,BARO,12,1,tai nguyen
OnlineBoutique,emailservice,mem,1,all,moi_cot,MEANSHIFT,12,1,tai nguyen
OnlineBoutique,emailservice,mem,1,all,moi_cot,KHONG-DOC,12,5,tai nguyen
OnlineBoutique,emailservice,mem,2,fault5,chi_cpu,BARO,5,1,tai nguyen
OnlineBoutique,emailservice,mem,2,fault5,chi_cpu,MEANSHIFT,5,1,tai nguyen
OnlineBoutique,emailservice,mem,2,fault5,chi_cpu,KHONG-DOC,5,3,tai nguyen
OnlineBoutique,emailservice,mem,2,fault5,chi_latency,BARO,5,1,tai nguyen
OnlineBoutique,emailservice,mem,2,fault5,chi_latency,MEANSHIFT,5,1,tai nguyen
OnlineBoutique,emailservice,mem,2,fault5,chi_latency,KHONG-DOC,5,3,tai nguyen
OnlineBoutique,emailservice,mem,2,fault5,chi_workload,BARO,5,4,tai nguyen
OnlineBoutique,emailservice,mem,2,fault5,chi_workload,MEANSHIFT,5,5,tai nguyen
OnlineBoutique,emailservice,mem,2,fault5,chi_workload,KHONG-DOC,5,3,tai nguyen
OnlineBoutique,emailservice,mem,2,fault5,moi_cot,BARO,5,1,tai nguyen
OnlineBoutique,emailservice,mem,2,fault5,moi_cot,MEANSHIFT,5,1,tai nguyen
OnlineBoutique,emailservice,mem,2,fault5,moi_cot,KHONG-DOC,5,3,tai nguyen
OnlineBoutique,emailservice,mem,2,app,chi_cpu,BARO,10,1,tai nguyen
OnlineBoutique,emailservice,mem,2,app,chi_cpu,MEANSHIFT,10,1,tai nguyen
OnlineBoutique,emailservice,mem,2,app,chi_cpu,KHONG-DOC,10,5,tai nguyen
OnlineBoutique,emailservice,mem,2,app,chi_latency,BARO,10,1,tai nguyen
OnlineBoutique,emailservice,mem,2,app,chi_latency,MEANSHIFT,10,1,tai nguyen
OnlineBoutique,emailservice,mem,2,app,chi_latency,KHONG-DOC,10,5,tai nguyen
OnlineBoutique,emailservice,mem,2,app,chi_workload,BARO,11,6,tai nguyen
OnlineBoutique,emailservice,mem,2,app,chi_workload,MEANSHIFT,11,6,tai nguyen
OnlineBoutique,emailservice,mem,2,app,chi_workload,KHONG-DOC,11,5,tai nguyen
OnlineBoutique,emailservice,mem,2,app,moi_cot,BARO,11,1,tai nguyen
OnlineBoutique,emailservice,mem,2,app,moi_cot,MEANSHIFT,11,1,tai nguyen
OnlineBoutique,emailservice,mem,2,app,moi_cot,KHONG-DOC,11,5,tai nguyen
OnlineBoutique,emailservice,mem,2,all,chi_cpu,BARO,11,1,tai nguyen
OnlineBoutique,emailservice,mem,2,all,chi_cpu,MEANSHIFT,11,1,tai nguyen
OnlineBoutique,emailservice,mem,2,all,chi_cpu,KHONG-DOC,11,5,tai nguyen
OnlineBoutique,emailservice,mem,2,all,chi_latency,BARO,10,1,tai nguyen
OnlineBoutique,emailservice,mem,2,all,chi_latency,MEANSHIFT,10,1,tai nguyen
OnlineBoutique,emailservice,mem,2,all,chi_latency,KHONG-DOC,10,5,tai nguyen
OnlineBoutique,emailservice,mem,2,all,chi_workload,BARO,11,6,tai nguyen
OnlineBoutique,emailservice,mem,2,all,chi_workload,MEANSHIFT,11,6,tai nguyen
OnlineBoutique,emailservice,mem,2,all,chi_workload,KHONG-DOC,11,5,tai nguyen
OnlineBoutique,emailservice,mem,2,all,moi_cot,BARO,12,1,tai nguyen
OnlineBoutique,emailservice,mem,2,all,moi_cot,MEANSHIFT,12,1,tai nguyen
OnlineBoutique,emailservice,mem,2,all,moi_cot,KHONG-DOC,12,5,tai nguyen
OnlineBoutique,emailservice,mem,3,fault5,chi_cpu,BARO,5,1,tai nguyen
OnlineBoutique,emailservice,mem,3,fault5,chi_cpu,MEANSHIFT,5,1,tai nguyen
OnlineBoutique,emailservice,mem,3,fault5,chi_cpu,KHONG-DOC,5,3,tai nguyen
OnlineBoutique,emailservice,mem,3,fault5,chi_latency,BARO,5,1,tai nguyen
OnlineBoutique,emailservice,mem,3,fault5,chi_latency,MEANSHIFT,5,1,tai nguyen
OnlineBoutique,emailservice,mem,3,fault5,chi_latency,KHONG-DOC,5,3,tai nguyen
OnlineBoutique,emailservice,mem,3,fault5,chi_workload,BARO,5,5,tai nguyen
OnlineBoutique,emailservice,mem,3,fault5,chi_workload,MEANSHIFT,5,3,tai nguyen
OnlineBoutique,emailservice,mem,3,fault5,chi_workload,KHONG-DOC,5,3,tai nguyen
OnlineBoutique,emailservice,mem,3,fault5,moi_cot,BARO,5,1,tai nguyen
OnlineBoutique,emailservice,mem,3,fault5,moi_cot,MEANSHIFT,5,1,tai nguyen
OnlineBoutique,emailservice,mem,3,fault5,moi_cot,KHONG-DOC,5,3,tai nguyen
OnlineBoutique,emailservice,mem,3,app,chi_cpu,BARO,10,1,tai nguyen
OnlineBoutique,emailservice,mem,3,app,chi_cpu,MEANSHIFT,10,1,tai nguyen
OnlineBoutique,emailservice,mem,3,app,chi_cpu,KHONG-DOC,10,5,tai nguyen
OnlineBoutique,emailservice,mem,3,app,chi_latency,BARO,10,1,tai nguyen
OnlineBoutique,emailservice,mem,3,app,chi_latency,MEANSHIFT,10,1,tai nguyen
OnlineBoutique,emailservice,mem,3,app,chi_latency,KHONG-DOC,10,5,tai nguyen
OnlineBoutique,emailservice,mem,3,app,chi_workload,BARO,11,11,tai nguyen
OnlineBoutique,emailservice,mem,3,app,chi_workload,MEANSHIFT,11,4,tai nguyen
OnlineBoutique,emailservice,mem,3,app,chi_workload,KHONG-DOC,11,5,tai nguyen
OnlineBoutique,emailservice,mem,3,app,moi_cot,BARO,11,1,tai nguyen
OnlineBoutique,emailservice,mem,3,app,moi_cot,MEANSHIFT,11,1,tai nguyen
OnlineBoutique,emailservice,mem,3,app,moi_cot,KHONG-DOC,11,5,tai nguyen
OnlineBoutique,emailservice,mem,3,all,chi_cpu,BARO,11,1,tai nguyen
OnlineBoutique,emailservice,mem,3,all,chi_cpu,MEANSHIFT,11,1,tai nguyen
OnlineBoutique,emailservice,mem,3,all,chi_cpu,KHONG-DOC,11,5,tai nguyen
OnlineBoutique,emailservice,mem,3,all,chi_latency,BARO,10,1,tai nguyen
OnlineBoutique,emailservice,mem,3,all,chi_latency,MEANSHIFT,10,1,tai nguyen
OnlineBoutique,emailservice,mem,3,all,chi_latency,KHONG-DOC,10,5,tai nguyen
OnlineBoutique,emailservice,mem,3,all,chi_workload,BARO,11,11,tai nguyen
OnlineBoutique,emailservice,mem,3,all,chi_workload,MEANSHIFT,11,4,tai nguyen
OnlineBoutique,emailservice,mem,3,all,chi_workload,KHONG-DOC,11,5,tai nguyen
OnlineBoutique,emailservice,mem,3,all,moi_cot,BARO,12,1,tai nguyen
OnlineBoutique,emailservice,mem,3,all,moi_cot,MEANSHIFT,12,1,tai nguyen
OnlineBoutique,emailservice,mem,3,all,moi_cot,KHONG-DOC,12,5,tai nguyen
OnlineBoutique,emailservice,socket,1,fault5,chi_cpu,BARO,5,1,tai nguyen
OnlineBoutique,emailservice,socket,1,fault5,chi_cpu,MEANSHIFT,5,1,tai nguyen
OnlineBoutique,emailservice,socket,1,fault5,chi_cpu,KHONG-DOC,5,3,tai nguyen
OnlineBoutique,emailservice,socket,1,fault5,chi_latency,BARO,5,1,tai nguyen
OnlineBoutique,emailservice,socket,1,fault5,chi_latency,MEANSHIFT,5,1,tai nguyen
OnlineBoutique,emailservice,socket,1,fault5,chi_latency,KHONG-DOC,5,3,tai nguyen
OnlineBoutique,emailservice,socket,1,fault5,chi_workload,BARO,5,1,tai nguyen
OnlineBoutique,emailservice,socket,1,fault5,chi_workload,MEANSHIFT,5,5,tai nguyen
OnlineBoutique,emailservice,socket,1,fault5,chi_workload,KHONG-DOC,5,3,tai nguyen
OnlineBoutique,emailservice,socket,1,fault5,moi_cot,BARO,5,1,tai nguyen
OnlineBoutique,emailservice,socket,1,fault5,moi_cot,MEANSHIFT,5,1,tai nguyen
OnlineBoutique,emailservice,socket,1,fault5,moi_cot,KHONG-DOC,5,3,tai nguyen
OnlineBoutique,emailservice,socket,1,app,chi_cpu,BARO,10,1,tai nguyen
OnlineBoutique,emailservice,socket,1,app,chi_cpu,MEANSHIFT,10,1,tai nguyen
OnlineBoutique,emailservice,socket,1,app,chi_cpu,KHONG-DOC,10,5,tai nguyen
OnlineBoutique,emailservice,socket,1,app,chi_latency,BARO,10,1,tai nguyen
OnlineBoutique,emailservice,socket,1,app,chi_latency,MEANSHIFT,10,1,tai nguyen
OnlineBoutique,emailservice,socket,1,app,chi_latency,KHONG-DOC,10,5,tai nguyen
OnlineBoutique,emailservice,socket,1,app,chi_workload,BARO,11,1,tai nguyen
OnlineBoutique,emailservice,socket,1,app,chi_workload,MEANSHIFT,11,9,tai nguyen
OnlineBoutique,emailservice,socket,1,app,chi_workload,KHONG-DOC,11,5,tai nguyen
OnlineBoutique,emailservice,socket,1,app,moi_cot,BARO,11,1,tai nguyen
OnlineBoutique,emailservice,socket,1,app,moi_cot,MEANSHIFT,11,1,tai nguyen
OnlineBoutique,emailservice,socket,1,app,moi_cot,KHONG-DOC,11,5,tai nguyen
OnlineBoutique,emailservice,socket,1,all,chi_cpu,BARO,11,1,tai nguyen
OnlineBoutique,emailservice,socket,1,all,chi_cpu,MEANSHIFT,11,1,tai nguyen
OnlineBoutique,emailservice,socket,1,all,chi_cpu,KHONG-DOC,11,5,tai nguyen
OnlineBoutique,emailservice,socket,1,all,chi_latency,BARO,10,1,tai nguyen
OnlineBoutique,emailservice,socket,1,all,chi_latency,MEANSHIFT,10,1,tai nguyen
OnlineBoutique,emailservice,socket,1,all,chi_latency,KHONG-DOC,10,5,tai nguyen
OnlineBoutique,emailservice,socket,1,all,chi_workload,BARO,11,1,tai nguyen
OnlineBoutique,emailservice,socket,1,all,chi_workload,MEANSHIFT,11,9,tai nguyen
OnlineBoutique,emailservice,socket,1,all,chi_workload,KHONG-DOC,11,5,tai nguyen
OnlineBoutique,emailservice,socket,1,all,moi_cot,BARO,12,2,tai nguyen
OnlineBoutique,emailservice,socket,1,all,moi_cot,MEANSHIFT,12,1,tai nguyen
OnlineBoutique,emailservice,socket,1,all,moi_cot,KHONG-DOC,12,5,tai nguyen
OnlineBoutique,emailservice,socket,2,fault5,chi_cpu,BARO,5,1,tai nguyen
OnlineBoutique,emailservice,socket,2,fault5,chi_cpu,MEANSHIFT,5,1,tai nguyen
OnlineBoutique,emailservice,socket,2,fault5,chi_cpu,KHONG-DOC,5,3,tai nguyen
OnlineBoutique,emailservice,socket,2,fault5,chi_latency,BARO,5,1,tai nguyen
OnlineBoutique,emailservice,socket,2,fault5,chi_latency,MEANSHIFT,5,1,tai nguyen
OnlineBoutique,emailservice,socket,2,fault5,chi_latency,KHONG-DOC,5,3,tai nguyen
OnlineBoutique,emailservice,socket,2,fault5,chi_workload,BARO,5,5,tai nguyen
OnlineBoutique,emailservice,socket,2,fault5,chi_workload,MEANSHIFT,5,5,tai nguyen
OnlineBoutique,emailservice,socket,2,fault5,chi_workload,KHONG-DOC,5,3,tai nguyen
OnlineBoutique,emailservice,socket,2,fault5,moi_cot,BARO,5,1,tai nguyen
OnlineBoutique,emailservice,socket,2,fault5,moi_cot,MEANSHIFT,5,1,tai nguyen
OnlineBoutique,emailservice,socket,2,fault5,moi_cot,KHONG-DOC,5,3,tai nguyen
OnlineBoutique,emailservice,socket,2,app,chi_cpu,BARO,10,1,tai nguyen
OnlineBoutique,emailservice,socket,2,app,chi_cpu,MEANSHIFT,10,1,tai nguyen
OnlineBoutique,emailservice,socket,2,app,chi_cpu,KHONG-DOC,10,5,tai nguyen
OnlineBoutique,emailservice,socket,2,app,chi_latency,BARO,10,1,tai nguyen
OnlineBoutique,emailservice,socket,2,app,chi_latency,MEANSHIFT,10,1,tai nguyen
OnlineBoutique,emailservice,socket,2,app,chi_latency,KHONG-DOC,10,5,tai nguyen
OnlineBoutique,emailservice,socket,2,app,chi_workload,BARO,11,11,tai nguyen
OnlineBoutique,emailservice,socket,2,app,chi_workload,MEANSHIFT,11,11,tai nguyen
OnlineBoutique,emailservice,socket,2,app,chi_workload,KHONG-DOC,11,5,tai nguyen
OnlineBoutique,emailservice,socket,2,app,moi_cot,BARO,11,1,tai nguyen
OnlineBoutique,emailservice,socket,2,app,moi_cot,MEANSHIFT,11,1,tai nguyen
OnlineBoutique,emailservice,socket,2,app,moi_cot,KHONG-DOC,11,5,tai nguyen
OnlineBoutique,emailservice,socket,2,all,chi_cpu,BARO,11,1,tai nguyen
OnlineBoutique,emailservice,socket,2,all,chi_cpu,MEANSHIFT,11,1,tai nguyen
OnlineBoutique,emailservice,socket,2,all,chi_cpu,KHONG-DOC,11,5,tai nguyen
OnlineBoutique,emailservice,socket,2,all,chi_latency,BARO,10,1,tai nguyen
OnlineBoutique,emailservice,socket,2,all,chi_latency,MEANSHIFT,10,1,tai nguyen
OnlineBoutique,emailservice,socket,2,all,chi_latency,KHONG-DOC,10,5,tai nguyen
OnlineBoutique,emailservice,socket,2,all,chi_workload,BARO,11,11,tai nguyen
OnlineBoutique,emailservice,socket,2,all,chi_workload,MEANSHIFT,11,11,tai nguyen
OnlineBoutique,emailservice,socket,2,all,chi_workload,KHONG-DOC,11,5,tai nguyen
OnlineBoutique,emailservice,socket,2,all,moi_cot,BARO,12,2,tai nguyen
OnlineBoutique,emailservice,socket,2,all,moi_cot,MEANSHIFT,12,1,tai nguyen
OnlineBoutique,emailservice,socket,2,all,moi_cot,KHONG-DOC,12,5,tai nguyen
OnlineBoutique,emailservice,socket,3,fault5,chi_cpu,BARO,5,1,tai nguyen
OnlineBoutique,emailservice,socket,3,fault5,chi_cpu,MEANSHIFT,5,1,tai nguyen
OnlineBoutique,emailservice,socket,3,fault5,chi_cpu,KHONG-DOC,5,3,tai nguyen
OnlineBoutique,emailservice,socket,3,fault5,chi_latency,BARO,5,5,tai nguyen
OnlineBoutique,emailservice,socket,3,fault5,chi_latency,MEANSHIFT,5,1,tai nguyen
OnlineBoutique,emailservice,socket,3,fault5,chi_latency,KHONG-DOC,5,3,tai nguyen
OnlineBoutique,emailservice,socket,3,fault5,chi_workload,BARO,5,1,tai nguyen
OnlineBoutique,emailservice,socket,3,fault5,chi_workload,MEANSHIFT,5,2,tai nguyen
OnlineBoutique,emailservice,socket,3,fault5,chi_workload,KHONG-DOC,5,3,tai nguyen
OnlineBoutique,emailservice,socket,3,fault5,moi_cot,BARO,5,1,tai nguyen
OnlineBoutique,emailservice,socket,3,fault5,moi_cot,MEANSHIFT,5,1,tai nguyen
OnlineBoutique,emailservice,socket,3,fault5,moi_cot,KHONG-DOC,5,3,tai nguyen
OnlineBoutique,emailservice,socket,3,app,chi_cpu,BARO,10,1,tai nguyen
OnlineBoutique,emailservice,socket,3,app,chi_cpu,MEANSHIFT,10,1,tai nguyen
OnlineBoutique,emailservice,socket,3,app,chi_cpu,KHONG-DOC,10,5,tai nguyen
OnlineBoutique,emailservice,socket,3,app,chi_latency,BARO,10,10,tai nguyen
OnlineBoutique,emailservice,socket,3,app,chi_latency,MEANSHIFT,10,1,tai nguyen
OnlineBoutique,emailservice,socket,3,app,chi_latency,KHONG-DOC,10,5,tai nguyen
OnlineBoutique,emailservice,socket,3,app,chi_workload,BARO,11,2,tai nguyen
OnlineBoutique,emailservice,socket,3,app,chi_workload,MEANSHIFT,11,3,tai nguyen
OnlineBoutique,emailservice,socket,3,app,chi_workload,KHONG-DOC,11,5,tai nguyen
OnlineBoutique,emailservice,socket,3,app,moi_cot,BARO,11,1,tai nguyen
OnlineBoutique,emailservice,socket,3,app,moi_cot,MEANSHIFT,11,1,tai nguyen
OnlineBoutique,emailservice,socket,3,app,moi_cot,KHONG-DOC,11,5,tai nguyen
OnlineBoutique,emailservice,socket,3,all,chi_cpu,BARO,11,1,tai nguyen
OnlineBoutique,emailservice,socket,3,all,chi_cpu,MEANSHIFT,11,1,tai nguyen
OnlineBoutique,emailservice,socket,3,all,chi_cpu,KHONG-DOC,11,5,tai nguyen
OnlineBoutique,emailservice,socket,3,all,chi_latency,BARO,10,10,tai nguyen
OnlineBoutique,emailservice,socket,3,all,chi_latency,MEANSHIFT,10,1,tai nguyen
OnlineBoutique,emailservice,socket,3,all,chi_latency,KHONG-DOC,10,5,tai nguyen
OnlineBoutique,emailservice,socket,3,all,chi_workload,BARO,11,2,tai nguyen
OnlineBoutique,emailservice,socket,3,all,chi_workload,MEANSHIFT,11,3,tai nguyen
OnlineBoutique,emailservice,socket,3,all,chi_workload,KHONG-DOC,11,5,tai nguyen
OnlineBoutique,emailservice,socket,3,all,moi_cot,BARO,12,2,tai nguyen
OnlineBoutique,emailservice,socket,3,all,moi_cot,MEANSHIFT,12,1,tai nguyen
OnlineBoutique,emailservice,socket,3,all,moi_cot,KHONG-DOC,12,5,tai nguyen
OnlineBoutique,productcatalogservice,cpu,1,fault5,chi_cpu,BARO,5,1,tai nguyen
OnlineBoutique,productcatalogservice,cpu,1,fault5,chi_cpu,MEANSHIFT,5,1,tai nguyen
OnlineBoutique,productcatalogservice,cpu,1,fault5,chi_cpu,KHONG-DOC,5,4,tai nguyen
OnlineBoutique,productcatalogservice,cpu,1,fault5,chi_latency,BARO,5,2,tai nguyen
OnlineBoutique,productcatalogservice,cpu,1,fault5,chi_latency,MEANSHIFT,5,2,tai nguyen
OnlineBoutique,productcatalogservice,cpu,1,fault5,chi_latency,KHONG-DOC,5,4,tai nguyen
OnlineBoutique,productcatalogservice,cpu,1,fault5,chi_workload,BARO,5,3,tai nguyen
OnlineBoutique,productcatalogservice,cpu,1,fault5,chi_workload,MEANSHIFT,5,5,tai nguyen
OnlineBoutique,productcatalogservice,cpu,1,fault5,chi_workload,KHONG-DOC,5,4,tai nguyen
OnlineBoutique,productcatalogservice,cpu,1,fault5,moi_cot,BARO,5,1,tai nguyen
OnlineBoutique,productcatalogservice,cpu,1,fault5,moi_cot,MEANSHIFT,5,1,tai nguyen
OnlineBoutique,productcatalogservice,cpu,1,fault5,moi_cot,KHONG-DOC,5,4,tai nguyen
OnlineBoutique,productcatalogservice,cpu,1,app,chi_cpu,BARO,10,1,tai nguyen
OnlineBoutique,productcatalogservice,cpu,1,app,chi_cpu,MEANSHIFT,10,1,tai nguyen
OnlineBoutique,productcatalogservice,cpu,1,app,chi_cpu,KHONG-DOC,10,8,tai nguyen
OnlineBoutique,productcatalogservice,cpu,1,app,chi_latency,BARO,10,2,tai nguyen
OnlineBoutique,productcatalogservice,cpu,1,app,chi_latency,MEANSHIFT,10,2,tai nguyen
OnlineBoutique,productcatalogservice,cpu,1,app,chi_latency,KHONG-DOC,10,8,tai nguyen
OnlineBoutique,productcatalogservice,cpu,1,app,chi_workload,BARO,11,6,tai nguyen
OnlineBoutique,productcatalogservice,cpu,1,app,chi_workload,MEANSHIFT,11,11,tai nguyen
OnlineBoutique,productcatalogservice,cpu,1,app,chi_workload,KHONG-DOC,11,9,tai nguyen
OnlineBoutique,productcatalogservice,cpu,1,app,moi_cot,BARO,11,1,tai nguyen
OnlineBoutique,productcatalogservice,cpu,1,app,moi_cot,MEANSHIFT,11,1,tai nguyen
OnlineBoutique,productcatalogservice,cpu,1,app,moi_cot,KHONG-DOC,11,9,tai nguyen
OnlineBoutique,productcatalogservice,cpu,1,all,chi_cpu,BARO,11,1,tai nguyen
OnlineBoutique,productcatalogservice,cpu,1,all,chi_cpu,MEANSHIFT,11,1,tai nguyen
OnlineBoutique,productcatalogservice,cpu,1,all,chi_cpu,KHONG-DOC,11,8,tai nguyen
OnlineBoutique,productcatalogservice,cpu,1,all,chi_latency,BARO,10,2,tai nguyen
OnlineBoutique,productcatalogservice,cpu,1,all,chi_latency,MEANSHIFT,10,2,tai nguyen
OnlineBoutique,productcatalogservice,cpu,1,all,chi_latency,KHONG-DOC,10,8,tai nguyen
OnlineBoutique,productcatalogservice,cpu,1,all,chi_workload,BARO,11,6,tai nguyen
OnlineBoutique,productcatalogservice,cpu,1,all,chi_workload,MEANSHIFT,11,11,tai nguyen
OnlineBoutique,productcatalogservice,cpu,1,all,chi_workload,KHONG-DOC,11,9,tai nguyen
OnlineBoutique,productcatalogservice,cpu,1,all,moi_cot,BARO,12,2,tai nguyen
OnlineBoutique,productcatalogservice,cpu,1,all,moi_cot,MEANSHIFT,12,1,tai nguyen
OnlineBoutique,productcatalogservice,cpu,1,all,moi_cot,KHONG-DOC,12,9,tai nguyen
OnlineBoutique,productcatalogservice,cpu,2,fault5,chi_cpu,BARO,5,1,tai nguyen
OnlineBoutique,productcatalogservice,cpu,2,fault5,chi_cpu,MEANSHIFT,5,1,tai nguyen
OnlineBoutique,productcatalogservice,cpu,2,fault5,chi_cpu,KHONG-DOC,5,4,tai nguyen
OnlineBoutique,productcatalogservice,cpu,2,fault5,chi_latency,BARO,5,2,tai nguyen
OnlineBoutique,productcatalogservice,cpu,2,fault5,chi_latency,MEANSHIFT,5,2,tai nguyen
OnlineBoutique,productcatalogservice,cpu,2,fault5,chi_latency,KHONG-DOC,5,4,tai nguyen
OnlineBoutique,productcatalogservice,cpu,2,fault5,chi_workload,BARO,5,4,tai nguyen
OnlineBoutique,productcatalogservice,cpu,2,fault5,chi_workload,MEANSHIFT,5,1,tai nguyen
OnlineBoutique,productcatalogservice,cpu,2,fault5,chi_workload,KHONG-DOC,5,4,tai nguyen
OnlineBoutique,productcatalogservice,cpu,2,fault5,moi_cot,BARO,5,1,tai nguyen
OnlineBoutique,productcatalogservice,cpu,2,fault5,moi_cot,MEANSHIFT,5,1,tai nguyen
OnlineBoutique,productcatalogservice,cpu,2,fault5,moi_cot,KHONG-DOC,5,4,tai nguyen
OnlineBoutique,productcatalogservice,cpu,2,app,chi_cpu,BARO,10,1,tai nguyen
OnlineBoutique,productcatalogservice,cpu,2,app,chi_cpu,MEANSHIFT,10,1,tai nguyen
OnlineBoutique,productcatalogservice,cpu,2,app,chi_cpu,KHONG-DOC,10,8,tai nguyen
OnlineBoutique,productcatalogservice,cpu,2,app,chi_latency,BARO,10,3,tai nguyen
OnlineBoutique,productcatalogservice,cpu,2,app,chi_latency,MEANSHIFT,10,3,tai nguyen
OnlineBoutique,productcatalogservice,cpu,2,app,chi_latency,KHONG-DOC,10,8,tai nguyen
OnlineBoutique,productcatalogservice,cpu,2,app,chi_workload,BARO,11,6,tai nguyen
OnlineBoutique,productcatalogservice,cpu,2,app,chi_workload,MEANSHIFT,11,2,tai nguyen
OnlineBoutique,productcatalogservice,cpu,2,app,chi_workload,KHONG-DOC,11,9,tai nguyen
OnlineBoutique,productcatalogservice,cpu,2,app,moi_cot,BARO,11,1,tai nguyen
OnlineBoutique,productcatalogservice,cpu,2,app,moi_cot,MEANSHIFT,11,1,tai nguyen
OnlineBoutique,productcatalogservice,cpu,2,app,moi_cot,KHONG-DOC,11,9,tai nguyen
OnlineBoutique,productcatalogservice,cpu,2,all,chi_cpu,BARO,11,1,tai nguyen
OnlineBoutique,productcatalogservice,cpu,2,all,chi_cpu,MEANSHIFT,11,1,tai nguyen
OnlineBoutique,productcatalogservice,cpu,2,all,chi_cpu,KHONG-DOC,11,8,tai nguyen
OnlineBoutique,productcatalogservice,cpu,2,all,chi_latency,BARO,10,3,tai nguyen
OnlineBoutique,productcatalogservice,cpu,2,all,chi_latency,MEANSHIFT,10,3,tai nguyen
OnlineBoutique,productcatalogservice,cpu,2,all,chi_latency,KHONG-DOC,10,8,tai nguyen
OnlineBoutique,productcatalogservice,cpu,2,all,chi_workload,BARO,11,6,tai nguyen
OnlineBoutique,productcatalogservice,cpu,2,all,chi_workload,MEANSHIFT,11,2,tai nguyen
OnlineBoutique,productcatalogservice,cpu,2,all,chi_workload,KHONG-DOC,11,9,tai nguyen
OnlineBoutique,productcatalogservice,cpu,2,all,moi_cot,BARO,12,2,tai nguyen
OnlineBoutique,productcatalogservice,cpu,2,all,moi_cot,MEANSHIFT,12,1,tai nguyen
OnlineBoutique,productcatalogservice,cpu,2,all,moi_cot,KHONG-DOC,12,9,tai nguyen
OnlineBoutique,productcatalogservice,cpu,3,fault5,chi_cpu,BARO,5,1,tai nguyen
OnlineBoutique,productcatalogservice,cpu,3,fault5,chi_cpu,MEANSHIFT,5,1,tai nguyen
OnlineBoutique,productcatalogservice,cpu,3,fault5,chi_cpu,KHONG-DOC,5,4,tai nguyen
OnlineBoutique,productcatalogservice,cpu,3,fault5,chi_latency,BARO,5,2,tai nguyen
OnlineBoutique,productcatalogservice,cpu,3,fault5,chi_latency,MEANSHIFT,5,2,tai nguyen
OnlineBoutique,productcatalogservice,cpu,3,fault5,chi_latency,KHONG-DOC,5,4,tai nguyen
OnlineBoutique,productcatalogservice,cpu,3,fault5,chi_workload,BARO,5,5,tai nguyen
OnlineBoutique,productcatalogservice,cpu,3,fault5,chi_workload,MEANSHIFT,5,2,tai nguyen
OnlineBoutique,productcatalogservice,cpu,3,fault5,chi_workload,KHONG-DOC,5,4,tai nguyen
OnlineBoutique,productcatalogservice,cpu,3,fault5,moi_cot,BARO,5,1,tai nguyen
OnlineBoutique,productcatalogservice,cpu,3,fault5,moi_cot,MEANSHIFT,5,1,tai nguyen
OnlineBoutique,productcatalogservice,cpu,3,fault5,moi_cot,KHONG-DOC,5,4,tai nguyen
OnlineBoutique,productcatalogservice,cpu,3,app,chi_cpu,BARO,10,1,tai nguyen
OnlineBoutique,productcatalogservice,cpu,3,app,chi_cpu,MEANSHIFT,10,1,tai nguyen
OnlineBoutique,productcatalogservice,cpu,3,app,chi_cpu,KHONG-DOC,10,8,tai nguyen
OnlineBoutique,productcatalogservice,cpu,3,app,chi_latency,BARO,10,3,tai nguyen
OnlineBoutique,productcatalogservice,cpu,3,app,chi_latency,MEANSHIFT,10,3,tai nguyen
OnlineBoutique,productcatalogservice,cpu,3,app,chi_latency,KHONG-DOC,10,8,tai nguyen
OnlineBoutique,productcatalogservice,cpu,3,app,chi_workload,BARO,11,9,tai nguyen
OnlineBoutique,productcatalogservice,cpu,3,app,chi_workload,MEANSHIFT,11,4,tai nguyen
OnlineBoutique,productcatalogservice,cpu,3,app,chi_workload,KHONG-DOC,11,9,tai nguyen
OnlineBoutique,productcatalogservice,cpu,3,app,moi_cot,BARO,11,1,tai nguyen
OnlineBoutique,productcatalogservice,cpu,3,app,moi_cot,MEANSHIFT,11,1,tai nguyen
OnlineBoutique,productcatalogservice,cpu,3,app,moi_cot,KHONG-DOC,11,9,tai nguyen
OnlineBoutique,productcatalogservice,cpu,3,all,chi_cpu,BARO,11,1,tai nguyen
OnlineBoutique,productcatalogservice,cpu,3,all,chi_cpu,MEANSHIFT,11,1,tai nguyen
OnlineBoutique,productcatalogservice,cpu,3,all,chi_cpu,KHONG-DOC,11,8,tai nguyen
OnlineBoutique,productcatalogservice,cpu,3,all,chi_latency,BARO,10,3,tai nguyen
OnlineBoutique,productcatalogservice,cpu,3,all,chi_latency,MEANSHIFT,10,3,tai nguyen
OnlineBoutique,productcatalogservice,cpu,3,all,chi_latency,KHONG-DOC,10,8,tai nguyen
OnlineBoutique,productcatalogservice,cpu,3,all,chi_workload,BARO,11,9,tai nguyen
OnlineBoutique,productcatalogservice,cpu,3,all,chi_workload,MEANSHIFT,11,4,tai nguyen
OnlineBoutique,productcatalogservice,cpu,3,all,chi_workload,KHONG-DOC,11,9,tai nguyen
OnlineBoutique,productcatalogservice,cpu,3,all,moi_cot,BARO,12,2,tai nguyen
OnlineBoutique,productcatalogservice,cpu,3,all,moi_cot,MEANSHIFT,12,1,tai nguyen
OnlineBoutique,productcatalogservice,cpu,3,all,moi_cot,KHONG-DOC,12,9,tai nguyen
OnlineBoutique,productcatalogservice,delay,1,fault5,chi_cpu,BARO,5,3,mang
OnlineBoutique,productcatalogservice,delay,1,fault5,chi_cpu,MEANSHIFT,5,4,mang
OnlineBoutique,productcatalogservice,delay,1,fault5,chi_cpu,KHONG-DOC,5,4,mang
OnlineBoutique,productcatalogservice,delay,1,fault5,chi_latency,BARO,5,2,mang
OnlineBoutique,productcatalogservice,delay,1,fault5,chi_latency,MEANSHIFT,5,2,mang
OnlineBoutique,productcatalogservice,delay,1,fault5,chi_latency,KHONG-DOC,5,4,mang
OnlineBoutique,productcatalogservice,delay,1,fault5,chi_workload,BARO,5,1,mang
OnlineBoutique,productcatalogservice,delay,1,fault5,chi_workload,MEANSHIFT,5,1,mang
OnlineBoutique,productcatalogservice,delay,1,fault5,chi_workload,KHONG-DOC,5,4,mang
OnlineBoutique,productcatalogservice,delay,1,fault5,moi_cot,BARO,5,1,mang
OnlineBoutique,productcatalogservice,delay,1,fault5,moi_cot,MEANSHIFT,5,1,mang
OnlineBoutique,productcatalogservice,delay,1,fault5,moi_cot,KHONG-DOC,5,4,mang
OnlineBoutique,productcatalogservice,delay,1,app,chi_cpu,BARO,10,4,mang
OnlineBoutique,productcatalogservice,delay,1,app,chi_cpu,MEANSHIFT,10,9,mang
OnlineBoutique,productcatalogservice,delay,1,app,chi_cpu,KHONG-DOC,10,8,mang
OnlineBoutique,productcatalogservice,delay,1,app,chi_latency,BARO,10,2,mang
OnlineBoutique,productcatalogservice,delay,1,app,chi_latency,MEANSHIFT,10,2,mang
OnlineBoutique,productcatalogservice,delay,1,app,chi_latency,KHONG-DOC,10,8,mang
OnlineBoutique,productcatalogservice,delay,1,app,chi_workload,BARO,11,4,mang
OnlineBoutique,productcatalogservice,delay,1,app,chi_workload,MEANSHIFT,11,5,mang
OnlineBoutique,productcatalogservice,delay,1,app,chi_workload,KHONG-DOC,11,9,mang
OnlineBoutique,productcatalogservice,delay,1,app,moi_cot,BARO,11,1,mang
OnlineBoutique,productcatalogservice,delay,1,app,moi_cot,MEANSHIFT,11,1,mang
OnlineBoutique,productcatalogservice,delay,1,app,moi_cot,KHONG-DOC,11,9,mang
OnlineBoutique,productcatalogservice,delay,1,all,chi_cpu,BARO,11,5,mang
OnlineBoutique,productcatalogservice,delay,1,all,chi_cpu,MEANSHIFT,11,10,mang
OnlineBoutique,productcatalogservice,delay,1,all,chi_cpu,KHONG-DOC,11,8,mang
OnlineBoutique,productcatalogservice,delay,1,all,chi_latency,BARO,10,2,mang
OnlineBoutique,productcatalogservice,delay,1,all,chi_latency,MEANSHIFT,10,2,mang
OnlineBoutique,productcatalogservice,delay,1,all,chi_latency,KHONG-DOC,10,8,mang
OnlineBoutique,productcatalogservice,delay,1,all,chi_workload,BARO,11,4,mang
OnlineBoutique,productcatalogservice,delay,1,all,chi_workload,MEANSHIFT,11,5,mang
OnlineBoutique,productcatalogservice,delay,1,all,chi_workload,KHONG-DOC,11,9,mang
OnlineBoutique,productcatalogservice,delay,1,all,moi_cot,BARO,12,2,mang
OnlineBoutique,productcatalogservice,delay,1,all,moi_cot,MEANSHIFT,12,1,mang
OnlineBoutique,productcatalogservice,delay,1,all,moi_cot,KHONG-DOC,12,9,mang
OnlineBoutique,productcatalogservice,delay,2,fault5,chi_cpu,BARO,5,3,mang
OnlineBoutique,productcatalogservice,delay,2,fault5,chi_cpu,MEANSHIFT,5,2,mang
OnlineBoutique,productcatalogservice,delay,2,fault5,chi_cpu,KHONG-DOC,5,4,mang
OnlineBoutique,productcatalogservice,delay,2,fault5,chi_latency,BARO,5,2,mang
OnlineBoutique,productcatalogservice,delay,2,fault5,chi_latency,MEANSHIFT,5,2,mang
OnlineBoutique,productcatalogservice,delay,2,fault5,chi_latency,KHONG-DOC,5,4,mang
OnlineBoutique,productcatalogservice,delay,2,fault5,chi_workload,BARO,5,3,mang
OnlineBoutique,productcatalogservice,delay,2,fault5,chi_workload,MEANSHIFT,5,3,mang
OnlineBoutique,productcatalogservice,delay,2,fault5,chi_workload,KHONG-DOC,5,4,mang
OnlineBoutique,productcatalogservice,delay,2,fault5,moi_cot,BARO,5,1,mang
OnlineBoutique,productcatalogservice,delay,2,fault5,moi_cot,MEANSHIFT,5,1,mang
OnlineBoutique,productcatalogservice,delay,2,fault5,moi_cot,KHONG-DOC,5,4,mang
OnlineBoutique,productcatalogservice,delay,2,app,chi_cpu,BARO,10,3,mang
OnlineBoutique,productcatalogservice,delay,2,app,chi_cpu,MEANSHIFT,10,4,mang
OnlineBoutique,productcatalogservice,delay,2,app,chi_cpu,KHONG-DOC,10,8,mang
OnlineBoutique,productcatalogservice,delay,2,app,chi_latency,BARO,10,3,mang
OnlineBoutique,productcatalogservice,delay,2,app,chi_latency,MEANSHIFT,10,3,mang
OnlineBoutique,productcatalogservice,delay,2,app,chi_latency,KHONG-DOC,10,8,mang
OnlineBoutique,productcatalogservice,delay,2,app,chi_workload,BARO,11,7,mang
OnlineBoutique,productcatalogservice,delay,2,app,chi_workload,MEANSHIFT,11,7,mang
OnlineBoutique,productcatalogservice,delay,2,app,chi_workload,KHONG-DOC,11,9,mang
OnlineBoutique,productcatalogservice,delay,2,app,moi_cot,BARO,11,1,mang
OnlineBoutique,productcatalogservice,delay,2,app,moi_cot,MEANSHIFT,11,1,mang
OnlineBoutique,productcatalogservice,delay,2,app,moi_cot,KHONG-DOC,11,9,mang
OnlineBoutique,productcatalogservice,delay,2,all,chi_cpu,BARO,11,4,mang
OnlineBoutique,productcatalogservice,delay,2,all,chi_cpu,MEANSHIFT,11,4,mang
OnlineBoutique,productcatalogservice,delay,2,all,chi_cpu,KHONG-DOC,11,8,mang
OnlineBoutique,productcatalogservice,delay,2,all,chi_latency,BARO,10,3,mang
OnlineBoutique,productcatalogservice,delay,2,all,chi_latency,MEANSHIFT,10,3,mang
OnlineBoutique,productcatalogservice,delay,2,all,chi_latency,KHONG-DOC,10,8,mang
OnlineBoutique,productcatalogservice,delay,2,all,chi_workload,BARO,11,7,mang
OnlineBoutique,productcatalogservice,delay,2,all,chi_workload,MEANSHIFT,11,7,mang
OnlineBoutique,productcatalogservice,delay,2,all,chi_workload,KHONG-DOC,11,9,mang
OnlineBoutique,productcatalogservice,delay,2,all,moi_cot,BARO,12,2,mang
OnlineBoutique,productcatalogservice,delay,2,all,moi_cot,MEANSHIFT,12,1,mang
OnlineBoutique,productcatalogservice,delay,2,all,moi_cot,KHONG-DOC,12,9,mang
OnlineBoutique,productcatalogservice,delay,3,fault5,chi_cpu,BARO,5,3,mang
OnlineBoutique,productcatalogservice,delay,3,fault5,chi_cpu,MEANSHIFT,5,5,mang
OnlineBoutique,productcatalogservice,delay,3,fault5,chi_cpu,KHONG-DOC,5,4,mang
OnlineBoutique,productcatalogservice,delay,3,fault5,chi_latency,BARO,5,2,mang
OnlineBoutique,productcatalogservice,delay,3,fault5,chi_latency,MEANSHIFT,5,2,mang
OnlineBoutique,productcatalogservice,delay,3,fault5,chi_latency,KHONG-DOC,5,4,mang
OnlineBoutique,productcatalogservice,delay,3,fault5,chi_workload,BARO,5,2,mang
OnlineBoutique,productcatalogservice,delay,3,fault5,chi_workload,MEANSHIFT,5,3,mang
OnlineBoutique,productcatalogservice,delay,3,fault5,chi_workload,KHONG-DOC,5,4,mang
OnlineBoutique,productcatalogservice,delay,3,fault5,moi_cot,BARO,5,1,mang
OnlineBoutique,productcatalogservice,delay,3,fault5,moi_cot,MEANSHIFT,5,1,mang
OnlineBoutique,productcatalogservice,delay,3,fault5,moi_cot,KHONG-DOC,5,4,mang
OnlineBoutique,productcatalogservice,delay,3,app,chi_cpu,BARO,10,4,mang
OnlineBoutique,productcatalogservice,delay,3,app,chi_cpu,MEANSHIFT,10,10,mang
OnlineBoutique,productcatalogservice,delay,3,app,chi_cpu,KHONG-DOC,10,8,mang
OnlineBoutique,productcatalogservice,delay,3,app,chi_latency,BARO,10,2,mang
OnlineBoutique,productcatalogservice,delay,3,app,chi_latency,MEANSHIFT,10,3,mang
OnlineBoutique,productcatalogservice,delay,3,app,chi_latency,KHONG-DOC,10,8,mang
OnlineBoutique,productcatalogservice,delay,3,app,chi_workload,BARO,11,5,mang
OnlineBoutique,productcatalogservice,delay,3,app,chi_workload,MEANSHIFT,11,6,mang
OnlineBoutique,productcatalogservice,delay,3,app,chi_workload,KHONG-DOC,11,9,mang
OnlineBoutique,productcatalogservice,delay,3,app,moi_cot,BARO,11,1,mang
OnlineBoutique,productcatalogservice,delay,3,app,moi_cot,MEANSHIFT,11,1,mang
OnlineBoutique,productcatalogservice,delay,3,app,moi_cot,KHONG-DOC,11,9,mang
OnlineBoutique,productcatalogservice,delay,3,all,chi_cpu,BARO,11,5,mang
OnlineBoutique,productcatalogservice,delay,3,all,chi_cpu,MEANSHIFT,11,11,mang
OnlineBoutique,productcatalogservice,delay,3,all,chi_cpu,KHONG-DOC,11,8,mang
OnlineBoutique,productcatalogservice,delay,3,all,chi_latency,BARO,10,2,mang
OnlineBoutique,productcatalogservice,delay,3,all,chi_latency,MEANSHIFT,10,3,mang
OnlineBoutique,productcatalogservice,delay,3,all,chi_latency,KHONG-DOC,10,8,mang
OnlineBoutique,productcatalogservice,delay,3,all,chi_workload,BARO,11,5,mang
OnlineBoutique,productcatalogservice,delay,3,all,chi_workload,MEANSHIFT,11,6,mang
OnlineBoutique,productcatalogservice,delay,3,all,chi_workload,KHONG-DOC,11,9,mang
OnlineBoutique,productcatalogservice,delay,3,all,moi_cot,BARO,12,2,mang
OnlineBoutique,productcatalogservice,delay,3,all,moi_cot,MEANSHIFT,12,1,mang
OnlineBoutique,productcatalogservice,delay,3,all,moi_cot,KHONG-DOC,12,9,mang
OnlineBoutique,productcatalogservice,disk,1,fault5,chi_cpu,BARO,5,1,tai nguyen
OnlineBoutique,productcatalogservice,disk,1,fault5,chi_cpu,MEANSHIFT,5,1,tai nguyen
OnlineBoutique,productcatalogservice,disk,1,fault5,chi_cpu,KHONG-DOC,5,4,tai nguyen
OnlineBoutique,productcatalogservice,disk,1,fault5,chi_latency,BARO,5,2,tai nguyen
OnlineBoutique,productcatalogservice,disk,1,fault5,chi_latency,MEANSHIFT,5,2,tai nguyen
OnlineBoutique,productcatalogservice,disk,1,fault5,chi_latency,KHONG-DOC,5,4,tai nguyen
OnlineBoutique,productcatalogservice,disk,1,fault5,chi_workload,BARO,5,5,tai nguyen
OnlineBoutique,productcatalogservice,disk,1,fault5,chi_workload,MEANSHIFT,5,2,tai nguyen
OnlineBoutique,productcatalogservice,disk,1,fault5,chi_workload,KHONG-DOC,5,4,tai nguyen
OnlineBoutique,productcatalogservice,disk,1,fault5,moi_cot,BARO,5,1,tai nguyen
OnlineBoutique,productcatalogservice,disk,1,fault5,moi_cot,MEANSHIFT,5,1,tai nguyen
OnlineBoutique,productcatalogservice,disk,1,fault5,moi_cot,KHONG-DOC,5,4,tai nguyen
OnlineBoutique,productcatalogservice,disk,1,app,chi_cpu,BARO,10,1,tai nguyen
OnlineBoutique,productcatalogservice,disk,1,app,chi_cpu,MEANSHIFT,10,1,tai nguyen
OnlineBoutique,productcatalogservice,disk,1,app,chi_cpu,KHONG-DOC,10,8,tai nguyen
OnlineBoutique,productcatalogservice,disk,1,app,chi_latency,BARO,10,2,tai nguyen
OnlineBoutique,productcatalogservice,disk,1,app,chi_latency,MEANSHIFT,10,2,tai nguyen
OnlineBoutique,productcatalogservice,disk,1,app,chi_latency,KHONG-DOC,10,8,tai nguyen
OnlineBoutique,productcatalogservice,disk,1,app,chi_workload,BARO,11,11,tai nguyen
OnlineBoutique,productcatalogservice,disk,1,app,chi_workload,MEANSHIFT,11,2,tai nguyen
OnlineBoutique,productcatalogservice,disk,1,app,chi_workload,KHONG-DOC,11,9,tai nguyen
OnlineBoutique,productcatalogservice,disk,1,app,moi_cot,BARO,11,1,tai nguyen
OnlineBoutique,productcatalogservice,disk,1,app,moi_cot,MEANSHIFT,11,1,tai nguyen
OnlineBoutique,productcatalogservice,disk,1,app,moi_cot,KHONG-DOC,11,9,tai nguyen
OnlineBoutique,productcatalogservice,disk,1,all,chi_cpu,BARO,11,1,tai nguyen
OnlineBoutique,productcatalogservice,disk,1,all,chi_cpu,MEANSHIFT,11,1,tai nguyen
OnlineBoutique,productcatalogservice,disk,1,all,chi_cpu,KHONG-DOC,11,8,tai nguyen
OnlineBoutique,productcatalogservice,disk,1,all,chi_latency,BARO,10,2,tai nguyen
OnlineBoutique,productcatalogservice,disk,1,all,chi_latency,MEANSHIFT,10,2,tai nguyen
OnlineBoutique,productcatalogservice,disk,1,all,chi_latency,KHONG-DOC,10,8,tai nguyen
OnlineBoutique,productcatalogservice,disk,1,all,chi_workload,BARO,11,11,tai nguyen
OnlineBoutique,productcatalogservice,disk,1,all,chi_workload,MEANSHIFT,11,2,tai nguyen
OnlineBoutique,productcatalogservice,disk,1,all,chi_workload,KHONG-DOC,11,9,tai nguyen
OnlineBoutique,productcatalogservice,disk,1,all,moi_cot,BARO,12,2,tai nguyen
OnlineBoutique,productcatalogservice,disk,1,all,moi_cot,MEANSHIFT,12,1,tai nguyen
OnlineBoutique,productcatalogservice,disk,1,all,moi_cot,KHONG-DOC,12,9,tai nguyen
OnlineBoutique,productcatalogservice,disk,2,fault5,chi_cpu,BARO,5,1,tai nguyen
OnlineBoutique,productcatalogservice,disk,2,fault5,chi_cpu,MEANSHIFT,5,1,tai nguyen
OnlineBoutique,productcatalogservice,disk,2,fault5,chi_cpu,KHONG-DOC,5,4,tai nguyen
OnlineBoutique,productcatalogservice,disk,2,fault5,chi_latency,BARO,5,2,tai nguyen
OnlineBoutique,productcatalogservice,disk,2,fault5,chi_latency,MEANSHIFT,5,2,tai nguyen
OnlineBoutique,productcatalogservice,disk,2,fault5,chi_latency,KHONG-DOC,5,4,tai nguyen
OnlineBoutique,productcatalogservice,disk,2,fault5,chi_workload,BARO,5,4,tai nguyen
OnlineBoutique,productcatalogservice,disk,2,fault5,chi_workload,MEANSHIFT,5,2,tai nguyen
OnlineBoutique,productcatalogservice,disk,2,fault5,chi_workload,KHONG-DOC,5,4,tai nguyen
OnlineBoutique,productcatalogservice,disk,2,fault5,moi_cot,BARO,5,2,tai nguyen
OnlineBoutique,productcatalogservice,disk,2,fault5,moi_cot,MEANSHIFT,5,1,tai nguyen
OnlineBoutique,productcatalogservice,disk,2,fault5,moi_cot,KHONG-DOC,5,4,tai nguyen
OnlineBoutique,productcatalogservice,disk,2,app,chi_cpu,BARO,10,1,tai nguyen
OnlineBoutique,productcatalogservice,disk,2,app,chi_cpu,MEANSHIFT,10,1,tai nguyen
OnlineBoutique,productcatalogservice,disk,2,app,chi_cpu,KHONG-DOC,10,8,tai nguyen
OnlineBoutique,productcatalogservice,disk,2,app,chi_latency,BARO,10,3,tai nguyen
OnlineBoutique,productcatalogservice,disk,2,app,chi_latency,MEANSHIFT,10,3,tai nguyen
OnlineBoutique,productcatalogservice,disk,2,app,chi_latency,KHONG-DOC,10,8,tai nguyen
OnlineBoutique,productcatalogservice,disk,2,app,chi_workload,BARO,11,9,tai nguyen
OnlineBoutique,productcatalogservice,disk,2,app,chi_workload,MEANSHIFT,11,6,tai nguyen
OnlineBoutique,productcatalogservice,disk,2,app,chi_workload,KHONG-DOC,11,9,tai nguyen
OnlineBoutique,productcatalogservice,disk,2,app,moi_cot,BARO,11,2,tai nguyen
OnlineBoutique,productcatalogservice,disk,2,app,moi_cot,MEANSHIFT,11,1,tai nguyen
OnlineBoutique,productcatalogservice,disk,2,app,moi_cot,KHONG-DOC,11,9,tai nguyen
OnlineBoutique,productcatalogservice,disk,2,all,chi_cpu,BARO,11,1,tai nguyen
OnlineBoutique,productcatalogservice,disk,2,all,chi_cpu,MEANSHIFT,11,1,tai nguyen
OnlineBoutique,productcatalogservice,disk,2,all,chi_cpu,KHONG-DOC,11,8,tai nguyen
OnlineBoutique,productcatalogservice,disk,2,all,chi_latency,BARO,10,3,tai nguyen
OnlineBoutique,productcatalogservice,disk,2,all,chi_latency,MEANSHIFT,10,3,tai nguyen
OnlineBoutique,productcatalogservice,disk,2,all,chi_latency,KHONG-DOC,10,8,tai nguyen
OnlineBoutique,productcatalogservice,disk,2,all,chi_workload,BARO,11,9,tai nguyen
OnlineBoutique,productcatalogservice,disk,2,all,chi_workload,MEANSHIFT,11,6,tai nguyen
OnlineBoutique,productcatalogservice,disk,2,all,chi_workload,KHONG-DOC,11,9,tai nguyen
OnlineBoutique,productcatalogservice,disk,2,all,moi_cot,BARO,12,3,tai nguyen
OnlineBoutique,productcatalogservice,disk,2,all,moi_cot,MEANSHIFT,12,1,tai nguyen
OnlineBoutique,productcatalogservice,disk,2,all,moi_cot,KHONG-DOC,12,9,tai nguyen
OnlineBoutique,productcatalogservice,disk,3,fault5,chi_cpu,BARO,5,1,tai nguyen
OnlineBoutique,productcatalogservice,disk,3,fault5,chi_cpu,MEANSHIFT,5,1,tai nguyen
OnlineBoutique,productcatalogservice,disk,3,fault5,chi_cpu,KHONG-DOC,5,4,tai nguyen
OnlineBoutique,productcatalogservice,disk,3,fault5,chi_latency,BARO,5,2,tai nguyen
OnlineBoutique,productcatalogservice,disk,3,fault5,chi_latency,MEANSHIFT,5,2,tai nguyen
OnlineBoutique,productcatalogservice,disk,3,fault5,chi_latency,KHONG-DOC,5,4,tai nguyen
OnlineBoutique,productcatalogservice,disk,3,fault5,chi_workload,BARO,5,2,tai nguyen
OnlineBoutique,productcatalogservice,disk,3,fault5,chi_workload,MEANSHIFT,5,4,tai nguyen
OnlineBoutique,productcatalogservice,disk,3,fault5,chi_workload,KHONG-DOC,5,4,tai nguyen
OnlineBoutique,productcatalogservice,disk,3,fault5,moi_cot,BARO,5,1,tai nguyen
OnlineBoutique,productcatalogservice,disk,3,fault5,moi_cot,MEANSHIFT,5,1,tai nguyen
OnlineBoutique,productcatalogservice,disk,3,fault5,moi_cot,KHONG-DOC,5,4,tai nguyen
OnlineBoutique,productcatalogservice,disk,3,app,chi_cpu,BARO,10,1,tai nguyen
OnlineBoutique,productcatalogservice,disk,3,app,chi_cpu,MEANSHIFT,10,1,tai nguyen
OnlineBoutique,productcatalogservice,disk,3,app,chi_cpu,KHONG-DOC,10,8,tai nguyen
OnlineBoutique,productcatalogservice,disk,3,app,chi_latency,BARO,10,2,tai nguyen
OnlineBoutique,productcatalogservice,disk,3,app,chi_latency,MEANSHIFT,10,2,tai nguyen
OnlineBoutique,productcatalogservice,disk,3,app,chi_latency,KHONG-DOC,10,8,tai nguyen
OnlineBoutique,productcatalogservice,disk,3,app,chi_workload,BARO,11,5,tai nguyen
OnlineBoutique,productcatalogservice,disk,3,app,chi_workload,MEANSHIFT,11,9,tai nguyen
OnlineBoutique,productcatalogservice,disk,3,app,chi_workload,KHONG-DOC,11,9,tai nguyen
OnlineBoutique,productcatalogservice,disk,3,app,moi_cot,BARO,11,1,tai nguyen
OnlineBoutique,productcatalogservice,disk,3,app,moi_cot,MEANSHIFT,11,1,tai nguyen
OnlineBoutique,productcatalogservice,disk,3,app,moi_cot,KHONG-DOC,11,9,tai nguyen
OnlineBoutique,productcatalogservice,disk,3,all,chi_cpu,BARO,11,1,tai nguyen
OnlineBoutique,productcatalogservice,disk,3,all,chi_cpu,MEANSHIFT,11,1,tai nguyen
OnlineBoutique,productcatalogservice,disk,3,all,chi_cpu,KHONG-DOC,11,8,tai nguyen
OnlineBoutique,productcatalogservice,disk,3,all,chi_latency,BARO,10,2,tai nguyen
OnlineBoutique,productcatalogservice,disk,3,all,chi_latency,MEANSHIFT,10,2,tai nguyen
OnlineBoutique,productcatalogservice,disk,3,all,chi_latency,KHONG-DOC,10,8,tai nguyen
OnlineBoutique,productcatalogservice,disk,3,all,chi_workload,BARO,11,5,tai nguyen
OnlineBoutique,productcatalogservice,disk,3,all,chi_workload,MEANSHIFT,11,9,tai nguyen
OnlineBoutique,productcatalogservice,disk,3,all,chi_workload,KHONG-DOC,11,9,tai nguyen
OnlineBoutique,productcatalogservice,disk,3,all,moi_cot,BARO,12,2,tai nguyen
OnlineBoutique,productcatalogservice,disk,3,all,moi_cot,MEANSHIFT,12,1,tai nguyen
OnlineBoutique,productcatalogservice,disk,3,all,moi_cot,KHONG-DOC,12,9,tai nguyen
OnlineBoutique,productcatalogservice,loss,1,fault5,chi_cpu,BARO,5,3,mang
OnlineBoutique,productcatalogservice,loss,1,fault5,chi_cpu,MEANSHIFT,5,2,mang
OnlineBoutique,productcatalogservice,loss,1,fault5,chi_cpu,KHONG-DOC,5,4,mang
OnlineBoutique,productcatalogservice,loss,1,fault5,chi_latency,BARO,5,2,mang
OnlineBoutique,productcatalogservice,loss,1,fault5,chi_latency,MEANSHIFT,5,2,mang
OnlineBoutique,productcatalogservice,loss,1,fault5,chi_latency,KHONG-DOC,5,4,mang
OnlineBoutique,productcatalogservice,loss,1,fault5,chi_workload,BARO,5,2,mang
OnlineBoutique,productcatalogservice,loss,1,fault5,chi_workload,MEANSHIFT,5,1,mang
OnlineBoutique,productcatalogservice,loss,1,fault5,chi_workload,KHONG-DOC,5,4,mang
OnlineBoutique,productcatalogservice,loss,1,fault5,moi_cot,BARO,5,1,mang
OnlineBoutique,productcatalogservice,loss,1,fault5,moi_cot,MEANSHIFT,5,1,mang
OnlineBoutique,productcatalogservice,loss,1,fault5,moi_cot,KHONG-DOC,5,4,mang
OnlineBoutique,productcatalogservice,loss,1,app,chi_cpu,BARO,10,4,mang
OnlineBoutique,productcatalogservice,loss,1,app,chi_cpu,MEANSHIFT,10,2,mang
OnlineBoutique,productcatalogservice,loss,1,app,chi_cpu,KHONG-DOC,10,8,mang
OnlineBoutique,productcatalogservice,loss,1,app,chi_latency,BARO,10,2,mang
OnlineBoutique,productcatalogservice,loss,1,app,chi_latency,MEANSHIFT,10,2,mang
OnlineBoutique,productcatalogservice,loss,1,app,chi_latency,KHONG-DOC,10,8,mang
OnlineBoutique,productcatalogservice,loss,1,app,chi_workload,BARO,11,3,mang
OnlineBoutique,productcatalogservice,loss,1,app,chi_workload,MEANSHIFT,11,2,mang
OnlineBoutique,productcatalogservice,loss,1,app,chi_workload,KHONG-DOC,11,9,mang
OnlineBoutique,productcatalogservice,loss,1,app,moi_cot,BARO,11,1,mang
OnlineBoutique,productcatalogservice,loss,1,app,moi_cot,MEANSHIFT,11,1,mang
OnlineBoutique,productcatalogservice,loss,1,app,moi_cot,KHONG-DOC,11,9,mang
OnlineBoutique,productcatalogservice,loss,1,all,chi_cpu,BARO,11,4,mang
OnlineBoutique,productcatalogservice,loss,1,all,chi_cpu,MEANSHIFT,11,2,mang
OnlineBoutique,productcatalogservice,loss,1,all,chi_cpu,KHONG-DOC,11,8,mang
OnlineBoutique,productcatalogservice,loss,1,all,chi_latency,BARO,10,2,mang
OnlineBoutique,productcatalogservice,loss,1,all,chi_latency,MEANSHIFT,10,2,mang
OnlineBoutique,productcatalogservice,loss,1,all,chi_latency,KHONG-DOC,10,8,mang
OnlineBoutique,productcatalogservice,loss,1,all,chi_workload,BARO,11,3,mang
OnlineBoutique,productcatalogservice,loss,1,all,chi_workload,MEANSHIFT,11,2,mang
OnlineBoutique,productcatalogservice,loss,1,all,chi_workload,KHONG-DOC,11,9,mang
OnlineBoutique,productcatalogservice,loss,1,all,moi_cot,BARO,12,1,mang
OnlineBoutique,productcatalogservice,loss,1,all,moi_cot,MEANSHIFT,12,1,mang
OnlineBoutique,productcatalogservice,loss,1,all,moi_cot,KHONG-DOC,12,9,mang
OnlineBoutique,productcatalogservice,loss,2,fault5,chi_cpu,BARO,5,2,mang
OnlineBoutique,productcatalogservice,loss,2,fault5,chi_cpu,MEANSHIFT,5,2,mang
OnlineBoutique,productcatalogservice,loss,2,fault5,chi_cpu,KHONG-DOC,5,4,mang
OnlineBoutique,productcatalogservice,loss,2,fault5,chi_latency,BARO,5,2,mang
OnlineBoutique,productcatalogservice,loss,2,fault5,chi_latency,MEANSHIFT,5,2,mang
OnlineBoutique,productcatalogservice,loss,2,fault5,chi_latency,KHONG-DOC,5,4,mang
OnlineBoutique,productcatalogservice,loss,2,fault5,chi_workload,BARO,5,3,mang
OnlineBoutique,productcatalogservice,loss,2,fault5,chi_workload,MEANSHIFT,5,2,mang
OnlineBoutique,productcatalogservice,loss,2,fault5,chi_workload,KHONG-DOC,5,4,mang
OnlineBoutique,productcatalogservice,loss,2,fault5,moi_cot,BARO,5,1,mang
OnlineBoutique,productcatalogservice,loss,2,fault5,moi_cot,MEANSHIFT,5,1,mang
OnlineBoutique,productcatalogservice,loss,2,fault5,moi_cot,KHONG-DOC,5,4,mang
OnlineBoutique,productcatalogservice,loss,2,app,chi_cpu,BARO,10,3,mang
OnlineBoutique,productcatalogservice,loss,2,app,chi_cpu,MEANSHIFT,10,3,mang
OnlineBoutique,productcatalogservice,loss,2,app,chi_cpu,KHONG-DOC,10,8,mang
OnlineBoutique,productcatalogservice,loss,2,app,chi_latency,BARO,10,3,mang
OnlineBoutique,productcatalogservice,loss,2,app,chi_latency,MEANSHIFT,10,3,mang
OnlineBoutique,productcatalogservice,loss,2,app,chi_latency,KHONG-DOC,10,8,mang
OnlineBoutique,productcatalogservice,loss,2,app,chi_workload,BARO,11,7,mang
OnlineBoutique,productcatalogservice,loss,2,app,chi_workload,MEANSHIFT,11,2,mang
OnlineBoutique,productcatalogservice,loss,2,app,chi_workload,KHONG-DOC,11,9,mang
OnlineBoutique,productcatalogservice,loss,2,app,moi_cot,BARO,11,1,mang
OnlineBoutique,productcatalogservice,loss,2,app,moi_cot,MEANSHIFT,11,1,mang
OnlineBoutique,productcatalogservice,loss,2,app,moi_cot,KHONG-DOC,11,9,mang
OnlineBoutique,productcatalogservice,loss,2,all,chi_cpu,BARO,11,3,mang
OnlineBoutique,productcatalogservice,loss,2,all,chi_cpu,MEANSHIFT,11,3,mang
OnlineBoutique,productcatalogservice,loss,2,all,chi_cpu,KHONG-DOC,11,8,mang
OnlineBoutique,productcatalogservice,loss,2,all,chi_latency,BARO,10,3,mang
OnlineBoutique,productcatalogservice,loss,2,all,chi_latency,MEANSHIFT,10,3,mang
OnlineBoutique,productcatalogservice,loss,2,all,chi_latency,KHONG-DOC,10,8,mang
OnlineBoutique,productcatalogservice,loss,2,all,chi_workload,BARO,11,7,mang
OnlineBoutique,productcatalogservice,loss,2,all,chi_workload,MEANSHIFT,11,2,mang
OnlineBoutique,productcatalogservice,loss,2,all,chi_workload,KHONG-DOC,11,9,mang
OnlineBoutique,productcatalogservice,loss,2,all,moi_cot,BARO,12,1,mang
OnlineBoutique,productcatalogservice,loss,2,all,moi_cot,MEANSHIFT,12,1,mang
OnlineBoutique,productcatalogservice,loss,2,all,moi_cot,KHONG-DOC,12,9,mang
OnlineBoutique,productcatalogservice,loss,3,fault5,chi_cpu,BARO,5,2,mang
OnlineBoutique,productcatalogservice,loss,3,fault5,chi_cpu,MEANSHIFT,5,2,mang
OnlineBoutique,productcatalogservice,loss,3,fault5,chi_cpu,KHONG-DOC,5,4,mang
OnlineBoutique,productcatalogservice,loss,3,fault5,chi_latency,BARO,5,2,mang
OnlineBoutique,productcatalogservice,loss,3,fault5,chi_latency,MEANSHIFT,5,2,mang
OnlineBoutique,productcatalogservice,loss,3,fault5,chi_latency,KHONG-DOC,5,4,mang
OnlineBoutique,productcatalogservice,loss,3,fault5,chi_workload,BARO,5,1,mang
OnlineBoutique,productcatalogservice,loss,3,fault5,chi_workload,MEANSHIFT,5,1,mang
OnlineBoutique,productcatalogservice,loss,3,fault5,chi_workload,KHONG-DOC,5,4,mang
OnlineBoutique,productcatalogservice,loss,3,fault5,moi_cot,BARO,5,1,mang
OnlineBoutique,productcatalogservice,loss,3,fault5,moi_cot,MEANSHIFT,5,1,mang
OnlineBoutique,productcatalogservice,loss,3,fault5,moi_cot,KHONG-DOC,5,4,mang
OnlineBoutique,productcatalogservice,loss,3,app,chi_cpu,BARO,10,4,mang
OnlineBoutique,productcatalogservice,loss,3,app,chi_cpu,MEANSHIFT,10,3,mang
OnlineBoutique,productcatalogservice,loss,3,app,chi_cpu,KHONG-DOC,10,8,mang
OnlineBoutique,productcatalogservice,loss,3,app,chi_latency,BARO,10,2,mang
OnlineBoutique,productcatalogservice,loss,3,app,chi_latency,MEANSHIFT,10,3,mang
OnlineBoutique,productcatalogservice,loss,3,app,chi_latency,KHONG-DOC,10,8,mang
OnlineBoutique,productcatalogservice,loss,3,app,chi_workload,BARO,11,1,mang
OnlineBoutique,productcatalogservice,loss,3,app,chi_workload,MEANSHIFT,11,1,mang
OnlineBoutique,productcatalogservice,loss,3,app,chi_workload,KHONG-DOC,11,9,mang
OnlineBoutique,productcatalogservice,loss,3,app,moi_cot,BARO,11,1,mang
OnlineBoutique,productcatalogservice,loss,3,app,moi_cot,MEANSHIFT,11,1,mang
OnlineBoutique,productcatalogservice,loss,3,app,moi_cot,KHONG-DOC,11,9,mang
OnlineBoutique,productcatalogservice,loss,3,all,chi_cpu,BARO,11,5,mang
OnlineBoutique,productcatalogservice,loss,3,all,chi_cpu,MEANSHIFT,11,3,mang
OnlineBoutique,productcatalogservice,loss,3,all,chi_cpu,KHONG-DOC,11,8,mang
OnlineBoutique,productcatalogservice,loss,3,all,chi_latency,BARO,10,2,mang
OnlineBoutique,productcatalogservice,loss,3,all,chi_latency,MEANSHIFT,10,3,mang
OnlineBoutique,productcatalogservice,loss,3,all,chi_latency,KHONG-DOC,10,8,mang
OnlineBoutique,productcatalogservice,loss,3,all,chi_workload,BARO,11,1,mang
OnlineBoutique,productcatalogservice,loss,3,all,chi_workload,MEANSHIFT,11,1,mang
OnlineBoutique,productcatalogservice,loss,3,all,chi_workload,KHONG-DOC,11,9,mang
OnlineBoutique,productcatalogservice,loss,3,all,moi_cot,BARO,12,1,mang
OnlineBoutique,productcatalogservice,loss,3,all,moi_cot,MEANSHIFT,12,1,mang
OnlineBoutique,productcatalogservice,loss,3,all,moi_cot,KHONG-DOC,12,9,mang
OnlineBoutique,productcatalogservice,mem,1,fault5,chi_cpu,BARO,5,1,tai nguyen
OnlineBoutique,productcatalogservice,mem,1,fault5,chi_cpu,MEANSHIFT,5,1,tai nguyen
OnlineBoutique,productcatalogservice,mem,1,fault5,chi_cpu,KHONG-DOC,5,4,tai nguyen
OnlineBoutique,productcatalogservice,mem,1,fault5,chi_latency,BARO,5,2,tai nguyen
OnlineBoutique,productcatalogservice,mem,1,fault5,chi_latency,MEANSHIFT,5,2,tai nguyen
OnlineBoutique,productcatalogservice,mem,1,fault5,chi_latency,KHONG-DOC,5,4,tai nguyen
OnlineBoutique,productcatalogservice,mem,1,fault5,chi_workload,BARO,5,3,tai nguyen
OnlineBoutique,productcatalogservice,mem,1,fault5,chi_workload,MEANSHIFT,5,1,tai nguyen
OnlineBoutique,productcatalogservice,mem,1,fault5,chi_workload,KHONG-DOC,5,4,tai nguyen
OnlineBoutique,productcatalogservice,mem,1,fault5,moi_cot,BARO,5,1,tai nguyen
OnlineBoutique,productcatalogservice,mem,1,fault5,moi_cot,MEANSHIFT,5,1,tai nguyen
OnlineBoutique,productcatalogservice,mem,1,fault5,moi_cot,KHONG-DOC,5,4,tai nguyen
OnlineBoutique,productcatalogservice,mem,1,app,chi_cpu,BARO,10,1,tai nguyen
OnlineBoutique,productcatalogservice,mem,1,app,chi_cpu,MEANSHIFT,10,1,tai nguyen
OnlineBoutique,productcatalogservice,mem,1,app,chi_cpu,KHONG-DOC,10,8,tai nguyen
OnlineBoutique,productcatalogservice,mem,1,app,chi_latency,BARO,10,2,tai nguyen
OnlineBoutique,productcatalogservice,mem,1,app,chi_latency,MEANSHIFT,10,2,tai nguyen
OnlineBoutique,productcatalogservice,mem,1,app,chi_latency,KHONG-DOC,10,8,tai nguyen
OnlineBoutique,productcatalogservice,mem,1,app,chi_workload,BARO,11,4,tai nguyen
OnlineBoutique,productcatalogservice,mem,1,app,chi_workload,MEANSHIFT,11,3,tai nguyen
OnlineBoutique,productcatalogservice,mem,1,app,chi_workload,KHONG-DOC,11,9,tai nguyen
OnlineBoutique,productcatalogservice,mem,1,app,moi_cot,BARO,11,1,tai nguyen
OnlineBoutique,productcatalogservice,mem,1,app,moi_cot,MEANSHIFT,11,1,tai nguyen
OnlineBoutique,productcatalogservice,mem,1,app,moi_cot,KHONG-DOC,11,9,tai nguyen
OnlineBoutique,productcatalogservice,mem,1,all,chi_cpu,BARO,11,1,tai nguyen
OnlineBoutique,productcatalogservice,mem,1,all,chi_cpu,MEANSHIFT,11,1,tai nguyen
OnlineBoutique,productcatalogservice,mem,1,all,chi_cpu,KHONG-DOC,11,8,tai nguyen
OnlineBoutique,productcatalogservice,mem,1,all,chi_latency,BARO,10,2,tai nguyen
OnlineBoutique,productcatalogservice,mem,1,all,chi_latency,MEANSHIFT,10,2,tai nguyen
OnlineBoutique,productcatalogservice,mem,1,all,chi_latency,KHONG-DOC,10,8,tai nguyen
OnlineBoutique,productcatalogservice,mem,1,all,chi_workload,BARO,11,4,tai nguyen
OnlineBoutique,productcatalogservice,mem,1,all,chi_workload,MEANSHIFT,11,3,tai nguyen
OnlineBoutique,productcatalogservice,mem,1,all,chi_workload,KHONG-DOC,11,9,tai nguyen
OnlineBoutique,productcatalogservice,mem,1,all,moi_cot,BARO,12,1,tai nguyen
OnlineBoutique,productcatalogservice,mem,1,all,moi_cot,MEANSHIFT,12,1,tai nguyen
OnlineBoutique,productcatalogservice,mem,1,all,moi_cot,KHONG-DOC,12,9,tai nguyen
OnlineBoutique,productcatalogservice,mem,2,fault5,chi_cpu,BARO,5,1,tai nguyen
OnlineBoutique,productcatalogservice,mem,2,fault5,chi_cpu,MEANSHIFT,5,1,tai nguyen
OnlineBoutique,productcatalogservice,mem,2,fault5,chi_cpu,KHONG-DOC,5,4,tai nguyen
OnlineBoutique,productcatalogservice,mem,2,fault5,chi_latency,BARO,5,2,tai nguyen
OnlineBoutique,productcatalogservice,mem,2,fault5,chi_latency,MEANSHIFT,5,2,tai nguyen
OnlineBoutique,productcatalogservice,mem,2,fault5,chi_latency,KHONG-DOC,5,4,tai nguyen
OnlineBoutique,productcatalogservice,mem,2,fault5,chi_workload,BARO,5,2,tai nguyen
OnlineBoutique,productcatalogservice,mem,2,fault5,chi_workload,MEANSHIFT,5,3,tai nguyen
OnlineBoutique,productcatalogservice,mem,2,fault5,chi_workload,KHONG-DOC,5,4,tai nguyen
OnlineBoutique,productcatalogservice,mem,2,fault5,moi_cot,BARO,5,1,tai nguyen
OnlineBoutique,productcatalogservice,mem,2,fault5,moi_cot,MEANSHIFT,5,1,tai nguyen
OnlineBoutique,productcatalogservice,mem,2,fault5,moi_cot,KHONG-DOC,5,4,tai nguyen
OnlineBoutique,productcatalogservice,mem,2,app,chi_cpu,BARO,10,1,tai nguyen
OnlineBoutique,productcatalogservice,mem,2,app,chi_cpu,MEANSHIFT,10,1,tai nguyen
OnlineBoutique,productcatalogservice,mem,2,app,chi_cpu,KHONG-DOC,10,8,tai nguyen
OnlineBoutique,productcatalogservice,mem,2,app,chi_latency,BARO,10,2,tai nguyen
OnlineBoutique,productcatalogservice,mem,2,app,chi_latency,MEANSHIFT,10,2,tai nguyen
OnlineBoutique,productcatalogservice,mem,2,app,chi_latency,KHONG-DOC,10,8,tai nguyen
OnlineBoutique,productcatalogservice,mem,2,app,chi_workload,BARO,11,6,tai nguyen
OnlineBoutique,productcatalogservice,mem,2,app,chi_workload,MEANSHIFT,11,7,tai nguyen
OnlineBoutique,productcatalogservice,mem,2,app,chi_workload,KHONG-DOC,11,9,tai nguyen
OnlineBoutique,productcatalogservice,mem,2,app,moi_cot,BARO,11,1,tai nguyen
OnlineBoutique,productcatalogservice,mem,2,app,moi_cot,MEANSHIFT,11,1,tai nguyen
OnlineBoutique,productcatalogservice,mem,2,app,moi_cot,KHONG-DOC,11,9,tai nguyen
OnlineBoutique,productcatalogservice,mem,2,all,chi_cpu,BARO,11,1,tai nguyen
OnlineBoutique,productcatalogservice,mem,2,all,chi_cpu,MEANSHIFT,11,1,tai nguyen
OnlineBoutique,productcatalogservice,mem,2,all,chi_cpu,KHONG-DOC,11,8,tai nguyen
OnlineBoutique,productcatalogservice,mem,2,all,chi_latency,BARO,10,2,tai nguyen
OnlineBoutique,productcatalogservice,mem,2,all,chi_latency,MEANSHIFT,10,2,tai nguyen
OnlineBoutique,productcatalogservice,mem,2,all,chi_latency,KHONG-DOC,10,8,tai nguyen
OnlineBoutique,productcatalogservice,mem,2,all,chi_workload,BARO,11,6,tai nguyen
OnlineBoutique,productcatalogservice,mem,2,all,chi_workload,MEANSHIFT,11,7,tai nguyen
OnlineBoutique,productcatalogservice,mem,2,all,chi_workload,KHONG-DOC,11,9,tai nguyen
OnlineBoutique,productcatalogservice,mem,2,all,moi_cot,BARO,12,1,tai nguyen
OnlineBoutique,productcatalogservice,mem,2,all,moi_cot,MEANSHIFT,12,1,tai nguyen
OnlineBoutique,productcatalogservice,mem,2,all,moi_cot,KHONG-DOC,12,9,tai nguyen
OnlineBoutique,productcatalogservice,mem,3,fault5,chi_cpu,BARO,5,1,tai nguyen
OnlineBoutique,productcatalogservice,mem,3,fault5,chi_cpu,MEANSHIFT,5,1,tai nguyen
OnlineBoutique,productcatalogservice,mem,3,fault5,chi_cpu,KHONG-DOC,5,4,tai nguyen
OnlineBoutique,productcatalogservice,mem,3,fault5,chi_latency,BARO,5,2,tai nguyen
OnlineBoutique,productcatalogservice,mem,3,fault5,chi_latency,MEANSHIFT,5,2,tai nguyen
OnlineBoutique,productcatalogservice,mem,3,fault5,chi_latency,KHONG-DOC,5,4,tai nguyen
OnlineBoutique,productcatalogservice,mem,3,fault5,chi_workload,BARO,5,3,tai nguyen
OnlineBoutique,productcatalogservice,mem,3,fault5,chi_workload,MEANSHIFT,5,2,tai nguyen
OnlineBoutique,productcatalogservice,mem,3,fault5,chi_workload,KHONG-DOC,5,4,tai nguyen
OnlineBoutique,productcatalogservice,mem,3,fault5,moi_cot,BARO,5,1,tai nguyen
OnlineBoutique,productcatalogservice,mem,3,fault5,moi_cot,MEANSHIFT,5,2,tai nguyen
OnlineBoutique,productcatalogservice,mem,3,fault5,moi_cot,KHONG-DOC,5,4,tai nguyen
OnlineBoutique,productcatalogservice,mem,3,app,chi_cpu,BARO,10,1,tai nguyen
OnlineBoutique,productcatalogservice,mem,3,app,chi_cpu,MEANSHIFT,10,1,tai nguyen
OnlineBoutique,productcatalogservice,mem,3,app,chi_cpu,KHONG-DOC,10,8,tai nguyen
OnlineBoutique,productcatalogservice,mem,3,app,chi_latency,BARO,10,2,tai nguyen
OnlineBoutique,productcatalogservice,mem,3,app,chi_latency,MEANSHIFT,10,2,tai nguyen
OnlineBoutique,productcatalogservice,mem,3,app,chi_latency,KHONG-DOC,10,8,tai nguyen
OnlineBoutique,productcatalogservice,mem,3,app,chi_workload,BARO,11,6,tai nguyen
OnlineBoutique,productcatalogservice,mem,3,app,chi_workload,MEANSHIFT,11,6,tai nguyen
OnlineBoutique,productcatalogservice,mem,3,app,chi_workload,KHONG-DOC,11,9,tai nguyen
OnlineBoutique,productcatalogservice,mem,3,app,moi_cot,BARO,11,1,tai nguyen
OnlineBoutique,productcatalogservice,mem,3,app,moi_cot,MEANSHIFT,11,2,tai nguyen
OnlineBoutique,productcatalogservice,mem,3,app,moi_cot,KHONG-DOC,11,9,tai nguyen
OnlineBoutique,productcatalogservice,mem,3,all,chi_cpu,BARO,11,1,tai nguyen
OnlineBoutique,productcatalogservice,mem,3,all,chi_cpu,MEANSHIFT,11,1,tai nguyen
OnlineBoutique,productcatalogservice,mem,3,all,chi_cpu,KHONG-DOC,11,8,tai nguyen
OnlineBoutique,productcatalogservice,mem,3,all,chi_latency,BARO,10,2,tai nguyen
OnlineBoutique,productcatalogservice,mem,3,all,chi_latency,MEANSHIFT,10,2,tai nguyen
OnlineBoutique,productcatalogservice,mem,3,all,chi_latency,KHONG-DOC,10,8,tai nguyen
OnlineBoutique,productcatalogservice,mem,3,all,chi_workload,BARO,11,6,tai nguyen
OnlineBoutique,productcatalogservice,mem,3,all,chi_workload,MEANSHIFT,11,6,tai nguyen
OnlineBoutique,productcatalogservice,mem,3,all,chi_workload,KHONG-DOC,11,9,tai nguyen
OnlineBoutique,productcatalogservice,mem,3,all,moi_cot,BARO,12,2,tai nguyen
OnlineBoutique,productcatalogservice,mem,3,all,moi_cot,MEANSHIFT,12,2,tai nguyen
OnlineBoutique,productcatalogservice,mem,3,all,moi_cot,KHONG-DOC,12,9,tai nguyen
OnlineBoutique,productcatalogservice,socket,1,fault5,chi_cpu,BARO,5,1,tai nguyen
OnlineBoutique,productcatalogservice,socket,1,fault5,chi_cpu,MEANSHIFT,5,1,tai nguyen
OnlineBoutique,productcatalogservice,socket,1,fault5,chi_cpu,KHONG-DOC,5,4,tai nguyen
OnlineBoutique,productcatalogservice,socket,1,fault5,chi_latency,BARO,5,2,tai nguyen
OnlineBoutique,productcatalogservice,socket,1,fault5,chi_latency,MEANSHIFT,5,2,tai nguyen
OnlineBoutique,productcatalogservice,socket,1,fault5,chi_latency,KHONG-DOC,5,4,tai nguyen
OnlineBoutique,productcatalogservice,socket,1,fault5,chi_workload,BARO,5,2,tai nguyen
OnlineBoutique,productcatalogservice,socket,1,fault5,chi_workload,MEANSHIFT,5,2,tai nguyen
OnlineBoutique,productcatalogservice,socket,1,fault5,chi_workload,KHONG-DOC,5,4,tai nguyen
OnlineBoutique,productcatalogservice,socket,1,fault5,moi_cot,BARO,5,1,tai nguyen
OnlineBoutique,productcatalogservice,socket,1,fault5,moi_cot,MEANSHIFT,5,1,tai nguyen
OnlineBoutique,productcatalogservice,socket,1,fault5,moi_cot,KHONG-DOC,5,4,tai nguyen
OnlineBoutique,productcatalogservice,socket,1,app,chi_cpu,BARO,10,1,tai nguyen
OnlineBoutique,productcatalogservice,socket,1,app,chi_cpu,MEANSHIFT,10,1,tai nguyen
OnlineBoutique,productcatalogservice,socket,1,app,chi_cpu,KHONG-DOC,10,8,tai nguyen
OnlineBoutique,productcatalogservice,socket,1,app,chi_latency,BARO,10,2,tai nguyen
OnlineBoutique,productcatalogservice,socket,1,app,chi_latency,MEANSHIFT,10,2,tai nguyen
OnlineBoutique,productcatalogservice,socket,1,app,chi_latency,KHONG-DOC,10,8,tai nguyen
OnlineBoutique,productcatalogservice,socket,1,app,chi_workload,BARO,11,3,tai nguyen
OnlineBoutique,productcatalogservice,socket,1,app,chi_workload,MEANSHIFT,11,3,tai nguyen
OnlineBoutique,productcatalogservice,socket,1,app,chi_workload,KHONG-DOC,11,9,tai nguyen
OnlineBoutique,productcatalogservice,socket,1,app,moi_cot,BARO,11,1,tai nguyen
OnlineBoutique,productcatalogservice,socket,1,app,moi_cot,MEANSHIFT,11,1,tai nguyen
OnlineBoutique,productcatalogservice,socket,1,app,moi_cot,KHONG-DOC,11,9,tai nguyen
OnlineBoutique,productcatalogservice,socket,1,all,chi_cpu,BARO,11,1,tai nguyen
OnlineBoutique,productcatalogservice,socket,1,all,chi_cpu,MEANSHIFT,11,1,tai nguyen
OnlineBoutique,productcatalogservice,socket,1,all,chi_cpu,KHONG-DOC,11,8,tai nguyen
OnlineBoutique,productcatalogservice,socket,1,all,chi_latency,BARO,10,2,tai nguyen
OnlineBoutique,productcatalogservice,socket,1,all,chi_latency,MEANSHIFT,10,2,tai nguyen
OnlineBoutique,productcatalogservice,socket,1,all,chi_latency,KHONG-DOC,10,8,tai nguyen
OnlineBoutique,productcatalogservice,socket,1,all,chi_workload,BARO,11,3,tai nguyen
OnlineBoutique,productcatalogservice,socket,1,all,chi_workload,MEANSHIFT,11,3,tai nguyen
OnlineBoutique,productcatalogservice,socket,1,all,chi_workload,KHONG-DOC,11,9,tai nguyen
OnlineBoutique,productcatalogservice,socket,1,all,moi_cot,BARO,12,2,tai nguyen
OnlineBoutique,productcatalogservice,socket,1,all,moi_cot,MEANSHIFT,12,1,tai nguyen
OnlineBoutique,productcatalogservice,socket,1,all,moi_cot,KHONG-DOC,12,9,tai nguyen
OnlineBoutique,productcatalogservice,socket,2,fault5,chi_cpu,BARO,5,1,tai nguyen
OnlineBoutique,productcatalogservice,socket,2,fault5,chi_cpu,MEANSHIFT,5,1,tai nguyen
OnlineBoutique,productcatalogservice,socket,2,fault5,chi_cpu,KHONG-DOC,5,4,tai nguyen
OnlineBoutique,productcatalogservice,socket,2,fault5,chi_latency,BARO,5,2,tai nguyen
OnlineBoutique,productcatalogservice,socket,2,fault5,chi_latency,MEANSHIFT,5,2,tai nguyen
OnlineBoutique,productcatalogservice,socket,2,fault5,chi_latency,KHONG-DOC,5,4,tai nguyen
OnlineBoutique,productcatalogservice,socket,2,fault5,chi_workload,BARO,5,4,tai nguyen
OnlineBoutique,productcatalogservice,socket,2,fault5,chi_workload,MEANSHIFT,5,5,tai nguyen
OnlineBoutique,productcatalogservice,socket,2,fault5,chi_workload,KHONG-DOC,5,4,tai nguyen
OnlineBoutique,productcatalogservice,socket,2,fault5,moi_cot,BARO,5,1,tai nguyen
OnlineBoutique,productcatalogservice,socket,2,fault5,moi_cot,MEANSHIFT,5,1,tai nguyen
OnlineBoutique,productcatalogservice,socket,2,fault5,moi_cot,KHONG-DOC,5,4,tai nguyen
OnlineBoutique,productcatalogservice,socket,2,app,chi_cpu,BARO,10,1,tai nguyen
OnlineBoutique,productcatalogservice,socket,2,app,chi_cpu,MEANSHIFT,10,1,tai nguyen
OnlineBoutique,productcatalogservice,socket,2,app,chi_cpu,KHONG-DOC,10,8,tai nguyen
OnlineBoutique,productcatalogservice,socket,2,app,chi_latency,BARO,10,3,tai nguyen
OnlineBoutique,productcatalogservice,socket,2,app,chi_latency,MEANSHIFT,10,3,tai nguyen
OnlineBoutique,productcatalogservice,socket,2,app,chi_latency,KHONG-DOC,10,8,tai nguyen
OnlineBoutique,productcatalogservice,socket,2,app,chi_workload,BARO,11,10,tai nguyen
OnlineBoutique,productcatalogservice,socket,2,app,chi_workload,MEANSHIFT,11,10,tai nguyen
OnlineBoutique,productcatalogservice,socket,2,app,chi_workload,KHONG-DOC,11,9,tai nguyen
OnlineBoutique,productcatalogservice,socket,2,app,moi_cot,BARO,11,1,tai nguyen
OnlineBoutique,productcatalogservice,socket,2,app,moi_cot,MEANSHIFT,11,1,tai nguyen
OnlineBoutique,productcatalogservice,socket,2,app,moi_cot,KHONG-DOC,11,9,tai nguyen
OnlineBoutique,productcatalogservice,socket,2,all,chi_cpu,BARO,11,1,tai nguyen
OnlineBoutique,productcatalogservice,socket,2,all,chi_cpu,MEANSHIFT,11,1,tai nguyen
OnlineBoutique,productcatalogservice,socket,2,all,chi_cpu,KHONG-DOC,11,8,tai nguyen
OnlineBoutique,productcatalogservice,socket,2,all,chi_latency,BARO,10,3,tai nguyen
OnlineBoutique,productcatalogservice,socket,2,all,chi_latency,MEANSHIFT,10,3,tai nguyen
OnlineBoutique,productcatalogservice,socket,2,all,chi_latency,KHONG-DOC,10,8,tai nguyen
OnlineBoutique,productcatalogservice,socket,2,all,chi_workload,BARO,11,10,tai nguyen
OnlineBoutique,productcatalogservice,socket,2,all,chi_workload,MEANSHIFT,11,10,tai nguyen
OnlineBoutique,productcatalogservice,socket,2,all,chi_workload,KHONG-DOC,11,9,tai nguyen
OnlineBoutique,productcatalogservice,socket,2,all,moi_cot,BARO,12,2,tai nguyen
OnlineBoutique,productcatalogservice,socket,2,all,moi_cot,MEANSHIFT,12,1,tai nguyen
OnlineBoutique,productcatalogservice,socket,2,all,moi_cot,KHONG-DOC,12,9,tai nguyen
OnlineBoutique,productcatalogservice,socket,3,fault5,chi_cpu,BARO,5,1,tai nguyen
OnlineBoutique,productcatalogservice,socket,3,fault5,chi_cpu,MEANSHIFT,5,1,tai nguyen
OnlineBoutique,productcatalogservice,socket,3,fault5,chi_cpu,KHONG-DOC,5,4,tai nguyen
OnlineBoutique,productcatalogservice,socket,3,fault5,chi_latency,BARO,5,2,tai nguyen
OnlineBoutique,productcatalogservice,socket,3,fault5,chi_latency,MEANSHIFT,5,2,tai nguyen
OnlineBoutique,productcatalogservice,socket,3,fault5,chi_latency,KHONG-DOC,5,4,tai nguyen
OnlineBoutique,productcatalogservice,socket,3,fault5,chi_workload,BARO,5,5,tai nguyen
OnlineBoutique,productcatalogservice,socket,3,fault5,chi_workload,MEANSHIFT,5,3,tai nguyen
OnlineBoutique,productcatalogservice,socket,3,fault5,chi_workload,KHONG-DOC,5,4,tai nguyen
OnlineBoutique,productcatalogservice,socket,3,fault5,moi_cot,BARO,5,1,tai nguyen
OnlineBoutique,productcatalogservice,socket,3,fault5,moi_cot,MEANSHIFT,5,1,tai nguyen
OnlineBoutique,productcatalogservice,socket,3,fault5,moi_cot,KHONG-DOC,5,4,tai nguyen
OnlineBoutique,productcatalogservice,socket,3,app,chi_cpu,BARO,10,1,tai nguyen
OnlineBoutique,productcatalogservice,socket,3,app,chi_cpu,MEANSHIFT,10,1,tai nguyen
OnlineBoutique,productcatalogservice,socket,3,app,chi_cpu,KHONG-DOC,10,8,tai nguyen
OnlineBoutique,productcatalogservice,socket,3,app,chi_latency,BARO,10,3,tai nguyen
OnlineBoutique,productcatalogservice,socket,3,app,chi_latency,MEANSHIFT,10,3,tai nguyen
OnlineBoutique,productcatalogservice,socket,3,app,chi_latency,KHONG-DOC,10,8,tai nguyen
OnlineBoutique,productcatalogservice,socket,3,app,chi_workload,BARO,11,8,tai nguyen
OnlineBoutique,productcatalogservice,socket,3,app,chi_workload,MEANSHIFT,11,8,tai nguyen
OnlineBoutique,productcatalogservice,socket,3,app,chi_workload,KHONG-DOC,11,9,tai nguyen
OnlineBoutique,productcatalogservice,socket,3,app,moi_cot,BARO,11,1,tai nguyen
OnlineBoutique,productcatalogservice,socket,3,app,moi_cot,MEANSHIFT,11,1,tai nguyen
OnlineBoutique,productcatalogservice,socket,3,app,moi_cot,KHONG-DOC,11,9,tai nguyen
OnlineBoutique,productcatalogservice,socket,3,all,chi_cpu,BARO,11,1,tai nguyen
OnlineBoutique,productcatalogservice,socket,3,all,chi_cpu,MEANSHIFT,11,1,tai nguyen
OnlineBoutique,productcatalogservice,socket,3,all,chi_cpu,KHONG-DOC,11,8,tai nguyen
OnlineBoutique,productcatalogservice,socket,3,all,chi_latency,BARO,10,3,tai nguyen
OnlineBoutique,productcatalogservice,socket,3,all,chi_latency,MEANSHIFT,10,3,tai nguyen
OnlineBoutique,productcatalogservice,socket,3,all,chi_latency,KHONG-DOC,10,8,tai nguyen
OnlineBoutique,productcatalogservice,socket,3,all,chi_workload,BARO,11,8,tai nguyen
OnlineBoutique,productcatalogservice,socket,3,all,chi_workload,MEANSHIFT,11,8,tai nguyen
OnlineBoutique,productcatalogservice,socket,3,all,chi_workload,KHONG-DOC,11,9,tai nguyen
OnlineBoutique,productcatalogservice,socket,3,all,moi_cot,BARO,12,2,tai nguyen
OnlineBoutique,productcatalogservice,socket,3,all,moi_cot,MEANSHIFT,12,1,tai nguyen
OnlineBoutique,productcatalogservice,socket,3,all,moi_cot,KHONG-DOC,12,9,tai nguyen
OnlineBoutique,recommendationservice,cpu,1,fault5,chi_cpu,BARO,5,1,tai nguyen
OnlineBoutique,recommendationservice,cpu,1,fault5,chi_cpu,MEANSHIFT,5,1,tai nguyen
OnlineBoutique,recommendationservice,cpu,1,fault5,chi_cpu,KHONG-DOC,5,5,tai nguyen
OnlineBoutique,recommendationservice,cpu,1,fault5,chi_latency,BARO,5,1,tai nguyen
OnlineBoutique,recommendationservice,cpu,1,fault5,chi_latency,MEANSHIFT,5,1,tai nguyen
OnlineBoutique,recommendationservice,cpu,1,fault5,chi_latency,KHONG-DOC,5,5,tai nguyen
OnlineBoutique,recommendationservice,cpu,1,fault5,chi_workload,BARO,5,4,tai nguyen
OnlineBoutique,recommendationservice,cpu,1,fault5,chi_workload,MEANSHIFT,5,5,tai nguyen
OnlineBoutique,recommendationservice,cpu,1,fault5,chi_workload,KHONG-DOC,5,5,tai nguyen
OnlineBoutique,recommendationservice,cpu,1,fault5,moi_cot,BARO,5,1,tai nguyen
OnlineBoutique,recommendationservice,cpu,1,fault5,moi_cot,MEANSHIFT,5,1,tai nguyen
OnlineBoutique,recommendationservice,cpu,1,fault5,moi_cot,KHONG-DOC,5,5,tai nguyen
OnlineBoutique,recommendationservice,cpu,1,app,chi_cpu,BARO,10,1,tai nguyen
OnlineBoutique,recommendationservice,cpu,1,app,chi_cpu,MEANSHIFT,10,1,tai nguyen
OnlineBoutique,recommendationservice,cpu,1,app,chi_cpu,KHONG-DOC,10,9,tai nguyen
OnlineBoutique,recommendationservice,cpu,1,app,chi_latency,BARO,10,1,tai nguyen
OnlineBoutique,recommendationservice,cpu,1,app,chi_latency,MEANSHIFT,10,1,tai nguyen
OnlineBoutique,recommendationservice,cpu,1,app,chi_latency,KHONG-DOC,10,9,tai nguyen
OnlineBoutique,recommendationservice,cpu,1,app,chi_workload,BARO,11,5,tai nguyen
OnlineBoutique,recommendationservice,cpu,1,app,chi_workload,MEANSHIFT,11,10,tai nguyen
OnlineBoutique,recommendationservice,cpu,1,app,chi_workload,KHONG-DOC,11,10,tai nguyen
OnlineBoutique,recommendationservice,cpu,1,app,moi_cot,BARO,11,1,tai nguyen
OnlineBoutique,recommendationservice,cpu,1,app,moi_cot,MEANSHIFT,11,1,tai nguyen
OnlineBoutique,recommendationservice,cpu,1,app,moi_cot,KHONG-DOC,11,10,tai nguyen
OnlineBoutique,recommendationservice,cpu,1,all,chi_cpu,BARO,11,1,tai nguyen
OnlineBoutique,recommendationservice,cpu,1,all,chi_cpu,MEANSHIFT,11,1,tai nguyen
OnlineBoutique,recommendationservice,cpu,1,all,chi_cpu,KHONG-DOC,11,9,tai nguyen
OnlineBoutique,recommendationservice,cpu,1,all,chi_latency,BARO,10,1,tai nguyen
OnlineBoutique,recommendationservice,cpu,1,all,chi_latency,MEANSHIFT,10,1,tai nguyen
OnlineBoutique,recommendationservice,cpu,1,all,chi_latency,KHONG-DOC,10,9,tai nguyen
OnlineBoutique,recommendationservice,cpu,1,all,chi_workload,BARO,11,5,tai nguyen
OnlineBoutique,recommendationservice,cpu,1,all,chi_workload,MEANSHIFT,11,10,tai nguyen
OnlineBoutique,recommendationservice,cpu,1,all,chi_workload,KHONG-DOC,11,10,tai nguyen
OnlineBoutique,recommendationservice,cpu,1,all,moi_cot,BARO,12,2,tai nguyen
OnlineBoutique,recommendationservice,cpu,1,all,moi_cot,MEANSHIFT,12,1,tai nguyen
OnlineBoutique,recommendationservice,cpu,1,all,moi_cot,KHONG-DOC,12,10,tai nguyen
OnlineBoutique,recommendationservice,cpu,2,fault5,chi_cpu,BARO,5,1,tai nguyen
OnlineBoutique,recommendationservice,cpu,2,fault5,chi_cpu,MEANSHIFT,5,1,tai nguyen
OnlineBoutique,recommendationservice,cpu,2,fault5,chi_cpu,KHONG-DOC,5,5,tai nguyen
OnlineBoutique,recommendationservice,cpu,2,fault5,chi_latency,BARO,5,1,tai nguyen
OnlineBoutique,recommendationservice,cpu,2,fault5,chi_latency,MEANSHIFT,5,1,tai nguyen
OnlineBoutique,recommendationservice,cpu,2,fault5,chi_latency,KHONG-DOC,5,5,tai nguyen
OnlineBoutique,recommendationservice,cpu,2,fault5,chi_workload,BARO,5,3,tai nguyen
OnlineBoutique,recommendationservice,cpu,2,fault5,chi_workload,MEANSHIFT,5,2,tai nguyen
OnlineBoutique,recommendationservice,cpu,2,fault5,chi_workload,KHONG-DOC,5,5,tai nguyen
OnlineBoutique,recommendationservice,cpu,2,fault5,moi_cot,BARO,5,2,tai nguyen
OnlineBoutique,recommendationservice,cpu,2,fault5,moi_cot,MEANSHIFT,5,1,tai nguyen
OnlineBoutique,recommendationservice,cpu,2,fault5,moi_cot,KHONG-DOC,5,5,tai nguyen
OnlineBoutique,recommendationservice,cpu,2,app,chi_cpu,BARO,10,1,tai nguyen
OnlineBoutique,recommendationservice,cpu,2,app,chi_cpu,MEANSHIFT,10,1,tai nguyen
OnlineBoutique,recommendationservice,cpu,2,app,chi_cpu,KHONG-DOC,10,9,tai nguyen
OnlineBoutique,recommendationservice,cpu,2,app,chi_latency,BARO,10,1,tai nguyen
OnlineBoutique,recommendationservice,cpu,2,app,chi_latency,MEANSHIFT,10,1,tai nguyen
OnlineBoutique,recommendationservice,cpu,2,app,chi_latency,KHONG-DOC,10,9,tai nguyen
OnlineBoutique,recommendationservice,cpu,2,app,chi_workload,BARO,11,6,tai nguyen
OnlineBoutique,recommendationservice,cpu,2,app,chi_workload,MEANSHIFT,11,2,tai nguyen
OnlineBoutique,recommendationservice,cpu,2,app,chi_workload,KHONG-DOC,11,10,tai nguyen
OnlineBoutique,recommendationservice,cpu,2,app,moi_cot,BARO,11,2,tai nguyen
OnlineBoutique,recommendationservice,cpu,2,app,moi_cot,MEANSHIFT,11,1,tai nguyen
OnlineBoutique,recommendationservice,cpu,2,app,moi_cot,KHONG-DOC,11,10,tai nguyen
OnlineBoutique,recommendationservice,cpu,2,all,chi_cpu,BARO,11,1,tai nguyen
OnlineBoutique,recommendationservice,cpu,2,all,chi_cpu,MEANSHIFT,11,1,tai nguyen
OnlineBoutique,recommendationservice,cpu,2,all,chi_cpu,KHONG-DOC,11,9,tai nguyen
OnlineBoutique,recommendationservice,cpu,2,all,chi_latency,BARO,10,1,tai nguyen
OnlineBoutique,recommendationservice,cpu,2,all,chi_latency,MEANSHIFT,10,1,tai nguyen
OnlineBoutique,recommendationservice,cpu,2,all,chi_latency,KHONG-DOC,10,9,tai nguyen
OnlineBoutique,recommendationservice,cpu,2,all,chi_workload,BARO,11,6,tai nguyen
OnlineBoutique,recommendationservice,cpu,2,all,chi_workload,MEANSHIFT,11,2,tai nguyen
OnlineBoutique,recommendationservice,cpu,2,all,chi_workload,KHONG-DOC,11,10,tai nguyen
OnlineBoutique,recommendationservice,cpu,2,all,moi_cot,BARO,12,3,tai nguyen
OnlineBoutique,recommendationservice,cpu,2,all,moi_cot,MEANSHIFT,12,1,tai nguyen
OnlineBoutique,recommendationservice,cpu,2,all,moi_cot,KHONG-DOC,12,10,tai nguyen
OnlineBoutique,recommendationservice,cpu,3,fault5,chi_cpu,BARO,5,1,tai nguyen
OnlineBoutique,recommendationservice,cpu,3,fault5,chi_cpu,MEANSHIFT,5,1,tai nguyen
OnlineBoutique,recommendationservice,cpu,3,fault5,chi_cpu,KHONG-DOC,5,5,tai nguyen
OnlineBoutique,recommendationservice,cpu,3,fault5,chi_latency,BARO,5,1,tai nguyen
OnlineBoutique,recommendationservice,cpu,3,fault5,chi_latency,MEANSHIFT,5,1,tai nguyen
OnlineBoutique,recommendationservice,cpu,3,fault5,chi_latency,KHONG-DOC,5,5,tai nguyen
OnlineBoutique,recommendationservice,cpu,3,fault5,chi_workload,BARO,5,3,tai nguyen
OnlineBoutique,recommendationservice,cpu,3,fault5,chi_workload,MEANSHIFT,5,1,tai nguyen
OnlineBoutique,recommendationservice,cpu,3,fault5,chi_workload,KHONG-DOC,5,5,tai nguyen
OnlineBoutique,recommendationservice,cpu,3,fault5,moi_cot,BARO,5,1,tai nguyen
OnlineBoutique,recommendationservice,cpu,3,fault5,moi_cot,MEANSHIFT,5,1,tai nguyen
OnlineBoutique,recommendationservice,cpu,3,fault5,moi_cot,KHONG-DOC,5,5,tai nguyen
OnlineBoutique,recommendationservice,cpu,3,app,chi_cpu,BARO,10,1,tai nguyen
OnlineBoutique,recommendationservice,cpu,3,app,chi_cpu,MEANSHIFT,10,1,tai nguyen
OnlineBoutique,recommendationservice,cpu,3,app,chi_cpu,KHONG-DOC,10,9,tai nguyen
OnlineBoutique,recommendationservice,cpu,3,app,chi_latency,BARO,10,1,tai nguyen
OnlineBoutique,recommendationservice,cpu,3,app,chi_latency,MEANSHIFT,10,1,tai nguyen
OnlineBoutique,recommendationservice,cpu,3,app,chi_latency,KHONG-DOC,10,9,tai nguyen
OnlineBoutique,recommendationservice,cpu,3,app,chi_workload,BARO,11,5,tai nguyen
OnlineBoutique,recommendationservice,cpu,3,app,chi_workload,MEANSHIFT,11,3,tai nguyen
OnlineBoutique,recommendationservice,cpu,3,app,chi_workload,KHONG-DOC,11,10,tai nguyen
OnlineBoutique,recommendationservice,cpu,3,app,moi_cot,BARO,11,1,tai nguyen
OnlineBoutique,recommendationservice,cpu,3,app,moi_cot,MEANSHIFT,11,1,tai nguyen
OnlineBoutique,recommendationservice,cpu,3,app,moi_cot,KHONG-DOC,11,10,tai nguyen
OnlineBoutique,recommendationservice,cpu,3,all,chi_cpu,BARO,11,1,tai nguyen
OnlineBoutique,recommendationservice,cpu,3,all,chi_cpu,MEANSHIFT,11,1,tai nguyen
OnlineBoutique,recommendationservice,cpu,3,all,chi_cpu,KHONG-DOC,11,9,tai nguyen
OnlineBoutique,recommendationservice,cpu,3,all,chi_latency,BARO,10,1,tai nguyen
OnlineBoutique,recommendationservice,cpu,3,all,chi_latency,MEANSHIFT,10,1,tai nguyen
OnlineBoutique,recommendationservice,cpu,3,all,chi_latency,KHONG-DOC,10,9,tai nguyen
OnlineBoutique,recommendationservice,cpu,3,all,chi_workload,BARO,11,5,tai nguyen
OnlineBoutique,recommendationservice,cpu,3,all,chi_workload,MEANSHIFT,11,3,tai nguyen
OnlineBoutique,recommendationservice,cpu,3,all,chi_workload,KHONG-DOC,11,10,tai nguyen
OnlineBoutique,recommendationservice,cpu,3,all,moi_cot,BARO,12,2,tai nguyen
OnlineBoutique,recommendationservice,cpu,3,all,moi_cot,MEANSHIFT,12,1,tai nguyen
OnlineBoutique,recommendationservice,cpu,3,all,moi_cot,KHONG-DOC,12,10,tai nguyen
OnlineBoutique,recommendationservice,delay,1,fault5,chi_cpu,BARO,5,4,mang
OnlineBoutique,recommendationservice,delay,1,fault5,chi_cpu,MEANSHIFT,5,1,mang
OnlineBoutique,recommendationservice,delay,1,fault5,chi_cpu,KHONG-DOC,5,5,mang
OnlineBoutique,recommendationservice,delay,1,fault5,chi_latency,BARO,5,1,mang
OnlineBoutique,recommendationservice,delay,1,fault5,chi_latency,MEANSHIFT,5,1,mang
OnlineBoutique,recommendationservice,delay,1,fault5,chi_latency,KHONG-DOC,5,5,mang
OnlineBoutique,recommendationservice,delay,1,fault5,chi_workload,BARO,5,4,mang
OnlineBoutique,recommendationservice,delay,1,fault5,chi_workload,MEANSHIFT,5,2,mang
OnlineBoutique,recommendationservice,delay,1,fault5,chi_workload,KHONG-DOC,5,5,mang
OnlineBoutique,recommendationservice,delay,1,fault5,moi_cot,BARO,5,1,mang
OnlineBoutique,recommendationservice,delay,1,fault5,moi_cot,MEANSHIFT,5,1,mang
OnlineBoutique,recommendationservice,delay,1,fault5,moi_cot,KHONG-DOC,5,5,mang
OnlineBoutique,recommendationservice,delay,1,app,chi_cpu,BARO,10,5,mang
OnlineBoutique,recommendationservice,delay,1,app,chi_cpu,MEANSHIFT,10,2,mang
OnlineBoutique,recommendationservice,delay,1,app,chi_cpu,KHONG-DOC,10,9,mang
OnlineBoutique,recommendationservice,delay,1,app,chi_latency,BARO,10,1,mang
OnlineBoutique,recommendationservice,delay,1,app,chi_latency,MEANSHIFT,10,1,mang
OnlineBoutique,recommendationservice,delay,1,app,chi_latency,KHONG-DOC,10,9,mang
OnlineBoutique,recommendationservice,delay,1,app,chi_workload,BARO,11,8,mang
OnlineBoutique,recommendationservice,delay,1,app,chi_workload,MEANSHIFT,11,4,mang
OnlineBoutique,recommendationservice,delay,1,app,chi_workload,KHONG-DOC,11,10,mang
OnlineBoutique,recommendationservice,delay,1,app,moi_cot,BARO,11,1,mang
OnlineBoutique,recommendationservice,delay,1,app,moi_cot,MEANSHIFT,11,1,mang
OnlineBoutique,recommendationservice,delay,1,app,moi_cot,KHONG-DOC,11,10,mang
OnlineBoutique,recommendationservice,delay,1,all,chi_cpu,BARO,11,6,mang
OnlineBoutique,recommendationservice,delay,1,all,chi_cpu,MEANSHIFT,11,2,mang
OnlineBoutique,recommendationservice,delay,1,all,chi_cpu,KHONG-DOC,11,9,mang
OnlineBoutique,recommendationservice,delay,1,all,chi_latency,BARO,10,1,mang
OnlineBoutique,recommendationservice,delay,1,all,chi_latency,MEANSHIFT,10,1,mang
OnlineBoutique,recommendationservice,delay,1,all,chi_latency,KHONG-DOC,10,9,mang
OnlineBoutique,recommendationservice,delay,1,all,chi_workload,BARO,11,8,mang
OnlineBoutique,recommendationservice,delay,1,all,chi_workload,MEANSHIFT,11,4,mang
OnlineBoutique,recommendationservice,delay,1,all,chi_workload,KHONG-DOC,11,10,mang
OnlineBoutique,recommendationservice,delay,1,all,moi_cot,BARO,12,2,mang
OnlineBoutique,recommendationservice,delay,1,all,moi_cot,MEANSHIFT,12,1,mang
OnlineBoutique,recommendationservice,delay,1,all,moi_cot,KHONG-DOC,12,10,mang
OnlineBoutique,recommendationservice,delay,2,fault5,chi_cpu,BARO,5,4,mang
OnlineBoutique,recommendationservice,delay,2,fault5,chi_cpu,MEANSHIFT,5,3,mang
OnlineBoutique,recommendationservice,delay,2,fault5,chi_cpu,KHONG-DOC,5,5,mang
OnlineBoutique,recommendationservice,delay,2,fault5,chi_latency,BARO,5,1,mang
OnlineBoutique,recommendationservice,delay,2,fault5,chi_latency,MEANSHIFT,5,1,mang
OnlineBoutique,recommendationservice,delay,2,fault5,chi_latency,KHONG-DOC,5,5,mang
OnlineBoutique,recommendationservice,delay,2,fault5,chi_workload,BARO,5,5,mang
OnlineBoutique,recommendationservice,delay,2,fault5,chi_workload,MEANSHIFT,5,1,mang
OnlineBoutique,recommendationservice,delay,2,fault5,chi_workload,KHONG-DOC,5,5,mang
OnlineBoutique,recommendationservice,delay,2,fault5,moi_cot,BARO,5,1,mang
OnlineBoutique,recommendationservice,delay,2,fault5,moi_cot,MEANSHIFT,5,1,mang
OnlineBoutique,recommendationservice,delay,2,fault5,moi_cot,KHONG-DOC,5,5,mang
OnlineBoutique,recommendationservice,delay,2,app,chi_cpu,BARO,10,6,mang
OnlineBoutique,recommendationservice,delay,2,app,chi_cpu,MEANSHIFT,10,7,mang
OnlineBoutique,recommendationservice,delay,2,app,chi_cpu,KHONG-DOC,10,9,mang
OnlineBoutique,recommendationservice,delay,2,app,chi_latency,BARO,10,1,mang
OnlineBoutique,recommendationservice,delay,2,app,chi_latency,MEANSHIFT,10,1,mang
OnlineBoutique,recommendationservice,delay,2,app,chi_latency,KHONG-DOC,10,9,mang
OnlineBoutique,recommendationservice,delay,2,app,chi_workload,BARO,11,11,mang
OnlineBoutique,recommendationservice,delay,2,app,chi_workload,MEANSHIFT,11,4,mang
OnlineBoutique,recommendationservice,delay,2,app,chi_workload,KHONG-DOC,11,10,mang
OnlineBoutique,recommendationservice,delay,2,app,moi_cot,BARO,11,1,mang
OnlineBoutique,recommendationservice,delay,2,app,moi_cot,MEANSHIFT,11,1,mang
OnlineBoutique,recommendationservice,delay,2,app,moi_cot,KHONG-DOC,11,10,mang
OnlineBoutique,recommendationservice,delay,2,all,chi_cpu,BARO,11,7,mang
OnlineBoutique,recommendationservice,delay,2,all,chi_cpu,MEANSHIFT,11,7,mang
OnlineBoutique,recommendationservice,delay,2,all,chi_cpu,KHONG-DOC,11,9,mang
OnlineBoutique,recommendationservice,delay,2,all,chi_latency,BARO,10,1,mang
OnlineBoutique,recommendationservice,delay,2,all,chi_latency,MEANSHIFT,10,1,mang
OnlineBoutique,recommendationservice,delay,2,all,chi_latency,KHONG-DOC,10,9,mang
OnlineBoutique,recommendationservice,delay,2,all,chi_workload,BARO,11,11,mang
OnlineBoutique,recommendationservice,delay,2,all,chi_workload,MEANSHIFT,11,4,mang
OnlineBoutique,recommendationservice,delay,2,all,chi_workload,KHONG-DOC,11,10,mang
OnlineBoutique,recommendationservice,delay,2,all,moi_cot,BARO,12,2,mang
OnlineBoutique,recommendationservice,delay,2,all,moi_cot,MEANSHIFT,12,1,mang
OnlineBoutique,recommendationservice,delay,2,all,moi_cot,KHONG-DOC,12,10,mang
OnlineBoutique,recommendationservice,delay,3,fault5,chi_cpu,BARO,5,3,mang
OnlineBoutique,recommendationservice,delay,3,fault5,chi_cpu,MEANSHIFT,5,1,mang
OnlineBoutique,recommendationservice,delay,3,fault5,chi_cpu,KHONG-DOC,5,5,mang
OnlineBoutique,recommendationservice,delay,3,fault5,chi_latency,BARO,5,1,mang
OnlineBoutique,recommendationservice,delay,3,fault5,chi_latency,MEANSHIFT,5,1,mang
OnlineBoutique,recommendationservice,delay,3,fault5,chi_latency,KHONG-DOC,5,5,mang
OnlineBoutique,recommendationservice,delay,3,fault5,chi_workload,BARO,5,2,mang
OnlineBoutique,recommendationservice,delay,3,fault5,chi_workload,MEANSHIFT,5,1,mang
OnlineBoutique,recommendationservice,delay,3,fault5,chi_workload,KHONG-DOC,5,5,mang
OnlineBoutique,recommendationservice,delay,3,fault5,moi_cot,BARO,5,1,mang
OnlineBoutique,recommendationservice,delay,3,fault5,moi_cot,MEANSHIFT,5,1,mang
OnlineBoutique,recommendationservice,delay,3,fault5,moi_cot,KHONG-DOC,5,5,mang
OnlineBoutique,recommendationservice,delay,3,app,chi_cpu,BARO,10,3,mang
OnlineBoutique,recommendationservice,delay,3,app,chi_cpu,MEANSHIFT,10,1,mang
OnlineBoutique,recommendationservice,delay,3,app,chi_cpu,KHONG-DOC,10,9,mang
OnlineBoutique,recommendationservice,delay,3,app,chi_latency,BARO,10,1,mang
OnlineBoutique,recommendationservice,delay,3,app,chi_latency,MEANSHIFT,10,1,mang
OnlineBoutique,recommendationservice,delay,3,app,chi_latency,KHONG-DOC,10,9,mang
OnlineBoutique,recommendationservice,delay,3,app,chi_workload,BARO,11,5,mang
OnlineBoutique,recommendationservice,delay,3,app,chi_workload,MEANSHIFT,11,2,mang
OnlineBoutique,recommendationservice,delay,3,app,chi_workload,KHONG-DOC,11,10,mang
OnlineBoutique,recommendationservice,delay,3,app,moi_cot,BARO,11,1,mang
OnlineBoutique,recommendationservice,delay,3,app,moi_cot,MEANSHIFT,11,1,mang
OnlineBoutique,recommendationservice,delay,3,app,moi_cot,KHONG-DOC,11,10,mang
OnlineBoutique,recommendationservice,delay,3,all,chi_cpu,BARO,11,4,mang
OnlineBoutique,recommendationservice,delay,3,all,chi_cpu,MEANSHIFT,11,1,mang
OnlineBoutique,recommendationservice,delay,3,all,chi_cpu,KHONG-DOC,11,9,mang
OnlineBoutique,recommendationservice,delay,3,all,chi_latency,BARO,10,1,mang
OnlineBoutique,recommendationservice,delay,3,all,chi_latency,MEANSHIFT,10,1,mang
OnlineBoutique,recommendationservice,delay,3,all,chi_latency,KHONG-DOC,10,9,mang
OnlineBoutique,recommendationservice,delay,3,all,chi_workload,BARO,11,5,mang
OnlineBoutique,recommendationservice,delay,3,all,chi_workload,MEANSHIFT,11,2,mang
OnlineBoutique,recommendationservice,delay,3,all,chi_workload,KHONG-DOC,11,10,mang
OnlineBoutique,recommendationservice,delay,3,all,moi_cot,BARO,12,2,mang
OnlineBoutique,recommendationservice,delay,3,all,moi_cot,MEANSHIFT,12,1,mang
OnlineBoutique,recommendationservice,delay,3,all,moi_cot,KHONG-DOC,12,10,mang
OnlineBoutique,recommendationservice,disk,1,fault5,chi_cpu,BARO,5,1,tai nguyen
OnlineBoutique,recommendationservice,disk,1,fault5,chi_cpu,MEANSHIFT,5,1,tai nguyen
OnlineBoutique,recommendationservice,disk,1,fault5,chi_cpu,KHONG-DOC,5,5,tai nguyen
OnlineBoutique,recommendationservice,disk,1,fault5,chi_latency,BARO,5,1,tai nguyen
OnlineBoutique,recommendationservice,disk,1,fault5,chi_latency,MEANSHIFT,5,1,tai nguyen
OnlineBoutique,recommendationservice,disk,1,fault5,chi_latency,KHONG-DOC,5,5,tai nguyen
OnlineBoutique,recommendationservice,disk,1,fault5,chi_workload,BARO,5,5,tai nguyen
OnlineBoutique,recommendationservice,disk,1,fault5,chi_workload,MEANSHIFT,5,4,tai nguyen
OnlineBoutique,recommendationservice,disk,1,fault5,chi_workload,KHONG-DOC,5,5,tai nguyen
OnlineBoutique,recommendationservice,disk,1,fault5,moi_cot,BARO,5,1,tai nguyen
OnlineBoutique,recommendationservice,disk,1,fault5,moi_cot,MEANSHIFT,5,1,tai nguyen
OnlineBoutique,recommendationservice,disk,1,fault5,moi_cot,KHONG-DOC,5,5,tai nguyen
OnlineBoutique,recommendationservice,disk,1,app,chi_cpu,BARO,10,1,tai nguyen
OnlineBoutique,recommendationservice,disk,1,app,chi_cpu,MEANSHIFT,10,1,tai nguyen
OnlineBoutique,recommendationservice,disk,1,app,chi_cpu,KHONG-DOC,10,9,tai nguyen
OnlineBoutique,recommendationservice,disk,1,app,chi_latency,BARO,10,1,tai nguyen
OnlineBoutique,recommendationservice,disk,1,app,chi_latency,MEANSHIFT,10,1,tai nguyen
OnlineBoutique,recommendationservice,disk,1,app,chi_latency,KHONG-DOC,10,9,tai nguyen
OnlineBoutique,recommendationservice,disk,1,app,chi_workload,BARO,11,11,tai nguyen
OnlineBoutique,recommendationservice,disk,1,app,chi_workload,MEANSHIFT,11,9,tai nguyen
OnlineBoutique,recommendationservice,disk,1,app,chi_workload,KHONG-DOC,11,10,tai nguyen
OnlineBoutique,recommendationservice,disk,1,app,moi_cot,BARO,11,1,tai nguyen
OnlineBoutique,recommendationservice,disk,1,app,moi_cot,MEANSHIFT,11,1,tai nguyen
OnlineBoutique,recommendationservice,disk,1,app,moi_cot,KHONG-DOC,11,10,tai nguyen
OnlineBoutique,recommendationservice,disk,1,all,chi_cpu,BARO,11,1,tai nguyen
OnlineBoutique,recommendationservice,disk,1,all,chi_cpu,MEANSHIFT,11,1,tai nguyen
OnlineBoutique,recommendationservice,disk,1,all,chi_cpu,KHONG-DOC,11,9,tai nguyen
OnlineBoutique,recommendationservice,disk,1,all,chi_latency,BARO,10,1,tai nguyen
OnlineBoutique,recommendationservice,disk,1,all,chi_latency,MEANSHIFT,10,1,tai nguyen
OnlineBoutique,recommendationservice,disk,1,all,chi_latency,KHONG-DOC,10,9,tai nguyen
OnlineBoutique,recommendationservice,disk,1,all,chi_workload,BARO,11,11,tai nguyen
OnlineBoutique,recommendationservice,disk,1,all,chi_workload,MEANSHIFT,11,9,tai nguyen
OnlineBoutique,recommendationservice,disk,1,all,chi_workload,KHONG-DOC,11,10,tai nguyen
OnlineBoutique,recommendationservice,disk,1,all,moi_cot,BARO,12,2,tai nguyen
OnlineBoutique,recommendationservice,disk,1,all,moi_cot,MEANSHIFT,12,1,tai nguyen
OnlineBoutique,recommendationservice,disk,1,all,moi_cot,KHONG-DOC,12,10,tai nguyen
OnlineBoutique,recommendationservice,disk,2,fault5,chi_cpu,BARO,5,1,tai nguyen
OnlineBoutique,recommendationservice,disk,2,fault5,chi_cpu,MEANSHIFT,5,1,tai nguyen
OnlineBoutique,recommendationservice,disk,2,fault5,chi_cpu,KHONG-DOC,5,5,tai nguyen
OnlineBoutique,recommendationservice,disk,2,fault5,chi_latency,BARO,5,1,tai nguyen
OnlineBoutique,recommendationservice,disk,2,fault5,chi_latency,MEANSHIFT,5,1,tai nguyen
OnlineBoutique,recommendationservice,disk,2,fault5,chi_latency,KHONG-DOC,5,5,tai nguyen
OnlineBoutique,recommendationservice,disk,2,fault5,chi_workload,BARO,5,4,tai nguyen
OnlineBoutique,recommendationservice,disk,2,fault5,chi_workload,MEANSHIFT,5,1,tai nguyen
OnlineBoutique,recommendationservice,disk,2,fault5,chi_workload,KHONG-DOC,5,5,tai nguyen
OnlineBoutique,recommendationservice,disk,2,fault5,moi_cot,BARO,5,2,tai nguyen
OnlineBoutique,recommendationservice,disk,2,fault5,moi_cot,MEANSHIFT,5,1,tai nguyen
OnlineBoutique,recommendationservice,disk,2,fault5,moi_cot,KHONG-DOC,5,5,tai nguyen
OnlineBoutique,recommendationservice,disk,2,app,chi_cpu,BARO,10,1,tai nguyen
OnlineBoutique,recommendationservice,disk,2,app,chi_cpu,MEANSHIFT,10,1,tai nguyen
OnlineBoutique,recommendationservice,disk,2,app,chi_cpu,KHONG-DOC,10,9,tai nguyen
OnlineBoutique,recommendationservice,disk,2,app,chi_latency,BARO,10,1,tai nguyen
OnlineBoutique,recommendationservice,disk,2,app,chi_latency,MEANSHIFT,10,1,tai nguyen
OnlineBoutique,recommendationservice,disk,2,app,chi_latency,KHONG-DOC,10,9,tai nguyen
OnlineBoutique,recommendationservice,disk,2,app,chi_workload,BARO,11,7,tai nguyen
OnlineBoutique,recommendationservice,disk,2,app,chi_workload,MEANSHIFT,11,1,tai nguyen
OnlineBoutique,recommendationservice,disk,2,app,chi_workload,KHONG-DOC,11,10,tai nguyen
OnlineBoutique,recommendationservice,disk,2,app,moi_cot,BARO,11,2,tai nguyen
OnlineBoutique,recommendationservice,disk,2,app,moi_cot,MEANSHIFT,11,1,tai nguyen
OnlineBoutique,recommendationservice,disk,2,app,moi_cot,KHONG-DOC,11,10,tai nguyen
OnlineBoutique,recommendationservice,disk,2,all,chi_cpu,BARO,11,1,tai nguyen
OnlineBoutique,recommendationservice,disk,2,all,chi_cpu,MEANSHIFT,11,1,tai nguyen
OnlineBoutique,recommendationservice,disk,2,all,chi_cpu,KHONG-DOC,11,9,tai nguyen
OnlineBoutique,recommendationservice,disk,2,all,chi_latency,BARO,10,1,tai nguyen
OnlineBoutique,recommendationservice,disk,2,all,chi_latency,MEANSHIFT,10,1,tai nguyen
OnlineBoutique,recommendationservice,disk,2,all,chi_latency,KHONG-DOC,10,9,tai nguyen
OnlineBoutique,recommendationservice,disk,2,all,chi_workload,BARO,11,7,tai nguyen
OnlineBoutique,recommendationservice,disk,2,all,chi_workload,MEANSHIFT,11,1,tai nguyen
OnlineBoutique,recommendationservice,disk,2,all,chi_workload,KHONG-DOC,11,10,tai nguyen
OnlineBoutique,recommendationservice,disk,2,all,moi_cot,BARO,12,3,tai nguyen
OnlineBoutique,recommendationservice,disk,2,all,moi_cot,MEANSHIFT,12,1,tai nguyen
OnlineBoutique,recommendationservice,disk,2,all,moi_cot,KHONG-DOC,12,10,tai nguyen
OnlineBoutique,recommendationservice,disk,3,fault5,chi_cpu,BARO,5,1,tai nguyen
OnlineBoutique,recommendationservice,disk,3,fault5,chi_cpu,MEANSHIFT,5,1,tai nguyen
OnlineBoutique,recommendationservice,disk,3,fault5,chi_cpu,KHONG-DOC,5,5,tai nguyen
OnlineBoutique,recommendationservice,disk,3,fault5,chi_latency,BARO,5,1,tai nguyen
OnlineBoutique,recommendationservice,disk,3,fault5,chi_latency,MEANSHIFT,5,1,tai nguyen
OnlineBoutique,recommendationservice,disk,3,fault5,chi_latency,KHONG-DOC,5,5,tai nguyen
OnlineBoutique,recommendationservice,disk,3,fault5,chi_workload,BARO,5,4,tai nguyen
OnlineBoutique,recommendationservice,disk,3,fault5,chi_workload,MEANSHIFT,5,4,tai nguyen
OnlineBoutique,recommendationservice,disk,3,fault5,chi_workload,KHONG-DOC,5,5,tai nguyen
OnlineBoutique,recommendationservice,disk,3,fault5,moi_cot,BARO,5,1,tai nguyen
OnlineBoutique,recommendationservice,disk,3,fault5,moi_cot,MEANSHIFT,5,1,tai nguyen
OnlineBoutique,recommendationservice,disk,3,fault5,moi_cot,KHONG-DOC,5,5,tai nguyen
OnlineBoutique,recommendationservice,disk,3,app,chi_cpu,BARO,10,1,tai nguyen
OnlineBoutique,recommendationservice,disk,3,app,chi_cpu,MEANSHIFT,10,1,tai nguyen
OnlineBoutique,recommendationservice,disk,3,app,chi_cpu,KHONG-DOC,10,9,tai nguyen
OnlineBoutique,recommendationservice,disk,3,app,chi_latency,BARO,10,1,tai nguyen
OnlineBoutique,recommendationservice,disk,3,app,chi_latency,MEANSHIFT,10,1,tai nguyen
OnlineBoutique,recommendationservice,disk,3,app,chi_latency,KHONG-DOC,10,9,tai nguyen
OnlineBoutique,recommendationservice,disk,3,app,chi_workload,BARO,11,8,tai nguyen
OnlineBoutique,recommendationservice,disk,3,app,chi_workload,MEANSHIFT,11,6,tai nguyen
OnlineBoutique,recommendationservice,disk,3,app,chi_workload,KHONG-DOC,11,10,tai nguyen
OnlineBoutique,recommendationservice,disk,3,app,moi_cot,BARO,11,1,tai nguyen
OnlineBoutique,recommendationservice,disk,3,app,moi_cot,MEANSHIFT,11,1,tai nguyen
OnlineBoutique,recommendationservice,disk,3,app,moi_cot,KHONG-DOC,11,10,tai nguyen
OnlineBoutique,recommendationservice,disk,3,all,chi_cpu,BARO,11,1,tai nguyen
OnlineBoutique,recommendationservice,disk,3,all,chi_cpu,MEANSHIFT,11,1,tai nguyen
OnlineBoutique,recommendationservice,disk,3,all,chi_cpu,KHONG-DOC,11,9,tai nguyen
OnlineBoutique,recommendationservice,disk,3,all,chi_latency,BARO,10,1,tai nguyen
OnlineBoutique,recommendationservice,disk,3,all,chi_latency,MEANSHIFT,10,1,tai nguyen
OnlineBoutique,recommendationservice,disk,3,all,chi_latency,KHONG-DOC,10,9,tai nguyen
OnlineBoutique,recommendationservice,disk,3,all,chi_workload,BARO,11,8,tai nguyen
OnlineBoutique,recommendationservice,disk,3,all,chi_workload,MEANSHIFT,11,6,tai nguyen
OnlineBoutique,recommendationservice,disk,3,all,chi_workload,KHONG-DOC,11,10,tai nguyen
OnlineBoutique,recommendationservice,disk,3,all,moi_cot,BARO,12,2,tai nguyen
OnlineBoutique,recommendationservice,disk,3,all,moi_cot,MEANSHIFT,12,1,tai nguyen
OnlineBoutique,recommendationservice,disk,3,all,moi_cot,KHONG-DOC,12,10,tai nguyen
OnlineBoutique,recommendationservice,loss,1,fault5,chi_cpu,BARO,5,2,mang
OnlineBoutique,recommendationservice,loss,1,fault5,chi_cpu,MEANSHIFT,5,5,mang
OnlineBoutique,recommendationservice,loss,1,fault5,chi_cpu,KHONG-DOC,5,5,mang
OnlineBoutique,recommendationservice,loss,1,fault5,chi_latency,BARO,5,1,mang
OnlineBoutique,recommendationservice,loss,1,fault5,chi_latency,MEANSHIFT,5,1,mang
OnlineBoutique,recommendationservice,loss,1,fault5,chi_latency,KHONG-DOC,5,5,mang
OnlineBoutique,recommendationservice,loss,1,fault5,chi_workload,BARO,5,2,mang
OnlineBoutique,recommendationservice,loss,1,fault5,chi_workload,MEANSHIFT,5,1,mang
OnlineBoutique,recommendationservice,loss,1,fault5,chi_workload,KHONG-DOC,5,5,mang
OnlineBoutique,recommendationservice,loss,1,fault5,moi_cot,BARO,5,1,mang
OnlineBoutique,recommendationservice,loss,1,fault5,moi_cot,MEANSHIFT,5,1,mang
OnlineBoutique,recommendationservice,loss,1,fault5,moi_cot,KHONG-DOC,5,5,mang
OnlineBoutique,recommendationservice,loss,1,app,chi_cpu,BARO,10,3,mang
OnlineBoutique,recommendationservice,loss,1,app,chi_cpu,MEANSHIFT,10,10,mang
OnlineBoutique,recommendationservice,loss,1,app,chi_cpu,KHONG-DOC,10,9,mang
OnlineBoutique,recommendationservice,loss,1,app,chi_latency,BARO,10,1,mang
OnlineBoutique,recommendationservice,loss,1,app,chi_latency,MEANSHIFT,10,1,mang
OnlineBoutique,recommendationservice,loss,1,app,chi_latency,KHONG-DOC,10,9,mang
OnlineBoutique,recommendationservice,loss,1,app,chi_workload,BARO,11,4,mang
OnlineBoutique,recommendationservice,loss,1,app,chi_workload,MEANSHIFT,11,1,mang
OnlineBoutique,recommendationservice,loss,1,app,chi_workload,KHONG-DOC,11,10,mang
OnlineBoutique,recommendationservice,loss,1,app,moi_cot,BARO,11,1,mang
OnlineBoutique,recommendationservice,loss,1,app,moi_cot,MEANSHIFT,11,1,mang
OnlineBoutique,recommendationservice,loss,1,app,moi_cot,KHONG-DOC,11,10,mang
OnlineBoutique,recommendationservice,loss,1,all,chi_cpu,BARO,11,3,mang
OnlineBoutique,recommendationservice,loss,1,all,chi_cpu,MEANSHIFT,11,11,mang
OnlineBoutique,recommendationservice,loss,1,all,chi_cpu,KHONG-DOC,11,9,mang
OnlineBoutique,recommendationservice,loss,1,all,chi_latency,BARO,10,1,mang
OnlineBoutique,recommendationservice,loss,1,all,chi_latency,MEANSHIFT,10,1,mang
OnlineBoutique,recommendationservice,loss,1,all,chi_latency,KHONG-DOC,10,9,mang
OnlineBoutique,recommendationservice,loss,1,all,chi_workload,BARO,11,4,mang
OnlineBoutique,recommendationservice,loss,1,all,chi_workload,MEANSHIFT,11,1,mang
OnlineBoutique,recommendationservice,loss,1,all,chi_workload,KHONG-DOC,11,10,mang
OnlineBoutique,recommendationservice,loss,1,all,moi_cot,BARO,12,1,mang
OnlineBoutique,recommendationservice,loss,1,all,moi_cot,MEANSHIFT,12,1,mang
OnlineBoutique,recommendationservice,loss,1,all,moi_cot,KHONG-DOC,12,10,mang
OnlineBoutique,recommendationservice,loss,2,fault5,chi_cpu,BARO,5,3,mang
OnlineBoutique,recommendationservice,loss,2,fault5,chi_cpu,MEANSHIFT,5,5,mang
OnlineBoutique,recommendationservice,loss,2,fault5,chi_cpu,KHONG-DOC,5,5,mang
OnlineBoutique,recommendationservice,loss,2,fault5,chi_latency,BARO,5,1,mang
OnlineBoutique,recommendationservice,loss,2,fault5,chi_latency,MEANSHIFT,5,1,mang
OnlineBoutique,recommendationservice,loss,2,fault5,chi_latency,KHONG-DOC,5,5,mang
OnlineBoutique,recommendationservice,loss,2,fault5,chi_workload,BARO,5,1,mang
OnlineBoutique,recommendationservice,loss,2,fault5,chi_workload,MEANSHIFT,5,1,mang
OnlineBoutique,recommendationservice,loss,2,fault5,chi_workload,KHONG-DOC,5,5,mang
OnlineBoutique,recommendationservice,loss,2,fault5,moi_cot,BARO,5,1,mang
OnlineBoutique,recommendationservice,loss,2,fault5,moi_cot,MEANSHIFT,5,1,mang
OnlineBoutique,recommendationservice,loss,2,fault5,moi_cot,KHONG-DOC,5,5,mang
OnlineBoutique,recommendationservice,loss,2,app,chi_cpu,BARO,10,3,mang
OnlineBoutique,recommendationservice,loss,2,app,chi_cpu,MEANSHIFT,10,10,mang
OnlineBoutique,recommendationservice,loss,2,app,chi_cpu,KHONG-DOC,10,9,mang
OnlineBoutique,recommendationservice,loss,2,app,chi_latency,BARO,10,1,mang
OnlineBoutique,recommendationservice,loss,2,app,chi_latency,MEANSHIFT,10,1,mang
OnlineBoutique,recommendationservice,loss,2,app,chi_latency,KHONG-DOC,10,9,mang
OnlineBoutique,recommendationservice,loss,2,app,chi_workload,BARO,11,2,mang
OnlineBoutique,recommendationservice,loss,2,app,chi_workload,MEANSHIFT,11,1,mang
OnlineBoutique,recommendationservice,loss,2,app,chi_workload,KHONG-DOC,11,10,mang
OnlineBoutique,recommendationservice,loss,2,app,moi_cot,BARO,11,1,mang
OnlineBoutique,recommendationservice,loss,2,app,moi_cot,MEANSHIFT,11,1,mang
OnlineBoutique,recommendationservice,loss,2,app,moi_cot,KHONG-DOC,11,10,mang
OnlineBoutique,recommendationservice,loss,2,all,chi_cpu,BARO,11,4,mang
OnlineBoutique,recommendationservice,loss,2,all,chi_cpu,MEANSHIFT,11,11,mang
OnlineBoutique,recommendationservice,loss,2,all,chi_cpu,KHONG-DOC,11,9,mang
OnlineBoutique,recommendationservice,loss,2,all,chi_latency,BARO,10,1,mang
OnlineBoutique,recommendationservice,loss,2,all,chi_latency,MEANSHIFT,10,1,mang
OnlineBoutique,recommendationservice,loss,2,all,chi_latency,KHONG-DOC,10,9,mang
OnlineBoutique,recommendationservice,loss,2,all,chi_workload,BARO,11,2,mang
OnlineBoutique,recommendationservice,loss,2,all,chi_workload,MEANSHIFT,11,1,mang
OnlineBoutique,recommendationservice,loss,2,all,chi_workload,KHONG-DOC,11,10,mang
OnlineBoutique,recommendationservice,loss,2,all,moi_cot,BARO,12,1,mang
OnlineBoutique,recommendationservice,loss,2,all,moi_cot,MEANSHIFT,12,1,mang
OnlineBoutique,recommendationservice,loss,2,all,moi_cot,KHONG-DOC,12,10,mang
OnlineBoutique,recommendationservice,loss,3,fault5,chi_cpu,BARO,5,2,mang
OnlineBoutique,recommendationservice,loss,3,fault5,chi_cpu,MEANSHIFT,5,5,mang
OnlineBoutique,recommendationservice,loss,3,fault5,chi_cpu,KHONG-DOC,5,5,mang
OnlineBoutique,recommendationservice,loss,3,fault5,chi_latency,BARO,5,1,mang
OnlineBoutique,recommendationservice,loss,3,fault5,chi_latency,MEANSHIFT,5,1,mang
OnlineBoutique,recommendationservice,loss,3,fault5,chi_latency,KHONG-DOC,5,5,mang
OnlineBoutique,recommendationservice,loss,3,fault5,chi_workload,BARO,5,3,mang
OnlineBoutique,recommendationservice,loss,3,fault5,chi_workload,MEANSHIFT,5,1,mang
OnlineBoutique,recommendationservice,loss,3,fault5,chi_workload,KHONG-DOC,5,5,mang
OnlineBoutique,recommendationservice,loss,3,fault5,moi_cot,BARO,5,1,mang
OnlineBoutique,recommendationservice,loss,3,fault5,moi_cot,MEANSHIFT,5,1,mang
OnlineBoutique,recommendationservice,loss,3,fault5,moi_cot,KHONG-DOC,5,5,mang
OnlineBoutique,recommendationservice,loss,3,app,chi_cpu,BARO,10,3,mang
OnlineBoutique,recommendationservice,loss,3,app,chi_cpu,MEANSHIFT,10,10,mang
OnlineBoutique,recommendationservice,loss,3,app,chi_cpu,KHONG-DOC,10,9,mang
OnlineBoutique,recommendationservice,loss,3,app,chi_latency,BARO,10,1,mang
OnlineBoutique,recommendationservice,loss,3,app,chi_latency,MEANSHIFT,10,1,mang
OnlineBoutique,recommendationservice,loss,3,app,chi_latency,KHONG-DOC,10,9,mang
OnlineBoutique,recommendationservice,loss,3,app,chi_workload,BARO,11,7,mang
OnlineBoutique,recommendationservice,loss,3,app,chi_workload,MEANSHIFT,11,1,mang
OnlineBoutique,recommendationservice,loss,3,app,chi_workload,KHONG-DOC,11,10,mang
OnlineBoutique,recommendationservice,loss,3,app,moi_cot,BARO,11,1,mang
OnlineBoutique,recommendationservice,loss,3,app,moi_cot,MEANSHIFT,11,1,mang
OnlineBoutique,recommendationservice,loss,3,app,moi_cot,KHONG-DOC,11,10,mang
OnlineBoutique,recommendationservice,loss,3,all,chi_cpu,BARO,11,3,mang
OnlineBoutique,recommendationservice,loss,3,all,chi_cpu,MEANSHIFT,11,11,mang
OnlineBoutique,recommendationservice,loss,3,all,chi_cpu,KHONG-DOC,11,9,mang
OnlineBoutique,recommendationservice,loss,3,all,chi_latency,BARO,10,1,mang
OnlineBoutique,recommendationservice,loss,3,all,chi_latency,MEANSHIFT,10,1,mang
OnlineBoutique,recommendationservice,loss,3,all,chi_latency,KHONG-DOC,10,9,mang
OnlineBoutique,recommendationservice,loss,3,all,chi_workload,BARO,11,7,mang
OnlineBoutique,recommendationservice,loss,3,all,chi_workload,MEANSHIFT,11,1,mang
OnlineBoutique,recommendationservice,loss,3,all,chi_workload,KHONG-DOC,11,10,mang
OnlineBoutique,recommendationservice,loss,3,all,moi_cot,BARO,12,1,mang
OnlineBoutique,recommendationservice,loss,3,all,moi_cot,MEANSHIFT,12,1,mang
OnlineBoutique,recommendationservice,loss,3,all,moi_cot,KHONG-DOC,12,10,mang
OnlineBoutique,recommendationservice,mem,1,fault5,chi_cpu,BARO,5,1,tai nguyen
OnlineBoutique,recommendationservice,mem,1,fault5,chi_cpu,MEANSHIFT,5,1,tai nguyen
OnlineBoutique,recommendationservice,mem,1,fault5,chi_cpu,KHONG-DOC,5,5,tai nguyen
OnlineBoutique,recommendationservice,mem,1,fault5,chi_latency,BARO,5,1,tai nguyen
OnlineBoutique,recommendationservice,mem,1,fault5,chi_latency,MEANSHIFT,5,1,tai nguyen
OnlineBoutique,recommendationservice,mem,1,fault5,chi_latency,KHONG-DOC,5,5,tai nguyen
OnlineBoutique,recommendationservice,mem,1,fault5,chi_workload,BARO,5,1,tai nguyen
OnlineBoutique,recommendationservice,mem,1,fault5,chi_workload,MEANSHIFT,5,2,tai nguyen
OnlineBoutique,recommendationservice,mem,1,fault5,chi_workload,KHONG-DOC,5,5,tai nguyen
OnlineBoutique,recommendationservice,mem,1,fault5,moi_cot,BARO,5,1,tai nguyen
OnlineBoutique,recommendationservice,mem,1,fault5,moi_cot,MEANSHIFT,5,1,tai nguyen
OnlineBoutique,recommendationservice,mem,1,fault5,moi_cot,KHONG-DOC,5,5,tai nguyen
OnlineBoutique,recommendationservice,mem,1,app,chi_cpu,BARO,10,1,tai nguyen
OnlineBoutique,recommendationservice,mem,1,app,chi_cpu,MEANSHIFT,10,1,tai nguyen
OnlineBoutique,recommendationservice,mem,1,app,chi_cpu,KHONG-DOC,10,9,tai nguyen
OnlineBoutique,recommendationservice,mem,1,app,chi_latency,BARO,10,1,tai nguyen
OnlineBoutique,recommendationservice,mem,1,app,chi_latency,MEANSHIFT,10,1,tai nguyen
OnlineBoutique,recommendationservice,mem,1,app,chi_latency,KHONG-DOC,10,9,tai nguyen
OnlineBoutique,recommendationservice,mem,1,app,chi_workload,BARO,11,2,tai nguyen
OnlineBoutique,recommendationservice,mem,1,app,chi_workload,MEANSHIFT,11,6,tai nguyen
OnlineBoutique,recommendationservice,mem,1,app,chi_workload,KHONG-DOC,11,10,tai nguyen
OnlineBoutique,recommendationservice,mem,1,app,moi_cot,BARO,11,1,tai nguyen
OnlineBoutique,recommendationservice,mem,1,app,moi_cot,MEANSHIFT,11,1,tai nguyen
OnlineBoutique,recommendationservice,mem,1,app,moi_cot,KHONG-DOC,11,10,tai nguyen
OnlineBoutique,recommendationservice,mem,1,all,chi_cpu,BARO,11,1,tai nguyen
OnlineBoutique,recommendationservice,mem,1,all,chi_cpu,MEANSHIFT,11,1,tai nguyen
OnlineBoutique,recommendationservice,mem,1,all,chi_cpu,KHONG-DOC,11,9,tai nguyen
OnlineBoutique,recommendationservice,mem,1,all,chi_latency,BARO,10,1,tai nguyen
OnlineBoutique,recommendationservice,mem,1,all,chi_latency,MEANSHIFT,10,1,tai nguyen
OnlineBoutique,recommendationservice,mem,1,all,chi_latency,KHONG-DOC,10,9,tai nguyen
OnlineBoutique,recommendationservice,mem,1,all,chi_workload,BARO,11,2,tai nguyen
OnlineBoutique,recommendationservice,mem,1,all,chi_workload,MEANSHIFT,11,6,tai nguyen
OnlineBoutique,recommendationservice,mem,1,all,chi_workload,KHONG-DOC,11,10,tai nguyen
OnlineBoutique,recommendationservice,mem,1,all,moi_cot,BARO,12,2,tai nguyen
OnlineBoutique,recommendationservice,mem,1,all,moi_cot,MEANSHIFT,12,1,tai nguyen
OnlineBoutique,recommendationservice,mem,1,all,moi_cot,KHONG-DOC,12,10,tai nguyen
OnlineBoutique,recommendationservice,mem,2,fault5,chi_cpu,BARO,5,1,tai nguyen
OnlineBoutique,recommendationservice,mem,2,fault5,chi_cpu,MEANSHIFT,5,1,tai nguyen
OnlineBoutique,recommendationservice,mem,2,fault5,chi_cpu,KHONG-DOC,5,5,tai nguyen
OnlineBoutique,recommendationservice,mem,2,fault5,chi_latency,BARO,5,1,tai nguyen
OnlineBoutique,recommendationservice,mem,2,fault5,chi_latency,MEANSHIFT,5,1,tai nguyen
OnlineBoutique,recommendationservice,mem,2,fault5,chi_latency,KHONG-DOC,5,5,tai nguyen
OnlineBoutique,recommendationservice,mem,2,fault5,chi_workload,BARO,5,2,tai nguyen
OnlineBoutique,recommendationservice,mem,2,fault5,chi_workload,MEANSHIFT,5,1,tai nguyen
OnlineBoutique,recommendationservice,mem,2,fault5,chi_workload,KHONG-DOC,5,5,tai nguyen
OnlineBoutique,recommendationservice,mem,2,fault5,moi_cot,BARO,5,1,tai nguyen
OnlineBoutique,recommendationservice,mem,2,fault5,moi_cot,MEANSHIFT,5,1,tai nguyen
OnlineBoutique,recommendationservice,mem,2,fault5,moi_cot,KHONG-DOC,5,5,tai nguyen
OnlineBoutique,recommendationservice,mem,2,app,chi_cpu,BARO,10,1,tai nguyen
OnlineBoutique,recommendationservice,mem,2,app,chi_cpu,MEANSHIFT,10,1,tai nguyen
OnlineBoutique,recommendationservice,mem,2,app,chi_cpu,KHONG-DOC,10,9,tai nguyen
OnlineBoutique,recommendationservice,mem,2,app,chi_latency,BARO,10,1,tai nguyen
OnlineBoutique,recommendationservice,mem,2,app,chi_latency,MEANSHIFT,10,1,tai nguyen
OnlineBoutique,recommendationservice,mem,2,app,chi_latency,KHONG-DOC,10,9,tai nguyen
OnlineBoutique,recommendationservice,mem,2,app,chi_workload,BARO,11,5,tai nguyen
OnlineBoutique,recommendationservice,mem,2,app,chi_workload,MEANSHIFT,11,4,tai nguyen
OnlineBoutique,recommendationservice,mem,2,app,chi_workload,KHONG-DOC,11,10,tai nguyen
OnlineBoutique,recommendationservice,mem,2,app,moi_cot,BARO,11,1,tai nguyen
OnlineBoutique,recommendationservice,mem,2,app,moi_cot,MEANSHIFT,11,1,tai nguyen
OnlineBoutique,recommendationservice,mem,2,app,moi_cot,KHONG-DOC,11,10,tai nguyen
OnlineBoutique,recommendationservice,mem,2,all,chi_cpu,BARO,11,1,tai nguyen
OnlineBoutique,recommendationservice,mem,2,all,chi_cpu,MEANSHIFT,11,1,tai nguyen
OnlineBoutique,recommendationservice,mem,2,all,chi_cpu,KHONG-DOC,11,9,tai nguyen
OnlineBoutique,recommendationservice,mem,2,all,chi_latency,BARO,10,1,tai nguyen
OnlineBoutique,recommendationservice,mem,2,all,chi_latency,MEANSHIFT,10,1,tai nguyen
OnlineBoutique,recommendationservice,mem,2,all,chi_latency,KHONG-DOC,10,9,tai nguyen
OnlineBoutique,recommendationservice,mem,2,all,chi_workload,BARO,11,5,tai nguyen
OnlineBoutique,recommendationservice,mem,2,all,chi_workload,MEANSHIFT,11,4,tai nguyen
OnlineBoutique,recommendationservice,mem,2,all,chi_workload,KHONG-DOC,11,10,tai nguyen
OnlineBoutique,recommendationservice,mem,2,all,moi_cot,BARO,12,2,tai nguyen
OnlineBoutique,recommendationservice,mem,2,all,moi_cot,MEANSHIFT,12,1,tai nguyen
OnlineBoutique,recommendationservice,mem,2,all,moi_cot,KHONG-DOC,12,10,tai nguyen
OnlineBoutique,recommendationservice,mem,3,fault5,chi_cpu,BARO,5,1,tai nguyen
OnlineBoutique,recommendationservice,mem,3,fault5,chi_cpu,MEANSHIFT,5,1,tai nguyen
OnlineBoutique,recommendationservice,mem,3,fault5,chi_cpu,KHONG-DOC,5,5,tai nguyen
OnlineBoutique,recommendationservice,mem,3,fault5,chi_latency,BARO,5,1,tai nguyen
OnlineBoutique,recommendationservice,mem,3,fault5,chi_latency,MEANSHIFT,5,1,tai nguyen
OnlineBoutique,recommendationservice,mem,3,fault5,chi_latency,KHONG-DOC,5,5,tai nguyen
OnlineBoutique,recommendationservice,mem,3,fault5,chi_workload,BARO,5,4,tai nguyen
OnlineBoutique,recommendationservice,mem,3,fault5,chi_workload,MEANSHIFT,5,1,tai nguyen
OnlineBoutique,recommendationservice,mem,3,fault5,chi_workload,KHONG-DOC,5,5,tai nguyen
OnlineBoutique,recommendationservice,mem,3,fault5,moi_cot,BARO,5,2,tai nguyen
OnlineBoutique,recommendationservice,mem,3,fault5,moi_cot,MEANSHIFT,5,1,tai nguyen
OnlineBoutique,recommendationservice,mem,3,fault5,moi_cot,KHONG-DOC,5,5,tai nguyen
OnlineBoutique,recommendationservice,mem,3,app,chi_cpu,BARO,10,1,tai nguyen
OnlineBoutique,recommendationservice,mem,3,app,chi_cpu,MEANSHIFT,10,1,tai nguyen
OnlineBoutique,recommendationservice,mem,3,app,chi_cpu,KHONG-DOC,10,9,tai nguyen
OnlineBoutique,recommendationservice,mem,3,app,chi_latency,BARO,10,1,tai nguyen
OnlineBoutique,recommendationservice,mem,3,app,chi_latency,MEANSHIFT,10,1,tai nguyen
OnlineBoutique,recommendationservice,mem,3,app,chi_latency,KHONG-DOC,10,9,tai nguyen
OnlineBoutique,recommendationservice,mem,3,app,chi_workload,BARO,11,7,tai nguyen
OnlineBoutique,recommendationservice,mem,3,app,chi_workload,MEANSHIFT,11,2,tai nguyen
OnlineBoutique,recommendationservice,mem,3,app,chi_workload,KHONG-DOC,11,10,tai nguyen
OnlineBoutique,recommendationservice,mem,3,app,moi_cot,BARO,11,2,tai nguyen
OnlineBoutique,recommendationservice,mem,3,app,moi_cot,MEANSHIFT,11,1,tai nguyen
OnlineBoutique,recommendationservice,mem,3,app,moi_cot,KHONG-DOC,11,10,tai nguyen
OnlineBoutique,recommendationservice,mem,3,all,chi_cpu,BARO,11,1,tai nguyen
OnlineBoutique,recommendationservice,mem,3,all,chi_cpu,MEANSHIFT,11,1,tai nguyen
OnlineBoutique,recommendationservice,mem,3,all,chi_cpu,KHONG-DOC,11,9,tai nguyen
OnlineBoutique,recommendationservice,mem,3,all,chi_latency,BARO,10,1,tai nguyen
OnlineBoutique,recommendationservice,mem,3,all,chi_latency,MEANSHIFT,10,1,tai nguyen
OnlineBoutique,recommendationservice,mem,3,all,chi_latency,KHONG-DOC,10,9,tai nguyen
OnlineBoutique,recommendationservice,mem,3,all,chi_workload,BARO,11,7,tai nguyen
OnlineBoutique,recommendationservice,mem,3,all,chi_workload,MEANSHIFT,11,2,tai nguyen
OnlineBoutique,recommendationservice,mem,3,all,chi_workload,KHONG-DOC,11,10,tai nguyen
OnlineBoutique,recommendationservice,mem,3,all,moi_cot,BARO,12,3,tai nguyen
OnlineBoutique,recommendationservice,mem,3,all,moi_cot,MEANSHIFT,12,1,tai nguyen
OnlineBoutique,recommendationservice,mem,3,all,moi_cot,KHONG-DOC,12,10,tai nguyen
OnlineBoutique,recommendationservice,socket,1,fault5,chi_cpu,BARO,5,1,tai nguyen
OnlineBoutique,recommendationservice,socket,1,fault5,chi_cpu,MEANSHIFT,5,1,tai nguyen
OnlineBoutique,recommendationservice,socket,1,fault5,chi_cpu,KHONG-DOC,5,5,tai nguyen
OnlineBoutique,recommendationservice,socket,1,fault5,chi_latency,BARO,5,1,tai nguyen
OnlineBoutique,recommendationservice,socket,1,fault5,chi_latency,MEANSHIFT,5,1,tai nguyen
OnlineBoutique,recommendationservice,socket,1,fault5,chi_latency,KHONG-DOC,5,5,tai nguyen
OnlineBoutique,recommendationservice,socket,1,fault5,chi_workload,BARO,5,2,tai nguyen
OnlineBoutique,recommendationservice,socket,1,fault5,chi_workload,MEANSHIFT,5,1,tai nguyen
OnlineBoutique,recommendationservice,socket,1,fault5,chi_workload,KHONG-DOC,5,5,tai nguyen
OnlineBoutique,recommendationservice,socket,1,fault5,moi_cot,BARO,5,1,tai nguyen
OnlineBoutique,recommendationservice,socket,1,fault5,moi_cot,MEANSHIFT,5,1,tai nguyen
OnlineBoutique,recommendationservice,socket,1,fault5,moi_cot,KHONG-DOC,5,5,tai nguyen
OnlineBoutique,recommendationservice,socket,1,app,chi_cpu,BARO,10,1,tai nguyen
OnlineBoutique,recommendationservice,socket,1,app,chi_cpu,MEANSHIFT,10,1,tai nguyen
OnlineBoutique,recommendationservice,socket,1,app,chi_cpu,KHONG-DOC,10,9,tai nguyen
OnlineBoutique,recommendationservice,socket,1,app,chi_latency,BARO,10,1,tai nguyen
OnlineBoutique,recommendationservice,socket,1,app,chi_latency,MEANSHIFT,10,1,tai nguyen
OnlineBoutique,recommendationservice,socket,1,app,chi_latency,KHONG-DOC,10,9,tai nguyen
OnlineBoutique,recommendationservice,socket,1,app,chi_workload,BARO,11,4,tai nguyen
OnlineBoutique,recommendationservice,socket,1,app,chi_workload,MEANSHIFT,11,2,tai nguyen
OnlineBoutique,recommendationservice,socket,1,app,chi_workload,KHONG-DOC,11,10,tai nguyen
OnlineBoutique,recommendationservice,socket,1,app,moi_cot,BARO,11,1,tai nguyen
OnlineBoutique,recommendationservice,socket,1,app,moi_cot,MEANSHIFT,11,1,tai nguyen
OnlineBoutique,recommendationservice,socket,1,app,moi_cot,KHONG-DOC,11,10,tai nguyen
OnlineBoutique,recommendationservice,socket,1,all,chi_cpu,BARO,11,1,tai nguyen
OnlineBoutique,recommendationservice,socket,1,all,chi_cpu,MEANSHIFT,11,1,tai nguyen
OnlineBoutique,recommendationservice,socket,1,all,chi_cpu,KHONG-DOC,11,9,tai nguyen
OnlineBoutique,recommendationservice,socket,1,all,chi_latency,BARO,10,1,tai nguyen
OnlineBoutique,recommendationservice,socket,1,all,chi_latency,MEANSHIFT,10,1,tai nguyen
OnlineBoutique,recommendationservice,socket,1,all,chi_latency,KHONG-DOC,10,9,tai nguyen
OnlineBoutique,recommendationservice,socket,1,all,chi_workload,BARO,11,4,tai nguyen
OnlineBoutique,recommendationservice,socket,1,all,chi_workload,MEANSHIFT,11,2,tai nguyen
OnlineBoutique,recommendationservice,socket,1,all,chi_workload,KHONG-DOC,11,10,tai nguyen
OnlineBoutique,recommendationservice,socket,1,all,moi_cot,BARO,12,2,tai nguyen
OnlineBoutique,recommendationservice,socket,1,all,moi_cot,MEANSHIFT,12,1,tai nguyen
OnlineBoutique,recommendationservice,socket,1,all,moi_cot,KHONG-DOC,12,10,tai nguyen
OnlineBoutique,recommendationservice,socket,2,fault5,chi_cpu,BARO,5,1,tai nguyen
OnlineBoutique,recommendationservice,socket,2,fault5,chi_cpu,MEANSHIFT,5,1,tai nguyen
OnlineBoutique,recommendationservice,socket,2,fault5,chi_cpu,KHONG-DOC,5,5,tai nguyen
OnlineBoutique,recommendationservice,socket,2,fault5,chi_latency,BARO,5,1,tai nguyen
OnlineBoutique,recommendationservice,socket,2,fault5,chi_latency,MEANSHIFT,5,1,tai nguyen
OnlineBoutique,recommendationservice,socket,2,fault5,chi_latency,KHONG-DOC,5,5,tai nguyen
OnlineBoutique,recommendationservice,socket,2,fault5,chi_workload,BARO,5,5,tai nguyen
OnlineBoutique,recommendationservice,socket,2,fault5,chi_workload,MEANSHIFT,5,4,tai nguyen
OnlineBoutique,recommendationservice,socket,2,fault5,chi_workload,KHONG-DOC,5,5,tai nguyen
OnlineBoutique,recommendationservice,socket,2,fault5,moi_cot,BARO,5,1,tai nguyen
OnlineBoutique,recommendationservice,socket,2,fault5,moi_cot,MEANSHIFT,5,1,tai nguyen
OnlineBoutique,recommendationservice,socket,2,fault5,moi_cot,KHONG-DOC,5,5,tai nguyen
OnlineBoutique,recommendationservice,socket,2,app,chi_cpu,BARO,10,1,tai nguyen
OnlineBoutique,recommendationservice,socket,2,app,chi_cpu,MEANSHIFT,10,1,tai nguyen
OnlineBoutique,recommendationservice,socket,2,app,chi_cpu,KHONG-DOC,10,9,tai nguyen
OnlineBoutique,recommendationservice,socket,2,app,chi_latency,BARO,10,1,tai nguyen
OnlineBoutique,recommendationservice,socket,2,app,chi_latency,MEANSHIFT,10,1,tai nguyen
OnlineBoutique,recommendationservice,socket,2,app,chi_latency,KHONG-DOC,10,9,tai nguyen
OnlineBoutique,recommendationservice,socket,2,app,chi_workload,BARO,11,11,tai nguyen
OnlineBoutique,recommendationservice,socket,2,app,chi_workload,MEANSHIFT,11,7,tai nguyen
OnlineBoutique,recommendationservice,socket,2,app,chi_workload,KHONG-DOC,11,10,tai nguyen
OnlineBoutique,recommendationservice,socket,2,app,moi_cot,BARO,11,1,tai nguyen
OnlineBoutique,recommendationservice,socket,2,app,moi_cot,MEANSHIFT,11,1,tai nguyen
OnlineBoutique,recommendationservice,socket,2,app,moi_cot,KHONG-DOC,11,10,tai nguyen
OnlineBoutique,recommendationservice,socket,2,all,chi_cpu,BARO,11,1,tai nguyen
OnlineBoutique,recommendationservice,socket,2,all,chi_cpu,MEANSHIFT,11,1,tai nguyen
OnlineBoutique,recommendationservice,socket,2,all,chi_cpu,KHONG-DOC,11,9,tai nguyen
OnlineBoutique,recommendationservice,socket,2,all,chi_latency,BARO,10,1,tai nguyen
OnlineBoutique,recommendationservice,socket,2,all,chi_latency,MEANSHIFT,10,1,tai nguyen
OnlineBoutique,recommendationservice,socket,2,all,chi_latency,KHONG-DOC,10,9,tai nguyen
OnlineBoutique,recommendationservice,socket,2,all,chi_workload,BARO,11,11,tai nguyen
OnlineBoutique,recommendationservice,socket,2,all,chi_workload,MEANSHIFT,11,7,tai nguyen
OnlineBoutique,recommendationservice,socket,2,all,chi_workload,KHONG-DOC,11,10,tai nguyen
OnlineBoutique,recommendationservice,socket,2,all,moi_cot,BARO,12,2,tai nguyen
OnlineBoutique,recommendationservice,socket,2,all,moi_cot,MEANSHIFT,12,1,tai nguyen
OnlineBoutique,recommendationservice,socket,2,all,moi_cot,KHONG-DOC,12,10,tai nguyen
OnlineBoutique,recommendationservice,socket,3,fault5,chi_cpu,BARO,5,1,tai nguyen
OnlineBoutique,recommendationservice,socket,3,fault5,chi_cpu,MEANSHIFT,5,1,tai nguyen
OnlineBoutique,recommendationservice,socket,3,fault5,chi_cpu,KHONG-DOC,5,5,tai nguyen
OnlineBoutique,recommendationservice,socket,3,fault5,chi_latency,BARO,5,1,tai nguyen
OnlineBoutique,recommendationservice,socket,3,fault5,chi_latency,MEANSHIFT,5,1,tai nguyen
OnlineBoutique,recommendationservice,socket,3,fault5,chi_latency,KHONG-DOC,5,5,tai nguyen
OnlineBoutique,recommendationservice,socket,3,fault5,chi_workload,BARO,5,2,tai nguyen
OnlineBoutique,recommendationservice,socket,3,fault5,chi_workload,MEANSHIFT,5,5,tai nguyen
OnlineBoutique,recommendationservice,socket,3,fault5,chi_workload,KHONG-DOC,5,5,tai nguyen
OnlineBoutique,recommendationservice,socket,3,fault5,moi_cot,BARO,5,2,tai nguyen
OnlineBoutique,recommendationservice,socket,3,fault5,moi_cot,MEANSHIFT,5,1,tai nguyen
OnlineBoutique,recommendationservice,socket,3,fault5,moi_cot,KHONG-DOC,5,5,tai nguyen
OnlineBoutique,recommendationservice,socket,3,app,chi_cpu,BARO,10,1,tai nguyen
OnlineBoutique,recommendationservice,socket,3,app,chi_cpu,MEANSHIFT,10,1,tai nguyen
OnlineBoutique,recommendationservice,socket,3,app,chi_cpu,KHONG-DOC,10,9,tai nguyen
OnlineBoutique,recommendationservice,socket,3,app,chi_latency,BARO,10,1,tai nguyen
OnlineBoutique,recommendationservice,socket,3,app,chi_latency,MEANSHIFT,10,1,tai nguyen
OnlineBoutique,recommendationservice,socket,3,app,chi_latency,KHONG-DOC,10,9,tai nguyen
OnlineBoutique,recommendationservice,socket,3,app,chi_workload,BARO,11,5,tai nguyen
OnlineBoutique,recommendationservice,socket,3,app,chi_workload,MEANSHIFT,11,11,tai nguyen
OnlineBoutique,recommendationservice,socket,3,app,chi_workload,KHONG-DOC,11,10,tai nguyen
OnlineBoutique,recommendationservice,socket,3,app,moi_cot,BARO,11,2,tai nguyen
OnlineBoutique,recommendationservice,socket,3,app,moi_cot,MEANSHIFT,11,1,tai nguyen
OnlineBoutique,recommendationservice,socket,3,app,moi_cot,KHONG-DOC,11,10,tai nguyen
OnlineBoutique,recommendationservice,socket,3,all,chi_cpu,BARO,11,1,tai nguyen
OnlineBoutique,recommendationservice,socket,3,all,chi_cpu,MEANSHIFT,11,1,tai nguyen
OnlineBoutique,recommendationservice,socket,3,all,chi_cpu,KHONG-DOC,11,9,tai nguyen
OnlineBoutique,recommendationservice,socket,3,all,chi_latency,BARO,10,1,tai nguyen
OnlineBoutique,recommendationservice,socket,3,all,chi_latency,MEANSHIFT,10,1,tai nguyen
OnlineBoutique,recommendationservice,socket,3,all,chi_latency,KHONG-DOC,10,9,tai nguyen
OnlineBoutique,recommendationservice,socket,3,all,chi_workload,BARO,11,5,tai nguyen
OnlineBoutique,recommendationservice,socket,3,all,chi_workload,MEANSHIFT,11,11,tai nguyen
OnlineBoutique,recommendationservice,socket,3,all,chi_workload,KHONG-DOC,11,10,tai nguyen
OnlineBoutique,recommendationservice,socket,3,all,moi_cot,BARO,12,3,tai nguyen
OnlineBoutique,recommendationservice,socket,3,all,moi_cot,MEANSHIFT,12,1,tai nguyen
OnlineBoutique,recommendationservice,socket,3,all,moi_cot,KHONG-DOC,12,10,tai nguyen
TrainTicket,ts-auth-service,cpu,1,fault5,chi_cpu,BARO,5,1,tai nguyen
TrainTicket,ts-auth-service,cpu,1,fault5,chi_cpu,MEANSHIFT,5,1,tai nguyen
TrainTicket,ts-auth-service,cpu,1,fault5,chi_cpu,KHONG-DOC,5,1,tai nguyen
TrainTicket,ts-auth-service,cpu,1,fault5,chi_latency,BARO,5,1,tai nguyen
TrainTicket,ts-auth-service,cpu,1,fault5,chi_latency,MEANSHIFT,5,1,tai nguyen
TrainTicket,ts-auth-service,cpu,1,fault5,chi_latency,KHONG-DOC,5,1,tai nguyen
TrainTicket,ts-auth-service,cpu,1,fault5,chi_workload,BARO,5,4,tai nguyen
TrainTicket,ts-auth-service,cpu,1,fault5,chi_workload,MEANSHIFT,5,5,tai nguyen
TrainTicket,ts-auth-service,cpu,1,fault5,chi_workload,KHONG-DOC,5,1,tai nguyen
TrainTicket,ts-auth-service,cpu,1,fault5,moi_cot,BARO,5,2,tai nguyen
TrainTicket,ts-auth-service,cpu,1,fault5,moi_cot,MEANSHIFT,5,1,tai nguyen
TrainTicket,ts-auth-service,cpu,1,fault5,moi_cot,KHONG-DOC,5,1,tai nguyen
TrainTicket,ts-auth-service,cpu,1,app,chi_cpu,BARO,28,2,tai nguyen
TrainTicket,ts-auth-service,cpu,1,app,chi_cpu,MEANSHIFT,28,1,tai nguyen
TrainTicket,ts-auth-service,cpu,1,app,chi_cpu,KHONG-DOC,28,4,tai nguyen
TrainTicket,ts-auth-service,cpu,1,app,chi_latency,BARO,25,1,tai nguyen
TrainTicket,ts-auth-service,cpu,1,app,chi_latency,MEANSHIFT,26,1,tai nguyen
TrainTicket,ts-auth-service,cpu,1,app,chi_latency,KHONG-DOC,28,4,tai nguyen
TrainTicket,ts-auth-service,cpu,1,app,chi_workload,BARO,28,24,tai nguyen
TrainTicket,ts-auth-service,cpu,1,app,chi_workload,MEANSHIFT,28,21,tai nguyen
TrainTicket,ts-auth-service,cpu,1,app,chi_workload,KHONG-DOC,28,4,tai nguyen
TrainTicket,ts-auth-service,cpu,1,app,moi_cot,BARO,28,2,tai nguyen
TrainTicket,ts-auth-service,cpu,1,app,moi_cot,MEANSHIFT,28,1,tai nguyen
TrainTicket,ts-auth-service,cpu,1,app,moi_cot,KHONG-DOC,28,4,tai nguyen
TrainTicket,ts-auth-service,cpu,1,all,chi_cpu,BARO,68,2,tai nguyen
TrainTicket,ts-auth-service,cpu,1,all,chi_cpu,MEANSHIFT,68,1,tai nguyen
TrainTicket,ts-auth-service,cpu,1,all,chi_cpu,KHONG-DOC,68,9,tai nguyen
TrainTicket,ts-auth-service,cpu,1,all,chi_latency,BARO,25,1,tai nguyen
TrainTicket,ts-auth-service,cpu,1,all,chi_latency,MEANSHIFT,26,1,tai nguyen
TrainTicket,ts-auth-service,cpu,1,all,chi_latency,KHONG-DOC,28,4,tai nguyen
TrainTicket,ts-auth-service,cpu,1,all,chi_workload,BARO,28,24,tai nguyen
TrainTicket,ts-auth-service,cpu,1,all,chi_workload,MEANSHIFT,28,21,tai nguyen
TrainTicket,ts-auth-service,cpu,1,all,chi_workload,KHONG-DOC,28,4,tai nguyen
TrainTicket,ts-auth-service,cpu,1,all,moi_cot,BARO,68,3,tai nguyen
TrainTicket,ts-auth-service,cpu,1,all,moi_cot,MEANSHIFT,68,1,tai nguyen
TrainTicket,ts-auth-service,cpu,1,all,moi_cot,KHONG-DOC,68,9,tai nguyen
TrainTicket,ts-auth-service,cpu,2,fault5,chi_cpu,BARO,5,2,tai nguyen
TrainTicket,ts-auth-service,cpu,2,fault5,chi_cpu,MEANSHIFT,5,1,tai nguyen
TrainTicket,ts-auth-service,cpu,2,fault5,chi_cpu,KHONG-DOC,5,1,tai nguyen
TrainTicket,ts-auth-service,cpu,2,fault5,chi_latency,BARO,5,1,tai nguyen
TrainTicket,ts-auth-service,cpu,2,fault5,chi_latency,MEANSHIFT,5,1,tai nguyen
TrainTicket,ts-auth-service,cpu,2,fault5,chi_latency,KHONG-DOC,5,1,tai nguyen
TrainTicket,ts-auth-service,cpu,2,fault5,chi_workload,BARO,5,3,tai nguyen
TrainTicket,ts-auth-service,cpu,2,fault5,chi_workload,MEANSHIFT,5,2,tai nguyen
TrainTicket,ts-auth-service,cpu,2,fault5,chi_workload,KHONG-DOC,5,1,tai nguyen
TrainTicket,ts-auth-service,cpu,2,fault5,moi_cot,BARO,5,3,tai nguyen
TrainTicket,ts-auth-service,cpu,2,fault5,moi_cot,MEANSHIFT,5,1,tai nguyen
TrainTicket,ts-auth-service,cpu,2,fault5,moi_cot,KHONG-DOC,5,1,tai nguyen
TrainTicket,ts-auth-service,cpu,2,app,chi_cpu,BARO,28,3,tai nguyen
TrainTicket,ts-auth-service,cpu,2,app,chi_cpu,MEANSHIFT,28,1,tai nguyen
TrainTicket,ts-auth-service,cpu,2,app,chi_cpu,KHONG-DOC,28,4,tai nguyen
TrainTicket,ts-auth-service,cpu,2,app,chi_latency,BARO,27,3,tai nguyen
TrainTicket,ts-auth-service,cpu,2,app,chi_latency,MEANSHIFT,28,1,tai nguyen
TrainTicket,ts-auth-service,cpu,2,app,chi_latency,KHONG-DOC,28,4,tai nguyen
TrainTicket,ts-auth-service,cpu,2,app,chi_workload,BARO,28,11,tai nguyen
TrainTicket,ts-auth-service,cpu,2,app,chi_workload,MEANSHIFT,28,3,tai nguyen
TrainTicket,ts-auth-service,cpu,2,app,chi_workload,KHONG-DOC,28,4,tai nguyen
TrainTicket,ts-auth-service,cpu,2,app,moi_cot,BARO,28,8,tai nguyen
TrainTicket,ts-auth-service,cpu,2,app,moi_cot,MEANSHIFT,28,1,tai nguyen
TrainTicket,ts-auth-service,cpu,2,app,moi_cot,KHONG-DOC,28,4,tai nguyen
TrainTicket,ts-auth-service,cpu,2,all,chi_cpu,BARO,68,9,tai nguyen
TrainTicket,ts-auth-service,cpu,2,all,chi_cpu,MEANSHIFT,68,1,tai nguyen
TrainTicket,ts-auth-service,cpu,2,all,chi_cpu,KHONG-DOC,68,9,tai nguyen
TrainTicket,ts-auth-service,cpu,2,all,chi_latency,BARO,27,3,tai nguyen
TrainTicket,ts-auth-service,cpu,2,all,chi_latency,MEANSHIFT,28,1,tai nguyen
TrainTicket,ts-auth-service,cpu,2,all,chi_latency,KHONG-DOC,28,4,tai nguyen
TrainTicket,ts-auth-service,cpu,2,all,chi_workload,BARO,28,11,tai nguyen
TrainTicket,ts-auth-service,cpu,2,all,chi_workload,MEANSHIFT,28,3,tai nguyen
TrainTicket,ts-auth-service,cpu,2,all,chi_workload,KHONG-DOC,28,4,tai nguyen
TrainTicket,ts-auth-service,cpu,2,all,moi_cot,BARO,68,10,tai nguyen
TrainTicket,ts-auth-service,cpu,2,all,moi_cot,MEANSHIFT,68,1,tai nguyen
TrainTicket,ts-auth-service,cpu,2,all,moi_cot,KHONG-DOC,68,9,tai nguyen
TrainTicket,ts-auth-service,cpu,3,fault5,chi_cpu,BARO,5,1,tai nguyen
TrainTicket,ts-auth-service,cpu,3,fault5,chi_cpu,MEANSHIFT,5,1,tai nguyen
TrainTicket,ts-auth-service,cpu,3,fault5,chi_cpu,KHONG-DOC,5,1,tai nguyen
TrainTicket,ts-auth-service,cpu,3,fault5,chi_latency,BARO,5,1,tai nguyen
TrainTicket,ts-auth-service,cpu,3,fault5,chi_latency,MEANSHIFT,5,1,tai nguyen
TrainTicket,ts-auth-service,cpu,3,fault5,chi_latency,KHONG-DOC,5,1,tai nguyen
TrainTicket,ts-auth-service,cpu,3,fault5,chi_workload,BARO,5,2,tai nguyen
TrainTicket,ts-auth-service,cpu,3,fault5,chi_workload,MEANSHIFT,5,1,tai nguyen
TrainTicket,ts-auth-service,cpu,3,fault5,chi_workload,KHONG-DOC,5,1,tai nguyen
TrainTicket,ts-auth-service,cpu,3,fault5,moi_cot,BARO,5,1,tai nguyen
TrainTicket,ts-auth-service,cpu,3,fault5,moi_cot,MEANSHIFT,5,1,tai nguyen
TrainTicket,ts-auth-service,cpu,3,fault5,moi_cot,KHONG-DOC,5,1,tai nguyen
TrainTicket,ts-auth-service,cpu,3,app,chi_cpu,BARO,28,3,tai nguyen
TrainTicket,ts-auth-service,cpu,3,app,chi_cpu,MEANSHIFT,28,1,tai nguyen
TrainTicket,ts-auth-service,cpu,3,app,chi_cpu,KHONG-DOC,28,4,tai nguyen
TrainTicket,ts-auth-service,cpu,3,app,chi_latency,BARO,27,1,tai nguyen
TrainTicket,ts-auth-service,cpu,3,app,chi_latency,MEANSHIFT,28,1,tai nguyen
TrainTicket,ts-auth-service,cpu,3,app,chi_latency,KHONG-DOC,28,4,tai nguyen
TrainTicket,ts-auth-service,cpu,3,app,chi_workload,BARO,28,6,tai nguyen
TrainTicket,ts-auth-service,cpu,3,app,chi_workload,MEANSHIFT,28,1,tai nguyen
TrainTicket,ts-auth-service,cpu,3,app,chi_workload,KHONG-DOC,28,4,tai nguyen
TrainTicket,ts-auth-service,cpu,3,app,moi_cot,BARO,28,4,tai nguyen
TrainTicket,ts-auth-service,cpu,3,app,moi_cot,MEANSHIFT,28,1,tai nguyen
TrainTicket,ts-auth-service,cpu,3,app,moi_cot,KHONG-DOC,28,4,tai nguyen
TrainTicket,ts-auth-service,cpu,3,all,chi_cpu,BARO,68,5,tai nguyen
TrainTicket,ts-auth-service,cpu,3,all,chi_cpu,MEANSHIFT,68,1,tai nguyen
TrainTicket,ts-auth-service,cpu,3,all,chi_cpu,KHONG-DOC,68,9,tai nguyen
TrainTicket,ts-auth-service,cpu,3,all,chi_latency,BARO,27,1,tai nguyen
TrainTicket,ts-auth-service,cpu,3,all,chi_latency,MEANSHIFT,28,1,tai nguyen
TrainTicket,ts-auth-service,cpu,3,all,chi_latency,KHONG-DOC,28,4,tai nguyen
TrainTicket,ts-auth-service,cpu,3,all,chi_workload,BARO,28,6,tai nguyen
TrainTicket,ts-auth-service,cpu,3,all,chi_workload,MEANSHIFT,28,1,tai nguyen
TrainTicket,ts-auth-service,cpu,3,all,chi_workload,KHONG-DOC,28,4,tai nguyen
TrainTicket,ts-auth-service,cpu,3,all,moi_cot,BARO,68,6,tai nguyen
TrainTicket,ts-auth-service,cpu,3,all,moi_cot,MEANSHIFT,68,1,tai nguyen
TrainTicket,ts-auth-service,cpu,3,all,moi_cot,KHONG-DOC,68,9,tai nguyen
TrainTicket,ts-auth-service,delay,1,fault5,chi_cpu,BARO,5,1,mang
TrainTicket,ts-auth-service,delay,1,fault5,chi_cpu,MEANSHIFT,5,2,mang
TrainTicket,ts-auth-service,delay,1,fault5,chi_cpu,KHONG-DOC,5,1,mang
TrainTicket,ts-auth-service,delay,1,fault5,chi_latency,BARO,5,1,mang
TrainTicket,ts-auth-service,delay,1,fault5,chi_latency,MEANSHIFT,5,1,mang
TrainTicket,ts-auth-service,delay,1,fault5,chi_latency,KHONG-DOC,5,1,mang
TrainTicket,ts-auth-service,delay,1,fault5,chi_workload,BARO,5,5,mang
TrainTicket,ts-auth-service,delay,1,fault5,chi_workload,MEANSHIFT,5,1,mang
TrainTicket,ts-auth-service,delay,1,fault5,chi_workload,KHONG-DOC,5,1,mang
TrainTicket,ts-auth-service,delay,1,fault5,moi_cot,BARO,5,1,mang
TrainTicket,ts-auth-service,delay,1,fault5,moi_cot,MEANSHIFT,5,1,mang
TrainTicket,ts-auth-service,delay,1,fault5,moi_cot,KHONG-DOC,5,1,mang
TrainTicket,ts-auth-service,delay,1,app,chi_cpu,BARO,28,13,mang
TrainTicket,ts-auth-service,delay,1,app,chi_cpu,MEANSHIFT,28,4,mang
TrainTicket,ts-auth-service,delay,1,app,chi_cpu,KHONG-DOC,28,4,mang
TrainTicket,ts-auth-service,delay,1,app,chi_latency,BARO,25,1,mang
TrainTicket,ts-auth-service,delay,1,app,chi_latency,MEANSHIFT,26,1,mang
TrainTicket,ts-auth-service,delay,1,app,chi_latency,KHONG-DOC,28,4,mang
TrainTicket,ts-auth-service,delay,1,app,chi_workload,BARO,28,14,mang
TrainTicket,ts-auth-service,delay,1,app,chi_workload,MEANSHIFT,28,3,mang
TrainTicket,ts-auth-service,delay,1,app,chi_workload,KHONG-DOC,28,4,mang
TrainTicket,ts-auth-service,delay,1,app,moi_cot,BARO,28,2,mang
TrainTicket,ts-auth-service,delay,1,app,moi_cot,MEANSHIFT,28,1,mang
TrainTicket,ts-auth-service,delay,1,app,moi_cot,KHONG-DOC,28,4,mang
TrainTicket,ts-auth-service,delay,1,all,chi_cpu,BARO,68,44,mang
TrainTicket,ts-auth-service,delay,1,all,chi_cpu,MEANSHIFT,68,5,mang
TrainTicket,ts-auth-service,delay,1,all,chi_cpu,KHONG-DOC,68,9,mang
TrainTicket,ts-auth-service,delay,1,all,chi_latency,BARO,25,1,mang
TrainTicket,ts-auth-service,delay,1,all,chi_latency,MEANSHIFT,26,1,mang
TrainTicket,ts-auth-service,delay,1,all,chi_latency,KHONG-DOC,28,4,mang
TrainTicket,ts-auth-service,delay,1,all,chi_workload,BARO,28,14,mang
TrainTicket,ts-auth-service,delay,1,all,chi_workload,MEANSHIFT,28,3,mang
TrainTicket,ts-auth-service,delay,1,all,chi_workload,KHONG-DOC,28,4,mang
TrainTicket,ts-auth-service,delay,1,all,moi_cot,BARO,68,6,mang
TrainTicket,ts-auth-service,delay,1,all,moi_cot,MEANSHIFT,68,1,mang
TrainTicket,ts-auth-service,delay,1,all,moi_cot,KHONG-DOC,68,9,mang
TrainTicket,ts-auth-service,delay,2,fault5,chi_cpu,BARO,5,1,mang
TrainTicket,ts-auth-service,delay,2,fault5,chi_cpu,MEANSHIFT,5,5,mang
TrainTicket,ts-auth-service,delay,2,fault5,chi_cpu,KHONG-DOC,5,1,mang
TrainTicket,ts-auth-service,delay,2,fault5,chi_latency,BARO,5,1,mang
TrainTicket,ts-auth-service,delay,2,fault5,chi_latency,MEANSHIFT,5,1,mang
TrainTicket,ts-auth-service,delay,2,fault5,chi_latency,KHONG-DOC,5,1,mang
TrainTicket,ts-auth-service,delay,2,fault5,chi_workload,BARO,5,5,mang
TrainTicket,ts-auth-service,delay,2,fault5,chi_workload,MEANSHIFT,5,5,mang
TrainTicket,ts-auth-service,delay,2,fault5,chi_workload,KHONG-DOC,5,1,mang
TrainTicket,ts-auth-service,delay,2,fault5,moi_cot,BARO,5,1,mang
TrainTicket,ts-auth-service,delay,2,fault5,moi_cot,MEANSHIFT,5,1,mang
TrainTicket,ts-auth-service,delay,2,fault5,moi_cot,KHONG-DOC,5,1,mang
TrainTicket,ts-auth-service,delay,2,app,chi_cpu,BARO,28,4,mang
TrainTicket,ts-auth-service,delay,2,app,chi_cpu,MEANSHIFT,28,12,mang
TrainTicket,ts-auth-service,delay,2,app,chi_cpu,KHONG-DOC,28,4,mang
TrainTicket,ts-auth-service,delay,2,app,chi_latency,BARO,28,1,mang
TrainTicket,ts-auth-service,delay,2,app,chi_latency,MEANSHIFT,28,2,mang
TrainTicket,ts-auth-service,delay,2,app,chi_latency,KHONG-DOC,28,4,mang
TrainTicket,ts-auth-service,delay,2,app,chi_workload,BARO,28,13,mang
TrainTicket,ts-auth-service,delay,2,app,chi_workload,MEANSHIFT,28,15,mang
TrainTicket,ts-auth-service,delay,2,app,chi_workload,KHONG-DOC,28,4,mang
TrainTicket,ts-auth-service,delay,2,app,moi_cot,BARO,28,5,mang
TrainTicket,ts-auth-service,delay,2,app,moi_cot,MEANSHIFT,28,2,mang
TrainTicket,ts-auth-service,delay,2,app,moi_cot,KHONG-DOC,28,4,mang
TrainTicket,ts-auth-service,delay,2,all,chi_cpu,BARO,68,32,mang
TrainTicket,ts-auth-service,delay,2,all,chi_cpu,MEANSHIFT,68,13,mang
TrainTicket,ts-auth-service,delay,2,all,chi_cpu,KHONG-DOC,68,9,mang
TrainTicket,ts-auth-service,delay,2,all,chi_latency,BARO,28,1,mang
TrainTicket,ts-auth-service,delay,2,all,chi_latency,MEANSHIFT,28,2,mang
TrainTicket,ts-auth-service,delay,2,all,chi_latency,KHONG-DOC,28,4,mang
TrainTicket,ts-auth-service,delay,2,all,chi_workload,BARO,28,13,mang
TrainTicket,ts-auth-service,delay,2,all,chi_workload,MEANSHIFT,28,15,mang
TrainTicket,ts-auth-service,delay,2,all,chi_workload,KHONG-DOC,28,4,mang
TrainTicket,ts-auth-service,delay,2,all,moi_cot,BARO,68,14,mang
TrainTicket,ts-auth-service,delay,2,all,moi_cot,MEANSHIFT,68,14,mang
TrainTicket,ts-auth-service,delay,2,all,moi_cot,KHONG-DOC,68,9,mang
TrainTicket,ts-auth-service,delay,3,fault5,chi_cpu,BARO,5,1,mang
TrainTicket,ts-auth-service,delay,3,fault5,chi_cpu,MEANSHIFT,5,5,mang
TrainTicket,ts-auth-service,delay,3,fault5,chi_cpu,KHONG-DOC,5,1,mang
TrainTicket,ts-auth-service,delay,3,fault5,chi_latency,BARO,5,1,mang
TrainTicket,ts-auth-service,delay,3,fault5,chi_latency,MEANSHIFT,5,1,mang
TrainTicket,ts-auth-service,delay,3,fault5,chi_latency,KHONG-DOC,5,1,mang
TrainTicket,ts-auth-service,delay,3,fault5,chi_workload,BARO,5,5,mang
TrainTicket,ts-auth-service,delay,3,fault5,chi_workload,MEANSHIFT,5,3,mang
TrainTicket,ts-auth-service,delay,3,fault5,chi_workload,KHONG-DOC,5,1,mang
TrainTicket,ts-auth-service,delay,3,fault5,moi_cot,BARO,5,1,mang
TrainTicket,ts-auth-service,delay,3,fault5,moi_cot,MEANSHIFT,5,1,mang
TrainTicket,ts-auth-service,delay,3,fault5,moi_cot,KHONG-DOC,5,1,mang
TrainTicket,ts-auth-service,delay,3,app,chi_cpu,BARO,28,6,mang
TrainTicket,ts-auth-service,delay,3,app,chi_cpu,MEANSHIFT,28,26,mang
TrainTicket,ts-auth-service,delay,3,app,chi_cpu,KHONG-DOC,28,4,mang
TrainTicket,ts-auth-service,delay,3,app,chi_latency,BARO,28,2,mang
TrainTicket,ts-auth-service,delay,3,app,chi_latency,MEANSHIFT,28,1,mang
TrainTicket,ts-auth-service,delay,3,app,chi_latency,KHONG-DOC,28,4,mang
TrainTicket,ts-auth-service,delay,3,app,chi_workload,BARO,28,22,mang
TrainTicket,ts-auth-service,delay,3,app,chi_workload,MEANSHIFT,28,20,mang
TrainTicket,ts-auth-service,delay,3,app,chi_workload,KHONG-DOC,28,4,mang
TrainTicket,ts-auth-service,delay,3,app,moi_cot,BARO,28,4,mang
TrainTicket,ts-auth-service,delay,3,app,moi_cot,MEANSHIFT,28,1,mang
TrainTicket,ts-auth-service,delay,3,app,moi_cot,KHONG-DOC,28,4,mang
TrainTicket,ts-auth-service,delay,3,all,chi_cpu,BARO,68,43,mang
TrainTicket,ts-auth-service,delay,3,all,chi_cpu,MEANSHIFT,68,40,mang
TrainTicket,ts-auth-service,delay,3,all,chi_cpu,KHONG-DOC,68,9,mang
TrainTicket,ts-auth-service,delay,3,all,chi_latency,BARO,28,2,mang
TrainTicket,ts-auth-service,delay,3,all,chi_latency,MEANSHIFT,28,1,mang
TrainTicket,ts-auth-service,delay,3,all,chi_latency,KHONG-DOC,28,4,mang
TrainTicket,ts-auth-service,delay,3,all,chi_workload,BARO,28,22,mang
TrainTicket,ts-auth-service,delay,3,all,chi_workload,MEANSHIFT,28,20,mang
TrainTicket,ts-auth-service,delay,3,all,chi_workload,KHONG-DOC,28,4,mang
TrainTicket,ts-auth-service,delay,3,all,moi_cot,BARO,68,15,mang
TrainTicket,ts-auth-service,delay,3,all,moi_cot,MEANSHIFT,68,6,mang
TrainTicket,ts-auth-service,delay,3,all,moi_cot,KHONG-DOC,68,9,mang
TrainTicket,ts-auth-service,disk,1,fault5,chi_cpu,BARO,5,1,tai nguyen
TrainTicket,ts-auth-service,disk,1,fault5,chi_cpu,MEANSHIFT,5,1,tai nguyen
TrainTicket,ts-auth-service,disk,1,fault5,chi_cpu,KHONG-DOC,5,1,tai nguyen
TrainTicket,ts-auth-service,disk,1,fault5,chi_latency,BARO,5,2,tai nguyen
TrainTicket,ts-auth-service,disk,1,fault5,chi_latency,MEANSHIFT,5,2,tai nguyen
TrainTicket,ts-auth-service,disk,1,fault5,chi_latency,KHONG-DOC,5,1,tai nguyen
TrainTicket,ts-auth-service,disk,1,fault5,chi_workload,BARO,5,1,tai nguyen
TrainTicket,ts-auth-service,disk,1,fault5,chi_workload,MEANSHIFT,5,3,tai nguyen
TrainTicket,ts-auth-service,disk,1,fault5,chi_workload,KHONG-DOC,5,1,tai nguyen
TrainTicket,ts-auth-service,disk,1,fault5,moi_cot,BARO,5,1,tai nguyen
TrainTicket,ts-auth-service,disk,1,fault5,moi_cot,MEANSHIFT,5,1,tai nguyen
TrainTicket,ts-auth-service,disk,1,fault5,moi_cot,KHONG-DOC,5,1,tai nguyen
TrainTicket,ts-auth-service,disk,1,app,chi_cpu,BARO,28,5,tai nguyen
TrainTicket,ts-auth-service,disk,1,app,chi_cpu,MEANSHIFT,28,1,tai nguyen
TrainTicket,ts-auth-service,disk,1,app,chi_cpu,KHONG-DOC,28,4,tai nguyen
TrainTicket,ts-auth-service,disk,1,app,chi_latency,BARO,28,4,tai nguyen
TrainTicket,ts-auth-service,disk,1,app,chi_latency,MEANSHIFT,28,7,tai nguyen
TrainTicket,ts-auth-service,disk,1,app,chi_latency,KHONG-DOC,28,4,tai nguyen
TrainTicket,ts-auth-service,disk,1,app,chi_workload,BARO,28,8,tai nguyen
TrainTicket,ts-auth-service,disk,1,app,chi_workload,MEANSHIFT,28,18,tai nguyen
TrainTicket,ts-auth-service,disk,1,app,chi_workload,KHONG-DOC,28,4,tai nguyen
TrainTicket,ts-auth-service,disk,1,app,moi_cot,BARO,28,1,tai nguyen
TrainTicket,ts-auth-service,disk,1,app,moi_cot,MEANSHIFT,28,1,tai nguyen
TrainTicket,ts-auth-service,disk,1,app,moi_cot,KHONG-DOC,28,4,tai nguyen
TrainTicket,ts-auth-service,disk,1,all,chi_cpu,BARO,68,21,tai nguyen
TrainTicket,ts-auth-service,disk,1,all,chi_cpu,MEANSHIFT,68,1,tai nguyen
TrainTicket,ts-auth-service,disk,1,all,chi_cpu,KHONG-DOC,68,9,tai nguyen
TrainTicket,ts-auth-service,disk,1,all,chi_latency,BARO,28,4,tai nguyen
TrainTicket,ts-auth-service,disk,1,all,chi_latency,MEANSHIFT,28,7,tai nguyen
TrainTicket,ts-auth-service,disk,1,all,chi_latency,KHONG-DOC,28,4,tai nguyen
TrainTicket,ts-auth-service,disk,1,all,chi_workload,BARO,28,8,tai nguyen
TrainTicket,ts-auth-service,disk,1,all,chi_workload,MEANSHIFT,28,18,tai nguyen
TrainTicket,ts-auth-service,disk,1,all,chi_workload,KHONG-DOC,28,4,tai nguyen
TrainTicket,ts-auth-service,disk,1,all,moi_cot,BARO,68,1,tai nguyen
TrainTicket,ts-auth-service,disk,1,all,moi_cot,MEANSHIFT,68,1,tai nguyen
TrainTicket,ts-auth-service,disk,1,all,moi_cot,KHONG-DOC,68,9,tai nguyen
TrainTicket,ts-auth-service,disk,2,fault5,chi_cpu,BARO,5,1,tai nguyen
TrainTicket,ts-auth-service,disk,2,fault5,chi_cpu,MEANSHIFT,5,1,tai nguyen
TrainTicket,ts-auth-service,disk,2,fault5,chi_cpu,KHONG-DOC,5,1,tai nguyen
TrainTicket,ts-auth-service,disk,2,fault5,chi_latency,BARO,5,1,tai nguyen
TrainTicket,ts-auth-service,disk,2,fault5,chi_latency,MEANSHIFT,5,1,tai nguyen
TrainTicket,ts-auth-service,disk,2,fault5,chi_latency,KHONG-DOC,5,1,tai nguyen
TrainTicket,ts-auth-service,disk,2,fault5,chi_workload,BARO,5,5,tai nguyen
TrainTicket,ts-auth-service,disk,2,fault5,chi_workload,MEANSHIFT,5,1,tai nguyen
TrainTicket,ts-auth-service,disk,2,fault5,chi_workload,KHONG-DOC,5,1,tai nguyen
TrainTicket,ts-auth-service,disk,2,fault5,moi_cot,BARO,5,1,tai nguyen
TrainTicket,ts-auth-service,disk,2,fault5,moi_cot,MEANSHIFT,5,1,tai nguyen
TrainTicket,ts-auth-service,disk,2,fault5,moi_cot,KHONG-DOC,5,1,tai nguyen
TrainTicket,ts-auth-service,disk,2,app,chi_cpu,BARO,28,1,tai nguyen
TrainTicket,ts-auth-service,disk,2,app,chi_cpu,MEANSHIFT,28,1,tai nguyen
TrainTicket,ts-auth-service,disk,2,app,chi_cpu,KHONG-DOC,28,4,tai nguyen
TrainTicket,ts-auth-service,disk,2,app,chi_latency,BARO,28,1,tai nguyen
TrainTicket,ts-auth-service,disk,2,app,chi_latency,MEANSHIFT,28,1,tai nguyen
TrainTicket,ts-auth-service,disk,2,app,chi_latency,KHONG-DOC,28,4,tai nguyen
TrainTicket,ts-auth-service,disk,2,app,chi_workload,BARO,28,26,tai nguyen
TrainTicket,ts-auth-service,disk,2,app,chi_workload,MEANSHIFT,28,3,tai nguyen
TrainTicket,ts-auth-service,disk,2,app,chi_workload,KHONG-DOC,28,4,tai nguyen
TrainTicket,ts-auth-service,disk,2,app,moi_cot,BARO,28,1,tai nguyen
TrainTicket,ts-auth-service,disk,2,app,moi_cot,MEANSHIFT,28,1,tai nguyen
TrainTicket,ts-auth-service,disk,2,app,moi_cot,KHONG-DOC,28,4,tai nguyen
TrainTicket,ts-auth-service,disk,2,all,chi_cpu,BARO,68,3,tai nguyen
TrainTicket,ts-auth-service,disk,2,all,chi_cpu,MEANSHIFT,68,1,tai nguyen
TrainTicket,ts-auth-service,disk,2,all,chi_cpu,KHONG-DOC,68,9,tai nguyen
TrainTicket,ts-auth-service,disk,2,all,chi_latency,BARO,28,1,tai nguyen
TrainTicket,ts-auth-service,disk,2,all,chi_latency,MEANSHIFT,28,1,tai nguyen
TrainTicket,ts-auth-service,disk,2,all,chi_latency,KHONG-DOC,28,4,tai nguyen
TrainTicket,ts-auth-service,disk,2,all,chi_workload,BARO,28,26,tai nguyen
TrainTicket,ts-auth-service,disk,2,all,chi_workload,MEANSHIFT,28,3,tai nguyen
TrainTicket,ts-auth-service,disk,2,all,chi_workload,KHONG-DOC,28,4,tai nguyen
TrainTicket,ts-auth-service,disk,2,all,moi_cot,BARO,68,1,tai nguyen
TrainTicket,ts-auth-service,disk,2,all,moi_cot,MEANSHIFT,68,1,tai nguyen
TrainTicket,ts-auth-service,disk,2,all,moi_cot,KHONG-DOC,68,9,tai nguyen
TrainTicket,ts-auth-service,disk,3,fault5,chi_cpu,BARO,5,1,tai nguyen
TrainTicket,ts-auth-service,disk,3,fault5,chi_cpu,MEANSHIFT,5,1,tai nguyen
TrainTicket,ts-auth-service,disk,3,fault5,chi_cpu,KHONG-DOC,5,1,tai nguyen
TrainTicket,ts-auth-service,disk,3,fault5,chi_latency,BARO,5,1,tai nguyen
TrainTicket,ts-auth-service,disk,3,fault5,chi_latency,MEANSHIFT,5,1,tai nguyen
TrainTicket,ts-auth-service,disk,3,fault5,chi_latency,KHONG-DOC,5,1,tai nguyen
TrainTicket,ts-auth-service,disk,3,fault5,chi_workload,BARO,5,4,tai nguyen
TrainTicket,ts-auth-service,disk,3,fault5,chi_workload,MEANSHIFT,5,1,tai nguyen
TrainTicket,ts-auth-service,disk,3,fault5,chi_workload,KHONG-DOC,5,1,tai nguyen
TrainTicket,ts-auth-service,disk,3,fault5,moi_cot,BARO,5,1,tai nguyen
TrainTicket,ts-auth-service,disk,3,fault5,moi_cot,MEANSHIFT,5,1,tai nguyen
TrainTicket,ts-auth-service,disk,3,fault5,moi_cot,KHONG-DOC,5,1,tai nguyen
TrainTicket,ts-auth-service,disk,3,app,chi_cpu,BARO,28,3,tai nguyen
TrainTicket,ts-auth-service,disk,3,app,chi_cpu,MEANSHIFT,28,1,tai nguyen
TrainTicket,ts-auth-service,disk,3,app,chi_cpu,KHONG-DOC,28,4,tai nguyen
TrainTicket,ts-auth-service,disk,3,app,chi_latency,BARO,28,1,tai nguyen
TrainTicket,ts-auth-service,disk,3,app,chi_latency,MEANSHIFT,28,1,tai nguyen
TrainTicket,ts-auth-service,disk,3,app,chi_latency,KHONG-DOC,28,4,tai nguyen
TrainTicket,ts-auth-service,disk,3,app,chi_workload,BARO,28,11,tai nguyen
TrainTicket,ts-auth-service,disk,3,app,chi_workload,MEANSHIFT,28,1,tai nguyen
TrainTicket,ts-auth-service,disk,3,app,chi_workload,KHONG-DOC,28,4,tai nguyen
TrainTicket,ts-auth-service,disk,3,app,moi_cot,BARO,28,1,tai nguyen
TrainTicket,ts-auth-service,disk,3,app,moi_cot,MEANSHIFT,28,1,tai nguyen
TrainTicket,ts-auth-service,disk,3,app,moi_cot,KHONG-DOC,28,4,tai nguyen
TrainTicket,ts-auth-service,disk,3,all,chi_cpu,BARO,68,17,tai nguyen
TrainTicket,ts-auth-service,disk,3,all,chi_cpu,MEANSHIFT,68,1,tai nguyen
TrainTicket,ts-auth-service,disk,3,all,chi_cpu,KHONG-DOC,68,9,tai nguyen
TrainTicket,ts-auth-service,disk,3,all,chi_latency,BARO,28,1,tai nguyen
TrainTicket,ts-auth-service,disk,3,all,chi_latency,MEANSHIFT,28,1,tai nguyen
TrainTicket,ts-auth-service,disk,3,all,chi_latency,KHONG-DOC,28,4,tai nguyen
TrainTicket,ts-auth-service,disk,3,all,chi_workload,BARO,28,11,tai nguyen
TrainTicket,ts-auth-service,disk,3,all,chi_workload,MEANSHIFT,28,1,tai nguyen
TrainTicket,ts-auth-service,disk,3,all,chi_workload,KHONG-DOC,28,4,tai nguyen
TrainTicket,ts-auth-service,disk,3,all,moi_cot,BARO,68,1,tai nguyen
TrainTicket,ts-auth-service,disk,3,all,moi_cot,MEANSHIFT,68,1,tai nguyen
TrainTicket,ts-auth-service,disk,3,all,moi_cot,KHONG-DOC,68,9,tai nguyen
TrainTicket,ts-auth-service,loss,1,fault5,chi_cpu,BARO,5,3,mang
TrainTicket,ts-auth-service,loss,1,fault5,chi_cpu,MEANSHIFT,5,1,mang
TrainTicket,ts-auth-service,loss,1,fault5,chi_cpu,KHONG-DOC,5,1,mang
TrainTicket,ts-auth-service,loss,1,fault5,chi_latency,BARO,5,1,mang
TrainTicket,ts-auth-service,loss,1,fault5,chi_latency,MEANSHIFT,5,1,mang
TrainTicket,ts-auth-service,loss,1,fault5,chi_latency,KHONG-DOC,5,1,mang
TrainTicket,ts-auth-service,loss,1,fault5,chi_workload,BARO,5,1,mang
TrainTicket,ts-auth-service,loss,1,fault5,chi_workload,MEANSHIFT,5,4,mang
TrainTicket,ts-auth-service,loss,1,fault5,chi_workload,KHONG-DOC,5,1,mang
TrainTicket,ts-auth-service,loss,1,fault5,moi_cot,BARO,5,1,mang
TrainTicket,ts-auth-service,loss,1,fault5,moi_cot,MEANSHIFT,5,4,mang
TrainTicket,ts-auth-service,loss,1,fault5,moi_cot,KHONG-DOC,5,1,mang
TrainTicket,ts-auth-service,loss,1,app,chi_cpu,BARO,28,13,mang
TrainTicket,ts-auth-service,loss,1,app,chi_cpu,MEANSHIFT,28,13,mang
TrainTicket,ts-auth-service,loss,1,app,chi_cpu,KHONG-DOC,28,4,mang
TrainTicket,ts-auth-service,loss,1,app,chi_latency,BARO,27,4,mang
TrainTicket,ts-auth-service,loss,1,app,chi_latency,MEANSHIFT,27,4,mang
TrainTicket,ts-auth-service,loss,1,app,chi_latency,KHONG-DOC,28,4,mang
TrainTicket,ts-auth-service,loss,1,app,chi_workload,BARO,28,4,mang
TrainTicket,ts-auth-service,loss,1,app,chi_workload,MEANSHIFT,28,15,mang
TrainTicket,ts-auth-service,loss,1,app,chi_workload,KHONG-DOC,28,4,mang
TrainTicket,ts-auth-service,loss,1,app,moi_cot,BARO,28,5,mang
TrainTicket,ts-auth-service,loss,1,app,moi_cot,MEANSHIFT,28,19,mang
TrainTicket,ts-auth-service,loss,1,app,moi_cot,KHONG-DOC,28,4,mang
TrainTicket,ts-auth-service,loss,1,all,chi_cpu,BARO,68,50,mang
TrainTicket,ts-auth-service,loss,1,all,chi_cpu,MEANSHIFT,68,21,mang
TrainTicket,ts-auth-service,loss,1,all,chi_cpu,KHONG-DOC,68,9,mang
TrainTicket,ts-auth-service,loss,1,all,chi_latency,BARO,27,4,mang
TrainTicket,ts-auth-service,loss,1,all,chi_latency,MEANSHIFT,27,4,mang
TrainTicket,ts-auth-service,loss,1,all,chi_latency,KHONG-DOC,28,4,mang
TrainTicket,ts-auth-service,loss,1,all,chi_workload,BARO,28,4,mang
TrainTicket,ts-auth-service,loss,1,all,chi_workload,MEANSHIFT,28,15,mang
TrainTicket,ts-auth-service,loss,1,all,chi_workload,KHONG-DOC,28,4,mang
TrainTicket,ts-auth-service,loss,1,all,moi_cot,BARO,68,5,mang
TrainTicket,ts-auth-service,loss,1,all,moi_cot,MEANSHIFT,68,42,mang
TrainTicket,ts-auth-service,loss,1,all,moi_cot,KHONG-DOC,68,9,mang
TrainTicket,ts-auth-service,loss,2,fault5,chi_cpu,BARO,5,1,mang
TrainTicket,ts-auth-service,loss,2,fault5,chi_cpu,MEANSHIFT,5,3,mang
TrainTicket,ts-auth-service,loss,2,fault5,chi_cpu,KHONG-DOC,5,1,mang
TrainTicket,ts-auth-service,loss,2,fault5,chi_latency,BARO,5,1,mang
TrainTicket,ts-auth-service,loss,2,fault5,chi_latency,MEANSHIFT,5,2,mang
TrainTicket,ts-auth-service,loss,2,fault5,chi_latency,KHONG-DOC,5,1,mang
TrainTicket,ts-auth-service,loss,2,fault5,chi_workload,BARO,5,1,mang
TrainTicket,ts-auth-service,loss,2,fault5,chi_workload,MEANSHIFT,5,3,mang
TrainTicket,ts-auth-service,loss,2,fault5,chi_workload,KHONG-DOC,5,1,mang
TrainTicket,ts-auth-service,loss,2,fault5,moi_cot,BARO,5,3,mang
TrainTicket,ts-auth-service,loss,2,fault5,moi_cot,MEANSHIFT,5,4,mang
TrainTicket,ts-auth-service,loss,2,fault5,moi_cot,KHONG-DOC,5,1,mang
TrainTicket,ts-auth-service,loss,2,app,chi_cpu,BARO,28,8,mang
TrainTicket,ts-auth-service,loss,2,app,chi_cpu,MEANSHIFT,28,9,mang
TrainTicket,ts-auth-service,loss,2,app,chi_cpu,KHONG-DOC,28,4,mang
TrainTicket,ts-auth-service,loss,2,app,chi_latency,BARO,28,3,mang
TrainTicket,ts-auth-service,loss,2,app,chi_latency,MEANSHIFT,28,8,mang
TrainTicket,ts-auth-service,loss,2,app,chi_latency,KHONG-DOC,28,4,mang
TrainTicket,ts-auth-service,loss,2,app,chi_workload,BARO,28,6,mang
TrainTicket,ts-auth-service,loss,2,app,chi_workload,MEANSHIFT,28,18,mang
TrainTicket,ts-auth-service,loss,2,app,chi_workload,KHONG-DOC,28,4,mang
TrainTicket,ts-auth-service,loss,2,app,moi_cot,BARO,28,17,mang
TrainTicket,ts-auth-service,loss,2,app,moi_cot,MEANSHIFT,28,26,mang
TrainTicket,ts-auth-service,loss,2,app,moi_cot,KHONG-DOC,28,4,mang
TrainTicket,ts-auth-service,loss,2,all,chi_cpu,BARO,68,43,mang
TrainTicket,ts-auth-service,loss,2,all,chi_cpu,MEANSHIFT,68,19,mang
TrainTicket,ts-auth-service,loss,2,all,chi_cpu,KHONG-DOC,68,9,mang
TrainTicket,ts-auth-service,loss,2,all,chi_latency,BARO,28,3,mang
TrainTicket,ts-auth-service,loss,2,all,chi_latency,MEANSHIFT,28,8,mang
TrainTicket,ts-auth-service,loss,2,all,chi_latency,KHONG-DOC,28,4,mang
TrainTicket,ts-auth-service,loss,2,all,chi_workload,BARO,28,6,mang
TrainTicket,ts-auth-service,loss,2,all,chi_workload,MEANSHIFT,28,18,mang
TrainTicket,ts-auth-service,loss,2,all,chi_workload,KHONG-DOC,28,4,mang
TrainTicket,ts-auth-service,loss,2,all,moi_cot,BARO,68,52,mang
TrainTicket,ts-auth-service,loss,2,all,moi_cot,MEANSHIFT,68,56,mang
TrainTicket,ts-auth-service,loss,2,all,moi_cot,KHONG-DOC,68,9,mang
TrainTicket,ts-auth-service,loss,3,fault5,chi_cpu,BARO,5,1,mang
TrainTicket,ts-auth-service,loss,3,fault5,chi_cpu,MEANSHIFT,5,4,mang
TrainTicket,ts-auth-service,loss,3,fault5,chi_cpu,KHONG-DOC,5,1,mang
TrainTicket,ts-auth-service,loss,3,fault5,chi_latency,BARO,5,2,mang
TrainTicket,ts-auth-service,loss,3,fault5,chi_latency,MEANSHIFT,5,5,mang
TrainTicket,ts-auth-service,loss,3,fault5,chi_latency,KHONG-DOC,5,1,mang
TrainTicket,ts-auth-service,loss,3,fault5,chi_workload,BARO,5,4,mang
TrainTicket,ts-auth-service,loss,3,fault5,chi_workload,MEANSHIFT,5,2,mang
TrainTicket,ts-auth-service,loss,3,fault5,chi_workload,KHONG-DOC,5,1,mang
TrainTicket,ts-auth-service,loss,3,fault5,moi_cot,BARO,5,4,mang
TrainTicket,ts-auth-service,loss,3,fault5,moi_cot,MEANSHIFT,5,5,mang
TrainTicket,ts-auth-service,loss,3,fault5,moi_cot,KHONG-DOC,5,1,mang
TrainTicket,ts-auth-service,loss,3,app,chi_cpu,BARO,28,6,mang
TrainTicket,ts-auth-service,loss,3,app,chi_cpu,MEANSHIFT,28,25,mang
TrainTicket,ts-auth-service,loss,3,app,chi_cpu,KHONG-DOC,28,4,mang
TrainTicket,ts-auth-service,loss,3,app,chi_latency,BARO,27,6,mang
TrainTicket,ts-auth-service,loss,3,app,chi_latency,MEANSHIFT,28,13,mang
TrainTicket,ts-auth-service,loss,3,app,chi_latency,KHONG-DOC,28,4,mang
TrainTicket,ts-auth-service,loss,3,app,chi_workload,BARO,28,15,mang
TrainTicket,ts-auth-service,loss,3,app,chi_workload,MEANSHIFT,28,6,mang
TrainTicket,ts-auth-service,loss,3,app,chi_workload,KHONG-DOC,28,4,mang
TrainTicket,ts-auth-service,loss,3,app,moi_cot,BARO,28,15,mang
TrainTicket,ts-auth-service,loss,3,app,moi_cot,MEANSHIFT,28,27,mang
TrainTicket,ts-auth-service,loss,3,app,moi_cot,KHONG-DOC,28,4,mang
TrainTicket,ts-auth-service,loss,3,all,chi_cpu,BARO,68,30,mang
TrainTicket,ts-auth-service,loss,3,all,chi_cpu,MEANSHIFT,68,62,mang
TrainTicket,ts-auth-service,loss,3,all,chi_cpu,KHONG-DOC,68,9,mang
TrainTicket,ts-auth-service,loss,3,all,chi_latency,BARO,27,6,mang
TrainTicket,ts-auth-service,loss,3,all,chi_latency,MEANSHIFT,28,13,mang
TrainTicket,ts-auth-service,loss,3,all,chi_latency,KHONG-DOC,28,4,mang
TrainTicket,ts-auth-service,loss,3,all,chi_workload,BARO,28,15,mang
TrainTicket,ts-auth-service,loss,3,all,chi_workload,MEANSHIFT,28,6,mang
TrainTicket,ts-auth-service,loss,3,all,chi_workload,KHONG-DOC,28,4,mang
TrainTicket,ts-auth-service,loss,3,all,moi_cot,BARO,68,40,mang
TrainTicket,ts-auth-service,loss,3,all,moi_cot,MEANSHIFT,68,63,mang
TrainTicket,ts-auth-service,loss,3,all,moi_cot,KHONG-DOC,68,9,mang
TrainTicket,ts-auth-service,mem,1,fault5,chi_cpu,BARO,5,1,tai nguyen
TrainTicket,ts-auth-service,mem,1,fault5,chi_cpu,MEANSHIFT,5,1,tai nguyen
TrainTicket,ts-auth-service,mem,1,fault5,chi_cpu,KHONG-DOC,5,1,tai nguyen
TrainTicket,ts-auth-service,mem,1,fault5,chi_latency,BARO,5,1,tai nguyen
TrainTicket,ts-auth-service,mem,1,fault5,chi_latency,MEANSHIFT,5,1,tai nguyen
TrainTicket,ts-auth-service,mem,1,fault5,chi_latency,KHONG-DOC,5,1,tai nguyen
TrainTicket,ts-auth-service,mem,1,fault5,chi_workload,BARO,5,1,tai nguyen
TrainTicket,ts-auth-service,mem,1,fault5,chi_workload,MEANSHIFT,5,1,tai nguyen
TrainTicket,ts-auth-service,mem,1,fault5,chi_workload,KHONG-DOC,5,1,tai nguyen
TrainTicket,ts-auth-service,mem,1,fault5,moi_cot,BARO,5,1,tai nguyen
TrainTicket,ts-auth-service,mem,1,fault5,moi_cot,MEANSHIFT,5,1,tai nguyen
TrainTicket,ts-auth-service,mem,1,fault5,moi_cot,KHONG-DOC,5,1,tai nguyen
TrainTicket,ts-auth-service,mem,1,app,chi_cpu,BARO,28,2,tai nguyen
TrainTicket,ts-auth-service,mem,1,app,chi_cpu,MEANSHIFT,28,1,tai nguyen
TrainTicket,ts-auth-service,mem,1,app,chi_cpu,KHONG-DOC,28,4,tai nguyen
TrainTicket,ts-auth-service,mem,1,app,chi_latency,BARO,27,2,tai nguyen
TrainTicket,ts-auth-service,mem,1,app,chi_latency,MEANSHIFT,28,2,tai nguyen
TrainTicket,ts-auth-service,mem,1,app,chi_latency,KHONG-DOC,28,4,tai nguyen
TrainTicket,ts-auth-service,mem,1,app,chi_workload,BARO,28,5,tai nguyen
TrainTicket,ts-auth-service,mem,1,app,chi_workload,MEANSHIFT,28,1,tai nguyen
TrainTicket,ts-auth-service,mem,1,app,chi_workload,KHONG-DOC,28,4,tai nguyen
TrainTicket,ts-auth-service,mem,1,app,moi_cot,BARO,28,1,tai nguyen
TrainTicket,ts-auth-service,mem,1,app,moi_cot,MEANSHIFT,28,2,tai nguyen
TrainTicket,ts-auth-service,mem,1,app,moi_cot,KHONG-DOC,28,4,tai nguyen
TrainTicket,ts-auth-service,mem,1,all,chi_cpu,BARO,68,6,tai nguyen
TrainTicket,ts-auth-service,mem,1,all,chi_cpu,MEANSHIFT,68,1,tai nguyen
TrainTicket,ts-auth-service,mem,1,all,chi_cpu,KHONG-DOC,68,9,tai nguyen
TrainTicket,ts-auth-service,mem,1,all,chi_latency,BARO,27,2,tai nguyen
TrainTicket,ts-auth-service,mem,1,all,chi_latency,MEANSHIFT,28,2,tai nguyen
TrainTicket,ts-auth-service,mem,1,all,chi_latency,KHONG-DOC,28,4,tai nguyen
TrainTicket,ts-auth-service,mem,1,all,chi_workload,BARO,28,5,tai nguyen
TrainTicket,ts-auth-service,mem,1,all,chi_workload,MEANSHIFT,28,1,tai nguyen
TrainTicket,ts-auth-service,mem,1,all,chi_workload,KHONG-DOC,28,4,tai nguyen
TrainTicket,ts-auth-service,mem,1,all,moi_cot,BARO,68,2,tai nguyen
TrainTicket,ts-auth-service,mem,1,all,moi_cot,MEANSHIFT,68,2,tai nguyen
TrainTicket,ts-auth-service,mem,1,all,moi_cot,KHONG-DOC,68,9,tai nguyen
TrainTicket,ts-auth-service,mem,2,fault5,chi_cpu,BARO,5,1,tai nguyen
TrainTicket,ts-auth-service,mem,2,fault5,chi_cpu,MEANSHIFT,5,1,tai nguyen
TrainTicket,ts-auth-service,mem,2,fault5,chi_cpu,KHONG-DOC,5,1,tai nguyen
TrainTicket,ts-auth-service,mem,2,fault5,chi_latency,BARO,5,1,tai nguyen
TrainTicket,ts-auth-service,mem,2,fault5,chi_latency,MEANSHIFT,5,1,tai nguyen
TrainTicket,ts-auth-service,mem,2,fault5,chi_latency,KHONG-DOC,5,1,tai nguyen
TrainTicket,ts-auth-service,mem,2,fault5,chi_workload,BARO,5,1,tai nguyen
TrainTicket,ts-auth-service,mem,2,fault5,chi_workload,MEANSHIFT,5,3,tai nguyen
TrainTicket,ts-auth-service,mem,2,fault5,chi_workload,KHONG-DOC,5,1,tai nguyen
TrainTicket,ts-auth-service,mem,2,fault5,moi_cot,BARO,5,1,tai nguyen
TrainTicket,ts-auth-service,mem,2,fault5,moi_cot,MEANSHIFT,5,1,tai nguyen
TrainTicket,ts-auth-service,mem,2,fault5,moi_cot,KHONG-DOC,5,1,tai nguyen
TrainTicket,ts-auth-service,mem,2,app,chi_cpu,BARO,28,3,tai nguyen
TrainTicket,ts-auth-service,mem,2,app,chi_cpu,MEANSHIFT,28,1,tai nguyen
TrainTicket,ts-auth-service,mem,2,app,chi_cpu,KHONG-DOC,28,4,tai nguyen
TrainTicket,ts-auth-service,mem,2,app,chi_latency,BARO,27,1,tai nguyen
TrainTicket,ts-auth-service,mem,2,app,chi_latency,MEANSHIFT,28,2,tai nguyen
TrainTicket,ts-auth-service,mem,2,app,chi_latency,KHONG-DOC,28,4,tai nguyen
TrainTicket,ts-auth-service,mem,2,app,chi_workload,BARO,28,6,tai nguyen
TrainTicket,ts-auth-service,mem,2,app,chi_workload,MEANSHIFT,28,7,tai nguyen
TrainTicket,ts-auth-service,mem,2,app,chi_workload,KHONG-DOC,28,4,tai nguyen
TrainTicket,ts-auth-service,mem,2,app,moi_cot,BARO,28,1,tai nguyen
TrainTicket,ts-auth-service,mem,2,app,moi_cot,MEANSHIFT,28,2,tai nguyen
TrainTicket,ts-auth-service,mem,2,app,moi_cot,KHONG-DOC,28,4,tai nguyen
TrainTicket,ts-auth-service,mem,2,all,chi_cpu,BARO,68,7,tai nguyen
TrainTicket,ts-auth-service,mem,2,all,chi_cpu,MEANSHIFT,68,1,tai nguyen
TrainTicket,ts-auth-service,mem,2,all,chi_cpu,KHONG-DOC,68,9,tai nguyen
TrainTicket,ts-auth-service,mem,2,all,chi_latency,BARO,27,1,tai nguyen
TrainTicket,ts-auth-service,mem,2,all,chi_latency,MEANSHIFT,28,2,tai nguyen
TrainTicket,ts-auth-service,mem,2,all,chi_latency,KHONG-DOC,28,4,tai nguyen
TrainTicket,ts-auth-service,mem,2,all,chi_workload,BARO,28,6,tai nguyen
TrainTicket,ts-auth-service,mem,2,all,chi_workload,MEANSHIFT,28,7,tai nguyen
TrainTicket,ts-auth-service,mem,2,all,chi_workload,KHONG-DOC,28,4,tai nguyen
TrainTicket,ts-auth-service,mem,2,all,moi_cot,BARO,68,1,tai nguyen
TrainTicket,ts-auth-service,mem,2,all,moi_cot,MEANSHIFT,68,2,tai nguyen
TrainTicket,ts-auth-service,mem,2,all,moi_cot,KHONG-DOC,68,9,tai nguyen
TrainTicket,ts-auth-service,mem,3,fault5,chi_cpu,BARO,5,1,tai nguyen
TrainTicket,ts-auth-service,mem,3,fault5,chi_cpu,MEANSHIFT,5,1,tai nguyen
TrainTicket,ts-auth-service,mem,3,fault5,chi_cpu,KHONG-DOC,5,1,tai nguyen
TrainTicket,ts-auth-service,mem,3,fault5,chi_latency,BARO,5,1,tai nguyen
TrainTicket,ts-auth-service,mem,3,fault5,chi_latency,MEANSHIFT,5,1,tai nguyen
TrainTicket,ts-auth-service,mem,3,fault5,chi_latency,KHONG-DOC,5,1,tai nguyen
TrainTicket,ts-auth-service,mem,3,fault5,chi_workload,BARO,5,1,tai nguyen
TrainTicket,ts-auth-service,mem,3,fault5,chi_workload,MEANSHIFT,5,1,tai nguyen
TrainTicket,ts-auth-service,mem,3,fault5,chi_workload,KHONG-DOC,5,1,tai nguyen
TrainTicket,ts-auth-service,mem,3,fault5,moi_cot,BARO,5,1,tai nguyen
TrainTicket,ts-auth-service,mem,3,fault5,moi_cot,MEANSHIFT,5,1,tai nguyen
TrainTicket,ts-auth-service,mem,3,fault5,moi_cot,KHONG-DOC,5,1,tai nguyen
TrainTicket,ts-auth-service,mem,3,app,chi_cpu,BARO,28,1,tai nguyen
TrainTicket,ts-auth-service,mem,3,app,chi_cpu,MEANSHIFT,28,1,tai nguyen
TrainTicket,ts-auth-service,mem,3,app,chi_cpu,KHONG-DOC,28,4,tai nguyen
TrainTicket,ts-auth-service,mem,3,app,chi_latency,BARO,28,1,tai nguyen
TrainTicket,ts-auth-service,mem,3,app,chi_latency,MEANSHIFT,28,1,tai nguyen
TrainTicket,ts-auth-service,mem,3,app,chi_latency,KHONG-DOC,28,4,tai nguyen
TrainTicket,ts-auth-service,mem,3,app,chi_workload,BARO,28,8,tai nguyen
TrainTicket,ts-auth-service,mem,3,app,chi_workload,MEANSHIFT,28,4,tai nguyen
TrainTicket,ts-auth-service,mem,3,app,chi_workload,KHONG-DOC,28,4,tai nguyen
TrainTicket,ts-auth-service,mem,3,app,moi_cot,BARO,28,1,tai nguyen
TrainTicket,ts-auth-service,mem,3,app,moi_cot,MEANSHIFT,28,1,tai nguyen
TrainTicket,ts-auth-service,mem,3,app,moi_cot,KHONG-DOC,28,4,tai nguyen
TrainTicket,ts-auth-service,mem,3,all,chi_cpu,BARO,68,1,tai nguyen
TrainTicket,ts-auth-service,mem,3,all,chi_cpu,MEANSHIFT,68,1,tai nguyen
TrainTicket,ts-auth-service,mem,3,all,chi_cpu,KHONG-DOC,68,9,tai nguyen
TrainTicket,ts-auth-service,mem,3,all,chi_latency,BARO,28,1,tai nguyen
TrainTicket,ts-auth-service,mem,3,all,chi_latency,MEANSHIFT,28,1,tai nguyen
TrainTicket,ts-auth-service,mem,3,all,chi_latency,KHONG-DOC,28,4,tai nguyen
TrainTicket,ts-auth-service,mem,3,all,chi_workload,BARO,28,8,tai nguyen
TrainTicket,ts-auth-service,mem,3,all,chi_workload,MEANSHIFT,28,4,tai nguyen
TrainTicket,ts-auth-service,mem,3,all,chi_workload,KHONG-DOC,28,4,tai nguyen
TrainTicket,ts-auth-service,mem,3,all,moi_cot,BARO,68,2,tai nguyen
TrainTicket,ts-auth-service,mem,3,all,moi_cot,MEANSHIFT,68,1,tai nguyen
TrainTicket,ts-auth-service,mem,3,all,moi_cot,KHONG-DOC,68,9,tai nguyen
TrainTicket,ts-auth-service,socket,1,fault5,chi_cpu,BARO,5,1,tai nguyen
TrainTicket,ts-auth-service,socket,1,fault5,chi_cpu,MEANSHIFT,5,1,tai nguyen
TrainTicket,ts-auth-service,socket,1,fault5,chi_cpu,KHONG-DOC,5,1,tai nguyen
TrainTicket,ts-auth-service,socket,1,fault5,chi_latency,BARO,5,1,tai nguyen
TrainTicket,ts-auth-service,socket,1,fault5,chi_latency,MEANSHIFT,5,1,tai nguyen
TrainTicket,ts-auth-service,socket,1,fault5,chi_latency,KHONG-DOC,5,1,tai nguyen
TrainTicket,ts-auth-service,socket,1,fault5,chi_workload,BARO,5,1,tai nguyen
TrainTicket,ts-auth-service,socket,1,fault5,chi_workload,MEANSHIFT,5,3,tai nguyen
TrainTicket,ts-auth-service,socket,1,fault5,chi_workload,KHONG-DOC,5,1,tai nguyen
TrainTicket,ts-auth-service,socket,1,fault5,moi_cot,BARO,5,2,tai nguyen
TrainTicket,ts-auth-service,socket,1,fault5,moi_cot,MEANSHIFT,5,1,tai nguyen
TrainTicket,ts-auth-service,socket,1,fault5,moi_cot,KHONG-DOC,5,1,tai nguyen
TrainTicket,ts-auth-service,socket,1,app,chi_cpu,BARO,28,1,tai nguyen
TrainTicket,ts-auth-service,socket,1,app,chi_cpu,MEANSHIFT,28,1,tai nguyen
TrainTicket,ts-auth-service,socket,1,app,chi_cpu,KHONG-DOC,28,4,tai nguyen
TrainTicket,ts-auth-service,socket,1,app,chi_latency,BARO,26,1,tai nguyen
TrainTicket,ts-auth-service,socket,1,app,chi_latency,MEANSHIFT,27,1,tai nguyen
TrainTicket,ts-auth-service,socket,1,app,chi_latency,KHONG-DOC,28,4,tai nguyen
TrainTicket,ts-auth-service,socket,1,app,chi_workload,BARO,28,9,tai nguyen
TrainTicket,ts-auth-service,socket,1,app,chi_workload,MEANSHIFT,28,5,tai nguyen
TrainTicket,ts-auth-service,socket,1,app,chi_workload,KHONG-DOC,28,4,tai nguyen
TrainTicket,ts-auth-service,socket,1,app,moi_cot,BARO,28,3,tai nguyen
TrainTicket,ts-auth-service,socket,1,app,moi_cot,MEANSHIFT,28,2,tai nguyen
TrainTicket,ts-auth-service,socket,1,app,moi_cot,KHONG-DOC,28,4,tai nguyen
TrainTicket,ts-auth-service,socket,1,all,chi_cpu,BARO,68,2,tai nguyen
TrainTicket,ts-auth-service,socket,1,all,chi_cpu,MEANSHIFT,68,1,tai nguyen
TrainTicket,ts-auth-service,socket,1,all,chi_cpu,KHONG-DOC,68,9,tai nguyen
TrainTicket,ts-auth-service,socket,1,all,chi_latency,BARO,26,1,tai nguyen
TrainTicket,ts-auth-service,socket,1,all,chi_latency,MEANSHIFT,27,1,tai nguyen
TrainTicket,ts-auth-service,socket,1,all,chi_latency,KHONG-DOC,28,4,tai nguyen
TrainTicket,ts-auth-service,socket,1,all,chi_workload,BARO,28,9,tai nguyen
TrainTicket,ts-auth-service,socket,1,all,chi_workload,MEANSHIFT,28,5,tai nguyen
TrainTicket,ts-auth-service,socket,1,all,chi_workload,KHONG-DOC,28,4,tai nguyen
TrainTicket,ts-auth-service,socket,1,all,moi_cot,BARO,68,3,tai nguyen
TrainTicket,ts-auth-service,socket,1,all,moi_cot,MEANSHIFT,68,2,tai nguyen
TrainTicket,ts-auth-service,socket,1,all,moi_cot,KHONG-DOC,68,9,tai nguyen
TrainTicket,ts-auth-service,socket,2,fault5,chi_cpu,BARO,5,1,tai nguyen
TrainTicket,ts-auth-service,socket,2,fault5,chi_cpu,MEANSHIFT,5,1,tai nguyen
TrainTicket,ts-auth-service,socket,2,fault5,chi_cpu,KHONG-DOC,5,1,tai nguyen
TrainTicket,ts-auth-service,socket,2,fault5,chi_latency,BARO,5,1,tai nguyen
TrainTicket,ts-auth-service,socket,2,fault5,chi_latency,MEANSHIFT,5,1,tai nguyen
TrainTicket,ts-auth-service,socket,2,fault5,chi_latency,KHONG-DOC,5,1,tai nguyen
TrainTicket,ts-auth-service,socket,2,fault5,chi_workload,BARO,5,5,tai nguyen
TrainTicket,ts-auth-service,socket,2,fault5,chi_workload,MEANSHIFT,5,3,tai nguyen
TrainTicket,ts-auth-service,socket,2,fault5,chi_workload,KHONG-DOC,5,1,tai nguyen
TrainTicket,ts-auth-service,socket,2,fault5,moi_cot,BARO,5,2,tai nguyen
TrainTicket,ts-auth-service,socket,2,fault5,moi_cot,MEANSHIFT,5,1,tai nguyen
TrainTicket,ts-auth-service,socket,2,fault5,moi_cot,KHONG-DOC,5,1,tai nguyen
TrainTicket,ts-auth-service,socket,2,app,chi_cpu,BARO,28,2,tai nguyen
TrainTicket,ts-auth-service,socket,2,app,chi_cpu,MEANSHIFT,28,1,tai nguyen
TrainTicket,ts-auth-service,socket,2,app,chi_cpu,KHONG-DOC,28,4,tai nguyen
TrainTicket,ts-auth-service,socket,2,app,chi_latency,BARO,27,1,tai nguyen
TrainTicket,ts-auth-service,socket,2,app,chi_latency,MEANSHIFT,27,1,tai nguyen
TrainTicket,ts-auth-service,socket,2,app,chi_latency,KHONG-DOC,28,4,tai nguyen
TrainTicket,ts-auth-service,socket,2,app,chi_workload,BARO,28,25,tai nguyen
TrainTicket,ts-auth-service,socket,2,app,chi_workload,MEANSHIFT,28,9,tai nguyen
TrainTicket,ts-auth-service,socket,2,app,chi_workload,KHONG-DOC,28,4,tai nguyen
TrainTicket,ts-auth-service,socket,2,app,moi_cot,BARO,28,4,tai nguyen
TrainTicket,ts-auth-service,socket,2,app,moi_cot,MEANSHIFT,28,1,tai nguyen
TrainTicket,ts-auth-service,socket,2,app,moi_cot,KHONG-DOC,28,4,tai nguyen
TrainTicket,ts-auth-service,socket,2,all,chi_cpu,BARO,68,12,tai nguyen
TrainTicket,ts-auth-service,socket,2,all,chi_cpu,MEANSHIFT,68,1,tai nguyen
TrainTicket,ts-auth-service,socket,2,all,chi_cpu,KHONG-DOC,68,9,tai nguyen
TrainTicket,ts-auth-service,socket,2,all,chi_latency,BARO,27,1,tai nguyen
TrainTicket,ts-auth-service,socket,2,all,chi_latency,MEANSHIFT,27,1,tai nguyen
TrainTicket,ts-auth-service,socket,2,all,chi_latency,KHONG-DOC,28,4,tai nguyen
TrainTicket,ts-auth-service,socket,2,all,chi_workload,BARO,28,25,tai nguyen
TrainTicket,ts-auth-service,socket,2,all,chi_workload,MEANSHIFT,28,9,tai nguyen
TrainTicket,ts-auth-service,socket,2,all,chi_workload,KHONG-DOC,28,4,tai nguyen
TrainTicket,ts-auth-service,socket,2,all,moi_cot,BARO,68,4,tai nguyen
TrainTicket,ts-auth-service,socket,2,all,moi_cot,MEANSHIFT,68,1,tai nguyen
TrainTicket,ts-auth-service,socket,2,all,moi_cot,KHONG-DOC,68,9,tai nguyen
TrainTicket,ts-auth-service,socket,3,fault5,chi_cpu,BARO,5,1,tai nguyen
TrainTicket,ts-auth-service,socket,3,fault5,chi_cpu,MEANSHIFT,5,1,tai nguyen
TrainTicket,ts-auth-service,socket,3,fault5,chi_cpu,KHONG-DOC,5,1,tai nguyen
TrainTicket,ts-auth-service,socket,3,fault5,chi_latency,BARO,5,1,tai nguyen
TrainTicket,ts-auth-service,socket,3,fault5,chi_latency,MEANSHIFT,5,1,tai nguyen
TrainTicket,ts-auth-service,socket,3,fault5,chi_latency,KHONG-DOC,5,1,tai nguyen
TrainTicket,ts-auth-service,socket,3,fault5,chi_workload,BARO,5,1,tai nguyen
TrainTicket,ts-auth-service,socket,3,fault5,chi_workload,MEANSHIFT,5,1,tai nguyen
TrainTicket,ts-auth-service,socket,3,fault5,chi_workload,KHONG-DOC,5,1,tai nguyen
TrainTicket,ts-auth-service,socket,3,fault5,moi_cot,BARO,5,1,tai nguyen
TrainTicket,ts-auth-service,socket,3,fault5,moi_cot,MEANSHIFT,5,1,tai nguyen
TrainTicket,ts-auth-service,socket,3,fault5,moi_cot,KHONG-DOC,5,1,tai nguyen
TrainTicket,ts-auth-service,socket,3,app,chi_cpu,BARO,28,2,tai nguyen
TrainTicket,ts-auth-service,socket,3,app,chi_cpu,MEANSHIFT,28,1,tai nguyen
TrainTicket,ts-auth-service,socket,3,app,chi_cpu,KHONG-DOC,28,4,tai nguyen
TrainTicket,ts-auth-service,socket,3,app,chi_latency,BARO,28,1,tai nguyen
TrainTicket,ts-auth-service,socket,3,app,chi_latency,MEANSHIFT,28,1,tai nguyen
TrainTicket,ts-auth-service,socket,3,app,chi_latency,KHONG-DOC,28,4,tai nguyen
TrainTicket,ts-auth-service,socket,3,app,chi_workload,BARO,28,2,tai nguyen
TrainTicket,ts-auth-service,socket,3,app,chi_workload,MEANSHIFT,28,2,tai nguyen
TrainTicket,ts-auth-service,socket,3,app,chi_workload,KHONG-DOC,28,4,tai nguyen
TrainTicket,ts-auth-service,socket,3,app,moi_cot,BARO,28,2,tai nguyen
TrainTicket,ts-auth-service,socket,3,app,moi_cot,MEANSHIFT,28,1,tai nguyen
TrainTicket,ts-auth-service,socket,3,app,moi_cot,KHONG-DOC,28,4,tai nguyen
TrainTicket,ts-auth-service,socket,3,all,chi_cpu,BARO,68,3,tai nguyen
TrainTicket,ts-auth-service,socket,3,all,chi_cpu,MEANSHIFT,68,1,tai nguyen
TrainTicket,ts-auth-service,socket,3,all,chi_cpu,KHONG-DOC,68,9,tai nguyen
TrainTicket,ts-auth-service,socket,3,all,chi_latency,BARO,28,1,tai nguyen
TrainTicket,ts-auth-service,socket,3,all,chi_latency,MEANSHIFT,28,1,tai nguyen
TrainTicket,ts-auth-service,socket,3,all,chi_latency,KHONG-DOC,28,4,tai nguyen
TrainTicket,ts-auth-service,socket,3,all,chi_workload,BARO,28,2,tai nguyen
TrainTicket,ts-auth-service,socket,3,all,chi_workload,MEANSHIFT,28,2,tai nguyen
TrainTicket,ts-auth-service,socket,3,all,chi_workload,KHONG-DOC,28,4,tai nguyen
TrainTicket,ts-auth-service,socket,3,all,moi_cot,BARO,68,3,tai nguyen
TrainTicket,ts-auth-service,socket,3,all,moi_cot,MEANSHIFT,68,1,tai nguyen
TrainTicket,ts-auth-service,socket,3,all,moi_cot,KHONG-DOC,68,9,tai nguyen
TrainTicket,ts-order-service,cpu,1,fault5,chi_cpu,BARO,5,1,tai nguyen
TrainTicket,ts-order-service,cpu,1,fault5,chi_cpu,MEANSHIFT,5,1,tai nguyen
TrainTicket,ts-order-service,cpu,1,fault5,chi_cpu,KHONG-DOC,5,2,tai nguyen
TrainTicket,ts-order-service,cpu,1,fault5,chi_latency,BARO,5,1,tai nguyen
TrainTicket,ts-order-service,cpu,1,fault5,chi_latency,MEANSHIFT,5,1,tai nguyen
TrainTicket,ts-order-service,cpu,1,fault5,chi_latency,KHONG-DOC,5,2,tai nguyen
TrainTicket,ts-order-service,cpu,1,fault5,chi_workload,BARO,5,3,tai nguyen
TrainTicket,ts-order-service,cpu,1,fault5,chi_workload,MEANSHIFT,5,3,tai nguyen
TrainTicket,ts-order-service,cpu,1,fault5,chi_workload,KHONG-DOC,5,2,tai nguyen
TrainTicket,ts-order-service,cpu,1,fault5,moi_cot,BARO,5,1,tai nguyen
TrainTicket,ts-order-service,cpu,1,fault5,moi_cot,MEANSHIFT,5,1,tai nguyen
TrainTicket,ts-order-service,cpu,1,fault5,moi_cot,KHONG-DOC,5,2,tai nguyen
TrainTicket,ts-order-service,cpu,1,app,chi_cpu,BARO,28,1,tai nguyen
TrainTicket,ts-order-service,cpu,1,app,chi_cpu,MEANSHIFT,28,1,tai nguyen
TrainTicket,ts-order-service,cpu,1,app,chi_cpu,KHONG-DOC,28,14,tai nguyen
TrainTicket,ts-order-service,cpu,1,app,chi_latency,BARO,28,1,tai nguyen
TrainTicket,ts-order-service,cpu,1,app,chi_latency,MEANSHIFT,28,1,tai nguyen
TrainTicket,ts-order-service,cpu,1,app,chi_latency,KHONG-DOC,28,14,tai nguyen
TrainTicket,ts-order-service,cpu,1,app,chi_workload,BARO,28,19,tai nguyen
TrainTicket,ts-order-service,cpu,1,app,chi_workload,MEANSHIFT,28,7,tai nguyen
TrainTicket,ts-order-service,cpu,1,app,chi_workload,KHONG-DOC,28,14,tai nguyen
TrainTicket,ts-order-service,cpu,1,app,moi_cot,BARO,28,1,tai nguyen
TrainTicket,ts-order-service,cpu,1,app,moi_cot,MEANSHIFT,28,1,tai nguyen
TrainTicket,ts-order-service,cpu,1,app,moi_cot,KHONG-DOC,28,14,tai nguyen
TrainTicket,ts-order-service,cpu,1,all,chi_cpu,BARO,68,6,tai nguyen
TrainTicket,ts-order-service,cpu,1,all,chi_cpu,MEANSHIFT,68,1,tai nguyen
TrainTicket,ts-order-service,cpu,1,all,chi_cpu,KHONG-DOC,68,35,tai nguyen
TrainTicket,ts-order-service,cpu,1,all,chi_latency,BARO,28,1,tai nguyen
TrainTicket,ts-order-service,cpu,1,all,chi_latency,MEANSHIFT,28,1,tai nguyen
TrainTicket,ts-order-service,cpu,1,all,chi_latency,KHONG-DOC,28,14,tai nguyen
TrainTicket,ts-order-service,cpu,1,all,chi_workload,BARO,28,19,tai nguyen
TrainTicket,ts-order-service,cpu,1,all,chi_workload,MEANSHIFT,28,7,tai nguyen
TrainTicket,ts-order-service,cpu,1,all,chi_workload,KHONG-DOC,28,14,tai nguyen
TrainTicket,ts-order-service,cpu,1,all,moi_cot,BARO,68,1,tai nguyen
TrainTicket,ts-order-service,cpu,1,all,moi_cot,MEANSHIFT,68,2,tai nguyen
TrainTicket,ts-order-service,cpu,1,all,moi_cot,KHONG-DOC,69,36,tai nguyen
TrainTicket,ts-order-service,cpu,2,fault5,chi_cpu,BARO,5,1,tai nguyen
TrainTicket,ts-order-service,cpu,2,fault5,chi_cpu,MEANSHIFT,5,1,tai nguyen
TrainTicket,ts-order-service,cpu,2,fault5,chi_cpu,KHONG-DOC,5,2,tai nguyen
TrainTicket,ts-order-service,cpu,2,fault5,chi_latency,BARO,5,1,tai nguyen
TrainTicket,ts-order-service,cpu,2,fault5,chi_latency,MEANSHIFT,5,1,tai nguyen
TrainTicket,ts-order-service,cpu,2,fault5,chi_latency,KHONG-DOC,5,2,tai nguyen
TrainTicket,ts-order-service,cpu,2,fault5,chi_workload,BARO,5,3,tai nguyen
TrainTicket,ts-order-service,cpu,2,fault5,chi_workload,MEANSHIFT,5,4,tai nguyen
TrainTicket,ts-order-service,cpu,2,fault5,chi_workload,KHONG-DOC,5,2,tai nguyen
TrainTicket,ts-order-service,cpu,2,fault5,moi_cot,BARO,5,1,tai nguyen
TrainTicket,ts-order-service,cpu,2,fault5,moi_cot,MEANSHIFT,5,1,tai nguyen
TrainTicket,ts-order-service,cpu,2,fault5,moi_cot,KHONG-DOC,5,2,tai nguyen
TrainTicket,ts-order-service,cpu,2,app,chi_cpu,BARO,28,1,tai nguyen
TrainTicket,ts-order-service,cpu,2,app,chi_cpu,MEANSHIFT,28,1,tai nguyen
TrainTicket,ts-order-service,cpu,2,app,chi_cpu,KHONG-DOC,28,14,tai nguyen
TrainTicket,ts-order-service,cpu,2,app,chi_latency,BARO,28,1,tai nguyen
TrainTicket,ts-order-service,cpu,2,app,chi_latency,MEANSHIFT,28,1,tai nguyen
TrainTicket,ts-order-service,cpu,2,app,chi_latency,KHONG-DOC,28,14,tai nguyen
TrainTicket,ts-order-service,cpu,2,app,chi_workload,BARO,28,11,tai nguyen
TrainTicket,ts-order-service,cpu,2,app,chi_workload,MEANSHIFT,28,20,tai nguyen
TrainTicket,ts-order-service,cpu,2,app,chi_workload,KHONG-DOC,28,14,tai nguyen
TrainTicket,ts-order-service,cpu,2,app,moi_cot,BARO,28,1,tai nguyen
TrainTicket,ts-order-service,cpu,2,app,moi_cot,MEANSHIFT,28,1,tai nguyen
TrainTicket,ts-order-service,cpu,2,app,moi_cot,KHONG-DOC,28,14,tai nguyen
TrainTicket,ts-order-service,cpu,2,all,chi_cpu,BARO,68,1,tai nguyen
TrainTicket,ts-order-service,cpu,2,all,chi_cpu,MEANSHIFT,68,1,tai nguyen
TrainTicket,ts-order-service,cpu,2,all,chi_cpu,KHONG-DOC,68,35,tai nguyen
TrainTicket,ts-order-service,cpu,2,all,chi_latency,BARO,28,1,tai nguyen
TrainTicket,ts-order-service,cpu,2,all,chi_latency,MEANSHIFT,28,1,tai nguyen
TrainTicket,ts-order-service,cpu,2,all,chi_latency,KHONG-DOC,28,14,tai nguyen
TrainTicket,ts-order-service,cpu,2,all,chi_workload,BARO,28,11,tai nguyen
TrainTicket,ts-order-service,cpu,2,all,chi_workload,MEANSHIFT,28,20,tai nguyen
TrainTicket,ts-order-service,cpu,2,all,chi_workload,KHONG-DOC,28,14,tai nguyen
TrainTicket,ts-order-service,cpu,2,all,moi_cot,BARO,68,1,tai nguyen
TrainTicket,ts-order-service,cpu,2,all,moi_cot,MEANSHIFT,68,1,tai nguyen
TrainTicket,ts-order-service,cpu,2,all,moi_cot,KHONG-DOC,68,35,tai nguyen
TrainTicket,ts-order-service,cpu,3,fault5,chi_cpu,BARO,5,1,tai nguyen
TrainTicket,ts-order-service,cpu,3,fault5,chi_cpu,MEANSHIFT,5,1,tai nguyen
TrainTicket,ts-order-service,cpu,3,fault5,chi_cpu,KHONG-DOC,5,2,tai nguyen
TrainTicket,ts-order-service,cpu,3,fault5,chi_latency,BARO,5,1,tai nguyen
TrainTicket,ts-order-service,cpu,3,fault5,chi_latency,MEANSHIFT,5,1,tai nguyen
TrainTicket,ts-order-service,cpu,3,fault5,chi_latency,KHONG-DOC,5,2,tai nguyen
TrainTicket,ts-order-service,cpu,3,fault5,chi_workload,BARO,5,2,tai nguyen
TrainTicket,ts-order-service,cpu,3,fault5,chi_workload,MEANSHIFT,5,1,tai nguyen
TrainTicket,ts-order-service,cpu,3,fault5,chi_workload,KHONG-DOC,5,2,tai nguyen
TrainTicket,ts-order-service,cpu,3,fault5,moi_cot,BARO,5,1,tai nguyen
TrainTicket,ts-order-service,cpu,3,fault5,moi_cot,MEANSHIFT,5,1,tai nguyen
TrainTicket,ts-order-service,cpu,3,fault5,moi_cot,KHONG-DOC,5,2,tai nguyen
TrainTicket,ts-order-service,cpu,3,app,chi_cpu,BARO,28,1,tai nguyen
TrainTicket,ts-order-service,cpu,3,app,chi_cpu,MEANSHIFT,28,1,tai nguyen
TrainTicket,ts-order-service,cpu,3,app,chi_cpu,KHONG-DOC,28,14,tai nguyen
TrainTicket,ts-order-service,cpu,3,app,chi_latency,BARO,28,2,tai nguyen
TrainTicket,ts-order-service,cpu,3,app,chi_latency,MEANSHIFT,28,1,tai nguyen
TrainTicket,ts-order-service,cpu,3,app,chi_latency,KHONG-DOC,28,14,tai nguyen
TrainTicket,ts-order-service,cpu,3,app,chi_workload,BARO,28,8,tai nguyen
TrainTicket,ts-order-service,cpu,3,app,chi_workload,MEANSHIFT,28,3,tai nguyen
TrainTicket,ts-order-service,cpu,3,app,chi_workload,KHONG-DOC,28,14,tai nguyen
TrainTicket,ts-order-service,cpu,3,app,moi_cot,BARO,28,1,tai nguyen
TrainTicket,ts-order-service,cpu,3,app,moi_cot,MEANSHIFT,28,1,tai nguyen
TrainTicket,ts-order-service,cpu,3,app,moi_cot,KHONG-DOC,28,14,tai nguyen
TrainTicket,ts-order-service,cpu,3,all,chi_cpu,BARO,68,1,tai nguyen
TrainTicket,ts-order-service,cpu,3,all,chi_cpu,MEANSHIFT,68,1,tai nguyen
TrainTicket,ts-order-service,cpu,3,all,chi_cpu,KHONG-DOC,68,35,tai nguyen
TrainTicket,ts-order-service,cpu,3,all,chi_latency,BARO,28,2,tai nguyen
TrainTicket,ts-order-service,cpu,3,all,chi_latency,MEANSHIFT,28,1,tai nguyen
TrainTicket,ts-order-service,cpu,3,all,chi_latency,KHONG-DOC,28,14,tai nguyen
TrainTicket,ts-order-service,cpu,3,all,chi_workload,BARO,28,8,tai nguyen
TrainTicket,ts-order-service,cpu,3,all,chi_workload,MEANSHIFT,28,3,tai nguyen
TrainTicket,ts-order-service,cpu,3,all,chi_workload,KHONG-DOC,28,14,tai nguyen
TrainTicket,ts-order-service,cpu,3,all,moi_cot,BARO,68,2,tai nguyen
TrainTicket,ts-order-service,cpu,3,all,moi_cot,MEANSHIFT,68,1,tai nguyen
TrainTicket,ts-order-service,cpu,3,all,moi_cot,KHONG-DOC,68,35,tai nguyen
TrainTicket,ts-order-service,delay,1,fault5,chi_cpu,BARO,5,5,mang
TrainTicket,ts-order-service,delay,1,fault5,chi_cpu,MEANSHIFT,5,5,mang
TrainTicket,ts-order-service,delay,1,fault5,chi_cpu,KHONG-DOC,5,2,mang
TrainTicket,ts-order-service,delay,1,fault5,chi_latency,BARO,5,1,mang
TrainTicket,ts-order-service,delay,1,fault5,chi_latency,MEANSHIFT,5,1,mang
TrainTicket,ts-order-service,delay,1,fault5,chi_latency,KHONG-DOC,5,2,mang
TrainTicket,ts-order-service,delay,1,fault5,chi_workload,BARO,5,2,mang
TrainTicket,ts-order-service,delay,1,fault5,chi_workload,MEANSHIFT,5,4,mang
TrainTicket,ts-order-service,delay,1,fault5,chi_workload,KHONG-DOC,5,2,mang
TrainTicket,ts-order-service,delay,1,fault5,moi_cot,BARO,5,1,mang
TrainTicket,ts-order-service,delay,1,fault5,moi_cot,MEANSHIFT,5,1,mang
TrainTicket,ts-order-service,delay,1,fault5,moi_cot,KHONG-DOC,5,2,mang
TrainTicket,ts-order-service,delay,1,app,chi_cpu,BARO,28,28,mang
TrainTicket,ts-order-service,delay,1,app,chi_cpu,MEANSHIFT,28,20,mang
TrainTicket,ts-order-service,delay,1,app,chi_cpu,KHONG-DOC,28,14,mang
TrainTicket,ts-order-service,delay,1,app,chi_latency,BARO,26,1,mang
TrainTicket,ts-order-service,delay,1,app,chi_latency,MEANSHIFT,27,1,mang
TrainTicket,ts-order-service,delay,1,app,chi_latency,KHONG-DOC,28,14,mang
TrainTicket,ts-order-service,delay,1,app,chi_workload,BARO,28,5,mang
TrainTicket,ts-order-service,delay,1,app,chi_workload,MEANSHIFT,28,13,mang
TrainTicket,ts-order-service,delay,1,app,chi_workload,KHONG-DOC,28,14,mang
TrainTicket,ts-order-service,delay,1,app,moi_cot,BARO,28,1,mang
TrainTicket,ts-order-service,delay,1,app,moi_cot,MEANSHIFT,28,2,mang
TrainTicket,ts-order-service,delay,1,app,moi_cot,KHONG-DOC,28,14,mang
TrainTicket,ts-order-service,delay,1,all,chi_cpu,BARO,68,68,mang
TrainTicket,ts-order-service,delay,1,all,chi_cpu,MEANSHIFT,68,32,mang
TrainTicket,ts-order-service,delay,1,all,chi_cpu,KHONG-DOC,68,35,mang
TrainTicket,ts-order-service,delay,1,all,chi_latency,BARO,26,1,mang
TrainTicket,ts-order-service,delay,1,all,chi_latency,MEANSHIFT,27,1,mang
TrainTicket,ts-order-service,delay,1,all,chi_latency,KHONG-DOC,28,14,mang
TrainTicket,ts-order-service,delay,1,all,chi_workload,BARO,28,5,mang
TrainTicket,ts-order-service,delay,1,all,chi_workload,MEANSHIFT,28,13,mang
TrainTicket,ts-order-service,delay,1,all,chi_workload,KHONG-DOC,28,14,mang
TrainTicket,ts-order-service,delay,1,all,moi_cot,BARO,68,2,mang
TrainTicket,ts-order-service,delay,1,all,moi_cot,MEANSHIFT,68,2,mang
TrainTicket,ts-order-service,delay,1,all,moi_cot,KHONG-DOC,68,35,mang
TrainTicket,ts-order-service,delay,2,fault5,chi_cpu,BARO,5,4,mang
TrainTicket,ts-order-service,delay,2,fault5,chi_cpu,MEANSHIFT,5,3,mang
TrainTicket,ts-order-service,delay,2,fault5,chi_cpu,KHONG-DOC,5,2,mang
TrainTicket,ts-order-service,delay,2,fault5,chi_latency,BARO,5,1,mang
TrainTicket,ts-order-service,delay,2,fault5,chi_latency,MEANSHIFT,5,1,mang
TrainTicket,ts-order-service,delay,2,fault5,chi_latency,KHONG-DOC,5,2,mang
TrainTicket,ts-order-service,delay,2,fault5,chi_workload,BARO,5,5,mang
TrainTicket,ts-order-service,delay,2,fault5,chi_workload,MEANSHIFT,5,1,mang
TrainTicket,ts-order-service,delay,2,fault5,chi_workload,KHONG-DOC,5,2,mang
TrainTicket,ts-order-service,delay,2,fault5,moi_cot,BARO,5,1,mang
TrainTicket,ts-order-service,delay,2,fault5,moi_cot,MEANSHIFT,5,1,mang
TrainTicket,ts-order-service,delay,2,fault5,moi_cot,KHONG-DOC,5,2,mang
TrainTicket,ts-order-service,delay,2,app,chi_cpu,BARO,22,18,mang
TrainTicket,ts-order-service,delay,2,app,chi_cpu,MEANSHIFT,22,11,mang
TrainTicket,ts-order-service,delay,2,app,chi_cpu,KHONG-DOC,22,13,mang
TrainTicket,ts-order-service,delay,2,app,chi_latency,BARO,21,2,mang
TrainTicket,ts-order-service,delay,2,app,chi_latency,MEANSHIFT,21,1,mang
TrainTicket,ts-order-service,delay,2,app,chi_latency,KHONG-DOC,22,13,mang
TrainTicket,ts-order-service,delay,2,app,chi_workload,BARO,21,21,mang
TrainTicket,ts-order-service,delay,2,app,chi_workload,MEANSHIFT,21,2,mang
TrainTicket,ts-order-service,delay,2,app,chi_workload,KHONG-DOC,22,13,mang
TrainTicket,ts-order-service,delay,2,app,moi_cot,BARO,22,2,mang
TrainTicket,ts-order-service,delay,2,app,moi_cot,MEANSHIFT,22,1,mang
TrainTicket,ts-order-service,delay,2,app,moi_cot,KHONG-DOC,22,13,mang
TrainTicket,ts-order-service,delay,2,all,chi_cpu,BARO,68,64,mang
TrainTicket,ts-order-service,delay,2,all,chi_cpu,MEANSHIFT,68,23,mang
TrainTicket,ts-order-service,delay,2,all,chi_cpu,KHONG-DOC,68,35,mang
TrainTicket,ts-order-service,delay,2,all,chi_latency,BARO,21,2,mang
TrainTicket,ts-order-service,delay,2,all,chi_latency,MEANSHIFT,21,1,mang
TrainTicket,ts-order-service,delay,2,all,chi_latency,KHONG-DOC,22,13,mang
TrainTicket,ts-order-service,delay,2,all,chi_workload,BARO,21,21,mang
TrainTicket,ts-order-service,delay,2,all,chi_workload,MEANSHIFT,21,2,mang
TrainTicket,ts-order-service,delay,2,all,chi_workload,KHONG-DOC,22,13,mang
TrainTicket,ts-order-service,delay,2,all,moi_cot,BARO,68,2,mang
TrainTicket,ts-order-service,delay,2,all,moi_cot,MEANSHIFT,68,1,mang
TrainTicket,ts-order-service,delay,2,all,moi_cot,KHONG-DOC,68,35,mang
TrainTicket,ts-order-service,delay,3,fault5,chi_cpu,BARO,5,4,mang
TrainTicket,ts-order-service,delay,3,fault5,chi_cpu,MEANSHIFT,5,1,mang
TrainTicket,ts-order-service,delay,3,fault5,chi_cpu,KHONG-DOC,5,2,mang
TrainTicket,ts-order-service,delay,3,fault5,chi_latency,BARO,5,1,mang
TrainTicket,ts-order-service,delay,3,fault5,chi_latency,MEANSHIFT,5,1,mang
TrainTicket,ts-order-service,delay,3,fault5,chi_latency,KHONG-DOC,5,2,mang
TrainTicket,ts-order-service,delay,3,fault5,chi_workload,BARO,5,4,mang
TrainTicket,ts-order-service,delay,3,fault5,chi_workload,MEANSHIFT,5,4,mang
TrainTicket,ts-order-service,delay,3,fault5,chi_workload,KHONG-DOC,5,2,mang
TrainTicket,ts-order-service,delay,3,fault5,moi_cot,BARO,5,1,mang
TrainTicket,ts-order-service,delay,3,fault5,moi_cot,MEANSHIFT,5,1,mang
TrainTicket,ts-order-service,delay,3,fault5,moi_cot,KHONG-DOC,5,2,mang
TrainTicket,ts-order-service,delay,3,app,chi_cpu,BARO,22,19,mang
TrainTicket,ts-order-service,delay,3,app,chi_cpu,MEANSHIFT,22,4,mang
TrainTicket,ts-order-service,delay,3,app,chi_cpu,KHONG-DOC,22,13,mang
TrainTicket,ts-order-service,delay,3,app,chi_latency,BARO,21,2,mang
TrainTicket,ts-order-service,delay,3,app,chi_latency,MEANSHIFT,21,1,mang
TrainTicket,ts-order-service,delay,3,app,chi_latency,KHONG-DOC,22,13,mang
TrainTicket,ts-order-service,delay,3,app,chi_workload,BARO,21,18,mang
TrainTicket,ts-order-service,delay,3,app,chi_workload,MEANSHIFT,21,15,mang
TrainTicket,ts-order-service,delay,3,app,chi_workload,KHONG-DOC,22,13,mang
TrainTicket,ts-order-service,delay,3,app,moi_cot,BARO,22,1,mang
TrainTicket,ts-order-service,delay,3,app,moi_cot,MEANSHIFT,22,1,mang
TrainTicket,ts-order-service,delay,3,app,moi_cot,KHONG-DOC,22,13,mang
TrainTicket,ts-order-service,delay,3,all,chi_cpu,BARO,68,63,mang
TrainTicket,ts-order-service,delay,3,all,chi_cpu,MEANSHIFT,68,6,mang
TrainTicket,ts-order-service,delay,3,all,chi_cpu,KHONG-DOC,68,35,mang
TrainTicket,ts-order-service,delay,3,all,chi_latency,BARO,21,2,mang
TrainTicket,ts-order-service,delay,3,all,chi_latency,MEANSHIFT,21,1,mang
TrainTicket,ts-order-service,delay,3,all,chi_latency,KHONG-DOC,22,13,mang
TrainTicket,ts-order-service,delay,3,all,chi_workload,BARO,21,18,mang
TrainTicket,ts-order-service,delay,3,all,chi_workload,MEANSHIFT,21,15,mang
TrainTicket,ts-order-service,delay,3,all,chi_workload,KHONG-DOC,22,13,mang
TrainTicket,ts-order-service,delay,3,all,moi_cot,BARO,68,1,mang
TrainTicket,ts-order-service,delay,3,all,moi_cot,MEANSHIFT,68,1,mang
TrainTicket,ts-order-service,delay,3,all,moi_cot,KHONG-DOC,68,35,mang
TrainTicket,ts-order-service,disk,1,fault5,chi_cpu,BARO,5,1,tai nguyen
TrainTicket,ts-order-service,disk,1,fault5,chi_cpu,MEANSHIFT,5,1,tai nguyen
TrainTicket,ts-order-service,disk,1,fault5,chi_cpu,KHONG-DOC,5,2,tai nguyen
TrainTicket,ts-order-service,disk,1,fault5,chi_latency,BARO,5,1,tai nguyen
TrainTicket,ts-order-service,disk,1,fault5,chi_latency,MEANSHIFT,5,5,tai nguyen
TrainTicket,ts-order-service,disk,1,fault5,chi_latency,KHONG-DOC,5,2,tai nguyen
TrainTicket,ts-order-service,disk,1,fault5,chi_workload,BARO,5,4,tai nguyen
TrainTicket,ts-order-service,disk,1,fault5,chi_workload,MEANSHIFT,5,3,tai nguyen
TrainTicket,ts-order-service,disk,1,fault5,chi_workload,KHONG-DOC,5,2,tai nguyen
TrainTicket,ts-order-service,disk,1,fault5,moi_cot,BARO,5,1,tai nguyen
TrainTicket,ts-order-service,disk,1,fault5,moi_cot,MEANSHIFT,5,1,tai nguyen
TrainTicket,ts-order-service,disk,1,fault5,moi_cot,KHONG-DOC,5,2,tai nguyen
TrainTicket,ts-order-service,disk,1,app,chi_cpu,BARO,28,8,tai nguyen
TrainTicket,ts-order-service,disk,1,app,chi_cpu,MEANSHIFT,28,2,tai nguyen
TrainTicket,ts-order-service,disk,1,app,chi_cpu,KHONG-DOC,28,14,tai nguyen
TrainTicket,ts-order-service,disk,1,app,chi_latency,BARO,28,3,tai nguyen
TrainTicket,ts-order-service,disk,1,app,chi_latency,MEANSHIFT,28,26,tai nguyen
TrainTicket,ts-order-service,disk,1,app,chi_latency,KHONG-DOC,28,14,tai nguyen
TrainTicket,ts-order-service,disk,1,app,chi_workload,BARO,28,27,tai nguyen
TrainTicket,ts-order-service,disk,1,app,chi_workload,MEANSHIFT,28,8,tai nguyen
TrainTicket,ts-order-service,disk,1,app,chi_workload,KHONG-DOC,28,14,tai nguyen
TrainTicket,ts-order-service,disk,1,app,moi_cot,BARO,28,1,tai nguyen
TrainTicket,ts-order-service,disk,1,app,moi_cot,MEANSHIFT,28,1,tai nguyen
TrainTicket,ts-order-service,disk,1,app,moi_cot,KHONG-DOC,28,14,tai nguyen
TrainTicket,ts-order-service,disk,1,all,chi_cpu,BARO,68,33,tai nguyen
TrainTicket,ts-order-service,disk,1,all,chi_cpu,MEANSHIFT,68,2,tai nguyen
TrainTicket,ts-order-service,disk,1,all,chi_cpu,KHONG-DOC,68,35,tai nguyen
TrainTicket,ts-order-service,disk,1,all,chi_latency,BARO,28,3,tai nguyen
TrainTicket,ts-order-service,disk,1,all,chi_latency,MEANSHIFT,28,26,tai nguyen
TrainTicket,ts-order-service,disk,1,all,chi_latency,KHONG-DOC,28,14,tai nguyen
TrainTicket,ts-order-service,disk,1,all,chi_workload,BARO,28,27,tai nguyen
TrainTicket,ts-order-service,disk,1,all,chi_workload,MEANSHIFT,28,8,tai nguyen
TrainTicket,ts-order-service,disk,1,all,chi_workload,KHONG-DOC,28,14,tai nguyen
TrainTicket,ts-order-service,disk,1,all,moi_cot,BARO,68,1,tai nguyen
TrainTicket,ts-order-service,disk,1,all,moi_cot,MEANSHIFT,68,1,tai nguyen
TrainTicket,ts-order-service,disk,1,all,moi_cot,KHONG-DOC,68,35,tai nguyen
TrainTicket,ts-order-service,disk,2,fault5,chi_cpu,BARO,5,1,tai nguyen
TrainTicket,ts-order-service,disk,2,fault5,chi_cpu,MEANSHIFT,5,1,tai nguyen
TrainTicket,ts-order-service,disk,2,fault5,chi_cpu,KHONG-DOC,5,2,tai nguyen
TrainTicket,ts-order-service,disk,2,fault5,chi_latency,BARO,5,1,tai nguyen
TrainTicket,ts-order-service,disk,2,fault5,chi_latency,MEANSHIFT,5,5,tai nguyen
TrainTicket,ts-order-service,disk,2,fault5,chi_latency,KHONG-DOC,5,2,tai nguyen
TrainTicket,ts-order-service,disk,2,fault5,chi_workload,BARO,5,3,tai nguyen
TrainTicket,ts-order-service,disk,2,fault5,chi_workload,MEANSHIFT,5,3,tai nguyen
TrainTicket,ts-order-service,disk,2,fault5,chi_workload,KHONG-DOC,5,2,tai nguyen
TrainTicket,ts-order-service,disk,2,fault5,moi_cot,BARO,5,1,tai nguyen
TrainTicket,ts-order-service,disk,2,fault5,moi_cot,MEANSHIFT,5,1,tai nguyen
TrainTicket,ts-order-service,disk,2,fault5,moi_cot,KHONG-DOC,5,2,tai nguyen
TrainTicket,ts-order-service,disk,2,app,chi_cpu,BARO,22,1,tai nguyen
TrainTicket,ts-order-service,disk,2,app,chi_cpu,MEANSHIFT,22,1,tai nguyen
TrainTicket,ts-order-service,disk,2,app,chi_cpu,KHONG-DOC,22,13,tai nguyen
TrainTicket,ts-order-service,disk,2,app,chi_latency,BARO,21,3,tai nguyen
TrainTicket,ts-order-service,disk,2,app,chi_latency,MEANSHIFT,21,19,tai nguyen
TrainTicket,ts-order-service,disk,2,app,chi_latency,KHONG-DOC,22,13,tai nguyen
TrainTicket,ts-order-service,disk,2,app,chi_workload,BARO,21,16,tai nguyen
TrainTicket,ts-order-service,disk,2,app,chi_workload,MEANSHIFT,21,15,tai nguyen
TrainTicket,ts-order-service,disk,2,app,chi_workload,KHONG-DOC,22,13,tai nguyen
TrainTicket,ts-order-service,disk,2,app,moi_cot,BARO,22,1,tai nguyen
TrainTicket,ts-order-service,disk,2,app,moi_cot,MEANSHIFT,22,1,tai nguyen
TrainTicket,ts-order-service,disk,2,app,moi_cot,KHONG-DOC,22,13,tai nguyen
TrainTicket,ts-order-service,disk,2,all,chi_cpu,BARO,68,10,tai nguyen
TrainTicket,ts-order-service,disk,2,all,chi_cpu,MEANSHIFT,68,1,tai nguyen
TrainTicket,ts-order-service,disk,2,all,chi_cpu,KHONG-DOC,68,35,tai nguyen
TrainTicket,ts-order-service,disk,2,all,chi_latency,BARO,21,3,tai nguyen
TrainTicket,ts-order-service,disk,2,all,chi_latency,MEANSHIFT,21,19,tai nguyen
TrainTicket,ts-order-service,disk,2,all,chi_latency,KHONG-DOC,22,13,tai nguyen
TrainTicket,ts-order-service,disk,2,all,chi_workload,BARO,21,16,tai nguyen
TrainTicket,ts-order-service,disk,2,all,chi_workload,MEANSHIFT,21,15,tai nguyen
TrainTicket,ts-order-service,disk,2,all,chi_workload,KHONG-DOC,22,13,tai nguyen
TrainTicket,ts-order-service,disk,2,all,moi_cot,BARO,68,1,tai nguyen
TrainTicket,ts-order-service,disk,2,all,moi_cot,MEANSHIFT,68,1,tai nguyen
TrainTicket,ts-order-service,disk,2,all,moi_cot,KHONG-DOC,68,35,tai nguyen
TrainTicket,ts-order-service,disk,3,fault5,chi_cpu,BARO,5,1,tai nguyen
TrainTicket,ts-order-service,disk,3,fault5,chi_cpu,MEANSHIFT,5,1,tai nguyen
TrainTicket,ts-order-service,disk,3,fault5,chi_cpu,KHONG-DOC,5,2,tai nguyen
TrainTicket,ts-order-service,disk,3,fault5,chi_latency,BARO,5,1,tai nguyen
TrainTicket,ts-order-service,disk,3,fault5,chi_latency,MEANSHIFT,5,1,tai nguyen
TrainTicket,ts-order-service,disk,3,fault5,chi_latency,KHONG-DOC,5,2,tai nguyen
TrainTicket,ts-order-service,disk,3,fault5,chi_workload,BARO,5,2,tai nguyen
TrainTicket,ts-order-service,disk,3,fault5,chi_workload,MEANSHIFT,5,5,tai nguyen
TrainTicket,ts-order-service,disk,3,fault5,chi_workload,KHONG-DOC,5,2,tai nguyen
TrainTicket,ts-order-service,disk,3,fault5,moi_cot,BARO,5,1,tai nguyen
TrainTicket,ts-order-service,disk,3,fault5,moi_cot,MEANSHIFT,5,1,tai nguyen
TrainTicket,ts-order-service,disk,3,fault5,moi_cot,KHONG-DOC,5,2,tai nguyen
TrainTicket,ts-order-service,disk,3,app,chi_cpu,BARO,22,1,tai nguyen
TrainTicket,ts-order-service,disk,3,app,chi_cpu,MEANSHIFT,22,1,tai nguyen
TrainTicket,ts-order-service,disk,3,app,chi_cpu,KHONG-DOC,22,13,tai nguyen
TrainTicket,ts-order-service,disk,3,app,chi_latency,BARO,21,1,tai nguyen
TrainTicket,ts-order-service,disk,3,app,chi_latency,MEANSHIFT,21,1,tai nguyen
TrainTicket,ts-order-service,disk,3,app,chi_latency,KHONG-DOC,22,13,tai nguyen
TrainTicket,ts-order-service,disk,3,app,chi_workload,BARO,21,9,tai nguyen
TrainTicket,ts-order-service,disk,3,app,chi_workload,MEANSHIFT,21,17,tai nguyen
TrainTicket,ts-order-service,disk,3,app,chi_workload,KHONG-DOC,22,13,tai nguyen
TrainTicket,ts-order-service,disk,3,app,moi_cot,BARO,22,1,tai nguyen
TrainTicket,ts-order-service,disk,3,app,moi_cot,MEANSHIFT,22,1,tai nguyen
TrainTicket,ts-order-service,disk,3,app,moi_cot,KHONG-DOC,22,13,tai nguyen
TrainTicket,ts-order-service,disk,3,all,chi_cpu,BARO,68,1,tai nguyen
TrainTicket,ts-order-service,disk,3,all,chi_cpu,MEANSHIFT,68,1,tai nguyen
TrainTicket,ts-order-service,disk,3,all,chi_cpu,KHONG-DOC,68,35,tai nguyen
TrainTicket,ts-order-service,disk,3,all,chi_latency,BARO,21,1,tai nguyen
TrainTicket,ts-order-service,disk,3,all,chi_latency,MEANSHIFT,21,1,tai nguyen
TrainTicket,ts-order-service,disk,3,all,chi_latency,KHONG-DOC,22,13,tai nguyen
TrainTicket,ts-order-service,disk,3,all,chi_workload,BARO,21,9,tai nguyen
TrainTicket,ts-order-service,disk,3,all,chi_workload,MEANSHIFT,21,17,tai nguyen
TrainTicket,ts-order-service,disk,3,all,chi_workload,KHONG-DOC,22,13,tai nguyen
TrainTicket,ts-order-service,disk,3,all,moi_cot,BARO,68,1,tai nguyen
TrainTicket,ts-order-service,disk,3,all,moi_cot,MEANSHIFT,68,1,tai nguyen
TrainTicket,ts-order-service,disk,3,all,moi_cot,KHONG-DOC,68,35,tai nguyen
TrainTicket,ts-order-service,loss,1,fault5,chi_cpu,BARO,5,5,mang
TrainTicket,ts-order-service,loss,1,fault5,chi_cpu,MEANSHIFT,5,3,mang
TrainTicket,ts-order-service,loss,1,fault5,chi_cpu,KHONG-DOC,5,2,mang
TrainTicket,ts-order-service,loss,1,fault5,chi_latency,BARO,5,2,mang
TrainTicket,ts-order-service,loss,1,fault5,chi_latency,MEANSHIFT,5,5,mang
TrainTicket,ts-order-service,loss,1,fault5,chi_latency,KHONG-DOC,5,2,mang
TrainTicket,ts-order-service,loss,1,fault5,chi_workload,BARO,5,5,mang
TrainTicket,ts-order-service,loss,1,fault5,chi_workload,MEANSHIFT,5,2,mang
TrainTicket,ts-order-service,loss,1,fault5,chi_workload,KHONG-DOC,5,2,mang
TrainTicket,ts-order-service,loss,1,fault5,moi_cot,BARO,5,2,mang
TrainTicket,ts-order-service,loss,1,fault5,moi_cot,MEANSHIFT,5,2,mang
TrainTicket,ts-order-service,loss,1,fault5,moi_cot,KHONG-DOC,5,2,mang
TrainTicket,ts-order-service,loss,1,app,chi_cpu,BARO,28,27,mang
TrainTicket,ts-order-service,loss,1,app,chi_cpu,MEANSHIFT,28,14,mang
TrainTicket,ts-order-service,loss,1,app,chi_cpu,KHONG-DOC,28,14,mang
TrainTicket,ts-order-service,loss,1,app,chi_latency,BARO,27,5,mang
TrainTicket,ts-order-service,loss,1,app,chi_latency,MEANSHIFT,27,24,mang
TrainTicket,ts-order-service,loss,1,app,chi_latency,KHONG-DOC,28,14,mang
TrainTicket,ts-order-service,loss,1,app,chi_workload,BARO,28,24,mang
TrainTicket,ts-order-service,loss,1,app,chi_workload,MEANSHIFT,28,3,mang
TrainTicket,ts-order-service,loss,1,app,chi_workload,KHONG-DOC,28,14,mang
TrainTicket,ts-order-service,loss,1,app,moi_cot,BARO,28,5,mang
TrainTicket,ts-order-service,loss,1,app,moi_cot,MEANSHIFT,28,9,mang
TrainTicket,ts-order-service,loss,1,app,moi_cot,KHONG-DOC,28,14,mang
TrainTicket,ts-order-service,loss,1,all,chi_cpu,BARO,68,67,mang
TrainTicket,ts-order-service,loss,1,all,chi_cpu,MEANSHIFT,68,25,mang
TrainTicket,ts-order-service,loss,1,all,chi_cpu,KHONG-DOC,68,35,mang
TrainTicket,ts-order-service,loss,1,all,chi_latency,BARO,27,5,mang
TrainTicket,ts-order-service,loss,1,all,chi_latency,MEANSHIFT,27,24,mang
TrainTicket,ts-order-service,loss,1,all,chi_latency,KHONG-DOC,28,14,mang
TrainTicket,ts-order-service,loss,1,all,chi_workload,BARO,28,24,mang
TrainTicket,ts-order-service,loss,1,all,chi_workload,MEANSHIFT,28,3,mang
TrainTicket,ts-order-service,loss,1,all,chi_workload,KHONG-DOC,28,14,mang
TrainTicket,ts-order-service,loss,1,all,moi_cot,BARO,68,8,mang
TrainTicket,ts-order-service,loss,1,all,moi_cot,MEANSHIFT,68,16,mang
TrainTicket,ts-order-service,loss,1,all,moi_cot,KHONG-DOC,68,35,mang
TrainTicket,ts-order-service,loss,2,fault5,chi_cpu,BARO,5,5,mang
TrainTicket,ts-order-service,loss,2,fault5,chi_cpu,MEANSHIFT,5,3,mang
TrainTicket,ts-order-service,loss,2,fault5,chi_cpu,KHONG-DOC,5,2,mang
TrainTicket,ts-order-service,loss,2,fault5,chi_latency,BARO,5,1,mang
TrainTicket,ts-order-service,loss,2,fault5,chi_latency,MEANSHIFT,5,1,mang
TrainTicket,ts-order-service,loss,2,fault5,chi_latency,KHONG-DOC,5,2,mang
TrainTicket,ts-order-service,loss,2,fault5,chi_workload,BARO,5,3,mang
TrainTicket,ts-order-service,loss,2,fault5,chi_workload,MEANSHIFT,5,4,mang
TrainTicket,ts-order-service,loss,2,fault5,chi_workload,KHONG-DOC,5,2,mang
TrainTicket,ts-order-service,loss,2,fault5,moi_cot,BARO,5,1,mang
TrainTicket,ts-order-service,loss,2,fault5,moi_cot,MEANSHIFT,5,1,mang
TrainTicket,ts-order-service,loss,2,fault5,moi_cot,KHONG-DOC,5,2,mang
TrainTicket,ts-order-service,loss,2,app,chi_cpu,BARO,22,15,mang
TrainTicket,ts-order-service,loss,2,app,chi_cpu,MEANSHIFT,22,14,mang
TrainTicket,ts-order-service,loss,2,app,chi_cpu,KHONG-DOC,22,13,mang
TrainTicket,ts-order-service,loss,2,app,chi_latency,BARO,21,1,mang
TrainTicket,ts-order-service,loss,2,app,chi_latency,MEANSHIFT,21,1,mang
TrainTicket,ts-order-service,loss,2,app,chi_latency,KHONG-DOC,22,13,mang
TrainTicket,ts-order-service,loss,2,app,chi_workload,BARO,21,15,mang
TrainTicket,ts-order-service,loss,2,app,chi_workload,MEANSHIFT,21,14,mang
TrainTicket,ts-order-service,loss,2,app,chi_workload,KHONG-DOC,22,13,mang
TrainTicket,ts-order-service,loss,2,app,moi_cot,BARO,22,1,mang
TrainTicket,ts-order-service,loss,2,app,moi_cot,MEANSHIFT,22,1,mang
TrainTicket,ts-order-service,loss,2,app,moi_cot,KHONG-DOC,22,13,mang
TrainTicket,ts-order-service,loss,2,all,chi_cpu,BARO,68,61,mang
TrainTicket,ts-order-service,loss,2,all,chi_cpu,MEANSHIFT,68,20,mang
TrainTicket,ts-order-service,loss,2,all,chi_cpu,KHONG-DOC,68,35,mang
TrainTicket,ts-order-service,loss,2,all,chi_latency,BARO,21,1,mang
TrainTicket,ts-order-service,loss,2,all,chi_latency,MEANSHIFT,21,1,mang
TrainTicket,ts-order-service,loss,2,all,chi_latency,KHONG-DOC,22,13,mang
TrainTicket,ts-order-service,loss,2,all,chi_workload,BARO,21,15,mang
TrainTicket,ts-order-service,loss,2,all,chi_workload,MEANSHIFT,21,14,mang
TrainTicket,ts-order-service,loss,2,all,chi_workload,KHONG-DOC,22,13,mang
TrainTicket,ts-order-service,loss,2,all,moi_cot,BARO,68,2,mang
TrainTicket,ts-order-service,loss,2,all,moi_cot,MEANSHIFT,68,1,mang
TrainTicket,ts-order-service,loss,2,all,moi_cot,KHONG-DOC,68,35,mang
TrainTicket,ts-order-service,loss,3,fault5,chi_cpu,BARO,5,3,mang
TrainTicket,ts-order-service,loss,3,fault5,chi_cpu,MEANSHIFT,5,2,mang
TrainTicket,ts-order-service,loss,3,fault5,chi_cpu,KHONG-DOC,5,2,mang
TrainTicket,ts-order-service,loss,3,fault5,chi_latency,BARO,5,1,mang
TrainTicket,ts-order-service,loss,3,fault5,chi_latency,MEANSHIFT,5,1,mang
TrainTicket,ts-order-service,loss,3,fault5,chi_latency,KHONG-DOC,5,2,mang
TrainTicket,ts-order-service,loss,3,fault5,chi_workload,BARO,5,4,mang
TrainTicket,ts-order-service,loss,3,fault5,chi_workload,MEANSHIFT,5,3,mang
TrainTicket,ts-order-service,loss,3,fault5,chi_workload,KHONG-DOC,5,2,mang
TrainTicket,ts-order-service,loss,3,fault5,moi_cot,BARO,5,1,mang
TrainTicket,ts-order-service,loss,3,fault5,moi_cot,MEANSHIFT,5,1,mang
TrainTicket,ts-order-service,loss,3,fault5,moi_cot,KHONG-DOC,5,2,mang
TrainTicket,ts-order-service,loss,3,app,chi_cpu,BARO,22,6,mang
TrainTicket,ts-order-service,loss,3,app,chi_cpu,MEANSHIFT,22,8,mang
TrainTicket,ts-order-service,loss,3,app,chi_cpu,KHONG-DOC,22,13,mang
TrainTicket,ts-order-service,loss,3,app,chi_latency,BARO,20,1,mang
TrainTicket,ts-order-service,loss,3,app,chi_latency,MEANSHIFT,21,3,mang
TrainTicket,ts-order-service,loss,3,app,chi_latency,KHONG-DOC,22,13,mang
TrainTicket,ts-order-service,loss,3,app,chi_workload,BARO,21,10,mang
TrainTicket,ts-order-service,loss,3,app,chi_workload,MEANSHIFT,21,12,mang
TrainTicket,ts-order-service,loss,3,app,chi_workload,KHONG-DOC,22,13,mang
TrainTicket,ts-order-service,loss,3,app,moi_cot,BARO,22,1,mang
TrainTicket,ts-order-service,loss,3,app,moi_cot,MEANSHIFT,22,2,mang
TrainTicket,ts-order-service,loss,3,app,moi_cot,KHONG-DOC,22,13,mang
TrainTicket,ts-order-service,loss,3,all,chi_cpu,BARO,68,25,mang
TrainTicket,ts-order-service,loss,3,all,chi_cpu,MEANSHIFT,68,20,mang
TrainTicket,ts-order-service,loss,3,all,chi_cpu,KHONG-DOC,68,35,mang
TrainTicket,ts-order-service,loss,3,all,chi_latency,BARO,20,1,mang
TrainTicket,ts-order-service,loss,3,all,chi_latency,MEANSHIFT,21,3,mang
TrainTicket,ts-order-service,loss,3,all,chi_latency,KHONG-DOC,22,13,mang
TrainTicket,ts-order-service,loss,3,all,chi_workload,BARO,21,10,mang
TrainTicket,ts-order-service,loss,3,all,chi_workload,MEANSHIFT,21,12,mang
TrainTicket,ts-order-service,loss,3,all,chi_workload,KHONG-DOC,22,13,mang
TrainTicket,ts-order-service,loss,3,all,moi_cot,BARO,68,3,mang
TrainTicket,ts-order-service,loss,3,all,moi_cot,MEANSHIFT,68,2,mang
TrainTicket,ts-order-service,loss,3,all,moi_cot,KHONG-DOC,68,35,mang
TrainTicket,ts-order-service,mem,1,fault5,chi_cpu,BARO,5,1,tai nguyen
TrainTicket,ts-order-service,mem,1,fault5,chi_cpu,MEANSHIFT,5,1,tai nguyen
TrainTicket,ts-order-service,mem,1,fault5,chi_cpu,KHONG-DOC,5,2,tai nguyen
TrainTicket,ts-order-service,mem,1,fault5,chi_latency,BARO,5,1,tai nguyen
TrainTicket,ts-order-service,mem,1,fault5,chi_latency,MEANSHIFT,5,1,tai nguyen
TrainTicket,ts-order-service,mem,1,fault5,chi_latency,KHONG-DOC,5,2,tai nguyen
TrainTicket,ts-order-service,mem,1,fault5,chi_workload,BARO,5,4,tai nguyen
TrainTicket,ts-order-service,mem,1,fault5,chi_workload,MEANSHIFT,5,5,tai nguyen
TrainTicket,ts-order-service,mem,1,fault5,chi_workload,KHONG-DOC,5,2,tai nguyen
TrainTicket,ts-order-service,mem,1,fault5,moi_cot,BARO,5,1,tai nguyen
TrainTicket,ts-order-service,mem,1,fault5,moi_cot,MEANSHIFT,5,1,tai nguyen
TrainTicket,ts-order-service,mem,1,fault5,moi_cot,KHONG-DOC,5,2,tai nguyen
TrainTicket,ts-order-service,mem,1,app,chi_cpu,BARO,28,2,tai nguyen
TrainTicket,ts-order-service,mem,1,app,chi_cpu,MEANSHIFT,28,1,tai nguyen
TrainTicket,ts-order-service,mem,1,app,chi_cpu,KHONG-DOC,28,14,tai nguyen
TrainTicket,ts-order-service,mem,1,app,chi_latency,BARO,28,2,tai nguyen
TrainTicket,ts-order-service,mem,1,app,chi_latency,MEANSHIFT,28,1,tai nguyen
TrainTicket,ts-order-service,mem,1,app,chi_latency,KHONG-DOC,28,14,tai nguyen
TrainTicket,ts-order-service,mem,1,app,chi_workload,BARO,28,20,tai nguyen
TrainTicket,ts-order-service,mem,1,app,chi_workload,MEANSHIFT,28,20,tai nguyen
TrainTicket,ts-order-service,mem,1,app,chi_workload,KHONG-DOC,28,14,tai nguyen
TrainTicket,ts-order-service,mem,1,app,moi_cot,BARO,28,2,tai nguyen
TrainTicket,ts-order-service,mem,1,app,moi_cot,MEANSHIFT,28,1,tai nguyen
TrainTicket,ts-order-service,mem,1,app,moi_cot,KHONG-DOC,28,14,tai nguyen
TrainTicket,ts-order-service,mem,1,all,chi_cpu,BARO,68,4,tai nguyen
TrainTicket,ts-order-service,mem,1,all,chi_cpu,MEANSHIFT,68,1,tai nguyen
TrainTicket,ts-order-service,mem,1,all,chi_cpu,KHONG-DOC,68,35,tai nguyen
TrainTicket,ts-order-service,mem,1,all,chi_latency,BARO,28,2,tai nguyen
TrainTicket,ts-order-service,mem,1,all,chi_latency,MEANSHIFT,28,1,tai nguyen
TrainTicket,ts-order-service,mem,1,all,chi_latency,KHONG-DOC,28,14,tai nguyen
TrainTicket,ts-order-service,mem,1,all,chi_workload,BARO,28,20,tai nguyen
TrainTicket,ts-order-service,mem,1,all,chi_workload,MEANSHIFT,28,20,tai nguyen
TrainTicket,ts-order-service,mem,1,all,chi_workload,KHONG-DOC,28,14,tai nguyen
TrainTicket,ts-order-service,mem,1,all,moi_cot,BARO,68,2,tai nguyen
TrainTicket,ts-order-service,mem,1,all,moi_cot,MEANSHIFT,68,1,tai nguyen
TrainTicket,ts-order-service,mem,1,all,moi_cot,KHONG-DOC,69,36,tai nguyen
TrainTicket,ts-order-service,mem,2,fault5,chi_cpu,BARO,5,1,tai nguyen
TrainTicket,ts-order-service,mem,2,fault5,chi_cpu,MEANSHIFT,5,1,tai nguyen
TrainTicket,ts-order-service,mem,2,fault5,chi_cpu,KHONG-DOC,5,2,tai nguyen
TrainTicket,ts-order-service,mem,2,fault5,chi_latency,BARO,5,1,tai nguyen
TrainTicket,ts-order-service,mem,2,fault5,chi_latency,MEANSHIFT,5,1,tai nguyen
TrainTicket,ts-order-service,mem,2,fault5,chi_latency,KHONG-DOC,5,2,tai nguyen
TrainTicket,ts-order-service,mem,2,fault5,chi_workload,BARO,5,4,tai nguyen
TrainTicket,ts-order-service,mem,2,fault5,chi_workload,MEANSHIFT,5,3,tai nguyen
TrainTicket,ts-order-service,mem,2,fault5,chi_workload,KHONG-DOC,5,2,tai nguyen
TrainTicket,ts-order-service,mem,2,fault5,moi_cot,BARO,5,1,tai nguyen
TrainTicket,ts-order-service,mem,2,fault5,moi_cot,MEANSHIFT,5,1,tai nguyen
TrainTicket,ts-order-service,mem,2,fault5,moi_cot,KHONG-DOC,5,2,tai nguyen
TrainTicket,ts-order-service,mem,2,app,chi_cpu,BARO,28,2,tai nguyen
TrainTicket,ts-order-service,mem,2,app,chi_cpu,MEANSHIFT,28,1,tai nguyen
TrainTicket,ts-order-service,mem,2,app,chi_cpu,KHONG-DOC,28,14,tai nguyen
TrainTicket,ts-order-service,mem,2,app,chi_latency,BARO,28,1,tai nguyen
TrainTicket,ts-order-service,mem,2,app,chi_latency,MEANSHIFT,28,1,tai nguyen
TrainTicket,ts-order-service,mem,2,app,chi_latency,KHONG-DOC,28,14,tai nguyen
TrainTicket,ts-order-service,mem,2,app,chi_workload,BARO,28,20,tai nguyen
TrainTicket,ts-order-service,mem,2,app,chi_workload,MEANSHIFT,28,5,tai nguyen
TrainTicket,ts-order-service,mem,2,app,chi_workload,KHONG-DOC,28,14,tai nguyen
TrainTicket,ts-order-service,mem,2,app,moi_cot,BARO,28,1,tai nguyen
TrainTicket,ts-order-service,mem,2,app,moi_cot,MEANSHIFT,28,1,tai nguyen
TrainTicket,ts-order-service,mem,2,app,moi_cot,KHONG-DOC,28,14,tai nguyen
TrainTicket,ts-order-service,mem,2,all,chi_cpu,BARO,68,6,tai nguyen
TrainTicket,ts-order-service,mem,2,all,chi_cpu,MEANSHIFT,68,1,tai nguyen
TrainTicket,ts-order-service,mem,2,all,chi_cpu,KHONG-DOC,68,35,tai nguyen
TrainTicket,ts-order-service,mem,2,all,chi_latency,BARO,28,1,tai nguyen
TrainTicket,ts-order-service,mem,2,all,chi_latency,MEANSHIFT,28,1,tai nguyen
TrainTicket,ts-order-service,mem,2,all,chi_latency,KHONG-DOC,28,14,tai nguyen
TrainTicket,ts-order-service,mem,2,all,chi_workload,BARO,28,20,tai nguyen
TrainTicket,ts-order-service,mem,2,all,chi_workload,MEANSHIFT,28,5,tai nguyen
TrainTicket,ts-order-service,mem,2,all,chi_workload,KHONG-DOC,28,14,tai nguyen
TrainTicket,ts-order-service,mem,2,all,moi_cot,BARO,68,1,tai nguyen
TrainTicket,ts-order-service,mem,2,all,moi_cot,MEANSHIFT,68,1,tai nguyen
TrainTicket,ts-order-service,mem,2,all,moi_cot,KHONG-DOC,68,35,tai nguyen
TrainTicket,ts-order-service,mem,3,fault5,chi_cpu,BARO,5,1,tai nguyen
TrainTicket,ts-order-service,mem,3,fault5,chi_cpu,MEANSHIFT,5,1,tai nguyen
TrainTicket,ts-order-service,mem,3,fault5,chi_cpu,KHONG-DOC,5,2,tai nguyen
TrainTicket,ts-order-service,mem,3,fault5,chi_latency,BARO,5,1,tai nguyen
TrainTicket,ts-order-service,mem,3,fault5,chi_latency,MEANSHIFT,5,1,tai nguyen
TrainTicket,ts-order-service,mem,3,fault5,chi_latency,KHONG-DOC,5,2,tai nguyen
TrainTicket,ts-order-service,mem,3,fault5,chi_workload,BARO,5,2,tai nguyen
TrainTicket,ts-order-service,mem,3,fault5,chi_workload,MEANSHIFT,5,5,tai nguyen
TrainTicket,ts-order-service,mem,3,fault5,chi_workload,KHONG-DOC,5,2,tai nguyen
TrainTicket,ts-order-service,mem,3,fault5,moi_cot,BARO,5,1,tai nguyen
TrainTicket,ts-order-service,mem,3,fault5,moi_cot,MEANSHIFT,5,1,tai nguyen
TrainTicket,ts-order-service,mem,3,fault5,moi_cot,KHONG-DOC,5,2,tai nguyen
TrainTicket,ts-order-service,mem,3,app,chi_cpu,BARO,28,1,tai nguyen
TrainTicket,ts-order-service,mem,3,app,chi_cpu,MEANSHIFT,28,1,tai nguyen
TrainTicket,ts-order-service,mem,3,app,chi_cpu,KHONG-DOC,28,14,tai nguyen
TrainTicket,ts-order-service,mem,3,app,chi_latency,BARO,27,1,tai nguyen
TrainTicket,ts-order-service,mem,3,app,chi_latency,MEANSHIFT,28,2,tai nguyen
TrainTicket,ts-order-service,mem,3,app,chi_latency,KHONG-DOC,28,14,tai nguyen
TrainTicket,ts-order-service,mem,3,app,chi_workload,BARO,28,15,tai nguyen
TrainTicket,ts-order-service,mem,3,app,chi_workload,MEANSHIFT,28,22,tai nguyen
TrainTicket,ts-order-service,mem,3,app,chi_workload,KHONG-DOC,28,14,tai nguyen
TrainTicket,ts-order-service,mem,3,app,moi_cot,BARO,28,2,tai nguyen
TrainTicket,ts-order-service,mem,3,app,moi_cot,MEANSHIFT,28,2,tai nguyen
TrainTicket,ts-order-service,mem,3,app,moi_cot,KHONG-DOC,28,14,tai nguyen
TrainTicket,ts-order-service,mem,3,all,chi_cpu,BARO,68,8,tai nguyen
TrainTicket,ts-order-service,mem,3,all,chi_cpu,MEANSHIFT,68,1,tai nguyen
TrainTicket,ts-order-service,mem,3,all,chi_cpu,KHONG-DOC,68,35,tai nguyen
TrainTicket,ts-order-service,mem,3,all,chi_latency,BARO,27,1,tai nguyen
TrainTicket,ts-order-service,mem,3,all,chi_latency,MEANSHIFT,28,2,tai nguyen
TrainTicket,ts-order-service,mem,3,all,chi_latency,KHONG-DOC,28,14,tai nguyen
TrainTicket,ts-order-service,mem,3,all,chi_workload,BARO,28,15,tai nguyen
TrainTicket,ts-order-service,mem,3,all,chi_workload,MEANSHIFT,28,22,tai nguyen
TrainTicket,ts-order-service,mem,3,all,chi_workload,KHONG-DOC,28,14,tai nguyen
TrainTicket,ts-order-service,mem,3,all,moi_cot,BARO,68,2,tai nguyen
TrainTicket,ts-order-service,mem,3,all,moi_cot,MEANSHIFT,68,2,tai nguyen
TrainTicket,ts-order-service,mem,3,all,moi_cot,KHONG-DOC,68,35,tai nguyen
TrainTicket,ts-order-service,socket,1,fault5,chi_cpu,BARO,5,1,tai nguyen
TrainTicket,ts-order-service,socket,1,fault5,chi_cpu,MEANSHIFT,5,1,tai nguyen
TrainTicket,ts-order-service,socket,1,fault5,chi_cpu,KHONG-DOC,5,2,tai nguyen
TrainTicket,ts-order-service,socket,1,fault5,chi_latency,BARO,5,1,tai nguyen
TrainTicket,ts-order-service,socket,1,fault5,chi_latency,MEANSHIFT,5,1,tai nguyen
TrainTicket,ts-order-service,socket,1,fault5,chi_latency,KHONG-DOC,5,2,tai nguyen
TrainTicket,ts-order-service,socket,1,fault5,chi_workload,BARO,5,5,tai nguyen
TrainTicket,ts-order-service,socket,1,fault5,chi_workload,MEANSHIFT,5,5,tai nguyen
TrainTicket,ts-order-service,socket,1,fault5,chi_workload,KHONG-DOC,5,2,tai nguyen
TrainTicket,ts-order-service,socket,1,fault5,moi_cot,BARO,5,1,tai nguyen
TrainTicket,ts-order-service,socket,1,fault5,moi_cot,MEANSHIFT,5,1,tai nguyen
TrainTicket,ts-order-service,socket,1,fault5,moi_cot,KHONG-DOC,5,2,tai nguyen
TrainTicket,ts-order-service,socket,1,app,chi_cpu,BARO,28,2,tai nguyen
TrainTicket,ts-order-service,socket,1,app,chi_cpu,MEANSHIFT,28,1,tai nguyen
TrainTicket,ts-order-service,socket,1,app,chi_cpu,KHONG-DOC,28,14,tai nguyen
TrainTicket,ts-order-service,socket,1,app,chi_latency,BARO,27,1,tai nguyen
TrainTicket,ts-order-service,socket,1,app,chi_latency,MEANSHIFT,27,1,tai nguyen
TrainTicket,ts-order-service,socket,1,app,chi_latency,KHONG-DOC,28,14,tai nguyen
TrainTicket,ts-order-service,socket,1,app,chi_workload,BARO,28,28,tai nguyen
TrainTicket,ts-order-service,socket,1,app,chi_workload,MEANSHIFT,28,19,tai nguyen
TrainTicket,ts-order-service,socket,1,app,chi_workload,KHONG-DOC,28,14,tai nguyen
TrainTicket,ts-order-service,socket,1,app,moi_cot,BARO,28,2,tai nguyen
TrainTicket,ts-order-service,socket,1,app,moi_cot,MEANSHIFT,28,2,tai nguyen
TrainTicket,ts-order-service,socket,1,app,moi_cot,KHONG-DOC,28,14,tai nguyen
TrainTicket,ts-order-service,socket,1,all,chi_cpu,BARO,68,8,tai nguyen
TrainTicket,ts-order-service,socket,1,all,chi_cpu,MEANSHIFT,68,1,tai nguyen
TrainTicket,ts-order-service,socket,1,all,chi_cpu,KHONG-DOC,68,35,tai nguyen
TrainTicket,ts-order-service,socket,1,all,chi_latency,BARO,27,1,tai nguyen
TrainTicket,ts-order-service,socket,1,all,chi_latency,MEANSHIFT,27,1,tai nguyen
TrainTicket,ts-order-service,socket,1,all,chi_latency,KHONG-DOC,28,14,tai nguyen
TrainTicket,ts-order-service,socket,1,all,chi_workload,BARO,28,28,tai nguyen
TrainTicket,ts-order-service,socket,1,all,chi_workload,MEANSHIFT,28,19,tai nguyen
TrainTicket,ts-order-service,socket,1,all,chi_workload,KHONG-DOC,28,14,tai nguyen
TrainTicket,ts-order-service,socket,1,all,moi_cot,BARO,68,3,tai nguyen
TrainTicket,ts-order-service,socket,1,all,moi_cot,MEANSHIFT,68,2,tai nguyen
TrainTicket,ts-order-service,socket,1,all,moi_cot,KHONG-DOC,68,35,tai nguyen
TrainTicket,ts-order-service,socket,2,fault5,chi_cpu,BARO,5,1,tai nguyen
TrainTicket,ts-order-service,socket,2,fault5,chi_cpu,MEANSHIFT,5,1,tai nguyen
TrainTicket,ts-order-service,socket,2,fault5,chi_cpu,KHONG-DOC,5,2,tai nguyen
TrainTicket,ts-order-service,socket,2,fault5,chi_latency,BARO,5,1,tai nguyen
TrainTicket,ts-order-service,socket,2,fault5,chi_latency,MEANSHIFT,5,1,tai nguyen
TrainTicket,ts-order-service,socket,2,fault5,chi_latency,KHONG-DOC,5,2,tai nguyen
TrainTicket,ts-order-service,socket,2,fault5,chi_workload,BARO,5,3,tai nguyen
TrainTicket,ts-order-service,socket,2,fault5,chi_workload,MEANSHIFT,5,2,tai nguyen
TrainTicket,ts-order-service,socket,2,fault5,chi_workload,KHONG-DOC,5,2,tai nguyen
TrainTicket,ts-order-service,socket,2,fault5,moi_cot,BARO,5,1,tai nguyen
TrainTicket,ts-order-service,socket,2,fault5,moi_cot,MEANSHIFT,5,1,tai nguyen
TrainTicket,ts-order-service,socket,2,fault5,moi_cot,KHONG-DOC,5,2,tai nguyen
TrainTicket,ts-order-service,socket,2,app,chi_cpu,BARO,22,1,tai nguyen
TrainTicket,ts-order-service,socket,2,app,chi_cpu,MEANSHIFT,22,1,tai nguyen
TrainTicket,ts-order-service,socket,2,app,chi_cpu,KHONG-DOC,22,13,tai nguyen
TrainTicket,ts-order-service,socket,2,app,chi_latency,BARO,21,1,tai nguyen
TrainTicket,ts-order-service,socket,2,app,chi_latency,MEANSHIFT,21,2,tai nguyen
TrainTicket,ts-order-service,socket,2,app,chi_latency,KHONG-DOC,22,13,tai nguyen
TrainTicket,ts-order-service,socket,2,app,chi_workload,BARO,21,7,tai nguyen
TrainTicket,ts-order-service,socket,2,app,chi_workload,MEANSHIFT,21,6,tai nguyen
TrainTicket,ts-order-service,socket,2,app,chi_workload,KHONG-DOC,22,13,tai nguyen
TrainTicket,ts-order-service,socket,2,app,moi_cot,BARO,22,1,tai nguyen
TrainTicket,ts-order-service,socket,2,app,moi_cot,MEANSHIFT,22,2,tai nguyen
TrainTicket,ts-order-service,socket,2,app,moi_cot,KHONG-DOC,22,13,tai nguyen
TrainTicket,ts-order-service,socket,2,all,chi_cpu,BARO,68,1,tai nguyen
TrainTicket,ts-order-service,socket,2,all,chi_cpu,MEANSHIFT,68,1,tai nguyen
TrainTicket,ts-order-service,socket,2,all,chi_cpu,KHONG-DOC,68,35,tai nguyen
TrainTicket,ts-order-service,socket,2,all,chi_latency,BARO,21,1,tai nguyen
TrainTicket,ts-order-service,socket,2,all,chi_latency,MEANSHIFT,21,2,tai nguyen
TrainTicket,ts-order-service,socket,2,all,chi_latency,KHONG-DOC,22,13,tai nguyen
TrainTicket,ts-order-service,socket,2,all,chi_workload,BARO,21,7,tai nguyen
TrainTicket,ts-order-service,socket,2,all,chi_workload,MEANSHIFT,21,6,tai nguyen
TrainTicket,ts-order-service,socket,2,all,chi_workload,KHONG-DOC,22,13,tai nguyen
TrainTicket,ts-order-service,socket,2,all,moi_cot,BARO,68,1,tai nguyen
TrainTicket,ts-order-service,socket,2,all,moi_cot,MEANSHIFT,68,2,tai nguyen
TrainTicket,ts-order-service,socket,2,all,moi_cot,KHONG-DOC,68,35,tai nguyen
TrainTicket,ts-order-service,socket,3,fault5,chi_cpu,BARO,5,1,tai nguyen
TrainTicket,ts-order-service,socket,3,fault5,chi_cpu,MEANSHIFT,5,1,tai nguyen
TrainTicket,ts-order-service,socket,3,fault5,chi_cpu,KHONG-DOC,5,2,tai nguyen
TrainTicket,ts-order-service,socket,3,fault5,chi_latency,BARO,5,1,tai nguyen
TrainTicket,ts-order-service,socket,3,fault5,chi_latency,MEANSHIFT,5,1,tai nguyen
TrainTicket,ts-order-service,socket,3,fault5,chi_latency,KHONG-DOC,5,2,tai nguyen
TrainTicket,ts-order-service,socket,3,fault5,chi_workload,BARO,5,4,tai nguyen
TrainTicket,ts-order-service,socket,3,fault5,chi_workload,MEANSHIFT,5,1,tai nguyen
TrainTicket,ts-order-service,socket,3,fault5,chi_workload,KHONG-DOC,5,2,tai nguyen
TrainTicket,ts-order-service,socket,3,fault5,moi_cot,BARO,5,1,tai nguyen
TrainTicket,ts-order-service,socket,3,fault5,moi_cot,MEANSHIFT,5,1,tai nguyen
TrainTicket,ts-order-service,socket,3,fault5,moi_cot,KHONG-DOC,5,2,tai nguyen
TrainTicket,ts-order-service,socket,3,app,chi_cpu,BARO,28,1,tai nguyen
TrainTicket,ts-order-service,socket,3,app,chi_cpu,MEANSHIFT,28,1,tai nguyen
TrainTicket,ts-order-service,socket,3,app,chi_cpu,KHONG-DOC,28,14,tai nguyen
TrainTicket,ts-order-service,socket,3,app,chi_latency,BARO,27,1,tai nguyen
TrainTicket,ts-order-service,socket,3,app,chi_latency,MEANSHIFT,28,1,tai nguyen
TrainTicket,ts-order-service,socket,3,app,chi_latency,KHONG-DOC,28,14,tai nguyen
TrainTicket,ts-order-service,socket,3,app,chi_workload,BARO,28,16,tai nguyen
TrainTicket,ts-order-service,socket,3,app,chi_workload,MEANSHIFT,28,6,tai nguyen
TrainTicket,ts-order-service,socket,3,app,chi_workload,KHONG-DOC,28,14,tai nguyen
TrainTicket,ts-order-service,socket,3,app,moi_cot,BARO,28,1,tai nguyen
TrainTicket,ts-order-service,socket,3,app,moi_cot,MEANSHIFT,28,1,tai nguyen
TrainTicket,ts-order-service,socket,3,app,moi_cot,KHONG-DOC,28,14,tai nguyen
TrainTicket,ts-order-service,socket,3,all,chi_cpu,BARO,68,1,tai nguyen
TrainTicket,ts-order-service,socket,3,all,chi_cpu,MEANSHIFT,68,1,tai nguyen
TrainTicket,ts-order-service,socket,3,all,chi_cpu,KHONG-DOC,68,35,tai nguyen
TrainTicket,ts-order-service,socket,3,all,chi_latency,BARO,27,1,tai nguyen
TrainTicket,ts-order-service,socket,3,all,chi_latency,MEANSHIFT,28,1,tai nguyen
TrainTicket,ts-order-service,socket,3,all,chi_latency,KHONG-DOC,28,14,tai nguyen
TrainTicket,ts-order-service,socket,3,all,chi_workload,BARO,28,16,tai nguyen
TrainTicket,ts-order-service,socket,3,all,chi_workload,MEANSHIFT,28,6,tai nguyen
TrainTicket,ts-order-service,socket,3,all,chi_workload,KHONG-DOC,28,14,tai nguyen
TrainTicket,ts-order-service,socket,3,all,moi_cot,BARO,68,1,tai nguyen
TrainTicket,ts-order-service,socket,3,all,moi_cot,MEANSHIFT,68,1,tai nguyen
TrainTicket,ts-order-service,socket,3,all,moi_cot,KHONG-DOC,68,35,tai nguyen
TrainTicket,ts-route-service,cpu,1,fault5,chi_cpu,BARO,5,1,tai nguyen
TrainTicket,ts-route-service,cpu,1,fault5,chi_cpu,MEANSHIFT,5,1,tai nguyen
TrainTicket,ts-route-service,cpu,1,fault5,chi_cpu,KHONG-DOC,5,3,tai nguyen
TrainTicket,ts-route-service,cpu,1,fault5,chi_latency,BARO,5,2,tai nguyen
TrainTicket,ts-route-service,cpu,1,fault5,chi_latency,MEANSHIFT,5,1,tai nguyen
TrainTicket,ts-route-service,cpu,1,fault5,chi_latency,KHONG-DOC,5,3,tai nguyen
TrainTicket,ts-route-service,cpu,1,fault5,chi_workload,BARO,5,2,tai nguyen
TrainTicket,ts-route-service,cpu,1,fault5,chi_workload,MEANSHIFT,5,2,tai nguyen
TrainTicket,ts-route-service,cpu,1,fault5,chi_workload,KHONG-DOC,5,3,tai nguyen
TrainTicket,ts-route-service,cpu,1,fault5,moi_cot,BARO,5,2,tai nguyen
TrainTicket,ts-route-service,cpu,1,fault5,moi_cot,MEANSHIFT,5,1,tai nguyen
TrainTicket,ts-route-service,cpu,1,fault5,moi_cot,KHONG-DOC,5,3,tai nguyen
TrainTicket,ts-route-service,cpu,1,app,chi_cpu,BARO,28,1,tai nguyen
TrainTicket,ts-route-service,cpu,1,app,chi_cpu,MEANSHIFT,28,1,tai nguyen
TrainTicket,ts-route-service,cpu,1,app,chi_cpu,KHONG-DOC,28,19,tai nguyen
TrainTicket,ts-route-service,cpu,1,app,chi_latency,BARO,28,3,tai nguyen
TrainTicket,ts-route-service,cpu,1,app,chi_latency,MEANSHIFT,28,1,tai nguyen
TrainTicket,ts-route-service,cpu,1,app,chi_latency,KHONG-DOC,28,19,tai nguyen
TrainTicket,ts-route-service,cpu,1,app,chi_workload,BARO,28,2,tai nguyen
TrainTicket,ts-route-service,cpu,1,app,chi_workload,MEANSHIFT,28,5,tai nguyen
TrainTicket,ts-route-service,cpu,1,app,chi_workload,KHONG-DOC,28,19,tai nguyen
TrainTicket,ts-route-service,cpu,1,app,moi_cot,BARO,28,3,tai nguyen
TrainTicket,ts-route-service,cpu,1,app,moi_cot,MEANSHIFT,28,1,tai nguyen
TrainTicket,ts-route-service,cpu,1,app,moi_cot,KHONG-DOC,28,19,tai nguyen
TrainTicket,ts-route-service,cpu,1,all,chi_cpu,BARO,68,1,tai nguyen
TrainTicket,ts-route-service,cpu,1,all,chi_cpu,MEANSHIFT,68,1,tai nguyen
TrainTicket,ts-route-service,cpu,1,all,chi_cpu,KHONG-DOC,68,47,tai nguyen
TrainTicket,ts-route-service,cpu,1,all,chi_latency,BARO,28,3,tai nguyen
TrainTicket,ts-route-service,cpu,1,all,chi_latency,MEANSHIFT,28,1,tai nguyen
TrainTicket,ts-route-service,cpu,1,all,chi_latency,KHONG-DOC,28,19,tai nguyen
TrainTicket,ts-route-service,cpu,1,all,chi_workload,BARO,28,2,tai nguyen
TrainTicket,ts-route-service,cpu,1,all,chi_workload,MEANSHIFT,28,5,tai nguyen
TrainTicket,ts-route-service,cpu,1,all,chi_workload,KHONG-DOC,28,19,tai nguyen
TrainTicket,ts-route-service,cpu,1,all,moi_cot,BARO,68,3,tai nguyen
TrainTicket,ts-route-service,cpu,1,all,moi_cot,MEANSHIFT,68,1,tai nguyen
TrainTicket,ts-route-service,cpu,1,all,moi_cot,KHONG-DOC,68,47,tai nguyen
TrainTicket,ts-route-service,cpu,2,fault5,chi_cpu,BARO,5,1,tai nguyen
TrainTicket,ts-route-service,cpu,2,fault5,chi_cpu,MEANSHIFT,5,1,tai nguyen
TrainTicket,ts-route-service,cpu,2,fault5,chi_cpu,KHONG-DOC,5,3,tai nguyen
TrainTicket,ts-route-service,cpu,2,fault5,chi_latency,BARO,5,1,tai nguyen
TrainTicket,ts-route-service,cpu,2,fault5,chi_latency,MEANSHIFT,5,1,tai nguyen
TrainTicket,ts-route-service,cpu,2,fault5,chi_latency,KHONG-DOC,5,3,tai nguyen
TrainTicket,ts-route-service,cpu,2,fault5,chi_workload,BARO,5,4,tai nguyen
TrainTicket,ts-route-service,cpu,2,fault5,chi_workload,MEANSHIFT,5,4,tai nguyen
TrainTicket,ts-route-service,cpu,2,fault5,chi_workload,KHONG-DOC,5,3,tai nguyen
TrainTicket,ts-route-service,cpu,2,fault5,moi_cot,BARO,5,1,tai nguyen
TrainTicket,ts-route-service,cpu,2,fault5,moi_cot,MEANSHIFT,5,1,tai nguyen
TrainTicket,ts-route-service,cpu,2,fault5,moi_cot,KHONG-DOC,5,3,tai nguyen
TrainTicket,ts-route-service,cpu,2,app,chi_cpu,BARO,22,1,tai nguyen
TrainTicket,ts-route-service,cpu,2,app,chi_cpu,MEANSHIFT,22,1,tai nguyen
TrainTicket,ts-route-service,cpu,2,app,chi_cpu,KHONG-DOC,22,16,tai nguyen
TrainTicket,ts-route-service,cpu,2,app,chi_latency,BARO,21,3,tai nguyen
TrainTicket,ts-route-service,cpu,2,app,chi_latency,MEANSHIFT,21,2,tai nguyen
TrainTicket,ts-route-service,cpu,2,app,chi_latency,KHONG-DOC,22,16,tai nguyen
TrainTicket,ts-route-service,cpu,2,app,chi_workload,BARO,21,15,tai nguyen
TrainTicket,ts-route-service,cpu,2,app,chi_workload,MEANSHIFT,21,8,tai nguyen
TrainTicket,ts-route-service,cpu,2,app,chi_workload,KHONG-DOC,22,16,tai nguyen
TrainTicket,ts-route-service,cpu,2,app,moi_cot,BARO,22,2,tai nguyen
TrainTicket,ts-route-service,cpu,2,app,moi_cot,MEANSHIFT,22,1,tai nguyen
TrainTicket,ts-route-service,cpu,2,app,moi_cot,KHONG-DOC,22,16,tai nguyen
TrainTicket,ts-route-service,cpu,2,all,chi_cpu,BARO,68,12,tai nguyen
TrainTicket,ts-route-service,cpu,2,all,chi_cpu,MEANSHIFT,68,1,tai nguyen
TrainTicket,ts-route-service,cpu,2,all,chi_cpu,KHONG-DOC,68,47,tai nguyen
TrainTicket,ts-route-service,cpu,2,all,chi_latency,BARO,21,3,tai nguyen
TrainTicket,ts-route-service,cpu,2,all,chi_latency,MEANSHIFT,21,2,tai nguyen
TrainTicket,ts-route-service,cpu,2,all,chi_latency,KHONG-DOC,22,16,tai nguyen
TrainTicket,ts-route-service,cpu,2,all,chi_workload,BARO,21,15,tai nguyen
TrainTicket,ts-route-service,cpu,2,all,chi_workload,MEANSHIFT,21,8,tai nguyen
TrainTicket,ts-route-service,cpu,2,all,chi_workload,KHONG-DOC,22,16,tai nguyen
TrainTicket,ts-route-service,cpu,2,all,moi_cot,BARO,68,2,tai nguyen
TrainTicket,ts-route-service,cpu,2,all,moi_cot,MEANSHIFT,68,1,tai nguyen
TrainTicket,ts-route-service,cpu,2,all,moi_cot,KHONG-DOC,68,47,tai nguyen
TrainTicket,ts-route-service,cpu,3,fault5,chi_cpu,BARO,5,1,tai nguyen
TrainTicket,ts-route-service,cpu,3,fault5,chi_cpu,MEANSHIFT,5,1,tai nguyen
TrainTicket,ts-route-service,cpu,3,fault5,chi_cpu,KHONG-DOC,5,3,tai nguyen
TrainTicket,ts-route-service,cpu,3,fault5,chi_latency,BARO,5,2,tai nguyen
TrainTicket,ts-route-service,cpu,3,fault5,chi_latency,MEANSHIFT,5,1,tai nguyen
TrainTicket,ts-route-service,cpu,3,fault5,chi_latency,KHONG-DOC,5,3,tai nguyen
TrainTicket,ts-route-service,cpu,3,fault5,chi_workload,BARO,5,5,tai nguyen
TrainTicket,ts-route-service,cpu,3,fault5,chi_workload,MEANSHIFT,5,5,tai nguyen
TrainTicket,ts-route-service,cpu,3,fault5,chi_workload,KHONG-DOC,5,3,tai nguyen
TrainTicket,ts-route-service,cpu,3,fault5,moi_cot,BARO,5,1,tai nguyen
TrainTicket,ts-route-service,cpu,3,fault5,moi_cot,MEANSHIFT,5,1,tai nguyen
TrainTicket,ts-route-service,cpu,3,fault5,moi_cot,KHONG-DOC,5,3,tai nguyen
TrainTicket,ts-route-service,cpu,3,app,chi_cpu,BARO,22,1,tai nguyen
TrainTicket,ts-route-service,cpu,3,app,chi_cpu,MEANSHIFT,22,1,tai nguyen
TrainTicket,ts-route-service,cpu,3,app,chi_cpu,KHONG-DOC,22,16,tai nguyen
TrainTicket,ts-route-service,cpu,3,app,chi_latency,BARO,21,6,tai nguyen
TrainTicket,ts-route-service,cpu,3,app,chi_latency,MEANSHIFT,21,3,tai nguyen
TrainTicket,ts-route-service,cpu,3,app,chi_latency,KHONG-DOC,22,16,tai nguyen
TrainTicket,ts-route-service,cpu,3,app,chi_workload,BARO,21,21,tai nguyen
TrainTicket,ts-route-service,cpu,3,app,chi_workload,MEANSHIFT,21,17,tai nguyen
TrainTicket,ts-route-service,cpu,3,app,chi_workload,KHONG-DOC,22,16,tai nguyen
TrainTicket,ts-route-service,cpu,3,app,moi_cot,BARO,22,1,tai nguyen
TrainTicket,ts-route-service,cpu,3,app,moi_cot,MEANSHIFT,22,1,tai nguyen
TrainTicket,ts-route-service,cpu,3,app,moi_cot,KHONG-DOC,22,16,tai nguyen
TrainTicket,ts-route-service,cpu,3,all,chi_cpu,BARO,68,1,tai nguyen
TrainTicket,ts-route-service,cpu,3,all,chi_cpu,MEANSHIFT,68,1,tai nguyen
TrainTicket,ts-route-service,cpu,3,all,chi_cpu,KHONG-DOC,68,47,tai nguyen
TrainTicket,ts-route-service,cpu,3,all,chi_latency,BARO,21,6,tai nguyen
TrainTicket,ts-route-service,cpu,3,all,chi_latency,MEANSHIFT,21,3,tai nguyen
TrainTicket,ts-route-service,cpu,3,all,chi_latency,KHONG-DOC,22,16,tai nguyen
TrainTicket,ts-route-service,cpu,3,all,chi_workload,BARO,21,21,tai nguyen
TrainTicket,ts-route-service,cpu,3,all,chi_workload,MEANSHIFT,21,17,tai nguyen
TrainTicket,ts-route-service,cpu,3,all,chi_workload,KHONG-DOC,22,16,tai nguyen
TrainTicket,ts-route-service,cpu,3,all,moi_cot,BARO,68,1,tai nguyen
TrainTicket,ts-route-service,cpu,3,all,moi_cot,MEANSHIFT,68,1,tai nguyen
TrainTicket,ts-route-service,cpu,3,all,moi_cot,KHONG-DOC,68,47,tai nguyen
TrainTicket,ts-route-service,delay,1,fault5,chi_cpu,BARO,5,2,mang
TrainTicket,ts-route-service,delay,1,fault5,chi_cpu,MEANSHIFT,5,3,mang
TrainTicket,ts-route-service,delay,1,fault5,chi_cpu,KHONG-DOC,5,3,mang
TrainTicket,ts-route-service,delay,1,fault5,chi_latency,BARO,5,1,mang
TrainTicket,ts-route-service,delay,1,fault5,chi_latency,MEANSHIFT,5,1,mang
TrainTicket,ts-route-service,delay,1,fault5,chi_latency,KHONG-DOC,5,3,mang
TrainTicket,ts-route-service,delay,1,fault5,chi_workload,BARO,5,2,mang
TrainTicket,ts-route-service,delay,1,fault5,chi_workload,MEANSHIFT,5,2,mang
TrainTicket,ts-route-service,delay,1,fault5,chi_workload,KHONG-DOC,5,3,mang
TrainTicket,ts-route-service,delay,1,fault5,moi_cot,BARO,5,1,mang
TrainTicket,ts-route-service,delay,1,fault5,moi_cot,MEANSHIFT,5,1,mang
TrainTicket,ts-route-service,delay,1,fault5,moi_cot,KHONG-DOC,5,3,mang
TrainTicket,ts-route-service,delay,1,app,chi_cpu,BARO,28,8,mang
TrainTicket,ts-route-service,delay,1,app,chi_cpu,MEANSHIFT,28,9,mang
TrainTicket,ts-route-service,delay,1,app,chi_cpu,KHONG-DOC,28,19,mang
TrainTicket,ts-route-service,delay,1,app,chi_latency,BARO,27,1,mang
TrainTicket,ts-route-service,delay,1,app,chi_latency,MEANSHIFT,27,1,mang
TrainTicket,ts-route-service,delay,1,app,chi_latency,KHONG-DOC,28,19,mang
TrainTicket,ts-route-service,delay,1,app,chi_workload,BARO,28,3,mang
TrainTicket,ts-route-service,delay,1,app,chi_workload,MEANSHIFT,28,6,mang
TrainTicket,ts-route-service,delay,1,app,chi_workload,KHONG-DOC,28,19,mang
TrainTicket,ts-route-service,delay,1,app,moi_cot,BARO,28,1,mang
TrainTicket,ts-route-service,delay,1,app,moi_cot,MEANSHIFT,28,2,mang
TrainTicket,ts-route-service,delay,1,app,moi_cot,KHONG-DOC,28,19,mang
TrainTicket,ts-route-service,delay,1,all,chi_cpu,BARO,68,43,mang
TrainTicket,ts-route-service,delay,1,all,chi_cpu,MEANSHIFT,68,10,mang
TrainTicket,ts-route-service,delay,1,all,chi_cpu,KHONG-DOC,68,47,mang
TrainTicket,ts-route-service,delay,1,all,chi_latency,BARO,27,1,mang
TrainTicket,ts-route-service,delay,1,all,chi_latency,MEANSHIFT,27,1,mang
TrainTicket,ts-route-service,delay,1,all,chi_latency,KHONG-DOC,28,19,mang
TrainTicket,ts-route-service,delay,1,all,chi_workload,BARO,28,3,mang
TrainTicket,ts-route-service,delay,1,all,chi_workload,MEANSHIFT,28,6,mang
TrainTicket,ts-route-service,delay,1,all,chi_workload,KHONG-DOC,28,19,mang
TrainTicket,ts-route-service,delay,1,all,moi_cot,BARO,68,1,mang
TrainTicket,ts-route-service,delay,1,all,moi_cot,MEANSHIFT,68,2,mang
TrainTicket,ts-route-service,delay,1,all,moi_cot,KHONG-DOC,68,47,mang
TrainTicket,ts-route-service,delay,2,fault5,chi_cpu,BARO,5,3,mang
TrainTicket,ts-route-service,delay,2,fault5,chi_cpu,MEANSHIFT,5,3,mang
TrainTicket,ts-route-service,delay,2,fault5,chi_cpu,KHONG-DOC,5,3,mang
TrainTicket,ts-route-service,delay,2,fault5,chi_latency,BARO,5,1,mang
TrainTicket,ts-route-service,delay,2,fault5,chi_latency,MEANSHIFT,5,1,mang
TrainTicket,ts-route-service,delay,2,fault5,chi_latency,KHONG-DOC,5,3,mang
TrainTicket,ts-route-service,delay,2,fault5,chi_workload,BARO,5,1,mang
TrainTicket,ts-route-service,delay,2,fault5,chi_workload,MEANSHIFT,5,2,mang
TrainTicket,ts-route-service,delay,2,fault5,chi_workload,KHONG-DOC,5,3,mang
TrainTicket,ts-route-service,delay,2,fault5,moi_cot,BARO,5,1,mang
TrainTicket,ts-route-service,delay,2,fault5,moi_cot,MEANSHIFT,5,1,mang
TrainTicket,ts-route-service,delay,2,fault5,moi_cot,KHONG-DOC,5,3,mang
TrainTicket,ts-route-service,delay,2,app,chi_cpu,BARO,28,18,mang
TrainTicket,ts-route-service,delay,2,app,chi_cpu,MEANSHIFT,28,11,mang
TrainTicket,ts-route-service,delay,2,app,chi_cpu,KHONG-DOC,28,19,mang
TrainTicket,ts-route-service,delay,2,app,chi_latency,BARO,27,1,mang
TrainTicket,ts-route-service,delay,2,app,chi_latency,MEANSHIFT,28,2,mang
TrainTicket,ts-route-service,delay,2,app,chi_latency,KHONG-DOC,28,19,mang
TrainTicket,ts-route-service,delay,2,app,chi_workload,BARO,28,1,mang
TrainTicket,ts-route-service,delay,2,app,chi_workload,MEANSHIFT,28,2,mang
TrainTicket,ts-route-service,delay,2,app,chi_workload,KHONG-DOC,28,19,mang
TrainTicket,ts-route-service,delay,2,app,moi_cot,BARO,28,1,mang
TrainTicket,ts-route-service,delay,2,app,moi_cot,MEANSHIFT,28,2,mang
TrainTicket,ts-route-service,delay,2,app,moi_cot,KHONG-DOC,28,19,mang
TrainTicket,ts-route-service,delay,2,all,chi_cpu,BARO,68,57,mang
TrainTicket,ts-route-service,delay,2,all,chi_cpu,MEANSHIFT,68,13,mang
TrainTicket,ts-route-service,delay,2,all,chi_cpu,KHONG-DOC,68,47,mang
TrainTicket,ts-route-service,delay,2,all,chi_latency,BARO,27,1,mang
TrainTicket,ts-route-service,delay,2,all,chi_latency,MEANSHIFT,28,2,mang
TrainTicket,ts-route-service,delay,2,all,chi_latency,KHONG-DOC,28,19,mang
TrainTicket,ts-route-service,delay,2,all,chi_workload,BARO,28,1,mang
TrainTicket,ts-route-service,delay,2,all,chi_workload,MEANSHIFT,28,2,mang
TrainTicket,ts-route-service,delay,2,all,chi_workload,KHONG-DOC,28,19,mang
TrainTicket,ts-route-service,delay,2,all,moi_cot,BARO,68,2,mang
TrainTicket,ts-route-service,delay,2,all,moi_cot,MEANSHIFT,68,2,mang
TrainTicket,ts-route-service,delay,2,all,moi_cot,KHONG-DOC,68,47,mang
TrainTicket,ts-route-service,delay,3,fault5,chi_cpu,BARO,5,3,mang
TrainTicket,ts-route-service,delay,3,fault5,chi_cpu,MEANSHIFT,5,4,mang
TrainTicket,ts-route-service,delay,3,fault5,chi_cpu,KHONG-DOC,5,3,mang
TrainTicket,ts-route-service,delay,3,fault5,chi_latency,BARO,5,1,mang
TrainTicket,ts-route-service,delay,3,fault5,chi_latency,MEANSHIFT,5,1,mang
TrainTicket,ts-route-service,delay,3,fault5,chi_latency,KHONG-DOC,5,3,mang
TrainTicket,ts-route-service,delay,3,fault5,chi_workload,BARO,5,1,mang
TrainTicket,ts-route-service,delay,3,fault5,chi_workload,MEANSHIFT,5,1,mang
TrainTicket,ts-route-service,delay,3,fault5,chi_workload,KHONG-DOC,5,3,mang
TrainTicket,ts-route-service,delay,3,fault5,moi_cot,BARO,5,1,mang
TrainTicket,ts-route-service,delay,3,fault5,moi_cot,MEANSHIFT,5,1,mang
TrainTicket,ts-route-service,delay,3,fault5,moi_cot,KHONG-DOC,5,3,mang
TrainTicket,ts-route-service,delay,3,app,chi_cpu,BARO,28,11,mang
TrainTicket,ts-route-service,delay,3,app,chi_cpu,MEANSHIFT,28,11,mang
TrainTicket,ts-route-service,delay,3,app,chi_cpu,KHONG-DOC,28,19,mang
TrainTicket,ts-route-service,delay,3,app,chi_latency,BARO,28,1,mang
TrainTicket,ts-route-service,delay,3,app,chi_latency,MEANSHIFT,28,1,mang
TrainTicket,ts-route-service,delay,3,app,chi_latency,KHONG-DOC,28,19,mang
TrainTicket,ts-route-service,delay,3,app,chi_workload,BARO,28,1,mang
TrainTicket,ts-route-service,delay,3,app,chi_workload,MEANSHIFT,28,1,mang
TrainTicket,ts-route-service,delay,3,app,chi_workload,KHONG-DOC,28,19,mang
TrainTicket,ts-route-service,delay,3,app,moi_cot,BARO,28,1,mang
TrainTicket,ts-route-service,delay,3,app,moi_cot,MEANSHIFT,28,1,mang
TrainTicket,ts-route-service,delay,3,app,moi_cot,KHONG-DOC,28,19,mang
TrainTicket,ts-route-service,delay,3,all,chi_cpu,BARO,68,46,mang
TrainTicket,ts-route-service,delay,3,all,chi_cpu,MEANSHIFT,68,13,mang
TrainTicket,ts-route-service,delay,3,all,chi_cpu,KHONG-DOC,68,47,mang
TrainTicket,ts-route-service,delay,3,all,chi_latency,BARO,28,1,mang
TrainTicket,ts-route-service,delay,3,all,chi_latency,MEANSHIFT,28,1,mang
TrainTicket,ts-route-service,delay,3,all,chi_latency,KHONG-DOC,28,19,mang
TrainTicket,ts-route-service,delay,3,all,chi_workload,BARO,28,1,mang
TrainTicket,ts-route-service,delay,3,all,chi_workload,MEANSHIFT,28,1,mang
TrainTicket,ts-route-service,delay,3,all,chi_workload,KHONG-DOC,28,19,mang
TrainTicket,ts-route-service,delay,3,all,moi_cot,BARO,68,1,mang
TrainTicket,ts-route-service,delay,3,all,moi_cot,MEANSHIFT,68,1,mang
TrainTicket,ts-route-service,delay,3,all,moi_cot,KHONG-DOC,68,47,mang
TrainTicket,ts-route-service,disk,1,fault5,chi_cpu,BARO,5,3,tai nguyen
TrainTicket,ts-route-service,disk,1,fault5,chi_cpu,MEANSHIFT,5,1,tai nguyen
TrainTicket,ts-route-service,disk,1,fault5,chi_cpu,KHONG-DOC,5,3,tai nguyen
TrainTicket,ts-route-service,disk,1,fault5,chi_latency,BARO,5,1,tai nguyen
TrainTicket,ts-route-service,disk,1,fault5,chi_latency,MEANSHIFT,5,4,tai nguyen
TrainTicket,ts-route-service,disk,1,fault5,chi_latency,KHONG-DOC,5,3,tai nguyen
TrainTicket,ts-route-service,disk,1,fault5,chi_workload,BARO,5,4,tai nguyen
TrainTicket,ts-route-service,disk,1,fault5,chi_workload,MEANSHIFT,5,5,tai nguyen
TrainTicket,ts-route-service,disk,1,fault5,chi_workload,KHONG-DOC,5,3,tai nguyen
TrainTicket,ts-route-service,disk,1,fault5,moi_cot,BARO,5,1,tai nguyen
TrainTicket,ts-route-service,disk,1,fault5,moi_cot,MEANSHIFT,5,1,tai nguyen
TrainTicket,ts-route-service,disk,1,fault5,moi_cot,KHONG-DOC,5,3,tai nguyen
TrainTicket,ts-route-service,disk,1,app,chi_cpu,BARO,28,19,tai nguyen
TrainTicket,ts-route-service,disk,1,app,chi_cpu,MEANSHIFT,28,1,tai nguyen
TrainTicket,ts-route-service,disk,1,app,chi_cpu,KHONG-DOC,28,19,tai nguyen
TrainTicket,ts-route-service,disk,1,app,chi_latency,BARO,28,2,tai nguyen
TrainTicket,ts-route-service,disk,1,app,chi_latency,MEANSHIFT,28,21,tai nguyen
TrainTicket,ts-route-service,disk,1,app,chi_latency,KHONG-DOC,28,19,tai nguyen
TrainTicket,ts-route-service,disk,1,app,chi_workload,BARO,28,10,tai nguyen
TrainTicket,ts-route-service,disk,1,app,chi_workload,MEANSHIFT,28,8,tai nguyen
TrainTicket,ts-route-service,disk,1,app,chi_workload,KHONG-DOC,28,19,tai nguyen
TrainTicket,ts-route-service,disk,1,app,moi_cot,BARO,28,1,tai nguyen
TrainTicket,ts-route-service,disk,1,app,moi_cot,MEANSHIFT,28,1,tai nguyen
TrainTicket,ts-route-service,disk,1,app,moi_cot,KHONG-DOC,28,19,tai nguyen
TrainTicket,ts-route-service,disk,1,all,chi_cpu,BARO,68,55,tai nguyen
TrainTicket,ts-route-service,disk,1,all,chi_cpu,MEANSHIFT,68,1,tai nguyen
TrainTicket,ts-route-service,disk,1,all,chi_cpu,KHONG-DOC,68,47,tai nguyen
TrainTicket,ts-route-service,disk,1,all,chi_latency,BARO,28,2,tai nguyen
TrainTicket,ts-route-service,disk,1,all,chi_latency,MEANSHIFT,28,21,tai nguyen
TrainTicket,ts-route-service,disk,1,all,chi_latency,KHONG-DOC,28,19,tai nguyen
TrainTicket,ts-route-service,disk,1,all,chi_workload,BARO,28,10,tai nguyen
TrainTicket,ts-route-service,disk,1,all,chi_workload,MEANSHIFT,28,8,tai nguyen
TrainTicket,ts-route-service,disk,1,all,chi_workload,KHONG-DOC,28,19,tai nguyen
TrainTicket,ts-route-service,disk,1,all,moi_cot,BARO,68,1,tai nguyen
TrainTicket,ts-route-service,disk,1,all,moi_cot,MEANSHIFT,68,1,tai nguyen
TrainTicket,ts-route-service,disk,1,all,moi_cot,KHONG-DOC,68,47,tai nguyen
TrainTicket,ts-route-service,disk,2,fault5,chi_cpu,BARO,5,1,tai nguyen
TrainTicket,ts-route-service,disk,2,fault5,chi_cpu,MEANSHIFT,5,1,tai nguyen
TrainTicket,ts-route-service,disk,2,fault5,chi_cpu,KHONG-DOC,5,3,tai nguyen
TrainTicket,ts-route-service,disk,2,fault5,chi_latency,BARO,5,1,tai nguyen
TrainTicket,ts-route-service,disk,2,fault5,chi_latency,MEANSHIFT,5,1,tai nguyen
TrainTicket,ts-route-service,disk,2,fault5,chi_latency,KHONG-DOC,5,3,tai nguyen
TrainTicket,ts-route-service,disk,2,fault5,chi_workload,BARO,5,3,tai nguyen
TrainTicket,ts-route-service,disk,2,fault5,chi_workload,MEANSHIFT,5,3,tai nguyen
TrainTicket,ts-route-service,disk,2,fault5,chi_workload,KHONG-DOC,5,3,tai nguyen
TrainTicket,ts-route-service,disk,2,fault5,moi_cot,BARO,5,1,tai nguyen
TrainTicket,ts-route-service,disk,2,fault5,moi_cot,MEANSHIFT,5,1,tai nguyen
TrainTicket,ts-route-service,disk,2,fault5,moi_cot,KHONG-DOC,5,3,tai nguyen
TrainTicket,ts-route-service,disk,2,app,chi_cpu,BARO,28,1,tai nguyen
TrainTicket,ts-route-service,disk,2,app,chi_cpu,MEANSHIFT,28,1,tai nguyen
TrainTicket,ts-route-service,disk,2,app,chi_cpu,KHONG-DOC,28,19,tai nguyen
TrainTicket,ts-route-service,disk,2,app,chi_latency,BARO,27,2,tai nguyen
TrainTicket,ts-route-service,disk,2,app,chi_latency,MEANSHIFT,28,2,tai nguyen
TrainTicket,ts-route-service,disk,2,app,chi_latency,KHONG-DOC,28,19,tai nguyen
TrainTicket,ts-route-service,disk,2,app,chi_workload,BARO,28,17,tai nguyen
TrainTicket,ts-route-service,disk,2,app,chi_workload,MEANSHIFT,28,22,tai nguyen
TrainTicket,ts-route-service,disk,2,app,chi_workload,KHONG-DOC,28,19,tai nguyen
TrainTicket,ts-route-service,disk,2,app,moi_cot,BARO,28,1,tai nguyen
TrainTicket,ts-route-service,disk,2,app,moi_cot,MEANSHIFT,28,2,tai nguyen
TrainTicket,ts-route-service,disk,2,app,moi_cot,KHONG-DOC,28,19,tai nguyen
TrainTicket,ts-route-service,disk,2,all,chi_cpu,BARO,68,1,tai nguyen
TrainTicket,ts-route-service,disk,2,all,chi_cpu,MEANSHIFT,68,1,tai nguyen
TrainTicket,ts-route-service,disk,2,all,chi_cpu,KHONG-DOC,68,47,tai nguyen
TrainTicket,ts-route-service,disk,2,all,chi_latency,BARO,27,2,tai nguyen
TrainTicket,ts-route-service,disk,2,all,chi_latency,MEANSHIFT,28,2,tai nguyen
TrainTicket,ts-route-service,disk,2,all,chi_latency,KHONG-DOC,28,19,tai nguyen
TrainTicket,ts-route-service,disk,2,all,chi_workload,BARO,28,17,tai nguyen
TrainTicket,ts-route-service,disk,2,all,chi_workload,MEANSHIFT,28,22,tai nguyen
TrainTicket,ts-route-service,disk,2,all,chi_workload,KHONG-DOC,28,19,tai nguyen
TrainTicket,ts-route-service,disk,2,all,moi_cot,BARO,68,1,tai nguyen
TrainTicket,ts-route-service,disk,2,all,moi_cot,MEANSHIFT,68,2,tai nguyen
TrainTicket,ts-route-service,disk,2,all,moi_cot,KHONG-DOC,68,47,tai nguyen
TrainTicket,ts-route-service,disk,3,fault5,chi_cpu,BARO,5,1,tai nguyen
TrainTicket,ts-route-service,disk,3,fault5,chi_cpu,MEANSHIFT,5,1,tai nguyen
TrainTicket,ts-route-service,disk,3,fault5,chi_cpu,KHONG-DOC,5,3,tai nguyen
TrainTicket,ts-route-service,disk,3,fault5,chi_latency,BARO,5,5,tai nguyen
TrainTicket,ts-route-service,disk,3,fault5,chi_latency,MEANSHIFT,5,2,tai nguyen
TrainTicket,ts-route-service,disk,3,fault5,chi_latency,KHONG-DOC,5,3,tai nguyen
TrainTicket,ts-route-service,disk,3,fault5,chi_workload,BARO,5,3,tai nguyen
TrainTicket,ts-route-service,disk,3,fault5,chi_workload,MEANSHIFT,5,2,tai nguyen
TrainTicket,ts-route-service,disk,3,fault5,chi_workload,KHONG-DOC,5,3,tai nguyen
TrainTicket,ts-route-service,disk,3,fault5,moi_cot,BARO,5,1,tai nguyen
TrainTicket,ts-route-service,disk,3,fault5,moi_cot,MEANSHIFT,5,1,tai nguyen
TrainTicket,ts-route-service,disk,3,fault5,moi_cot,KHONG-DOC,5,3,tai nguyen
TrainTicket,ts-route-service,disk,3,app,chi_cpu,BARO,28,4,tai nguyen
TrainTicket,ts-route-service,disk,3,app,chi_cpu,MEANSHIFT,28,1,tai nguyen
TrainTicket,ts-route-service,disk,3,app,chi_cpu,KHONG-DOC,28,19,tai nguyen
TrainTicket,ts-route-service,disk,3,app,chi_latency,BARO,28,19,tai nguyen
TrainTicket,ts-route-service,disk,3,app,chi_latency,MEANSHIFT,28,7,tai nguyen
TrainTicket,ts-route-service,disk,3,app,chi_latency,KHONG-DOC,28,19,tai nguyen
TrainTicket,ts-route-service,disk,3,app,chi_workload,BARO,28,7,tai nguyen
TrainTicket,ts-route-service,disk,3,app,chi_workload,MEANSHIFT,28,18,tai nguyen
TrainTicket,ts-route-service,disk,3,app,chi_workload,KHONG-DOC,28,19,tai nguyen
TrainTicket,ts-route-service,disk,3,app,moi_cot,BARO,28,1,tai nguyen
TrainTicket,ts-route-service,disk,3,app,moi_cot,MEANSHIFT,28,1,tai nguyen
TrainTicket,ts-route-service,disk,3,app,moi_cot,KHONG-DOC,28,19,tai nguyen
TrainTicket,ts-route-service,disk,3,all,chi_cpu,BARO,68,29,tai nguyen
TrainTicket,ts-route-service,disk,3,all,chi_cpu,MEANSHIFT,68,1,tai nguyen
TrainTicket,ts-route-service,disk,3,all,chi_cpu,KHONG-DOC,68,47,tai nguyen
TrainTicket,ts-route-service,disk,3,all,chi_latency,BARO,28,19,tai nguyen
TrainTicket,ts-route-service,disk,3,all,chi_latency,MEANSHIFT,28,7,tai nguyen
TrainTicket,ts-route-service,disk,3,all,chi_latency,KHONG-DOC,28,19,tai nguyen
TrainTicket,ts-route-service,disk,3,all,chi_workload,BARO,28,7,tai nguyen
TrainTicket,ts-route-service,disk,3,all,chi_workload,MEANSHIFT,28,18,tai nguyen
TrainTicket,ts-route-service,disk,3,all,chi_workload,KHONG-DOC,28,19,tai nguyen
TrainTicket,ts-route-service,disk,3,all,moi_cot,BARO,68,1,tai nguyen
TrainTicket,ts-route-service,disk,3,all,moi_cot,MEANSHIFT,68,1,tai nguyen
TrainTicket,ts-route-service,disk,3,all,moi_cot,KHONG-DOC,68,47,tai nguyen
TrainTicket,ts-route-service,loss,1,fault5,chi_cpu,BARO,5,3,mang
TrainTicket,ts-route-service,loss,1,fault5,chi_cpu,MEANSHIFT,5,2,mang
TrainTicket,ts-route-service,loss,1,fault5,chi_cpu,KHONG-DOC,5,3,mang
TrainTicket,ts-route-service,loss,1,fault5,chi_latency,BARO,5,4,mang
TrainTicket,ts-route-service,loss,1,fault5,chi_latency,MEANSHIFT,5,2,mang
TrainTicket,ts-route-service,loss,1,fault5,chi_latency,KHONG-DOC,5,3,mang
TrainTicket,ts-route-service,loss,1,fault5,chi_workload,BARO,5,3,mang
TrainTicket,ts-route-service,loss,1,fault5,chi_workload,MEANSHIFT,5,2,mang
TrainTicket,ts-route-service,loss,1,fault5,chi_workload,KHONG-DOC,5,3,mang
TrainTicket,ts-route-service,loss,1,fault5,moi_cot,BARO,5,1,mang
TrainTicket,ts-route-service,loss,1,fault5,moi_cot,MEANSHIFT,5,1,mang
TrainTicket,ts-route-service,loss,1,fault5,moi_cot,KHONG-DOC,5,3,mang
TrainTicket,ts-route-service,loss,1,app,chi_cpu,BARO,28,18,mang
TrainTicket,ts-route-service,loss,1,app,chi_cpu,MEANSHIFT,28,20,mang
TrainTicket,ts-route-service,loss,1,app,chi_cpu,KHONG-DOC,28,19,mang
TrainTicket,ts-route-service,loss,1,app,chi_latency,BARO,27,15,mang
TrainTicket,ts-route-service,loss,1,app,chi_latency,MEANSHIFT,28,9,mang
TrainTicket,ts-route-service,loss,1,app,chi_latency,KHONG-DOC,28,19,mang
TrainTicket,ts-route-service,loss,1,app,chi_workload,BARO,28,14,mang
TrainTicket,ts-route-service,loss,1,app,chi_workload,MEANSHIFT,28,4,mang
TrainTicket,ts-route-service,loss,1,app,chi_workload,KHONG-DOC,28,19,mang
TrainTicket,ts-route-service,loss,1,app,moi_cot,BARO,28,1,mang
TrainTicket,ts-route-service,loss,1,app,moi_cot,MEANSHIFT,28,2,mang
TrainTicket,ts-route-service,loss,1,app,moi_cot,KHONG-DOC,28,19,mang
TrainTicket,ts-route-service,loss,1,all,chi_cpu,BARO,68,56,mang
TrainTicket,ts-route-service,loss,1,all,chi_cpu,MEANSHIFT,68,31,mang
TrainTicket,ts-route-service,loss,1,all,chi_cpu,KHONG-DOC,68,47,mang
TrainTicket,ts-route-service,loss,1,all,chi_latency,BARO,27,15,mang
TrainTicket,ts-route-service,loss,1,all,chi_latency,MEANSHIFT,28,9,mang
TrainTicket,ts-route-service,loss,1,all,chi_latency,KHONG-DOC,28,19,mang
TrainTicket,ts-route-service,loss,1,all,chi_workload,BARO,28,14,mang
TrainTicket,ts-route-service,loss,1,all,chi_workload,MEANSHIFT,28,4,mang
TrainTicket,ts-route-service,loss,1,all,chi_workload,KHONG-DOC,28,19,mang
TrainTicket,ts-route-service,loss,1,all,moi_cot,BARO,68,4,mang
TrainTicket,ts-route-service,loss,1,all,moi_cot,MEANSHIFT,68,2,mang
TrainTicket,ts-route-service,loss,1,all,moi_cot,KHONG-DOC,68,47,mang
TrainTicket,ts-route-service,loss,2,fault5,chi_cpu,BARO,5,3,mang
TrainTicket,ts-route-service,loss,2,fault5,chi_cpu,MEANSHIFT,5,4,mang
TrainTicket,ts-route-service,loss,2,fault5,chi_cpu,KHONG-DOC,5,3,mang
TrainTicket,ts-route-service,loss,2,fault5,chi_latency,BARO,5,1,mang
TrainTicket,ts-route-service,loss,2,fault5,chi_latency,MEANSHIFT,5,1,mang
TrainTicket,ts-route-service,loss,2,fault5,chi_latency,KHONG-DOC,5,3,mang
TrainTicket,ts-route-service,loss,2,fault5,chi_workload,BARO,5,3,mang
TrainTicket,ts-route-service,loss,2,fault5,chi_workload,MEANSHIFT,5,2,mang
TrainTicket,ts-route-service,loss,2,fault5,chi_workload,KHONG-DOC,5,3,mang
TrainTicket,ts-route-service,loss,2,fault5,moi_cot,BARO,5,1,mang
TrainTicket,ts-route-service,loss,2,fault5,moi_cot,MEANSHIFT,5,1,mang
TrainTicket,ts-route-service,loss,2,fault5,moi_cot,KHONG-DOC,5,3,mang
TrainTicket,ts-route-service,loss,2,app,chi_cpu,BARO,28,24,mang
TrainTicket,ts-route-service,loss,2,app,chi_cpu,MEANSHIFT,28,15,mang
TrainTicket,ts-route-service,loss,2,app,chi_cpu,KHONG-DOC,28,19,mang
TrainTicket,ts-route-service,loss,2,app,chi_latency,BARO,27,6,mang
TrainTicket,ts-route-service,loss,2,app,chi_latency,MEANSHIFT,28,2,mang
TrainTicket,ts-route-service,loss,2,app,chi_latency,KHONG-DOC,28,19,mang
TrainTicket,ts-route-service,loss,2,app,chi_workload,BARO,28,17,mang
TrainTicket,ts-route-service,loss,2,app,chi_workload,MEANSHIFT,28,6,mang
TrainTicket,ts-route-service,loss,2,app,chi_workload,KHONG-DOC,28,19,mang
TrainTicket,ts-route-service,loss,2,app,moi_cot,BARO,28,3,mang
TrainTicket,ts-route-service,loss,2,app,moi_cot,MEANSHIFT,28,2,mang
TrainTicket,ts-route-service,loss,2,app,moi_cot,KHONG-DOC,28,19,mang
TrainTicket,ts-route-service,loss,2,all,chi_cpu,BARO,68,64,mang
TrainTicket,ts-route-service,loss,2,all,chi_cpu,MEANSHIFT,68,21,mang
TrainTicket,ts-route-service,loss,2,all,chi_cpu,KHONG-DOC,68,47,mang
TrainTicket,ts-route-service,loss,2,all,chi_latency,BARO,27,6,mang
TrainTicket,ts-route-service,loss,2,all,chi_latency,MEANSHIFT,28,2,mang
TrainTicket,ts-route-service,loss,2,all,chi_latency,KHONG-DOC,28,19,mang
TrainTicket,ts-route-service,loss,2,all,chi_workload,BARO,28,17,mang
TrainTicket,ts-route-service,loss,2,all,chi_workload,MEANSHIFT,28,6,mang
TrainTicket,ts-route-service,loss,2,all,chi_workload,KHONG-DOC,28,19,mang
TrainTicket,ts-route-service,loss,2,all,moi_cot,BARO,68,7,mang
TrainTicket,ts-route-service,loss,2,all,moi_cot,MEANSHIFT,68,2,mang
TrainTicket,ts-route-service,loss,2,all,moi_cot,KHONG-DOC,68,47,mang
TrainTicket,ts-route-service,loss,3,fault5,chi_cpu,BARO,5,5,mang
TrainTicket,ts-route-service,loss,3,fault5,chi_cpu,MEANSHIFT,5,1,mang
TrainTicket,ts-route-service,loss,3,fault5,chi_cpu,KHONG-DOC,5,3,mang
TrainTicket,ts-route-service,loss,3,fault5,chi_latency,BARO,5,5,mang
TrainTicket,ts-route-service,loss,3,fault5,chi_latency,MEANSHIFT,5,3,mang
TrainTicket,ts-route-service,loss,3,fault5,chi_latency,KHONG-DOC,5,3,mang
TrainTicket,ts-route-service,loss,3,fault5,chi_workload,BARO,5,4,mang
TrainTicket,ts-route-service,loss,3,fault5,chi_workload,MEANSHIFT,5,1,mang
TrainTicket,ts-route-service,loss,3,fault5,chi_workload,KHONG-DOC,5,3,mang
TrainTicket,ts-route-service,loss,3,fault5,moi_cot,BARO,5,1,mang
TrainTicket,ts-route-service,loss,3,fault5,moi_cot,MEANSHIFT,5,1,mang
TrainTicket,ts-route-service,loss,3,fault5,moi_cot,KHONG-DOC,5,3,mang
TrainTicket,ts-route-service,loss,3,app,chi_cpu,BARO,28,24,mang
TrainTicket,ts-route-service,loss,3,app,chi_cpu,MEANSHIFT,28,2,mang
TrainTicket,ts-route-service,loss,3,app,chi_cpu,KHONG-DOC,28,19,mang
TrainTicket,ts-route-service,loss,3,app,chi_latency,BARO,28,24,mang
TrainTicket,ts-route-service,loss,3,app,chi_latency,MEANSHIFT,28,9,mang
TrainTicket,ts-route-service,loss,3,app,chi_latency,KHONG-DOC,28,19,mang
TrainTicket,ts-route-service,loss,3,app,chi_workload,BARO,28,21,mang
TrainTicket,ts-route-service,loss,3,app,chi_workload,MEANSHIFT,28,15,mang
TrainTicket,ts-route-service,loss,3,app,chi_workload,KHONG-DOC,28,19,mang
TrainTicket,ts-route-service,loss,3,app,moi_cot,BARO,28,1,mang
TrainTicket,ts-route-service,loss,3,app,moi_cot,MEANSHIFT,28,1,mang
TrainTicket,ts-route-service,loss,3,app,moi_cot,KHONG-DOC,28,19,mang
TrainTicket,ts-route-service,loss,3,all,chi_cpu,BARO,68,64,mang
TrainTicket,ts-route-service,loss,3,all,chi_cpu,MEANSHIFT,68,3,mang
TrainTicket,ts-route-service,loss,3,all,chi_cpu,KHONG-DOC,68,47,mang
TrainTicket,ts-route-service,loss,3,all,chi_latency,BARO,28,24,mang
TrainTicket,ts-route-service,loss,3,all,chi_latency,MEANSHIFT,28,9,mang
TrainTicket,ts-route-service,loss,3,all,chi_latency,KHONG-DOC,28,19,mang
TrainTicket,ts-route-service,loss,3,all,chi_workload,BARO,28,21,mang
TrainTicket,ts-route-service,loss,3,all,chi_workload,MEANSHIFT,28,15,mang
TrainTicket,ts-route-service,loss,3,all,chi_workload,KHONG-DOC,28,19,mang
TrainTicket,ts-route-service,loss,3,all,moi_cot,BARO,68,1,mang
TrainTicket,ts-route-service,loss,3,all,moi_cot,MEANSHIFT,68,5,mang
TrainTicket,ts-route-service,loss,3,all,moi_cot,KHONG-DOC,68,47,mang
TrainTicket,ts-route-service,mem,1,fault5,chi_cpu,BARO,5,1,tai nguyen
TrainTicket,ts-route-service,mem,1,fault5,chi_cpu,MEANSHIFT,5,1,tai nguyen
TrainTicket,ts-route-service,mem,1,fault5,chi_cpu,KHONG-DOC,5,3,tai nguyen
TrainTicket,ts-route-service,mem,1,fault5,chi_latency,BARO,5,1,tai nguyen
TrainTicket,ts-route-service,mem,1,fault5,chi_latency,MEANSHIFT,5,1,tai nguyen
TrainTicket,ts-route-service,mem,1,fault5,chi_latency,KHONG-DOC,5,3,tai nguyen
TrainTicket,ts-route-service,mem,1,fault5,chi_workload,BARO,5,1,tai nguyen
TrainTicket,ts-route-service,mem,1,fault5,chi_workload,MEANSHIFT,5,2,tai nguyen
TrainTicket,ts-route-service,mem,1,fault5,chi_workload,KHONG-DOC,5,3,tai nguyen
TrainTicket,ts-route-service,mem,1,fault5,moi_cot,BARO,5,1,tai nguyen
TrainTicket,ts-route-service,mem,1,fault5,moi_cot,MEANSHIFT,5,1,tai nguyen
TrainTicket,ts-route-service,mem,1,fault5,moi_cot,KHONG-DOC,5,3,tai nguyen
TrainTicket,ts-route-service,mem,1,app,chi_cpu,BARO,28,1,tai nguyen
TrainTicket,ts-route-service,mem,1,app,chi_cpu,MEANSHIFT,28,1,tai nguyen
TrainTicket,ts-route-service,mem,1,app,chi_cpu,KHONG-DOC,28,19,tai nguyen
TrainTicket,ts-route-service,mem,1,app,chi_latency,BARO,28,1,tai nguyen
TrainTicket,ts-route-service,mem,1,app,chi_latency,MEANSHIFT,28,2,tai nguyen
TrainTicket,ts-route-service,mem,1,app,chi_latency,KHONG-DOC,28,19,tai nguyen
TrainTicket,ts-route-service,mem,1,app,chi_workload,BARO,28,13,tai nguyen
TrainTicket,ts-route-service,mem,1,app,chi_workload,MEANSHIFT,28,3,tai nguyen
TrainTicket,ts-route-service,mem,1,app,chi_workload,KHONG-DOC,28,19,tai nguyen
TrainTicket,ts-route-service,mem,1,app,moi_cot,BARO,28,1,tai nguyen
TrainTicket,ts-route-service,mem,1,app,moi_cot,MEANSHIFT,28,2,tai nguyen
TrainTicket,ts-route-service,mem,1,app,moi_cot,KHONG-DOC,28,19,tai nguyen
TrainTicket,ts-route-service,mem,1,all,chi_cpu,BARO,68,1,tai nguyen
TrainTicket,ts-route-service,mem,1,all,chi_cpu,MEANSHIFT,68,1,tai nguyen
TrainTicket,ts-route-service,mem,1,all,chi_cpu,KHONG-DOC,68,47,tai nguyen
TrainTicket,ts-route-service,mem,1,all,chi_latency,BARO,28,1,tai nguyen
TrainTicket,ts-route-service,mem,1,all,chi_latency,MEANSHIFT,28,2,tai nguyen
TrainTicket,ts-route-service,mem,1,all,chi_latency,KHONG-DOC,28,19,tai nguyen
TrainTicket,ts-route-service,mem,1,all,chi_workload,BARO,28,13,tai nguyen
TrainTicket,ts-route-service,mem,1,all,chi_workload,MEANSHIFT,28,3,tai nguyen
TrainTicket,ts-route-service,mem,1,all,chi_workload,KHONG-DOC,28,19,tai nguyen
TrainTicket,ts-route-service,mem,1,all,moi_cot,BARO,68,2,tai nguyen
TrainTicket,ts-route-service,mem,1,all,moi_cot,MEANSHIFT,68,2,tai nguyen
TrainTicket,ts-route-service,mem,1,all,moi_cot,KHONG-DOC,68,47,tai nguyen
TrainTicket,ts-route-service,mem,2,fault5,chi_cpu,BARO,5,1,tai nguyen
TrainTicket,ts-route-service,mem,2,fault5,chi_cpu,MEANSHIFT,5,1,tai nguyen
TrainTicket,ts-route-service,mem,2,fault5,chi_cpu,KHONG-DOC,5,3,tai nguyen
TrainTicket,ts-route-service,mem,2,fault5,chi_latency,BARO,5,1,tai nguyen
TrainTicket,ts-route-service,mem,2,fault5,chi_latency,MEANSHIFT,5,1,tai nguyen
TrainTicket,ts-route-service,mem,2,fault5,chi_latency,KHONG-DOC,5,3,tai nguyen
TrainTicket,ts-route-service,mem,2,fault5,chi_workload,BARO,5,1,tai nguyen
TrainTicket,ts-route-service,mem,2,fault5,chi_workload,MEANSHIFT,5,5,tai nguyen
TrainTicket,ts-route-service,mem,2,fault5,chi_workload,KHONG-DOC,5,3,tai nguyen
TrainTicket,ts-route-service,mem,2,fault5,moi_cot,BARO,5,1,tai nguyen
TrainTicket,ts-route-service,mem,2,fault5,moi_cot,MEANSHIFT,5,1,tai nguyen
TrainTicket,ts-route-service,mem,2,fault5,moi_cot,KHONG-DOC,5,3,tai nguyen
TrainTicket,ts-route-service,mem,2,app,chi_cpu,BARO,28,3,tai nguyen
TrainTicket,ts-route-service,mem,2,app,chi_cpu,MEANSHIFT,28,1,tai nguyen
TrainTicket,ts-route-service,mem,2,app,chi_cpu,KHONG-DOC,28,19,tai nguyen
TrainTicket,ts-route-service,mem,2,app,chi_latency,BARO,28,1,tai nguyen
TrainTicket,ts-route-service,mem,2,app,chi_latency,MEANSHIFT,28,1,tai nguyen
TrainTicket,ts-route-service,mem,2,app,chi_latency,KHONG-DOC,28,19,tai nguyen
TrainTicket,ts-route-service,mem,2,app,chi_workload,BARO,28,5,tai nguyen
TrainTicket,ts-route-service,mem,2,app,chi_workload,MEANSHIFT,28,19,tai nguyen
TrainTicket,ts-route-service,mem,2,app,chi_workload,KHONG-DOC,28,19,tai nguyen
TrainTicket,ts-route-service,mem,2,app,moi_cot,BARO,28,1,tai nguyen
TrainTicket,ts-route-service,mem,2,app,moi_cot,MEANSHIFT,28,1,tai nguyen
TrainTicket,ts-route-service,mem,2,app,moi_cot,KHONG-DOC,28,19,tai nguyen
TrainTicket,ts-route-service,mem,2,all,chi_cpu,BARO,68,26,tai nguyen
TrainTicket,ts-route-service,mem,2,all,chi_cpu,MEANSHIFT,68,1,tai nguyen
TrainTicket,ts-route-service,mem,2,all,chi_cpu,KHONG-DOC,68,47,tai nguyen
TrainTicket,ts-route-service,mem,2,all,chi_latency,BARO,28,1,tai nguyen
TrainTicket,ts-route-service,mem,2,all,chi_latency,MEANSHIFT,28,1,tai nguyen
TrainTicket,ts-route-service,mem,2,all,chi_latency,KHONG-DOC,28,19,tai nguyen
TrainTicket,ts-route-service,mem,2,all,chi_workload,BARO,28,5,tai nguyen
TrainTicket,ts-route-service,mem,2,all,chi_workload,MEANSHIFT,28,19,tai nguyen
TrainTicket,ts-route-service,mem,2,all,chi_workload,KHONG-DOC,28,19,tai nguyen
TrainTicket,ts-route-service,mem,2,all,moi_cot,BARO,68,1,tai nguyen
TrainTicket,ts-route-service,mem,2,all,moi_cot,MEANSHIFT,68,1,tai nguyen
TrainTicket,ts-route-service,mem,2,all,moi_cot,KHONG-DOC,69,48,tai nguyen
TrainTicket,ts-route-service,mem,3,fault5,chi_cpu,BARO,5,1,tai nguyen
TrainTicket,ts-route-service,mem,3,fault5,chi_cpu,MEANSHIFT,5,1,tai nguyen
TrainTicket,ts-route-service,mem,3,fault5,chi_cpu,KHONG-DOC,5,3,tai nguyen
TrainTicket,ts-route-service,mem,3,fault5,chi_latency,BARO,5,1,tai nguyen
TrainTicket,ts-route-service,mem,3,fault5,chi_latency,MEANSHIFT,5,1,tai nguyen
TrainTicket,ts-route-service,mem,3,fault5,chi_latency,KHONG-DOC,5,3,tai nguyen
TrainTicket,ts-route-service,mem,3,fault5,chi_workload,BARO,5,3,tai nguyen
TrainTicket,ts-route-service,mem,3,fault5,chi_workload,MEANSHIFT,5,2,tai nguyen
TrainTicket,ts-route-service,mem,3,fault5,chi_workload,KHONG-DOC,5,3,tai nguyen
TrainTicket,ts-route-service,mem,3,fault5,moi_cot,BARO,5,1,tai nguyen
TrainTicket,ts-route-service,mem,3,fault5,moi_cot,MEANSHIFT,5,1,tai nguyen
TrainTicket,ts-route-service,mem,3,fault5,moi_cot,KHONG-DOC,5,3,tai nguyen
TrainTicket,ts-route-service,mem,3,app,chi_cpu,BARO,28,1,tai nguyen
TrainTicket,ts-route-service,mem,3,app,chi_cpu,MEANSHIFT,28,1,tai nguyen
TrainTicket,ts-route-service,mem,3,app,chi_cpu,KHONG-DOC,28,19,tai nguyen
TrainTicket,ts-route-service,mem,3,app,chi_latency,BARO,28,1,tai nguyen
TrainTicket,ts-route-service,mem,3,app,chi_latency,MEANSHIFT,28,1,tai nguyen
TrainTicket,ts-route-service,mem,3,app,chi_latency,KHONG-DOC,28,19,tai nguyen
TrainTicket,ts-route-service,mem,3,app,chi_workload,BARO,28,11,tai nguyen
TrainTicket,ts-route-service,mem,3,app,chi_workload,MEANSHIFT,28,3,tai nguyen
TrainTicket,ts-route-service,mem,3,app,chi_workload,KHONG-DOC,28,19,tai nguyen
TrainTicket,ts-route-service,mem,3,app,moi_cot,BARO,28,1,tai nguyen
TrainTicket,ts-route-service,mem,3,app,moi_cot,MEANSHIFT,28,1,tai nguyen
TrainTicket,ts-route-service,mem,3,app,moi_cot,KHONG-DOC,28,19,tai nguyen
TrainTicket,ts-route-service,mem,3,all,chi_cpu,BARO,68,2,tai nguyen
TrainTicket,ts-route-service,mem,3,all,chi_cpu,MEANSHIFT,68,1,tai nguyen
TrainTicket,ts-route-service,mem,3,all,chi_cpu,KHONG-DOC,68,47,tai nguyen
TrainTicket,ts-route-service,mem,3,all,chi_latency,BARO,28,1,tai nguyen
TrainTicket,ts-route-service,mem,3,all,chi_latency,MEANSHIFT,28,1,tai nguyen
TrainTicket,ts-route-service,mem,3,all,chi_latency,KHONG-DOC,28,19,tai nguyen
TrainTicket,ts-route-service,mem,3,all,chi_workload,BARO,28,11,tai nguyen
TrainTicket,ts-route-service,mem,3,all,chi_workload,MEANSHIFT,28,3,tai nguyen
TrainTicket,ts-route-service,mem,3,all,chi_workload,KHONG-DOC,28,19,tai nguyen
TrainTicket,ts-route-service,mem,3,all,moi_cot,BARO,68,1,tai nguyen
TrainTicket,ts-route-service,mem,3,all,moi_cot,MEANSHIFT,68,1,tai nguyen
TrainTicket,ts-route-service,mem,3,all,moi_cot,KHONG-DOC,68,47,tai nguyen
TrainTicket,ts-route-service,socket,1,fault5,chi_cpu,BARO,5,1,tai nguyen
TrainTicket,ts-route-service,socket,1,fault5,chi_cpu,MEANSHIFT,5,1,tai nguyen
TrainTicket,ts-route-service,socket,1,fault5,chi_cpu,KHONG-DOC,5,3,tai nguyen
TrainTicket,ts-route-service,socket,1,fault5,chi_latency,BARO,5,1,tai nguyen
TrainTicket,ts-route-service,socket,1,fault5,chi_latency,MEANSHIFT,5,1,tai nguyen
TrainTicket,ts-route-service,socket,1,fault5,chi_latency,KHONG-DOC,5,3,tai nguyen
TrainTicket,ts-route-service,socket,1,fault5,chi_workload,BARO,5,4,tai nguyen
TrainTicket,ts-route-service,socket,1,fault5,chi_workload,MEANSHIFT,5,2,tai nguyen
TrainTicket,ts-route-service,socket,1,fault5,chi_workload,KHONG-DOC,5,3,tai nguyen
TrainTicket,ts-route-service,socket,1,fault5,moi_cot,BARO,5,1,tai nguyen
TrainTicket,ts-route-service,socket,1,fault5,moi_cot,MEANSHIFT,5,1,tai nguyen
TrainTicket,ts-route-service,socket,1,fault5,moi_cot,KHONG-DOC,5,3,tai nguyen
TrainTicket,ts-route-service,socket,1,app,chi_cpu,BARO,28,1,tai nguyen
TrainTicket,ts-route-service,socket,1,app,chi_cpu,MEANSHIFT,28,1,tai nguyen
TrainTicket,ts-route-service,socket,1,app,chi_cpu,KHONG-DOC,28,19,tai nguyen
TrainTicket,ts-route-service,socket,1,app,chi_latency,BARO,27,1,tai nguyen
TrainTicket,ts-route-service,socket,1,app,chi_latency,MEANSHIFT,27,2,tai nguyen
TrainTicket,ts-route-service,socket,1,app,chi_latency,KHONG-DOC,28,19,tai nguyen
TrainTicket,ts-route-service,socket,1,app,chi_workload,BARO,28,24,tai nguyen
TrainTicket,ts-route-service,socket,1,app,chi_workload,MEANSHIFT,28,4,tai nguyen
TrainTicket,ts-route-service,socket,1,app,chi_workload,KHONG-DOC,28,19,tai nguyen
TrainTicket,ts-route-service,socket,1,app,moi_cot,BARO,28,1,tai nguyen
TrainTicket,ts-route-service,socket,1,app,moi_cot,MEANSHIFT,28,1,tai nguyen
TrainTicket,ts-route-service,socket,1,app,moi_cot,KHONG-DOC,28,19,tai nguyen
TrainTicket,ts-route-service,socket,1,all,chi_cpu,BARO,68,1,tai nguyen
TrainTicket,ts-route-service,socket,1,all,chi_cpu,MEANSHIFT,68,1,tai nguyen
TrainTicket,ts-route-service,socket,1,all,chi_cpu,KHONG-DOC,68,47,tai nguyen
TrainTicket,ts-route-service,socket,1,all,chi_latency,BARO,27,1,tai nguyen
TrainTicket,ts-route-service,socket,1,all,chi_latency,MEANSHIFT,27,2,tai nguyen
TrainTicket,ts-route-service,socket,1,all,chi_latency,KHONG-DOC,28,19,tai nguyen
TrainTicket,ts-route-service,socket,1,all,chi_workload,BARO,28,24,tai nguyen
TrainTicket,ts-route-service,socket,1,all,chi_workload,MEANSHIFT,28,4,tai nguyen
TrainTicket,ts-route-service,socket,1,all,chi_workload,KHONG-DOC,28,19,tai nguyen
TrainTicket,ts-route-service,socket,1,all,moi_cot,BARO,68,4,tai nguyen
TrainTicket,ts-route-service,socket,1,all,moi_cot,MEANSHIFT,68,1,tai nguyen
TrainTicket,ts-route-service,socket,1,all,moi_cot,KHONG-DOC,68,47,tai nguyen
TrainTicket,ts-route-service,socket,2,fault5,chi_cpu,BARO,5,1,tai nguyen
TrainTicket,ts-route-service,socket,2,fault5,chi_cpu,MEANSHIFT,5,1,tai nguyen
TrainTicket,ts-route-service,socket,2,fault5,chi_cpu,KHONG-DOC,5,3,tai nguyen
TrainTicket,ts-route-service,socket,2,fault5,chi_latency,BARO,5,1,tai nguyen
TrainTicket,ts-route-service,socket,2,fault5,chi_latency,MEANSHIFT,5,1,tai nguyen
TrainTicket,ts-route-service,socket,2,fault5,chi_latency,KHONG-DOC,5,3,tai nguyen
TrainTicket,ts-route-service,socket,2,fault5,chi_workload,BARO,5,3,tai nguyen
TrainTicket,ts-route-service,socket,2,fault5,chi_workload,MEANSHIFT,5,2,tai nguyen
TrainTicket,ts-route-service,socket,2,fault5,chi_workload,KHONG-DOC,5,3,tai nguyen
TrainTicket,ts-route-service,socket,2,fault5,moi_cot,BARO,5,1,tai nguyen
TrainTicket,ts-route-service,socket,2,fault5,moi_cot,MEANSHIFT,5,1,tai nguyen
TrainTicket,ts-route-service,socket,2,fault5,moi_cot,KHONG-DOC,5,3,tai nguyen
TrainTicket,ts-route-service,socket,2,app,chi_cpu,BARO,28,2,tai nguyen
TrainTicket,ts-route-service,socket,2,app,chi_cpu,MEANSHIFT,28,1,tai nguyen
TrainTicket,ts-route-service,socket,2,app,chi_cpu,KHONG-DOC,28,19,tai nguyen
TrainTicket,ts-route-service,socket,2,app,chi_latency,BARO,28,1,tai nguyen
TrainTicket,ts-route-service,socket,2,app,chi_latency,MEANSHIFT,28,1,tai nguyen
TrainTicket,ts-route-service,socket,2,app,chi_latency,KHONG-DOC,28,19,tai nguyen
TrainTicket,ts-route-service,socket,2,app,chi_workload,BARO,28,13,tai nguyen
TrainTicket,ts-route-service,socket,2,app,chi_workload,MEANSHIFT,28,10,tai nguyen
TrainTicket,ts-route-service,socket,2,app,chi_workload,KHONG-DOC,28,19,tai nguyen
TrainTicket,ts-route-service,socket,2,app,moi_cot,BARO,28,1,tai nguyen
TrainTicket,ts-route-service,socket,2,app,moi_cot,MEANSHIFT,28,1,tai nguyen
TrainTicket,ts-route-service,socket,2,app,moi_cot,KHONG-DOC,28,19,tai nguyen
TrainTicket,ts-route-service,socket,2,all,chi_cpu,BARO,68,16,tai nguyen
TrainTicket,ts-route-service,socket,2,all,chi_cpu,MEANSHIFT,68,1,tai nguyen
TrainTicket,ts-route-service,socket,2,all,chi_cpu,KHONG-DOC,68,47,tai nguyen
TrainTicket,ts-route-service,socket,2,all,chi_latency,BARO,28,1,tai nguyen
TrainTicket,ts-route-service,socket,2,all,chi_latency,MEANSHIFT,28,1,tai nguyen
TrainTicket,ts-route-service,socket,2,all,chi_latency,KHONG-DOC,28,19,tai nguyen
TrainTicket,ts-route-service,socket,2,all,chi_workload,BARO,28,13,tai nguyen
TrainTicket,ts-route-service,socket,2,all,chi_workload,MEANSHIFT,28,10,tai nguyen
TrainTicket,ts-route-service,socket,2,all,chi_workload,KHONG-DOC,28,19,tai nguyen
TrainTicket,ts-route-service,socket,2,all,moi_cot,BARO,68,1,tai nguyen
TrainTicket,ts-route-service,socket,2,all,moi_cot,MEANSHIFT,68,7,tai nguyen
TrainTicket,ts-route-service,socket,2,all,moi_cot,KHONG-DOC,68,47,tai nguyen
TrainTicket,ts-route-service,socket,3,fault5,chi_cpu,BARO,5,1,tai nguyen
TrainTicket,ts-route-service,socket,3,fault5,chi_cpu,MEANSHIFT,5,1,tai nguyen
TrainTicket,ts-route-service,socket,3,fault5,chi_cpu,KHONG-DOC,5,3,tai nguyen
TrainTicket,ts-route-service,socket,3,fault5,chi_latency,BARO,5,1,tai nguyen
TrainTicket,ts-route-service,socket,3,fault5,chi_latency,MEANSHIFT,5,1,tai nguyen
TrainTicket,ts-route-service,socket,3,fault5,chi_latency,KHONG-DOC,5,3,tai nguyen
TrainTicket,ts-route-service,socket,3,fault5,chi_workload,BARO,5,5,tai nguyen
TrainTicket,ts-route-service,socket,3,fault5,chi_workload,MEANSHIFT,5,2,tai nguyen
TrainTicket,ts-route-service,socket,3,fault5,chi_workload,KHONG-DOC,5,3,tai nguyen
TrainTicket,ts-route-service,socket,3,fault5,moi_cot,BARO,5,1,tai nguyen
TrainTicket,ts-route-service,socket,3,fault5,moi_cot,MEANSHIFT,5,1,tai nguyen
TrainTicket,ts-route-service,socket,3,fault5,moi_cot,KHONG-DOC,5,3,tai nguyen
TrainTicket,ts-route-service,socket,3,app,chi_cpu,BARO,28,1,tai nguyen
TrainTicket,ts-route-service,socket,3,app,chi_cpu,MEANSHIFT,28,1,tai nguyen
TrainTicket,ts-route-service,socket,3,app,chi_cpu,KHONG-DOC,28,19,tai nguyen
TrainTicket,ts-route-service,socket,3,app,chi_latency,BARO,28,1,tai nguyen
TrainTicket,ts-route-service,socket,3,app,chi_latency,MEANSHIFT,28,1,tai nguyen
TrainTicket,ts-route-service,socket,3,app,chi_latency,KHONG-DOC,28,19,tai nguyen
TrainTicket,ts-route-service,socket,3,app,chi_workload,BARO,28,25,tai nguyen
TrainTicket,ts-route-service,socket,3,app,chi_workload,MEANSHIFT,28,2,tai nguyen
TrainTicket,ts-route-service,socket,3,app,chi_workload,KHONG-DOC,28,19,tai nguyen
TrainTicket,ts-route-service,socket,3,app,moi_cot,BARO,28,1,tai nguyen
TrainTicket,ts-route-service,socket,3,app,moi_cot,MEANSHIFT,28,1,tai nguyen
TrainTicket,ts-route-service,socket,3,app,moi_cot,KHONG-DOC,28,19,tai nguyen
TrainTicket,ts-route-service,socket,3,all,chi_cpu,BARO,68,1,tai nguyen
TrainTicket,ts-route-service,socket,3,all,chi_cpu,MEANSHIFT,68,1,tai nguyen
TrainTicket,ts-route-service,socket,3,all,chi_cpu,KHONG-DOC,68,47,tai nguyen
TrainTicket,ts-route-service,socket,3,all,chi_latency,BARO,28,1,tai nguyen
TrainTicket,ts-route-service,socket,3,all,chi_latency,MEANSHIFT,28,1,tai nguyen
TrainTicket,ts-route-service,socket,3,all,chi_latency,KHONG-DOC,28,19,tai nguyen
TrainTicket,ts-route-service,socket,3,all,chi_workload,BARO,28,25,tai nguyen
TrainTicket,ts-route-service,socket,3,all,chi_workload,MEANSHIFT,28,2,tai nguyen
TrainTicket,ts-route-service,socket,3,all,chi_workload,KHONG-DOC,28,19,tai nguyen
TrainTicket,ts-route-service,socket,3,all,moi_cot,BARO,68,1,tai nguyen
TrainTicket,ts-route-service,socket,3,all,moi_cot,MEANSHIFT,68,1,tai nguyen
TrainTicket,ts-route-service,socket,3,all,moi_cot,KHONG-DOC,68,47,tai nguyen
TrainTicket,ts-train-service,cpu,1,fault5,chi_cpu,BARO,5,1,tai nguyen
TrainTicket,ts-train-service,cpu,1,fault5,chi_cpu,MEANSHIFT,5,1,tai nguyen
TrainTicket,ts-train-service,cpu,1,fault5,chi_cpu,KHONG-DOC,5,4,tai nguyen
TrainTicket,ts-train-service,cpu,1,fault5,chi_latency,BARO,5,1,tai nguyen
TrainTicket,ts-train-service,cpu,1,fault5,chi_latency,MEANSHIFT,5,1,tai nguyen
TrainTicket,ts-train-service,cpu,1,fault5,chi_latency,KHONG-DOC,5,4,tai nguyen
TrainTicket,ts-train-service,cpu,1,fault5,chi_workload,BARO,5,5,tai nguyen
TrainTicket,ts-train-service,cpu,1,fault5,chi_workload,MEANSHIFT,5,2,tai nguyen
TrainTicket,ts-train-service,cpu,1,fault5,chi_workload,KHONG-DOC,5,4,tai nguyen
TrainTicket,ts-train-service,cpu,1,fault5,moi_cot,BARO,5,1,tai nguyen
TrainTicket,ts-train-service,cpu,1,fault5,moi_cot,MEANSHIFT,5,1,tai nguyen
TrainTicket,ts-train-service,cpu,1,fault5,moi_cot,KHONG-DOC,5,4,tai nguyen
TrainTicket,ts-train-service,cpu,1,app,chi_cpu,BARO,28,1,tai nguyen
TrainTicket,ts-train-service,cpu,1,app,chi_cpu,MEANSHIFT,28,1,tai nguyen
TrainTicket,ts-train-service,cpu,1,app,chi_cpu,KHONG-DOC,28,24,tai nguyen
TrainTicket,ts-train-service,cpu,1,app,chi_latency,BARO,26,1,tai nguyen
TrainTicket,ts-train-service,cpu,1,app,chi_latency,MEANSHIFT,26,2,tai nguyen
TrainTicket,ts-train-service,cpu,1,app,chi_latency,KHONG-DOC,28,24,tai nguyen
TrainTicket,ts-train-service,cpu,1,app,chi_workload,BARO,28,25,tai nguyen
TrainTicket,ts-train-service,cpu,1,app,chi_workload,MEANSHIFT,28,3,tai nguyen
TrainTicket,ts-train-service,cpu,1,app,chi_workload,KHONG-DOC,28,24,tai nguyen
TrainTicket,ts-train-service,cpu,1,app,moi_cot,BARO,28,1,tai nguyen
TrainTicket,ts-train-service,cpu,1,app,moi_cot,MEANSHIFT,28,1,tai nguyen
TrainTicket,ts-train-service,cpu,1,app,moi_cot,KHONG-DOC,28,24,tai nguyen
TrainTicket,ts-train-service,cpu,1,all,chi_cpu,BARO,68,1,tai nguyen
TrainTicket,ts-train-service,cpu,1,all,chi_cpu,MEANSHIFT,68,1,tai nguyen
TrainTicket,ts-train-service,cpu,1,all,chi_cpu,KHONG-DOC,68,57,tai nguyen
TrainTicket,ts-train-service,cpu,1,all,chi_latency,BARO,26,1,tai nguyen
TrainTicket,ts-train-service,cpu,1,all,chi_latency,MEANSHIFT,26,2,tai nguyen
TrainTicket,ts-train-service,cpu,1,all,chi_latency,KHONG-DOC,28,24,tai nguyen
TrainTicket,ts-train-service,cpu,1,all,chi_workload,BARO,28,25,tai nguyen
TrainTicket,ts-train-service,cpu,1,all,chi_workload,MEANSHIFT,28,3,tai nguyen
TrainTicket,ts-train-service,cpu,1,all,chi_workload,KHONG-DOC,28,24,tai nguyen
TrainTicket,ts-train-service,cpu,1,all,moi_cot,BARO,68,5,tai nguyen
TrainTicket,ts-train-service,cpu,1,all,moi_cot,MEANSHIFT,68,1,tai nguyen
TrainTicket,ts-train-service,cpu,1,all,moi_cot,KHONG-DOC,68,57,tai nguyen
TrainTicket,ts-train-service,cpu,2,fault5,chi_cpu,BARO,5,1,tai nguyen
TrainTicket,ts-train-service,cpu,2,fault5,chi_cpu,MEANSHIFT,5,1,tai nguyen
TrainTicket,ts-train-service,cpu,2,fault5,chi_cpu,KHONG-DOC,5,4,tai nguyen
TrainTicket,ts-train-service,cpu,2,fault5,chi_latency,BARO,5,1,tai nguyen
TrainTicket,ts-train-service,cpu,2,fault5,chi_latency,MEANSHIFT,5,1,tai nguyen
TrainTicket,ts-train-service,cpu,2,fault5,chi_latency,KHONG-DOC,5,4,tai nguyen
TrainTicket,ts-train-service,cpu,2,fault5,chi_workload,BARO,5,2,tai nguyen
TrainTicket,ts-train-service,cpu,2,fault5,chi_workload,MEANSHIFT,5,3,tai nguyen
TrainTicket,ts-train-service,cpu,2,fault5,chi_workload,KHONG-DOC,5,4,tai nguyen
TrainTicket,ts-train-service,cpu,2,fault5,moi_cot,BARO,5,1,tai nguyen
TrainTicket,ts-train-service,cpu,2,fault5,moi_cot,MEANSHIFT,5,1,tai nguyen
TrainTicket,ts-train-service,cpu,2,fault5,moi_cot,KHONG-DOC,5,4,tai nguyen
TrainTicket,ts-train-service,cpu,2,app,chi_cpu,BARO,28,1,tai nguyen
TrainTicket,ts-train-service,cpu,2,app,chi_cpu,MEANSHIFT,28,1,tai nguyen
TrainTicket,ts-train-service,cpu,2,app,chi_cpu,KHONG-DOC,28,24,tai nguyen
TrainTicket,ts-train-service,cpu,2,app,chi_latency,BARO,27,1,tai nguyen
TrainTicket,ts-train-service,cpu,2,app,chi_latency,MEANSHIFT,28,3,tai nguyen
TrainTicket,ts-train-service,cpu,2,app,chi_latency,KHONG-DOC,28,24,tai nguyen
TrainTicket,ts-train-service,cpu,2,app,chi_workload,BARO,28,9,tai nguyen
TrainTicket,ts-train-service,cpu,2,app,chi_workload,MEANSHIFT,28,11,tai nguyen
TrainTicket,ts-train-service,cpu,2,app,chi_workload,KHONG-DOC,28,24,tai nguyen
TrainTicket,ts-train-service,cpu,2,app,moi_cot,BARO,28,1,tai nguyen
TrainTicket,ts-train-service,cpu,2,app,moi_cot,MEANSHIFT,28,2,tai nguyen
TrainTicket,ts-train-service,cpu,2,app,moi_cot,KHONG-DOC,28,24,tai nguyen
TrainTicket,ts-train-service,cpu,2,all,chi_cpu,BARO,68,1,tai nguyen
TrainTicket,ts-train-service,cpu,2,all,chi_cpu,MEANSHIFT,68,1,tai nguyen
TrainTicket,ts-train-service,cpu,2,all,chi_cpu,KHONG-DOC,68,57,tai nguyen
TrainTicket,ts-train-service,cpu,2,all,chi_latency,BARO,27,1,tai nguyen
TrainTicket,ts-train-service,cpu,2,all,chi_latency,MEANSHIFT,28,3,tai nguyen
TrainTicket,ts-train-service,cpu,2,all,chi_latency,KHONG-DOC,28,24,tai nguyen
TrainTicket,ts-train-service,cpu,2,all,chi_workload,BARO,28,9,tai nguyen
TrainTicket,ts-train-service,cpu,2,all,chi_workload,MEANSHIFT,28,11,tai nguyen
TrainTicket,ts-train-service,cpu,2,all,chi_workload,KHONG-DOC,28,24,tai nguyen
TrainTicket,ts-train-service,cpu,2,all,moi_cot,BARO,68,1,tai nguyen
TrainTicket,ts-train-service,cpu,2,all,moi_cot,MEANSHIFT,68,2,tai nguyen
TrainTicket,ts-train-service,cpu,2,all,moi_cot,KHONG-DOC,68,57,tai nguyen
TrainTicket,ts-train-service,cpu,3,fault5,chi_cpu,BARO,5,1,tai nguyen
TrainTicket,ts-train-service,cpu,3,fault5,chi_cpu,MEANSHIFT,5,1,tai nguyen
TrainTicket,ts-train-service,cpu,3,fault5,chi_cpu,KHONG-DOC,5,4,tai nguyen
TrainTicket,ts-train-service,cpu,3,fault5,chi_latency,BARO,5,1,tai nguyen
TrainTicket,ts-train-service,cpu,3,fault5,chi_latency,MEANSHIFT,5,1,tai nguyen
TrainTicket,ts-train-service,cpu,3,fault5,chi_latency,KHONG-DOC,5,4,tai nguyen
TrainTicket,ts-train-service,cpu,3,fault5,chi_workload,BARO,5,2,tai nguyen
TrainTicket,ts-train-service,cpu,3,fault5,chi_workload,MEANSHIFT,5,3,tai nguyen
TrainTicket,ts-train-service,cpu,3,fault5,chi_workload,KHONG-DOC,5,4,tai nguyen
TrainTicket,ts-train-service,cpu,3,fault5,moi_cot,BARO,5,1,tai nguyen
TrainTicket,ts-train-service,cpu,3,fault5,moi_cot,MEANSHIFT,5,1,tai nguyen
TrainTicket,ts-train-service,cpu,3,fault5,moi_cot,KHONG-DOC,5,4,tai nguyen
TrainTicket,ts-train-service,cpu,3,app,chi_cpu,BARO,28,1,tai nguyen
TrainTicket,ts-train-service,cpu,3,app,chi_cpu,MEANSHIFT,28,1,tai nguyen
TrainTicket,ts-train-service,cpu,3,app,chi_cpu,KHONG-DOC,28,24,tai nguyen
TrainTicket,ts-train-service,cpu,3,app,chi_latency,BARO,27,2,tai nguyen
TrainTicket,ts-train-service,cpu,3,app,chi_latency,MEANSHIFT,28,2,tai nguyen
TrainTicket,ts-train-service,cpu,3,app,chi_latency,KHONG-DOC,28,24,tai nguyen
TrainTicket,ts-train-service,cpu,3,app,chi_workload,BARO,28,11,tai nguyen
TrainTicket,ts-train-service,cpu,3,app,chi_workload,MEANSHIFT,28,22,tai nguyen
TrainTicket,ts-train-service,cpu,3,app,chi_workload,KHONG-DOC,28,24,tai nguyen
TrainTicket,ts-train-service,cpu,3,app,moi_cot,BARO,28,1,tai nguyen
TrainTicket,ts-train-service,cpu,3,app,moi_cot,MEANSHIFT,28,2,tai nguyen
TrainTicket,ts-train-service,cpu,3,app,moi_cot,KHONG-DOC,28,24,tai nguyen
TrainTicket,ts-train-service,cpu,3,all,chi_cpu,BARO,68,1,tai nguyen
TrainTicket,ts-train-service,cpu,3,all,chi_cpu,MEANSHIFT,68,1,tai nguyen
TrainTicket,ts-train-service,cpu,3,all,chi_cpu,KHONG-DOC,68,57,tai nguyen
TrainTicket,ts-train-service,cpu,3,all,chi_latency,BARO,27,2,tai nguyen
TrainTicket,ts-train-service,cpu,3,all,chi_latency,MEANSHIFT,28,2,tai nguyen
TrainTicket,ts-train-service,cpu,3,all,chi_latency,KHONG-DOC,28,24,tai nguyen
TrainTicket,ts-train-service,cpu,3,all,chi_workload,BARO,28,11,tai nguyen
TrainTicket,ts-train-service,cpu,3,all,chi_workload,MEANSHIFT,28,22,tai nguyen
TrainTicket,ts-train-service,cpu,3,all,chi_workload,KHONG-DOC,28,24,tai nguyen
TrainTicket,ts-train-service,cpu,3,all,moi_cot,BARO,68,1,tai nguyen
TrainTicket,ts-train-service,cpu,3,all,moi_cot,MEANSHIFT,68,2,tai nguyen
TrainTicket,ts-train-service,cpu,3,all,moi_cot,KHONG-DOC,68,57,tai nguyen
TrainTicket,ts-train-service,delay,1,fault5,chi_cpu,BARO,5,3,mang
TrainTicket,ts-train-service,delay,1,fault5,chi_cpu,MEANSHIFT,5,5,mang
TrainTicket,ts-train-service,delay,1,fault5,chi_cpu,KHONG-DOC,5,4,mang
TrainTicket,ts-train-service,delay,1,fault5,chi_latency,BARO,5,1,mang
TrainTicket,ts-train-service,delay,1,fault5,chi_latency,MEANSHIFT,5,2,mang
TrainTicket,ts-train-service,delay,1,fault5,chi_latency,KHONG-DOC,5,4,mang
TrainTicket,ts-train-service,delay,1,fault5,chi_workload,BARO,5,2,mang
TrainTicket,ts-train-service,delay,1,fault5,chi_workload,MEANSHIFT,5,3,mang
TrainTicket,ts-train-service,delay,1,fault5,chi_workload,KHONG-DOC,5,4,mang
TrainTicket,ts-train-service,delay,1,fault5,moi_cot,BARO,5,1,mang
TrainTicket,ts-train-service,delay,1,fault5,moi_cot,MEANSHIFT,5,1,mang
TrainTicket,ts-train-service,delay,1,fault5,moi_cot,KHONG-DOC,5,4,mang
TrainTicket,ts-train-service,delay,1,app,chi_cpu,BARO,28,11,mang
TrainTicket,ts-train-service,delay,1,app,chi_cpu,MEANSHIFT,28,16,mang
TrainTicket,ts-train-service,delay,1,app,chi_cpu,KHONG-DOC,28,24,mang
TrainTicket,ts-train-service,delay,1,app,chi_latency,BARO,26,2,mang
TrainTicket,ts-train-service,delay,1,app,chi_latency,MEANSHIFT,26,4,mang
TrainTicket,ts-train-service,delay,1,app,chi_latency,KHONG-DOC,28,24,mang
TrainTicket,ts-train-service,delay,1,app,chi_workload,BARO,28,10,mang
TrainTicket,ts-train-service,delay,1,app,chi_workload,MEANSHIFT,28,4,mang
TrainTicket,ts-train-service,delay,1,app,chi_workload,KHONG-DOC,28,24,mang
TrainTicket,ts-train-service,delay,1,app,moi_cot,BARO,28,1,mang
TrainTicket,ts-train-service,delay,1,app,moi_cot,MEANSHIFT,28,2,mang
TrainTicket,ts-train-service,delay,1,app,moi_cot,KHONG-DOC,28,24,mang
TrainTicket,ts-train-service,delay,1,all,chi_cpu,BARO,68,45,mang
TrainTicket,ts-train-service,delay,1,all,chi_cpu,MEANSHIFT,68,21,mang
TrainTicket,ts-train-service,delay,1,all,chi_cpu,KHONG-DOC,68,57,mang
TrainTicket,ts-train-service,delay,1,all,chi_latency,BARO,26,2,mang
TrainTicket,ts-train-service,delay,1,all,chi_latency,MEANSHIFT,26,4,mang
TrainTicket,ts-train-service,delay,1,all,chi_latency,KHONG-DOC,28,24,mang
TrainTicket,ts-train-service,delay,1,all,chi_workload,BARO,28,10,mang
TrainTicket,ts-train-service,delay,1,all,chi_workload,MEANSHIFT,28,4,mang
TrainTicket,ts-train-service,delay,1,all,chi_workload,KHONG-DOC,28,24,mang
TrainTicket,ts-train-service,delay,1,all,moi_cot,BARO,68,5,mang
TrainTicket,ts-train-service,delay,1,all,moi_cot,MEANSHIFT,68,2,mang
TrainTicket,ts-train-service,delay,1,all,moi_cot,KHONG-DOC,68,57,mang
TrainTicket,ts-train-service,delay,2,fault5,chi_cpu,BARO,5,3,mang
TrainTicket,ts-train-service,delay,2,fault5,chi_cpu,MEANSHIFT,5,4,mang
TrainTicket,ts-train-service,delay,2,fault5,chi_cpu,KHONG-DOC,5,4,mang
TrainTicket,ts-train-service,delay,2,fault5,chi_latency,BARO,5,1,mang
TrainTicket,ts-train-service,delay,2,fault5,chi_latency,MEANSHIFT,5,1,mang
TrainTicket,ts-train-service,delay,2,fault5,chi_latency,KHONG-DOC,5,4,mang
TrainTicket,ts-train-service,delay,2,fault5,chi_workload,BARO,5,2,mang
TrainTicket,ts-train-service,delay,2,fault5,chi_workload,MEANSHIFT,5,3,mang
TrainTicket,ts-train-service,delay,2,fault5,chi_workload,KHONG-DOC,5,4,mang
TrainTicket,ts-train-service,delay,2,fault5,moi_cot,BARO,5,1,mang
TrainTicket,ts-train-service,delay,2,fault5,moi_cot,MEANSHIFT,5,1,mang
TrainTicket,ts-train-service,delay,2,fault5,moi_cot,KHONG-DOC,5,4,mang
TrainTicket,ts-train-service,delay,2,app,chi_cpu,BARO,28,14,mang
TrainTicket,ts-train-service,delay,2,app,chi_cpu,MEANSHIFT,28,9,mang
TrainTicket,ts-train-service,delay,2,app,chi_cpu,KHONG-DOC,28,24,mang
TrainTicket,ts-train-service,delay,2,app,chi_latency,BARO,28,1,mang
TrainTicket,ts-train-service,delay,2,app,chi_latency,MEANSHIFT,28,2,mang
TrainTicket,ts-train-service,delay,2,app,chi_latency,KHONG-DOC,28,24,mang
TrainTicket,ts-train-service,delay,2,app,chi_workload,BARO,28,3,mang
TrainTicket,ts-train-service,delay,2,app,chi_workload,MEANSHIFT,28,5,mang
TrainTicket,ts-train-service,delay,2,app,chi_workload,KHONG-DOC,28,24,mang
TrainTicket,ts-train-service,delay,2,app,moi_cot,BARO,28,1,mang
TrainTicket,ts-train-service,delay,2,app,moi_cot,MEANSHIFT,28,1,mang
TrainTicket,ts-train-service,delay,2,app,moi_cot,KHONG-DOC,28,24,mang
TrainTicket,ts-train-service,delay,2,all,chi_cpu,BARO,68,43,mang
TrainTicket,ts-train-service,delay,2,all,chi_cpu,MEANSHIFT,68,16,mang
TrainTicket,ts-train-service,delay,2,all,chi_cpu,KHONG-DOC,68,57,mang
TrainTicket,ts-train-service,delay,2,all,chi_latency,BARO,28,1,mang
TrainTicket,ts-train-service,delay,2,all,chi_latency,MEANSHIFT,28,2,mang
TrainTicket,ts-train-service,delay,2,all,chi_latency,KHONG-DOC,28,24,mang
TrainTicket,ts-train-service,delay,2,all,chi_workload,BARO,28,3,mang
TrainTicket,ts-train-service,delay,2,all,chi_workload,MEANSHIFT,28,5,mang
TrainTicket,ts-train-service,delay,2,all,chi_workload,KHONG-DOC,28,24,mang
TrainTicket,ts-train-service,delay,2,all,moi_cot,BARO,68,1,mang
TrainTicket,ts-train-service,delay,2,all,moi_cot,MEANSHIFT,68,1,mang
TrainTicket,ts-train-service,delay,2,all,moi_cot,KHONG-DOC,68,57,mang
TrainTicket,ts-train-service,delay,3,fault5,chi_cpu,BARO,5,3,mang
TrainTicket,ts-train-service,delay,3,fault5,chi_cpu,MEANSHIFT,5,2,mang
TrainTicket,ts-train-service,delay,3,fault5,chi_cpu,KHONG-DOC,5,4,mang
TrainTicket,ts-train-service,delay,3,fault5,chi_latency,BARO,5,1,mang
TrainTicket,ts-train-service,delay,3,fault5,chi_latency,MEANSHIFT,5,1,mang
TrainTicket,ts-train-service,delay,3,fault5,chi_latency,KHONG-DOC,5,4,mang
TrainTicket,ts-train-service,delay,3,fault5,chi_workload,BARO,5,3,mang
TrainTicket,ts-train-service,delay,3,fault5,chi_workload,MEANSHIFT,5,3,mang
TrainTicket,ts-train-service,delay,3,fault5,chi_workload,KHONG-DOC,5,4,mang
TrainTicket,ts-train-service,delay,3,fault5,moi_cot,BARO,5,1,mang
TrainTicket,ts-train-service,delay,3,fault5,moi_cot,MEANSHIFT,5,1,mang
TrainTicket,ts-train-service,delay,3,fault5,moi_cot,KHONG-DOC,5,4,mang
TrainTicket,ts-train-service,delay,3,app,chi_cpu,BARO,28,8,mang
TrainTicket,ts-train-service,delay,3,app,chi_cpu,MEANSHIFT,28,5,mang
TrainTicket,ts-train-service,delay,3,app,chi_cpu,KHONG-DOC,28,24,mang
TrainTicket,ts-train-service,delay,3,app,chi_latency,BARO,28,1,mang
TrainTicket,ts-train-service,delay,3,app,chi_latency,MEANSHIFT,28,1,mang
TrainTicket,ts-train-service,delay,3,app,chi_latency,KHONG-DOC,28,24,mang
TrainTicket,ts-train-service,delay,3,app,chi_workload,BARO,28,9,mang
TrainTicket,ts-train-service,delay,3,app,chi_workload,MEANSHIFT,28,4,mang
TrainTicket,ts-train-service,delay,3,app,chi_workload,KHONG-DOC,28,24,mang
TrainTicket,ts-train-service,delay,3,app,moi_cot,BARO,28,1,mang
TrainTicket,ts-train-service,delay,3,app,moi_cot,MEANSHIFT,28,1,mang
TrainTicket,ts-train-service,delay,3,app,moi_cot,KHONG-DOC,28,24,mang
TrainTicket,ts-train-service,delay,3,all,chi_cpu,BARO,68,38,mang
TrainTicket,ts-train-service,delay,3,all,chi_cpu,MEANSHIFT,68,5,mang
TrainTicket,ts-train-service,delay,3,all,chi_cpu,KHONG-DOC,68,57,mang
TrainTicket,ts-train-service,delay,3,all,chi_latency,BARO,28,1,mang
TrainTicket,ts-train-service,delay,3,all,chi_latency,MEANSHIFT,28,1,mang
TrainTicket,ts-train-service,delay,3,all,chi_latency,KHONG-DOC,28,24,mang
TrainTicket,ts-train-service,delay,3,all,chi_workload,BARO,28,9,mang
TrainTicket,ts-train-service,delay,3,all,chi_workload,MEANSHIFT,28,4,mang
TrainTicket,ts-train-service,delay,3,all,chi_workload,KHONG-DOC,28,24,mang
TrainTicket,ts-train-service,delay,3,all,moi_cot,BARO,68,1,mang
TrainTicket,ts-train-service,delay,3,all,moi_cot,MEANSHIFT,68,1,mang
TrainTicket,ts-train-service,delay,3,all,moi_cot,KHONG-DOC,68,57,mang
TrainTicket,ts-train-service,disk,1,fault5,chi_cpu,BARO,5,1,tai nguyen
TrainTicket,ts-train-service,disk,1,fault5,chi_cpu,MEANSHIFT,5,1,tai nguyen
TrainTicket,ts-train-service,disk,1,fault5,chi_cpu,KHONG-DOC,5,4,tai nguyen
TrainTicket,ts-train-service,disk,1,fault5,chi_latency,BARO,5,1,tai nguyen
TrainTicket,ts-train-service,disk,1,fault5,chi_latency,MEANSHIFT,5,1,tai nguyen
TrainTicket,ts-train-service,disk,1,fault5,chi_latency,KHONG-DOC,5,4,tai nguyen
TrainTicket,ts-train-service,disk,1,fault5,chi_workload,BARO,5,5,tai nguyen
TrainTicket,ts-train-service,disk,1,fault5,chi_workload,MEANSHIFT,5,4,tai nguyen
TrainTicket,ts-train-service,disk,1,fault5,chi_workload,KHONG-DOC,5,4,tai nguyen
TrainTicket,ts-train-service,disk,1,fault5,moi_cot,BARO,5,1,tai nguyen
TrainTicket,ts-train-service,disk,1,fault5,moi_cot,MEANSHIFT,5,1,tai nguyen
TrainTicket,ts-train-service,disk,1,fault5,moi_cot,KHONG-DOC,5,4,tai nguyen
TrainTicket,ts-train-service,disk,1,app,chi_cpu,BARO,28,1,tai nguyen
TrainTicket,ts-train-service,disk,1,app,chi_cpu,MEANSHIFT,28,1,tai nguyen
TrainTicket,ts-train-service,disk,1,app,chi_cpu,KHONG-DOC,28,24,tai nguyen
TrainTicket,ts-train-service,disk,1,app,chi_latency,BARO,28,1,tai nguyen
TrainTicket,ts-train-service,disk,1,app,chi_latency,MEANSHIFT,28,2,tai nguyen
TrainTicket,ts-train-service,disk,1,app,chi_latency,KHONG-DOC,28,24,tai nguyen
TrainTicket,ts-train-service,disk,1,app,chi_workload,BARO,28,18,tai nguyen
TrainTicket,ts-train-service,disk,1,app,chi_workload,MEANSHIFT,28,23,tai nguyen
TrainTicket,ts-train-service,disk,1,app,chi_workload,KHONG-DOC,28,24,tai nguyen
TrainTicket,ts-train-service,disk,1,app,moi_cot,BARO,28,1,tai nguyen
TrainTicket,ts-train-service,disk,1,app,moi_cot,MEANSHIFT,28,1,tai nguyen
TrainTicket,ts-train-service,disk,1,app,moi_cot,KHONG-DOC,28,24,tai nguyen
TrainTicket,ts-train-service,disk,1,all,chi_cpu,BARO,68,1,tai nguyen
TrainTicket,ts-train-service,disk,1,all,chi_cpu,MEANSHIFT,68,1,tai nguyen
TrainTicket,ts-train-service,disk,1,all,chi_cpu,KHONG-DOC,68,57,tai nguyen
TrainTicket,ts-train-service,disk,1,all,chi_latency,BARO,28,1,tai nguyen
TrainTicket,ts-train-service,disk,1,all,chi_latency,MEANSHIFT,28,2,tai nguyen
TrainTicket,ts-train-service,disk,1,all,chi_latency,KHONG-DOC,28,24,tai nguyen
TrainTicket,ts-train-service,disk,1,all,chi_workload,BARO,28,18,tai nguyen
TrainTicket,ts-train-service,disk,1,all,chi_workload,MEANSHIFT,28,23,tai nguyen
TrainTicket,ts-train-service,disk,1,all,chi_workload,KHONG-DOC,28,24,tai nguyen
TrainTicket,ts-train-service,disk,1,all,moi_cot,BARO,68,1,tai nguyen
TrainTicket,ts-train-service,disk,1,all,moi_cot,MEANSHIFT,68,1,tai nguyen
TrainTicket,ts-train-service,disk,1,all,moi_cot,KHONG-DOC,68,57,tai nguyen
TrainTicket,ts-train-service,disk,2,fault5,chi_cpu,BARO,5,1,tai nguyen
TrainTicket,ts-train-service,disk,2,fault5,chi_cpu,MEANSHIFT,5,1,tai nguyen
TrainTicket,ts-train-service,disk,2,fault5,chi_cpu,KHONG-DOC,5,4,tai nguyen
TrainTicket,ts-train-service,disk,2,fault5,chi_latency,BARO,5,1,tai nguyen
TrainTicket,ts-train-service,disk,2,fault5,chi_latency,MEANSHIFT,5,1,tai nguyen
TrainTicket,ts-train-service,disk,2,fault5,chi_latency,KHONG-DOC,5,4,tai nguyen
TrainTicket,ts-train-service,disk,2,fault5,chi_workload,BARO,5,2,tai nguyen
TrainTicket,ts-train-service,disk,2,fault5,chi_workload,MEANSHIFT,5,5,tai nguyen
TrainTicket,ts-train-service,disk,2,fault5,chi_workload,KHONG-DOC,5,4,tai nguyen
TrainTicket,ts-train-service,disk,2,fault5,moi_cot,BARO,5,1,tai nguyen
TrainTicket,ts-train-service,disk,2,fault5,moi_cot,MEANSHIFT,5,1,tai nguyen
TrainTicket,ts-train-service,disk,2,fault5,moi_cot,KHONG-DOC,5,4,tai nguyen
TrainTicket,ts-train-service,disk,2,app,chi_cpu,BARO,28,1,tai nguyen
TrainTicket,ts-train-service,disk,2,app,chi_cpu,MEANSHIFT,28,1,tai nguyen
TrainTicket,ts-train-service,disk,2,app,chi_cpu,KHONG-DOC,28,24,tai nguyen
TrainTicket,ts-train-service,disk,2,app,chi_latency,BARO,27,1,tai nguyen
TrainTicket,ts-train-service,disk,2,app,chi_latency,MEANSHIFT,28,3,tai nguyen
TrainTicket,ts-train-service,disk,2,app,chi_latency,KHONG-DOC,28,24,tai nguyen
TrainTicket,ts-train-service,disk,2,app,chi_workload,BARO,28,13,tai nguyen
TrainTicket,ts-train-service,disk,2,app,chi_workload,MEANSHIFT,28,26,tai nguyen
TrainTicket,ts-train-service,disk,2,app,chi_workload,KHONG-DOC,28,24,tai nguyen
TrainTicket,ts-train-service,disk,2,app,moi_cot,BARO,28,1,tai nguyen
TrainTicket,ts-train-service,disk,2,app,moi_cot,MEANSHIFT,28,2,tai nguyen
TrainTicket,ts-train-service,disk,2,app,moi_cot,KHONG-DOC,28,24,tai nguyen
TrainTicket,ts-train-service,disk,2,all,chi_cpu,BARO,68,1,tai nguyen
TrainTicket,ts-train-service,disk,2,all,chi_cpu,MEANSHIFT,68,1,tai nguyen
TrainTicket,ts-train-service,disk,2,all,chi_cpu,KHONG-DOC,68,57,tai nguyen
TrainTicket,ts-train-service,disk,2,all,chi_latency,BARO,27,1,tai nguyen
TrainTicket,ts-train-service,disk,2,all,chi_latency,MEANSHIFT,28,3,tai nguyen
TrainTicket,ts-train-service,disk,2,all,chi_latency,KHONG-DOC,28,24,tai nguyen
TrainTicket,ts-train-service,disk,2,all,chi_workload,BARO,28,13,tai nguyen
TrainTicket,ts-train-service,disk,2,all,chi_workload,MEANSHIFT,28,26,tai nguyen
TrainTicket,ts-train-service,disk,2,all,chi_workload,KHONG-DOC,28,24,tai nguyen
TrainTicket,ts-train-service,disk,2,all,moi_cot,BARO,68,1,tai nguyen
TrainTicket,ts-train-service,disk,2,all,moi_cot,MEANSHIFT,68,2,tai nguyen
TrainTicket,ts-train-service,disk,2,all,moi_cot,KHONG-DOC,68,57,tai nguyen
TrainTicket,ts-train-service,disk,3,fault5,chi_cpu,BARO,5,1,tai nguyen
TrainTicket,ts-train-service,disk,3,fault5,chi_cpu,MEANSHIFT,5,1,tai nguyen
TrainTicket,ts-train-service,disk,3,fault5,chi_cpu,KHONG-DOC,5,4,tai nguyen
TrainTicket,ts-train-service,disk,3,fault5,chi_latency,BARO,5,1,tai nguyen
TrainTicket,ts-train-service,disk,3,fault5,chi_latency,MEANSHIFT,5,1,tai nguyen
TrainTicket,ts-train-service,disk,3,fault5,chi_latency,KHONG-DOC,5,4,tai nguyen
TrainTicket,ts-train-service,disk,3,fault5,chi_workload,BARO,5,3,tai nguyen
TrainTicket,ts-train-service,disk,3,fault5,chi_workload,MEANSHIFT,5,5,tai nguyen
TrainTicket,ts-train-service,disk,3,fault5,chi_workload,KHONG-DOC,5,4,tai nguyen
TrainTicket,ts-train-service,disk,3,fault5,moi_cot,BARO,5,1,tai nguyen
TrainTicket,ts-train-service,disk,3,fault5,moi_cot,MEANSHIFT,5,1,tai nguyen
TrainTicket,ts-train-service,disk,3,fault5,moi_cot,KHONG-DOC,5,4,tai nguyen
TrainTicket,ts-train-service,disk,3,app,chi_cpu,BARO,28,1,tai nguyen
TrainTicket,ts-train-service,disk,3,app,chi_cpu,MEANSHIFT,28,1,tai nguyen
TrainTicket,ts-train-service,disk,3,app,chi_cpu,KHONG-DOC,28,24,tai nguyen
TrainTicket,ts-train-service,disk,3,app,chi_latency,BARO,27,2,tai nguyen
TrainTicket,ts-train-service,disk,3,app,chi_latency,MEANSHIFT,28,3,tai nguyen
TrainTicket,ts-train-service,disk,3,app,chi_latency,KHONG-DOC,28,24,tai nguyen
TrainTicket,ts-train-service,disk,3,app,chi_workload,BARO,28,20,tai nguyen
TrainTicket,ts-train-service,disk,3,app,chi_workload,MEANSHIFT,28,22,tai nguyen
TrainTicket,ts-train-service,disk,3,app,chi_workload,KHONG-DOC,28,24,tai nguyen
TrainTicket,ts-train-service,disk,3,app,moi_cot,BARO,28,1,tai nguyen
TrainTicket,ts-train-service,disk,3,app,moi_cot,MEANSHIFT,28,2,tai nguyen
TrainTicket,ts-train-service,disk,3,app,moi_cot,KHONG-DOC,28,24,tai nguyen
TrainTicket,ts-train-service,disk,3,all,chi_cpu,BARO,68,1,tai nguyen
TrainTicket,ts-train-service,disk,3,all,chi_cpu,MEANSHIFT,68,1,tai nguyen
TrainTicket,ts-train-service,disk,3,all,chi_cpu,KHONG-DOC,68,57,tai nguyen
TrainTicket,ts-train-service,disk,3,all,chi_latency,BARO,27,2,tai nguyen
TrainTicket,ts-train-service,disk,3,all,chi_latency,MEANSHIFT,28,3,tai nguyen
TrainTicket,ts-train-service,disk,3,all,chi_latency,KHONG-DOC,28,24,tai nguyen
TrainTicket,ts-train-service,disk,3,all,chi_workload,BARO,28,20,tai nguyen
TrainTicket,ts-train-service,disk,3,all,chi_workload,MEANSHIFT,28,22,tai nguyen
TrainTicket,ts-train-service,disk,3,all,chi_workload,KHONG-DOC,28,24,tai nguyen
TrainTicket,ts-train-service,disk,3,all,moi_cot,BARO,68,1,tai nguyen
TrainTicket,ts-train-service,disk,3,all,moi_cot,MEANSHIFT,68,2,tai nguyen
TrainTicket,ts-train-service,disk,3,all,moi_cot,KHONG-DOC,68,57,tai nguyen
TrainTicket,ts-train-service,loss,1,fault5,chi_cpu,BARO,5,1,mang
TrainTicket,ts-train-service,loss,1,fault5,chi_cpu,MEANSHIFT,5,1,mang
TrainTicket,ts-train-service,loss,1,fault5,chi_cpu,KHONG-DOC,5,4,mang
TrainTicket,ts-train-service,loss,1,fault5,chi_latency,BARO,5,2,mang
TrainTicket,ts-train-service,loss,1,fault5,chi_latency,MEANSHIFT,5,2,mang
TrainTicket,ts-train-service,loss,1,fault5,chi_latency,KHONG-DOC,5,4,mang
TrainTicket,ts-train-service,loss,1,fault5,chi_workload,BARO,5,5,mang
TrainTicket,ts-train-service,loss,1,fault5,chi_workload,MEANSHIFT,5,3,mang
TrainTicket,ts-train-service,loss,1,fault5,chi_workload,KHONG-DOC,5,4,mang
TrainTicket,ts-train-service,loss,1,fault5,moi_cot,BARO,5,1,mang
TrainTicket,ts-train-service,loss,1,fault5,moi_cot,MEANSHIFT,5,1,mang
TrainTicket,ts-train-service,loss,1,fault5,moi_cot,KHONG-DOC,5,4,mang
TrainTicket,ts-train-service,loss,1,app,chi_cpu,BARO,28,3,mang
TrainTicket,ts-train-service,loss,1,app,chi_cpu,MEANSHIFT,28,1,mang
TrainTicket,ts-train-service,loss,1,app,chi_cpu,KHONG-DOC,28,24,mang
TrainTicket,ts-train-service,loss,1,app,chi_latency,BARO,26,6,mang
TrainTicket,ts-train-service,loss,1,app,chi_latency,MEANSHIFT,27,5,mang
TrainTicket,ts-train-service,loss,1,app,chi_latency,KHONG-DOC,28,24,mang
TrainTicket,ts-train-service,loss,1,app,chi_workload,BARO,28,9,mang
TrainTicket,ts-train-service,loss,1,app,chi_workload,MEANSHIFT,28,19,mang
TrainTicket,ts-train-service,loss,1,app,chi_workload,KHONG-DOC,28,24,mang
TrainTicket,ts-train-service,loss,1,app,moi_cot,BARO,28,1,mang
TrainTicket,ts-train-service,loss,1,app,moi_cot,MEANSHIFT,28,3,mang
TrainTicket,ts-train-service,loss,1,app,moi_cot,KHONG-DOC,28,24,mang
TrainTicket,ts-train-service,loss,1,all,chi_cpu,BARO,68,4,mang
TrainTicket,ts-train-service,loss,1,all,chi_cpu,MEANSHIFT,68,1,mang
TrainTicket,ts-train-service,loss,1,all,chi_cpu,KHONG-DOC,68,57,mang
TrainTicket,ts-train-service,loss,1,all,chi_latency,BARO,26,6,mang
TrainTicket,ts-train-service,loss,1,all,chi_latency,MEANSHIFT,27,5,mang
TrainTicket,ts-train-service,loss,1,all,chi_latency,KHONG-DOC,28,24,mang
TrainTicket,ts-train-service,loss,1,all,chi_workload,BARO,28,9,mang
TrainTicket,ts-train-service,loss,1,all,chi_workload,MEANSHIFT,28,19,mang
TrainTicket,ts-train-service,loss,1,all,chi_workload,KHONG-DOC,28,24,mang
TrainTicket,ts-train-service,loss,1,all,moi_cot,BARO,68,1,mang
TrainTicket,ts-train-service,loss,1,all,moi_cot,MEANSHIFT,68,3,mang
TrainTicket,ts-train-service,loss,1,all,moi_cot,KHONG-DOC,68,57,mang
TrainTicket,ts-train-service,loss,2,fault5,chi_cpu,BARO,5,5,mang
TrainTicket,ts-train-service,loss,2,fault5,chi_cpu,MEANSHIFT,5,4,mang
TrainTicket,ts-train-service,loss,2,fault5,chi_cpu,KHONG-DOC,5,4,mang
TrainTicket,ts-train-service,loss,2,fault5,chi_latency,BARO,5,2,mang
TrainTicket,ts-train-service,loss,2,fault5,chi_latency,MEANSHIFT,5,1,mang
TrainTicket,ts-train-service,loss,2,fault5,chi_latency,KHONG-DOC,5,4,mang
TrainTicket,ts-train-service,loss,2,fault5,chi_workload,BARO,5,4,mang
TrainTicket,ts-train-service,loss,2,fault5,chi_workload,MEANSHIFT,5,1,mang
TrainTicket,ts-train-service,loss,2,fault5,chi_workload,KHONG-DOC,5,4,mang
TrainTicket,ts-train-service,loss,2,fault5,moi_cot,BARO,5,1,mang
TrainTicket,ts-train-service,loss,2,fault5,moi_cot,MEANSHIFT,5,1,mang
TrainTicket,ts-train-service,loss,2,fault5,moi_cot,KHONG-DOC,5,4,mang
TrainTicket,ts-train-service,loss,2,app,chi_cpu,BARO,28,25,mang
TrainTicket,ts-train-service,loss,2,app,chi_cpu,MEANSHIFT,28,24,mang
TrainTicket,ts-train-service,loss,2,app,chi_cpu,KHONG-DOC,28,24,mang
TrainTicket,ts-train-service,loss,2,app,chi_latency,BARO,28,11,mang
TrainTicket,ts-train-service,loss,2,app,chi_latency,MEANSHIFT,28,4,mang
TrainTicket,ts-train-service,loss,2,app,chi_latency,KHONG-DOC,28,24,mang
TrainTicket,ts-train-service,loss,2,app,chi_workload,BARO,28,27,mang
TrainTicket,ts-train-service,loss,2,app,chi_workload,MEANSHIFT,28,8,mang
TrainTicket,ts-train-service,loss,2,app,chi_workload,KHONG-DOC,28,24,mang
TrainTicket,ts-train-service,loss,2,app,moi_cot,BARO,28,1,mang
TrainTicket,ts-train-service,loss,2,app,moi_cot,MEANSHIFT,28,1,mang
TrainTicket,ts-train-service,loss,2,app,moi_cot,KHONG-DOC,28,24,mang
TrainTicket,ts-train-service,loss,2,all,chi_cpu,BARO,68,64,mang
TrainTicket,ts-train-service,loss,2,all,chi_cpu,MEANSHIFT,68,45,mang
TrainTicket,ts-train-service,loss,2,all,chi_cpu,KHONG-DOC,68,57,mang
TrainTicket,ts-train-service,loss,2,all,chi_latency,BARO,28,11,mang
TrainTicket,ts-train-service,loss,2,all,chi_latency,MEANSHIFT,28,4,mang
TrainTicket,ts-train-service,loss,2,all,chi_latency,KHONG-DOC,28,24,mang
TrainTicket,ts-train-service,loss,2,all,chi_workload,BARO,28,27,mang
TrainTicket,ts-train-service,loss,2,all,chi_workload,MEANSHIFT,28,8,mang
TrainTicket,ts-train-service,loss,2,all,chi_workload,KHONG-DOC,28,24,mang
TrainTicket,ts-train-service,loss,2,all,moi_cot,BARO,68,1,mang
TrainTicket,ts-train-service,loss,2,all,moi_cot,MEANSHIFT,68,1,mang
TrainTicket,ts-train-service,loss,2,all,moi_cot,KHONG-DOC,68,57,mang
TrainTicket,ts-train-service,loss,3,fault5,chi_cpu,BARO,5,3,mang
TrainTicket,ts-train-service,loss,3,fault5,chi_cpu,MEANSHIFT,5,5,mang
TrainTicket,ts-train-service,loss,3,fault5,chi_cpu,KHONG-DOC,5,4,mang
TrainTicket,ts-train-service,loss,3,fault5,chi_latency,BARO,5,1,mang
TrainTicket,ts-train-service,loss,3,fault5,chi_latency,MEANSHIFT,5,1,mang
TrainTicket,ts-train-service,loss,3,fault5,chi_latency,KHONG-DOC,5,4,mang
TrainTicket,ts-train-service,loss,3,fault5,chi_workload,BARO,5,2,mang
TrainTicket,ts-train-service,loss,3,fault5,chi_workload,MEANSHIFT,5,5,mang
TrainTicket,ts-train-service,loss,3,fault5,chi_workload,KHONG-DOC,5,4,mang
TrainTicket,ts-train-service,loss,3,fault5,moi_cot,BARO,5,1,mang
TrainTicket,ts-train-service,loss,3,fault5,moi_cot,MEANSHIFT,5,1,mang
TrainTicket,ts-train-service,loss,3,fault5,moi_cot,KHONG-DOC,5,4,mang
TrainTicket,ts-train-service,loss,3,app,chi_cpu,BARO,28,21,mang
TrainTicket,ts-train-service,loss,3,app,chi_cpu,MEANSHIFT,28,21,mang
TrainTicket,ts-train-service,loss,3,app,chi_cpu,KHONG-DOC,28,24,mang
TrainTicket,ts-train-service,loss,3,app,chi_latency,BARO,28,4,mang
TrainTicket,ts-train-service,loss,3,app,chi_latency,MEANSHIFT,28,3,mang
TrainTicket,ts-train-service,loss,3,app,chi_latency,KHONG-DOC,28,24,mang
TrainTicket,ts-train-service,loss,3,app,chi_workload,BARO,28,5,mang
TrainTicket,ts-train-service,loss,3,app,chi_workload,MEANSHIFT,28,19,mang
TrainTicket,ts-train-service,loss,3,app,chi_workload,KHONG-DOC,28,24,mang
TrainTicket,ts-train-service,loss,3,app,moi_cot,BARO,28,1,mang
TrainTicket,ts-train-service,loss,3,app,moi_cot,MEANSHIFT,28,1,mang
TrainTicket,ts-train-service,loss,3,app,moi_cot,KHONG-DOC,28,24,mang
TrainTicket,ts-train-service,loss,3,all,chi_cpu,BARO,68,58,mang
TrainTicket,ts-train-service,loss,3,all,chi_cpu,MEANSHIFT,68,43,mang
TrainTicket,ts-train-service,loss,3,all,chi_cpu,KHONG-DOC,68,57,mang
TrainTicket,ts-train-service,loss,3,all,chi_latency,BARO,28,4,mang
TrainTicket,ts-train-service,loss,3,all,chi_latency,MEANSHIFT,28,3,mang
TrainTicket,ts-train-service,loss,3,all,chi_latency,KHONG-DOC,28,24,mang
TrainTicket,ts-train-service,loss,3,all,chi_workload,BARO,28,5,mang
TrainTicket,ts-train-service,loss,3,all,chi_workload,MEANSHIFT,28,19,mang
TrainTicket,ts-train-service,loss,3,all,chi_workload,KHONG-DOC,28,24,mang
TrainTicket,ts-train-service,loss,3,all,moi_cot,BARO,68,5,mang
TrainTicket,ts-train-service,loss,3,all,moi_cot,MEANSHIFT,68,1,mang
TrainTicket,ts-train-service,loss,3,all,moi_cot,KHONG-DOC,68,57,mang
TrainTicket,ts-train-service,mem,1,fault5,chi_cpu,BARO,5,1,tai nguyen
TrainTicket,ts-train-service,mem,1,fault5,chi_cpu,MEANSHIFT,5,1,tai nguyen
TrainTicket,ts-train-service,mem,1,fault5,chi_cpu,KHONG-DOC,5,4,tai nguyen
TrainTicket,ts-train-service,mem,1,fault5,chi_latency,BARO,5,1,tai nguyen
TrainTicket,ts-train-service,mem,1,fault5,chi_latency,MEANSHIFT,5,1,tai nguyen
TrainTicket,ts-train-service,mem,1,fault5,chi_latency,KHONG-DOC,5,4,tai nguyen
TrainTicket,ts-train-service,mem,1,fault5,chi_workload,BARO,5,3,tai nguyen
TrainTicket,ts-train-service,mem,1,fault5,chi_workload,MEANSHIFT,5,3,tai nguyen
TrainTicket,ts-train-service,mem,1,fault5,chi_workload,KHONG-DOC,5,4,tai nguyen
TrainTicket,ts-train-service,mem,1,fault5,moi_cot,BARO,5,1,tai nguyen
TrainTicket,ts-train-service,mem,1,fault5,moi_cot,MEANSHIFT,5,1,tai nguyen
TrainTicket,ts-train-service,mem,1,fault5,moi_cot,KHONG-DOC,5,4,tai nguyen
TrainTicket,ts-train-service,mem,1,app,chi_cpu,BARO,28,1,tai nguyen
TrainTicket,ts-train-service,mem,1,app,chi_cpu,MEANSHIFT,28,1,tai nguyen
TrainTicket,ts-train-service,mem,1,app,chi_cpu,KHONG-DOC,28,24,tai nguyen
TrainTicket,ts-train-service,mem,1,app,chi_latency,BARO,28,1,tai nguyen
TrainTicket,ts-train-service,mem,1,app,chi_latency,MEANSHIFT,28,1,tai nguyen
TrainTicket,ts-train-service,mem,1,app,chi_latency,KHONG-DOC,28,24,tai nguyen
TrainTicket,ts-train-service,mem,1,app,chi_workload,BARO,28,15,tai nguyen
TrainTicket,ts-train-service,mem,1,app,chi_workload,MEANSHIFT,28,5,tai nguyen
TrainTicket,ts-train-service,mem,1,app,chi_workload,KHONG-DOC,28,24,tai nguyen
TrainTicket,ts-train-service,mem,1,app,moi_cot,BARO,28,1,tai nguyen
TrainTicket,ts-train-service,mem,1,app,moi_cot,MEANSHIFT,28,1,tai nguyen
TrainTicket,ts-train-service,mem,1,app,moi_cot,KHONG-DOC,28,24,tai nguyen
TrainTicket,ts-train-service,mem,1,all,chi_cpu,BARO,68,5,tai nguyen
TrainTicket,ts-train-service,mem,1,all,chi_cpu,MEANSHIFT,68,1,tai nguyen
TrainTicket,ts-train-service,mem,1,all,chi_cpu,KHONG-DOC,68,57,tai nguyen
TrainTicket,ts-train-service,mem,1,all,chi_latency,BARO,28,1,tai nguyen
TrainTicket,ts-train-service,mem,1,all,chi_latency,MEANSHIFT,28,1,tai nguyen
TrainTicket,ts-train-service,mem,1,all,chi_latency,KHONG-DOC,28,24,tai nguyen
TrainTicket,ts-train-service,mem,1,all,chi_workload,BARO,28,15,tai nguyen
TrainTicket,ts-train-service,mem,1,all,chi_workload,MEANSHIFT,28,5,tai nguyen
TrainTicket,ts-train-service,mem,1,all,chi_workload,KHONG-DOC,28,24,tai nguyen
TrainTicket,ts-train-service,mem,1,all,moi_cot,BARO,68,1,tai nguyen
TrainTicket,ts-train-service,mem,1,all,moi_cot,MEANSHIFT,68,1,tai nguyen
TrainTicket,ts-train-service,mem,1,all,moi_cot,KHONG-DOC,68,57,tai nguyen
TrainTicket,ts-train-service,mem,2,fault5,chi_cpu,BARO,5,1,tai nguyen
TrainTicket,ts-train-service,mem,2,fault5,chi_cpu,MEANSHIFT,5,1,tai nguyen
TrainTicket,ts-train-service,mem,2,fault5,chi_cpu,KHONG-DOC,5,4,tai nguyen
TrainTicket,ts-train-service,mem,2,fault5,chi_latency,BARO,5,1,tai nguyen
TrainTicket,ts-train-service,mem,2,fault5,chi_latency,MEANSHIFT,5,1,tai nguyen
TrainTicket,ts-train-service,mem,2,fault5,chi_latency,KHONG-DOC,5,4,tai nguyen
TrainTicket,ts-train-service,mem,2,fault5,chi_workload,BARO,5,2,tai nguyen
TrainTicket,ts-train-service,mem,2,fault5,chi_workload,MEANSHIFT,5,3,tai nguyen
TrainTicket,ts-train-service,mem,2,fault5,chi_workload,KHONG-DOC,5,4,tai nguyen
TrainTicket,ts-train-service,mem,2,fault5,moi_cot,BARO,5,1,tai nguyen
TrainTicket,ts-train-service,mem,2,fault5,moi_cot,MEANSHIFT,5,1,tai nguyen
TrainTicket,ts-train-service,mem,2,fault5,moi_cot,KHONG-DOC,5,4,tai nguyen
TrainTicket,ts-train-service,mem,2,app,chi_cpu,BARO,28,1,tai nguyen
TrainTicket,ts-train-service,mem,2,app,chi_cpu,MEANSHIFT,28,1,tai nguyen
TrainTicket,ts-train-service,mem,2,app,chi_cpu,KHONG-DOC,28,24,tai nguyen
TrainTicket,ts-train-service,mem,2,app,chi_latency,BARO,28,2,tai nguyen
TrainTicket,ts-train-service,mem,2,app,chi_latency,MEANSHIFT,28,1,tai nguyen
TrainTicket,ts-train-service,mem,2,app,chi_latency,KHONG-DOC,28,24,tai nguyen
TrainTicket,ts-train-service,mem,2,app,chi_workload,BARO,28,16,tai nguyen
TrainTicket,ts-train-service,mem,2,app,chi_workload,MEANSHIFT,28,12,tai nguyen
TrainTicket,ts-train-service,mem,2,app,chi_workload,KHONG-DOC,28,24,tai nguyen
TrainTicket,ts-train-service,mem,2,app,moi_cot,BARO,28,1,tai nguyen
TrainTicket,ts-train-service,mem,2,app,moi_cot,MEANSHIFT,28,1,tai nguyen
TrainTicket,ts-train-service,mem,2,app,moi_cot,KHONG-DOC,28,24,tai nguyen
TrainTicket,ts-train-service,mem,2,all,chi_cpu,BARO,68,22,tai nguyen
TrainTicket,ts-train-service,mem,2,all,chi_cpu,MEANSHIFT,68,1,tai nguyen
TrainTicket,ts-train-service,mem,2,all,chi_cpu,KHONG-DOC,68,57,tai nguyen
TrainTicket,ts-train-service,mem,2,all,chi_latency,BARO,28,2,tai nguyen
TrainTicket,ts-train-service,mem,2,all,chi_latency,MEANSHIFT,28,1,tai nguyen
TrainTicket,ts-train-service,mem,2,all,chi_latency,KHONG-DOC,28,24,tai nguyen
TrainTicket,ts-train-service,mem,2,all,chi_workload,BARO,28,16,tai nguyen
TrainTicket,ts-train-service,mem,2,all,chi_workload,MEANSHIFT,28,12,tai nguyen
TrainTicket,ts-train-service,mem,2,all,chi_workload,KHONG-DOC,28,24,tai nguyen
TrainTicket,ts-train-service,mem,2,all,moi_cot,BARO,68,2,tai nguyen
TrainTicket,ts-train-service,mem,2,all,moi_cot,MEANSHIFT,68,1,tai nguyen
TrainTicket,ts-train-service,mem,2,all,moi_cot,KHONG-DOC,68,57,tai nguyen
TrainTicket,ts-train-service,mem,3,fault5,chi_cpu,BARO,5,1,tai nguyen
TrainTicket,ts-train-service,mem,3,fault5,chi_cpu,MEANSHIFT,5,1,tai nguyen
TrainTicket,ts-train-service,mem,3,fault5,chi_cpu,KHONG-DOC,5,4,tai nguyen
TrainTicket,ts-train-service,mem,3,fault5,chi_latency,BARO,5,1,tai nguyen
TrainTicket,ts-train-service,mem,3,fault5,chi_latency,MEANSHIFT,5,1,tai nguyen
TrainTicket,ts-train-service,mem,3,fault5,chi_latency,KHONG-DOC,5,4,tai nguyen
TrainTicket,ts-train-service,mem,3,fault5,chi_workload,BARO,5,2,tai nguyen
TrainTicket,ts-train-service,mem,3,fault5,chi_workload,MEANSHIFT,5,2,tai nguyen
TrainTicket,ts-train-service,mem,3,fault5,chi_workload,KHONG-DOC,5,4,tai nguyen
TrainTicket,ts-train-service,mem,3,fault5,moi_cot,BARO,5,1,tai nguyen
TrainTicket,ts-train-service,mem,3,fault5,moi_cot,MEANSHIFT,5,1,tai nguyen
TrainTicket,ts-train-service,mem,3,fault5,moi_cot,KHONG-DOC,5,4,tai nguyen
TrainTicket,ts-train-service,mem,3,app,chi_cpu,BARO,28,1,tai nguyen
TrainTicket,ts-train-service,mem,3,app,chi_cpu,MEANSHIFT,28,1,tai nguyen
TrainTicket,ts-train-service,mem,3,app,chi_cpu,KHONG-DOC,28,24,tai nguyen
TrainTicket,ts-train-service,mem,3,app,chi_latency,BARO,28,1,tai nguyen
TrainTicket,ts-train-service,mem,3,app,chi_latency,MEANSHIFT,28,2,tai nguyen
TrainTicket,ts-train-service,mem,3,app,chi_latency,KHONG-DOC,28,24,tai nguyen
TrainTicket,ts-train-service,mem,3,app,chi_workload,BARO,28,17,tai nguyen
TrainTicket,ts-train-service,mem,3,app,chi_workload,MEANSHIFT,28,2,tai nguyen
TrainTicket,ts-train-service,mem,3,app,chi_workload,KHONG-DOC,28,24,tai nguyen
TrainTicket,ts-train-service,mem,3,app,moi_cot,BARO,28,1,tai nguyen
TrainTicket,ts-train-service,mem,3,app,moi_cot,MEANSHIFT,28,1,tai nguyen
TrainTicket,ts-train-service,mem,3,app,moi_cot,KHONG-DOC,28,24,tai nguyen
TrainTicket,ts-train-service,mem,3,all,chi_cpu,BARO,68,3,tai nguyen
TrainTicket,ts-train-service,mem,3,all,chi_cpu,MEANSHIFT,68,1,tai nguyen
TrainTicket,ts-train-service,mem,3,all,chi_cpu,KHONG-DOC,68,57,tai nguyen
TrainTicket,ts-train-service,mem,3,all,chi_latency,BARO,28,1,tai nguyen
TrainTicket,ts-train-service,mem,3,all,chi_latency,MEANSHIFT,28,2,tai nguyen
TrainTicket,ts-train-service,mem,3,all,chi_latency,KHONG-DOC,28,24,tai nguyen
TrainTicket,ts-train-service,mem,3,all,chi_workload,BARO,28,17,tai nguyen
TrainTicket,ts-train-service,mem,3,all,chi_workload,MEANSHIFT,28,2,tai nguyen
TrainTicket,ts-train-service,mem,3,all,chi_workload,KHONG-DOC,28,24,tai nguyen
TrainTicket,ts-train-service,mem,3,all,moi_cot,BARO,68,1,tai nguyen
TrainTicket,ts-train-service,mem,3,all,moi_cot,MEANSHIFT,68,1,tai nguyen
TrainTicket,ts-train-service,mem,3,all,moi_cot,KHONG-DOC,68,57,tai nguyen
TrainTicket,ts-train-service,socket,1,fault5,chi_cpu,BARO,5,1,tai nguyen
TrainTicket,ts-train-service,socket,1,fault5,chi_cpu,MEANSHIFT,5,1,tai nguyen
TrainTicket,ts-train-service,socket,1,fault5,chi_cpu,KHONG-DOC,5,4,tai nguyen
TrainTicket,ts-train-service,socket,1,fault5,chi_latency,BARO,5,1,tai nguyen
TrainTicket,ts-train-service,socket,1,fault5,chi_latency,MEANSHIFT,5,1,tai nguyen
TrainTicket,ts-train-service,socket,1,fault5,chi_latency,KHONG-DOC,5,4,tai nguyen
TrainTicket,ts-train-service,socket,1,fault5,chi_workload,BARO,5,3,tai nguyen
TrainTicket,ts-train-service,socket,1,fault5,chi_workload,MEANSHIFT,5,5,tai nguyen
TrainTicket,ts-train-service,socket,1,fault5,chi_workload,KHONG-DOC,5,4,tai nguyen
TrainTicket,ts-train-service,socket,1,fault5,moi_cot,BARO,5,1,tai nguyen
TrainTicket,ts-train-service,socket,1,fault5,moi_cot,MEANSHIFT,5,1,tai nguyen
TrainTicket,ts-train-service,socket,1,fault5,moi_cot,KHONG-DOC,5,4,tai nguyen
TrainTicket,ts-train-service,socket,1,app,chi_cpu,BARO,28,1,tai nguyen
TrainTicket,ts-train-service,socket,1,app,chi_cpu,MEANSHIFT,28,1,tai nguyen
TrainTicket,ts-train-service,socket,1,app,chi_cpu,KHONG-DOC,28,24,tai nguyen
TrainTicket,ts-train-service,socket,1,app,chi_latency,BARO,28,1,tai nguyen
TrainTicket,ts-train-service,socket,1,app,chi_latency,MEANSHIFT,28,1,tai nguyen
TrainTicket,ts-train-service,socket,1,app,chi_latency,KHONG-DOC,28,24,tai nguyen
TrainTicket,ts-train-service,socket,1,app,chi_workload,BARO,28,19,tai nguyen
TrainTicket,ts-train-service,socket,1,app,chi_workload,MEANSHIFT,28,13,tai nguyen
TrainTicket,ts-train-service,socket,1,app,chi_workload,KHONG-DOC,28,24,tai nguyen
TrainTicket,ts-train-service,socket,1,app,moi_cot,BARO,28,1,tai nguyen
TrainTicket,ts-train-service,socket,1,app,moi_cot,MEANSHIFT,28,1,tai nguyen
TrainTicket,ts-train-service,socket,1,app,moi_cot,KHONG-DOC,28,24,tai nguyen
TrainTicket,ts-train-service,socket,1,all,chi_cpu,BARO,68,1,tai nguyen
TrainTicket,ts-train-service,socket,1,all,chi_cpu,MEANSHIFT,68,1,tai nguyen
TrainTicket,ts-train-service,socket,1,all,chi_cpu,KHONG-DOC,68,57,tai nguyen
TrainTicket,ts-train-service,socket,1,all,chi_latency,BARO,28,1,tai nguyen
TrainTicket,ts-train-service,socket,1,all,chi_latency,MEANSHIFT,28,1,tai nguyen
TrainTicket,ts-train-service,socket,1,all,chi_latency,KHONG-DOC,28,24,tai nguyen
TrainTicket,ts-train-service,socket,1,all,chi_workload,BARO,28,19,tai nguyen
TrainTicket,ts-train-service,socket,1,all,chi_workload,MEANSHIFT,28,13,tai nguyen
TrainTicket,ts-train-service,socket,1,all,chi_workload,KHONG-DOC,28,24,tai nguyen
TrainTicket,ts-train-service,socket,1,all,moi_cot,BARO,68,6,tai nguyen
TrainTicket,ts-train-service,socket,1,all,moi_cot,MEANSHIFT,68,1,tai nguyen
TrainTicket,ts-train-service,socket,1,all,moi_cot,KHONG-DOC,68,57,tai nguyen
TrainTicket,ts-train-service,socket,2,fault5,chi_cpu,BARO,5,1,tai nguyen
TrainTicket,ts-train-service,socket,2,fault5,chi_cpu,MEANSHIFT,5,1,tai nguyen
TrainTicket,ts-train-service,socket,2,fault5,chi_cpu,KHONG-DOC,5,4,tai nguyen
TrainTicket,ts-train-service,socket,2,fault5,chi_latency,BARO,5,1,tai nguyen
TrainTicket,ts-train-service,socket,2,fault5,chi_latency,MEANSHIFT,5,1,tai nguyen
TrainTicket,ts-train-service,socket,2,fault5,chi_latency,KHONG-DOC,5,4,tai nguyen
TrainTicket,ts-train-service,socket,2,fault5,chi_workload,BARO,5,3,tai nguyen
TrainTicket,ts-train-service,socket,2,fault5,chi_workload,MEANSHIFT,5,2,tai nguyen
TrainTicket,ts-train-service,socket,2,fault5,chi_workload,KHONG-DOC,5,4,tai nguyen
TrainTicket,ts-train-service,socket,2,fault5,moi_cot,BARO,5,1,tai nguyen
TrainTicket,ts-train-service,socket,2,fault5,moi_cot,MEANSHIFT,5,1,tai nguyen
TrainTicket,ts-train-service,socket,2,fault5,moi_cot,KHONG-DOC,5,4,tai nguyen
TrainTicket,ts-train-service,socket,2,app,chi_cpu,BARO,28,1,tai nguyen
TrainTicket,ts-train-service,socket,2,app,chi_cpu,MEANSHIFT,28,1,tai nguyen
TrainTicket,ts-train-service,socket,2,app,chi_cpu,KHONG-DOC,28,24,tai nguyen
TrainTicket,ts-train-service,socket,2,app,chi_latency,BARO,27,1,tai nguyen
TrainTicket,ts-train-service,socket,2,app,chi_latency,MEANSHIFT,28,2,tai nguyen
TrainTicket,ts-train-service,socket,2,app,chi_latency,KHONG-DOC,28,24,tai nguyen
TrainTicket,ts-train-service,socket,2,app,chi_workload,BARO,28,15,tai nguyen
TrainTicket,ts-train-service,socket,2,app,chi_workload,MEANSHIFT,28,5,tai nguyen
TrainTicket,ts-train-service,socket,2,app,chi_workload,KHONG-DOC,28,24,tai nguyen
TrainTicket,ts-train-service,socket,2,app,moi_cot,BARO,28,1,tai nguyen
TrainTicket,ts-train-service,socket,2,app,moi_cot,MEANSHIFT,28,2,tai nguyen
TrainTicket,ts-train-service,socket,2,app,moi_cot,KHONG-DOC,28,24,tai nguyen
TrainTicket,ts-train-service,socket,2,all,chi_cpu,BARO,68,1,tai nguyen
TrainTicket,ts-train-service,socket,2,all,chi_cpu,MEANSHIFT,68,1,tai nguyen
TrainTicket,ts-train-service,socket,2,all,chi_cpu,KHONG-DOC,68,57,tai nguyen
TrainTicket,ts-train-service,socket,2,all,chi_latency,BARO,27,1,tai nguyen
TrainTicket,ts-train-service,socket,2,all,chi_latency,MEANSHIFT,28,2,tai nguyen
TrainTicket,ts-train-service,socket,2,all,chi_latency,KHONG-DOC,28,24,tai nguyen
TrainTicket,ts-train-service,socket,2,all,chi_workload,BARO,28,15,tai nguyen
TrainTicket,ts-train-service,socket,2,all,chi_workload,MEANSHIFT,28,5,tai nguyen
TrainTicket,ts-train-service,socket,2,all,chi_workload,KHONG-DOC,28,24,tai nguyen
TrainTicket,ts-train-service,socket,2,all,moi_cot,BARO,68,3,tai nguyen
TrainTicket,ts-train-service,socket,2,all,moi_cot,MEANSHIFT,68,2,tai nguyen
TrainTicket,ts-train-service,socket,2,all,moi_cot,KHONG-DOC,68,57,tai nguyen
TrainTicket,ts-train-service,socket,3,fault5,chi_cpu,BARO,5,1,tai nguyen
TrainTicket,ts-train-service,socket,3,fault5,chi_cpu,MEANSHIFT,5,1,tai nguyen
TrainTicket,ts-train-service,socket,3,fault5,chi_cpu,KHONG-DOC,5,4,tai nguyen
TrainTicket,ts-train-service,socket,3,fault5,chi_latency,BARO,5,1,tai nguyen
TrainTicket,ts-train-service,socket,3,fault5,chi_latency,MEANSHIFT,5,1,tai nguyen
TrainTicket,ts-train-service,socket,3,fault5,chi_latency,KHONG-DOC,5,4,tai nguyen
TrainTicket,ts-train-service,socket,3,fault5,chi_workload,BARO,5,4,tai nguyen
TrainTicket,ts-train-service,socket,3,fault5,chi_workload,MEANSHIFT,5,4,tai nguyen
TrainTicket,ts-train-service,socket,3,fault5,chi_workload,KHONG-DOC,5,4,tai nguyen
TrainTicket,ts-train-service,socket,3,fault5,moi_cot,BARO,5,1,tai nguyen
TrainTicket,ts-train-service,socket,3,fault5,moi_cot,MEANSHIFT,5,1,tai nguyen
TrainTicket,ts-train-service,socket,3,fault5,moi_cot,KHONG-DOC,5,4,tai nguyen
TrainTicket,ts-train-service,socket,3,app,chi_cpu,BARO,28,5,tai nguyen
TrainTicket,ts-train-service,socket,3,app,chi_cpu,MEANSHIFT,28,1,tai nguyen
TrainTicket,ts-train-service,socket,3,app,chi_cpu,KHONG-DOC,28,24,tai nguyen
TrainTicket,ts-train-service,socket,3,app,chi_latency,BARO,28,2,tai nguyen
TrainTicket,ts-train-service,socket,3,app,chi_latency,MEANSHIFT,28,1,tai nguyen
TrainTicket,ts-train-service,socket,3,app,chi_latency,KHONG-DOC,28,24,tai nguyen
TrainTicket,ts-train-service,socket,3,app,chi_workload,BARO,28,23,tai nguyen
TrainTicket,ts-train-service,socket,3,app,chi_workload,MEANSHIFT,28,23,tai nguyen
TrainTicket,ts-train-service,socket,3,app,chi_workload,KHONG-DOC,28,24,tai nguyen
TrainTicket,ts-train-service,socket,3,app,moi_cot,BARO,28,3,tai nguyen
TrainTicket,ts-train-service,socket,3,app,moi_cot,MEANSHIFT,28,1,tai nguyen
TrainTicket,ts-train-service,socket,3,app,moi_cot,KHONG-DOC,28,24,tai nguyen
TrainTicket,ts-train-service,socket,3,all,chi_cpu,BARO,68,28,tai nguyen
TrainTicket,ts-train-service,socket,3,all,chi_cpu,MEANSHIFT,68,1,tai nguyen
TrainTicket,ts-train-service,socket,3,all,chi_cpu,KHONG-DOC,68,57,tai nguyen
TrainTicket,ts-train-service,socket,3,all,chi_latency,BARO,28,2,tai nguyen
TrainTicket,ts-train-service,socket,3,all,chi_latency,MEANSHIFT,28,1,tai nguyen
TrainTicket,ts-train-service,socket,3,all,chi_latency,KHONG-DOC,28,24,tai nguyen
TrainTicket,ts-train-service,socket,3,all,chi_workload,BARO,28,23,tai nguyen
TrainTicket,ts-train-service,socket,3,all,chi_workload,MEANSHIFT,28,23,tai nguyen
TrainTicket,ts-train-service,socket,3,all,chi_workload,KHONG-DOC,28,24,tai nguyen
TrainTicket,ts-train-service,socket,3,all,moi_cot,BARO,68,4,tai nguyen
TrainTicket,ts-train-service,socket,3,all,moi_cot,MEANSHIFT,68,3,tai nguyen
TrainTicket,ts-train-service,socket,3,all,moi_cot,KHONG-DOC,68,57,tai nguyen
TrainTicket,ts-travel-service,cpu,1,fault5,chi_cpu,BARO,5,1,tai nguyen
TrainTicket,ts-travel-service,cpu,1,fault5,chi_cpu,MEANSHIFT,5,1,tai nguyen
TrainTicket,ts-travel-service,cpu,1,fault5,chi_cpu,KHONG-DOC,5,5,tai nguyen
TrainTicket,ts-travel-service,cpu,1,fault5,chi_latency,BARO,5,1,tai nguyen
TrainTicket,ts-travel-service,cpu,1,fault5,chi_latency,MEANSHIFT,5,1,tai nguyen
TrainTicket,ts-travel-service,cpu,1,fault5,chi_latency,KHONG-DOC,5,5,tai nguyen
TrainTicket,ts-travel-service,cpu,1,fault5,chi_workload,BARO,5,4,tai nguyen
TrainTicket,ts-travel-service,cpu,1,fault5,chi_workload,MEANSHIFT,5,1,tai nguyen
TrainTicket,ts-travel-service,cpu,1,fault5,chi_workload,KHONG-DOC,5,5,tai nguyen
TrainTicket,ts-travel-service,cpu,1,fault5,moi_cot,BARO,5,1,tai nguyen
TrainTicket,ts-travel-service,cpu,1,fault5,moi_cot,MEANSHIFT,5,1,tai nguyen
TrainTicket,ts-travel-service,cpu,1,fault5,moi_cot,KHONG-DOC,5,5,tai nguyen
TrainTicket,ts-travel-service,cpu,1,app,chi_cpu,BARO,28,1,tai nguyen
TrainTicket,ts-travel-service,cpu,1,app,chi_cpu,MEANSHIFT,28,1,tai nguyen
TrainTicket,ts-travel-service,cpu,1,app,chi_cpu,KHONG-DOC,28,25,tai nguyen
TrainTicket,ts-travel-service,cpu,1,app,chi_latency,BARO,28,1,tai nguyen
TrainTicket,ts-travel-service,cpu,1,app,chi_latency,MEANSHIFT,28,1,tai nguyen
TrainTicket,ts-travel-service,cpu,1,app,chi_latency,KHONG-DOC,28,25,tai nguyen
TrainTicket,ts-travel-service,cpu,1,app,chi_workload,BARO,28,19,tai nguyen
TrainTicket,ts-travel-service,cpu,1,app,chi_workload,MEANSHIFT,28,12,tai nguyen
TrainTicket,ts-travel-service,cpu,1,app,chi_workload,KHONG-DOC,28,25,tai nguyen
TrainTicket,ts-travel-service,cpu,1,app,moi_cot,BARO,28,1,tai nguyen
TrainTicket,ts-travel-service,cpu,1,app,moi_cot,MEANSHIFT,28,1,tai nguyen
TrainTicket,ts-travel-service,cpu,1,app,moi_cot,KHONG-DOC,28,25,tai nguyen
TrainTicket,ts-travel-service,cpu,1,all,chi_cpu,BARO,68,7,tai nguyen
TrainTicket,ts-travel-service,cpu,1,all,chi_cpu,MEANSHIFT,68,1,tai nguyen
TrainTicket,ts-travel-service,cpu,1,all,chi_cpu,KHONG-DOC,68,60,tai nguyen
TrainTicket,ts-travel-service,cpu,1,all,chi_latency,BARO,28,1,tai nguyen
TrainTicket,ts-travel-service,cpu,1,all,chi_latency,MEANSHIFT,28,1,tai nguyen
TrainTicket,ts-travel-service,cpu,1,all,chi_latency,KHONG-DOC,28,25,tai nguyen
TrainTicket,ts-travel-service,cpu,1,all,chi_workload,BARO,28,19,tai nguyen
TrainTicket,ts-travel-service,cpu,1,all,chi_workload,MEANSHIFT,28,12,tai nguyen
TrainTicket,ts-travel-service,cpu,1,all,chi_workload,KHONG-DOC,28,25,tai nguyen
TrainTicket,ts-travel-service,cpu,1,all,moi_cot,BARO,68,1,tai nguyen
TrainTicket,ts-travel-service,cpu,1,all,moi_cot,MEANSHIFT,68,5,tai nguyen
TrainTicket,ts-travel-service,cpu,1,all,moi_cot,KHONG-DOC,69,61,tai nguyen
TrainTicket,ts-travel-service,cpu,2,fault5,chi_cpu,BARO,5,1,tai nguyen
TrainTicket,ts-travel-service,cpu,2,fault5,chi_cpu,MEANSHIFT,5,1,tai nguyen
TrainTicket,ts-travel-service,cpu,2,fault5,chi_cpu,KHONG-DOC,5,5,tai nguyen
TrainTicket,ts-travel-service,cpu,2,fault5,chi_latency,BARO,5,1,tai nguyen
TrainTicket,ts-travel-service,cpu,2,fault5,chi_latency,MEANSHIFT,5,1,tai nguyen
TrainTicket,ts-travel-service,cpu,2,fault5,chi_latency,KHONG-DOC,5,5,tai nguyen
TrainTicket,ts-travel-service,cpu,2,fault5,chi_workload,BARO,5,1,tai nguyen
TrainTicket,ts-travel-service,cpu,2,fault5,chi_workload,MEANSHIFT,5,2,tai nguyen
TrainTicket,ts-travel-service,cpu,2,fault5,chi_workload,KHONG-DOC,5,5,tai nguyen
TrainTicket,ts-travel-service,cpu,2,fault5,moi_cot,BARO,5,2,tai nguyen
TrainTicket,ts-travel-service,cpu,2,fault5,moi_cot,MEANSHIFT,5,1,tai nguyen
TrainTicket,ts-travel-service,cpu,2,fault5,moi_cot,KHONG-DOC,5,5,tai nguyen
TrainTicket,ts-travel-service,cpu,2,app,chi_cpu,BARO,28,1,tai nguyen
TrainTicket,ts-travel-service,cpu,2,app,chi_cpu,MEANSHIFT,28,1,tai nguyen
TrainTicket,ts-travel-service,cpu,2,app,chi_cpu,KHONG-DOC,28,25,tai nguyen
TrainTicket,ts-travel-service,cpu,2,app,chi_latency,BARO,27,1,tai nguyen
TrainTicket,ts-travel-service,cpu,2,app,chi_latency,MEANSHIFT,28,2,tai nguyen
TrainTicket,ts-travel-service,cpu,2,app,chi_latency,KHONG-DOC,28,25,tai nguyen
TrainTicket,ts-travel-service,cpu,2,app,chi_workload,BARO,28,7,tai nguyen
TrainTicket,ts-travel-service,cpu,2,app,chi_workload,MEANSHIFT,28,13,tai nguyen
TrainTicket,ts-travel-service,cpu,2,app,chi_workload,KHONG-DOC,28,25,tai nguyen
TrainTicket,ts-travel-service,cpu,2,app,moi_cot,BARO,28,2,tai nguyen
TrainTicket,ts-travel-service,cpu,2,app,moi_cot,MEANSHIFT,28,2,tai nguyen
TrainTicket,ts-travel-service,cpu,2,app,moi_cot,KHONG-DOC,28,25,tai nguyen
TrainTicket,ts-travel-service,cpu,2,all,chi_cpu,BARO,68,1,tai nguyen
TrainTicket,ts-travel-service,cpu,2,all,chi_cpu,MEANSHIFT,68,1,tai nguyen
TrainTicket,ts-travel-service,cpu,2,all,chi_cpu,KHONG-DOC,68,60,tai nguyen
TrainTicket,ts-travel-service,cpu,2,all,chi_latency,BARO,27,1,tai nguyen
TrainTicket,ts-travel-service,cpu,2,all,chi_latency,MEANSHIFT,28,2,tai nguyen
TrainTicket,ts-travel-service,cpu,2,all,chi_latency,KHONG-DOC,28,25,tai nguyen
TrainTicket,ts-travel-service,cpu,2,all,chi_workload,BARO,28,7,tai nguyen
TrainTicket,ts-travel-service,cpu,2,all,chi_workload,MEANSHIFT,28,13,tai nguyen
TrainTicket,ts-travel-service,cpu,2,all,chi_workload,KHONG-DOC,28,25,tai nguyen
TrainTicket,ts-travel-service,cpu,2,all,moi_cot,BARO,68,3,tai nguyen
TrainTicket,ts-travel-service,cpu,2,all,moi_cot,MEANSHIFT,68,2,tai nguyen
TrainTicket,ts-travel-service,cpu,2,all,moi_cot,KHONG-DOC,68,60,tai nguyen
TrainTicket,ts-travel-service,cpu,3,fault5,chi_cpu,BARO,5,1,tai nguyen
TrainTicket,ts-travel-service,cpu,3,fault5,chi_cpu,MEANSHIFT,5,1,tai nguyen
TrainTicket,ts-travel-service,cpu,3,fault5,chi_cpu,KHONG-DOC,5,5,tai nguyen
TrainTicket,ts-travel-service,cpu,3,fault5,chi_latency,BARO,5,1,tai nguyen
TrainTicket,ts-travel-service,cpu,3,fault5,chi_latency,MEANSHIFT,5,1,tai nguyen
TrainTicket,ts-travel-service,cpu,3,fault5,chi_latency,KHONG-DOC,5,5,tai nguyen
TrainTicket,ts-travel-service,cpu,3,fault5,chi_workload,BARO,5,1,tai nguyen
TrainTicket,ts-travel-service,cpu,3,fault5,chi_workload,MEANSHIFT,5,3,tai nguyen
TrainTicket,ts-travel-service,cpu,3,fault5,chi_workload,KHONG-DOC,5,5,tai nguyen
TrainTicket,ts-travel-service,cpu,3,fault5,moi_cot,BARO,5,1,tai nguyen
TrainTicket,ts-travel-service,cpu,3,fault5,moi_cot,MEANSHIFT,5,1,tai nguyen
TrainTicket,ts-travel-service,cpu,3,fault5,moi_cot,KHONG-DOC,5,5,tai nguyen
TrainTicket,ts-travel-service,cpu,3,app,chi_cpu,BARO,28,1,tai nguyen
TrainTicket,ts-travel-service,cpu,3,app,chi_cpu,MEANSHIFT,28,1,tai nguyen
TrainTicket,ts-travel-service,cpu,3,app,chi_cpu,KHONG-DOC,28,25,tai nguyen
TrainTicket,ts-travel-service,cpu,3,app,chi_latency,BARO,27,3,tai nguyen
TrainTicket,ts-travel-service,cpu,3,app,chi_latency,MEANSHIFT,28,4,tai nguyen
TrainTicket,ts-travel-service,cpu,3,app,chi_latency,KHONG-DOC,28,25,tai nguyen
TrainTicket,ts-travel-service,cpu,3,app,chi_workload,BARO,28,3,tai nguyen
TrainTicket,ts-travel-service,cpu,3,app,chi_workload,MEANSHIFT,28,10,tai nguyen
TrainTicket,ts-travel-service,cpu,3,app,chi_workload,KHONG-DOC,28,25,tai nguyen
TrainTicket,ts-travel-service,cpu,3,app,moi_cot,BARO,28,2,tai nguyen
TrainTicket,ts-travel-service,cpu,3,app,moi_cot,MEANSHIFT,28,2,tai nguyen
TrainTicket,ts-travel-service,cpu,3,app,moi_cot,KHONG-DOC,28,25,tai nguyen
TrainTicket,ts-travel-service,cpu,3,all,chi_cpu,BARO,68,1,tai nguyen
TrainTicket,ts-travel-service,cpu,3,all,chi_cpu,MEANSHIFT,68,1,tai nguyen
TrainTicket,ts-travel-service,cpu,3,all,chi_cpu,KHONG-DOC,68,60,tai nguyen
TrainTicket,ts-travel-service,cpu,3,all,chi_latency,BARO,27,3,tai nguyen
TrainTicket,ts-travel-service,cpu,3,all,chi_latency,MEANSHIFT,28,4,tai nguyen
TrainTicket,ts-travel-service,cpu,3,all,chi_latency,KHONG-DOC,28,25,tai nguyen
TrainTicket,ts-travel-service,cpu,3,all,chi_workload,BARO,28,3,tai nguyen
TrainTicket,ts-travel-service,cpu,3,all,chi_workload,MEANSHIFT,28,10,tai nguyen
TrainTicket,ts-travel-service,cpu,3,all,chi_workload,KHONG-DOC,28,25,tai nguyen
TrainTicket,ts-travel-service,cpu,3,all,moi_cot,BARO,68,2,tai nguyen
TrainTicket,ts-travel-service,cpu,3,all,moi_cot,MEANSHIFT,68,2,tai nguyen
TrainTicket,ts-travel-service,cpu,3,all,moi_cot,KHONG-DOC,68,60,tai nguyen
TrainTicket,ts-travel-service,delay,1,fault5,chi_cpu,BARO,5,1,mang
TrainTicket,ts-travel-service,delay,1,fault5,chi_cpu,MEANSHIFT,5,5,mang
TrainTicket,ts-travel-service,delay,1,fault5,chi_cpu,KHONG-DOC,5,5,mang
TrainTicket,ts-travel-service,delay,1,fault5,chi_latency,BARO,5,1,mang
TrainTicket,ts-travel-service,delay,1,fault5,chi_latency,MEANSHIFT,5,1,mang
TrainTicket,ts-travel-service,delay,1,fault5,chi_latency,KHONG-DOC,5,5,mang
TrainTicket,ts-travel-service,delay,1,fault5,chi_workload,BARO,5,5,mang
TrainTicket,ts-travel-service,delay,1,fault5,chi_workload,MEANSHIFT,5,4,mang
TrainTicket,ts-travel-service,delay,1,fault5,chi_workload,KHONG-DOC,5,5,mang
TrainTicket,ts-travel-service,delay,1,fault5,moi_cot,BARO,5,4,mang
TrainTicket,ts-travel-service,delay,1,fault5,moi_cot,MEANSHIFT,5,3,mang
TrainTicket,ts-travel-service,delay,1,fault5,moi_cot,KHONG-DOC,5,5,mang
TrainTicket,ts-travel-service,delay,1,app,chi_cpu,BARO,28,10,mang
TrainTicket,ts-travel-service,delay,1,app,chi_cpu,MEANSHIFT,28,27,mang
TrainTicket,ts-travel-service,delay,1,app,chi_cpu,KHONG-DOC,28,25,mang
TrainTicket,ts-travel-service,delay,1,app,chi_latency,BARO,28,2,mang
TrainTicket,ts-travel-service,delay,1,app,chi_latency,MEANSHIFT,28,2,mang
TrainTicket,ts-travel-service,delay,1,app,chi_latency,KHONG-DOC,28,25,mang
TrainTicket,ts-travel-service,delay,1,app,chi_workload,BARO,28,20,mang
TrainTicket,ts-travel-service,delay,1,app,chi_workload,MEANSHIFT,28,15,mang
TrainTicket,ts-travel-service,delay,1,app,chi_workload,KHONG-DOC,28,25,mang
TrainTicket,ts-travel-service,delay,1,app,moi_cot,BARO,28,5,mang
TrainTicket,ts-travel-service,delay,1,app,moi_cot,MEANSHIFT,28,4,mang
TrainTicket,ts-travel-service,delay,1,app,moi_cot,KHONG-DOC,28,25,mang
TrainTicket,ts-travel-service,delay,1,all,chi_cpu,BARO,68,43,mang
TrainTicket,ts-travel-service,delay,1,all,chi_cpu,MEANSHIFT,68,59,mang
TrainTicket,ts-travel-service,delay,1,all,chi_cpu,KHONG-DOC,68,60,mang
TrainTicket,ts-travel-service,delay,1,all,chi_latency,BARO,28,2,mang
TrainTicket,ts-travel-service,delay,1,all,chi_latency,MEANSHIFT,28,2,mang
TrainTicket,ts-travel-service,delay,1,all,chi_latency,KHONG-DOC,28,25,mang
TrainTicket,ts-travel-service,delay,1,all,chi_workload,BARO,28,20,mang
TrainTicket,ts-travel-service,delay,1,all,chi_workload,MEANSHIFT,28,15,mang
TrainTicket,ts-travel-service,delay,1,all,chi_workload,KHONG-DOC,28,25,mang
TrainTicket,ts-travel-service,delay,1,all,moi_cot,BARO,68,10,mang
TrainTicket,ts-travel-service,delay,1,all,moi_cot,MEANSHIFT,68,4,mang
TrainTicket,ts-travel-service,delay,1,all,moi_cot,KHONG-DOC,68,60,mang
TrainTicket,ts-travel-service,delay,2,fault5,chi_cpu,BARO,5,2,mang
TrainTicket,ts-travel-service,delay,2,fault5,chi_cpu,MEANSHIFT,5,5,mang
TrainTicket,ts-travel-service,delay,2,fault5,chi_cpu,KHONG-DOC,5,5,mang
TrainTicket,ts-travel-service,delay,2,fault5,chi_latency,BARO,5,1,mang
TrainTicket,ts-travel-service,delay,2,fault5,chi_latency,MEANSHIFT,5,1,mang
TrainTicket,ts-travel-service,delay,2,fault5,chi_latency,KHONG-DOC,5,5,mang
TrainTicket,ts-travel-service,delay,2,fault5,chi_workload,BARO,5,4,mang
TrainTicket,ts-travel-service,delay,2,fault5,chi_workload,MEANSHIFT,5,5,mang
TrainTicket,ts-travel-service,delay,2,fault5,chi_workload,KHONG-DOC,5,5,mang
TrainTicket,ts-travel-service,delay,2,fault5,moi_cot,BARO,5,1,mang
TrainTicket,ts-travel-service,delay,2,fault5,moi_cot,MEANSHIFT,5,1,mang
TrainTicket,ts-travel-service,delay,2,fault5,moi_cot,KHONG-DOC,5,5,mang
TrainTicket,ts-travel-service,delay,2,app,chi_cpu,BARO,28,2,mang
TrainTicket,ts-travel-service,delay,2,app,chi_cpu,MEANSHIFT,28,24,mang
TrainTicket,ts-travel-service,delay,2,app,chi_cpu,KHONG-DOC,28,25,mang
TrainTicket,ts-travel-service,delay,2,app,chi_latency,BARO,27,1,mang
TrainTicket,ts-travel-service,delay,2,app,chi_latency,MEANSHIFT,28,2,mang
TrainTicket,ts-travel-service,delay,2,app,chi_latency,KHONG-DOC,28,25,mang
TrainTicket,ts-travel-service,delay,2,app,chi_workload,BARO,28,23,mang
TrainTicket,ts-travel-service,delay,2,app,chi_workload,MEANSHIFT,28,23,mang
TrainTicket,ts-travel-service,delay,2,app,chi_workload,KHONG-DOC,28,25,mang
TrainTicket,ts-travel-service,delay,2,app,moi_cot,BARO,28,1,mang
TrainTicket,ts-travel-service,delay,2,app,moi_cot,MEANSHIFT,28,2,mang
TrainTicket,ts-travel-service,delay,2,app,moi_cot,KHONG-DOC,28,25,mang
TrainTicket,ts-travel-service,delay,2,all,chi_cpu,BARO,68,3,mang
TrainTicket,ts-travel-service,delay,2,all,chi_cpu,MEANSHIFT,68,37,mang
TrainTicket,ts-travel-service,delay,2,all,chi_cpu,KHONG-DOC,68,60,mang
TrainTicket,ts-travel-service,delay,2,all,chi_latency,BARO,27,1,mang
TrainTicket,ts-travel-service,delay,2,all,chi_latency,MEANSHIFT,28,2,mang
TrainTicket,ts-travel-service,delay,2,all,chi_latency,KHONG-DOC,28,25,mang
TrainTicket,ts-travel-service,delay,2,all,chi_workload,BARO,28,23,mang
TrainTicket,ts-travel-service,delay,2,all,chi_workload,MEANSHIFT,28,23,mang
TrainTicket,ts-travel-service,delay,2,all,chi_workload,KHONG-DOC,28,25,mang
TrainTicket,ts-travel-service,delay,2,all,moi_cot,BARO,68,1,mang
TrainTicket,ts-travel-service,delay,2,all,moi_cot,MEANSHIFT,68,2,mang
TrainTicket,ts-travel-service,delay,2,all,moi_cot,KHONG-DOC,68,60,mang
TrainTicket,ts-travel-service,delay,3,fault5,chi_cpu,BARO,5,5,mang
TrainTicket,ts-travel-service,delay,3,fault5,chi_cpu,MEANSHIFT,5,5,mang
TrainTicket,ts-travel-service,delay,3,fault5,chi_cpu,KHONG-DOC,5,5,mang
TrainTicket,ts-travel-service,delay,3,fault5,chi_latency,BARO,5,1,mang
TrainTicket,ts-travel-service,delay,3,fault5,chi_latency,MEANSHIFT,5,1,mang
TrainTicket,ts-travel-service,delay,3,fault5,chi_latency,KHONG-DOC,5,5,mang
TrainTicket,ts-travel-service,delay,3,fault5,chi_workload,BARO,5,4,mang
TrainTicket,ts-travel-service,delay,3,fault5,chi_workload,MEANSHIFT,5,4,mang
TrainTicket,ts-travel-service,delay,3,fault5,chi_workload,KHONG-DOC,5,5,mang
TrainTicket,ts-travel-service,delay,3,fault5,moi_cot,BARO,5,1,mang
TrainTicket,ts-travel-service,delay,3,fault5,moi_cot,MEANSHIFT,5,1,mang
TrainTicket,ts-travel-service,delay,3,fault5,moi_cot,KHONG-DOC,5,5,mang
TrainTicket,ts-travel-service,delay,3,app,chi_cpu,BARO,28,28,mang
TrainTicket,ts-travel-service,delay,3,app,chi_cpu,MEANSHIFT,28,13,mang
TrainTicket,ts-travel-service,delay,3,app,chi_cpu,KHONG-DOC,28,25,mang
TrainTicket,ts-travel-service,delay,3,app,chi_latency,BARO,28,1,mang
TrainTicket,ts-travel-service,delay,3,app,chi_latency,MEANSHIFT,28,1,mang
TrainTicket,ts-travel-service,delay,3,app,chi_latency,KHONG-DOC,28,25,mang
TrainTicket,ts-travel-service,delay,3,app,chi_workload,BARO,28,24,mang
TrainTicket,ts-travel-service,delay,3,app,chi_workload,MEANSHIFT,28,17,mang
TrainTicket,ts-travel-service,delay,3,app,chi_workload,KHONG-DOC,28,25,mang
TrainTicket,ts-travel-service,delay,3,app,moi_cot,BARO,28,1,mang
TrainTicket,ts-travel-service,delay,3,app,moi_cot,MEANSHIFT,28,1,mang
TrainTicket,ts-travel-service,delay,3,app,moi_cot,KHONG-DOC,28,25,mang
TrainTicket,ts-travel-service,delay,3,all,chi_cpu,BARO,68,68,mang
TrainTicket,ts-travel-service,delay,3,all,chi_cpu,MEANSHIFT,68,17,mang
TrainTicket,ts-travel-service,delay,3,all,chi_cpu,KHONG-DOC,68,60,mang
TrainTicket,ts-travel-service,delay,3,all,chi_latency,BARO,28,1,mang
TrainTicket,ts-travel-service,delay,3,all,chi_latency,MEANSHIFT,28,1,mang
TrainTicket,ts-travel-service,delay,3,all,chi_latency,KHONG-DOC,28,25,mang
TrainTicket,ts-travel-service,delay,3,all,chi_workload,BARO,28,24,mang
TrainTicket,ts-travel-service,delay,3,all,chi_workload,MEANSHIFT,28,17,mang
TrainTicket,ts-travel-service,delay,3,all,chi_workload,KHONG-DOC,28,25,mang
TrainTicket,ts-travel-service,delay,3,all,moi_cot,BARO,68,1,mang
TrainTicket,ts-travel-service,delay,3,all,moi_cot,MEANSHIFT,68,1,mang
TrainTicket,ts-travel-service,delay,3,all,moi_cot,KHONG-DOC,68,60,mang
TrainTicket,ts-travel-service,disk,1,fault5,chi_cpu,BARO,5,3,tai nguyen
TrainTicket,ts-travel-service,disk,1,fault5,chi_cpu,MEANSHIFT,5,1,tai nguyen
TrainTicket,ts-travel-service,disk,1,fault5,chi_cpu,KHONG-DOC,5,5,tai nguyen
TrainTicket,ts-travel-service,disk,1,fault5,chi_latency,BARO,5,1,tai nguyen
TrainTicket,ts-travel-service,disk,1,fault5,chi_latency,MEANSHIFT,5,5,tai nguyen
TrainTicket,ts-travel-service,disk,1,fault5,chi_latency,KHONG-DOC,5,5,tai nguyen
TrainTicket,ts-travel-service,disk,1,fault5,chi_workload,BARO,5,3,tai nguyen
TrainTicket,ts-travel-service,disk,1,fault5,chi_workload,MEANSHIFT,5,3,tai nguyen
TrainTicket,ts-travel-service,disk,1,fault5,chi_workload,KHONG-DOC,5,5,tai nguyen
TrainTicket,ts-travel-service,disk,1,fault5,moi_cot,BARO,5,1,tai nguyen
TrainTicket,ts-travel-service,disk,1,fault5,moi_cot,MEANSHIFT,5,1,tai nguyen
TrainTicket,ts-travel-service,disk,1,fault5,moi_cot,KHONG-DOC,5,5,tai nguyen
TrainTicket,ts-travel-service,disk,1,app,chi_cpu,BARO,28,16,tai nguyen
TrainTicket,ts-travel-service,disk,1,app,chi_cpu,MEANSHIFT,28,2,tai nguyen
TrainTicket,ts-travel-service,disk,1,app,chi_cpu,KHONG-DOC,28,25,tai nguyen
TrainTicket,ts-travel-service,disk,1,app,chi_latency,BARO,28,1,tai nguyen
TrainTicket,ts-travel-service,disk,1,app,chi_latency,MEANSHIFT,28,26,tai nguyen
TrainTicket,ts-travel-service,disk,1,app,chi_latency,KHONG-DOC,28,25,tai nguyen
TrainTicket,ts-travel-service,disk,1,app,chi_workload,BARO,28,21,tai nguyen
TrainTicket,ts-travel-service,disk,1,app,chi_workload,MEANSHIFT,28,9,tai nguyen
TrainTicket,ts-travel-service,disk,1,app,chi_workload,KHONG-DOC,28,25,tai nguyen
TrainTicket,ts-travel-service,disk,1,app,moi_cot,BARO,28,1,tai nguyen
TrainTicket,ts-travel-service,disk,1,app,moi_cot,MEANSHIFT,28,1,tai nguyen
TrainTicket,ts-travel-service,disk,1,app,moi_cot,KHONG-DOC,28,25,tai nguyen
TrainTicket,ts-travel-service,disk,1,all,chi_cpu,BARO,68,52,tai nguyen
TrainTicket,ts-travel-service,disk,1,all,chi_cpu,MEANSHIFT,68,2,tai nguyen
TrainTicket,ts-travel-service,disk,1,all,chi_cpu,KHONG-DOC,68,60,tai nguyen
TrainTicket,ts-travel-service,disk,1,all,chi_latency,BARO,28,1,tai nguyen
TrainTicket,ts-travel-service,disk,1,all,chi_latency,MEANSHIFT,28,26,tai nguyen
TrainTicket,ts-travel-service,disk,1,all,chi_latency,KHONG-DOC,28,25,tai nguyen
TrainTicket,ts-travel-service,disk,1,all,chi_workload,BARO,28,21,tai nguyen
TrainTicket,ts-travel-service,disk,1,all,chi_workload,MEANSHIFT,28,9,tai nguyen
TrainTicket,ts-travel-service,disk,1,all,chi_workload,KHONG-DOC,28,25,tai nguyen
TrainTicket,ts-travel-service,disk,1,all,moi_cot,BARO,68,1,tai nguyen
TrainTicket,ts-travel-service,disk,1,all,moi_cot,MEANSHIFT,68,1,tai nguyen
TrainTicket,ts-travel-service,disk,1,all,moi_cot,KHONG-DOC,68,60,tai nguyen
TrainTicket,ts-travel-service,disk,2,fault5,chi_cpu,BARO,5,2,tai nguyen
TrainTicket,ts-travel-service,disk,2,fault5,chi_cpu,MEANSHIFT,5,1,tai nguyen
TrainTicket,ts-travel-service,disk,2,fault5,chi_cpu,KHONG-DOC,5,5,tai nguyen
TrainTicket,ts-travel-service,disk,2,fault5,chi_latency,BARO,5,2,tai nguyen
TrainTicket,ts-travel-service,disk,2,fault5,chi_latency,MEANSHIFT,5,4,tai nguyen
TrainTicket,ts-travel-service,disk,2,fault5,chi_latency,KHONG-DOC,5,5,tai nguyen
TrainTicket,ts-travel-service,disk,2,fault5,chi_workload,BARO,5,5,tai nguyen
TrainTicket,ts-travel-service,disk,2,fault5,chi_workload,MEANSHIFT,5,4,tai nguyen
TrainTicket,ts-travel-service,disk,2,fault5,chi_workload,KHONG-DOC,5,5,tai nguyen
TrainTicket,ts-travel-service,disk,2,fault5,moi_cot,BARO,5,1,tai nguyen
TrainTicket,ts-travel-service,disk,2,fault5,moi_cot,MEANSHIFT,5,1,tai nguyen
TrainTicket,ts-travel-service,disk,2,fault5,moi_cot,KHONG-DOC,5,5,tai nguyen
TrainTicket,ts-travel-service,disk,2,app,chi_cpu,BARO,28,10,tai nguyen
TrainTicket,ts-travel-service,disk,2,app,chi_cpu,MEANSHIFT,28,1,tai nguyen
TrainTicket,ts-travel-service,disk,2,app,chi_cpu,KHONG-DOC,28,25,tai nguyen
TrainTicket,ts-travel-service,disk,2,app,chi_latency,BARO,21,5,tai nguyen
TrainTicket,ts-travel-service,disk,2,app,chi_latency,MEANSHIFT,21,18,tai nguyen
TrainTicket,ts-travel-service,disk,2,app,chi_latency,KHONG-DOC,28,25,tai nguyen
TrainTicket,ts-travel-service,disk,2,app,chi_workload,BARO,22,20,tai nguyen
TrainTicket,ts-travel-service,disk,2,app,chi_workload,MEANSHIFT,22,14,tai nguyen
TrainTicket,ts-travel-service,disk,2,app,chi_workload,KHONG-DOC,28,25,tai nguyen
TrainTicket,ts-travel-service,disk,2,app,moi_cot,BARO,28,1,tai nguyen
TrainTicket,ts-travel-service,disk,2,app,moi_cot,MEANSHIFT,28,1,tai nguyen
TrainTicket,ts-travel-service,disk,2,app,moi_cot,KHONG-DOC,28,25,tai nguyen
TrainTicket,ts-travel-service,disk,2,all,chi_cpu,BARO,68,30,tai nguyen
TrainTicket,ts-travel-service,disk,2,all,chi_cpu,MEANSHIFT,68,1,tai nguyen
TrainTicket,ts-travel-service,disk,2,all,chi_cpu,KHONG-DOC,68,60,tai nguyen
TrainTicket,ts-travel-service,disk,2,all,chi_latency,BARO,21,5,tai nguyen
TrainTicket,ts-travel-service,disk,2,all,chi_latency,MEANSHIFT,21,18,tai nguyen
TrainTicket,ts-travel-service,disk,2,all,chi_latency,KHONG-DOC,28,25,tai nguyen
TrainTicket,ts-travel-service,disk,2,all,chi_workload,BARO,22,20,tai nguyen
TrainTicket,ts-travel-service,disk,2,all,chi_workload,MEANSHIFT,22,14,tai nguyen
TrainTicket,ts-travel-service,disk,2,all,chi_workload,KHONG-DOC,28,25,tai nguyen
TrainTicket,ts-travel-service,disk,2,all,moi_cot,BARO,68,1,tai nguyen
TrainTicket,ts-travel-service,disk,2,all,moi_cot,MEANSHIFT,68,1,tai nguyen
TrainTicket,ts-travel-service,disk,2,all,moi_cot,KHONG-DOC,68,60,tai nguyen
TrainTicket,ts-travel-service,disk,3,fault5,chi_cpu,BARO,5,1,tai nguyen
TrainTicket,ts-travel-service,disk,3,fault5,chi_cpu,MEANSHIFT,5,1,tai nguyen
TrainTicket,ts-travel-service,disk,3,fault5,chi_cpu,KHONG-DOC,5,5,tai nguyen
TrainTicket,ts-travel-service,disk,3,fault5,chi_latency,BARO,5,1,tai nguyen
TrainTicket,ts-travel-service,disk,3,fault5,chi_latency,MEANSHIFT,5,1,tai nguyen
TrainTicket,ts-travel-service,disk,3,fault5,chi_latency,KHONG-DOC,5,5,tai nguyen
TrainTicket,ts-travel-service,disk,3,fault5,chi_workload,BARO,5,1,tai nguyen
TrainTicket,ts-travel-service,disk,3,fault5,chi_workload,MEANSHIFT,5,1,tai nguyen
TrainTicket,ts-travel-service,disk,3,fault5,chi_workload,KHONG-DOC,5,5,tai nguyen
TrainTicket,ts-travel-service,disk,3,fault5,moi_cot,BARO,5,1,tai nguyen
TrainTicket,ts-travel-service,disk,3,fault5,moi_cot,MEANSHIFT,5,1,tai nguyen
TrainTicket,ts-travel-service,disk,3,fault5,moi_cot,KHONG-DOC,5,5,tai nguyen
TrainTicket,ts-travel-service,disk,3,app,chi_cpu,BARO,28,1,tai nguyen
TrainTicket,ts-travel-service,disk,3,app,chi_cpu,MEANSHIFT,28,1,tai nguyen
TrainTicket,ts-travel-service,disk,3,app,chi_cpu,KHONG-DOC,28,25,tai nguyen
TrainTicket,ts-travel-service,disk,3,app,chi_latency,BARO,20,4,tai nguyen
TrainTicket,ts-travel-service,disk,3,app,chi_latency,MEANSHIFT,21,4,tai nguyen
TrainTicket,ts-travel-service,disk,3,app,chi_latency,KHONG-DOC,28,25,tai nguyen
TrainTicket,ts-travel-service,disk,3,app,chi_workload,BARO,21,5,tai nguyen
TrainTicket,ts-travel-service,disk,3,app,chi_workload,MEANSHIFT,21,7,tai nguyen
TrainTicket,ts-travel-service,disk,3,app,chi_workload,KHONG-DOC,28,25,tai nguyen
TrainTicket,ts-travel-service,disk,3,app,moi_cot,BARO,28,1,tai nguyen
TrainTicket,ts-travel-service,disk,3,app,moi_cot,MEANSHIFT,28,2,tai nguyen
TrainTicket,ts-travel-service,disk,3,app,moi_cot,KHONG-DOC,28,25,tai nguyen
TrainTicket,ts-travel-service,disk,3,all,chi_cpu,BARO,68,1,tai nguyen
TrainTicket,ts-travel-service,disk,3,all,chi_cpu,MEANSHIFT,68,1,tai nguyen
TrainTicket,ts-travel-service,disk,3,all,chi_cpu,KHONG-DOC,68,60,tai nguyen
TrainTicket,ts-travel-service,disk,3,all,chi_latency,BARO,20,4,tai nguyen
TrainTicket,ts-travel-service,disk,3,all,chi_latency,MEANSHIFT,21,4,tai nguyen
TrainTicket,ts-travel-service,disk,3,all,chi_latency,KHONG-DOC,28,25,tai nguyen
TrainTicket,ts-travel-service,disk,3,all,chi_workload,BARO,21,5,tai nguyen
TrainTicket,ts-travel-service,disk,3,all,chi_workload,MEANSHIFT,21,7,tai nguyen
TrainTicket,ts-travel-service,disk,3,all,chi_workload,KHONG-DOC,28,25,tai nguyen
TrainTicket,ts-travel-service,disk,3,all,moi_cot,BARO,68,1,tai nguyen
TrainTicket,ts-travel-service,disk,3,all,moi_cot,MEANSHIFT,68,2,tai nguyen
TrainTicket,ts-travel-service,disk,3,all,moi_cot,KHONG-DOC,68,60,tai nguyen
TrainTicket,ts-travel-service,loss,1,fault5,chi_cpu,BARO,5,1,mang
TrainTicket,ts-travel-service,loss,1,fault5,chi_cpu,MEANSHIFT,5,1,mang
TrainTicket,ts-travel-service,loss,1,fault5,chi_cpu,KHONG-DOC,5,5,mang
TrainTicket,ts-travel-service,loss,1,fault5,chi_latency,BARO,5,1,mang
TrainTicket,ts-travel-service,loss,1,fault5,chi_latency,MEANSHIFT,5,1,mang
TrainTicket,ts-travel-service,loss,1,fault5,chi_latency,KHONG-DOC,5,5,mang
TrainTicket,ts-travel-service,loss,1,fault5,chi_workload,BARO,5,3,mang
TrainTicket,ts-travel-service,loss,1,fault5,chi_workload,MEANSHIFT,5,5,mang
TrainTicket,ts-travel-service,loss,1,fault5,chi_workload,KHONG-DOC,5,5,mang
TrainTicket,ts-travel-service,loss,1,fault5,moi_cot,BARO,5,2,mang
TrainTicket,ts-travel-service,loss,1,fault5,moi_cot,MEANSHIFT,5,1,mang
TrainTicket,ts-travel-service,loss,1,fault5,moi_cot,KHONG-DOC,5,5,mang
TrainTicket,ts-travel-service,loss,1,app,chi_cpu,BARO,28,1,mang
TrainTicket,ts-travel-service,loss,1,app,chi_cpu,MEANSHIFT,28,1,mang
TrainTicket,ts-travel-service,loss,1,app,chi_cpu,KHONG-DOC,28,25,mang
TrainTicket,ts-travel-service,loss,1,app,chi_latency,BARO,26,1,mang
TrainTicket,ts-travel-service,loss,1,app,chi_latency,MEANSHIFT,28,2,mang
TrainTicket,ts-travel-service,loss,1,app,chi_latency,KHONG-DOC,28,25,mang
TrainTicket,ts-travel-service,loss,1,app,chi_workload,BARO,28,18,mang
TrainTicket,ts-travel-service,loss,1,app,chi_workload,MEANSHIFT,28,14,mang
TrainTicket,ts-travel-service,loss,1,app,chi_workload,KHONG-DOC,28,25,mang
TrainTicket,ts-travel-service,loss,1,app,moi_cot,BARO,28,5,mang
TrainTicket,ts-travel-service,loss,1,app,moi_cot,MEANSHIFT,28,5,mang
TrainTicket,ts-travel-service,loss,1,app,moi_cot,KHONG-DOC,28,25,mang
TrainTicket,ts-travel-service,loss,1,all,chi_cpu,BARO,68,11,mang
TrainTicket,ts-travel-service,loss,1,all,chi_cpu,MEANSHIFT,68,10,mang
TrainTicket,ts-travel-service,loss,1,all,chi_cpu,KHONG-DOC,68,60,mang
TrainTicket,ts-travel-service,loss,1,all,chi_latency,BARO,26,1,mang
TrainTicket,ts-travel-service,loss,1,all,chi_latency,MEANSHIFT,28,2,mang
TrainTicket,ts-travel-service,loss,1,all,chi_latency,KHONG-DOC,28,25,mang
TrainTicket,ts-travel-service,loss,1,all,chi_workload,BARO,28,18,mang
TrainTicket,ts-travel-service,loss,1,all,chi_workload,MEANSHIFT,28,14,mang
TrainTicket,ts-travel-service,loss,1,all,chi_workload,KHONG-DOC,28,25,mang
TrainTicket,ts-travel-service,loss,1,all,moi_cot,BARO,68,11,mang
TrainTicket,ts-travel-service,loss,1,all,moi_cot,MEANSHIFT,68,8,mang
TrainTicket,ts-travel-service,loss,1,all,moi_cot,KHONG-DOC,68,60,mang
TrainTicket,ts-travel-service,loss,2,fault5,chi_cpu,BARO,5,4,mang
TrainTicket,ts-travel-service,loss,2,fault5,chi_cpu,MEANSHIFT,5,5,mang
TrainTicket,ts-travel-service,loss,2,fault5,chi_cpu,KHONG-DOC,5,5,mang
TrainTicket,ts-travel-service,loss,2,fault5,chi_latency,BARO,5,1,mang
TrainTicket,ts-travel-service,loss,2,fault5,chi_latency,MEANSHIFT,5,1,mang
TrainTicket,ts-travel-service,loss,2,fault5,chi_latency,KHONG-DOC,5,5,mang
TrainTicket,ts-travel-service,loss,2,fault5,chi_workload,BARO,5,4,mang
TrainTicket,ts-travel-service,loss,2,fault5,chi_workload,MEANSHIFT,5,4,mang
TrainTicket,ts-travel-service,loss,2,fault5,chi_workload,KHONG-DOC,5,5,mang
TrainTicket,ts-travel-service,loss,2,fault5,moi_cot,BARO,5,3,mang
TrainTicket,ts-travel-service,loss,2,fault5,moi_cot,MEANSHIFT,5,1,mang
TrainTicket,ts-travel-service,loss,2,fault5,moi_cot,KHONG-DOC,5,5,mang
TrainTicket,ts-travel-service,loss,2,app,chi_cpu,BARO,28,12,mang
TrainTicket,ts-travel-service,loss,2,app,chi_cpu,MEANSHIFT,28,20,mang
TrainTicket,ts-travel-service,loss,2,app,chi_cpu,KHONG-DOC,28,25,mang
TrainTicket,ts-travel-service,loss,2,app,chi_latency,BARO,27,3,mang
TrainTicket,ts-travel-service,loss,2,app,chi_latency,MEANSHIFT,27,3,mang
TrainTicket,ts-travel-service,loss,2,app,chi_latency,KHONG-DOC,28,25,mang
TrainTicket,ts-travel-service,loss,2,app,chi_workload,BARO,28,23,mang
TrainTicket,ts-travel-service,loss,2,app,chi_workload,MEANSHIFT,28,17,mang
TrainTicket,ts-travel-service,loss,2,app,chi_workload,KHONG-DOC,28,25,mang
TrainTicket,ts-travel-service,loss,2,app,moi_cot,BARO,28,13,mang
TrainTicket,ts-travel-service,loss,2,app,moi_cot,MEANSHIFT,28,7,mang
TrainTicket,ts-travel-service,loss,2,app,moi_cot,KHONG-DOC,28,25,mang
TrainTicket,ts-travel-service,loss,2,all,chi_cpu,BARO,68,48,mang
TrainTicket,ts-travel-service,loss,2,all,chi_cpu,MEANSHIFT,68,48,mang
TrainTicket,ts-travel-service,loss,2,all,chi_cpu,KHONG-DOC,68,60,mang
TrainTicket,ts-travel-service,loss,2,all,chi_latency,BARO,27,3,mang
TrainTicket,ts-travel-service,loss,2,all,chi_latency,MEANSHIFT,27,3,mang
TrainTicket,ts-travel-service,loss,2,all,chi_latency,KHONG-DOC,28,25,mang
TrainTicket,ts-travel-service,loss,2,all,chi_workload,BARO,28,23,mang
TrainTicket,ts-travel-service,loss,2,all,chi_workload,MEANSHIFT,28,17,mang
TrainTicket,ts-travel-service,loss,2,all,chi_workload,KHONG-DOC,28,25,mang
TrainTicket,ts-travel-service,loss,2,all,moi_cot,BARO,68,24,mang
TrainTicket,ts-travel-service,loss,2,all,moi_cot,MEANSHIFT,68,10,mang
TrainTicket,ts-travel-service,loss,2,all,moi_cot,KHONG-DOC,68,60,mang
TrainTicket,ts-travel-service,loss,3,fault5,chi_cpu,BARO,5,1,mang
TrainTicket,ts-travel-service,loss,3,fault5,chi_cpu,MEANSHIFT,5,3,mang
TrainTicket,ts-travel-service,loss,3,fault5,chi_cpu,KHONG-DOC,5,5,mang
TrainTicket,ts-travel-service,loss,3,fault5,chi_latency,BARO,5,1,mang
TrainTicket,ts-travel-service,loss,3,fault5,chi_latency,MEANSHIFT,5,1,mang
TrainTicket,ts-travel-service,loss,3,fault5,chi_latency,KHONG-DOC,5,5,mang
TrainTicket,ts-travel-service,loss,3,fault5,chi_workload,BARO,5,5,mang
TrainTicket,ts-travel-service,loss,3,fault5,chi_workload,MEANSHIFT,5,5,mang
TrainTicket,ts-travel-service,loss,3,fault5,chi_workload,KHONG-DOC,5,5,mang
TrainTicket,ts-travel-service,loss,3,fault5,moi_cot,BARO,5,1,mang
TrainTicket,ts-travel-service,loss,3,fault5,moi_cot,MEANSHIFT,5,1,mang
TrainTicket,ts-travel-service,loss,3,fault5,moi_cot,KHONG-DOC,5,5,mang
TrainTicket,ts-travel-service,loss,3,app,chi_cpu,BARO,28,7,mang
TrainTicket,ts-travel-service,loss,3,app,chi_cpu,MEANSHIFT,28,8,mang
TrainTicket,ts-travel-service,loss,3,app,chi_cpu,KHONG-DOC,28,25,mang
TrainTicket,ts-travel-service,loss,3,app,chi_latency,BARO,28,1,mang
TrainTicket,ts-travel-service,loss,3,app,chi_latency,MEANSHIFT,28,3,mang
TrainTicket,ts-travel-service,loss,3,app,chi_latency,KHONG-DOC,28,25,mang
TrainTicket,ts-travel-service,loss,3,app,chi_workload,BARO,28,23,mang
TrainTicket,ts-travel-service,loss,3,app,chi_workload,MEANSHIFT,28,28,mang
TrainTicket,ts-travel-service,loss,3,app,chi_workload,KHONG-DOC,28,25,mang
TrainTicket,ts-travel-service,loss,3,app,moi_cot,BARO,28,2,mang
TrainTicket,ts-travel-service,loss,3,app,moi_cot,MEANSHIFT,28,3,mang
TrainTicket,ts-travel-service,loss,3,app,moi_cot,KHONG-DOC,28,25,mang
TrainTicket,ts-travel-service,loss,3,all,chi_cpu,BARO,68,17,mang
TrainTicket,ts-travel-service,loss,3,all,chi_cpu,MEANSHIFT,68,12,mang
TrainTicket,ts-travel-service,loss,3,all,chi_cpu,KHONG-DOC,68,60,mang
TrainTicket,ts-travel-service,loss,3,all,chi_latency,BARO,28,1,mang
TrainTicket,ts-travel-service,loss,3,all,chi_latency,MEANSHIFT,28,3,mang
TrainTicket,ts-travel-service,loss,3,all,chi_latency,KHONG-DOC,28,25,mang
TrainTicket,ts-travel-service,loss,3,all,chi_workload,BARO,28,23,mang
TrainTicket,ts-travel-service,loss,3,all,chi_workload,MEANSHIFT,28,28,mang
TrainTicket,ts-travel-service,loss,3,all,chi_workload,KHONG-DOC,28,25,mang
TrainTicket,ts-travel-service,loss,3,all,moi_cot,BARO,68,2,mang
TrainTicket,ts-travel-service,loss,3,all,moi_cot,MEANSHIFT,68,4,mang
TrainTicket,ts-travel-service,loss,3,all,moi_cot,KHONG-DOC,68,60,mang
TrainTicket,ts-travel-service,mem,1,fault5,chi_cpu,BARO,5,1,tai nguyen
TrainTicket,ts-travel-service,mem,1,fault5,chi_cpu,MEANSHIFT,5,1,tai nguyen
TrainTicket,ts-travel-service,mem,1,fault5,chi_cpu,KHONG-DOC,5,5,tai nguyen
TrainTicket,ts-travel-service,mem,1,fault5,chi_latency,BARO,5,1,tai nguyen
TrainTicket,ts-travel-service,mem,1,fault5,chi_latency,MEANSHIFT,5,1,tai nguyen
TrainTicket,ts-travel-service,mem,1,fault5,chi_latency,KHONG-DOC,5,5,tai nguyen
TrainTicket,ts-travel-service,mem,1,fault5,chi_workload,BARO,5,4,tai nguyen
TrainTicket,ts-travel-service,mem,1,fault5,chi_workload,MEANSHIFT,5,4,tai nguyen
TrainTicket,ts-travel-service,mem,1,fault5,chi_workload,KHONG-DOC,5,5,tai nguyen
TrainTicket,ts-travel-service,mem,1,fault5,moi_cot,BARO,5,1,tai nguyen
TrainTicket,ts-travel-service,mem,1,fault5,moi_cot,MEANSHIFT,5,1,tai nguyen
TrainTicket,ts-travel-service,mem,1,fault5,moi_cot,KHONG-DOC,5,5,tai nguyen
TrainTicket,ts-travel-service,mem,1,app,chi_cpu,BARO,28,1,tai nguyen
TrainTicket,ts-travel-service,mem,1,app,chi_cpu,MEANSHIFT,28,1,tai nguyen
TrainTicket,ts-travel-service,mem,1,app,chi_cpu,KHONG-DOC,28,25,tai nguyen
TrainTicket,ts-travel-service,mem,1,app,chi_latency,BARO,28,3,tai nguyen
TrainTicket,ts-travel-service,mem,1,app,chi_latency,MEANSHIFT,28,2,tai nguyen
TrainTicket,ts-travel-service,mem,1,app,chi_latency,KHONG-DOC,28,25,tai nguyen
TrainTicket,ts-travel-service,mem,1,app,chi_workload,BARO,28,23,tai nguyen
TrainTicket,ts-travel-service,mem,1,app,chi_workload,MEANSHIFT,28,19,tai nguyen
TrainTicket,ts-travel-service,mem,1,app,chi_workload,KHONG-DOC,28,25,tai nguyen
TrainTicket,ts-travel-service,mem,1,app,moi_cot,BARO,28,1,tai nguyen
TrainTicket,ts-travel-service,mem,1,app,moi_cot,MEANSHIFT,28,1,tai nguyen
TrainTicket,ts-travel-service,mem,1,app,moi_cot,KHONG-DOC,28,25,tai nguyen
TrainTicket,ts-travel-service,mem,1,all,chi_cpu,BARO,68,1,tai nguyen
TrainTicket,ts-travel-service,mem,1,all,chi_cpu,MEANSHIFT,68,1,tai nguyen
TrainTicket,ts-travel-service,mem,1,all,chi_cpu,KHONG-DOC,68,60,tai nguyen
TrainTicket,ts-travel-service,mem,1,all,chi_latency,BARO,28,3,tai nguyen
TrainTicket,ts-travel-service,mem,1,all,chi_latency,MEANSHIFT,28,2,tai nguyen
TrainTicket,ts-travel-service,mem,1,all,chi_latency,KHONG-DOC,28,25,tai nguyen
TrainTicket,ts-travel-service,mem,1,all,chi_workload,BARO,28,23,tai nguyen
TrainTicket,ts-travel-service,mem,1,all,chi_workload,MEANSHIFT,28,19,tai nguyen
TrainTicket,ts-travel-service,mem,1,all,chi_workload,KHONG-DOC,28,25,tai nguyen
TrainTicket,ts-travel-service,mem,1,all,moi_cot,BARO,68,1,tai nguyen
TrainTicket,ts-travel-service,mem,1,all,moi_cot,MEANSHIFT,68,1,tai nguyen
TrainTicket,ts-travel-service,mem,1,all,moi_cot,KHONG-DOC,68,60,tai nguyen
TrainTicket,ts-travel-service,mem,2,fault5,chi_cpu,BARO,5,1,tai nguyen
TrainTicket,ts-travel-service,mem,2,fault5,chi_cpu,MEANSHIFT,5,1,tai nguyen
TrainTicket,ts-travel-service,mem,2,fault5,chi_cpu,KHONG-DOC,5,5,tai nguyen
TrainTicket,ts-travel-service,mem,2,fault5,chi_latency,BARO,5,1,tai nguyen
TrainTicket,ts-travel-service,mem,2,fault5,chi_latency,MEANSHIFT,5,1,tai nguyen
TrainTicket,ts-travel-service,mem,2,fault5,chi_latency,KHONG-DOC,5,5,tai nguyen
TrainTicket,ts-travel-service,mem,2,fault5,chi_workload,BARO,5,5,tai nguyen
TrainTicket,ts-travel-service,mem,2,fault5,chi_workload,MEANSHIFT,5,4,tai nguyen
TrainTicket,ts-travel-service,mem,2,fault5,chi_workload,KHONG-DOC,5,5,tai nguyen
TrainTicket,ts-travel-service,mem,2,fault5,moi_cot,BARO,5,1,tai nguyen
TrainTicket,ts-travel-service,mem,2,fault5,moi_cot,MEANSHIFT,5,1,tai nguyen
TrainTicket,ts-travel-service,mem,2,fault5,moi_cot,KHONG-DOC,5,5,tai nguyen
TrainTicket,ts-travel-service,mem,2,app,chi_cpu,BARO,28,2,tai nguyen
TrainTicket,ts-travel-service,mem,2,app,chi_cpu,MEANSHIFT,28,1,tai nguyen
TrainTicket,ts-travel-service,mem,2,app,chi_cpu,KHONG-DOC,28,25,tai nguyen
TrainTicket,ts-travel-service,mem,2,app,chi_latency,BARO,27,2,tai nguyen
TrainTicket,ts-travel-service,mem,2,app,chi_latency,MEANSHIFT,28,2,tai nguyen
TrainTicket,ts-travel-service,mem,2,app,chi_latency,KHONG-DOC,28,25,tai nguyen
TrainTicket,ts-travel-service,mem,2,app,chi_workload,BARO,28,21,tai nguyen
TrainTicket,ts-travel-service,mem,2,app,chi_workload,MEANSHIFT,28,21,tai nguyen
TrainTicket,ts-travel-service,mem,2,app,chi_workload,KHONG-DOC,28,25,tai nguyen
TrainTicket,ts-travel-service,mem,2,app,moi_cot,BARO,28,1,tai nguyen
TrainTicket,ts-travel-service,mem,2,app,moi_cot,MEANSHIFT,28,2,tai nguyen
TrainTicket,ts-travel-service,mem,2,app,moi_cot,KHONG-DOC,28,25,tai nguyen
TrainTicket,ts-travel-service,mem,2,all,chi_cpu,BARO,68,2,tai nguyen
TrainTicket,ts-travel-service,mem,2,all,chi_cpu,MEANSHIFT,68,1,tai nguyen
TrainTicket,ts-travel-service,mem,2,all,chi_cpu,KHONG-DOC,68,60,tai nguyen
TrainTicket,ts-travel-service,mem,2,all,chi_latency,BARO,27,2,tai nguyen
TrainTicket,ts-travel-service,mem,2,all,chi_latency,MEANSHIFT,28,2,tai nguyen
TrainTicket,ts-travel-service,mem,2,all,chi_latency,KHONG-DOC,28,25,tai nguyen
TrainTicket,ts-travel-service,mem,2,all,chi_workload,BARO,28,21,tai nguyen
TrainTicket,ts-travel-service,mem,2,all,chi_workload,MEANSHIFT,28,21,tai nguyen
TrainTicket,ts-travel-service,mem,2,all,chi_workload,KHONG-DOC,28,25,tai nguyen
TrainTicket,ts-travel-service,mem,2,all,moi_cot,BARO,68,1,tai nguyen
TrainTicket,ts-travel-service,mem,2,all,moi_cot,MEANSHIFT,68,2,tai nguyen
TrainTicket,ts-travel-service,mem,2,all,moi_cot,KHONG-DOC,68,60,tai nguyen
TrainTicket,ts-travel-service,mem,3,fault5,chi_cpu,BARO,5,2,tai nguyen
TrainTicket,ts-travel-service,mem,3,fault5,chi_cpu,MEANSHIFT,5,1,tai nguyen
TrainTicket,ts-travel-service,mem,3,fault5,chi_cpu,KHONG-DOC,5,5,tai nguyen
TrainTicket,ts-travel-service,mem,3,fault5,chi_latency,BARO,5,1,tai nguyen
TrainTicket,ts-travel-service,mem,3,fault5,chi_latency,MEANSHIFT,5,1,tai nguyen
TrainTicket,ts-travel-service,mem,3,fault5,chi_latency,KHONG-DOC,5,5,tai nguyen
TrainTicket,ts-travel-service,mem,3,fault5,chi_workload,BARO,5,4,tai nguyen
TrainTicket,ts-travel-service,mem,3,fault5,chi_workload,MEANSHIFT,5,4,tai nguyen
TrainTicket,ts-travel-service,mem,3,fault5,chi_workload,KHONG-DOC,5,5,tai nguyen
TrainTicket,ts-travel-service,mem,3,fault5,moi_cot,BARO,5,1,tai nguyen
TrainTicket,ts-travel-service,mem,3,fault5,moi_cot,MEANSHIFT,5,1,tai nguyen
TrainTicket,ts-travel-service,mem,3,fault5,moi_cot,KHONG-DOC,5,5,tai nguyen
TrainTicket,ts-travel-service,mem,3,app,chi_cpu,BARO,28,8,tai nguyen
TrainTicket,ts-travel-service,mem,3,app,chi_cpu,MEANSHIFT,28,1,tai nguyen
TrainTicket,ts-travel-service,mem,3,app,chi_cpu,KHONG-DOC,28,25,tai nguyen
TrainTicket,ts-travel-service,mem,3,app,chi_latency,BARO,28,2,tai nguyen
TrainTicket,ts-travel-service,mem,3,app,chi_latency,MEANSHIFT,28,3,tai nguyen
TrainTicket,ts-travel-service,mem,3,app,chi_latency,KHONG-DOC,28,25,tai nguyen
TrainTicket,ts-travel-service,mem,3,app,chi_workload,BARO,28,14,tai nguyen
TrainTicket,ts-travel-service,mem,3,app,chi_workload,MEANSHIFT,28,13,tai nguyen
TrainTicket,ts-travel-service,mem,3,app,chi_workload,KHONG-DOC,28,25,tai nguyen
TrainTicket,ts-travel-service,mem,3,app,moi_cot,BARO,28,1,tai nguyen
TrainTicket,ts-travel-service,mem,3,app,moi_cot,MEANSHIFT,28,1,tai nguyen
TrainTicket,ts-travel-service,mem,3,app,moi_cot,KHONG-DOC,28,25,tai nguyen
TrainTicket,ts-travel-service,mem,3,all,chi_cpu,BARO,68,46,tai nguyen
TrainTicket,ts-travel-service,mem,3,all,chi_cpu,MEANSHIFT,68,1,tai nguyen
TrainTicket,ts-travel-service,mem,3,all,chi_cpu,KHONG-DOC,68,60,tai nguyen
TrainTicket,ts-travel-service,mem,3,all,chi_latency,BARO,28,2,tai nguyen
TrainTicket,ts-travel-service,mem,3,all,chi_latency,MEANSHIFT,28,3,tai nguyen
TrainTicket,ts-travel-service,mem,3,all,chi_latency,KHONG-DOC,28,25,tai nguyen
TrainTicket,ts-travel-service,mem,3,all,chi_workload,BARO,28,14,tai nguyen
TrainTicket,ts-travel-service,mem,3,all,chi_workload,MEANSHIFT,28,13,tai nguyen
TrainTicket,ts-travel-service,mem,3,all,chi_workload,KHONG-DOC,28,25,tai nguyen
TrainTicket,ts-travel-service,mem,3,all,moi_cot,BARO,68,1,tai nguyen
TrainTicket,ts-travel-service,mem,3,all,moi_cot,MEANSHIFT,68,1,tai nguyen
TrainTicket,ts-travel-service,mem,3,all,moi_cot,KHONG-DOC,68,60,tai nguyen
TrainTicket,ts-travel-service,socket,1,fault5,chi_cpu,BARO,5,1,tai nguyen
TrainTicket,ts-travel-service,socket,1,fault5,chi_cpu,MEANSHIFT,5,1,tai nguyen
TrainTicket,ts-travel-service,socket,1,fault5,chi_cpu,KHONG-DOC,5,5,tai nguyen
TrainTicket,ts-travel-service,socket,1,fault5,chi_latency,BARO,5,1,tai nguyen
TrainTicket,ts-travel-service,socket,1,fault5,chi_latency,MEANSHIFT,5,1,tai nguyen
TrainTicket,ts-travel-service,socket,1,fault5,chi_latency,KHONG-DOC,5,5,tai nguyen
TrainTicket,ts-travel-service,socket,1,fault5,chi_workload,BARO,5,2,tai nguyen
TrainTicket,ts-travel-service,socket,1,fault5,chi_workload,MEANSHIFT,5,4,tai nguyen
TrainTicket,ts-travel-service,socket,1,fault5,chi_workload,KHONG-DOC,5,5,tai nguyen
TrainTicket,ts-travel-service,socket,1,fault5,moi_cot,BARO,5,1,tai nguyen
TrainTicket,ts-travel-service,socket,1,fault5,moi_cot,MEANSHIFT,5,1,tai nguyen
TrainTicket,ts-travel-service,socket,1,fault5,moi_cot,KHONG-DOC,5,5,tai nguyen
TrainTicket,ts-travel-service,socket,1,app,chi_cpu,BARO,28,1,tai nguyen
TrainTicket,ts-travel-service,socket,1,app,chi_cpu,MEANSHIFT,28,1,tai nguyen
TrainTicket,ts-travel-service,socket,1,app,chi_cpu,KHONG-DOC,28,25,tai nguyen
TrainTicket,ts-travel-service,socket,1,app,chi_latency,BARO,19,2,tai nguyen
TrainTicket,ts-travel-service,socket,1,app,chi_latency,MEANSHIFT,21,3,tai nguyen
TrainTicket,ts-travel-service,socket,1,app,chi_latency,KHONG-DOC,28,25,tai nguyen
TrainTicket,ts-travel-service,socket,1,app,chi_workload,BARO,21,9,tai nguyen
TrainTicket,ts-travel-service,socket,1,app,chi_workload,MEANSHIFT,21,20,tai nguyen
TrainTicket,ts-travel-service,socket,1,app,chi_workload,KHONG-DOC,28,25,tai nguyen
TrainTicket,ts-travel-service,socket,1,app,moi_cot,BARO,28,1,tai nguyen
TrainTicket,ts-travel-service,socket,1,app,moi_cot,MEANSHIFT,28,2,tai nguyen
TrainTicket,ts-travel-service,socket,1,app,moi_cot,KHONG-DOC,28,25,tai nguyen
TrainTicket,ts-travel-service,socket,1,all,chi_cpu,BARO,68,1,tai nguyen
TrainTicket,ts-travel-service,socket,1,all,chi_cpu,MEANSHIFT,68,1,tai nguyen
TrainTicket,ts-travel-service,socket,1,all,chi_cpu,KHONG-DOC,68,60,tai nguyen
TrainTicket,ts-travel-service,socket,1,all,chi_latency,BARO,19,2,tai nguyen
TrainTicket,ts-travel-service,socket,1,all,chi_latency,MEANSHIFT,21,3,tai nguyen
TrainTicket,ts-travel-service,socket,1,all,chi_latency,KHONG-DOC,28,25,tai nguyen
TrainTicket,ts-travel-service,socket,1,all,chi_workload,BARO,21,9,tai nguyen
TrainTicket,ts-travel-service,socket,1,all,chi_workload,MEANSHIFT,21,20,tai nguyen
TrainTicket,ts-travel-service,socket,1,all,chi_workload,KHONG-DOC,28,25,tai nguyen
TrainTicket,ts-travel-service,socket,1,all,moi_cot,BARO,68,4,tai nguyen
TrainTicket,ts-travel-service,socket,1,all,moi_cot,MEANSHIFT,68,2,tai nguyen
TrainTicket,ts-travel-service,socket,1,all,moi_cot,KHONG-DOC,68,60,tai nguyen
TrainTicket,ts-travel-service,socket,2,fault5,chi_cpu,BARO,5,1,tai nguyen
TrainTicket,ts-travel-service,socket,2,fault5,chi_cpu,MEANSHIFT,5,1,tai nguyen
TrainTicket,ts-travel-service,socket,2,fault5,chi_cpu,KHONG-DOC,5,5,tai nguyen
TrainTicket,ts-travel-service,socket,2,fault5,chi_latency,BARO,5,1,tai nguyen
TrainTicket,ts-travel-service,socket,2,fault5,chi_latency,MEANSHIFT,5,1,tai nguyen
TrainTicket,ts-travel-service,socket,2,fault5,chi_latency,KHONG-DOC,5,5,tai nguyen
TrainTicket,ts-travel-service,socket,2,fault5,chi_workload,BARO,5,5,tai nguyen
TrainTicket,ts-travel-service,socket,2,fault5,chi_workload,MEANSHIFT,5,4,tai nguyen
TrainTicket,ts-travel-service,socket,2,fault5,chi_workload,KHONG-DOC,5,5,tai nguyen
TrainTicket,ts-travel-service,socket,2,fault5,moi_cot,BARO,5,1,tai nguyen
TrainTicket,ts-travel-service,socket,2,fault5,moi_cot,MEANSHIFT,5,1,tai nguyen
TrainTicket,ts-travel-service,socket,2,fault5,moi_cot,KHONG-DOC,5,5,tai nguyen
TrainTicket,ts-travel-service,socket,2,app,chi_cpu,BARO,28,3,tai nguyen
TrainTicket,ts-travel-service,socket,2,app,chi_cpu,MEANSHIFT,28,1,tai nguyen
TrainTicket,ts-travel-service,socket,2,app,chi_cpu,KHONG-DOC,28,25,tai nguyen
TrainTicket,ts-travel-service,socket,2,app,chi_latency,BARO,28,1,tai nguyen
TrainTicket,ts-travel-service,socket,2,app,chi_latency,MEANSHIFT,28,2,tai nguyen
TrainTicket,ts-travel-service,socket,2,app,chi_latency,KHONG-DOC,28,25,tai nguyen
TrainTicket,ts-travel-service,socket,2,app,chi_workload,BARO,28,24,tai nguyen
TrainTicket,ts-travel-service,socket,2,app,chi_workload,MEANSHIFT,28,17,tai nguyen
TrainTicket,ts-travel-service,socket,2,app,chi_workload,KHONG-DOC,28,25,tai nguyen
TrainTicket,ts-travel-service,socket,2,app,moi_cot,BARO,28,3,tai nguyen
TrainTicket,ts-travel-service,socket,2,app,moi_cot,MEANSHIFT,28,1,tai nguyen
TrainTicket,ts-travel-service,socket,2,app,moi_cot,KHONG-DOC,28,25,tai nguyen
TrainTicket,ts-travel-service,socket,2,all,chi_cpu,BARO,68,31,tai nguyen
TrainTicket,ts-travel-service,socket,2,all,chi_cpu,MEANSHIFT,68,1,tai nguyen
TrainTicket,ts-travel-service,socket,2,all,chi_cpu,KHONG-DOC,68,60,tai nguyen
TrainTicket,ts-travel-service,socket,2,all,chi_latency,BARO,28,1,tai nguyen
TrainTicket,ts-travel-service,socket,2,all,chi_latency,MEANSHIFT,28,2,tai nguyen
TrainTicket,ts-travel-service,socket,2,all,chi_latency,KHONG-DOC,28,25,tai nguyen
TrainTicket,ts-travel-service,socket,2,all,chi_workload,BARO,28,24,tai nguyen
TrainTicket,ts-travel-service,socket,2,all,chi_workload,MEANSHIFT,28,17,tai nguyen
TrainTicket,ts-travel-service,socket,2,all,chi_workload,KHONG-DOC,28,25,tai nguyen
TrainTicket,ts-travel-service,socket,2,all,moi_cot,BARO,68,3,tai nguyen
TrainTicket,ts-travel-service,socket,2,all,moi_cot,MEANSHIFT,68,11,tai nguyen
TrainTicket,ts-travel-service,socket,2,all,moi_cot,KHONG-DOC,69,61,tai nguyen
TrainTicket,ts-travel-service,socket,3,fault5,chi_cpu,BARO,5,1,tai nguyen
TrainTicket,ts-travel-service,socket,3,fault5,chi_cpu,MEANSHIFT,5,1,tai nguyen
TrainTicket,ts-travel-service,socket,3,fault5,chi_cpu,KHONG-DOC,5,5,tai nguyen
TrainTicket,ts-travel-service,socket,3,fault5,chi_latency,BARO,5,1,tai nguyen
TrainTicket,ts-travel-service,socket,3,fault5,chi_latency,MEANSHIFT,5,1,tai nguyen
TrainTicket,ts-travel-service,socket,3,fault5,chi_latency,KHONG-DOC,5,5,tai nguyen
TrainTicket,ts-travel-service,socket,3,fault5,chi_workload,BARO,5,5,tai nguyen
TrainTicket,ts-travel-service,socket,3,fault5,chi_workload,MEANSHIFT,5,2,tai nguyen
TrainTicket,ts-travel-service,socket,3,fault5,chi_workload,KHONG-DOC,5,5,tai nguyen
TrainTicket,ts-travel-service,socket,3,fault5,moi_cot,BARO,5,1,tai nguyen
TrainTicket,ts-travel-service,socket,3,fault5,moi_cot,MEANSHIFT,5,1,tai nguyen
TrainTicket,ts-travel-service,socket,3,fault5,moi_cot,KHONG-DOC,5,5,tai nguyen
TrainTicket,ts-travel-service,socket,3,app,chi_cpu,BARO,28,1,tai nguyen
TrainTicket,ts-travel-service,socket,3,app,chi_cpu,MEANSHIFT,28,1,tai nguyen
TrainTicket,ts-travel-service,socket,3,app,chi_cpu,KHONG-DOC,28,25,tai nguyen
TrainTicket,ts-travel-service,socket,3,app,chi_latency,BARO,28,1,tai nguyen
TrainTicket,ts-travel-service,socket,3,app,chi_latency,MEANSHIFT,28,1,tai nguyen
TrainTicket,ts-travel-service,socket,3,app,chi_latency,KHONG-DOC,28,25,tai nguyen
TrainTicket,ts-travel-service,socket,3,app,chi_workload,BARO,28,21,tai nguyen
TrainTicket,ts-travel-service,socket,3,app,chi_workload,MEANSHIFT,28,14,tai nguyen
TrainTicket,ts-travel-service,socket,3,app,chi_workload,KHONG-DOC,28,25,tai nguyen
TrainTicket,ts-travel-service,socket,3,app,moi_cot,BARO,28,1,tai nguyen
TrainTicket,ts-travel-service,socket,3,app,moi_cot,MEANSHIFT,28,1,tai nguyen
TrainTicket,ts-travel-service,socket,3,app,moi_cot,KHONG-DOC,28,25,tai nguyen
TrainTicket,ts-travel-service,socket,3,all,chi_cpu,BARO,68,10,tai nguyen
TrainTicket,ts-travel-service,socket,3,all,chi_cpu,MEANSHIFT,68,1,tai nguyen
TrainTicket,ts-travel-service,socket,3,all,chi_cpu,KHONG-DOC,68,60,tai nguyen
TrainTicket,ts-travel-service,socket,3,all,chi_latency,BARO,28,1,tai nguyen
TrainTicket,ts-travel-service,socket,3,all,chi_latency,MEANSHIFT,28,1,tai nguyen
TrainTicket,ts-travel-service,socket,3,all,chi_latency,KHONG-DOC,28,25,tai nguyen
TrainTicket,ts-travel-service,socket,3,all,chi_workload,BARO,28,21,tai nguyen
TrainTicket,ts-travel-service,socket,3,all,chi_workload,MEANSHIFT,28,14,tai nguyen
TrainTicket,ts-travel-service,socket,3,all,chi_workload,KHONG-DOC,28,25,tai nguyen
TrainTicket,ts-travel-service,socket,3,all,moi_cot,BARO,68,1,tai nguyen
TrainTicket,ts-travel-service,socket,3,all,moi_cot,MEANSHIFT,68,1,tai nguyen
TrainTicket,ts-travel-service,socket,3,all,moi_cot,KHONG-DOC,68,60,tai nguyen
