he,injected,fault,run,phuong_phap,nhom,tang_chon,don_vi,xh0,xh1,ung,fallback_0,fallback_1,giay_0,giay_1,n_cand_0,n_cand_1,M0_nhu_xuat_ban,M0b_khop_ung_vien,M1_truc_tang,M2_ca_hai_truc,M0_t3,M2_t3
OnlineBoutique,checkoutservice,cpu,1,nsigma,tai nguyen,cpu,node,checkoutservice|emailservice|currencyservice|cartservice|redis|recommendationservice|shippingservice|paymentservice|frontend|adservice|frontend-external|productcatalogservice,checkoutservice|shippingservice|paymentservice|cartservice|emailservice|productcatalogservice|frontend|adservice|currencyservice,adservice|cartservice|checkoutservice|currencyservice|emailservice|frontend|paymentservice|productcatalogservice|shippingservice,,,0.010390043258666992,0.0020411014556884766,12,9,True,True,True,True,True,True
OnlineBoutique,checkoutservice,cpu,1,baro,tai nguyen,cpu,node,redis|checkoutservice|cartservice|shippingservice|emailservice|currencyservice|paymentservice|recommendationservice|adservice|frontend|frontend-external|productcatalogservice,checkoutservice|shippingservice|paymentservice|emailservice|cartservice|frontend|currencyservice|productcatalogservice|adservice,adservice|cartservice|checkoutservice|currencyservice|emailservice|frontend|paymentservice|productcatalogservice|shippingservice,,,0.013112068176269531,0.0025510787963867188,12,9,False,True,True,True,True,True
OnlineBoutique,checkoutservice,cpu,1,circa,tai nguyen,cpu,node,checkoutservice|cartservice|currencyservice|frontend|shippingservice|emailservice|redis|recommendationservice|productcatalogservice|adservice|paymentservice|frontend-external,checkoutservice|emailservice|frontend|shippingservice|paymentservice|cartservice|productcatalogservice|currencyservice|adservice,adservice|cartservice|checkoutservice|currencyservice|emailservice|frontend|paymentservice|productcatalogservice|shippingservice,,,4.824114799499512,0.02911520004272461,12,9,True,True,True,True,True,True
OnlineBoutique,checkoutservice,cpu,1,pc_randomwalk,tai nguyen,cpu,node,adservice|paymentservice|currencyservice|recommendationservice|redis|shippingservice|frontend-external|cartservice|emailservice|productcatalogservice|checkoutservice|frontend,frontend|shippingservice|cartservice|emailservice|paymentservice|productcatalogservice|adservice|checkoutservice|currencyservice,adservice|cartservice|checkoutservice|currencyservice|emailservice|frontend|paymentservice|productcatalogservice|shippingservice,,,4.876079797744751,0.022822856903076172,12,9,False,False,False,False,False,False
OnlineBoutique,checkoutservice,cpu,2,nsigma,tai nguyen,latency-50,duong,checkoutservice|emailservice|productcatalogservice|cartservice|frontend-external|currencyservice|redis|frontend|shippingservice|paymentservice|recommendationservice|adservice,productcatalogservice|cartservice|emailservice|checkoutservice|currencyservice|paymentservice|shippingservice|frontend,cartservice|checkoutservice|currencyservice|emailservice|frontend|paymentservice|productcatalogservice|shippingservice,,,0.008324146270751953,0.0019767284393310547,12,8,True,True,False,False,True,False
OnlineBoutique,checkoutservice,cpu,2,baro,tai nguyen,latency-50,duong,redis|checkoutservice|emailservice|productcatalogservice|cartservice|frontend-external|currencyservice|recommendationservice|shippingservice|paymentservice|frontend|adservice,productcatalogservice|cartservice|checkoutservice|emailservice|currencyservice|shippingservice|paymentservice|frontend,cartservice|checkoutservice|currencyservice|emailservice|frontend|paymentservice|productcatalogservice|shippingservice,,,0.010789871215820312,0.002354860305786133,12,8,False,True,False,False,True,True
OnlineBoutique,checkoutservice,cpu,2,circa,tai nguyen,latency-50,duong,recommendationservice|adservice|cartservice|checkoutservice|currencyservice|emailservice|frontend|paymentservice|productcatalogservice|redis|shippingservice|frontend-external,frontend|checkoutservice|shippingservice|productcatalogservice|cartservice|emailservice|paymentservice|currencyservice,cartservice|checkoutservice|currencyservice|emailservice|frontend|paymentservice|productcatalogservice|shippingservice,FALLBACK,,0.023879051208496094,0.02480316162109375,12,8,False,False,False,True,False,True
OnlineBoutique,checkoutservice,cpu,2,pc_randomwalk,tai nguyen,latency-50,duong,recommendationservice|adservice|cartservice|checkoutservice|currencyservice|emailservice|frontend|paymentservice|productcatalogservice|redis|shippingservice|frontend-external,frontend|checkoutservice|emailservice|paymentservice|productcatalogservice|shippingservice|cartservice|currencyservice,cartservice|checkoutservice|currencyservice|emailservice|frontend|paymentservice|productcatalogservice|shippingservice,FALLBACK,,0.026304006576538086,0.025043010711669922,12,8,False,False,False,True,False,True
OnlineBoutique,checkoutservice,cpu,3,nsigma,tai nguyen,cpu,node,adservice|checkoutservice|emailservice|shippingservice|currencyservice|recommendationservice|paymentservice|productcatalogservice|frontend|redis|cartservice|frontend-external,checkoutservice|adservice|recommendationservice|paymentservice|productcatalogservice|emailservice|currencyservice|shippingservice|frontend|redis|cartservice,adservice|cartservice|checkoutservice|currencyservice|emailservice|frontend|paymentservice|productcatalogservice|recommendationservice|redis|shippingservice,,,0.010832786560058594,0.002438068389892578,12,11,False,False,True,True,True,True
OnlineBoutique,checkoutservice,cpu,3,baro,tai nguyen,cpu,node,redis|adservice|checkoutservice|emailservice|paymentservice|shippingservice|currencyservice|recommendationservice|frontend|productcatalogservice|cartservice|frontend-external,checkoutservice|adservice|recommendationservice|redis|emailservice|currencyservice|productcatalogservice|paymentservice|shippingservice|frontend|cartservice,adservice|cartservice|checkoutservice|currencyservice|emailservice|frontend|paymentservice|productcatalogservice|recommendationservice|redis|shippingservice,,,0.013960838317871094,0.0031731128692626953,12,11,False,False,True,True,True,True
OnlineBoutique,checkoutservice,cpu,3,circa,tai nguyen,cpu,node,adservice|cartservice|checkoutservice|currencyservice|emailservice|frontend|paymentservice|productcatalogservice|recommendationservice|redis|shippingservice|frontend-external,checkoutservice|recommendationservice|paymentservice|frontend|cartservice|redis|shippingservice|productcatalogservice|adservice|emailservice|currencyservice,adservice|cartservice|checkoutservice|currencyservice|emailservice|frontend|paymentservice|productcatalogservice|recommendationservice|redis|shippingservice,FALLBACK,,0.09366202354431152,0.0961599349975586,12,11,False,False,True,True,True,True
OnlineBoutique,checkoutservice,cpu,3,pc_randomwalk,tai nguyen,cpu,node,adservice|cartservice|checkoutservice|currencyservice|emailservice|frontend|paymentservice|productcatalogservice|recommendationservice|redis|shippingservice|frontend-external,paymentservice|recommendationservice|checkoutservice|frontend|productcatalogservice|redis|shippingservice|adservice|cartservice|currencyservice|emailservice,adservice|cartservice|checkoutservice|currencyservice|emailservice|frontend|paymentservice|productcatalogservice|recommendationservice|redis|shippingservice,FALLBACK,,0.10081791877746582,0.08742785453796387,12,11,False,False,False,False,True,True
OnlineBoutique,checkoutservice,delay,1,nsigma,mang,latency-50,duong,emailservice|shippingservice|paymentservice|checkoutservice|recommendationservice|cartservice|adservice|frontend|redis|productcatalogservice|currencyservice|frontend-external,emailservice|paymentservice|checkoutservice|shippingservice|cartservice|productcatalogservice|adservice|recommendationservice|currencyservice|frontend,adservice|cartservice|checkoutservice|currencyservice|emailservice|frontend|paymentservice|productcatalogservice|recommendationservice|shippingservice,,,0.011022806167602539,0.0023081302642822266,12,10,False,False,False,False,False,True
OnlineBoutique,checkoutservice,delay,1,baro,mang,latency-50,duong,redis|emailservice|shippingservice|paymentservice|checkoutservice|cartservice|recommendationservice|frontend|productcatalogservice|currencyservice|adservice|frontend-external,emailservice|paymentservice|checkoutservice|shippingservice|cartservice|productcatalogservice|currencyservice|recommendationservice|adservice|frontend,adservice|cartservice|checkoutservice|currencyservice|emailservice|frontend|paymentservice|productcatalogservice|recommendationservice|shippingservice,,,0.013180017471313477,0.0028162002563476562,12,10,False,False,False,False,False,True
OnlineBoutique,checkoutservice,delay,1,circa,mang,latency-50,duong,cartservice|recommendationservice|shippingservice|emailservice|paymentservice|productcatalogservice|checkoutservice|adservice|currencyservice|frontend|redis|frontend-external,paymentservice|shippingservice|checkoutservice|frontend|emailservice|recommendationservice|cartservice|productcatalogservice|currencyservice,adservice|cartservice|checkoutservice|currencyservice|emailservice|frontend|paymentservice|productcatalogservice|recommendationservice|shippingservice,,,5.806899785995483,0.04410600662231445,12,9,False,False,False,False,False,True
OnlineBoutique,checkoutservice,delay,1,pc_randomwalk,mang,latency-50,duong,emailservice|adservice|productcatalogservice|paymentservice|recommendationservice|frontend|shippingservice|frontend-external|checkoutservice|currencyservice|cartservice|redis,productcatalogservice|shippingservice|cartservice|emailservice|frontend|paymentservice|adservice|checkoutservice|currencyservice|recommendationservice,adservice|cartservice|checkoutservice|currencyservice|emailservice|frontend|paymentservice|productcatalogservice|recommendationservice|shippingservice,,,5.6520349979400635,0.042623043060302734,12,10,False,False,False,False,False,False
OnlineBoutique,checkoutservice,delay,2,nsigma,mang,latency-50,duong,shippingservice|emailservice|paymentservice|checkoutservice|cartservice|adservice|frontend|productcatalogservice|redis|recommendationservice|currencyservice|frontend-external,emailservice|paymentservice|checkoutservice|shippingservice|adservice|cartservice|productcatalogservice|frontend|currencyservice|recommendationservice,adservice|cartservice|checkoutservice|currencyservice|emailservice|frontend|paymentservice|productcatalogservice|recommendationservice|shippingservice,,,0.009911060333251953,0.0021660327911376953,12,10,False,False,False,False,False,True
OnlineBoutique,checkoutservice,delay,2,baro,mang,latency-50,duong,redis|emailservice|shippingservice|paymentservice|checkoutservice|cartservice|adservice|recommendationservice|frontend|productcatalogservice|currencyservice|frontend-external,emailservice|paymentservice|checkoutservice|shippingservice|adservice|cartservice|productcatalogservice|currencyservice|recommendationservice|frontend,adservice|cartservice|checkoutservice|currencyservice|emailservice|frontend|paymentservice|productcatalogservice|recommendationservice|shippingservice,,,0.012318849563598633,0.002621173858642578,12,10,False,False,False,False,False,True
OnlineBoutique,checkoutservice,delay,2,circa,mang,latency-50,duong,emailservice|redis|paymentservice|checkoutservice|shippingservice|productcatalogservice|recommendationservice|adservice|currencyservice|cartservice|frontend|frontend-external,checkoutservice|shippingservice|paymentservice|productcatalogservice|recommendationservice|currencyservice|frontend|adservice|cartservice|emailservice,adservice|cartservice|checkoutservice|currencyservice|emailservice|frontend|paymentservice|productcatalogservice|recommendationservice|shippingservice,,,5.031185865402222,0.04015398025512695,12,10,False,False,True,True,False,True
OnlineBoutique,checkoutservice,delay,2,pc_randomwalk,mang,latency-50,duong,shippingservice|adservice|paymentservice|cartservice|frontend|productcatalogservice|recommendationservice|frontend-external|emailservice|checkoutservice|currencyservice|redis,productcatalogservice|shippingservice|cartservice|emailservice|frontend|paymentservice|adservice|checkoutservice|currencyservice|recommendationservice,adservice|cartservice|checkoutservice|currencyservice|emailservice|frontend|paymentservice|productcatalogservice|recommendationservice|shippingservice,,,5.07097315788269,0.03364086151123047,12,10,False,False,False,False,False,False
OnlineBoutique,checkoutservice,delay,3,nsigma,mang,latency-50,duong,shippingservice|paymentservice|checkoutservice|cartservice|redis|productcatalogservice|recommendationservice|frontend|frontend-external|currencyservice|emailservice|adservice,paymentservice|checkoutservice|shippingservice|cartservice|currencyservice|recommendationservice|productcatalogservice|frontend|adservice|emailservice,adservice|cartservice|checkoutservice|currencyservice|emailservice|frontend|paymentservice|productcatalogservice|recommendationservice|shippingservice,,,0.01001596450805664,0.0022788047790527344,12,10,False,False,False,False,True,True
OnlineBoutique,checkoutservice,delay,3,baro,mang,latency-50,duong,redis|shippingservice|paymentservice|checkoutservice|cartservice|recommendationservice|productcatalogservice|frontend|emailservice|currencyservice|adservice|frontend-external,paymentservice|checkoutservice|shippingservice|cartservice|currencyservice|recommendationservice|adservice|frontend|productcatalogservice|emailservice,adservice|cartservice|checkoutservice|currencyservice|emailservice|frontend|paymentservice|productcatalogservice|recommendationservice|shippingservice,,,0.012801170349121094,0.002846956253051758,12,10,False,False,False,False,False,True
OnlineBoutique,checkoutservice,delay,3,circa,mang,latency-50,duong,emailservice|shippingservice|checkoutservice|paymentservice|frontend|adservice|productcatalogservice|currencyservice|recommendationservice|frontend-external|cartservice|redis,paymentservice|shippingservice|checkoutservice|recommendationservice|productcatalogservice|adservice|frontend|cartservice|currencyservice|emailservice,adservice|cartservice|checkoutservice|currencyservice|emailservice|frontend|paymentservice|productcatalogservice|recommendationservice|shippingservice,,,3.797100782394409,0.036248207092285156,12,10,False,False,False,False,True,True
OnlineBoutique,checkoutservice,delay,3,pc_randomwalk,mang,latency-50,duong,productcatalogservice|shippingservice|emailservice|currencyservice|adservice|frontend|recommendationservice|checkoutservice|paymentservice|cartservice|redis|frontend-external,productcatalogservice|shippingservice|cartservice|emailservice|frontend|paymentservice|adservice|checkoutservice|currencyservice|recommendationservice,adservice|cartservice|checkoutservice|currencyservice|emailservice|frontend|paymentservice|productcatalogservice|recommendationservice|shippingservice,,,3.8528871536254883,0.03396916389465332,12,10,False,False,False,False,False,False
OnlineBoutique,checkoutservice,disk,1,nsigma,tai nguyen,cpu,node,checkoutservice|emailservice|recommendationservice|shippingservice|productcatalogservice|redis|cartservice|frontend-external|adservice|currencyservice|paymentservice|frontend,checkoutservice|paymentservice|cartservice|shippingservice|adservice|emailservice|recommendationservice|productcatalogservice|redis|frontend|currencyservice,adservice|cartservice|checkoutservice|currencyservice|emailservice|frontend|paymentservice|productcatalogservice|recommendationservice|redis|shippingservice,,,0.010293006896972656,0.0023720264434814453,12,11,True,True,True,True,True,True
OnlineBoutique,checkoutservice,disk,1,baro,tai nguyen,cpu,node,redis|checkoutservice|cartservice|recommendationservice|shippingservice|currencyservice|productcatalogservice|adservice|frontend-external|emailservice|paymentservice|frontend,checkoutservice|paymentservice|frontend|redis|cartservice|emailservice|recommendationservice|adservice|shippingservice|currencyservice|productcatalogservice,adservice|cartservice|checkoutservice|currencyservice|emailservice|frontend|paymentservice|productcatalogservice|recommendationservice|redis|shippingservice,,,0.012622833251953125,0.0028710365295410156,12,11,False,False,True,True,True,True
OnlineBoutique,checkoutservice,disk,1,circa,tai nguyen,cpu,node,checkoutservice|emailservice|shippingservice|paymentservice|frontend|cartservice|currencyservice|productcatalogservice|recommendationservice|adservice|redis|frontend-external,paymentservice|checkoutservice|emailservice|productcatalogservice|recommendationservice|redis|cartservice|frontend|shippingservice|adservice|currencyservice,adservice|cartservice|checkoutservice|currencyservice|emailservice|frontend|paymentservice|productcatalogservice|recommendationservice|redis|shippingservice,,,5.848674058914185,0.05467700958251953,12,11,True,True,False,False,True,True
OnlineBoutique,checkoutservice,disk,1,pc_randomwalk,tai nguyen,cpu,node,adservice|paymentservice|cartservice|productcatalogservice|shippingservice|emailservice|currencyservice|checkoutservice|redis|frontend|recommendationservice|frontend-external,paymentservice|recommendationservice|checkoutservice|frontend|productcatalogservice|redis|shippingservice|adservice|cartservice|currencyservice|emailservice,adservice|cartservice|checkoutservice|currencyservice|emailservice|frontend|paymentservice|productcatalogservice|recommendationservice|redis|shippingservice,,,5.926786184310913,0.044001102447509766,12,11,False,False,False,False,False,True
OnlineBoutique,checkoutservice,disk,2,nsigma,tai nguyen,cpu,node,checkoutservice|paymentservice|adservice|shippingservice|emailservice|productcatalogservice|redis|frontend|currencyservice|cartservice|recommendationservice,checkoutservice|paymentservice|cartservice|emailservice|shippingservice|productcatalogservice|frontend|recommendationservice|adservice,adservice|cartservice|checkoutservice|emailservice|frontend|paymentservice|productcatalogservice|recommendationservice|shippingservice,,,0.009887218475341797,0.002149820327758789,11,9,True,True,True,True,True,True
OnlineBoutique,checkoutservice,disk,2,baro,tai nguyen,cpu,node,checkoutservice|paymentservice|recommendationservice|redis|cartservice|adservice|shippingservice|productcatalogservice|emailservice|frontend|currencyservice,checkoutservice|frontend|paymentservice|cartservice|productcatalogservice|emailservice|recommendationservice|shippingservice|adservice,adservice|cartservice|checkoutservice|emailservice|frontend|paymentservice|productcatalogservice|recommendationservice|shippingservice,,,0.012331962585449219,0.002655029296875,11,9,True,True,True,True,True,True
OnlineBoutique,checkoutservice,disk,2,circa,tai nguyen,cpu,node,checkoutservice|shippingservice|adservice|cartservice|recommendationservice|paymentservice|productcatalogservice|frontend|emailservice|currencyservice|redis,checkoutservice|adservice|recommendationservice|frontend|shippingservice|cartservice|emailservice|paymentservice|productcatalogservice,adservice|cartservice|checkoutservice|emailservice|frontend|paymentservice|productcatalogservice|recommendationservice|shippingservice,,,4.49535608291626,0.04654383659362793,11,9,True,True,True,True,True,True
OnlineBoutique,checkoutservice,disk,2,pc_randomwalk,tai nguyen,cpu,node,adservice|checkoutservice|paymentservice|frontend|recommendationservice|shippingservice|currencyservice|emailservice|cartservice|productcatalogservice|redis,paymentservice|shippingservice|cartservice|frontend|productcatalogservice|recommendationservice|adservice|checkoutservice|emailservice,adservice|cartservice|checkoutservice|emailservice|frontend|paymentservice|productcatalogservice|recommendationservice|shippingservice,,,4.609790086746216,0.03700709342956543,11,9,False,False,False,False,True,False
OnlineBoutique,checkoutservice,disk,3,nsigma,tai nguyen,cpu,node,checkoutservice|emailservice|cartservice|adservice|shippingservice|recommendationservice|currencyservice|redis|productcatalogservice|paymentservice|frontend,checkoutservice|adservice|paymentservice|cartservice|shippingservice|recommendationservice|productcatalogservice|frontend|currencyservice|redis,adservice|cartservice|checkoutservice|currencyservice|frontend|paymentservice|productcatalogservice|recommendationservice|redis|shippingservice,,,0.009705066680908203,0.0021467208862304688,11,10,True,True,True,True,True,True
OnlineBoutique,checkoutservice,disk,3,baro,tai nguyen,cpu,node,checkoutservice|redis|cartservice|adservice|recommendationservice|shippingservice|productcatalogservice|paymentservice|currencyservice|emailservice|frontend,checkoutservice|adservice|paymentservice|cartservice|productcatalogservice|shippingservice|frontend|recommendationservice|currencyservice|redis,adservice|cartservice|checkoutservice|currencyservice|frontend|paymentservice|productcatalogservice|recommendationservice|redis|shippingservice,,,0.012393951416015625,0.002766132354736328,11,10,True,True,True,True,True,True
OnlineBoutique,checkoutservice,disk,3,circa,tai nguyen,cpu,node,checkoutservice|redis|shippingservice|adservice|currencyservice|paymentservice|emailservice|frontend|cartservice|recommendationservice|productcatalogservice,checkoutservice|cartservice|recommendationservice|shippingservice|productcatalogservice|paymentservice|redis|currencyservice|frontend|adservice,adservice|cartservice|checkoutservice|currencyservice|frontend|paymentservice|productcatalogservice|recommendationservice|redis|shippingservice,,,3.824422836303711,0.053176164627075195,11,10,True,True,True,True,True,True
OnlineBoutique,checkoutservice,disk,3,pc_randomwalk,tai nguyen,cpu,node,emailservice|adservice|productcatalogservice|paymentservice|recommendationservice|currencyservice|shippingservice|checkoutservice|cartservice|redis|frontend,recommendationservice|shippingservice|cartservice|frontend|paymentservice|productcatalogservice|adservice|checkoutservice|currencyservice|redis,adservice|cartservice|checkoutservice|currencyservice|frontend|paymentservice|productcatalogservice|recommendationservice|redis|shippingservice,,,3.9154486656188965,0.048158884048461914,11,10,False,False,False,False,False,False
OnlineBoutique,checkoutservice,loss,1,nsigma,mang,latency-50,duong,checkoutservice|paymentservice|emailservice|productcatalogservice|redis|cartservice|frontend|currencyservice|shippingservice|adservice|recommendationservice|frontend-external,checkoutservice|paymentservice|emailservice|frontend|recommendationservice|currencyservice|shippingservice|adservice|productcatalogservice|cartservice,adservice|cartservice|checkoutservice|currencyservice|emailservice|frontend|paymentservice|productcatalogservice|recommendationservice|shippingservice,,,0.00999307632446289,0.002147197723388672,12,10,True,True,True,True,True,True
OnlineBoutique,checkoutservice,loss,1,baro,mang,latency-50,duong,redis|checkoutservice|paymentservice|emailservice|currencyservice|recommendationservice|shippingservice|productcatalogservice|frontend|cartservice|adservice|frontend-external,checkoutservice|paymentservice|frontend|recommendationservice|currencyservice|shippingservice|adservice|cartservice|productcatalogservice|emailservice,adservice|cartservice|checkoutservice|currencyservice|emailservice|frontend|paymentservice|productcatalogservice|recommendationservice|shippingservice,,,0.013086795806884766,0.0028362274169921875,12,10,False,True,True,True,True,True
OnlineBoutique,checkoutservice,loss,1,circa,mang,latency-50,duong,emailservice|shippingservice|checkoutservice|currencyservice|paymentservice|recommendationservice|cartservice|redis|frontend|adservice|productcatalogservice|frontend-external,checkoutservice|paymentservice|frontend|recommendationservice|adservice|currencyservice|cartservice|shippingservice|productcatalogservice|emailservice,adservice|cartservice|checkoutservice|currencyservice|emailservice|frontend|paymentservice|productcatalogservice|recommendationservice|shippingservice,,,7.934148073196411,0.047456979751586914,12,10,False,False,True,True,True,True
OnlineBoutique,checkoutservice,loss,1,pc_randomwalk,mang,latency-50,duong,adservice|productcatalogservice|checkoutservice|recommendationservice|shippingservice|frontend-external|cartservice|emailservice|currencyservice|paymentservice|redis|frontend,productcatalogservice|shippingservice|cartservice|emailservice|frontend|paymentservice|adservice|checkoutservice|currencyservice|recommendationservice,adservice|cartservice|checkoutservice|currencyservice|emailservice|frontend|paymentservice|productcatalogservice|recommendationservice|shippingservice,,,7.306636810302734,0.05523395538330078,12,10,False,False,False,False,True,False
OnlineBoutique,checkoutservice,loss,2,nsigma,mang,latency-50,duong,emailservice|checkoutservice|cartservice|frontend|paymentservice|adservice|shippingservice|recommendationservice|redis|currencyservice|productcatalogservice|frontend-external,checkoutservice|emailservice|paymentservice|frontend|cartservice|currencyservice|recommendationservice|shippingservice|adservice|productcatalogservice,adservice|cartservice|checkoutservice|currencyservice|emailservice|frontend|paymentservice|productcatalogservice|recommendationservice|shippingservice,,,0.009567022323608398,0.002197742462158203,12,10,False,False,True,True,True,True
OnlineBoutique,checkoutservice,loss,2,baro,mang,latency-50,duong,redis|emailservice|checkoutservice|cartservice|frontend|paymentservice|recommendationservice|shippingservice|adservice|productcatalogservice|currencyservice|frontend-external,checkoutservice|emailservice|paymentservice|frontend|cartservice|currencyservice|recommendationservice|shippingservice|adservice|productcatalogservice,adservice|cartservice|checkoutservice|currencyservice|emailservice|frontend|paymentservice|productcatalogservice|recommendationservice|shippingservice,,,0.011690139770507812,0.0026078224182128906,12,10,False,False,True,True,True,True
OnlineBoutique,checkoutservice,loss,2,circa,mang,latency-50,duong,emailservice|checkoutservice|paymentservice|shippingservice|frontend|recommendationservice|productcatalogservice|adservice|currencyservice|cartservice|frontend-external|redis,currencyservice|checkoutservice|paymentservice|shippingservice|productcatalogservice|frontend|cartservice|recommendationservice|adservice|emailservice,adservice|cartservice|checkoutservice|currencyservice|emailservice|frontend|paymentservice|productcatalogservice|recommendationservice|shippingservice,,,5.032293081283569,0.04329800605773926,12,10,False,False,False,False,True,True
OnlineBoutique,checkoutservice,loss,2,pc_randomwalk,mang,latency-50,duong,adservice|currencyservice|productcatalogservice|recommendationservice|frontend|checkoutservice|shippingservice|paymentservice|cartservice|redis|emailservice|frontend-external,productcatalogservice|shippingservice|cartservice|emailservice|frontend|paymentservice|adservice|checkoutservice|currencyservice|recommendationservice,adservice|cartservice|checkoutservice|currencyservice|emailservice|frontend|paymentservice|productcatalogservice|recommendationservice|shippingservice,,,4.964185953140259,0.04929018020629883,12,10,False,False,False,False,False,False
OnlineBoutique,checkoutservice,loss,3,nsigma,mang,workload,node,emailservice|checkoutservice|paymentservice|frontend|adservice|productcatalogservice|redis|shippingservice|recommendationservice|currencyservice|cartservice|frontend-external,currencyservice|adservice|productcatalogservice|frontend-external|cartservice,adservice|cartservice|currencyservice|frontend-external|productcatalogservice,,,0.007534027099609375,0.0014030933380126953,12,5,False,False,False,False,True,False
OnlineBoutique,checkoutservice,loss,3,baro,mang,workload,node,redis|checkoutservice|emailservice|frontend|adservice|paymentservice|productcatalogservice|currencyservice|recommendationservice|shippingservice|cartservice|frontend-external,adservice|currencyservice|productcatalogservice|frontend-external|cartservice,adservice|cartservice|currencyservice|frontend-external|productcatalogservice,,,0.009246826171875,0.001667022705078125,12,5,False,False,False,False,True,False
OnlineBoutique,checkoutservice,loss,3,circa,mang,workload,node,emailservice|paymentservice|recommendationservice|shippingservice|productcatalogservice|currencyservice|cartservice|frontend-external|adservice|checkoutservice|frontend|redis,frontend-external|currencyservice|cartservice|adservice|productcatalogservice,adservice|cartservice|currencyservice|frontend-external|productcatalogservice,,,2.334636926651001,0.012146949768066406,12,5,False,False,False,False,False,False
OnlineBoutique,checkoutservice,loss,3,pc_randomwalk,mang,workload,node,adservice|shippingservice|recommendationservice|cartservice|emailservice|checkoutservice|paymentservice|currencyservice|productcatalogservice|frontend|redis|frontend-external,adservice|currencyservice|frontend-external|productcatalogservice|cartservice,adservice|cartservice|currencyservice|frontend-external|productcatalogservice,,,2.4780361652374268,0.008416891098022461,12,5,False,False,False,False,False,False
OnlineBoutique,checkoutservice,mem,1,nsigma,tai nguyen,cpu,node,checkoutservice|emailservice|frontend|adservice|paymentservice|shippingservice|redis|cartservice|currencyservice|productcatalogservice|recommendationservice|frontend-external,checkoutservice|paymentservice|shippingservice|adservice|cartservice|emailservice|redis|frontend|productcatalogservice|recommendationservice,adservice|cartservice|checkoutservice|emailservice|frontend|paymentservice|productcatalogservice|recommendationservice|redis|shippingservice,,,0.010046005249023438,0.002161741256713867,12,10,True,True,True,True,True,True
OnlineBoutique,checkoutservice,mem,1,baro,tai nguyen,cpu,node,redis|checkoutservice|frontend|emailservice|adservice|paymentservice|shippingservice|productcatalogservice|recommendationservice|cartservice|currencyservice|frontend-external,checkoutservice|paymentservice|shippingservice|redis|frontend|adservice|emailservice|cartservice|productcatalogservice|recommendationservice,adservice|cartservice|checkoutservice|emailservice|frontend|paymentservice|productcatalogservice|recommendationservice|redis|shippingservice,,,0.012206077575683594,0.002608060836791992,12,10,False,False,True,True,True,True
OnlineBoutique,checkoutservice,mem,1,circa,tai nguyen,cpu,node,emailservice|checkoutservice|adservice|paymentservice|frontend|redis|shippingservice|productcatalogservice|recommendationservice|currencyservice|cartservice|frontend-external,checkoutservice|recommendationservice|emailservice|cartservice|frontend|productcatalogservice|shippingservice|paymentservice|redis|adservice,adservice|cartservice|checkoutservice|emailservice|frontend|paymentservice|productcatalogservice|recommendationservice|redis|shippingservice,,,4.370491027832031,0.03626132011413574,12,10,False,False,True,True,True,True
OnlineBoutique,checkoutservice,mem,1,pc_randomwalk,tai nguyen,cpu,node,adservice|productcatalogservice|checkoutservice|paymentservice|recommendationservice|frontend|shippingservice|frontend-external|cartservice|emailservice|currencyservice|redis,recommendationservice|shippingservice|cartservice|frontend|paymentservice|productcatalogservice|adservice|checkoutservice|emailservice|redis,adservice|cartservice|checkoutservice|emailservice|frontend|paymentservice|productcatalogservice|recommendationservice|redis|shippingservice,,,4.321710824966431,0.026059865951538086,12,10,False,False,False,False,True,False
OnlineBoutique,checkoutservice,mem,2,nsigma,tai nguyen,latency-50,duong,checkoutservice|emailservice|frontend|paymentservice|frontend-external|currencyservice|shippingservice|cartservice|productcatalogservice|recommendationservice|adservice|redis,checkoutservice|paymentservice|emailservice|currencyservice|cartservice|frontend|productcatalogservice|shippingservice|adservice|recommendationservice,adservice|cartservice|checkoutservice|currencyservice|emailservice|frontend|paymentservice|productcatalogservice|recommendationservice|shippingservice,,,0.007783174514770508,0.002033233642578125,12,10,True,True,True,True,True,True
OnlineBoutique,checkoutservice,mem,2,baro,tai nguyen,latency-50,duong,checkoutservice|emailservice|paymentservice|shippingservice|cartservice|currencyservice|frontend|productcatalogservice|recommendationservice|frontend-external|adservice|redis,checkoutservice|paymentservice|emailservice|currencyservice|cartservice|frontend|shippingservice|productcatalogservice|recommendationservice|adservice,adservice|cartservice|checkoutservice|currencyservice|emailservice|frontend|paymentservice|productcatalogservice|recommendationservice|shippingservice,,,0.010025978088378906,0.0025682449340820312,12,10,True,True,True,True,True,True
OnlineBoutique,checkoutservice,mem,2,circa,tai nguyen,latency-50,duong,cartservice|checkoutservice|paymentservice|frontend|currencyservice|adservice|recommendationservice|shippingservice|frontend-external|productcatalogservice|emailservice|redis,currencyservice|recommendationservice|cartservice|frontend|emailservice|checkoutservice|shippingservice|adservice|paymentservice|productcatalogservice,adservice|cartservice|checkoutservice|currencyservice|emailservice|frontend|paymentservice|productcatalogservice|recommendationservice|shippingservice,,,2.3485162258148193,0.04113411903381348,12,10,False,False,False,False,True,False
OnlineBoutique,checkoutservice,mem,2,pc_randomwalk,tai nguyen,latency-50,duong,adservice|currencyservice|cartservice|paymentservice|shippingservice|emailservice|productcatalogservice|frontend|redis|checkoutservice|frontend-external|recommendationservice,productcatalogservice|shippingservice|cartservice|emailservice|frontend|paymentservice|adservice|checkoutservice|currencyservice|recommendationservice,adservice|cartservice|checkoutservice|currencyservice|emailservice|frontend|paymentservice|productcatalogservice|recommendationservice|shippingservice,,,2.548931837081909,0.044522762298583984,12,10,False,False,False,False,False,False
OnlineBoutique,checkoutservice,mem,3,nsigma,tai nguyen,cpu,node,checkoutservice|cartservice|emailservice|paymentservice|currencyservice|frontend|redis|shippingservice|recommendationservice|adservice|productcatalogservice|frontend-external,checkoutservice|emailservice|paymentservice|cartservice|shippingservice|recommendationservice|adservice|frontend|productcatalogservice|currencyservice|redis,adservice|cartservice|checkoutservice|currencyservice|emailservice|frontend|paymentservice|productcatalogservice|recommendationservice|redis|shippingservice,,,0.010603189468383789,0.002421140670776367,12,11,True,True,True,True,True,True
OnlineBoutique,checkoutservice,mem,3,baro,tai nguyen,cpu,node,checkoutservice|redis|cartservice|emailservice|paymentservice|frontend|recommendationservice|currencyservice|shippingservice|adservice|productcatalogservice|frontend-external,checkoutservice|emailservice|recommendationservice|cartservice|paymentservice|frontend|shippingservice|currencyservice|redis|adservice|productcatalogservice,adservice|cartservice|checkoutservice|currencyservice|emailservice|frontend|paymentservice|productcatalogservice|recommendationservice|redis|shippingservice,,,0.01345515251159668,0.0030641555786132812,12,11,True,True,True,True,True,True
OnlineBoutique,checkoutservice,mem,3,circa,tai nguyen,cpu,node,checkoutservice|shippingservice|paymentservice|adservice|recommendationservice|frontend|emailservice|productcatalogservice|frontend-external|cartservice|currencyservice|redis,checkoutservice|recommendationservice|productcatalogservice|frontend|adservice|redis|paymentservice|shippingservice|emailservice|cartservice|currencyservice,adservice|cartservice|checkoutservice|currencyservice|emailservice|frontend|paymentservice|productcatalogservice|recommendationservice|redis|shippingservice,,,6.5658488273620605,0.12153077125549316,12,11,True,True,True,True,True,True
OnlineBoutique,checkoutservice,mem,3,pc_randomwalk,tai nguyen,cpu,node,adservice|paymentservice|cartservice|productcatalogservice|shippingservice|emailservice|currencyservice|checkoutservice|redis|frontend|recommendationservice|frontend-external,paymentservice|recommendationservice|checkoutservice|frontend|productcatalogservice|redis|shippingservice|adservice|cartservice|currencyservice|emailservice,adservice|cartservice|checkoutservice|currencyservice|emailservice|frontend|paymentservice|productcatalogservice|recommendationservice|redis|shippingservice,,,6.41751503944397,0.07571983337402344,12,11,False,False,False,False,False,True
OnlineBoutique,checkoutservice,socket,1,nsigma,tai nguyen,cpu,node,checkoutservice|emailservice|paymentservice|productcatalogservice|redis|currencyservice|recommendationservice|frontend|shippingservice|adservice|frontend-external|cartservice,checkoutservice|paymentservice|currencyservice|shippingservice|productcatalogservice|cartservice|frontend|redis|recommendationservice,cartservice|checkoutservice|currencyservice|frontend|paymentservice|productcatalogservice|recommendationservice|redis|shippingservice,,,0.009541034698486328,0.0020360946655273438,12,9,True,True,True,True,True,True
OnlineBoutique,checkoutservice,socket,1,baro,tai nguyen,cpu,node,checkoutservice|redis|emailservice|productcatalogservice|paymentservice|frontend|cartservice|recommendationservice|currencyservice|adservice|shippingservice|frontend-external,checkoutservice|cartservice|paymentservice|currencyservice|productcatalogservice|recommendationservice|frontend|shippingservice|redis,cartservice|checkoutservice|currencyservice|frontend|paymentservice|productcatalogservice|recommendationservice|redis|shippingservice,,,0.011786937713623047,0.0024721622467041016,12,9,True,True,True,True,True,True
OnlineBoutique,checkoutservice,socket,1,circa,tai nguyen,cpu,node,cartservice|checkoutservice|currencyservice|frontend|paymentservice|productcatalogservice|recommendationservice|redis|shippingservice|adservice|emailservice|frontend-external,cartservice|productcatalogservice|paymentservice|checkoutservice|shippingservice|frontend|recommendationservice|currencyservice|redis,cartservice|checkoutservice|currencyservice|frontend|paymentservice|productcatalogservice|recommendationservice|redis|shippingservice,FALLBACK,,0.19894981384277344,0.06581926345825195,12,9,False,False,False,False,True,False
OnlineBoutique,checkoutservice,socket,1,pc_randomwalk,tai nguyen,cpu,node,cartservice|checkoutservice|currencyservice|frontend|paymentservice|productcatalogservice|recommendationservice|redis|shippingservice|adservice|emailservice|frontend-external,productcatalogservice|shippingservice|checkoutservice|paymentservice|recommendationservice|redis|cartservice|currencyservice|frontend,cartservice|checkoutservice|currencyservice|frontend|paymentservice|productcatalogservice|recommendationservice|redis|shippingservice,FALLBACK,,0.2672121524810791,0.06943202018737793,12,9,False,False,False,False,True,True
OnlineBoutique,checkoutservice,socket,2,nsigma,tai nguyen,cpu,node,checkoutservice|shippingservice|paymentservice|recommendationservice|frontend|redis|productcatalogservice|cartservice|currencyservice|adservice|emailservice|frontend-external,checkoutservice|paymentservice|productcatalogservice|shippingservice|adservice|currencyservice|emailservice|frontend|recommendationservice|cartservice|redis,adservice|cartservice|checkoutservice|currencyservice|emailservice|frontend|paymentservice|productcatalogservice|recommendationservice|redis|shippingservice,,,0.010131120681762695,0.0024809837341308594,12,11,True,True,True,True,True,True
OnlineBoutique,checkoutservice,socket,2,baro,tai nguyen,cpu,node,redis|checkoutservice|shippingservice|paymentservice|adservice|frontend|recommendationservice|currencyservice|productcatalogservice|emailservice|cartservice|frontend-external,checkoutservice|paymentservice|currencyservice|frontend|adservice|productcatalogservice|emailservice|recommendationservice|shippingservice|cartservice|redis,adservice|cartservice|checkoutservice|currencyservice|emailservice|frontend|paymentservice|productcatalogservice|recommendationservice|redis|shippingservice,,,0.012142181396484375,0.002833127975463867,12,11,False,False,True,True,True,True
OnlineBoutique,checkoutservice,socket,2,circa,tai nguyen,cpu,node,adservice|cartservice|checkoutservice|currencyservice|emailservice|frontend|paymentservice|productcatalogservice|recommendationservice|redis|shippingservice|frontend-external,checkoutservice|emailservice|paymentservice|adservice|shippingservice|redis|currencyservice|cartservice|frontend|recommendationservice|productcatalogservice,adservice|cartservice|checkoutservice|currencyservice|emailservice|frontend|paymentservice|productcatalogservice|recommendationservice|redis|shippingservice,FALLBACK,,1.0039408206939697,0.09111499786376953,12,11,False,False,True,True,True,True
OnlineBoutique,checkoutservice,socket,2,pc_randomwalk,tai nguyen,cpu,node,adservice|cartservice|checkoutservice|currencyservice|emailservice|frontend|paymentservice|productcatalogservice|recommendationservice|redis|shippingservice|frontend-external,paymentservice|recommendationservice|checkoutservice|frontend|productcatalogservice|redis|shippingservice|adservice|cartservice|currencyservice|emailservice,adservice|cartservice|checkoutservice|currencyservice|emailservice|frontend|paymentservice|productcatalogservice|recommendationservice|redis|shippingservice,FALLBACK,,1.112743854522705,0.0968930721282959,12,11,False,False,False,False,True,True
OnlineBoutique,checkoutservice,socket,3,nsigma,tai nguyen,latency-50,duong,checkoutservice|emailservice|paymentservice|shippingservice|adservice|productcatalogservice|redis|recommendationservice|currencyservice|frontend|cartservice|frontend-external,checkoutservice|paymentservice|emailservice|productcatalogservice|recommendationservice|cartservice|adservice|frontend|currencyservice|shippingservice,adservice|cartservice|checkoutservice|currencyservice|emailservice|frontend|paymentservice|productcatalogservice|recommendationservice|shippingservice,,,0.010540008544921875,0.002279043197631836,12,10,True,True,True,True,True,True
OnlineBoutique,checkoutservice,socket,3,baro,tai nguyen,latency-50,duong,redis|checkoutservice|emailservice|shippingservice|paymentservice|recommendationservice|productcatalogservice|adservice|frontend|currencyservice|cartservice|frontend-external,checkoutservice|paymentservice|productcatalogservice|recommendationservice|adservice|cartservice|frontend|currencyservice|shippingservice|emailservice,adservice|cartservice|checkoutservice|currencyservice|emailservice|frontend|paymentservice|productcatalogservice|recommendationservice|shippingservice,,,0.012660026550292969,0.0028700828552246094,12,10,False,True,True,True,True,True
OnlineBoutique,checkoutservice,socket,3,circa,tai nguyen,latency-50,duong,checkoutservice|frontend|shippingservice|paymentservice|productcatalogservice|currencyservice|emailservice|redis|cartservice|adservice|recommendationservice|frontend-external,paymentservice|checkoutservice|emailservice|productcatalogservice|frontend|shippingservice|recommendationservice|cartservice|currencyservice|adservice,adservice|cartservice|checkoutservice|currencyservice|emailservice|frontend|paymentservice|productcatalogservice|recommendationservice|shippingservice,,,4.258399963378906,0.042825937271118164,12,10,True,True,False,False,True,True
OnlineBoutique,checkoutservice,socket,3,pc_randomwalk,tai nguyen,latency-50,duong,redis|adservice|recommendationservice|currencyservice|productcatalogservice|frontend|shippingservice|frontend-external|cartservice|emailservice|checkoutservice|paymentservice,productcatalogservice|shippingservice|cartservice|emailservice|frontend|paymentservice|adservice|checkoutservice|currencyservice|recommendationservice,adservice|cartservice|checkoutservice|currencyservice|emailservice|frontend|paymentservice|productcatalogservice|recommendationservice|shippingservice,,,4.446500778198242,0.043976783752441406,12,10,False,False,False,False,False,False
OnlineBoutique,currencyservice,cpu,1,nsigma,tai nguyen,latency-50,duong,currencyservice|checkoutservice|recommendationservice|emailservice|frontend|cartservice|shippingservice|productcatalogservice|paymentservice|redis|adservice|frontend-external,currencyservice|frontend|emailservice|recommendationservice|cartservice|checkoutservice|productcatalogservice|paymentservice|shippingservice|adservice,adservice|cartservice|checkoutservice|currencyservice|emailservice|frontend|paymentservice|productcatalogservice|recommendationservice|shippingservice,,,0.01149892807006836,0.0023691654205322266,12,10,True,True,True,True,True,True
OnlineBoutique,currencyservice,cpu,1,baro,tai nguyen,latency-50,duong,redis|currencyservice|cartservice|checkoutservice|recommendationservice|frontend|shippingservice|productcatalogservice|paymentservice|emailservice|adservice|frontend-external,currencyservice|frontend|recommendationservice|cartservice|checkoutservice|productcatalogservice|paymentservice|shippingservice|adservice|emailservice,adservice|cartservice|checkoutservice|currencyservice|emailservice|frontend|paymentservice|productcatalogservice|recommendationservice|shippingservice,,,0.013703107833862305,0.0028171539306640625,12,10,False,True,True,True,True,True
OnlineBoutique,currencyservice,cpu,1,circa,tai nguyen,latency-50,duong,cartservice|frontend|currencyservice|checkoutservice|recommendationservice|productcatalogservice|shippingservice|paymentservice|adservice|redis|emailservice|frontend-external,currencyservice|checkoutservice|shippingservice|frontend|productcatalogservice|cartservice|recommendationservice|adservice|paymentservice|emailservice,adservice|cartservice|checkoutservice|currencyservice|emailservice|frontend|paymentservice|productcatalogservice|recommendationservice|shippingservice,,,6.653804063796997,0.05701017379760742,12,10,False,False,True,True,True,True
OnlineBoutique,currencyservice,cpu,1,pc_randomwalk,tai nguyen,latency-50,duong,adservice|currencyservice|cartservice|checkoutservice|recommendationservice|paymentservice|productcatalogservice|emailservice|redis|frontend|frontend-external|shippingservice,productcatalogservice|shippingservice|cartservice|emailservice|frontend|paymentservice|adservice|checkoutservice|currencyservice|recommendationservice,adservice|cartservice|checkoutservice|currencyservice|emailservice|frontend|paymentservice|productcatalogservice|recommendationservice|shippingservice,,,6.854934215545654,0.060373783111572266,12,10,False,False,False,False,True,False
OnlineBoutique,currencyservice,cpu,2,nsigma,tai nguyen,latency-50,duong,cartservice|currencyservice|checkoutservice|frontend|emailservice|recommendationservice|productcatalogservice|shippingservice|adservice|paymentservice|redis|frontend-external,currencyservice|frontend|emailservice|cartservice|recommendationservice|checkoutservice|adservice|productcatalogservice|paymentservice|shippingservice,adservice|cartservice|checkoutservice|currencyservice|emailservice|frontend|paymentservice|productcatalogservice|recommendationservice|shippingservice,,,0.012594223022460938,0.0027887821197509766,12,10,False,False,True,True,True,True
OnlineBoutique,currencyservice,cpu,2,baro,tai nguyen,latency-50,duong,cartservice|currencyservice|checkoutservice|frontend|redis|recommendationservice|productcatalogservice|paymentservice|shippingservice|adservice|emailservice|frontend-external,currencyservice|frontend|cartservice|recommendationservice|checkoutservice|adservice|productcatalogservice|paymentservice|shippingservice|emailservice,adservice|cartservice|checkoutservice|currencyservice|emailservice|frontend|paymentservice|productcatalogservice|recommendationservice|shippingservice,,,0.014731168746948242,0.0035088062286376953,12,10,False,False,True,True,True,True
OnlineBoutique,currencyservice,cpu,2,circa,tai nguyen,latency-50,duong,adservice|cartservice|checkoutservice|currencyservice|emailservice|frontend|productcatalogservice|recommendationservice|shippingservice|paymentservice|redis|frontend-external,currencyservice|cartservice|checkoutservice|frontend|shippingservice|recommendationservice|productcatalogservice|paymentservice|adservice|emailservice,adservice|cartservice|checkoutservice|currencyservice|emailservice|frontend|paymentservice|productcatalogservice|recommendationservice|shippingservice,FALLBACK,,0.0916128158569336,0.05156207084655762,12,10,False,False,True,True,False,True
OnlineBoutique,currencyservice,cpu,2,pc_randomwalk,tai nguyen,latency-50,duong,adservice|cartservice|checkoutservice|currencyservice|emailservice|frontend|productcatalogservice|recommendationservice|shippingservice|paymentservice|redis|frontend-external,productcatalogservice|shippingservice|cartservice|emailservice|frontend|paymentservice|adservice|checkoutservice|currencyservice|recommendationservice,adservice|cartservice|checkoutservice|currencyservice|emailservice|frontend|paymentservice|productcatalogservice|recommendationservice|shippingservice,FALLBACK,,0.09317922592163086,0.05413198471069336,12,10,False,False,False,False,False,False
OnlineBoutique,currencyservice,cpu,3,nsigma,tai nguyen,latency-50,duong,currencyservice|checkoutservice|cartservice|frontend|emailservice|productcatalogservice|recommendationservice|shippingservice|adservice|redis|paymentservice|frontend-external,currencyservice|frontend|emailservice|cartservice|checkoutservice|productcatalogservice|shippingservice|recommendationservice|paymentservice|adservice,adservice|cartservice|checkoutservice|currencyservice|emailservice|frontend|paymentservice|productcatalogservice|recommendationservice|shippingservice,,,0.07170701026916504,0.002985239028930664,12,10,True,True,True,True,True,True
OnlineBoutique,currencyservice,cpu,3,baro,tai nguyen,latency-50,duong,redis|currencyservice|checkoutservice|cartservice|frontend|recommendationservice|productcatalogservice|shippingservice|adservice|emailservice|paymentservice|frontend-external,currencyservice|frontend|cartservice|checkoutservice|recommendationservice|shippingservice|productcatalogservice|paymentservice|adservice|emailservice,adservice|cartservice|checkoutservice|currencyservice|emailservice|frontend|paymentservice|productcatalogservice|recommendationservice|shippingservice,,,0.01566314697265625,0.0033369064331054688,12,10,False,True,True,True,True,True
OnlineBoutique,currencyservice,cpu,3,circa,tai nguyen,latency-50,duong,emailservice|cartservice|currencyservice|shippingservice|frontend|recommendationservice|checkoutservice|productcatalogservice|adservice|redis|paymentservice|frontend-external,frontend|currencyservice|checkoutservice|recommendationservice|productcatalogservice|cartservice|shippingservice|paymentservice|adservice|emailservice,adservice|cartservice|checkoutservice|currencyservice|emailservice|frontend|paymentservice|productcatalogservice|recommendationservice|shippingservice,,,5.765784978866577,0.0562739372253418,12,10,False,False,False,True,True,True
OnlineBoutique,currencyservice,cpu,3,pc_randomwalk,tai nguyen,latency-50,duong,adservice|paymentservice|cartservice|productcatalogservice|shippingservice|recommendationservice|frontend-external|emailservice|currencyservice|checkoutservice|redis|frontend,productcatalogservice|shippingservice|cartservice|emailservice|frontend|paymentservice|adservice|checkoutservice|currencyservice|recommendationservice,adservice|cartservice|checkoutservice|currencyservice|emailservice|frontend|paymentservice|productcatalogservice|recommendationservice|shippingservice,,,5.601063966751099,0.05467581748962402,12,10,False,False,False,False,False,False
OnlineBoutique,currencyservice,delay,1,nsigma,mang,latency-50,duong,currencyservice|frontend|checkoutservice|adservice|emailservice|paymentservice|redis|shippingservice|recommendationservice|productcatalogservice|cartservice|frontend-external,currencyservice|frontend|checkoutservice|emailservice|paymentservice|adservice|productcatalogservice|shippingservice|recommendationservice|cartservice,adservice|cartservice|checkoutservice|currencyservice|emailservice|frontend|paymentservice|productcatalogservice|recommendationservice|shippingservice,,,0.010448932647705078,0.0023272037506103516,12,10,True,True,True,True,True,True
OnlineBoutique,currencyservice,delay,1,baro,mang,latency-50,duong,redis|currencyservice|checkoutservice|frontend|recommendationservice|adservice|productcatalogservice|paymentservice|shippingservice|emailservice|cartservice|frontend-external,currencyservice|frontend|checkoutservice|paymentservice|adservice|productcatalogservice|shippingservice|recommendationservice|emailservice|cartservice,adservice|cartservice|checkoutservice|currencyservice|emailservice|frontend|paymentservice|productcatalogservice|recommendationservice|shippingservice,,,0.013341903686523438,0.002766132354736328,12,10,False,True,True,True,True,True
OnlineBoutique,currencyservice,delay,1,circa,mang,latency-50,duong,adservice|cartservice|checkoutservice|currencyservice|emailservice|frontend|paymentservice|productcatalogservice|recommendationservice|redis|shippingservice|frontend-external,frontend|currencyservice|cartservice|recommendationservice|checkoutservice|paymentservice|shippingservice|productcatalogservice|adservice|emailservice,adservice|cartservice|checkoutservice|currencyservice|emailservice|frontend|paymentservice|productcatalogservice|recommendationservice|shippingservice,FALLBACK,,0.08614301681518555,0.04137396812438965,12,10,False,False,False,True,False,True
OnlineBoutique,currencyservice,delay,1,pc_randomwalk,mang,latency-50,duong,adservice|cartservice|checkoutservice|currencyservice|emailservice|frontend|paymentservice|productcatalogservice|recommendationservice|redis|shippingservice|frontend-external,productcatalogservice|shippingservice|cartservice|emailservice|frontend|paymentservice|adservice|checkoutservice|currencyservice|recommendationservice,adservice|cartservice|checkoutservice|currencyservice|emailservice|frontend|paymentservice|productcatalogservice|recommendationservice|shippingservice,FALLBACK,,0.09457802772521973,0.03998899459838867,12,10,False,False,False,False,False,False
OnlineBoutique,currencyservice,delay,2,nsigma,mang,latency-50,duong,currencyservice|checkoutservice|frontend|emailservice|paymentservice|adservice|redis|recommendationservice|shippingservice|productcatalogservice|cartservice|frontend-external,currencyservice|checkoutservice|frontend|paymentservice|recommendationservice|productcatalogservice|emailservice|adservice|cartservice|shippingservice,adservice|cartservice|checkoutservice|currencyservice|emailservice|frontend|paymentservice|productcatalogservice|recommendationservice|shippingservice,,,0.011059045791625977,0.002315998077392578,12,10,True,True,True,True,True,True
OnlineBoutique,currencyservice,delay,2,baro,mang,latency-50,duong,redis|currencyservice|frontend|checkoutservice|emailservice|paymentservice|recommendationservice|shippingservice|adservice|cartservice|productcatalogservice|frontend-external,currencyservice|checkoutservice|frontend|paymentservice|adservice|recommendationservice|cartservice|productcatalogservice|shippingservice|emailservice,adservice|cartservice|checkoutservice|currencyservice|emailservice|frontend|paymentservice|productcatalogservice|recommendationservice|shippingservice,,,0.013525009155273438,0.0028460025787353516,12,10,False,True,True,True,True,True
OnlineBoutique,currencyservice,delay,2,circa,mang,latency-50,duong,currencyservice|frontend|checkoutservice|paymentservice|shippingservice|productcatalogservice|adservice|recommendationservice|cartservice|frontend-external|redis|emailservice,currencyservice|frontend|checkoutservice|shippingservice|productcatalogservice|recommendationservice|cartservice|paymentservice|adservice,adservice|cartservice|checkoutservice|currencyservice|emailservice|frontend|paymentservice|productcatalogservice|recommendationservice|shippingservice,,,4.313949823379517,0.03864622116088867,12,9,True,True,True,True,True,True
OnlineBoutique,currencyservice,delay,2,pc_randomwalk,mang,latency-50,duong,adservice|paymentservice|checkoutservice|recommendationservice|frontend|shippingservice|frontend-external|cartservice|emailservice|currencyservice|productcatalogservice|redis,productcatalogservice|shippingservice|cartservice|emailservice|frontend|paymentservice|adservice|checkoutservice|currencyservice|recommendationservice,adservice|cartservice|checkoutservice|currencyservice|emailservice|frontend|paymentservice|productcatalogservice|recommendationservice|shippingservice,,,3.8777060508728027,0.03481602668762207,12,10,False,False,False,False,False,False
OnlineBoutique,currencyservice,delay,3,nsigma,mang,latency-50,duong,currencyservice|checkoutservice|frontend|emailservice|recommendationservice|cartservice|redis|productcatalogservice|adservice|shippingservice|paymentservice|frontend-external,currencyservice|checkoutservice|frontend|cartservice|recommendationservice|emailservice|productcatalogservice|adservice|paymentservice|shippingservice,adservice|cartservice|checkoutservice|currencyservice|emailservice|frontend|paymentservice|productcatalogservice|recommendationservice|shippingservice,,,0.008997201919555664,0.0020248889923095703,12,10,True,True,True,True,True,True
OnlineBoutique,currencyservice,delay,3,baro,mang,latency-50,duong,redis|currencyservice|checkoutservice|frontend|emailservice|recommendationservice|paymentservice|cartservice|shippingservice|productcatalogservice|adservice|frontend-external,currencyservice|checkoutservice|frontend|cartservice|recommendationservice|paymentservice|adservice|productcatalogservice|shippingservice|emailservice,adservice|cartservice|checkoutservice|currencyservice|emailservice|frontend|paymentservice|productcatalogservice|recommendationservice|shippingservice,,,0.011693239212036133,0.0025491714477539062,12,10,False,True,True,True,True,True
OnlineBoutique,currencyservice,delay,3,circa,mang,latency-50,duong,currencyservice|frontend|checkoutservice|adservice|paymentservice|redis|shippingservice|productcatalogservice|emailservice|recommendationservice|cartservice|frontend-external,currencyservice|checkoutservice|frontend|productcatalogservice|recommendationservice|cartservice|paymentservice|adservice|shippingservice|emailservice,adservice|cartservice|checkoutservice|currencyservice|emailservice|frontend|paymentservice|productcatalogservice|recommendationservice|shippingservice,,,3.7071475982666016,0.02845621109008789,12,10,True,True,True,True,True,True
OnlineBoutique,currencyservice,delay,3,pc_randomwalk,mang,latency-50,duong,productcatalogservice|shippingservice|emailservice|currencyservice|adservice|frontend|recommendationservice|checkoutservice|paymentservice|cartservice|redis|frontend-external,productcatalogservice|shippingservice|cartservice|emailservice|frontend|paymentservice|adservice|checkoutservice|currencyservice|recommendationservice,adservice|cartservice|checkoutservice|currencyservice|emailservice|frontend|paymentservice|productcatalogservice|recommendationservice|shippingservice,,,3.796797037124634,0.024248838424682617,12,10,False,False,False,False,False,False
OnlineBoutique,currencyservice,disk,1,nsigma,tai nguyen,latency-50,duong,currencyservice|recommendationservice|frontend|paymentservice|checkoutservice|emailservice|shippingservice|adservice|cartservice|redis|productcatalogservice|frontend-external,currencyservice|frontend|checkoutservice|emailservice|recommendationservice|paymentservice|cartservice|shippingservice|adservice|productcatalogservice,adservice|cartservice|checkoutservice|currencyservice|emailservice|frontend|paymentservice|productcatalogservice|recommendationservice|shippingservice,,,0.008996963500976562,0.0019009113311767578,12,10,True,True,True,True,True,True
OnlineBoutique,currencyservice,disk,1,baro,tai nguyen,latency-50,duong,redis|currencyservice|recommendationservice|paymentservice|frontend|checkoutservice|cartservice|shippingservice|adservice|productcatalogservice|emailservice|frontend-external,currencyservice|frontend|checkoutservice|recommendationservice|paymentservice|cartservice|shippingservice|productcatalogservice|adservice|emailservice,adservice|cartservice|checkoutservice|currencyservice|emailservice|frontend|paymentservice|productcatalogservice|recommendationservice|shippingservice,,,0.011002302169799805,0.002321004867553711,12,10,False,True,True,True,True,True
OnlineBoutique,currencyservice,disk,1,circa,tai nguyen,latency-50,duong,adservice|cartservice|checkoutservice|currencyservice|emailservice|frontend|paymentservice|productcatalogservice|recommendationservice|redis|shippingservice|frontend-external,emailservice|checkoutservice|currencyservice|frontend|shippingservice|recommendationservice|cartservice|productcatalogservice|paymentservice|adservice,adservice|cartservice|checkoutservice|currencyservice|emailservice|frontend|paymentservice|productcatalogservice|recommendationservice|shippingservice,FALLBACK,,0.07279205322265625,0.043879032135009766,12,10,False,False,False,False,False,True
OnlineBoutique,currencyservice,disk,1,pc_randomwalk,tai nguyen,latency-50,duong,adservice|cartservice|checkoutservice|currencyservice|emailservice|frontend|paymentservice|productcatalogservice|recommendationservice|redis|shippingservice|frontend-external,productcatalogservice|shippingservice|cartservice|emailservice|frontend|paymentservice|adservice|checkoutservice|currencyservice|recommendationservice,adservice|cartservice|checkoutservice|currencyservice|emailservice|frontend|paymentservice|productcatalogservice|recommendationservice|shippingservice,FALLBACK,,0.07376408576965332,0.0447390079498291,12,10,False,False,False,False,False,False
OnlineBoutique,currencyservice,disk,2,nsigma,tai nguyen,latency-50,duong,currencyservice|cartservice|checkoutservice|frontend|recommendationservice|shippingservice|adservice|redis|productcatalogservice|paymentservice|emailservice|frontend-external,currencyservice|frontend|checkoutservice|cartservice|recommendationservice|shippingservice|productcatalogservice|adservice|paymentservice|emailservice,adservice|cartservice|checkoutservice|currencyservice|emailservice|frontend|paymentservice|productcatalogservice|recommendationservice|shippingservice,,,0.008718013763427734,0.0020041465759277344,12,10,True,True,True,True,True,True
OnlineBoutique,currencyservice,disk,2,baro,tai nguyen,latency-50,duong,currencyservice|redis|cartservice|checkoutservice|frontend|recommendationservice|shippingservice|adservice|productcatalogservice|paymentservice|emailservice|frontend-external,currencyservice|frontend|checkoutservice|cartservice|recommendationservice|shippingservice|productcatalogservice|adservice|paymentservice|emailservice,adservice|cartservice|checkoutservice|currencyservice|emailservice|frontend|paymentservice|productcatalogservice|recommendationservice|shippingservice,,,0.010782003402709961,0.0022628307342529297,12,10,True,True,True,True,True,True
OnlineBoutique,currencyservice,disk,2,circa,tai nguyen,latency-50,duong,adservice|cartservice|checkoutservice|currencyservice|emailservice|frontend|paymentservice|productcatalogservice|recommendationservice|redis|shippingservice|frontend-external,currencyservice|cartservice|frontend|checkoutservice|recommendationservice|productcatalogservice|emailservice|shippingservice|adservice|paymentservice,adservice|cartservice|checkoutservice|currencyservice|emailservice|frontend|paymentservice|productcatalogservice|recommendationservice|shippingservice,FALLBACK,,0.06907320022583008,0.04488205909729004,12,10,False,False,True,True,False,True
OnlineBoutique,currencyservice,disk,2,pc_randomwalk,tai nguyen,latency-50,duong,adservice|cartservice|checkoutservice|currencyservice|emailservice|frontend|paymentservice|productcatalogservice|recommendationservice|redis|shippingservice|frontend-external,productcatalogservice|shippingservice|cartservice|emailservice|frontend|paymentservice|adservice|checkoutservice|currencyservice|recommendationservice,adservice|cartservice|checkoutservice|currencyservice|emailservice|frontend|paymentservice|productcatalogservice|recommendationservice|shippingservice,FALLBACK,,0.07137012481689453,0.04159426689147949,12,10,False,False,False,False,False,False
OnlineBoutique,currencyservice,disk,3,nsigma,tai nguyen,latency-50,duong,currencyservice|cartservice|checkoutservice|recommendationservice|frontend|shippingservice|emailservice|adservice|productcatalogservice|redis|paymentservice|frontend-external,currencyservice|frontend|checkoutservice|cartservice|recommendationservice|emailservice|shippingservice|productcatalogservice|adservice|paymentservice,adservice|cartservice|checkoutservice|currencyservice|emailservice|frontend|paymentservice|productcatalogservice|recommendationservice|shippingservice,,,0.008857011795043945,0.0019121170043945312,12,10,True,True,True,True,True,True
OnlineBoutique,currencyservice,disk,3,baro,tai nguyen,latency-50,duong,currencyservice|redis|cartservice|checkoutservice|recommendationservice|frontend|adservice|shippingservice|productcatalogservice|emailservice|paymentservice|frontend-external,currencyservice|frontend|cartservice|recommendationservice|checkoutservice|shippingservice|productcatalogservice|adservice|paymentservice|emailservice,adservice|cartservice|checkoutservice|currencyservice|emailservice|frontend|paymentservice|productcatalogservice|recommendationservice|shippingservice,,,0.01117706298828125,0.002298116683959961,12,10,True,True,True,True,True,True
OnlineBoutique,currencyservice,disk,3,circa,tai nguyen,latency-50,duong,adservice|cartservice|checkoutservice|currencyservice|emailservice|frontend|productcatalogservice|recommendationservice|redis|shippingservice|paymentservice|frontend-external,currencyservice|checkoutservice|frontend|shippingservice|recommendationservice|cartservice|paymentservice|productcatalogservice|emailservice|adservice,adservice|cartservice|checkoutservice|currencyservice|emailservice|frontend|paymentservice|productcatalogservice|recommendationservice|shippingservice,FALLBACK,,0.07510685920715332,0.03954291343688965,12,10,False,False,True,True,False,True
OnlineBoutique,currencyservice,disk,3,pc_randomwalk,tai nguyen,latency-50,duong,adservice|cartservice|checkoutservice|currencyservice|emailservice|frontend|productcatalogservice|recommendationservice|redis|shippingservice|paymentservice|frontend-external,productcatalogservice|shippingservice|cartservice|emailservice|frontend|paymentservice|adservice|checkoutservice|currencyservice|recommendationservice,adservice|cartservice|checkoutservice|currencyservice|emailservice|frontend|paymentservice|productcatalogservice|recommendationservice|shippingservice,FALLBACK,,0.07966303825378418,0.04248189926147461,12,10,False,False,False,False,False,False
OnlineBoutique,currencyservice,loss,1,nsigma,mang,latency-50,duong,frontend|cartservice|currencyservice|productcatalogservice|checkoutservice|frontend-external|recommendationservice|emailservice|adservice|paymentservice|redis|shippingservice,frontend|checkoutservice|cartservice|productcatalogservice,cartservice|checkoutservice|frontend|productcatalogservice,,,0.007200002670288086,0.0010218620300292969,12,4,False,False,False,True,True,True
OnlineBoutique,currencyservice,loss,1,baro,mang,latency-50,duong,redis|frontend|cartservice|productcatalogservice|currencyservice|checkoutservice|emailservice|frontend-external|adservice|recommendationservice|paymentservice|shippingservice,frontend|checkoutservice|cartservice|productcatalogservice,cartservice|checkoutservice|frontend|productcatalogservice,,,0.009217977523803711,0.0012700557708740234,12,4,False,False,False,True,False,True
OnlineBoutique,currencyservice,loss,1,circa,mang,latency-50,duong,currencyservice|frontend|productcatalogservice|checkoutservice|recommendationservice|cartservice|frontend-external|adservice|shippingservice|redis|paymentservice|emailservice,frontend|checkoutservice|productcatalogservice|cartservice,cartservice|checkoutservice|frontend|productcatalogservice,,,3.2814271450042725,0.007946014404296875,12,4,True,False,False,True,True,True
OnlineBoutique,currencyservice,loss,1,pc_randomwalk,mang,latency-50,duong,adservice|productcatalogservice|currencyservice|emailservice|frontend|checkoutservice|frontend-external|cartservice|paymentservice|recommendationservice|shippingservice|redis,cartservice|frontend|productcatalogservice|checkoutservice,cartservice|checkoutservice|frontend|productcatalogservice,,,3.624620199203491,0.003815889358520508,12,4,False,False,False,False,True,True
OnlineBoutique,currencyservice,loss,2,nsigma,mang,latency-50,duong,frontend|recommendationservice|currencyservice|checkoutservice|cartservice|adservice|paymentservice|productcatalogservice|emailservice|shippingservice|redis|frontend-external,currencyservice|frontend|checkoutservice|recommendationservice|cartservice|paymentservice|adservice|productcatalogservice|shippingservice|emailservice,adservice|cartservice|checkoutservice|currencyservice|emailservice|frontend|paymentservice|productcatalogservice|recommendationservice|shippingservice,,,0.008610010147094727,0.0018570423126220703,12,10,False,False,True,True,True,True
OnlineBoutique,currencyservice,loss,2,baro,mang,latency-50,duong,redis|frontend|recommendationservice|currencyservice|checkoutservice|cartservice|paymentservice|adservice|productcatalogservice|emailservice|shippingservice|frontend-external,currencyservice|frontend|checkoutservice|recommendationservice|cartservice|paymentservice|adservice|productcatalogservice|emailservice|shippingservice,adservice|cartservice|checkoutservice|currencyservice|emailservice|frontend|paymentservice|productcatalogservice|recommendationservice|shippingservice,,,0.010975837707519531,0.002268075942993164,12,10,False,False,True,True,False,True
OnlineBoutique,currencyservice,loss,2,circa,mang,latency-50,duong,cartservice|currencyservice|shippingservice|frontend|checkoutservice|adservice|recommendationservice|productcatalogservice|emailservice|frontend-external|redis|paymentservice,currencyservice|frontend|adservice|cartservice|checkoutservice|recommendationservice|paymentservice|productcatalogservice|emailservice|shippingservice,adservice|cartservice|checkoutservice|currencyservice|emailservice|frontend|paymentservice|productcatalogservice|recommendationservice|shippingservice,,,6.885392189025879,0.045247793197631836,12,10,False,False,True,True,True,True
OnlineBoutique,currencyservice,loss,2,pc_randomwalk,mang,latency-50,duong,redis|adservice|recommendationservice|currencyservice|productcatalogservice|frontend-external|shippingservice|frontend|cartservice|emailservice|checkoutservice|paymentservice,productcatalogservice|shippingservice|cartservice|emailservice|frontend|paymentservice|adservice|checkoutservice|currencyservice|recommendationservice,adservice|cartservice|checkoutservice|currencyservice|emailservice|frontend|paymentservice|productcatalogservice|recommendationservice|shippingservice,,,7.580460071563721,0.0554049015045166,12,10,False,False,False,False,False,False
OnlineBoutique,currencyservice,loss,3,nsigma,mang,latency-50,duong,checkoutservice|currencyservice|cartservice|frontend|emailservice|shippingservice|productcatalogservice|paymentservice|recommendationservice|adservice|redis|frontend-external,currencyservice|cartservice|emailservice|checkoutservice|paymentservice|productcatalogservice|shippingservice,cartservice|checkoutservice|currencyservice|emailservice|paymentservice|productcatalogservice|shippingservice,,,0.007708072662353516,0.0014879703521728516,12,7,False,False,True,True,True,True
OnlineBoutique,currencyservice,loss,3,baro,mang,latency-50,duong,redis|checkoutservice|currencyservice|cartservice|emailservice|shippingservice|productcatalogservice|paymentservice|recommendationservice|adservice|frontend|frontend-external,currencyservice|cartservice|emailservice|checkoutservice|productcatalogservice|shippingservice|paymentservice,cartservice|checkoutservice|currencyservice|emailservice|paymentservice|productcatalogservice|shippingservice,,,0.010205745697021484,0.0017940998077392578,12,7,False,False,True,True,True,True
OnlineBoutique,currencyservice,loss,3,circa,mang,latency-50,duong,emailservice|cartservice|currencyservice|adservice|checkoutservice|paymentservice|productcatalogservice|shippingservice|recommendationservice|frontend|frontend-external|redis,currencyservice|productcatalogservice|cartservice|shippingservice|checkoutservice|paymentservice|emailservice,cartservice|checkoutservice|currencyservice|emailservice|paymentservice|productcatalogservice|shippingservice,,,3.932370901107788,0.018375873565673828,12,7,False,False,True,True,True,True
OnlineBoutique,currencyservice,loss,3,pc_randomwalk,mang,latency-50,duong,recommendationservice|adservice|paymentservice|emailservice|currencyservice|frontend-external|shippingservice|cartservice|checkoutservice|frontend|productcatalogservice|redis,paymentservice|checkoutservice|emailservice|productcatalogservice|shippingservice|cartservice|currencyservice,cartservice|checkoutservice|currencyservice|emailservice|paymentservice|productcatalogservice|shippingservice,,,4.0837719440460205,0.019427776336669922,12,7,False,False,False,False,False,True
OnlineBoutique,currencyservice,mem,1,nsigma,tai nguyen,latency-50,duong,currencyservice|recommendationservice|frontend|checkoutservice|emailservice|cartservice|adservice|productcatalogservice|paymentservice|shippingservice|redis|frontend-external,currencyservice|frontend|checkoutservice|recommendationservice|cartservice|adservice|emailservice|paymentservice|productcatalogservice|shippingservice,adservice|cartservice|checkoutservice|currencyservice|emailservice|frontend|paymentservice|productcatalogservice|recommendationservice|shippingservice,,,0.008661031723022461,0.0018260478973388672,12,10,True,True,True,True,True,True
OnlineBoutique,currencyservice,mem,1,baro,tai nguyen,latency-50,duong,redis|currencyservice|recommendationservice|checkoutservice|frontend|cartservice|adservice|productcatalogservice|shippingservice|paymentservice|emailservice|frontend-external,currencyservice|frontend|checkoutservice|recommendationservice|cartservice|adservice|productcatalogservice|paymentservice|shippingservice|emailservice,adservice|cartservice|checkoutservice|currencyservice|emailservice|frontend|paymentservice|productcatalogservice|recommendationservice|shippingservice,,,0.010647058486938477,0.002299070358276367,12,10,False,True,True,True,True,True
OnlineBoutique,currencyservice,mem,1,circa,tai nguyen,latency-50,duong,currencyservice|frontend|recommendationservice|productcatalogservice|cartservice|checkoutservice|adservice|emailservice|shippingservice|paymentservice|frontend-external|redis,currencyservice|frontend|recommendationservice|shippingservice|checkoutservice|adservice|cartservice|productcatalogservice|paymentservice|emailservice,adservice|cartservice|checkoutservice|currencyservice|emailservice|frontend|paymentservice|productcatalogservice|recommendationservice|shippingservice,,,4.88438868522644,0.04134011268615723,12,10,True,True,True,True,True,True
OnlineBoutique,currencyservice,mem,1,pc_randomwalk,tai nguyen,latency-50,duong,adservice|paymentservice|checkoutservice|recommendationservice|emailservice|productcatalogservice|shippingservice|cartservice|currencyservice|redis|frontend|frontend-external,productcatalogservice|shippingservice|cartservice|emailservice|frontend|paymentservice|adservice|checkoutservice|currencyservice|recommendationservice,adservice|cartservice|checkoutservice|currencyservice|emailservice|frontend|paymentservice|productcatalogservice|recommendationservice|shippingservice,,,5.118716239929199,0.0397191047668457,12,10,False,False,False,False,False,False
OnlineBoutique,currencyservice,mem,2,nsigma,tai nguyen,latency-50,duong,currencyservice|frontend|checkoutservice|recommendationservice|cartservice|adservice|productcatalogservice|emailservice|redis|shippingservice|paymentservice|frontend-external,currencyservice|frontend|recommendationservice|cartservice|checkoutservice|adservice|productcatalogservice|paymentservice|emailservice|shippingservice,adservice|cartservice|checkoutservice|currencyservice|emailservice|frontend|paymentservice|productcatalogservice|recommendationservice|shippingservice,,,0.00867915153503418,0.0018329620361328125,12,10,True,True,True,True,True,True
OnlineBoutique,currencyservice,mem,2,baro,tai nguyen,latency-50,duong,currencyservice|redis|frontend|checkoutservice|recommendationservice|cartservice|productcatalogservice|adservice|emailservice|shippingservice|paymentservice|frontend-external,currencyservice|frontend|recommendationservice|cartservice|checkoutservice|adservice|productcatalogservice|paymentservice|emailservice|shippingservice,adservice|cartservice|checkoutservice|currencyservice|emailservice|frontend|paymentservice|productcatalogservice|recommendationservice|shippingservice,,,0.010767698287963867,0.0022568702697753906,12,10,True,True,True,True,True,True
OnlineBoutique,currencyservice,mem,2,circa,tai nguyen,latency-50,duong,cartservice|currencyservice|frontend|recommendationservice|checkoutservice|adservice|emailservice|productcatalogservice|paymentservice|shippingservice|redis|frontend-external,currencyservice|frontend|paymentservice|recommendationservice|productcatalogservice|cartservice|checkoutservice|emailservice|shippingservice|adservice,adservice|cartservice|checkoutservice|currencyservice|emailservice|frontend|paymentservice|productcatalogservice|recommendationservice|shippingservice,,,4.2136390209198,0.04155898094177246,12,10,False,False,True,True,True,True
OnlineBoutique,currencyservice,mem,2,pc_randomwalk,tai nguyen,latency-50,duong,adservice|paymentservice|checkoutservice|productcatalogservice|recommendationservice|cartservice|emailservice|currencyservice|redis|shippingservice|frontend|frontend-external,productcatalogservice|shippingservice|cartservice|emailservice|frontend|paymentservice|adservice|checkoutservice|currencyservice|recommendationservice,adservice|cartservice|checkoutservice|currencyservice|emailservice|frontend|paymentservice|productcatalogservice|recommendationservice|shippingservice,,,4.499454975128174,0.041319847106933594,12,10,False,False,False,False,False,False
OnlineBoutique,currencyservice,mem,3,nsigma,tai nguyen,latency-50,duong,currencyservice|checkoutservice|recommendationservice|frontend|paymentservice|cartservice|emailservice|adservice|productcatalogservice|shippingservice|redis|frontend-external,currencyservice|frontend|checkoutservice|recommendationservice|cartservice|paymentservice|adservice|productcatalogservice|shippingservice|emailservice,adservice|cartservice|checkoutservice|currencyservice|emailservice|frontend|paymentservice|productcatalogservice|recommendationservice|shippingservice,,,0.008548974990844727,0.0018932819366455078,12,10,True,True,True,True,True,True
OnlineBoutique,currencyservice,mem,3,baro,tai nguyen,latency-50,duong,redis|currencyservice|checkoutservice|recommendationservice|frontend|paymentservice|cartservice|emailservice|productcatalogservice|adservice|shippingservice|frontend-external,currencyservice|frontend|recommendationservice|checkoutservice|cartservice|adservice|paymentservice|productcatalogservice|shippingservice|emailservice,adservice|cartservice|checkoutservice|currencyservice|emailservice|frontend|paymentservice|productcatalogservice|recommendationservice|shippingservice,,,0.010408163070678711,0.0022449493408203125,12,10,False,True,True,True,True,True
OnlineBoutique,currencyservice,mem,3,circa,tai nguyen,latency-50,duong,cartservice|frontend|currencyservice|checkoutservice|adservice|recommendationservice|productcatalogservice|shippingservice|redis|frontend-external|paymentservice|emailservice,frontend|currencyservice|recommendationservice|cartservice|productcatalogservice|shippingservice|emailservice|adservice|checkoutservice|paymentservice,adservice|cartservice|checkoutservice|currencyservice|emailservice|frontend|paymentservice|productcatalogservice|recommendationservice|shippingservice,,,4.245456218719482,0.037171125411987305,12,10,False,False,False,True,True,True
OnlineBoutique,currencyservice,mem,3,pc_randomwalk,tai nguyen,latency-50,duong,emailservice|adservice|paymentservice|recommendationservice|shippingservice|checkoutservice|currencyservice|cartservice|productcatalogservice|redis|frontend|frontend-external,productcatalogservice|shippingservice|cartservice|emailservice|frontend|paymentservice|adservice|checkoutservice|currencyservice|recommendationservice,adservice|cartservice|checkoutservice|currencyservice|emailservice|frontend|paymentservice|productcatalogservice|recommendationservice|shippingservice,,,4.437047958374023,0.038084983825683594,12,10,False,False,False,False,False,False
OnlineBoutique,currencyservice,socket,1,nsigma,tai nguyen,workload,node,frontend|currencyservice|checkoutservice|adservice|cartservice|recommendationservice|redis|productcatalogservice|shippingservice|paymentservice|emailservice|frontend-external,currencyservice|frontend|paymentservice|emailservice|shippingservice|cartservice|productcatalogservice|adservice|checkoutservice|recommendationservice|frontend-external,adservice|cartservice|checkoutservice|currencyservice|emailservice|frontend|frontend-external|paymentservice|productcatalogservice|recommendationservice|shippingservice,,,0.008974790573120117,0.002051830291748047,12,11,False,False,True,True,True,True
OnlineBoutique,currencyservice,socket,1,baro,tai nguyen,workload,node,redis|checkoutservice|frontend|currencyservice|recommendationservice|adservice|cartservice|shippingservice|productcatalogservice|emailservice|paymentservice|frontend-external,currencyservice|emailservice|paymentservice|checkoutservice|productcatalogservice|shippingservice|recommendationservice|adservice|frontend|cartservice|frontend-external,adservice|cartservice|checkoutservice|currencyservice|emailservice|frontend|frontend-external|paymentservice|productcatalogservice|recommendationservice|shippingservice,,,0.01084589958190918,0.0024590492248535156,12,11,False,False,True,True,False,True
OnlineBoutique,currencyservice,socket,1,circa,tai nguyen,workload,node,redis|paymentservice|cartservice|currencyservice|productcatalogservice|adservice|checkoutservice|emailservice|recommendationservice|shippingservice|frontend|frontend-external,paymentservice|emailservice|shippingservice|cartservice|frontend-external|frontend|recommendationservice|adservice|currencyservice|productcatalogservice|checkoutservice,adservice|cartservice|checkoutservice|currencyservice|emailservice|frontend|frontend-external|paymentservice|productcatalogservice|recommendationservice|shippingservice,,,5.137683391571045,0.045304059982299805,12,11,False,False,False,False,False,False
OnlineBoutique,currencyservice,socket,1,pc_randomwalk,tai nguyen,workload,node,adservice|paymentservice|cartservice|productcatalogservice|shippingservice|recommendationservice|frontend-external|emailservice|currencyservice|checkoutservice|redis|frontend,frontend-external|productcatalogservice|checkoutservice|frontend|paymentservice|recommendationservice|shippingservice|adservice|cartservice|currencyservice|emailservice,adservice|cartservice|checkoutservice|currencyservice|emailservice|frontend|frontend-external|paymentservice|productcatalogservice|recommendationservice|shippingservice,,,5.165534973144531,0.03648686408996582,12,11,False,False,False,False,False,False
OnlineBoutique,currencyservice,socket,2,nsigma,tai nguyen,latency-50,duong,currencyservice|cartservice|recommendationservice|checkoutservice|frontend|emailservice|paymentservice|productcatalogservice|adservice|redis|shippingservice|frontend-external,currencyservice|frontend|recommendationservice|checkoutservice|cartservice|paymentservice|emailservice|shippingservice|productcatalogservice|adservice,adservice|cartservice|checkoutservice|currencyservice|emailservice|frontend|paymentservice|productcatalogservice|recommendationservice|shippingservice,,,0.009050130844116211,0.0019478797912597656,12,10,True,True,True,True,True,True
OnlineBoutique,currencyservice,socket,2,baro,tai nguyen,latency-50,duong,redis|currencyservice|cartservice|checkoutservice|recommendationservice|frontend|emailservice|productcatalogservice|shippingservice|adservice|paymentservice|frontend-external,currencyservice|frontend|cartservice|checkoutservice|recommendationservice|productcatalogservice|shippingservice|paymentservice|adservice|emailservice,adservice|cartservice|checkoutservice|currencyservice|emailservice|frontend|paymentservice|productcatalogservice|recommendationservice|shippingservice,,,0.01071310043334961,0.0022940635681152344,12,10,False,True,True,True,True,True
OnlineBoutique,currencyservice,socket,2,circa,tai nguyen,latency-50,duong,checkoutservice|recommendationservice|currencyservice|frontend|cartservice|paymentservice|productcatalogservice|redis|emailservice|shippingservice|adservice|frontend-external,currencyservice|frontend|cartservice|checkoutservice|productcatalogservice|paymentservice|recommendationservice|shippingservice|adservice|emailservice,adservice|cartservice|checkoutservice|currencyservice|emailservice|frontend|paymentservice|productcatalogservice|recommendationservice|shippingservice,,,3.9657630920410156,0.04140901565551758,12,10,False,False,True,True,True,True
OnlineBoutique,currencyservice,socket,2,pc_randomwalk,tai nguyen,latency-50,duong,shippingservice|adservice|paymentservice|cartservice|frontend|productcatalogservice|emailservice|recommendationservice|checkoutservice|currencyservice|redis|frontend-external,productcatalogservice|shippingservice|cartservice|emailservice|frontend|paymentservice|adservice|checkoutservice|currencyservice|recommendationservice,adservice|cartservice|checkoutservice|currencyservice|emailservice|frontend|paymentservice|productcatalogservice|recommendationservice|shippingservice,,,4.302731990814209,0.042523860931396484,12,10,False,False,False,False,False,False
OnlineBoutique,currencyservice,socket,3,nsigma,tai nguyen,latency-50,duong,cartservice|currencyservice|checkoutservice|recommendationservice|frontend|emailservice|adservice|productcatalogservice|paymentservice|shippingservice|redis|frontend-external,currencyservice|frontend|checkoutservice|cartservice|recommendationservice|emailservice|paymentservice|adservice|productcatalogservice|shippingservice,adservice|cartservice|checkoutservice|currencyservice|emailservice|frontend|paymentservice|productcatalogservice|recommendationservice|shippingservice,,,0.008903026580810547,0.001870870590209961,12,10,False,False,True,True,True,True
OnlineBoutique,currencyservice,socket,3,baro,tai nguyen,latency-50,duong,redis|cartservice|currencyservice|checkoutservice|recommendationservice|frontend|emailservice|adservice|paymentservice|productcatalogservice|shippingservice|frontend-external,currencyservice|frontend|checkoutservice|cartservice|recommendationservice|adservice|paymentservice|productcatalogservice|shippingservice|emailservice,adservice|cartservice|checkoutservice|currencyservice|emailservice|frontend|paymentservice|productcatalogservice|recommendationservice|shippingservice,,,0.010787010192871094,0.0023779869079589844,12,10,False,False,True,True,True,True
OnlineBoutique,currencyservice,socket,3,circa,tai nguyen,latency-50,duong,adservice|cartservice|checkoutservice|currencyservice|emailservice|frontend|paymentservice|productcatalogservice|recommendationservice|redis|shippingservice|frontend-external,currencyservice|recommendationservice|shippingservice|checkoutservice|paymentservice|cartservice|productcatalogservice|frontend|emailservice|adservice,adservice|cartservice|checkoutservice|currencyservice|emailservice|frontend|paymentservice|productcatalogservice|recommendationservice|shippingservice,FALLBACK,,0.07167577743530273,0.034301042556762695,12,10,False,False,True,True,False,True
OnlineBoutique,currencyservice,socket,3,pc_randomwalk,tai nguyen,latency-50,duong,adservice|cartservice|checkoutservice|currencyservice|emailservice|frontend|paymentservice|productcatalogservice|recommendationservice|redis|shippingservice|frontend-external,productcatalogservice|shippingservice|cartservice|emailservice|frontend|paymentservice|adservice|checkoutservice|currencyservice|recommendationservice,adservice|cartservice|checkoutservice|currencyservice|emailservice|frontend|paymentservice|productcatalogservice|recommendationservice|shippingservice,FALLBACK,,0.07413625717163086,0.03370809555053711,12,10,False,False,False,False,False,False
OnlineBoutique,emailservice,cpu,1,nsigma,tai nguyen,cpu,node,emailservice|cartservice|recommendationservice|currencyservice|adservice|redis|checkoutservice|paymentservice|shippingservice|frontend|productcatalogservice|frontend-external,emailservice|checkoutservice|paymentservice|shippingservice|adservice|cartservice|redis|recommendationservice|frontend|currencyservice|productcatalogservice,adservice|cartservice|checkoutservice|currencyservice|emailservice|frontend|paymentservice|productcatalogservice|recommendationservice|redis|shippingservice,,,0.008790016174316406,0.002020120620727539,12,11,True,True,True,True,True,True
OnlineBoutique,emailservice,cpu,1,baro,tai nguyen,cpu,node,redis|cartservice|emailservice|recommendationservice|currencyservice|adservice|frontend|productcatalogservice|checkoutservice|paymentservice|shippingservice|frontend-external,emailservice|checkoutservice|redis|shippingservice|currencyservice|paymentservice|adservice|cartservice|frontend|recommendationservice|productcatalogservice,adservice|cartservice|checkoutservice|currencyservice|emailservice|frontend|paymentservice|productcatalogservice|recommendationservice|redis|shippingservice,,,0.010595083236694336,0.002483844757080078,12,11,False,False,True,True,True,True
OnlineBoutique,emailservice,cpu,1,circa,tai nguyen,cpu,node,emailservice|recommendationservice|adservice|productcatalogservice|currencyservice|checkoutservice|cartservice|paymentservice|frontend|shippingservice|redis|frontend-external,emailservice|recommendationservice|frontend|checkoutservice|cartservice|paymentservice|currencyservice|productcatalogservice|adservice|shippingservice|redis,adservice|cartservice|checkoutservice|currencyservice|emailservice|frontend|paymentservice|productcatalogservice|recommendationservice|redis|shippingservice,,,4.59539794921875,0.049078941345214844,12,11,True,True,True,True,True,True
OnlineBoutique,emailservice,cpu,1,pc_randomwalk,tai nguyen,cpu,node,emailservice|adservice|paymentservice|frontend|productcatalogservice|shippingservice|recommendationservice|checkoutservice|currencyservice|cartservice|redis|frontend-external,paymentservice|recommendationservice|checkoutservice|frontend|productcatalogservice|redis|shippingservice|adservice|cartservice|currencyservice|emailservice,adservice|cartservice|checkoutservice|currencyservice|emailservice|frontend|paymentservice|productcatalogservice|recommendationservice|redis|shippingservice,,,4.520714044570923,0.042463064193725586,12,11,True,True,False,False,True,False
OnlineBoutique,emailservice,cpu,2,nsigma,tai nguyen,cpu,node,emailservice|frontend-external|checkoutservice|redis|cartservice|recommendationservice|productcatalogservice|shippingservice|adservice|paymentservice|frontend|currencyservice,emailservice|checkoutservice|cartservice|paymentservice|shippingservice|productcatalogservice|recommendationservice|frontend|currencyservice|redis,cartservice|checkoutservice|currencyservice|emailservice|frontend|paymentservice|productcatalogservice|recommendationservice|redis|shippingservice,,,0.008408069610595703,0.0018658638000488281,12,10,True,True,True,True,True,True
OnlineBoutique,emailservice,cpu,2,baro,tai nguyen,cpu,node,redis|emailservice|checkoutservice|cartservice|shippingservice|adservice|recommendationservice|productcatalogservice|paymentservice|currencyservice|frontend-external|frontend,emailservice|checkoutservice|cartservice|shippingservice|paymentservice|recommendationservice|productcatalogservice|redis|frontend|currencyservice,cartservice|checkoutservice|currencyservice|emailservice|frontend|paymentservice|productcatalogservice|recommendationservice|redis|shippingservice,,,0.01014399528503418,0.0022919178009033203,12,10,False,False,True,True,True,True
OnlineBoutique,emailservice,cpu,2,circa,tai nguyen,cpu,node,emailservice|frontend|checkoutservice|recommendationservice|adservice|productcatalogservice|redis|cartservice|shippingservice|paymentservice|currencyservice|frontend-external,emailservice|redis|frontend|cartservice|checkoutservice|shippingservice|paymentservice|recommendationservice|productcatalogservice|currencyservice,cartservice|checkoutservice|currencyservice|emailservice|frontend|paymentservice|productcatalogservice|recommendationservice|redis|shippingservice,,,4.085453987121582,0.0302581787109375,12,10,True,True,True,True,True,True
OnlineBoutique,emailservice,cpu,2,pc_randomwalk,tai nguyen,cpu,node,productcatalogservice|shippingservice|emailservice|currencyservice|cartservice|frontend-external|recommendationservice|adservice|checkoutservice|paymentservice|redis|frontend,recommendationservice|shippingservice|checkoutservice|frontend|paymentservice|productcatalogservice|cartservice|currencyservice|emailservice|redis,cartservice|checkoutservice|currencyservice|emailservice|frontend|paymentservice|productcatalogservice|recommendationservice|redis|shippingservice,,,4.006954193115234,0.02457594871520996,12,10,False,False,False,False,True,False
OnlineBoutique,emailservice,cpu,3,nsigma,tai nguyen,cpu,node,emailservice|checkoutservice|productcatalogservice|paymentservice|frontend|adservice|redis|cartservice|shippingservice|recommendationservice|currencyservice|frontend-external,emailservice|checkoutservice|paymentservice|cartservice|shippingservice|productcatalogservice|recommendationservice|currencyservice|redis|frontend,cartservice|checkoutservice|currencyservice|emailservice|frontend|paymentservice|productcatalogservice|recommendationservice|redis|shippingservice,,,0.00804901123046875,0.0018699169158935547,12,10,True,True,True,True,True,True
OnlineBoutique,emailservice,cpu,3,baro,tai nguyen,cpu,node,redis|emailservice|checkoutservice|adservice|productcatalogservice|paymentservice|frontend|cartservice|currencyservice|recommendationservice|shippingservice|frontend-external,emailservice|checkoutservice|productcatalogservice|paymentservice|redis|shippingservice|currencyservice|cartservice|frontend|recommendationservice,cartservice|checkoutservice|currencyservice|emailservice|frontend|paymentservice|productcatalogservice|recommendationservice|redis|shippingservice,,,0.009888887405395508,0.0026671886444091797,12,10,False,False,True,True,True,True
OnlineBoutique,emailservice,cpu,3,circa,tai nguyen,cpu,node,emailservice|checkoutservice|paymentservice|adservice|productcatalogservice|shippingservice|frontend|currencyservice|recommendationservice|cartservice|frontend-external|redis,emailservice|recommendationservice|shippingservice|redis|frontend|paymentservice|productcatalogservice|checkoutservice|cartservice|currencyservice,cartservice|checkoutservice|currencyservice|emailservice|frontend|paymentservice|productcatalogservice|recommendationservice|redis|shippingservice,,,3.339174747467041,0.055480241775512695,12,10,True,True,True,True,True,True
OnlineBoutique,emailservice,cpu,3,pc_randomwalk,tai nguyen,cpu,node,cartservice|frontend|shippingservice|frontend-external|recommendationservice|adservice|currencyservice|checkoutservice|emailservice|paymentservice|productcatalogservice|redis,recommendationservice|shippingservice|checkoutservice|frontend|paymentservice|productcatalogservice|cartservice|currencyservice|emailservice|redis,cartservice|checkoutservice|currencyservice|emailservice|frontend|paymentservice|productcatalogservice|recommendationservice|redis|shippingservice,,,3.3244452476501465,0.05584907531738281,12,10,False,False,False,False,False,False
OnlineBoutique,emailservice,delay,1,nsigma,mang,latency-50,duong,emailservice|checkoutservice|cartservice|adservice|paymentservice|shippingservice|recommendationservice|redis|productcatalogservice|currencyservice|frontend|frontend-external,emailservice|checkoutservice|paymentservice|productcatalogservice|currencyservice|adservice|shippingservice|frontend|recommendationservice|cartservice,adservice|cartservice|checkoutservice|currencyservice|emailservice|frontend|paymentservice|productcatalogservice|recommendationservice|shippingservice,,,0.008713245391845703,0.0018520355224609375,12,10,True,True,True,True,True,True
OnlineBoutique,emailservice,delay,1,baro,mang,latency-50,duong,redis|checkoutservice|emailservice|cartservice|productcatalogservice|frontend|paymentservice|recommendationservice|shippingservice|adservice|currencyservice|frontend-external,checkoutservice|productcatalogservice|paymentservice|frontend|adservice|currencyservice|recommendationservice|shippingservice|cartservice|emailservice,adservice|cartservice|checkoutservice|currencyservice|emailservice|frontend|paymentservice|productcatalogservice|recommendationservice|shippingservice,,,0.010736942291259766,0.002282857894897461,12,10,False,False,False,True,True,True
OnlineBoutique,emailservice,delay,1,circa,mang,latency-50,duong,emailservice|checkoutservice|frontend|currencyservice|cartservice|productcatalogservice|paymentservice|recommendationservice|adservice|shippingservice|frontend-external|redis,emailservice|frontend|checkoutservice|productcatalogservice|shippingservice|cartservice|recommendationservice|paymentservice|adservice|currencyservice,adservice|cartservice|checkoutservice|currencyservice|emailservice|frontend|paymentservice|productcatalogservice|recommendationservice|shippingservice,,,4.535745143890381,0.04087185859680176,12,10,True,True,True,True,True,True
OnlineBoutique,emailservice,delay,1,pc_randomwalk,mang,latency-50,duong,emailservice|adservice|paymentservice|frontend|productcatalogservice|shippingservice|recommendationservice|checkoutservice|currencyservice|cartservice|redis|frontend-external,productcatalogservice|shippingservice|cartservice|emailservice|frontend|paymentservice|adservice|checkoutservice|currencyservice|recommendationservice,adservice|cartservice|checkoutservice|currencyservice|emailservice|frontend|paymentservice|productcatalogservice|recommendationservice|shippingservice,,,4.452317953109741,0.0347590446472168,12,10,True,True,False,False,True,False
OnlineBoutique,emailservice,delay,2,nsigma,mang,latency-50,duong,emailservice|shippingservice|checkoutservice|adservice|redis|currencyservice|recommendationservice|paymentservice|frontend|productcatalogservice|cartservice|frontend-external,emailservice|checkoutservice|shippingservice|paymentservice|frontend|recommendationservice|productcatalogservice|currencyservice|adservice|cartservice,adservice|cartservice|checkoutservice|currencyservice|emailservice|frontend|paymentservice|productcatalogservice|recommendationservice|shippingservice,,,0.008151054382324219,0.0018680095672607422,12,10,True,True,True,True,True,True
OnlineBoutique,emailservice,delay,2,baro,mang,latency-50,duong,emailservice|redis|checkoutservice|shippingservice|cartservice|recommendationservice|adservice|currencyservice|frontend|paymentservice|productcatalogservice|frontend-external,emailservice|checkoutservice|shippingservice|frontend|recommendationservice|paymentservice|currencyservice|adservice|productcatalogservice|cartservice,adservice|cartservice|checkoutservice|currencyservice|emailservice|frontend|paymentservice|productcatalogservice|recommendationservice|shippingservice,,,0.009872913360595703,0.0022459030151367188,12,10,True,True,True,True,True,True
OnlineBoutique,emailservice,delay,2,circa,mang,latency-50,duong,shippingservice|redis|recommendationservice|emailservice|checkoutservice|cartservice|currencyservice|adservice|paymentservice|productcatalogservice|frontend|frontend-external,shippingservice|productcatalogservice|recommendationservice|checkoutservice|cartservice|frontend|adservice|paymentservice|currencyservice|emailservice,adservice|cartservice|checkoutservice|currencyservice|emailservice|frontend|paymentservice|productcatalogservice|recommendationservice|shippingservice,,,3.7078499794006348,0.0354311466217041,12,10,False,False,False,False,False,False
OnlineBoutique,emailservice,delay,2,pc_randomwalk,mang,latency-50,duong,adservice|emailservice|recommendationservice|currencyservice|paymentservice|shippingservice|frontend|checkoutservice|productcatalogservice|cartservice|redis|frontend-external,productcatalogservice|shippingservice|cartservice|emailservice|frontend|paymentservice|adservice|checkoutservice|currencyservice|recommendationservice,adservice|cartservice|checkoutservice|currencyservice|emailservice|frontend|paymentservice|productcatalogservice|recommendationservice|shippingservice,,,3.6468331813812256,0.03577589988708496,12,10,False,False,False,False,True,False
OnlineBoutique,emailservice,delay,3,nsigma,mang,latency-50,duong,emailservice|adservice|checkoutservice|cartservice|frontend|productcatalogservice|shippingservice|currencyservice|paymentservice|recommendationservice|redis|frontend-external,emailservice|checkoutservice|frontend|adservice|paymentservice|recommendationservice|cartservice|currencyservice|productcatalogservice|shippingservice,adservice|cartservice|checkoutservice|currencyservice|emailservice|frontend|paymentservice|productcatalogservice|recommendationservice|shippingservice,,,0.008556127548217773,0.0018439292907714844,12,10,True,True,True,True,True,True
OnlineBoutique,emailservice,delay,3,baro,mang,latency-50,duong,redis|emailservice|adservice|checkoutservice|cartservice|frontend|recommendationservice|productcatalogservice|shippingservice|currencyservice|paymentservice|frontend-external,emailservice|checkoutservice|frontend|adservice|paymentservice|cartservice|recommendationservice|currencyservice|productcatalogservice|shippingservice,adservice|cartservice|checkoutservice|currencyservice|emailservice|frontend|paymentservice|productcatalogservice|recommendationservice|shippingservice,,,0.010417938232421875,0.0022089481353759766,12,10,False,True,True,True,True,True
OnlineBoutique,emailservice,delay,3,circa,mang,latency-50,duong,emailservice|checkoutservice|frontend|recommendationservice|productcatalogservice|currencyservice|adservice|redis|shippingservice|cartservice|frontend-external|paymentservice,emailservice|checkoutservice|recommendationservice|shippingservice|frontend|paymentservice|cartservice|productcatalogservice|currencyservice|adservice,adservice|cartservice|checkoutservice|currencyservice|emailservice|frontend|paymentservice|productcatalogservice|recommendationservice|shippingservice,,,4.757574081420898,0.035326242446899414,12,10,True,True,True,True,True,True
OnlineBoutique,emailservice,delay,3,pc_randomwalk,mang,latency-50,duong,adservice|productcatalogservice|checkoutservice|paymentservice|recommendationservice|frontend|shippingservice|frontend-external|cartservice|emailservice|currencyservice|redis,productcatalogservice|shippingservice|cartservice|emailservice|frontend|paymentservice|adservice|checkoutservice|currencyservice|recommendationservice,adservice|cartservice|checkoutservice|currencyservice|emailservice|frontend|paymentservice|productcatalogservice|recommendationservice|shippingservice,,,4.909355163574219,0.03423190116882324,12,10,False,False,False,False,False,False
OnlineBoutique,emailservice,disk,1,nsigma,tai nguyen,latency-50,duong,emailservice|redis|paymentservice|adservice|checkoutservice|recommendationservice|currencyservice|shippingservice|cartservice|productcatalogservice|frontend-external|frontend,emailservice|paymentservice|checkoutservice|recommendationservice|shippingservice|adservice|cartservice|productcatalogservice|frontend|currencyservice,adservice|cartservice|checkoutservice|currencyservice|emailservice|frontend|paymentservice|productcatalogservice|recommendationservice|shippingservice,,,0.008048057556152344,0.0019049644470214844,12,10,True,True,True,True,True,True
OnlineBoutique,emailservice,disk,1,baro,tai nguyen,latency-50,duong,redis|emailservice|cartservice|recommendationservice|paymentservice|currencyservice|checkoutservice|adservice|shippingservice|productcatalogservice|frontend-external|frontend,paymentservice|checkoutservice|recommendationservice|adservice|productcatalogservice|cartservice|shippingservice|frontend|currencyservice|emailservice,adservice|cartservice|checkoutservice|currencyservice|emailservice|frontend|paymentservice|productcatalogservice|recommendationservice|shippingservice,,,0.010102033615112305,0.002259969711303711,12,10,False,True,False,False,True,True
OnlineBoutique,emailservice,disk,1,circa,tai nguyen,latency-50,duong,emailservice|shippingservice|redis|recommendationservice|currencyservice|adservice|paymentservice|frontend|frontend-external|cartservice|productcatalogservice|checkoutservice,adservice|shippingservice|cartservice|currencyservice|productcatalogservice|paymentservice|recommendationservice|frontend|checkoutservice|emailservice,adservice|cartservice|checkoutservice|currencyservice|emailservice|frontend|paymentservice|productcatalogservice|recommendationservice|shippingservice,,,3.790256977081299,0.03988313674926758,12,10,True,True,False,False,True,False
OnlineBoutique,emailservice,disk,1,pc_randomwalk,tai nguyen,latency-50,duong,adservice|checkoutservice|paymentservice|frontend-external|recommendationservice|shippingservice|currencyservice|frontend|emailservice|cartservice|productcatalogservice|redis,productcatalogservice|shippingservice|cartservice|emailservice|frontend|paymentservice|adservice|checkoutservice|currencyservice|recommendationservice,adservice|cartservice|checkoutservice|currencyservice|emailservice|frontend|paymentservice|productcatalogservice|recommendationservice|shippingservice,,,3.877910614013672,0.03327012062072754,12,10,False,False,False,False,False,False
OnlineBoutique,emailservice,disk,2,nsigma,tai nguyen,cpu,node,emailservice|checkoutservice|frontend-external|adservice|paymentservice|productcatalogservice|shippingservice|recommendationservice|redis|currencyservice|cartservice|frontend,emailservice|adservice|paymentservice|checkoutservice|shippingservice|frontend|recommendationservice|productcatalogservice|cartservice|currencyservice,adservice|cartservice|checkoutservice|currencyservice|emailservice|frontend|paymentservice|productcatalogservice|recommendationservice|shippingservice,,,0.008330106735229492,0.0018661022186279297,12,10,True,True,True,True,True,True
OnlineBoutique,emailservice,disk,2,baro,tai nguyen,cpu,node,emailservice|redis|adservice|checkoutservice|paymentservice|shippingservice|productcatalogservice|recommendationservice|frontend-external|currencyservice|frontend|cartservice,emailservice|adservice|paymentservice|checkoutservice|recommendationservice|shippingservice|frontend|currencyservice|productcatalogservice|cartservice,adservice|cartservice|checkoutservice|currencyservice|emailservice|frontend|paymentservice|productcatalogservice|recommendationservice|shippingservice,,,0.010322093963623047,0.0022780895233154297,12,10,True,True,True,True,True,True
OnlineBoutique,emailservice,disk,2,circa,tai nguyen,cpu,node,emailservice|recommendationservice|productcatalogservice|checkoutservice|frontend|currencyservice|paymentservice|adservice|shippingservice|cartservice|frontend-external|redis,emailservice|recommendationservice|frontend|adservice|paymentservice|productcatalogservice|checkoutservice|currencyservice|cartservice|shippingservice,adservice|cartservice|checkoutservice|currencyservice|emailservice|frontend|paymentservice|productcatalogservice|recommendationservice|shippingservice,,,4.464733362197876,0.07184910774230957,12,10,True,True,True,True,True,True
OnlineBoutique,emailservice,disk,2,pc_randomwalk,tai nguyen,cpu,node,productcatalogservice|shippingservice|emailservice|currencyservice|adservice|frontend-external|recommendationservice|checkoutservice|paymentservice|cartservice|frontend|redis,productcatalogservice|shippingservice|cartservice|emailservice|frontend|paymentservice|adservice|checkoutservice|currencyservice|recommendationservice,adservice|cartservice|checkoutservice|currencyservice|emailservice|frontend|paymentservice|productcatalogservice|recommendationservice|shippingservice,,,4.520808935165405,0.05735516548156738,12,10,False,False,False,False,True,False
OnlineBoutique,emailservice,disk,3,nsigma,tai nguyen,cpu,node,emailservice|adservice|checkoutservice|cartservice|recommendationservice|redis|productcatalogservice|frontend|shippingservice|currencyservice|paymentservice|frontend-external,emailservice|checkoutservice|recommendationservice|shippingservice|cartservice|adservice|productcatalogservice|currencyservice|redis|frontend,adservice|cartservice|checkoutservice|currencyservice|emailservice|frontend|productcatalogservice|recommendationservice|redis|shippingservice,,,0.008525848388671875,0.0018630027770996094,12,10,True,True,True,True,True,True
OnlineBoutique,emailservice,disk,3,baro,tai nguyen,cpu,node,emailservice|redis|recommendationservice|cartservice|checkoutservice|adservice|shippingservice|frontend|productcatalogservice|currencyservice|paymentservice|frontend-external,emailservice|recommendationservice|checkoutservice|productcatalogservice|cartservice|shippingservice|redis|adservice|currencyservice|frontend,adservice|cartservice|checkoutservice|currencyservice|emailservice|frontend|productcatalogservice|recommendationservice|redis|shippingservice,,,0.010574102401733398,0.002260923385620117,12,10,True,True,True,True,True,True
OnlineBoutique,emailservice,disk,3,circa,tai nguyen,cpu,node,cartservice|emailservice|adservice|productcatalogservice|recommendationservice|shippingservice|paymentservice|currencyservice|redis|frontend|checkoutservice|frontend-external,emailservice|redis|adservice|recommendationservice|checkoutservice|shippingservice|cartservice|productcatalogservice|frontend|currencyservice,adservice|cartservice|checkoutservice|currencyservice|emailservice|frontend|productcatalogservice|recommendationservice|redis|shippingservice,,,4.653326988220215,0.06636977195739746,12,10,False,False,True,True,True,True
OnlineBoutique,emailservice,disk,3,pc_randomwalk,tai nguyen,cpu,node,adservice|productcatalogservice|checkoutservice|paymentservice|recommendationservice|emailservice|shippingservice|cartservice|currencyservice|redis|frontend-external|frontend,recommendationservice|shippingservice|cartservice|emailservice|frontend|productcatalogservice|adservice|checkoutservice|currencyservice|redis,adservice|cartservice|checkoutservice|currencyservice|emailservice|frontend|productcatalogservice|recommendationservice|redis|shippingservice,,,4.535788059234619,0.07550787925720215,12,10,False,False,False,False,False,False
OnlineBoutique,emailservice,loss,1,nsigma,mang,latency-50,duong,emailservice|cartservice|checkoutservice|recommendationservice|adservice|paymentservice|shippingservice|redis|productcatalogservice|currencyservice|frontend|frontend-external,emailservice|checkoutservice|cartservice|recommendationservice|productcatalogservice|adservice|frontend|shippingservice|currencyservice|paymentservice,adservice|cartservice|checkoutservice|currencyservice|emailservice|frontend|paymentservice|productcatalogservice|recommendationservice|shippingservice,,,0.008533000946044922,0.0018620491027832031,12,10,True,True,True,True,True,True
OnlineBoutique,emailservice,loss,1,baro,mang,latency-50,duong,redis|emailservice|cartservice|checkoutservice|currencyservice|recommendationservice|adservice|productcatalogservice|paymentservice|shippingservice|frontend|frontend-external,checkoutservice|cartservice|recommendationservice|adservice|productcatalogservice|paymentservice|frontend|currencyservice|shippingservice|emailservice,adservice|cartservice|checkoutservice|currencyservice|emailservice|frontend|paymentservice|productcatalogservice|recommendationservice|shippingservice,,,0.010616064071655273,0.002259969711303711,12,10,False,True,False,True,True,True
OnlineBoutique,emailservice,loss,1,circa,mang,latency-50,duong,emailservice|shippingservice|redis|currencyservice|frontend|productcatalogservice|paymentservice|recommendationservice|cartservice|adservice|checkoutservice|frontend-external,frontend|checkoutservice|paymentservice|productcatalogservice|currencyservice|shippingservice|adservice|recommendationservice|cartservice|emailservice,adservice|cartservice|checkoutservice|currencyservice|emailservice|frontend|paymentservice|productcatalogservice|recommendationservice|shippingservice,,,5.144182920455933,0.04588484764099121,12,10,True,True,False,True,True,True
OnlineBoutique,emailservice,loss,1,pc_randomwalk,mang,latency-50,duong,adservice|productcatalogservice|checkoutservice|paymentservice|recommendationservice|emailservice|shippingservice|cartservice|currencyservice|redis|frontend-external|frontend,productcatalogservice|shippingservice|cartservice|emailservice|frontend|paymentservice|adservice|checkoutservice|currencyservice|recommendationservice,adservice|cartservice|checkoutservice|currencyservice|emailservice|frontend|paymentservice|productcatalogservice|recommendationservice|shippingservice,,,5.014143943786621,0.0459589958190918,12,10,False,False,False,False,False,False
OnlineBoutique,emailservice,loss,2,nsigma,mang,latency-50,duong,emailservice|checkoutservice|cartservice|adservice|redis|shippingservice|productcatalogservice|currencyservice|frontend|paymentservice|frontend-external|recommendationservice,emailservice|checkoutservice|adservice|productcatalogservice|frontend|cartservice|shippingservice|currencyservice|paymentservice|recommendationservice,adservice|cartservice|checkoutservice|currencyservice|emailservice|frontend|paymentservice|productcatalogservice|recommendationservice|shippingservice,,,0.008222818374633789,0.0018548965454101562,12,10,True,True,True,True,True,True
OnlineBoutique,emailservice,loss,2,baro,mang,latency-50,duong,redis|emailservice|checkoutservice|adservice|cartservice|frontend|paymentservice|productcatalogservice|shippingservice|currencyservice|recommendationservice|frontend-external,emailservice|frontend|adservice|checkoutservice|productcatalogservice|paymentservice|currencyservice|cartservice|shippingservice|recommendationservice,adservice|cartservice|checkoutservice|currencyservice|emailservice|frontend|paymentservice|productcatalogservice|recommendationservice|shippingservice,,,0.010317802429199219,0.002249002456665039,12,10,False,True,True,True,True,True
OnlineBoutique,emailservice,loss,2,circa,mang,latency-50,duong,shippingservice|emailservice|adservice|cartservice|recommendationservice|productcatalogservice|checkoutservice|currencyservice|frontend-external|frontend|paymentservice|redis,shippingservice|emailservice|productcatalogservice|paymentservice|cartservice|recommendationservice|checkoutservice|adservice|frontend|currencyservice,adservice|cartservice|checkoutservice|currencyservice|emailservice|frontend|paymentservice|productcatalogservice|recommendationservice|shippingservice,,,4.696415901184082,0.03996014595031738,12,10,False,False,False,False,True,True
OnlineBoutique,emailservice,loss,2,pc_randomwalk,mang,latency-50,duong,recommendationservice|adservice|emailservice|currencyservice|frontend|productcatalogservice|checkoutservice|shippingservice|paymentservice|cartservice|redis|frontend-external,productcatalogservice|shippingservice|cartservice|emailservice|frontend|paymentservice|adservice|checkoutservice|currencyservice|recommendationservice,adservice|cartservice|checkoutservice|currencyservice|emailservice|frontend|paymentservice|productcatalogservice|recommendationservice|shippingservice,,,4.775364875793457,0.0366520881652832,12,10,False,False,False,False,True,False
OnlineBoutique,emailservice,loss,3,nsigma,mang,latency-50,duong,emailservice|checkoutservice|cartservice|frontend|paymentservice|adservice|shippingservice|redis|recommendationservice|productcatalogservice|currencyservice|frontend-external,emailservice|frontend|paymentservice|checkoutservice|cartservice|currencyservice|recommendationservice|shippingservice|productcatalogservice|adservice,adservice|cartservice|checkoutservice|currencyservice|emailservice|frontend|paymentservice|productcatalogservice|recommendationservice|shippingservice,,,0.008577108383178711,0.0018341541290283203,12,10,True,True,True,True,True,True
OnlineBoutique,emailservice,loss,3,baro,mang,latency-50,duong,redis|emailservice|checkoutservice|cartservice|paymentservice|adservice|frontend|shippingservice|productcatalogservice|recommendationservice|currencyservice|frontend-external,emailservice|paymentservice|frontend|cartservice|checkoutservice|currencyservice|adservice|recommendationservice|productcatalogservice|shippingservice,adservice|cartservice|checkoutservice|currencyservice|emailservice|frontend|paymentservice|productcatalogservice|recommendationservice|shippingservice,,,0.010804891586303711,0.002276182174682617,12,10,False,True,True,True,True,True
OnlineBoutique,emailservice,loss,3,circa,mang,latency-50,duong,emailservice|currencyservice|paymentservice|shippingservice|checkoutservice|frontend|recommendationservice|adservice|frontend-external|productcatalogservice|cartservice|redis,emailservice|currencyservice|checkoutservice|productcatalogservice|recommendationservice|frontend|cartservice|paymentservice|shippingservice|adservice,adservice|cartservice|checkoutservice|currencyservice|emailservice|frontend|paymentservice|productcatalogservice|recommendationservice|shippingservice,,,5.5903260707855225,0.03485584259033203,12,10,True,True,True,True,True,True
OnlineBoutique,emailservice,loss,3,pc_randomwalk,mang,latency-50,duong,adservice|productcatalogservice|checkoutservice|recommendationservice|frontend-external|cartservice|emailservice|currencyservice|paymentservice|shippingservice|redis|frontend,productcatalogservice|shippingservice|cartservice|emailservice|frontend|paymentservice|adservice|checkoutservice|currencyservice|recommendationservice,adservice|cartservice|checkoutservice|currencyservice|emailservice|frontend|paymentservice|productcatalogservice|recommendationservice|shippingservice,,,5.719036817550659,0.028545141220092773,12,10,False,False,False,False,False,False
OnlineBoutique,emailservice,mem,1,nsigma,tai nguyen,cpu,node,emailservice|checkoutservice|cartservice|redis|productcatalogservice|frontend|shippingservice|paymentservice|adservice|recommendationservice|currencyservice|frontend-external,emailservice|paymentservice|checkoutservice|shippingservice|cartservice|adservice|currencyservice|frontend|redis,adservice|cartservice|checkoutservice|currencyservice|emailservice|frontend|paymentservice|redis|shippingservice,,,0.008361101150512695,0.001712799072265625,12,9,True,True,True,True,True,True
OnlineBoutique,emailservice,mem,1,baro,tai nguyen,cpu,node,emailservice|redis|checkoutservice|recommendationservice|frontend|productcatalogservice|shippingservice|cartservice|adservice|paymentservice|currencyservice|frontend-external,emailservice|paymentservice|checkoutservice|adservice|shippingservice|currencyservice|redis|frontend|cartservice,adservice|cartservice|checkoutservice|currencyservice|emailservice|frontend|paymentservice|redis|shippingservice,,,0.010478973388671875,0.0021429061889648438,12,9,True,True,True,True,True,True
OnlineBoutique,emailservice,mem,1,circa,tai nguyen,cpu,node,shippingservice|emailservice|recommendationservice|checkoutservice|paymentservice|adservice|cartservice|currencyservice|frontend|redis|productcatalogservice|frontend-external,emailservice|redis|cartservice|checkoutservice|shippingservice|paymentservice|currencyservice|frontend|adservice,adservice|cartservice|checkoutservice|currencyservice|emailservice|frontend|paymentservice|redis|shippingservice,,,3.9923348426818848,0.024962186813354492,12,9,False,False,True,True,True,True
OnlineBoutique,emailservice,mem,1,pc_randomwalk,tai nguyen,cpu,node,recommendationservice|adservice|emailservice|currencyservice|frontend|productcatalogservice|checkoutservice|shippingservice|paymentservice|cartservice|redis|frontend-external,frontend|shippingservice|cartservice|emailservice|paymentservice|redis|adservice|checkoutservice|currencyservice,adservice|cartservice|checkoutservice|currencyservice|emailservice|frontend|paymentservice|redis|shippingservice,,,4.104322910308838,0.023080825805664062,12,9,False,False,False,False,True,False
OnlineBoutique,emailservice,mem,2,nsigma,tai nguyen,cpu,node,emailservice|checkoutservice|recommendationservice|adservice|productcatalogservice|shippingservice|frontend|cartservice|currencyservice|redis|paymentservice|frontend-external,emailservice|adservice|paymentservice|checkoutservice|shippingservice|recommendationservice|redis|productcatalogservice,adservice|checkoutservice|emailservice|paymentservice|productcatalogservice|recommendationservice|redis|shippingservice,,,0.00808405876159668,0.001554727554321289,12,8,True,True,True,True,True,True
OnlineBoutique,emailservice,mem,2,baro,tai nguyen,cpu,node,emailservice|redis|checkoutservice|recommendationservice|adservice|shippingservice|productcatalogservice|frontend|cartservice|currencyservice|paymentservice|frontend-external,emailservice|adservice|paymentservice|checkoutservice|shippingservice|recommendationservice|productcatalogservice|redis,adservice|checkoutservice|emailservice|paymentservice|productcatalogservice|recommendationservice|redis|shippingservice,,,0.00997471809387207,0.0019061565399169922,12,8,True,True,True,True,True,True
OnlineBoutique,emailservice,mem,2,circa,tai nguyen,cpu,node,emailservice|checkoutservice|productcatalogservice|frontend|shippingservice|recommendationservice|adservice|redis|paymentservice|frontend-external|currencyservice|cartservice,emailservice|productcatalogservice|paymentservice|shippingservice|checkoutservice|recommendationservice|adservice|redis,adservice|checkoutservice|emailservice|paymentservice|productcatalogservice|recommendationservice|redis|shippingservice,,,3.092288017272949,0.015444040298461914,12,8,True,True,True,True,True,True
OnlineBoutique,emailservice,mem,2,pc_randomwalk,tai nguyen,cpu,node,redis|adservice|currencyservice|recommendationservice|frontend|checkoutservice|shippingservice|paymentservice|emailservice|productcatalogservice|cartservice|frontend-external,productcatalogservice|checkoutservice|paymentservice|recommendationservice|redis|shippingservice|adservice|emailservice,adservice|checkoutservice|emailservice|paymentservice|productcatalogservice|recommendationservice|redis|shippingservice,,,3.0992438793182373,0.009915828704833984,12,8,False,False,False,False,False,False
OnlineBoutique,emailservice,mem,3,nsigma,tai nguyen,cpu,node,emailservice|checkoutservice|recommendationservice|shippingservice|adservice|redis|productcatalogservice|frontend|paymentservice|frontend-external|cartservice|currencyservice,emailservice|adservice|checkoutservice|cartservice|redis|currencyservice|paymentservice|shippingservice|frontend|productcatalogservice|recommendationservice,adservice|cartservice|checkoutservice|currencyservice|emailservice|frontend|paymentservice|productcatalogservice|recommendationservice|redis|shippingservice,,,0.008568048477172852,0.0019898414611816406,12,11,True,True,True,True,True,True
OnlineBoutique,emailservice,mem,3,baro,tai nguyen,cpu,node,emailservice|redis|checkoutservice|recommendationservice|shippingservice|adservice|productcatalogservice|frontend|frontend-external|paymentservice|cartservice|currencyservice,emailservice|adservice|redis|currencyservice|checkoutservice|cartservice|shippingservice|recommendationservice|paymentservice|frontend|productcatalogservice,adservice|cartservice|checkoutservice|currencyservice|emailservice|frontend|paymentservice|productcatalogservice|recommendationservice|redis|shippingservice,,,0.010641813278198242,0.0024471282958984375,12,11,True,True,True,True,True,True
OnlineBoutique,emailservice,mem,3,circa,tai nguyen,cpu,node,emailservice|checkoutservice|productcatalogservice|shippingservice|recommendationservice|paymentservice|adservice|currencyservice|redis|cartservice|frontend-external|frontend,emailservice|productcatalogservice|paymentservice|redis|currencyservice|checkoutservice|shippingservice|cartservice|frontend|recommendationservice|adservice,adservice|cartservice|checkoutservice|currencyservice|emailservice|frontend|paymentservice|productcatalogservice|recommendationservice|redis|shippingservice,,,599.456570148468,0.04950284957885742,12,11,True,True,True,True,True,True
OnlineBoutique,emailservice,mem,3,pc_randomwalk,tai nguyen,cpu,node,shippingservice|adservice|paymentservice|cartservice|frontend|productcatalogservice|emailservice|recommendationservice|checkoutservice|currencyservice|redis|frontend-external,paymentservice|recommendationservice|checkoutservice|frontend|productcatalogservice|redis|shippingservice|adservice|cartservice|currencyservice|emailservice,adservice|cartservice|checkoutservice|currencyservice|emailservice|frontend|paymentservice|productcatalogservice|recommendationservice|redis|shippingservice,,,4.861876964569092,0.07148098945617676,12,11,False,False,False,False,False,False
OnlineBoutique,emailservice,socket,1,nsigma,tai nguyen,cpu,node,emailservice|checkoutservice|paymentservice|redis|cartservice|frontend|shippingservice|productcatalogservice|recommendationservice|currencyservice|frontend-external|adservice,emailservice|checkoutservice|paymentservice|shippingservice|cartservice|recommendationservice|frontend|currencyservice|productcatalogservice|redis|adservice,adservice|cartservice|checkoutservice|currencyservice|emailservice|frontend|paymentservice|productcatalogservice|recommendationservice|redis|shippingservice,,,0.012315750122070312,0.002750873565673828,12,11,True,True,True,True,True,True
OnlineBoutique,emailservice,socket,1,baro,tai nguyen,cpu,node,redis|emailservice|checkoutservice|cartservice|paymentservice|frontend|shippingservice|productcatalogservice|recommendationservice|currencyservice|adservice|frontend-external,emailservice|checkoutservice|paymentservice|redis|frontend|recommendationservice|shippingservice|productcatalogservice|currencyservice|cartservice|adservice,adservice|cartservice|checkoutservice|currencyservice|emailservice|frontend|paymentservice|productcatalogservice|recommendationservice|redis|shippingservice,,,0.014817953109741211,0.0033638477325439453,12,11,False,False,True,True,True,True
OnlineBoutique,emailservice,socket,1,circa,tai nguyen,cpu,node,emailservice|paymentservice|shippingservice|recommendationservice|frontend|checkoutservice|currencyservice|adservice|productcatalogservice|cartservice|frontend-external|redis,emailservice|checkoutservice|shippingservice|currencyservice|redis|recommendationservice|adservice|paymentservice|frontend|productcatalogservice|cartservice,adservice|cartservice|checkoutservice|currencyservice|emailservice|frontend|paymentservice|productcatalogservice|recommendationservice|redis|shippingservice,,,943.6295650005341,0.11060094833374023,12,11,True,True,True,True,True,True
OnlineBoutique,emailservice,socket,1,pc_randomwalk,tai nguyen,cpu,node,adservice|paymentservice|cartservice|productcatalogservice|shippingservice|emailservice|currencyservice|checkoutservice|redis|frontend|recommendationservice|frontend-external,paymentservice|recommendationservice|checkoutservice|frontend|productcatalogservice|redis|shippingservice|adservice|cartservice|currencyservice|emailservice,adservice|cartservice|checkoutservice|currencyservice|emailservice|frontend|paymentservice|productcatalogservice|recommendationservice|redis|shippingservice,,,920.5630900859833,0.07208132743835449,12,11,False,False,False,False,False,False
OnlineBoutique,emailservice,socket,2,nsigma,tai nguyen,latency-50,duong,emailservice|cartservice|paymentservice|checkoutservice|adservice|frontend|recommendationservice|shippingservice|redis|currencyservice|productcatalogservice|frontend-external,emailservice|paymentservice|adservice|frontend|checkoutservice|recommendationservice|currencyservice|cartservice|shippingservice|productcatalogservice,adservice|cartservice|checkoutservice|currencyservice|emailservice|frontend|paymentservice|productcatalogservice|recommendationservice|shippingservice,,,0.007980823516845703,0.001786947250366211,12,10,True,True,True,True,True,True
OnlineBoutique,emailservice,socket,2,baro,tai nguyen,latency-50,duong,redis|emailservice|cartservice|paymentservice|checkoutservice|recommendationservice|adservice|frontend|currencyservice|shippingservice|frontend-external|productcatalogservice,emailservice|paymentservice|adservice|frontend|checkoutservice|recommendationservice|cartservice|currencyservice|productcatalogservice|shippingservice,adservice|cartservice|checkoutservice|currencyservice|emailservice|frontend|paymentservice|productcatalogservice|recommendationservice|shippingservice,,,0.009943008422851562,0.002209186553955078,12,10,False,True,True,True,True,True
OnlineBoutique,emailservice,socket,2,circa,tai nguyen,latency-50,duong,emailservice|paymentservice|recommendationservice|shippingservice|checkoutservice|currencyservice|cartservice|adservice|frontend|productcatalogservice|frontend-external|redis,emailservice|adservice|checkoutservice|frontend|paymentservice|cartservice|productcatalogservice|shippingservice|currencyservice|recommendationservice,adservice|cartservice|checkoutservice|currencyservice|emailservice|frontend|paymentservice|productcatalogservice|recommendationservice|shippingservice,,,21.13660502433777,0.06688117980957031,12,10,True,True,True,True,True,True
OnlineBoutique,emailservice,socket,2,pc_randomwalk,tai nguyen,latency-50,duong,recommendationservice|adservice|emailservice|currencyservice|frontend|productcatalogservice|checkoutservice|shippingservice|paymentservice|cartservice|redis|frontend-external,productcatalogservice|shippingservice|cartservice|emailservice|frontend|paymentservice|adservice|checkoutservice|currencyservice|recommendationservice,adservice|cartservice|checkoutservice|currencyservice|emailservice|frontend|paymentservice|productcatalogservice|recommendationservice|shippingservice,,,4.279827833175659,0.07024693489074707,12,10,False,False,False,False,True,False
OnlineBoutique,emailservice,socket,3,nsigma,tai nguyen,latency-50,duong,emailservice|recommendationservice|shippingservice|paymentservice|cartservice|redis|checkoutservice|productcatalogservice|adservice|frontend|currencyservice|frontend-external,emailservice|paymentservice|checkoutservice|frontend|adservice|shippingservice|cartservice|recommendationservice|currencyservice|productcatalogservice,adservice|cartservice|checkoutservice|currencyservice|emailservice|frontend|paymentservice|productcatalogservice|recommendationservice|shippingservice,,,0.021281003952026367,0.003283977508544922,12,10,True,True,True,True,True,True
OnlineBoutique,emailservice,socket,3,baro,tai nguyen,latency-50,duong,redis|emailservice|cartservice|checkoutservice|recommendationservice|paymentservice|shippingservice|productcatalogservice|adservice|currencyservice|frontend-external|frontend,paymentservice|checkoutservice|frontend|cartservice|shippingservice|adservice|currencyservice|recommendationservice|productcatalogservice|emailservice,adservice|cartservice|checkoutservice|currencyservice|emailservice|frontend|paymentservice|productcatalogservice|recommendationservice|shippingservice,,,0.018157005310058594,0.003854990005493164,12,10,False,True,False,False,True,True
OnlineBoutique,emailservice,socket,3,circa,tai nguyen,latency-50,duong,emailservice|recommendationservice|adservice|checkoutservice|shippingservice|cartservice|productcatalogservice|paymentservice|currencyservice|frontend|redis|frontend-external,recommendationservice|paymentservice|currencyservice|cartservice|productcatalogservice|frontend|emailservice|shippingservice|adservice|checkoutservice,adservice|cartservice|checkoutservice|currencyservice|emailservice|frontend|paymentservice|productcatalogservice|recommendationservice|shippingservice,,,4.757040977478027,0.043881893157958984,12,10,True,True,False,False,True,False
OnlineBoutique,emailservice,socket,3,pc_randomwalk,tai nguyen,latency-50,duong,adservice|productcatalogservice|checkoutservice|paymentservice|recommendationservice|emailservice|shippingservice|cartservice|currencyservice|redis|frontend|frontend-external,productcatalogservice|shippingservice|cartservice|emailservice|frontend|paymentservice|adservice|checkoutservice|currencyservice|recommendationservice,adservice|cartservice|checkoutservice|currencyservice|emailservice|frontend|paymentservice|productcatalogservice|recommendationservice|shippingservice,,,7.636556148529053,0.05981612205505371,12,10,False,False,False,False,False,False
OnlineBoutique,productcatalogservice,cpu,1,nsigma,tai nguyen,latency-50,duong,productcatalogservice|recommendationservice|emailservice|paymentservice|currencyservice|adservice|redis|checkoutservice|shippingservice|cartservice|frontend|frontend-external,recommendationservice|productcatalogservice|adservice|cartservice|emailservice|shippingservice|frontend|paymentservice|checkoutservice|currencyservice,adservice|cartservice|checkoutservice|currencyservice|emailservice|frontend|paymentservice|productcatalogservice|recommendationservice|shippingservice,,,0.013546943664550781,0.0028908252716064453,12,10,True,True,False,True,True,True
OnlineBoutique,productcatalogservice,cpu,1,baro,tai nguyen,latency-50,duong,redis|productcatalogservice|recommendationservice|cartservice|emailservice|currencyservice|paymentservice|frontend|adservice|shippingservice|checkoutservice|frontend-external,recommendationservice|productcatalogservice|frontend|adservice|emailservice|cartservice|shippingservice|paymentservice|checkoutservice|currencyservice,adservice|cartservice|checkoutservice|currencyservice|emailservice|frontend|paymentservice|productcatalogservice|recommendationservice|shippingservice,,,0.01707601547241211,0.003487110137939453,12,10,False,True,False,True,True,True
OnlineBoutique,productcatalogservice,cpu,1,circa,tai nguyen,latency-50,duong,productcatalogservice|recommendationservice|frontend|currencyservice|emailservice|adservice|cartservice|shippingservice|checkoutservice|frontend-external|paymentservice|redis,recommendationservice|productcatalogservice|currencyservice|checkoutservice|adservice|frontend|paymentservice|shippingservice|cartservice|emailservice,adservice|cartservice|checkoutservice|currencyservice|emailservice|frontend|paymentservice|productcatalogservice|recommendationservice|shippingservice,,,5.988152980804443,0.05263686180114746,12,10,True,True,False,True,True,True
OnlineBoutique,productcatalogservice,cpu,1,pc_randomwalk,tai nguyen,latency-50,duong,redis|currencyservice|cartservice|checkoutservice|frontend|recommendationservice|productcatalogservice|paymentservice|adservice|emailservice|shippingservice|frontend-external,productcatalogservice|shippingservice|cartservice|emailservice|frontend|paymentservice|adservice|checkoutservice|currencyservice|recommendationservice,adservice|cartservice|checkoutservice|currencyservice|emailservice|frontend|paymentservice|productcatalogservice|recommendationservice|shippingservice,,,21.755408763885498,0.06111621856689453,12,10,False,False,True,True,False,True
OnlineBoutique,productcatalogservice,cpu,2,nsigma,tai nguyen,cpu,node,productcatalogservice|recommendationservice|frontend|adservice|currencyservice|emailservice|checkoutservice|cartservice|redis|paymentservice|shippingservice|frontend-external,productcatalogservice|checkoutservice|paymentservice|adservice|emailservice|shippingservice|cartservice|redis|recommendationservice|currencyservice|frontend,adservice|cartservice|checkoutservice|currencyservice|emailservice|frontend|paymentservice|productcatalogservice|recommendationservice|redis|shippingservice,,,0.010883808135986328,0.0025451183319091797,12,11,True,True,True,True,True,True
OnlineBoutique,productcatalogservice,cpu,2,baro,tai nguyen,cpu,node,redis|productcatalogservice|recommendationservice|frontend|checkoutservice|adservice|currencyservice|emailservice|paymentservice|cartservice|shippingservice|frontend-external,productcatalogservice|paymentservice|adservice|checkoutservice|redis|emailservice|shippingservice|cartservice|recommendationservice|currencyservice|frontend,adservice|cartservice|checkoutservice|currencyservice|emailservice|frontend|paymentservice|productcatalogservice|recommendationservice|redis|shippingservice,,,0.013499021530151367,0.003103971481323242,12,11,False,False,True,True,True,True
OnlineBoutique,productcatalogservice,cpu,2,circa,tai nguyen,cpu,node,adservice|cartservice|checkoutservice|currencyservice|emailservice|frontend|paymentservice|productcatalogservice|recommendationservice|redis|shippingservice|frontend-external,productcatalogservice|redis|frontend|checkoutservice|cartservice|paymentservice|recommendationservice|shippingservice|adservice|emailservice|currencyservice,adservice|cartservice|checkoutservice|currencyservice|emailservice|frontend|paymentservice|productcatalogservice|recommendationservice|redis|shippingservice,FALLBACK,,0.08514904975891113,0.052206993103027344,12,11,False,False,True,True,False,True
OnlineBoutique,productcatalogservice,cpu,2,pc_randomwalk,tai nguyen,cpu,node,adservice|cartservice|checkoutservice|currencyservice|emailservice|frontend|paymentservice|productcatalogservice|recommendationservice|redis|shippingservice|frontend-external,paymentservice|recommendationservice|checkoutservice|frontend|productcatalogservice|redis|shippingservice|adservice|cartservice|currencyservice|emailservice,adservice|cartservice|checkoutservice|currencyservice|emailservice|frontend|paymentservice|productcatalogservice|recommendationservice|redis|shippingservice,FALLBACK,,0.08890986442565918,0.044148921966552734,12,11,False,False,False,False,False,False
OnlineBoutique,productcatalogservice,cpu,3,nsigma,tai nguyen,cpu,node,productcatalogservice|recommendationservice|frontend|cartservice|adservice|currencyservice|paymentservice|checkoutservice|emailservice|shippingservice|redis|frontend-external,productcatalogservice|checkoutservice|paymentservice|emailservice|shippingservice|recommendationservice|cartservice|frontend|redis|currencyservice,cartservice|checkoutservice|currencyservice|emailservice|frontend|paymentservice|productcatalogservice|recommendationservice|redis|shippingservice,,,0.009899139404296875,0.0022640228271484375,12,10,True,True,True,True,True,True
OnlineBoutique,productcatalogservice,cpu,3,baro,tai nguyen,cpu,node,redis|productcatalogservice|recommendationservice|frontend|cartservice|checkoutservice|adservice|currencyservice|paymentservice|emailservice|shippingservice|frontend-external,productcatalogservice|paymentservice|frontend|checkoutservice|emailservice|redis|shippingservice|recommendationservice|cartservice|currencyservice,cartservice|checkoutservice|currencyservice|emailservice|frontend|paymentservice|productcatalogservice|recommendationservice|redis|shippingservice,,,0.012336015701293945,0.002705097198486328,12,10,False,False,True,True,True,True
OnlineBoutique,productcatalogservice,cpu,3,circa,tai nguyen,cpu,node,paymentservice|productcatalogservice|currencyservice|recommendationservice|frontend|cartservice|checkoutservice|adservice|shippingservice|emailservice|frontend-external|redis,productcatalogservice|currencyservice|shippingservice|cartservice|checkoutservice|emailservice|frontend|paymentservice|redis|recommendationservice,cartservice|checkoutservice|currencyservice|emailservice|frontend|paymentservice|productcatalogservice|recommendationservice|redis|shippingservice,,,244.00078582763672,0.035230398178100586,12,10,False,False,True,True,True,True
OnlineBoutique,productcatalogservice,cpu,3,pc_randomwalk,tai nguyen,cpu,node,productcatalogservice|shippingservice|emailservice|currencyservice|cartservice|frontend|recommendationservice|adservice|checkoutservice|paymentservice|redis|frontend-external,recommendationservice|shippingservice|checkoutservice|frontend|paymentservice|productcatalogservice|cartservice|currencyservice|emailservice|redis,cartservice|checkoutservice|currencyservice|emailservice|frontend|paymentservice|productcatalogservice|recommendationservice|redis|shippingservice,,,2.9733879566192627,0.041294097900390625,12,10,True,True,False,False,True,False
OnlineBoutique,productcatalogservice,delay,1,nsigma,mang,latency-50,duong,productcatalogservice|recommendationservice|frontend|checkoutservice|cartservice|emailservice|adservice|shippingservice|currencyservice|redis|paymentservice|frontend-external,recommendationservice|productcatalogservice|frontend|checkoutservice|emailservice|shippingservice|paymentservice|currencyservice|adservice|cartservice,adservice|cartservice|checkoutservice|currencyservice|emailservice|frontend|paymentservice|productcatalogservice|recommendationservice|shippingservice,,,0.011360645294189453,0.0024068355560302734,12,10,True,True,False,True,True,True
OnlineBoutique,productcatalogservice,delay,1,baro,mang,latency-50,duong,productcatalogservice|recommendationservice|frontend|checkoutservice|cartservice|redis|emailservice|shippingservice|paymentservice|adservice|currencyservice|frontend-external,recommendationservice|productcatalogservice|frontend|checkoutservice|paymentservice|shippingservice|currencyservice|adservice|cartservice|emailservice,adservice|cartservice|checkoutservice|currencyservice|emailservice|frontend|paymentservice|productcatalogservice|recommendationservice|shippingservice,,,0.014100074768066406,0.0028901100158691406,12,10,True,True,False,True,True,True
OnlineBoutique,productcatalogservice,delay,1,circa,mang,latency-50,duong,adservice|cartservice|checkoutservice|currencyservice|emailservice|frontend|paymentservice|productcatalogservice|recommendationservice|redis|shippingservice|frontend-external,recommendationservice|productcatalogservice|frontend|checkoutservice|paymentservice|currencyservice|shippingservice|cartservice|emailservice|adservice,adservice|cartservice|checkoutservice|currencyservice|emailservice|frontend|paymentservice|productcatalogservice|recommendationservice|shippingservice,FALLBACK,,0.05182695388793945,0.0373990535736084,12,10,False,False,False,True,False,True
OnlineBoutique,productcatalogservice,delay,1,pc_randomwalk,mang,latency-50,duong,adservice|cartservice|checkoutservice|currencyservice|emailservice|frontend|paymentservice|productcatalogservice|recommendationservice|redis|shippingservice|frontend-external,productcatalogservice|shippingservice|cartservice|emailservice|frontend|paymentservice|adservice|checkoutservice|currencyservice|recommendationservice,adservice|cartservice|checkoutservice|currencyservice|emailservice|frontend|paymentservice|productcatalogservice|recommendationservice|shippingservice,FALLBACK,,0.06021881103515625,0.03780770301818848,12,10,False,False,True,True,False,True
OnlineBoutique,productcatalogservice,delay,2,nsigma,mang,latency-50,duong,productcatalogservice|recommendationservice|frontend|paymentservice|checkoutservice|emailservice|redis|currencyservice|adservice|shippingservice|cartservice|frontend-external,frontend|recommendationservice|productcatalogservice|checkoutservice|paymentservice|emailservice|adservice|shippingservice|cartservice|currencyservice,adservice|cartservice|checkoutservice|currencyservice|emailservice|frontend|paymentservice|productcatalogservice|recommendationservice|shippingservice,,,0.011759281158447266,0.002618074417114258,12,10,True,True,False,True,True,True
OnlineBoutique,productcatalogservice,delay,2,baro,mang,latency-50,duong,redis|productcatalogservice|recommendationservice|frontend|paymentservice|checkoutservice|emailservice|shippingservice|currencyservice|adservice|cartservice|frontend-external,frontend|recommendationservice|productcatalogservice|checkoutservice|paymentservice|emailservice|adservice|shippingservice|cartservice|currencyservice,adservice|cartservice|checkoutservice|currencyservice|emailservice|frontend|paymentservice|productcatalogservice|recommendationservice|shippingservice,,,0.01447916030883789,0.003123044967651367,12,10,False,True,False,True,True,True
OnlineBoutique,productcatalogservice,delay,2,circa,mang,latency-50,duong,shippingservice|recommendationservice|productcatalogservice|currencyservice|frontend|checkoutservice|emailservice|adservice|redis|paymentservice|cartservice|frontend-external,frontend|productcatalogservice|paymentservice|shippingservice|recommendationservice|emailservice|checkoutservice|currencyservice|cartservice|adservice,adservice|cartservice|checkoutservice|currencyservice|emailservice|frontend|paymentservice|productcatalogservice|recommendationservice|shippingservice,,,23.895514965057373,0.03202414512634277,12,10,False,False,False,True,True,True
OnlineBoutique,productcatalogservice,delay,2,pc_randomwalk,mang,latency-50,duong,emailservice|adservice|productcatalogservice|paymentservice|recommendationservice|shippingservice|checkoutservice|currencyservice|cartservice|redis|frontend|frontend-external,productcatalogservice|shippingservice|cartservice|emailservice|frontend|paymentservice|adservice|checkoutservice|currencyservice|recommendationservice,adservice|cartservice|checkoutservice|currencyservice|emailservice|frontend|paymentservice|productcatalogservice|recommendationservice|shippingservice,,,26.32374382019043,0.032903194427490234,12,10,False,False,True,True,True,True
OnlineBoutique,productcatalogservice,delay,3,nsigma,mang,latency-50,duong,productcatalogservice|recommendationservice|frontend|checkoutservice|shippingservice|emailservice|adservice|redis|paymentservice|currencyservice|cartservice|frontend-external,recommendationservice|productcatalogservice|frontend|checkoutservice|emailservice|adservice|paymentservice|shippingservice|cartservice|currencyservice,adservice|cartservice|checkoutservice|currencyservice|emailservice|frontend|paymentservice|productcatalogservice|recommendationservice|shippingservice,,,0.010625123977661133,0.0023779869079589844,12,10,True,True,False,True,True,True
OnlineBoutique,productcatalogservice,delay,3,baro,mang,latency-50,duong,redis|productcatalogservice|recommendationservice|frontend|checkoutservice|adservice|emailservice|shippingservice|currencyservice|paymentservice|cartservice|frontend-external,recommendationservice|productcatalogservice|frontend|checkoutservice|adservice|emailservice|paymentservice|cartservice|shippingservice|currencyservice,adservice|cartservice|checkoutservice|currencyservice|emailservice|frontend|paymentservice|productcatalogservice|recommendationservice|shippingservice,,,0.012757062911987305,0.0027000904083251953,12,10,False,True,False,True,True,True
OnlineBoutique,productcatalogservice,delay,3,circa,mang,latency-50,duong,productcatalogservice|frontend|recommendationservice|adservice|checkoutservice|redis|paymentservice|shippingservice|cartservice|currencyservice|emailservice|frontend-external,recommendationservice|frontend|productcatalogservice|paymentservice|currencyservice|checkoutservice|shippingservice|cartservice|adservice|emailservice,adservice|cartservice|checkoutservice|currencyservice|emailservice|frontend|paymentservice|productcatalogservice|recommendationservice|shippingservice,,,3.3885281085968018,0.03663992881774902,12,10,True,True,False,True,True,True
OnlineBoutique,productcatalogservice,delay,3,pc_randomwalk,mang,latency-50,duong,productcatalogservice|shippingservice|emailservice|currencyservice|adservice|frontend|recommendationservice|checkoutservice|paymentservice|cartservice|redis|frontend-external,productcatalogservice|shippingservice|cartservice|emailservice|frontend|paymentservice|adservice|checkoutservice|currencyservice|recommendationservice,adservice|cartservice|checkoutservice|currencyservice|emailservice|frontend|paymentservice|productcatalogservice|recommendationservice|shippingservice,,,762.8978350162506,0.04910707473754883,12,10,True,True,True,True,True,True
OnlineBoutique,productcatalogservice,disk,1,nsigma,tai nguyen,cpu,node,productcatalogservice|recommendationservice|frontend|cartservice|currencyservice|emailservice|adservice|shippingservice|checkoutservice|redis|paymentservice|frontend-external,productcatalogservice|paymentservice|checkoutservice|shippingservice|emailservice|cartservice|redis|recommendationservice|currencyservice|adservice|frontend,adservice|cartservice|checkoutservice|currencyservice|emailservice|frontend|paymentservice|productcatalogservice|recommendationservice|redis|shippingservice,,,0.014602899551391602,0.0034160614013671875,12,11,True,True,True,True,True,True
OnlineBoutique,productcatalogservice,disk,1,baro,tai nguyen,cpu,node,redis|productcatalogservice|recommendationservice|currencyservice|cartservice|emailservice|frontend|shippingservice|adservice|checkoutservice|paymentservice|frontend-external,productcatalogservice|emailservice|cartservice|redis|shippingservice|checkoutservice|paymentservice|currencyservice|recommendationservice|adservice|frontend,adservice|cartservice|checkoutservice|currencyservice|emailservice|frontend|paymentservice|productcatalogservice|recommendationservice|redis|shippingservice,,,0.018034934997558594,0.004153013229370117,12,11,False,False,True,True,True,True
OnlineBoutique,productcatalogservice,disk,1,circa,tai nguyen,cpu,node,productcatalogservice|recommendationservice|checkoutservice|frontend|cartservice|adservice|shippingservice|currencyservice|emailservice|paymentservice|redis|frontend-external,productcatalogservice|cartservice|currencyservice|checkoutservice|adservice|redis|recommendationservice|emailservice|frontend|paymentservice|shippingservice,adservice|cartservice|checkoutservice|currencyservice|emailservice|frontend|paymentservice|productcatalogservice|recommendationservice|redis|shippingservice,,,3.902568817138672,0.053060293197631836,12,11,True,True,True,True,True,True
OnlineBoutique,productcatalogservice,disk,1,pc_randomwalk,tai nguyen,cpu,node,shippingservice|adservice|paymentservice|cartservice|frontend|productcatalogservice|emailservice|recommendationservice|checkoutservice|currencyservice|redis|frontend-external,paymentservice|recommendationservice|checkoutservice|frontend|productcatalogservice|redis|shippingservice|adservice|cartservice|currencyservice|emailservice,adservice|cartservice|checkoutservice|currencyservice|emailservice|frontend|paymentservice|productcatalogservice|recommendationservice|redis|shippingservice,,,64.66086673736572,0.04558897018432617,12,11,False,False,False,False,False,False
OnlineBoutique,productcatalogservice,disk,2,nsigma,tai nguyen,cpu,node,productcatalogservice|cartservice|recommendationservice|frontend|adservice|checkoutservice|emailservice|currencyservice|shippingservice|redis|paymentservice|frontend-external,productcatalogservice|checkoutservice|adservice|paymentservice|emailservice|shippingservice|redis|currencyservice|frontend,adservice|checkoutservice|currencyservice|emailservice|frontend|paymentservice|productcatalogservice|redis|shippingservice,,,0.008095026016235352,0.0016689300537109375,12,9,True,True,True,True,True,True
OnlineBoutique,productcatalogservice,disk,2,baro,tai nguyen,cpu,node,emailservice|redis|productcatalogservice|cartservice|recommendationservice|frontend|adservice|checkoutservice|currencyservice|shippingservice|paymentservice|frontend-external,productcatalogservice|checkoutservice|adservice|paymentservice|emailservice|shippingservice|redis|currencyservice|frontend,adservice|checkoutservice|currencyservice|emailservice|frontend|paymentservice|productcatalogservice|redis|shippingservice,,,0.010144948959350586,0.0020599365234375,12,9,False,False,True,True,True,True
OnlineBoutique,productcatalogservice,disk,2,circa,tai nguyen,cpu,node,adservice|checkoutservice|currencyservice|emailservice|frontend|paymentservice|productcatalogservice|redis|shippingservice|cartservice|recommendationservice|frontend-external,productcatalogservice|currencyservice|shippingservice|checkoutservice|redis|frontend|emailservice|adservice|paymentservice,adservice|checkoutservice|currencyservice|emailservice|frontend|paymentservice|productcatalogservice|redis|shippingservice,FALLBACK,,0.397672176361084,0.027559280395507812,12,9,False,False,True,True,False,True
OnlineBoutique,productcatalogservice,disk,2,pc_randomwalk,tai nguyen,cpu,node,adservice|checkoutservice|currencyservice|emailservice|frontend|paymentservice|productcatalogservice|redis|shippingservice|cartservice|recommendationservice|frontend-external,paymentservice|shippingservice|checkoutservice|frontend|productcatalogservice|redis|adservice|currencyservice|emailservice,adservice|checkoutservice|currencyservice|emailservice|frontend|paymentservice|productcatalogservice|redis|shippingservice,FALLBACK,,0.4602997303009033,0.025551795959472656,12,9,False,False,False,False,False,False
OnlineBoutique,productcatalogservice,disk,3,nsigma,tai nguyen,cpu,node,productcatalogservice|recommendationservice|frontend|shippingservice|checkoutservice|currencyservice|emailservice|cartservice|paymentservice|redis|frontend-external|adservice,productcatalogservice|checkoutservice|paymentservice|shippingservice|redis|recommendationservice|emailservice|cartservice|frontend|currencyservice,cartservice|checkoutservice|currencyservice|emailservice|frontend|paymentservice|productcatalogservice|recommendationservice|redis|shippingservice,,,0.009142875671386719,0.0018038749694824219,12,10,True,True,True,True,True,True
OnlineBoutique,productcatalogservice,disk,3,baro,tai nguyen,cpu,node,productcatalogservice|recommendationservice|checkoutservice|frontend|redis|shippingservice|currencyservice|paymentservice|cartservice|emailservice|adservice|frontend-external,productcatalogservice|paymentservice|checkoutservice|redis|shippingservice|emailservice|recommendationservice|cartservice|frontend|currencyservice,cartservice|checkoutservice|currencyservice|emailservice|frontend|paymentservice|productcatalogservice|recommendationservice|redis|shippingservice,,,0.011255979537963867,0.0021979808807373047,12,10,True,True,True,True,True,True
OnlineBoutique,productcatalogservice,disk,3,circa,tai nguyen,cpu,node,cartservice|checkoutservice|currencyservice|emailservice|frontend|paymentservice|productcatalogservice|recommendationservice|redis|shippingservice|adservice|frontend-external,productcatalogservice|currencyservice|redis|cartservice|paymentservice|shippingservice|recommendationservice|emailservice|frontend|checkoutservice,cartservice|checkoutservice|currencyservice|emailservice|frontend|paymentservice|productcatalogservice|recommendationservice|redis|shippingservice,FALLBACK,,0.045662879943847656,0.048368215560913086,12,10,False,False,True,True,False,True
OnlineBoutique,productcatalogservice,disk,3,pc_randomwalk,tai nguyen,cpu,node,cartservice|checkoutservice|currencyservice|emailservice|frontend|paymentservice|productcatalogservice|recommendationservice|redis|shippingservice|adservice|frontend-external,recommendationservice|shippingservice|checkoutservice|frontend|paymentservice|productcatalogservice|cartservice|currencyservice|emailservice|redis,cartservice|checkoutservice|currencyservice|emailservice|frontend|paymentservice|productcatalogservice|recommendationservice|redis|shippingservice,FALLBACK,,0.0481867790222168,0.045313119888305664,12,10,False,False,False,False,False,False
OnlineBoutique,productcatalogservice,loss,1,nsigma,mang,latency-50,duong,productcatalogservice|recommendationservice|frontend|adservice|cartservice|shippingservice|frontend-external|currencyservice|emailservice|paymentservice|redis|checkoutservice,recommendationservice|productcatalogservice|frontend|adservice|shippingservice|cartservice|currencyservice|paymentservice,adservice|cartservice|currencyservice|frontend|paymentservice|productcatalogservice|recommendationservice|shippingservice,,,0.008199930191040039,0.0015230178833007812,12,8,True,True,False,True,True,True
OnlineBoutique,productcatalogservice,loss,1,baro,mang,latency-50,duong,productcatalogservice|recommendationservice|redis|cartservice|frontend|adservice|shippingservice|paymentservice|currencyservice|emailservice|checkoutservice|frontend-external,recommendationservice|productcatalogservice|frontend|adservice|shippingservice|cartservice|paymentservice|currencyservice,adservice|cartservice|currencyservice|frontend|paymentservice|productcatalogservice|recommendationservice|shippingservice,,,0.010351181030273438,0.0018601417541503906,12,8,True,True,False,True,True,True
OnlineBoutique,productcatalogservice,loss,1,circa,mang,latency-50,duong,paymentservice|productcatalogservice|recommendationservice|currencyservice|cartservice|adservice|frontend|redis|shippingservice|emailservice|checkoutservice|frontend-external,recommendationservice|productcatalogservice|cartservice|adservice|currencyservice|frontend|paymentservice|shippingservice,adservice|cartservice|currencyservice|frontend|paymentservice|productcatalogservice|recommendationservice|shippingservice,,,7.471290826797485,0.027281761169433594,12,8,False,False,False,True,True,True
OnlineBoutique,productcatalogservice,loss,1,pc_randomwalk,mang,latency-50,duong,shippingservice|adservice|paymentservice|cartservice|frontend|productcatalogservice|checkoutservice|frontend-external|currencyservice|redis|recommendationservice|emailservice,paymentservice|cartservice|frontend|productcatalogservice|recommendationservice|shippingservice|adservice|currencyservice,adservice|cartservice|currencyservice|frontend|paymentservice|productcatalogservice|recommendationservice|shippingservice,,,8.05925178527832,0.030393123626708984,12,8,False,False,False,False,False,True
OnlineBoutique,productcatalogservice,loss,2,nsigma,mang,cpu,node,recommendationservice|productcatalogservice|frontend|adservice|cartservice|paymentservice|frontend-external|checkoutservice|emailservice|shippingservice|redis|currencyservice,frontend|currencyservice|productcatalogservice|paymentservice|shippingservice|checkoutservice|emailservice|redis|cartservice|adservice,adservice|cartservice|checkoutservice|currencyservice|emailservice|frontend|paymentservice|productcatalogservice|redis|shippingservice,,,0.006079435348510742,0.0019106864929199219,12,10,False,True,False,False,True,True
OnlineBoutique,productcatalogservice,loss,2,baro,mang,cpu,node,redis|recommendationservice|productcatalogservice|frontend|emailservice|adservice|cartservice|paymentservice|checkoutservice|frontend-external|shippingservice|currencyservice,frontend|currencyservice|productcatalogservice|shippingservice|paymentservice|checkoutservice|emailservice|cartservice|adservice|redis,adservice|cartservice|checkoutservice|currencyservice|emailservice|frontend|paymentservice|productcatalogservice|redis|shippingservice,,,0.007431983947753906,0.002229928970336914,12,10,False,False,False,False,True,True
OnlineBoutique,productcatalogservice,loss,2,circa,mang,cpu,node,recommendationservice|paymentservice|adservice|redis|frontend|productcatalogservice|currencyservice|shippingservice|cartservice|emailservice|checkoutservice|frontend-external,currencyservice|productcatalogservice|frontend|checkoutservice|shippingservice|emailservice|cartservice|adservice|redis|paymentservice,adservice|cartservice|checkoutservice|currencyservice|emailservice|frontend|paymentservice|productcatalogservice|redis|shippingservice,,,2.2204787731170654,0.10152101516723633,12,10,False,False,False,False,False,True
OnlineBoutique,productcatalogservice,loss,2,pc_randomwalk,mang,cpu,node,adservice|productcatalogservice|cartservice|emailservice|frontend|paymentservice|shippingservice|frontend-external|currencyservice|recommendationservice|redis|checkoutservice,productcatalogservice|shippingservice|cartservice|emailservice|frontend|paymentservice|adservice|checkoutservice|currencyservice|redis,adservice|cartservice|checkoutservice|currencyservice|emailservice|frontend|paymentservice|productcatalogservice|redis|shippingservice,,,2.5034968852996826,0.15136408805847168,12,10,False,False,True,True,True,True
OnlineBoutique,productcatalogservice,loss,3,nsigma,mang,latency-50,duong,productcatalogservice|recommendationservice|frontend|adservice|cartservice|frontend-external|checkoutservice|shippingservice|currencyservice|emailservice|paymentservice|redis,recommendationservice|productcatalogservice|frontend|adservice|currencyservice|cartservice|shippingservice|paymentservice|checkoutservice|emailservice,adservice|cartservice|checkoutservice|currencyservice|emailservice|frontend|paymentservice|productcatalogservice|recommendationservice|shippingservice,,,0.008681058883666992,0.0018439292907714844,12,10,True,True,False,True,True,True
OnlineBoutique,productcatalogservice,loss,3,baro,mang,latency-50,duong,productcatalogservice|redis|recommendationservice|cartservice|frontend|adservice|shippingservice|checkoutservice|currencyservice|emailservice|paymentservice|frontend-external,recommendationservice|productcatalogservice|frontend|adservice|currencyservice|shippingservice|cartservice|paymentservice|checkoutservice|emailservice,adservice|cartservice|checkoutservice|currencyservice|emailservice|frontend|paymentservice|productcatalogservice|recommendationservice|shippingservice,,,0.010757923126220703,0.0022661685943603516,12,10,True,True,False,True,True,True
OnlineBoutique,productcatalogservice,loss,3,circa,mang,latency-50,duong,recommendationservice|productcatalogservice|frontend|checkoutservice|adservice|currencyservice|shippingservice|cartservice|redis|emailservice|paymentservice|frontend-external,recommendationservice|frontend|shippingservice|productcatalogservice|adservice|checkoutservice|currencyservice|cartservice|paymentservice|emailservice,adservice|cartservice|checkoutservice|currencyservice|emailservice|frontend|paymentservice|productcatalogservice|recommendationservice|shippingservice,,,5.849976062774658,0.04194903373718262,12,10,False,False,False,True,True,True
OnlineBoutique,productcatalogservice,loss,3,pc_randomwalk,mang,latency-50,duong,adservice|recommendationservice|currencyservice|redis|shippingservice|frontend-external|cartservice|emailservice|productcatalogservice|paymentservice|checkoutservice|frontend,productcatalogservice|shippingservice|cartservice|emailservice|frontend|paymentservice|adservice|checkoutservice|currencyservice|recommendationservice,adservice|cartservice|checkoutservice|currencyservice|emailservice|frontend|paymentservice|productcatalogservice|recommendationservice|shippingservice,,,6.075156927108765,0.048577070236206055,12,10,False,False,True,True,False,True
OnlineBoutique,productcatalogservice,mem,1,nsigma,tai nguyen,cpu,node,productcatalogservice|recommendationservice|frontend|cartservice|adservice|shippingservice|checkoutservice|emailservice|currencyservice|paymentservice|redis|frontend-external,productcatalogservice|recommendationservice|checkoutservice|paymentservice|emailservice|shippingservice|currencyservice|redis|frontend|cartservice|adservice,adservice|cartservice|checkoutservice|currencyservice|emailservice|frontend|paymentservice|productcatalogservice|recommendationservice|redis|shippingservice,,,0.008987903594970703,0.001967191696166992,12,11,True,True,True,True,True,True
OnlineBoutique,productcatalogservice,mem,1,baro,tai nguyen,cpu,node,productcatalogservice|redis|recommendationservice|frontend|cartservice|adservice|shippingservice|checkoutservice|emailservice|currencyservice|paymentservice|frontend-external,productcatalogservice|recommendationservice|checkoutservice|emailservice|paymentservice|currencyservice|shippingservice|redis|cartservice|frontend|adservice,adservice|cartservice|checkoutservice|currencyservice|emailservice|frontend|paymentservice|productcatalogservice|recommendationservice|redis|shippingservice,,,0.010862112045288086,0.0023827552795410156,12,11,True,True,True,True,True,True
OnlineBoutique,productcatalogservice,mem,1,circa,tai nguyen,cpu,node,emailservice|productcatalogservice|frontend|recommendationservice|paymentservice|adservice|cartservice|currencyservice|checkoutservice|shippingservice|frontend-external|redis,productcatalogservice|cartservice|adservice|currencyservice|paymentservice|shippingservice|redis|frontend|recommendationservice|checkoutservice|emailservice,adservice|cartservice|checkoutservice|currencyservice|emailservice|frontend|paymentservice|productcatalogservice|recommendationservice|redis|shippingservice,,,5.616395950317383,0.06299901008605957,12,11,False,False,True,True,True,True
OnlineBoutique,productcatalogservice,mem,1,pc_randomwalk,tai nguyen,cpu,node,adservice|currencyservice|cartservice|checkoutservice|paymentservice|recommendationservice|emailservice|productcatalogservice|shippingservice|redis|frontend|frontend-external,paymentservice|recommendationservice|checkoutservice|frontend|productcatalogservice|redis|shippingservice|adservice|cartservice|currencyservice|emailservice,adservice|cartservice|checkoutservice|currencyservice|emailservice|frontend|paymentservice|productcatalogservice|recommendationservice|redis|shippingservice,,,5.885455846786499,0.08267807960510254,12,11,False,False,False,False,False,False
OnlineBoutique,productcatalogservice,mem,2,nsigma,tai nguyen,latency-50,duong,productcatalogservice|recommendationservice|cartservice|frontend|adservice|currencyservice|checkoutservice|emailservice|shippingservice|paymentservice|redis|frontend-external,recommendationservice|productcatalogservice|frontend|currencyservice|adservice|cartservice|checkoutservice|emailservice|shippingservice|paymentservice,adservice|cartservice|checkoutservice|currencyservice|emailservice|frontend|paymentservice|productcatalogservice|recommendationservice|shippingservice,,,0.008352994918823242,0.0018558502197265625,12,10,True,True,False,True,True,True
OnlineBoutique,productcatalogservice,mem,2,baro,tai nguyen,latency-50,duong,productcatalogservice|redis|recommendationservice|cartservice|frontend|checkoutservice|adservice|currencyservice|emailservice|shippingservice|paymentservice|frontend-external,recommendationservice|productcatalogservice|frontend|currencyservice|adservice|cartservice|emailservice|checkoutservice|shippingservice|paymentservice,adservice|cartservice|checkoutservice|currencyservice|emailservice|frontend|paymentservice|productcatalogservice|recommendationservice|shippingservice,,,0.010418891906738281,0.0022699832916259766,12,10,True,True,False,True,True,True
OnlineBoutique,productcatalogservice,mem,2,circa,tai nguyen,latency-50,duong,productcatalogservice|recommendationservice|checkoutservice|frontend|currencyservice|adservice|cartservice|shippingservice|paymentservice|emailservice|redis|frontend-external,frontend|cartservice|productcatalogservice|recommendationservice|currencyservice|shippingservice|adservice|emailservice|paymentservice|checkoutservice,adservice|cartservice|checkoutservice|currencyservice|emailservice|frontend|paymentservice|productcatalogservice|recommendationservice|shippingservice,,,4.805253028869629,0.046875953674316406,12,10,True,True,False,True,True,True
OnlineBoutique,productcatalogservice,mem,2,pc_randomwalk,tai nguyen,latency-50,duong,emailservice|adservice|recommendationservice|productcatalogservice|redis|shippingservice|checkoutservice|currencyservice|paymentservice|cartservice|frontend|frontend-external,productcatalogservice|shippingservice|cartservice|emailservice|frontend|paymentservice|adservice|checkoutservice|currencyservice|recommendationservice,adservice|cartservice|checkoutservice|currencyservice|emailservice|frontend|paymentservice|productcatalogservice|recommendationservice|shippingservice,,,4.950721025466919,0.05278205871582031,12,10,False,False,True,True,False,True
OnlineBoutique,productcatalogservice,mem,3,nsigma,tai nguyen,cpu,node,productcatalogservice|recommendationservice|cartservice|frontend|checkoutservice|adservice|currencyservice|emailservice|shippingservice|paymentservice|redis|frontend-external,productcatalogservice|adservice|checkoutservice|paymentservice|shippingservice|redis|currencyservice|frontend|cartservice,adservice|cartservice|checkoutservice|currencyservice|frontend|paymentservice|productcatalogservice|redis|shippingservice,,,0.008493185043334961,0.0017070770263671875,12,9,True,True,True,True,True,True
OnlineBoutique,productcatalogservice,mem,3,baro,tai nguyen,cpu,node,redis|productcatalogservice|recommendationservice|cartservice|frontend|checkoutservice|adservice|currencyservice|emailservice|shippingservice|paymentservice|frontend-external,productcatalogservice|adservice|checkoutservice|paymentservice|shippingservice|cartservice|currencyservice|redis|frontend,adservice|cartservice|checkoutservice|currencyservice|frontend|paymentservice|productcatalogservice|redis|shippingservice,,,0.010656118392944336,0.0021059513092041016,12,9,False,False,True,True,True,True
OnlineBoutique,productcatalogservice,mem,3,circa,tai nguyen,cpu,node,recommendationservice|currencyservice|cartservice|frontend|productcatalogservice|checkoutservice|adservice|shippingservice|emailservice|frontend-external|paymentservice|redis,productcatalogservice|cartservice|currencyservice|redis|adservice|paymentservice|checkoutservice|frontend|shippingservice,adservice|cartservice|checkoutservice|currencyservice|frontend|paymentservice|productcatalogservice|redis|shippingservice,,,5.370654106140137,0.03411293029785156,12,9,False,False,True,True,False,True
OnlineBoutique,productcatalogservice,mem,3,pc_randomwalk,tai nguyen,cpu,node,redis|adservice|productcatalogservice|currencyservice|frontend|recommendationservice|shippingservice|cartservice|emailservice|checkoutservice|paymentservice|frontend-external,paymentservice|shippingservice|cartservice|frontend|productcatalogservice|redis|adservice|checkoutservice|currencyservice,adservice|cartservice|checkoutservice|currencyservice|frontend|paymentservice|productcatalogservice|redis|shippingservice,,,5.6220269203186035,0.04007411003112793,12,9,False,False,False,False,True,False
OnlineBoutique,productcatalogservice,socket,1,nsigma,tai nguyen,cpu,node,productcatalogservice|recommendationservice|cartservice|frontend|checkoutservice|paymentservice|currencyservice|emailservice|shippingservice|adservice|redis|frontend-external,productcatalogservice|checkoutservice|paymentservice|emailservice|shippingservice|currencyservice|frontend|recommendationservice|cartservice|adservice,adservice|cartservice|checkoutservice|currencyservice|emailservice|frontend|paymentservice|productcatalogservice|recommendationservice|shippingservice,,,0.008404970169067383,0.0018830299377441406,12,10,True,True,True,True,True,True
OnlineBoutique,productcatalogservice,socket,1,baro,tai nguyen,cpu,node,productcatalogservice|recommendationservice|cartservice|frontend|checkoutservice|redis|paymentservice|currencyservice|shippingservice|emailservice|adservice|frontend-external,productcatalogservice|paymentservice|checkoutservice|emailservice|shippingservice|currencyservice|frontend|recommendationservice|cartservice|adservice,adservice|cartservice|checkoutservice|currencyservice|emailservice|frontend|paymentservice|productcatalogservice|recommendationservice|shippingservice,,,0.01029515266418457,0.002373933792114258,12,10,True,True,True,True,True,True
OnlineBoutique,productcatalogservice,socket,1,circa,tai nguyen,cpu,node,cartservice|productcatalogservice|frontend|recommendationservice|currencyservice|checkoutservice|adservice|emailservice|paymentservice|shippingservice|frontend-external|redis,productcatalogservice|emailservice|currencyservice|recommendationservice|checkoutservice|paymentservice|shippingservice|frontend|adservice|cartservice,adservice|cartservice|checkoutservice|currencyservice|emailservice|frontend|paymentservice|productcatalogservice|recommendationservice|shippingservice,,,3.970500946044922,0.0428318977355957,12,10,False,False,True,True,True,True
OnlineBoutique,productcatalogservice,socket,1,pc_randomwalk,tai nguyen,cpu,node,productcatalogservice|shippingservice|emailservice|currencyservice|adservice|frontend|recommendationservice|checkoutservice|paymentservice|cartservice|redis|frontend-external,productcatalogservice|shippingservice|cartservice|emailservice|frontend|paymentservice|adservice|checkoutservice|currencyservice|recommendationservice,adservice|cartservice|checkoutservice|currencyservice|emailservice|frontend|paymentservice|productcatalogservice|recommendationservice|shippingservice,,,3.8590147495269775,0.04499983787536621,12,10,True,True,True,True,True,True
OnlineBoutique,productcatalogservice,socket,2,nsigma,tai nguyen,latency-50,duong,productcatalogservice|recommendationservice|frontend|checkoutservice|cartservice|paymentservice|emailservice|redis|adservice|currencyservice|shippingservice|frontend-external,recommendationservice|frontend|productcatalogservice|cartservice|checkoutservice|emailservice|currencyservice|shippingservice|paymentservice|adservice,adservice|cartservice|checkoutservice|currencyservice|emailservice|frontend|paymentservice|productcatalogservice|recommendationservice|shippingservice,,,0.008420228958129883,0.0018849372863769531,12,10,True,True,False,True,True,True
OnlineBoutique,productcatalogservice,socket,2,baro,tai nguyen,latency-50,duong,productcatalogservice|recommendationservice|frontend|cartservice|checkoutservice|redis|paymentservice|emailservice|currencyservice|shippingservice|adservice|frontend-external,recommendationservice|frontend|productcatalogservice|cartservice|checkoutservice|currencyservice|paymentservice|shippingservice|adservice|emailservice,adservice|cartservice|checkoutservice|currencyservice|emailservice|frontend|paymentservice|productcatalogservice|recommendationservice|shippingservice,,,0.010202884674072266,0.002238035202026367,12,10,True,True,False,True,True,True
OnlineBoutique,productcatalogservice,socket,2,circa,tai nguyen,latency-50,duong,adservice|productcatalogservice|paymentservice|emailservice|recommendationservice|shippingservice|cartservice|frontend|currencyservice|redis|checkoutservice|frontend-external,paymentservice|recommendationservice|productcatalogservice|cartservice|shippingservice|currencyservice|adservice|emailservice|frontend|checkoutservice,adservice|cartservice|checkoutservice|currencyservice|emailservice|frontend|paymentservice|productcatalogservice|recommendationservice|shippingservice,,,3.3267619609832764,0.03660917282104492,12,10,False,False,False,False,True,True
OnlineBoutique,productcatalogservice,socket,2,pc_randomwalk,tai nguyen,latency-50,duong,productcatalogservice|shippingservice|emailservice|currencyservice|adservice|frontend|recommendationservice|checkoutservice|paymentservice|cartservice|redis|frontend-external,productcatalogservice|shippingservice|cartservice|emailservice|frontend|paymentservice|adservice|checkoutservice|currencyservice|recommendationservice,adservice|cartservice|checkoutservice|currencyservice|emailservice|frontend|paymentservice|productcatalogservice|recommendationservice|shippingservice,,,3.275879144668579,0.03255414962768555,12,10,True,True,True,True,True,True
OnlineBoutique,productcatalogservice,socket,3,nsigma,tai nguyen,latency-50,duong,productcatalogservice|recommendationservice|frontend|cartservice|checkoutservice|currencyservice|adservice|shippingservice|emailservice|redis|paymentservice|frontend-external,recommendationservice|frontend|productcatalogservice|currencyservice|checkoutservice|cartservice|adservice|paymentservice|shippingservice|emailservice,adservice|cartservice|checkoutservice|currencyservice|emailservice|frontend|paymentservice|productcatalogservice|recommendationservice|shippingservice,,,0.008310079574584961,0.0018718242645263672,12,10,True,True,False,True,True,True
OnlineBoutique,productcatalogservice,socket,3,baro,tai nguyen,latency-50,duong,redis|productcatalogservice|recommendationservice|frontend|cartservice|checkoutservice|currencyservice|shippingservice|adservice|paymentservice|emailservice|frontend-external,recommendationservice|frontend|productcatalogservice|currencyservice|adservice|cartservice|checkoutservice|paymentservice|emailservice|shippingservice,adservice|cartservice|checkoutservice|currencyservice|emailservice|frontend|paymentservice|productcatalogservice|recommendationservice|shippingservice,,,0.01007223129272461,0.0022859573364257812,12,10,False,True,False,True,True,True
OnlineBoutique,productcatalogservice,socket,3,circa,tai nguyen,latency-50,duong,emailservice|shippingservice|productcatalogservice|adservice|frontend|recommendationservice|cartservice|checkoutservice|currencyservice|frontend-external|paymentservice|redis,productcatalogservice|cartservice|currencyservice|recommendationservice|paymentservice|shippingservice|frontend|adservice|checkoutservice|emailservice,adservice|cartservice|checkoutservice|currencyservice|emailservice|frontend|paymentservice|productcatalogservice|recommendationservice|shippingservice,,,3.119201183319092,0.03619980812072754,12,10,False,False,True,True,True,True
OnlineBoutique,productcatalogservice,socket,3,pc_randomwalk,tai nguyen,latency-50,duong,productcatalogservice|shippingservice|emailservice|currencyservice|adservice|frontend|recommendationservice|checkoutservice|paymentservice|cartservice|redis|frontend-external,productcatalogservice|shippingservice|cartservice|emailservice|frontend|paymentservice|adservice|checkoutservice|currencyservice|recommendationservice,adservice|cartservice|checkoutservice|currencyservice|emailservice|frontend|paymentservice|productcatalogservice|recommendationservice|shippingservice,,,3.050271987915039,0.032520294189453125,12,10,True,True,True,True,True,True
OnlineBoutique,recommendationservice,cpu,1,nsigma,tai nguyen,latency-50,duong,recommendationservice|frontend|cartservice|currencyservice|emailservice|adservice|productcatalogservice|redis|checkoutservice|shippingservice|paymentservice|frontend-external,recommendationservice|frontend|emailservice|productcatalogservice|currencyservice|checkoutservice|cartservice|shippingservice|adservice|paymentservice,adservice|cartservice|checkoutservice|currencyservice|emailservice|frontend|paymentservice|productcatalogservice|recommendationservice|shippingservice,,,0.01234889030456543,0.002241849899291992,12,10,True,True,True,True,True,True
OnlineBoutique,recommendationservice,cpu,1,baro,tai nguyen,latency-50,duong,redis|recommendationservice|currencyservice|cartservice|frontend|adservice|shippingservice|productcatalogservice|checkoutservice|emailservice|paymentservice|frontend-external,recommendationservice|frontend|currencyservice|productcatalogservice|checkoutservice|shippingservice|cartservice|adservice|paymentservice|emailservice,adservice|cartservice|checkoutservice|currencyservice|emailservice|frontend|paymentservice|productcatalogservice|recommendationservice|shippingservice,,,0.024386167526245117,0.0026962757110595703,12,10,False,True,True,True,True,True
OnlineBoutique,recommendationservice,cpu,1,circa,tai nguyen,latency-50,duong,recommendationservice|frontend|adservice|cartservice|emailservice|shippingservice|productcatalogservice|currencyservice|checkoutservice|paymentservice|redis|frontend-external,recommendationservice|cartservice|currencyservice|frontend|shippingservice|adservice|paymentservice|checkoutservice|productcatalogservice|emailservice,adservice|cartservice|checkoutservice|currencyservice|emailservice|frontend|paymentservice|productcatalogservice|recommendationservice|shippingservice,,,4.747722864151001,0.04895496368408203,12,10,True,True,True,True,True,True
OnlineBoutique,recommendationservice,cpu,1,pc_randomwalk,tai nguyen,latency-50,duong,adservice|paymentservice|cartservice|productcatalogservice|shippingservice|emailservice|currencyservice|checkoutservice|redis|frontend|recommendationservice|frontend-external,productcatalogservice|shippingservice|cartservice|emailservice|frontend|paymentservice|adservice|checkoutservice|currencyservice|recommendationservice,adservice|cartservice|checkoutservice|currencyservice|emailservice|frontend|paymentservice|productcatalogservice|recommendationservice|shippingservice,,,4.599333763122559,0.0415341854095459,12,10,False,False,False,False,False,False
OnlineBoutique,recommendationservice,cpu,2,nsigma,tai nguyen,latency-50,duong,recommendationservice|emailservice|frontend|cartservice|productcatalogservice|redis|adservice|checkoutservice|paymentservice|shippingservice|frontend-external|currencyservice,recommendationservice|frontend|emailservice|productcatalogservice|cartservice|checkoutservice|paymentservice|adservice|currencyservice|shippingservice,adservice|cartservice|checkoutservice|currencyservice|emailservice|frontend|paymentservice|productcatalogservice|recommendationservice|shippingservice,,,0.008468866348266602,0.0018999576568603516,12,10,True,True,True,True,True,True
OnlineBoutique,recommendationservice,cpu,2,baro,tai nguyen,latency-50,duong,recommendationservice|redis|emailservice|frontend|cartservice|adservice|productcatalogservice|shippingservice|paymentservice|checkoutservice|currencyservice|frontend-external,recommendationservice|frontend|emailservice|cartservice|productcatalogservice|paymentservice|checkoutservice|adservice|shippingservice|currencyservice,adservice|cartservice|checkoutservice|currencyservice|emailservice|frontend|paymentservice|productcatalogservice|recommendationservice|shippingservice,,,0.010283946990966797,0.002228975296020508,12,10,True,True,True,True,True,True
OnlineBoutique,recommendationservice,cpu,2,circa,tai nguyen,latency-50,duong,emailservice|recommendationservice|frontend|adservice|cartservice|productcatalogservice|currencyservice|checkoutservice|shippingservice|frontend-external|paymentservice|redis,recommendationservice|frontend|currencyservice|cartservice|shippingservice|adservice|paymentservice|productcatalogservice|checkoutservice|emailservice,adservice|cartservice|checkoutservice|currencyservice|emailservice|frontend|paymentservice|productcatalogservice|recommendationservice|shippingservice,,,4.500586032867432,0.056488990783691406,12,10,False,False,True,True,True,True
OnlineBoutique,recommendationservice,cpu,2,pc_randomwalk,tai nguyen,latency-50,duong,emailservice|adservice|productcatalogservice|paymentservice|recommendationservice|shippingservice|checkoutservice|currencyservice|cartservice|redis|frontend|frontend-external,productcatalogservice|shippingservice|cartservice|emailservice|frontend|paymentservice|adservice|checkoutservice|currencyservice|recommendationservice,adservice|cartservice|checkoutservice|currencyservice|emailservice|frontend|paymentservice|productcatalogservice|recommendationservice|shippingservice,,,4.6607749462127686,0.03515815734863281,12,10,False,False,False,False,False,False
OnlineBoutique,recommendationservice,cpu,3,nsigma,tai nguyen,latency-50,duong,recommendationservice|frontend|emailservice|paymentservice|redis|currencyservice|shippingservice|productcatalogservice|checkoutservice|adservice|frontend-external|cartservice,recommendationservice|frontend|emailservice|paymentservice|productcatalogservice|adservice|checkoutservice|cartservice|shippingservice|currencyservice,adservice|cartservice|checkoutservice|currencyservice|emailservice|frontend|paymentservice|productcatalogservice|recommendationservice|shippingservice,,,0.008224010467529297,0.0018949508666992188,12,10,True,True,True,True,True,True
OnlineBoutique,recommendationservice,cpu,3,baro,tai nguyen,latency-50,duong,redis|recommendationservice|frontend|productcatalogservice|cartservice|adservice|paymentservice|checkoutservice|currencyservice|shippingservice|frontend-external|emailservice,recommendationservice|frontend|adservice|productcatalogservice|paymentservice|checkoutservice|cartservice|shippingservice|currencyservice|emailservice,adservice|cartservice|checkoutservice|currencyservice|emailservice|frontend|paymentservice|productcatalogservice|recommendationservice|shippingservice,,,0.010091066360473633,0.002254009246826172,12,10,False,True,True,True,True,True
OnlineBoutique,recommendationservice,cpu,3,circa,tai nguyen,latency-50,duong,recommendationservice|frontend|productcatalogservice|shippingservice|checkoutservice|paymentservice|emailservice|cartservice|currencyservice|redis|adservice|frontend-external,recommendationservice|frontend|shippingservice|currencyservice|productcatalogservice|checkoutservice|adservice|paymentservice|emailservice|cartservice,adservice|cartservice|checkoutservice|currencyservice|emailservice|frontend|paymentservice|productcatalogservice|recommendationservice|shippingservice,,,3.6953790187835693,0.037770986557006836,12,10,True,True,True,True,True,True
OnlineBoutique,recommendationservice,cpu,3,pc_randomwalk,tai nguyen,latency-50,duong,shippingservice|adservice|currencyservice|cartservice|paymentservice|productcatalogservice|frontend|recommendationservice|checkoutservice|emailservice|redis|frontend-external,productcatalogservice|shippingservice|cartservice|emailservice|frontend|paymentservice|adservice|checkoutservice|currencyservice|recommendationservice,adservice|cartservice|checkoutservice|currencyservice|emailservice|frontend|paymentservice|productcatalogservice|recommendationservice|shippingservice,,,3.891295909881592,0.03305697441101074,12,10,False,False,False,False,False,False
OnlineBoutique,recommendationservice,delay,1,nsigma,mang,latency-50,duong,recommendationservice|paymentservice|frontend|productcatalogservice|checkoutservice|currencyservice|emailservice|adservice|redis|shippingservice|cartservice|frontend-external,recommendationservice|frontend|productcatalogservice|emailservice|paymentservice|cartservice|adservice|shippingservice|checkoutservice|currencyservice,adservice|cartservice|checkoutservice|currencyservice|emailservice|frontend|paymentservice|productcatalogservice|recommendationservice|shippingservice,,,0.008574962615966797,0.0018570423126220703,12,10,True,True,True,True,True,True
OnlineBoutique,recommendationservice,delay,1,baro,mang,latency-50,duong,redis|recommendationservice|paymentservice|frontend|productcatalogservice|checkoutservice|adservice|emailservice|currencyservice|shippingservice|cartservice|frontend-external,recommendationservice|frontend|productcatalogservice|emailservice|paymentservice|cartservice|adservice|shippingservice|checkoutservice|currencyservice,adservice|cartservice|checkoutservice|currencyservice|emailservice|frontend|paymentservice|productcatalogservice|recommendationservice|shippingservice,,,0.011061906814575195,0.0022568702697753906,12,10,False,True,True,True,True,True
OnlineBoutique,recommendationservice,delay,1,circa,mang,latency-50,duong,adservice|cartservice|checkoutservice|currencyservice|emailservice|frontend|paymentservice|productcatalogservice|recommendationservice|redis|shippingservice|frontend-external,recommendationservice|frontend|currencyservice|productcatalogservice|shippingservice|emailservice|paymentservice|checkoutservice|adservice|cartservice,adservice|cartservice|checkoutservice|currencyservice|emailservice|frontend|paymentservice|productcatalogservice|recommendationservice|shippingservice,FALLBACK,,0.06910109519958496,0.040292978286743164,12,10,False,False,True,True,False,True
OnlineBoutique,recommendationservice,delay,1,pc_randomwalk,mang,latency-50,duong,adservice|cartservice|checkoutservice|currencyservice|emailservice|frontend|paymentservice|productcatalogservice|recommendationservice|redis|shippingservice|frontend-external,productcatalogservice|shippingservice|cartservice|emailservice|frontend|paymentservice|adservice|checkoutservice|currencyservice|recommendationservice,adservice|cartservice|checkoutservice|currencyservice|emailservice|frontend|paymentservice|productcatalogservice|recommendationservice|shippingservice,FALLBACK,,0.07057476043701172,0.0403139591217041,12,10,False,False,False,False,False,False
OnlineBoutique,recommendationservice,delay,2,nsigma,mang,latency-50,duong,recommendationservice|frontend|productcatalogservice|checkoutservice|adservice|redis|paymentservice|shippingservice|cartservice|currencyservice|emailservice|frontend-external,recommendationservice|frontend|paymentservice|productcatalogservice|cartservice|emailservice|shippingservice|adservice|checkoutservice|currencyservice,adservice|cartservice|checkoutservice|currencyservice|emailservice|frontend|paymentservice|productcatalogservice|recommendationservice|shippingservice,,,0.008625268936157227,0.0018901824951171875,12,10,True,True,True,True,True,True
OnlineBoutique,recommendationservice,delay,2,baro,mang,latency-50,duong,recommendationservice|redis|frontend|productcatalogservice|checkoutservice|cartservice|adservice|paymentservice|shippingservice|currencyservice|emailservice|frontend-external,recommendationservice|frontend|paymentservice|productcatalogservice|cartservice|adservice|checkoutservice|emailservice|shippingservice|currencyservice,adservice|cartservice|checkoutservice|currencyservice|emailservice|frontend|paymentservice|productcatalogservice|recommendationservice|shippingservice,,,0.010399103164672852,0.0022118091583251953,12,10,True,True,True,True,True,True
OnlineBoutique,recommendationservice,delay,2,circa,mang,latency-50,duong,recommendationservice|adservice|frontend|productcatalogservice|currencyservice|cartservice|shippingservice|paymentservice|checkoutservice|emailservice|redis|frontend-external,recommendationservice|frontend|productcatalogservice|currencyservice|cartservice|shippingservice|emailservice|checkoutservice|adservice|paymentservice,adservice|cartservice|checkoutservice|currencyservice|emailservice|frontend|paymentservice|productcatalogservice|recommendationservice|shippingservice,,,4.276997804641724,0.04927802085876465,12,10,True,True,True,True,True,True
OnlineBoutique,recommendationservice,delay,2,pc_randomwalk,mang,latency-50,duong,shippingservice|adservice|paymentservice|cartservice|frontend|productcatalogservice|emailservice|recommendationservice|checkoutservice|currencyservice|redis|frontend-external,productcatalogservice|shippingservice|cartservice|emailservice|frontend|paymentservice|adservice|checkoutservice|currencyservice|recommendationservice,adservice|cartservice|checkoutservice|currencyservice|emailservice|frontend|paymentservice|productcatalogservice|recommendationservice|shippingservice,,,4.503004789352417,0.05475497245788574,12,10,False,False,False,False,False,False
OnlineBoutique,recommendationservice,delay,3,nsigma,mang,latency-50,duong,recommendationservice|frontend|productcatalogservice|adservice|checkoutservice|paymentservice|emailservice|redis|shippingservice|cartservice|frontend-external|currencyservice,recommendationservice|frontend|productcatalogservice|emailservice|shippingservice|adservice|cartservice|checkoutservice|currencyservice|paymentservice,adservice|cartservice|checkoutservice|currencyservice|emailservice|frontend|paymentservice|productcatalogservice|recommendationservice|shippingservice,,,0.008244991302490234,0.00186920166015625,12,10,True,True,True,True,True,True
OnlineBoutique,recommendationservice,delay,3,baro,mang,latency-50,duong,redis|recommendationservice|frontend|productcatalogservice|adservice|cartservice|checkoutservice|shippingservice|emailservice|paymentservice|currencyservice|frontend-external,recommendationservice|frontend|productcatalogservice|adservice|shippingservice|emailservice|cartservice|checkoutservice|paymentservice|currencyservice,adservice|cartservice|checkoutservice|currencyservice|emailservice|frontend|paymentservice|productcatalogservice|recommendationservice|shippingservice,,,0.010167121887207031,0.0022699832916259766,12,10,False,True,True,True,True,True
OnlineBoutique,recommendationservice,delay,3,circa,mang,latency-50,duong,adservice|cartservice|currencyservice|emailservice|frontend|paymentservice|productcatalogservice|recommendationservice|redis|checkoutservice|shippingservice|frontend-external,productcatalogservice|recommendationservice|frontend|currencyservice|checkoutservice|cartservice|paymentservice|emailservice|shippingservice|adservice,adservice|cartservice|checkoutservice|currencyservice|emailservice|frontend|paymentservice|productcatalogservice|recommendationservice|shippingservice,FALLBACK,,0.06594204902648926,0.040962934494018555,12,10,False,False,False,False,False,True
OnlineBoutique,recommendationservice,delay,3,pc_randomwalk,mang,latency-50,duong,adservice|cartservice|currencyservice|emailservice|frontend|paymentservice|productcatalogservice|recommendationservice|redis|checkoutservice|shippingservice|frontend-external,productcatalogservice|shippingservice|cartservice|emailservice|frontend|paymentservice|adservice|checkoutservice|currencyservice|recommendationservice,adservice|cartservice|checkoutservice|currencyservice|emailservice|frontend|paymentservice|productcatalogservice|recommendationservice|shippingservice,FALLBACK,,0.06859183311462402,0.0365140438079834,12,10,False,False,False,False,False,False
OnlineBoutique,recommendationservice,disk,1,nsigma,tai nguyen,latency-50,duong,recommendationservice|emailservice|adservice|checkoutservice|productcatalogservice|currencyservice|paymentservice|cartservice|frontend|shippingservice|redis|frontend-external,recommendationservice|emailservice|productcatalogservice|paymentservice|frontend|checkoutservice|adservice|cartservice|currencyservice|shippingservice,adservice|cartservice|checkoutservice|currencyservice|emailservice|frontend|paymentservice|productcatalogservice|recommendationservice|shippingservice,,,0.008694171905517578,0.0018651485443115234,12,10,True,True,True,True,True,True
OnlineBoutique,recommendationservice,disk,1,baro,tai nguyen,latency-50,duong,recommendationservice|redis|currencyservice|adservice|emailservice|cartservice|productcatalogservice|paymentservice|shippingservice|checkoutservice|frontend|frontend-external,recommendationservice|paymentservice|adservice|productcatalogservice|frontend|checkoutservice|cartservice|currencyservice|shippingservice|emailservice,adservice|cartservice|checkoutservice|currencyservice|emailservice|frontend|paymentservice|productcatalogservice|recommendationservice|shippingservice,,,0.010810136795043945,0.0022759437561035156,12,10,True,True,True,True,True,True
OnlineBoutique,recommendationservice,disk,1,circa,tai nguyen,latency-50,duong,adservice|cartservice|checkoutservice|currencyservice|emailservice|frontend|paymentservice|recommendationservice|redis|shippingservice|productcatalogservice|frontend-external,currencyservice|recommendationservice|frontend|paymentservice|productcatalogservice|adservice|cartservice|shippingservice|checkoutservice,adservice|cartservice|checkoutservice|currencyservice|emailservice|frontend|paymentservice|productcatalogservice|recommendationservice|shippingservice,FALLBACK,,0.070159912109375,0.045308828353881836,12,9,False,False,False,False,False,True
OnlineBoutique,recommendationservice,disk,1,pc_randomwalk,tai nguyen,latency-50,duong,adservice|cartservice|checkoutservice|currencyservice|emailservice|frontend|paymentservice|recommendationservice|redis|shippingservice|productcatalogservice|frontend-external,productcatalogservice|shippingservice|cartservice|emailservice|frontend|paymentservice|adservice|checkoutservice|currencyservice|recommendationservice,adservice|cartservice|checkoutservice|currencyservice|emailservice|frontend|paymentservice|productcatalogservice|recommendationservice|shippingservice,FALLBACK,,0.07350397109985352,0.04445695877075195,12,10,False,False,False,False,False,False
OnlineBoutique,recommendationservice,disk,2,nsigma,tai nguyen,cpu,node,recommendationservice|cartservice|emailservice|frontend|adservice|redis|paymentservice|checkoutservice|currencyservice|productcatalogservice|shippingservice|frontend-external,recommendationservice|checkoutservice|shippingservice|currencyservice|redis|frontend|adservice,adservice|checkoutservice|currencyservice|frontend|recommendationservice|redis|shippingservice,,,0.008057117462158203,0.0014619827270507812,12,7,True,True,True,True,True,True
OnlineBoutique,recommendationservice,disk,2,baro,tai nguyen,cpu,node,recommendationservice|emailservice|redis|cartservice|frontend|paymentservice|adservice|checkoutservice|currencyservice|productcatalogservice|shippingservice|frontend-external,recommendationservice|checkoutservice|shippingservice|redis|currencyservice|adservice|frontend,adservice|checkoutservice|currencyservice|frontend|recommendationservice|redis|shippingservice,,,0.010033845901489258,0.0017328262329101562,12,7,True,True,True,True,True,True
OnlineBoutique,recommendationservice,disk,2,circa,tai nguyen,cpu,node,recommendationservice|frontend|currencyservice|emailservice|shippingservice|adservice|cartservice|checkoutservice|frontend-external|productcatalogservice|paymentservice|redis,recommendationservice|adservice|shippingservice|checkoutservice|frontend|currencyservice|redis,adservice|checkoutservice|currencyservice|frontend|recommendationservice|redis|shippingservice,,,3.1747241020202637,0.01969122886657715,12,7,True,True,True,True,True,True
OnlineBoutique,recommendationservice,disk,2,pc_randomwalk,tai nguyen,cpu,node,adservice|emailservice|recommendationservice|redis|frontend-external|shippingservice|currencyservice|frontend|checkoutservice|paymentservice|cartservice|productcatalogservice,recommendationservice|checkoutservice|frontend|redis|shippingservice|adservice|currencyservice,adservice|checkoutservice|currencyservice|frontend|recommendationservice|redis|shippingservice,,,3.350069046020508,0.01465606689453125,12,7,False,False,True,True,True,True
OnlineBoutique,recommendationservice,disk,3,nsigma,tai nguyen,latency-50,duong,recommendationservice|frontend|cartservice|paymentservice|redis|shippingservice|productcatalogservice|checkoutservice|adservice|emailservice|currencyservice|frontend-external,recommendationservice|frontend|paymentservice|cartservice|adservice|checkoutservice|productcatalogservice|emailservice|currencyservice|shippingservice,adservice|cartservice|checkoutservice|currencyservice|emailservice|frontend|paymentservice|productcatalogservice|recommendationservice|shippingservice,,,0.008497953414916992,0.0018768310546875,12,10,True,True,True,True,True,True
OnlineBoutique,recommendationservice,disk,3,baro,tai nguyen,latency-50,duong,recommendationservice|redis|cartservice|frontend|productcatalogservice|paymentservice|shippingservice|checkoutservice|currencyservice|emailservice|adservice|frontend-external,recommendationservice|frontend|paymentservice|cartservice|adservice|checkoutservice|productcatalogservice|emailservice|currencyservice|shippingservice,adservice|cartservice|checkoutservice|currencyservice|emailservice|frontend|paymentservice|productcatalogservice|recommendationservice|shippingservice,,,0.01055002212524414,0.002257108688354492,12,10,True,True,True,True,True,True
OnlineBoutique,recommendationservice,disk,3,circa,tai nguyen,latency-50,duong,adservice|cartservice|currencyservice|emailservice|frontend|paymentservice|productcatalogservice|recommendationservice|redis|shippingservice|checkoutservice|frontend-external,recommendationservice|paymentservice|frontend|productcatalogservice|cartservice|shippingservice|checkoutservice|adservice|currencyservice|emailservice,adservice|cartservice|checkoutservice|currencyservice|emailservice|frontend|paymentservice|productcatalogservice|recommendationservice|shippingservice,FALLBACK,,0.6731030941009521,0.041268110275268555,12,10,False,False,True,True,False,True
OnlineBoutique,recommendationservice,disk,3,pc_randomwalk,tai nguyen,latency-50,duong,adservice|cartservice|currencyservice|emailservice|frontend|paymentservice|productcatalogservice|recommendationservice|redis|shippingservice|checkoutservice|frontend-external,productcatalogservice|shippingservice|cartservice|emailservice|frontend|paymentservice|adservice|checkoutservice|currencyservice|recommendationservice,adservice|cartservice|checkoutservice|currencyservice|emailservice|frontend|paymentservice|productcatalogservice|recommendationservice|shippingservice,FALLBACK,,0.7443387508392334,0.039071083068847656,12,10,False,False,False,False,False,False
OnlineBoutique,recommendationservice,loss,2,nsigma,mang,latency-50,duong,recommendationservice|frontend|productcatalogservice|adservice|checkoutservice|paymentservice|shippingservice|emailservice|cartservice|currencyservice|redis|frontend-external,recommendationservice|frontend|adservice|productcatalogservice|currencyservice|shippingservice|checkoutservice|cartservice|emailservice|paymentservice,adservice|cartservice|checkoutservice|currencyservice|emailservice|frontend|paymentservice|productcatalogservice|recommendationservice|shippingservice,,,0.008530139923095703,0.0018618106842041016,12,10,True,True,True,True,True,True
OnlineBoutique,recommendationservice,loss,2,baro,mang,latency-50,duong,recommendationservice|redis|frontend|productcatalogservice|paymentservice|adservice|checkoutservice|cartservice|shippingservice|emailservice|currencyservice|frontend-external,recommendationservice|frontend|adservice|productcatalogservice|currencyservice|cartservice|shippingservice|paymentservice|checkoutservice|emailservice,adservice|cartservice|checkoutservice|currencyservice|emailservice|frontend|paymentservice|productcatalogservice|recommendationservice|shippingservice,,,0.010367870330810547,0.0023009777069091797,12,10,True,True,True,True,True,True
OnlineBoutique,recommendationservice,loss,2,circa,mang,latency-50,duong,shippingservice|recommendationservice|frontend|productcatalogservice|adservice|currencyservice|paymentservice|cartservice|emailservice|frontend-external|checkoutservice|redis,recommendationservice|productcatalogservice|cartservice|frontend|currencyservice|adservice|paymentservice|shippingservice|emailservice|checkoutservice,adservice|cartservice|checkoutservice|currencyservice|emailservice|frontend|paymentservice|productcatalogservice|recommendationservice|shippingservice,,,4.004669904708862,0.033180952072143555,12,10,False,False,True,True,True,True
OnlineBoutique,recommendationservice,loss,2,pc_randomwalk,mang,latency-50,duong,redis|emailservice|currencyservice|adservice|frontend|productcatalogservice|recommendationservice|checkoutservice|shippingservice|paymentservice|cartservice|frontend-external,productcatalogservice|shippingservice|cartservice|emailservice|frontend|paymentservice|adservice|checkoutservice|currencyservice|recommendationservice,adservice|cartservice|checkoutservice|currencyservice|emailservice|frontend|paymentservice|productcatalogservice|recommendationservice|shippingservice,,,4.172246932983398,0.032718658447265625,12,10,False,False,False,False,False,False
OnlineBoutique,recommendationservice,loss,3,nsigma,mang,latency-50,duong,frontend|productcatalogservice|recommendationservice|adservice|currencyservice|emailservice|paymentservice|cartservice|shippingservice|checkoutservice|redis|frontend-external,frontend|productcatalogservice|adservice|currencyservice|cartservice,adservice|cartservice|currencyservice|frontend|productcatalogservice,,,0.0068700313568115234,0.001188039779663086,12,5,False,False,False,True,True,True
OnlineBoutique,recommendationservice,loss,3,baro,mang,latency-50,duong,productcatalogservice|frontend|recommendationservice|adservice|redis|cartservice|currencyservice|emailservice|shippingservice|paymentservice|checkoutservice|frontend-external,frontend|adservice|productcatalogservice|currencyservice|cartservice,adservice|cartservice|currencyservice|frontend|productcatalogservice,,,0.008363962173461914,0.0013980865478515625,12,5,False,False,False,True,True,True
OnlineBoutique,recommendationservice,loss,3,circa,mang,latency-50,duong,adservice|recommendationservice|frontend|productcatalogservice|redis|emailservice|cartservice|paymentservice|currencyservice|shippingservice|checkoutservice|frontend-external,frontend|cartservice|productcatalogservice|currencyservice|adservice,adservice|cartservice|currencyservice|frontend|productcatalogservice,,,2.2417407035827637,0.009047985076904297,12,5,False,False,False,True,True,True
OnlineBoutique,recommendationservice,loss,3,pc_randomwalk,mang,latency-50,duong,adservice|productcatalogservice|frontend-external|currencyservice|frontend|cartservice|emailservice|checkoutservice|paymentservice|redis|recommendationservice|shippingservice,adservice|currencyservice|frontend|productcatalogservice|cartservice,adservice|cartservice|currencyservice|frontend|productcatalogservice,,,2.3284029960632324,0.006648063659667969,12,5,False,False,False,False,False,True
OnlineBoutique,recommendationservice,mem,1,nsigma,tai nguyen,latency-50,duong,recommendationservice|frontend|paymentservice|emailservice|checkoutservice|shippingservice|productcatalogservice|adservice|frontend-external|cartservice|currencyservice|redis,recommendationservice|emailservice|frontend|shippingservice|paymentservice|checkoutservice|productcatalogservice|adservice|cartservice|currencyservice,adservice|cartservice|checkoutservice|currencyservice|emailservice|frontend|paymentservice|productcatalogservice|recommendationservice|shippingservice,,,0.009595870971679688,0.0018382072448730469,12,10,True,True,True,True,True,True
OnlineBoutique,recommendationservice,mem,1,baro,tai nguyen,latency-50,duong,recommendationservice|frontend|paymentservice|redis|checkoutservice|emailservice|adservice|productcatalogservice|shippingservice|cartservice|currencyservice|frontend-external,recommendationservice|frontend|shippingservice|paymentservice|checkoutservice|productcatalogservice|adservice|cartservice|emailservice|currencyservice,adservice|cartservice|checkoutservice|currencyservice|emailservice|frontend|paymentservice|productcatalogservice|recommendationservice|shippingservice,,,0.011979103088378906,0.002239227294921875,12,10,True,True,True,True,True,True
OnlineBoutique,recommendationservice,mem,1,circa,tai nguyen,latency-50,duong,recommendationservice|frontend|productcatalogservice|emailservice|adservice|paymentservice|cartservice|shippingservice|currencyservice|checkoutservice|frontend-external|redis,recommendationservice|currencyservice|productcatalogservice|frontend|shippingservice|paymentservice|checkoutservice|adservice|cartservice|emailservice,adservice|cartservice|checkoutservice|currencyservice|emailservice|frontend|paymentservice|productcatalogservice|recommendationservice|shippingservice,,,4.92313289642334,0.04013419151306152,12,10,True,True,True,True,True,True
OnlineBoutique,recommendationservice,mem,1,pc_randomwalk,tai nguyen,latency-50,duong,cartservice|paymentservice|adservice|checkoutservice|emailservice|productcatalogservice|currencyservice|shippingservice|frontend|recommendationservice|redis|frontend-external,productcatalogservice|shippingservice|cartservice|emailservice|frontend|paymentservice|adservice|checkoutservice|currencyservice|recommendationservice,adservice|cartservice|checkoutservice|currencyservice|emailservice|frontend|paymentservice|productcatalogservice|recommendationservice|shippingservice,,,5.1387481689453125,0.047866106033325195,12,10,False,False,False,False,False,False
OnlineBoutique,recommendationservice,mem,2,nsigma,tai nguyen,latency-50,duong,recommendationservice|frontend|cartservice|emailservice|checkoutservice|paymentservice|shippingservice|adservice|productcatalogservice|redis|frontend-external|currencyservice,recommendationservice|frontend|paymentservice|adservice|cartservice|emailservice|productcatalogservice|shippingservice|checkoutservice|currencyservice,adservice|cartservice|checkoutservice|currencyservice|emailservice|frontend|paymentservice|productcatalogservice|recommendationservice|shippingservice,,,0.008976936340332031,0.0018618106842041016,12,10,True,True,True,True,True,True
OnlineBoutique,recommendationservice,mem,2,baro,tai nguyen,latency-50,duong,redis|recommendationservice|frontend|cartservice|paymentservice|emailservice|checkoutservice|shippingservice|adservice|productcatalogservice|currencyservice|frontend-external,recommendationservice|frontend|paymentservice|emailservice|cartservice|adservice|productcatalogservice|checkoutservice|shippingservice|currencyservice,adservice|cartservice|checkoutservice|currencyservice|emailservice|frontend|paymentservice|productcatalogservice|recommendationservice|shippingservice,,,0.01085209846496582,0.002247333526611328,12,10,False,True,True,True,True,True
OnlineBoutique,recommendationservice,mem,2,circa,tai nguyen,latency-50,duong,emailservice|frontend|recommendationservice|shippingservice|paymentservice|checkoutservice|productcatalogservice|cartservice|adservice|currencyservice|redis|frontend-external,recommendationservice|currencyservice|paymentservice|productcatalogservice|frontend|adservice|shippingservice|cartservice|checkoutservice|emailservice,adservice|cartservice|checkoutservice|currencyservice|emailservice|frontend|paymentservice|productcatalogservice|recommendationservice|shippingservice,,,5.592604160308838,0.03769803047180176,12,10,False,False,True,True,True,True
OnlineBoutique,recommendationservice,mem,2,pc_randomwalk,tai nguyen,latency-50,duong,redis|currencyservice|cartservice|checkoutservice|frontend|recommendationservice|productcatalogservice|paymentservice|adservice|emailservice|shippingservice|frontend-external,productcatalogservice|shippingservice|cartservice|emailservice|frontend|paymentservice|adservice|checkoutservice|currencyservice|recommendationservice,adservice|cartservice|checkoutservice|currencyservice|emailservice|frontend|paymentservice|productcatalogservice|recommendationservice|shippingservice,,,5.688882112503052,0.0316617488861084,12,10,False,False,False,False,False,False
OnlineBoutique,recommendationservice,mem,3,nsigma,tai nguyen,latency-50,duong,recommendationservice|frontend|emailservice|cartservice|checkoutservice|paymentservice|adservice|productcatalogservice|shippingservice|redis|currencyservice|frontend-external,recommendationservice|frontend|paymentservice|productcatalogservice|adservice|emailservice|checkoutservice|cartservice|currencyservice|shippingservice,adservice|cartservice|checkoutservice|currencyservice|emailservice|frontend|paymentservice|productcatalogservice|recommendationservice|shippingservice,,,0.008494138717651367,0.0018458366394042969,12,10,True,True,True,True,True,True
OnlineBoutique,recommendationservice,mem,3,baro,tai nguyen,latency-50,duong,recommendationservice|emailservice|redis|frontend|cartservice|productcatalogservice|checkoutservice|adservice|paymentservice|shippingservice|currencyservice|frontend-external,recommendationservice|frontend|adservice|paymentservice|productcatalogservice|emailservice|checkoutservice|currencyservice|cartservice|shippingservice,adservice|cartservice|checkoutservice|currencyservice|emailservice|frontend|paymentservice|productcatalogservice|recommendationservice|shippingservice,,,0.010645389556884766,0.002255678176879883,12,10,True,True,True,True,True,True
OnlineBoutique,recommendationservice,mem,3,circa,tai nguyen,latency-50,duong,cartservice|recommendationservice|frontend|shippingservice|currencyservice|adservice|paymentservice|productcatalogservice|checkoutservice|emailservice|frontend-external|redis,currencyservice|recommendationservice|frontend|checkoutservice|productcatalogservice|adservice|paymentservice|emailservice|cartservice|shippingservice,adservice|cartservice|checkoutservice|currencyservice|emailservice|frontend|paymentservice|productcatalogservice|recommendationservice|shippingservice,,,5.090857982635498,0.04348111152648926,12,10,False,False,False,False,True,True
OnlineBoutique,recommendationservice,mem,3,pc_randomwalk,tai nguyen,latency-50,duong,shippingservice|adservice|paymentservice|cartservice|frontend|productcatalogservice|emailservice|recommendationservice|checkoutservice|currencyservice|redis|frontend-external,productcatalogservice|shippingservice|cartservice|emailservice|frontend|paymentservice|adservice|checkoutservice|currencyservice|recommendationservice,adservice|cartservice|checkoutservice|currencyservice|emailservice|frontend|paymentservice|productcatalogservice|recommendationservice|shippingservice,,,5.221466779708862,0.04838681221008301,12,10,False,False,False,False,False,False
OnlineBoutique,recommendationservice,socket,1,nsigma,tai nguyen,latency-50,duong,recommendationservice|frontend|paymentservice|adservice|productcatalogservice|checkoutservice|emailservice|redis|cartservice|currencyservice|shippingservice|frontend-external,recommendationservice|frontend|paymentservice|productcatalogservice|emailservice|adservice|shippingservice|cartservice|checkoutservice|currencyservice,adservice|cartservice|checkoutservice|currencyservice|emailservice|frontend|paymentservice|productcatalogservice|recommendationservice|shippingservice,,,0.008807897567749023,0.0018608570098876953,12,10,True,True,True,True,True,True
OnlineBoutique,recommendationservice,socket,1,baro,tai nguyen,latency-50,duong,redis|recommendationservice|checkoutservice|frontend|emailservice|adservice|paymentservice|productcatalogservice|cartservice|shippingservice|currencyservice|frontend-external,recommendationservice|frontend|paymentservice|emailservice|adservice|productcatalogservice|shippingservice|cartservice|checkoutservice|currencyservice,adservice|cartservice|checkoutservice|currencyservice|emailservice|frontend|paymentservice|productcatalogservice|recommendationservice|shippingservice,,,0.010751008987426758,0.0022640228271484375,12,10,False,True,True,True,True,True
OnlineBoutique,recommendationservice,socket,1,circa,tai nguyen,latency-50,duong,adservice|cartservice|checkoutservice|emailservice|frontend|paymentservice|productcatalogservice|recommendationservice|redis|shippingservice|currencyservice|frontend-external,recommendationservice|frontend|currencyservice|adservice|productcatalogservice|paymentservice|checkoutservice|shippingservice|cartservice|emailservice,adservice|cartservice|checkoutservice|currencyservice|emailservice|frontend|paymentservice|productcatalogservice|recommendationservice|shippingservice,FALLBACK,,0.0698087215423584,0.04065108299255371,12,10,False,False,True,True,False,True
OnlineBoutique,recommendationservice,socket,1,pc_randomwalk,tai nguyen,latency-50,duong,adservice|cartservice|checkoutservice|emailservice|frontend|paymentservice|productcatalogservice|recommendationservice|redis|shippingservice|currencyservice|frontend-external,productcatalogservice|shippingservice|cartservice|emailservice|frontend|paymentservice|adservice|checkoutservice|currencyservice|recommendationservice,adservice|cartservice|checkoutservice|currencyservice|emailservice|frontend|paymentservice|productcatalogservice|recommendationservice|shippingservice,FALLBACK,,0.07301688194274902,0.037338972091674805,12,10,False,False,False,False,False,False
OnlineBoutique,recommendationservice,socket,2,nsigma,tai nguyen,latency-50,duong,recommendationservice|cartservice|frontend|shippingservice|paymentservice|productcatalogservice|redis|adservice|currencyservice|frontend-external|checkoutservice|emailservice,recommendationservice|frontend|cartservice|paymentservice|productcatalogservice|currencyservice|adservice|checkoutservice|emailservice|shippingservice,adservice|cartservice|checkoutservice|currencyservice|emailservice|frontend|paymentservice|productcatalogservice|recommendationservice|shippingservice,,,0.008028984069824219,0.0018239021301269531,12,10,True,True,True,True,True,True
OnlineBoutique,recommendationservice,socket,2,baro,tai nguyen,latency-50,duong,recommendationservice|cartservice|redis|frontend|shippingservice|paymentservice|productcatalogservice|adservice|currencyservice|frontend-external|checkoutservice|emailservice,recommendationservice|frontend|cartservice|paymentservice|productcatalogservice|adservice|checkoutservice|currencyservice|emailservice|shippingservice,adservice|cartservice|checkoutservice|currencyservice|emailservice|frontend|paymentservice|productcatalogservice|recommendationservice|shippingservice,,,0.01007533073425293,0.00226593017578125,12,10,True,True,True,True,True,True
OnlineBoutique,recommendationservice,socket,2,circa,tai nguyen,latency-50,duong,recommendationservice|shippingservice|frontend|cartservice|checkoutservice|currencyservice|productcatalogservice|adservice|emailservice|frontend-external|paymentservice|redis,productcatalogservice|currencyservice|paymentservice|shippingservice|recommendationservice|frontend|cartservice|checkoutservice|emailservice|adservice,adservice|cartservice|checkoutservice|currencyservice|emailservice|frontend|paymentservice|productcatalogservice|recommendationservice|shippingservice,,,4.074002265930176,0.04020118713378906,12,10,True,True,False,False,True,False
OnlineBoutique,recommendationservice,socket,2,pc_randomwalk,tai nguyen,latency-50,duong,recommendationservice|adservice|currencyservice|redis|frontend-external|shippingservice|checkoutservice|frontend|paymentservice|cartservice|emailservice|productcatalogservice,productcatalogservice|shippingservice|cartservice|emailservice|frontend|paymentservice|adservice|checkoutservice|currencyservice|recommendationservice,adservice|cartservice|checkoutservice|currencyservice|emailservice|frontend|paymentservice|productcatalogservice|recommendationservice|shippingservice,,,3.9550938606262207,0.042092084884643555,12,10,True,True,False,False,True,False
OnlineBoutique,recommendationservice,socket,3,nsigma,tai nguyen,latency-50,duong,recommendationservice|emailservice|frontend|adservice|redis|cartservice|shippingservice|productcatalogservice|currencyservice|paymentservice|frontend-external|checkoutservice,recommendationservice|frontend|cartservice|adservice|currencyservice|productcatalogservice|paymentservice|checkoutservice|emailservice|shippingservice,adservice|cartservice|checkoutservice|currencyservice|emailservice|frontend|paymentservice|productcatalogservice|recommendationservice|shippingservice,,,0.008450031280517578,0.0018701553344726562,12,10,True,True,True,True,True,True
OnlineBoutique,recommendationservice,socket,3,baro,tai nguyen,latency-50,duong,emailservice|redis|recommendationservice|frontend|adservice|cartservice|shippingservice|currencyservice|productcatalogservice|paymentservice|frontend-external|checkoutservice,recommendationservice|frontend|adservice|cartservice|emailservice|currencyservice|paymentservice|productcatalogservice|checkoutservice|shippingservice,adservice|cartservice|checkoutservice|currencyservice|emailservice|frontend|paymentservice|productcatalogservice|recommendationservice|shippingservice,,,0.010370731353759766,0.0022630691528320312,12,10,False,False,True,True,True,True
OnlineBoutique,recommendationservice,socket,3,circa,tai nguyen,latency-50,duong,redis|recommendationservice|productcatalogservice|checkoutservice|shippingservice|paymentservice|adservice|cartservice|frontend|emailservice|currencyservice|frontend-external,shippingservice|recommendationservice|productcatalogservice|cartservice|frontend|adservice|currencyservice|emailservice|paymentservice|checkoutservice,adservice|cartservice|checkoutservice|currencyservice|emailservice|frontend|paymentservice|productcatalogservice|recommendationservice|shippingservice,,,4.902174949645996,0.03603100776672363,12,10,False,True,False,False,True,True
OnlineBoutique,recommendationservice,socket,3,pc_randomwalk,tai nguyen,latency-50,duong,emailservice|adservice|productcatalogservice|paymentservice|recommendationservice|shippingservice|checkoutservice|currencyservice|cartservice|redis|frontend-external|frontend,productcatalogservice|shippingservice|cartservice|emailservice|frontend|paymentservice|adservice|checkoutservice|currencyservice|recommendationservice,adservice|cartservice|checkoutservice|currencyservice|emailservice|frontend|paymentservice|productcatalogservice|recommendationservice|shippingservice,,,4.838161945343018,0.03727889060974121,12,10,False,False,False,False,False,False
