he,injected,fault,run,tang_chon,dich
SockShop,carts,cpu,1,cpu,"{""carts"": 132.310297, ""carts-db"": 1.340858, ""catalogue"": 0.179761, ""front-end"": 0.299789, ""orders"": 0.074051, ""orders-db"": 0.121461, ""payment"": 0.270175, ""queue-master"": 0.331839, ""rabbitmq"": 0.321029, ""rabbitmq-exporter"": 0.104767, ""session-db"": 0.47129, ""shipping"": 0.269993, ""user-db"": 0.30567}"
SockShop,carts,cpu,2,cpu,"{""carts"": 170.785978, ""carts-db"": 0.844329, ""catalogue"": 0.004904, ""catalogue-db"": 0.419065, ""front-end"": 0.37075, ""orders"": 0.533385, ""orders-db"": 0.663966, ""payment"": 0.064747, ""rabbitmq"": 0.236561, ""session-db"": 0.124797, ""shipping"": 0.434482, ""user"": 0.236011, ""user-db"": 0.060223}"
SockShop,carts,cpu,3,cpu,"{""carts-db"": 1.220394, ""catalogue-db"": 0.572279, ""front-end"": 0.331328, ""orders"": 0.043531, ""orders-db"": 0.331982, ""payment"": 0.123093, ""queue-master"": 0.678025, ""rabbitmq"": 0.220684, ""rabbitmq-exporter"": 0.031269, ""session-db"": 0.212647, ""shipping"": 3.843228, ""user"": 0.056432, ""user-db"": 0.147561}"
SockShop,carts,delay,1,latency-50,"{""carts"": 1072.500184, ""catalogue"": 0.766388, ""front-end"": 10.208837, ""orders"": 363.847483, ""payment"": 0.160958, ""shipping"": 1.191974, ""user"": 1.879783}"
SockShop,carts,delay,2,latency-50,"{""carts"": 3867.073455, ""catalogue"": 0.23935, ""front-end"": 10.486064, ""orders"": 2215.381531, ""payment"": 0.112293, ""shipping"": 0.070045, ""user"": 0.078186}"
SockShop,carts,delay,3,latency-50,"{""carts"": 3922.238254, ""catalogue"": 0.175342, ""front-end"": 9.472516, ""orders"": 5937.12847, ""payment"": 0.344097, ""shipping"": 1.845939, ""user"": 0.949992}"
SockShop,carts,disk,1,cpu,"{""carts"": 16.073542, ""carts-db"": 1.302798, ""catalogue"": 0.306631, ""catalogue-db"": 0.258531, ""front-end"": 0.016267, ""orders"": 0.520013, ""orders-db"": 0.547971, ""payment"": 0.001701, ""queue-master"": 0.430248, ""rabbitmq"": 0.201414, ""rabbitmq-exporter"": 0.044707, ""session-db"": 0.031591, ""shipping"": 0.364421, ""user"": 0.124105, ""user-db"": 0.106451}"
SockShop,carts,disk,2,cpu,"{""carts"": 116.525561, ""carts-db"": 1.734686, ""catalogue"": 0.969815, ""catalogue-db"": 0.637374, ""front-end"": 0.326789, ""orders"": 0.093955, ""orders-db"": 0.094385, ""payment"": 1.465927, ""queue-master"": 0.081483, ""rabbitmq"": 0.431945, ""session-db"": 0.208167, ""shipping"": 0.128506, ""user"": 0.012663, ""user-db"": 0.12272}"
SockShop,carts,disk,3,cpu,"{""carts"": 120.19485, ""carts-db"": 2.33798, ""catalogue"": 0.921863, ""catalogue-db"": 0.546333, ""front-end"": 0.084141, ""orders"": 0.477671, ""orders-db"": 0.544885, ""payment"": 1.396076, ""queue-master"": 0.147008, ""rabbitmq"": 0.432699, ""session-db"": 0.198333, ""shipping"": 0.49211, ""user"": 0.145971, ""user-db"": 0.218759}"
SockShop,carts,loss,1,latency-50,"{""carts"": 734.887087, ""catalogue"": 1.462799, ""front-end"": 15.566537, ""orders"": 49.202584, ""payment"": 0.34527, ""shipping"": 0.109899, ""user"": 0.385174}"
SockShop,carts,loss,2,latency-50,"{""carts"": 166.650694, ""catalogue"": 0.08498, ""front-end"": 9.217683, ""orders"": 36.141298, ""payment"": 0.126931, ""shipping"": 1.220495, ""user"": 0.603509}"
SockShop,carts,loss,3,latency-50,"{""carts"": 582.629401, ""catalogue"": 0.614613, ""front-end"": 14.896059, ""orders"": 179.758214, ""payment"": 0.256957, ""shipping"": 1.177845, ""user"": 0.031765}"
SockShop,carts,mem,1,cpu,"{""carts"": 18.914021, ""catalogue"": 0.114004, ""catalogue-db"": 1.215238, ""orders"": 0.484121, ""orders-db"": 0.106731, ""payment"": 0.501712, ""queue-master"": 0.429075, ""rabbitmq"": 0.330245, ""rabbitmq-exporter"": 0.189748, ""session-db"": 0.913133, ""shipping"": 0.604629, ""user-db"": 0.033358}"
SockShop,carts,mem,2,cpu,"{""carts"": 250.872981, ""catalogue"": 0.375802, ""front-end"": 0.206851, ""orders"": 0.375923, ""orders-db"": 0.345548, ""payment"": 0.087485, ""queue-master"": 0.3561, ""rabbitmq-exporter"": 0.081297, ""session-db"": 0.630951, ""shipping"": 0.425261, ""user"": 0.06193, ""user-db"": 0.306005}"
SockShop,carts,mem,3,cpu,"{""carts"": 28.686671, ""carts-db"": 3.083944, ""catalogue"": 1.131768, ""catalogue-db"": 0.139733, ""front-end"": 0.22969, ""orders"": 0.507126, ""orders-db"": 0.401298, ""payment"": 0.66014, ""rabbitmq"": 0.227845, ""rabbitmq-exporter"": 0.116662, ""session-db"": 0.857853, ""shipping"": 0.434359, ""user"": 0.050151, ""user-db"": 0.49388}"
SockShop,carts,socket,1,cpu,"{""carts"": 5.478761, ""carts-db"": 0.61696, ""catalogue"": 0.229274, ""catalogue-db"": 0.594181, ""front-end"": 0.016507, ""orders-db"": 0.13169, ""payment"": 0.120137, ""queue-master"": 0.413347, ""rabbitmq"": 0.448423, ""rabbitmq-exporter"": 0.367617, ""session-db"": 0.062687, ""shipping"": 0.260979, ""user-db"": 0.090586}"
SockShop,carts,socket,2,cpu,"{""carts"": 110.839845, ""carts-db"": 1.403697, ""catalogue"": 0.382263, ""catalogue-db"": 0.486423, ""front-end"": 0.515824, ""orders"": 0.473488, ""orders-db"": 0.062572, ""payment"": 0.404272, ""queue-master"": 0.280425, ""rabbitmq"": 0.335591, ""session-db"": 0.133439, ""shipping"": 0.438327, ""user"": 0.013982, ""user-db"": 0.025905}"
SockShop,carts,socket,3,cpu,"{""carts"": 229.130576, ""carts-db"": 1.196612, ""catalogue"": 0.942251, ""catalogue-db"": 0.437023, ""front-end"": 0.005924, ""orders"": 2.196837, ""orders-db"": 0.006854, ""payment"": 1.210605, ""queue-master"": 1.633315, ""rabbitmq"": 0.074634, ""rabbitmq-exporter"": 0.280853, ""session-db"": 0.046535, ""shipping"": 2.142044, ""user"": 0.265326, ""user-db"": 0.227324}"
SockShop,catalogue,cpu,1,cpu,"{""carts"": 0.47205, ""carts-db"": 0.758388, ""catalogue"": 835.284564, ""catalogue-db"": 0.55461, ""orders-db"": 0.405346, ""payment"": 0.678058, ""queue-master"": 0.119882, ""rabbitmq"": 0.484625, ""session-db"": 0.58471, ""shipping"": 0.410287, ""user"": 0.562347, ""user-db"": 0.432215}"
SockShop,catalogue,cpu,2,cpu,"{""carts"": 0.665434, ""carts-db"": 1.177607, ""catalogue"": 805.929449, ""catalogue-db"": 0.702796, ""orders"": 0.203131, ""orders-db"": 0.431684, ""payment"": 0.668095, ""queue-master"": 0.451924, ""rabbitmq"": 1.158916, ""rabbitmq-exporter"": 0.019566, ""session-db"": 0.802701, ""shipping"": 0.092192, ""user"": 0.788046, ""user-db"": 0.572111}"
SockShop,catalogue,cpu,3,cpu,"{""carts-db"": 2.041804, ""catalogue"": 15.653393, ""front-end"": 0.172449, ""orders-db"": 0.12243, ""payment"": 0.166038, ""queue-master"": 0.059574, ""rabbitmq"": 0.165051, ""session-db"": 0.004958, ""shipping"": 0.105344, ""user"": 0.028937, ""user-db"": 0.50893}"
SockShop,catalogue,delay,1,latency-50,"{""carts"": 0.24197, ""catalogue"": 25078.091978, ""front-end"": 3.507846, ""orders"": 0.299008, ""payment"": 0.071914, ""shipping"": 0.002335, ""user"": 0.973733}"
SockShop,catalogue,delay,2,latency-50,"{""carts"": 1.647189, ""catalogue"": 1535.953816, ""front-end"": 3.148073, ""orders"": 0.150079, ""payment"": 0.777188, ""shipping"": 0.300469, ""user"": 0.13583}"
SockShop,catalogue,delay,3,workload,"{""carts"": 1.3401, ""catalogue"": 1.22303, ""front-end"": 2.331269, ""orders"": 0.676416, ""payment"": 0.787243, ""shipping"": 0.750908, ""user"": 1.218345}"
SockShop,catalogue,disk,1,workload,"{""carts"": 0.467308, ""catalogue"": 0.443865, ""front-end"": 0.33136, ""orders"": 0.438402, ""payment"": 0.43324, ""shipping"": 0.440782, ""user"": 0.474391}"
SockShop,catalogue,disk,2,cpu,"{""carts"": 0.940789, ""carts-db"": 2.819657, ""catalogue"": 300.566177, ""front-end"": 0.350999, ""orders"": 0.605389, ""orders-db"": 0.374817, ""payment"": 0.585873, ""queue-master"": 0.45363, ""rabbitmq"": 0.141527, ""rabbitmq-exporter"": 0.031193, ""session-db"": 0.123679, ""shipping"": 0.475925}"
SockShop,catalogue,disk,3,latency-50,"{""carts"": 1.638105, ""catalogue"": 2.345655, ""front-end"": 0.46394, ""orders"": 1.164633, ""payment"": 0.23552, ""shipping"": 0.547246, ""user"": 0.253439}"
SockShop,catalogue,loss,1,workload,"{""carts"": 6.906904, ""catalogue"": 7.392863, ""front-end"": 10.254725, ""orders"": 5.315362, ""payment"": 4.79986, ""shipping"": 4.972088, ""user"": 7.061507}"
SockShop,catalogue,loss,2,workload,"{""carts"": 1.628257, ""catalogue"": 1.537664, ""front-end"": 4.002178, ""orders"": 1.404816, ""payment"": 1.481479, ""shipping"": 1.386556, ""user"": 1.624358}"
SockShop,catalogue,loss,3,cpu,"{""carts"": 2.099565, ""carts-db"": 3.976279, ""catalogue"": 1.157837, ""orders-db"": 0.443988, ""payment"": 2.719649, ""queue-master"": 0.690499, ""rabbitmq"": 0.842782, ""rabbitmq-exporter"": 0.020201, ""session-db"": 2.215577, ""shipping"": 0.91898, ""user"": 5.601251, ""user-db"": 2.746158}"
SockShop,catalogue,mem,1,cpu,"{""carts"": 0.167343, ""carts-db"": 1.31714, ""catalogue"": 786.921925, ""catalogue-db"": 0.434832, ""front-end"": 0.378906, ""orders"": 0.296675, ""orders-db"": 0.044628, ""payment"": 0.235535, ""queue-master"": 0.521803, ""rabbitmq"": 1.181355, ""rabbitmq-exporter"": 0.007961, ""session-db"": 0.409172, ""shipping"": 0.249133, ""user-db"": 0.197035}"
SockShop,catalogue,mem,2,latency-50,"{""carts"": 4.167568, ""catalogue"": 54.264014, ""front-end"": 3.856253, ""orders"": 4.594955, ""payment"": 0.495798, ""shipping"": 1.419388, ""user"": 11.236978}"
SockShop,catalogue,mem,3,cpu,"{""carts"": 0.30174, ""catalogue"": 13.565865, ""catalogue-db"": 0.2257, ""front-end"": 0.133275, ""orders"": 0.268669, ""orders-db"": 0.88174, ""payment"": 0.007297, ""queue-master"": 0.67462, ""shipping"": 0.321626, ""user"": 0.203045, ""user-db"": 0.093822}"
SockShop,catalogue,socket,1,cpu,"{""carts"": 0.354885, ""carts-db"": 0.101391, ""catalogue"": 2689.029991, ""catalogue-db"": 0.141087, ""front-end"": 0.180936, ""orders"": 0.35081, ""orders-db"": 0.47419, ""payment"": 0.209336, ""queue-master"": 0.28635, ""rabbitmq"": 0.437924, ""rabbitmq-exporter"": 0.032304, ""session-db"": 0.235217, ""shipping"": 0.087701, ""user"": 0.122621}"
SockShop,catalogue,socket,2,latency-50,"{""carts"": 2.583228, ""catalogue"": 936.518077, ""front-end"": 2.246963, ""orders"": 0.719021, ""payment"": 0.130129, ""shipping"": 12.286635, ""user"": 0.650648}"
SockShop,catalogue,socket,3,latency-50,"{""carts"": 3.379029, ""catalogue"": 54.256421, ""front-end"": 2.732974, ""orders"": 1.917031, ""payment"": 0.02484, ""shipping"": 9.380561, ""user"": 0.011822}"
SockShop,orders,cpu,1,cpu,"{""carts"": 0.013101, ""carts-db"": 0.41187, ""catalogue"": 0.701197, ""catalogue-db"": 0.144041, ""front-end"": 0.359921, ""orders"": 368.252077, ""orders-db"": 0.057671, ""payment"": 0.458032, ""queue-master"": 2.398485, ""rabbitmq"": 0.045527, ""rabbitmq-exporter"": 0.044018, ""session-db"": 0.511499, ""shipping"": 1.551437, ""user"": 0.058066, ""user-db"": 0.293027}"
SockShop,orders,cpu,2,cpu,"{""carts"": 0.202272, ""catalogue"": 0.16502, ""catalogue-db"": 0.063968, ""front-end"": 0.228939, ""orders"": 220.630666, ""orders-db"": 0.233578, ""payment"": 0.30105, ""queue-master"": 0.372612, ""rabbitmq"": 0.598571, ""rabbitmq-exporter"": 0.002374, ""session-db"": 0.003711, ""shipping"": 0.144142, ""user"": 0.383568, ""user-db"": 0.045685}"
SockShop,orders,cpu,3,cpu,"{""carts-db"": 1.941599, ""catalogue"": 0.18552, ""catalogue-db"": 0.277982, ""front-end"": 0.028474, ""orders"": 79.391953, ""orders-db"": 0.135402, ""payment"": 0.249672, ""queue-master"": 0.389793, ""rabbitmq"": 0.507468, ""session-db"": 0.327949, ""shipping"": 0.591004, ""user-db"": 0.230757}"
SockShop,orders,delay,1,latency-50,"{""carts"": 0.036269, ""catalogue"": 0.238745, ""front-end"": 0.319294, ""orders"": 5.807543, ""payment"": 305.782945, ""shipping"": 1608.010396, ""user"": 2.551316}"
SockShop,orders,delay,2,latency-50,"{""carts"": 2.275089, ""catalogue"": 0.454064, ""front-end"": 0.149393, ""orders"": 570.527786, ""payment"": 102.966039, ""shipping"": 31.784371, ""user"": 3.052265}"
SockShop,orders,delay,3,latency-50,"{""carts"": 4.86432, ""catalogue"": 0.779617, ""front-end"": 0.145769, ""orders"": 1258.351573, ""payment"": 105.997187, ""shipping"": 297.429288, ""user"": 1.667239}"
SockShop,orders,disk,2,workload,"{""carts"": 0.167529, ""catalogue"": 0.087305, ""front-end"": 0.12947, ""orders"": 2.118372, ""payment"": 0.49845, ""shipping"": 0.405736, ""user"": 0.254013}"
SockShop,orders,disk,3,cpu,"{""carts"": 0.30502, ""catalogue"": 0.066817, ""catalogue-db"": 0.578232, ""front-end"": 0.644787, ""orders"": 8.77076, ""payment"": 0.182768, ""queue-master"": 0.493799, ""rabbitmq"": 0.087732, ""session-db"": 0.171313, ""user"": 0.022443, ""user-db"": 0.110261}"
SockShop,orders,loss,1,latency-50,"{""carts"": 4.343009, ""catalogue"": 0.185387, ""front-end"": 2.345064, ""orders"": 2561.227844, ""payment"": 8.893572, ""shipping"": 0.129713, ""user"": 16.744922}"
SockShop,orders,loss,2,latency-50,"{""carts"": 3.192632, ""catalogue"": 0.180312, ""front-end"": 0.008837, ""orders"": 984.768777, ""payment"": 3.202081, ""shipping"": 0.430579, ""user"": 0.830549}"
SockShop,orders,loss,3,latency-50,"{""carts"": 3.491871, ""catalogue"": 0.615349, ""front-end"": 0.56064, ""orders"": 1562.699543, ""payment"": 3.643437, ""shipping"": 0.39618, ""user"": 0.628163}"
SockShop,orders,mem,1,cpu,"{""carts"": 1.565013, ""carts-db"": 2.268984, ""catalogue"": 0.154339, ""catalogue-db"": 0.09912, ""front-end"": 0.425913, ""orders"": 198.85155, ""orders-db"": 0.053776, ""payment"": 0.331618, ""queue-master"": 3.822152, ""rabbitmq"": 0.9291, ""session-db"": 0.112459, ""user"": 0.516807, ""user-db"": 0.252872}"
SockShop,orders,mem,2,latency-50,"{""carts"": 8.41532, ""catalogue"": 0.524204, ""front-end"": 3.687362, ""orders"": 134.312633, ""payment"": 2.889732, ""shipping"": 2.562108, ""user"": 0.219898}"
SockShop,orders,mem,3,cpu,"{""carts"": 1.133733, ""carts-db"": 4.080773, ""catalogue"": 0.135236, ""catalogue-db"": 0.337884, ""front-end"": 0.352759, ""orders"": 21.376167, ""orders-db"": 0.01608, ""payment"": 0.074675, ""queue-master"": 0.120782, ""rabbitmq"": 0.180908, ""session-db"": 0.182542, ""shipping"": 0.47111, ""user"": 0.179875, ""user-db"": 0.325569}"
SockShop,orders,socket,1,cpu,"{""carts"": 0.03185, ""carts-db"": 0.165797, ""catalogue"": 0.108031, ""catalogue-db"": 0.054747, ""front-end"": 0.012228, ""orders"": 3.205802, ""orders-db"": 0.039576, ""payment"": 0.053039, ""queue-master"": 0.068534, ""session-db"": 0.115892, ""shipping"": 0.126237, ""user"": 0.266108, ""user-db"": 0.035689}"
SockShop,orders,socket,2,cpu,"{""carts"": 0.144838, ""carts-db"": 2.025948, ""catalogue"": 0.146167, ""catalogue-db"": 0.319314, ""front-end"": 0.224706, ""orders"": 11.076166, ""orders-db"": 0.088178, ""payment"": 0.807755, ""queue-master"": 0.267537, ""rabbitmq"": 0.349883, ""rabbitmq-exporter"": 0.199257, ""session-db"": 0.056577, ""shipping"": 0.199906, ""user"": 0.196919, ""user-db"": 0.021497}"
SockShop,orders,socket,3,latency-50,"{""carts"": 8.431867, ""catalogue"": 0.062131, ""front-end"": 2.837502, ""orders"": 1491.984958, ""payment"": 8.78847, ""shipping"": 33.048605, ""user"": 0.769432}"
SockShop,payment,cpu,1,cpu,"{""carts"": 0.16267, ""carts-db"": 0.281614, ""catalogue"": 0.364746, ""catalogue-db"": 0.154958, ""front-end"": 0.211495, ""orders"": 0.010463, ""orders-db"": 0.072564, ""payment"": 1140.258831, ""rabbitmq"": 0.342546, ""session-db"": 0.194075, ""shipping"": 0.274989, ""user"": 0.171718, ""user-db"": 0.231056}"
SockShop,payment,cpu,2,cpu,"{""carts-db"": 1.287211, ""catalogue"": 0.326908, ""catalogue-db"": 0.02117, ""front-end"": 0.240976, ""orders"": 0.314316, ""orders-db"": 0.08468, ""payment"": 653.24243, ""queue-master"": 0.065084, ""rabbitmq"": 0.241038, ""rabbitmq-exporter"": 0.197818, ""session-db"": 0.308369, ""shipping"": 0.137204, ""user"": 0.014918, ""user-db"": 0.213194}"
SockShop,payment,cpu,3,cpu,"{""carts"": 0.290519, ""catalogue"": 0.247887, ""catalogue-db"": 0.027628, ""front-end"": 0.298282, ""orders"": 0.471403, ""orders-db"": 0.121211, ""payment"": 550.697484, ""rabbitmq"": 0.335974, ""session-db"": 0.18331, ""shipping"": 0.986207, ""user"": 0.245974, ""user-db"": 0.075231}"
SockShop,payment,delay,1,latency-50,"{""carts"": 0.000709, ""catalogue"": 0.072847, ""front-end"": 0.069317, ""orders"": 0.856655, ""payment"": 168.984454, ""shipping"": 0.496494, ""user"": 0.895299}"
SockShop,payment,delay,2,latency-50,"{""carts"": 1.255943, ""catalogue"": 0.375712, ""front-end"": 1.300413, ""orders"": 322.97968, ""payment"": 385.973221, ""shipping"": 0.365217, ""user"": 0.229953}"
SockShop,payment,delay,3,latency-50,"{""carts"": 0.680199, ""catalogue"": 0.621388, ""front-end"": 0.246422, ""orders"": 19.513898, ""payment"": 215.49395, ""shipping"": 1.126397, ""user"": 0.116158}"
SockShop,payment,disk,1,cpu,"{""carts"": 0.442912, ""carts-db"": 0.582684, ""catalogue"": 0.372931, ""catalogue-db"": 0.758896, ""front-end"": 0.411319, ""orders"": 0.256391, ""orders-db"": 0.173127, ""payment"": 331.085614, ""queue-master"": 0.381506, ""rabbitmq"": 0.329458, ""rabbitmq-exporter"": 0.216381, ""session-db"": 0.027671, ""shipping"": 0.067955, ""user"": 0.182012, ""user-db"": 0.139032}"
SockShop,payment,disk,2,cpu,"{""carts"": 1.172737, ""carts-db"": 3.483537, ""catalogue"": 0.261557, ""catalogue-db"": 0.273668, ""front-end"": 0.143307, ""orders"": 0.914807, ""orders-db"": 0.097995, ""payment"": 379.479112, ""rabbitmq"": 0.648614, ""session-db"": 0.093339, ""shipping"": 0.424213, ""user"": 0.176264}"
SockShop,payment,disk,3,cpu,"{""carts"": 0.455612, ""front-end"": 0.044051, ""orders"": 0.194217, ""orders-db"": 0.241201, ""payment"": 395.242949, ""queue-master"": 0.733638, ""rabbitmq"": 0.226158, ""session-db"": 0.192554, ""shipping"": 0.467135, ""user"": 0.039537, ""user-db"": 0.034514}"
SockShop,payment,loss,1,latency-50,"{""carts"": 1.642606, ""catalogue"": 0.782794, ""front-end"": 0.815663, ""orders"": 11.720786, ""user"": 0.563317}"
SockShop,payment,loss,2,latency-50,"{""carts"": 1.217334, ""catalogue"": 0.84311, ""front-end"": 0.973429, ""orders"": 12.636209, ""user"": 0.778022}"
SockShop,payment,loss,3,latency-50,"{""carts"": 0.969023, ""catalogue"": 0.131516, ""front-end"": 0.810306, ""orders"": 16.440086, ""user"": 1.07883}"
SockShop,payment,mem,1,cpu,"{""carts"": 0.441883, ""carts-db"": 0.918735, ""catalogue"": 0.066671, ""catalogue-db"": 0.673029, ""front-end"": 0.187592, ""orders"": 0.451342, ""orders-db"": 0.114622, ""payment"": 754.565622, ""queue-master"": 0.760294, ""rabbitmq"": 0.309459, ""rabbitmq-exporter"": 0.196666, ""session-db"": 0.083665, ""user-db"": 0.760206}"
SockShop,payment,mem,2,cpu,"{""carts"": 0.49401, ""carts-db"": 1.552829, ""catalogue"": 0.218138, ""catalogue-db"": 0.103166, ""front-end"": 0.383495, ""orders"": 0.322634, ""orders-db"": 0.025415, ""payment"": 713.204008, ""queue-master"": 1.259753, ""rabbitmq"": 0.100764, ""rabbitmq-exporter"": 0.151893, ""session-db"": 0.008788, ""shipping"": 0.929814}"
SockShop,payment,mem,3,cpu,"{""carts"": 0.588387, ""carts-db"": 1.630329, ""catalogue"": 0.184181, ""front-end"": 0.071419, ""orders"": 0.03894, ""orders-db"": 0.133582, ""payment"": 548.192454, ""queue-master"": 0.315603, ""rabbitmq"": 0.24098, ""session-db"": 0.268778, ""shipping"": 0.318929, ""user"": 0.430599, ""user-db"": 0.06303}"
SockShop,payment,socket,1,cpu,"{""carts"": 0.12521, ""carts-db"": 0.10538, ""catalogue-db"": 0.277211, ""front-end"": 0.129606, ""payment"": 886.291978, ""queue-master"": 0.103946, ""rabbitmq"": 0.247596, ""rabbitmq-exporter"": 0.183668, ""shipping"": 0.467597, ""user"": 0.12539}"
SockShop,payment,socket,2,latency-50,"{""carts"": 2.39993, ""catalogue"": 0.168651, ""front-end"": 0.52709, ""orders"": 78.175971, ""payment"": 192.226324, ""shipping"": 19.02782, ""user"": 1.527372}"
SockShop,payment,socket,3,cpu,"{""carts"": 0.358489, ""carts-db"": 1.39162, ""catalogue"": 0.021672, ""catalogue-db"": 0.02671, ""front-end"": 0.213647, ""orders"": 0.389083, ""orders-db"": 0.091033, ""payment"": 671.996784, ""queue-master"": 0.437012, ""rabbitmq"": 0.215424, ""rabbitmq-exporter"": 0.301868, ""session-db"": 0.436571, ""shipping"": 0.444714, ""user"": 0.18976, ""user-db"": 0.216059}"
SockShop,user,cpu,1,cpu,"{""carts"": 0.499824, ""carts-db"": 0.642216, ""catalogue"": 0.766009, ""catalogue-db"": 0.641392, ""orders"": 0.668778, ""orders-db"": 0.646529, ""payment"": 0.562291, ""queue-master"": 0.658654, ""rabbitmq"": 0.498617, ""rabbitmq-exporter"": 0.02359, ""session-db"": 0.515986, ""shipping"": 1.109365, ""user"": 42.250179, ""user-db"": 0.455785}"
SockShop,user,cpu,2,cpu,"{""carts"": 0.522996, ""carts-db"": 0.683298, ""catalogue"": 0.565376, ""catalogue-db"": 0.646976, ""orders-db"": 0.277939, ""payment"": 0.669501, ""queue-master"": 1.124948, ""rabbitmq"": 0.301762, ""session-db"": 0.499508, ""shipping"": 0.790824, ""user"": 88.700794, ""user-db"": 0.429466}"
SockShop,user,cpu,3,cpu,"{""carts"": 0.243088, ""carts-db"": 0.310963, ""catalogue-db"": 0.001948, ""orders-db"": 0.099848, ""payment"": 0.015051, ""queue-master"": 0.532922, ""rabbitmq"": 0.333278, ""rabbitmq-exporter"": 0.062317, ""session-db"": 0.007137, ""shipping"": 0.104819, ""user"": 371.204263, ""user-db"": 0.238092}"
SockShop,user,delay,1,latency-50,"{""carts"": 0.506129, ""catalogue"": 0.368177, ""front-end"": 110.035018, ""orders"": 0.13913, ""payment"": 0.565527, ""shipping"": 1.214453, ""user"": 8728.587587}"
SockShop,user,delay,2,latency-50,"{""carts"": 0.792021, ""catalogue"": 0.28555, ""front-end"": 10.220801, ""orders"": 470.767814, ""payment"": 0.298799, ""shipping"": 0.153897, ""user"": 7192.95419}"
SockShop,user,delay,3,latency-50,"{""carts"": 1.409131, ""catalogue"": 0.37097, ""front-end"": 11.157463, ""orders"": 385.272309, ""payment"": 0.260606, ""shipping"": 0.052169, ""user"": 8102.037949}"
SockShop,user,disk,1,cpu,"{""carts"": 0.457127, ""carts-db"": 0.35851, ""catalogue"": 0.230058, ""catalogue-db"": 0.293397, ""orders"": 0.434559, ""orders-db"": 0.28484, ""payment"": 0.293165, ""queue-master"": 0.283605, ""rabbitmq"": 0.737304, ""rabbitmq-exporter"": 0.230207, ""session-db"": 0.218254, ""shipping"": 0.229215, ""user"": 66.073802, ""user-db"": 1.017449}"
SockShop,user,disk,2,cpu,"{""carts"": 0.074976, ""carts-db"": 0.747238, ""catalogue"": 0.138757, ""catalogue-db"": 0.234546, ""front-end"": 0.096936, ""orders"": 0.474674, ""orders-db"": 0.347719, ""queue-master"": 0.369936, ""rabbitmq"": 0.102485, ""session-db"": 0.284058, ""shipping"": 0.252165, ""user"": 157.514931, ""user-db"": 1.946605}"
SockShop,user,disk,3,cpu,"{""carts"": 0.349576, ""catalogue"": 0.041835, ""orders"": 0.437589, ""orders-db"": 0.122697, ""payment"": 0.064658, ""queue-master"": 0.587332, ""session-db"": 0.072388, ""shipping"": 0.680165, ""user"": 150.282648, ""user-db"": 2.060555}"
SockShop,user,loss,1,workload,"{""carts"": 7.488065, ""catalogue"": 8.108242, ""front-end"": 14.933773, ""orders"": 5.217708, ""payment"": 4.596446, ""shipping"": 5.285601, ""user"": 7.868791}"
SockShop,user,loss,2,workload,"{""carts"": 6.319318, ""catalogue"": 5.601881, ""front-end"": 10.805064, ""orders"": 4.338348, ""payment"": 3.864814, ""shipping"": 3.959081, ""user"": 7.359594}"
SockShop,user,loss,3,workload,"{""carts"": 1.58483, ""catalogue"": 1.758104, ""front-end"": 1.919476, ""orders"": 1.294613, ""payment"": 1.252343, ""shipping"": 1.216882, ""user"": 2.349694}"
SockShop,user,mem,1,cpu,"{""carts"": 0.230862, ""carts-db"": 2.081468, ""catalogue-db"": 0.139659, ""front-end"": 0.096246, ""orders"": 0.924991, ""orders-db"": 0.118719, ""payment"": 0.163485, ""rabbitmq"": 0.419808, ""rabbitmq-exporter"": 0.134826, ""session-db"": 0.022251, ""shipping"": 0.126805, ""user"": 326.617495, ""user-db"": 0.174462}"
SockShop,user,mem,2,cpu,"{""carts"": 0.904231, ""carts-db"": 2.371703, ""catalogue"": 0.018623, ""catalogue-db"": 0.48535, ""front-end"": 0.436459, ""orders"": 0.755278, ""orders-db"": 0.204308, ""queue-master"": 0.319106, ""rabbitmq"": 0.72084, ""session-db"": 0.011463, ""shipping"": 0.779045, ""user"": 292.134154, ""user-db"": 0.086501}"
SockShop,user,mem,3,latency-50,"{""carts"": 2.810098, ""catalogue"": 2.513667, ""front-end"": 5.089575, ""orders"": 4.451752, ""payment"": 1.126349, ""shipping"": 1.12138, ""user"": 21.135562}"
SockShop,user,socket,1,latency-50,"{""carts"": 0.036875, ""catalogue"": 0.353751, ""front-end"": 7.383253, ""orders"": 0.176094, ""payment"": 0.219374, ""shipping"": 0.117254, ""user"": 1669.301093}"
SockShop,user,socket,2,cpu,"{""carts"": 0.159057, ""carts-db"": 0.412591, ""catalogue"": 0.351949, ""catalogue-db"": 0.256511, ""front-end"": 0.125385, ""orders"": 0.240261, ""orders-db"": 0.051361, ""queue-master"": 0.005129, ""rabbitmq"": 0.085646, ""session-db"": 0.460529, ""user"": 286.496105, ""user-db"": 0.858505}"
SockShop,user,socket,3,cpu,"{""carts"": 1.135869, ""carts-db"": 2.950529, ""catalogue"": 0.049448, ""catalogue-db"": 0.1738, ""front-end"": 0.096783, ""orders-db"": 0.139496, ""payment"": 0.098394, ""queue-master"": 0.380099, ""rabbitmq"": 0.024094, ""rabbitmq-exporter"": 0.071491, ""session-db"": 0.205203, ""shipping"": 0.486804, ""user"": 422.529669, ""user-db"": 0.671676}"
OnlineBoutique,checkoutservice,cpu,1,cpu,"{""adservice"": 0.076402, ""cartservice"": 0.105467, ""checkoutservice"": 226.432739, ""currencyservice"": 0.036211, ""emailservice"": 0.309012, ""frontend"": 0.201626, ""paymentservice"": 0.006317, ""productcatalogservice"": 0.009897, ""shippingservice"": 0.009452}"
OnlineBoutique,checkoutservice,cpu,2,latency-50,"{""cartservice"": 1.011028, ""checkoutservice"": 6.187967, ""currencyservice"": 0.054045, ""emailservice"": 1.538155, ""frontend"": 2.515355, ""paymentservice"": 0.458459, ""productcatalogservice"": 0.467131, ""shippingservice"": 0.145514}"
OnlineBoutique,checkoutservice,cpu,3,cpu,"{""adservice"": 2.197002, ""cartservice"": 0.925905, ""checkoutservice"": 235.613804, ""currencyservice"": 0.264268, ""emailservice"": 0.12373, ""frontend"": 0.648994, ""paymentservice"": 0.091186, ""productcatalogservice"": 0.068958, ""recommendationservice"": 0.368805, ""redis"": 0.146976, ""shippingservice"": 0.141737}"
OnlineBoutique,checkoutservice,delay,1,latency-50,"{""adservice"": 0.274418, ""cartservice"": 0.894624, ""checkoutservice"": 93.244863, ""currencyservice"": 0.280965, ""emailservice"": 1986.800711, ""frontend"": 0.583744, ""paymentservice"": 160.113205, ""productcatalogservice"": 0.011769, ""recommendationservice"": 0.96295, ""shippingservice"": 7.375149}"
OnlineBoutique,checkoutservice,delay,2,latency-50,"{""adservice"": 0.240607, ""cartservice"": 2.045725, ""checkoutservice"": 100.286126, ""currencyservice"": 0.272909, ""emailservice"": 1730.618595, ""frontend"": 0.588133, ""paymentservice"": 257.261534, ""productcatalogservice"": 0.931134, ""recommendationservice"": 0.247281, ""shippingservice"": 5.646343}"
OnlineBoutique,checkoutservice,delay,3,latency-50,"{""adservice"": 0.057394, ""cartservice"": 1.254074, ""checkoutservice"": 99.910022, ""currencyservice"": 0.554879, ""emailservice"": 5.583150799478904e+16, ""frontend"": 0.653953, ""paymentservice"": 266.435556, ""productcatalogservice"": 0.086394, ""recommendationservice"": 0.048286, ""shippingservice"": 9.810601}"
OnlineBoutique,checkoutservice,disk,1,cpu,"{""adservice"": 0.137173, ""cartservice"": 0.441373, ""checkoutservice"": 231.401722, ""currencyservice"": 0.041542, ""emailservice"": 0.208919, ""frontend"": 0.072922, ""paymentservice"": 0.361638, ""productcatalogservice"": 0.348099, ""recommendationservice"": 0.302504, ""redis"": 0.181108, ""shippingservice"": 0.13525}"
OnlineBoutique,checkoutservice,disk,2,cpu,"{""adservice"": 1.434321, ""cartservice"": 0.111212, ""checkoutservice"": 226.026583, ""emailservice"": 0.559433, ""frontend"": 0.05188, ""paymentservice"": 0.070393, ""productcatalogservice"": 0.231408, ""recommendationservice"": 0.338275, ""shippingservice"": 0.086063}"
OnlineBoutique,checkoutservice,disk,3,cpu,"{""adservice"": 0.429022, ""cartservice"": 0.671494, ""checkoutservice"": 228.783284, ""currencyservice"": 0.011766, ""frontend"": 0.003656, ""paymentservice"": 0.070099, ""productcatalogservice"": 0.018841, ""recommendationservice"": 0.001384, ""redis"": 0.168592, ""shippingservice"": 0.188377}"
OnlineBoutique,checkoutservice,loss,1,latency-50,"{""adservice"": 0.289573, ""cartservice"": 1.198611, ""checkoutservice"": 117.632326, ""currencyservice"": 1.37743, ""emailservice"": 3.89968, ""frontend"": 1.013874, ""paymentservice"": 3.295446, ""productcatalogservice"": 1.114254, ""recommendationservice"": 0.421905, ""shippingservice"": 0.278034}"
OnlineBoutique,checkoutservice,loss,2,latency-50,"{""adservice"": 0.207103, ""cartservice"": 0.028423, ""checkoutservice"": 57.282256, ""currencyservice"": 0.445598, ""emailservice"": 2.519362, ""frontend"": 0.017108, ""paymentservice"": 0.872478, ""productcatalogservice"": 0.194847, ""recommendationservice"": 0.115409, ""shippingservice"": 1.052557}"
OnlineBoutique,checkoutservice,loss,3,workload,"{""adservice"": 0.131545, ""cartservice"": 0.461518, ""currencyservice"": 0.282283, ""frontend-external"": 0.134493, ""productcatalogservice"": 0.075897}"
OnlineBoutique,checkoutservice,mem,1,cpu,"{""adservice"": 0.054491, ""cartservice"": 0.255728, ""checkoutservice"": 219.839704, ""emailservice"": 0.272118, ""frontend"": 0.477791, ""paymentservice"": 0.073133, ""productcatalogservice"": 0.013903, ""recommendationservice"": 0.304837, ""redis"": 0.099669, ""shippingservice"": 0.125636}"
OnlineBoutique,checkoutservice,mem,2,latency-50,"{""adservice"": 0.55552, ""cartservice"": 2.101814, ""checkoutservice"": 31.200305, ""currencyservice"": 2.427719, ""emailservice"": 2.969279, ""frontend"": 1.299259, ""paymentservice"": 7.403031, ""productcatalogservice"": 0.413343, ""recommendationservice"": 0.066057, ""shippingservice"": 0.96357}"
OnlineBoutique,checkoutservice,mem,3,cpu,"{""adservice"": 0.021667, ""cartservice"": 0.272656, ""checkoutservice"": 292.206142, ""currencyservice"": 0.014094, ""emailservice"": 0.095392, ""frontend"": 0.208903, ""paymentservice"": 0.309734, ""productcatalogservice"": 0.218392, ""recommendationservice"": 0.1589, ""redis"": 0.052062, ""shippingservice"": 0.024163}"
OnlineBoutique,checkoutservice,socket,1,cpu,"{""cartservice"": 0.103569, ""checkoutservice"": 62.037795, ""currencyservice"": 0.097541, ""frontend"": 0.198983, ""paymentservice"": 0.437963, ""productcatalogservice"": 0.265139, ""recommendationservice"": 0.095279, ""redis"": 0.054754, ""shippingservice"": 0.158566}"
OnlineBoutique,checkoutservice,socket,2,cpu,"{""adservice"": 0.197789, ""cartservice"": 0.586465, ""checkoutservice"": 31.851967, ""currencyservice"": 0.685303, ""emailservice"": 0.19588, ""frontend"": 0.44695, ""paymentservice"": 0.189394, ""productcatalogservice"": 0.168344, ""recommendationservice"": 0.065726, ""redis"": 0.412495, ""shippingservice"": 0.139865}"
OnlineBoutique,checkoutservice,socket,3,latency-50,"{""adservice"": 0.277979, ""cartservice"": 0.082903, ""checkoutservice"": 3.57635, ""currencyservice"": 0.215857, ""emailservice"": 0.749187, ""frontend"": 0.097946, ""paymentservice"": 2.144762, ""productcatalogservice"": 1.56387, ""recommendationservice"": 0.288199, ""shippingservice"": 0.622302}"
OnlineBoutique,currencyservice,cpu,1,latency-50,"{""adservice"": 0.970801, ""cartservice"": 2.92678, ""checkoutservice"": 4.68131, ""currencyservice"": 257.701475, ""emailservice"": 1.770209, ""frontend"": 26.694387, ""paymentservice"": 0.394782, ""productcatalogservice"": 2.502229, ""recommendationservice"": 2.101924, ""shippingservice"": 0.825476}"
OnlineBoutique,currencyservice,cpu,2,latency-50,"{""adservice"": 0.161958, ""cartservice"": 4.094958, ""checkoutservice"": 5.57436, ""currencyservice"": 227.268256, ""emailservice"": 1.263943, ""frontend"": 29.457165, ""paymentservice"": 0.794765, ""productcatalogservice"": 2.413245, ""recommendationservice"": 2.919, ""shippingservice"": 0.421878}"
OnlineBoutique,currencyservice,cpu,3,latency-50,"{""adservice"": 0.746379, ""cartservice"": 4.410871, ""checkoutservice"": 4.317261, ""currencyservice"": 287.518439, ""emailservice"": 0.804678, ""frontend"": 25.94847, ""paymentservice"": 0.20076, ""productcatalogservice"": 2.465789, ""recommendationservice"": 1.409809, ""shippingservice"": 1.626417}"
OnlineBoutique,currencyservice,delay,1,latency-50,"{""adservice"": 0.385315, ""cartservice"": 1.77745, ""checkoutservice"": 24.037515, ""currencyservice"": 484.238348, ""emailservice"": 1.156608, ""frontend"": 69.502697, ""paymentservice"": 0.096304, ""productcatalogservice"": 0.759148, ""recommendationservice"": 1.303289, ""shippingservice"": 1.246811}"
OnlineBoutique,currencyservice,delay,2,latency-50,"{""adservice"": 0.116792, ""cartservice"": 0.152143, ""checkoutservice"": 154.225518, ""currencyservice"": 1141.179429, ""emailservice"": 0.1316, ""frontend"": 193.44774, ""paymentservice"": 1.119854, ""productcatalogservice"": 0.466059, ""recommendationservice"": 0.348696, ""shippingservice"": 0.353004}"
OnlineBoutique,currencyservice,delay,3,latency-50,"{""adservice"": 0.064118, ""cartservice"": 0.393671, ""checkoutservice"": 286.163221, ""currencyservice"": 1683.327414, ""emailservice"": 0.142276, ""frontend"": 373.117266, ""paymentservice"": 0.196193, ""productcatalogservice"": 1.207747, ""recommendationservice"": 0.892384, ""shippingservice"": 0.197354}"
OnlineBoutique,currencyservice,disk,1,latency-50,"{""adservice"": 0.103489, ""cartservice"": 2.786568, ""checkoutservice"": 25.453596, ""currencyservice"": 98.678949, ""emailservice"": 3.185158, ""frontend"": 63.894523, ""paymentservice"": 3.008401, ""productcatalogservice"": 1.519176, ""recommendationservice"": 5.504586, ""shippingservice"": 0.103296}"
OnlineBoutique,currencyservice,disk,2,latency-50,"{""adservice"": 0.39729, ""cartservice"": 5.904498, ""checkoutservice"": 6.624722, ""currencyservice"": 281.23737, ""emailservice"": 0.381503, ""frontend"": 23.940434, ""paymentservice"": 0.614049, ""productcatalogservice"": 2.149935, ""recommendationservice"": 2.430916, ""shippingservice"": 1.787948}"
OnlineBoutique,currencyservice,disk,3,latency-50,"{""adservice"": 0.311082, ""cartservice"": 7.062396, ""checkoutservice"": 8.164542, ""currencyservice"": 421.552382, ""emailservice"": 0.492142, ""frontend"": 36.548531, ""paymentservice"": 0.338882, ""productcatalogservice"": 1.562261, ""recommendationservice"": 3.848689, ""shippingservice"": 1.867671}"
OnlineBoutique,currencyservice,loss,1,latency-50,"{""cartservice"": 13.970294, ""checkoutservice"": 27.576587, ""frontend"": 145.823347, ""productcatalogservice"": 11.330985}"
OnlineBoutique,currencyservice,loss,2,latency-50,"{""adservice"": 11.20672, ""cartservice"": 19.592528, ""checkoutservice"": 197.250533, ""currencyservice"": 704.557367, ""emailservice"": 1.028917, ""frontend"": 441.890823, ""paymentservice"": 3.390704, ""productcatalogservice"": 5.824152, ""recommendationservice"": 50.579944, ""shippingservice"": 2.707499}"
OnlineBoutique,currencyservice,loss,3,latency-50,"{""cartservice"": 24.438546, ""checkoutservice"": 16.628392, ""currencyservice"": 346.617993, ""emailservice"": 3.797744, ""paymentservice"": 2.239282, ""productcatalogservice"": 6.060599, ""shippingservice"": 2.53506}"
OnlineBoutique,currencyservice,mem,1,latency-50,"{""adservice"": 4.995153, ""cartservice"": 15.319574, ""checkoutservice"": 21.331936, ""currencyservice"": 514.636215, ""emailservice"": 1.640142, ""frontend"": 65.66113, ""paymentservice"": 2.152609, ""productcatalogservice"": 4.518154, ""recommendationservice"": 27.153968, ""shippingservice"": 0.472789}"
OnlineBoutique,currencyservice,mem,2,latency-50,"{""adservice"": 6.084155, ""cartservice"": 22.554124, ""checkoutservice"": 10.434032, ""currencyservice"": 721.640534, ""emailservice"": 0.405049, ""frontend"": 223.069272, ""paymentservice"": 0.307439, ""productcatalogservice"": 6.643993, ""recommendationservice"": 27.515092, ""shippingservice"": 0.768921}"
OnlineBoutique,currencyservice,mem,3,latency-50,"{""adservice"": 3.82437, ""cartservice"": 11.136898, ""checkoutservice"": 11.127972, ""currencyservice"": 436.026578, ""emailservice"": 0.110382, ""frontend"": 79.742673, ""paymentservice"": 2.354236, ""productcatalogservice"": 4.51075, ""recommendationservice"": 14.54473, ""shippingservice"": 1.673844}"
OnlineBoutique,currencyservice,socket,1,workload,"{""adservice"": 0.239044, ""cartservice"": 0.171591, ""checkoutservice"": 0.056013, ""currencyservice"": 0.175205, ""emailservice"": 0.021863, ""frontend"": 0.007966, ""frontend-external"": 0.003379, ""paymentservice"": 0.022761, ""productcatalogservice"": 0.407122, ""recommendationservice"": 0.457516, ""shippingservice"": 0.08066}"
OnlineBoutique,currencyservice,socket,2,latency-50,"{""adservice"": 0.067672, ""cartservice"": 2.826486, ""checkoutservice"": 5.123207, ""currencyservice"": 358.786911, ""emailservice"": 0.414326, ""frontend"": 23.561766, ""paymentservice"": 0.950191, ""productcatalogservice"": 1.801971, ""recommendationservice"": 3.569015, ""shippingservice"": 1.258365}"
OnlineBoutique,currencyservice,socket,3,latency-50,"{""adservice"": 0.319844, ""cartservice"": 9.231409, ""checkoutservice"": 14.070812, ""currencyservice"": 493.386575, ""emailservice"": 1.289931, ""frontend"": 45.685039, ""paymentservice"": 1.872839, ""productcatalogservice"": 3.64094, ""recommendationservice"": 5.454328, ""shippingservice"": 1.746826}"
OnlineBoutique,emailservice,cpu,1,cpu,"{""adservice"": 0.093596, ""cartservice"": 0.583001, ""checkoutservice"": 0.237191, ""currencyservice"": 0.073378, ""emailservice"": 589.018409, ""frontend"": 0.24749, ""paymentservice"": 0.084394, ""productcatalogservice"": 0.193719, ""recommendationservice"": 0.228148, ""redis"": 0.004416, ""shippingservice"": 0.171385}"
OnlineBoutique,emailservice,cpu,2,cpu,"{""cartservice"": 0.347578, ""checkoutservice"": 0.003341, ""currencyservice"": 0.072724, ""emailservice"": 660.262618, ""frontend"": 0.319956, ""paymentservice"": 0.072514, ""productcatalogservice"": 0.047605, ""recommendationservice"": 0.15626, ""redis"": 0.138587, ""shippingservice"": 0.136701}"
OnlineBoutique,emailservice,cpu,3,cpu,"{""cartservice"": 0.084396, ""checkoutservice"": 0.15655, ""currencyservice"": 0.032263, ""emailservice"": 583.140055, ""frontend"": 0.18299, ""paymentservice"": 0.176577, ""productcatalogservice"": 0.014708, ""recommendationservice"": 0.150984, ""redis"": 0.209664, ""shippingservice"": 0.253738}"
OnlineBoutique,emailservice,delay,1,latency-50,"{""adservice"": 0.050991, ""cartservice"": 0.265326, ""checkoutservice"": 10.394746, ""currencyservice"": 0.146478, ""emailservice"": 1619.158347, ""frontend"": 0.124936, ""paymentservice"": 0.125463, ""productcatalogservice"": 0.345121, ""recommendationservice"": 0.438026, ""shippingservice"": 0.429882}"
OnlineBoutique,emailservice,delay,2,latency-50,"{""adservice"": 0.122484, ""cartservice"": 0.309173, ""checkoutservice"": 7.752268, ""currencyservice"": 0.170265, ""emailservice"": 1261.826157, ""frontend"": 0.108096, ""paymentservice"": 0.003385, ""productcatalogservice"": 0.006825, ""recommendationservice"": 0.079113, ""shippingservice"": 0.529517}"
OnlineBoutique,emailservice,delay,3,latency-50,"{""adservice"": 0.01127, ""cartservice"": 0.248017, ""checkoutservice"": 11.040689, ""currencyservice"": 0.035045, ""emailservice"": 1872.88569, ""frontend"": 0.050153, ""paymentservice"": 0.510429, ""productcatalogservice"": 0.067668, ""recommendationservice"": 0.66924, ""shippingservice"": 0.297001}"
OnlineBoutique,emailservice,disk,1,latency-50,"{""adservice"": 0.238957, ""cartservice"": 0.217884, ""checkoutservice"": 0.455058, ""currencyservice"": 1.065467, ""emailservice"": 379.017956, ""frontend"": 0.651419, ""paymentservice"": 0.838529, ""productcatalogservice"": 0.616705, ""recommendationservice"": 0.543952, ""shippingservice"": 0.325666}"
OnlineBoutique,emailservice,disk,2,cpu,"{""adservice"": 0.234581, ""cartservice"": 0.214475, ""checkoutservice"": 0.117747, ""currencyservice"": 0.258865, ""emailservice"": 467.27338, ""frontend"": 0.39145, ""paymentservice"": 0.058284, ""productcatalogservice"": 0.101672, ""recommendationservice"": 0.21057, ""shippingservice"": 0.145023}"
OnlineBoutique,emailservice,disk,3,cpu,"{""adservice"": 0.002907, ""cartservice"": 0.12442, ""checkoutservice"": 0.190587, ""currencyservice"": 0.106362, ""emailservice"": 501.761347, ""frontend"": 0.040023, ""productcatalogservice"": 0.160208, ""recommendationservice"": 0.008481, ""redis"": 0.025682, ""shippingservice"": 0.086072}"
OnlineBoutique,emailservice,loss,1,latency-50,"{""adservice"": 0.246655, ""cartservice"": 0.268075, ""checkoutservice"": 3.040305, ""currencyservice"": 0.172145, ""emailservice"": 192.036629, ""frontend"": 0.422163, ""paymentservice"": 0.292118, ""productcatalogservice"": 0.357472, ""recommendationservice"": 1.001404, ""shippingservice"": 0.259609}"
OnlineBoutique,emailservice,loss,2,latency-50,"{""adservice"": 0.687317, ""cartservice"": 0.816017, ""checkoutservice"": 1.920116, ""currencyservice"": 0.22726, ""emailservice"": 10.53, ""frontend"": 0.370898, ""paymentservice"": 0.103387, ""productcatalogservice"": 0.702615, ""recommendationservice"": 0.81582, ""shippingservice"": 0.768604}"
OnlineBoutique,emailservice,loss,3,latency-50,"{""adservice"": 0.151873, ""cartservice"": 0.17131, ""checkoutservice"": 1.850358, ""currencyservice"": 0.412687, ""emailservice"": 39.157969, ""frontend"": 0.014274, ""paymentservice"": 0.223152, ""productcatalogservice"": 0.281596, ""recommendationservice"": 0.387652, ""shippingservice"": 0.597698}"
OnlineBoutique,emailservice,mem,1,cpu,"{""adservice"": 0.328969, ""cartservice"": 0.031865, ""checkoutservice"": 0.142608, ""currencyservice"": 0.034244, ""emailservice"": 629.725309, ""frontend"": 0.005543, ""paymentservice"": 0.231461, ""redis"": 0.09497, ""shippingservice"": 0.196047}"
OnlineBoutique,emailservice,mem,2,cpu,"{""adservice"": 1.092914, ""checkoutservice"": 0.169947, ""emailservice"": 554.136443, ""paymentservice"": 0.103855, ""productcatalogservice"": 0.578554, ""recommendationservice"": 0.135473, ""redis"": 0.09211, ""shippingservice"": 0.092591}"
OnlineBoutique,emailservice,mem,3,cpu,"{""adservice"": 0.042638, ""cartservice"": 0.119113, ""checkoutservice"": 0.15075, ""currencyservice"": 0.292094, ""emailservice"": 543.466226, ""frontend"": 0.142219, ""paymentservice"": 0.579007, ""productcatalogservice"": 0.182744, ""recommendationservice"": 0.058508, ""redis"": 0.127864, ""shippingservice"": 0.109627}"
OnlineBoutique,emailservice,socket,1,cpu,"{""adservice"": 0.763956, ""cartservice"": 0.28342, ""checkoutservice"": 0.131719, ""currencyservice"": 0.192685, ""emailservice"": 304.988257, ""frontend"": 0.114969, ""paymentservice"": 0.17477, ""productcatalogservice"": 0.027171, ""recommendationservice"": 0.243135, ""redis"": 0.209583, ""shippingservice"": 0.280583}"
OnlineBoutique,emailservice,socket,2,latency-50,"{""adservice"": 0.601552, ""cartservice"": 0.131148, ""checkoutservice"": 1.501019, ""currencyservice"": 0.311936, ""emailservice"": 354.99658, ""frontend"": 0.294751, ""paymentservice"": 1.159694, ""productcatalogservice"": 0.00792, ""recommendationservice"": 0.145603, ""shippingservice"": 0.412133}"
OnlineBoutique,emailservice,socket,3,latency-50,"{""adservice"": 0.087295, ""cartservice"": 0.666099, ""checkoutservice"": 0.783183, ""currencyservice"": 0.563062, ""emailservice"": 706.029834, ""frontend"": 0.477071, ""paymentservice"": 0.040277, ""productcatalogservice"": 0.561047, ""recommendationservice"": 0.584368, ""shippingservice"": 0.951573}"
OnlineBoutique,productcatalogservice,cpu,1,latency-50,"{""adservice"": 1.446889, ""cartservice"": 0.56706, ""checkoutservice"": 0.566715, ""currencyservice"": 2.310868, ""emailservice"": 0.201108, ""frontend"": 1.437373, ""paymentservice"": 0.613882, ""productcatalogservice"": 10.836589, ""recommendationservice"": 130.90335, ""shippingservice"": 0.73901}"
OnlineBoutique,productcatalogservice,cpu,2,cpu,"{""adservice"": 0.784211, ""cartservice"": 0.02275, ""checkoutservice"": 0.231917, ""currencyservice"": 0.57741, ""emailservice"": 0.262053, ""frontend"": 1.116064, ""paymentservice"": 0.089192, ""productcatalogservice"": 46.384052, ""recommendationservice"": 0.067984, ""redis"": 0.291443, ""shippingservice"": 0.177598}"
OnlineBoutique,productcatalogservice,cpu,3,cpu,"{""cartservice"": 0.005009, ""checkoutservice"": 0.000611, ""currencyservice"": 0.934308, ""emailservice"": 0.019055, ""frontend"": 0.687954, ""paymentservice"": 0.004301, ""productcatalogservice"": 46.4777, ""recommendationservice"": 0.457565, ""redis"": 0.175875, ""shippingservice"": 0.204351}"
OnlineBoutique,productcatalogservice,delay,1,latency-50,"{""adservice"": 0.034752, ""cartservice"": 0.789584, ""checkoutservice"": 19.797349, ""currencyservice"": 4.974871, ""emailservice"": 0.682338, ""frontend"": 326.510869, ""paymentservice"": 0.33013, ""productcatalogservice"": 649.527228, ""recommendationservice"": 3241.10116, ""shippingservice"": 0.47078}"
OnlineBoutique,productcatalogservice,delay,2,latency-50,"{""adservice"": 0.02623, ""cartservice"": 0.699269, ""checkoutservice"": 15.422722, ""currencyservice"": 4.303653, ""emailservice"": 0.111356, ""frontend"": 1555.729766, ""paymentservice"": 0.085752, ""productcatalogservice"": 674.875599, ""recommendationservice"": 1463.029509, ""shippingservice"": 0.077325}"
OnlineBoutique,productcatalogservice,delay,3,latency-50,"{""adservice"": 0.017955, ""cartservice"": 1.163752, ""checkoutservice"": 21.64542, ""currencyservice"": 3.377018, ""emailservice"": 0.278693, ""frontend"": 896.171937, ""paymentservice"": 0.228503, ""productcatalogservice"": 846.678104, ""recommendationservice"": 1742.682864, ""shippingservice"": 0.147814}"
OnlineBoutique,productcatalogservice,disk,1,cpu,"{""adservice"": 0.1315, ""cartservice"": 0.744323, ""checkoutservice"": 0.185607, ""currencyservice"": 0.065898, ""emailservice"": 0.02224, ""frontend"": 0.459908, ""paymentservice"": 0.077931, ""productcatalogservice"": 48.036846, ""recommendationservice"": 0.006849, ""redis"": 0.08331, ""shippingservice"": 0.150257}"
OnlineBoutique,productcatalogservice,disk,2,cpu,"{""adservice"": 0.340773, ""checkoutservice"": 0.11539, ""currencyservice"": 1.259113, ""emailservice"": 0.1498, ""frontend"": 1.687922, ""paymentservice"": 0.287354, ""productcatalogservice"": 35.009759, ""redis"": 0.011519, ""shippingservice"": 0.448891}"
OnlineBoutique,productcatalogservice,disk,3,cpu,"{""cartservice"": 0.321407, ""checkoutservice"": 0.552689, ""currencyservice"": 1.13572, ""emailservice"": 0.096077, ""frontend"": 0.683926, ""paymentservice"": 0.002762, ""productcatalogservice"": 42.258872, ""recommendationservice"": 0.102137, ""redis"": 0.461932, ""shippingservice"": 0.257392}"
OnlineBoutique,productcatalogservice,loss,1,latency-50,"{""adservice"": 93.783541, ""cartservice"": 8.047711, ""currencyservice"": 7.425839, ""frontend"": 482.763562, ""paymentservice"": 0.235653, ""productcatalogservice"": 4080.856572, ""recommendationservice"": 20467.338483, ""shippingservice"": 8.526761}"
OnlineBoutique,productcatalogservice,loss,2,cpu,"{""adservice"": 2.505598, ""cartservice"": 4.416355, ""checkoutservice"": 3.08821, ""currencyservice"": 7.319187, ""emailservice"": 1.871615, ""frontend"": 8.301751, ""paymentservice"": 2.967924, ""productcatalogservice"": 6.185088, ""redis"": 2.285371, ""shippingservice"": 4.602126}"
OnlineBoutique,productcatalogservice,loss,3,latency-50,"{""adservice"": 61.987971, ""cartservice"": 13.308925, ""checkoutservice"": 5.646077, ""currencyservice"": 29.518749, ""emailservice"": 1.325797, ""frontend"": 218.943484, ""paymentservice"": 2.882551, ""productcatalogservice"": 159.337848, ""recommendationservice"": 4231.580742, ""shippingservice"": 15.500333}"
OnlineBoutique,productcatalogservice,mem,1,cpu,"{""adservice"": 0.562748, ""cartservice"": 3.287839, ""checkoutservice"": 1.663368, ""currencyservice"": 4.785705, ""emailservice"": 0.608684, ""frontend"": 5.268312, ""paymentservice"": 1.305232, ""productcatalogservice"": 53.234789, ""recommendationservice"": 2.020035, ""redis"": 1.605817, ""shippingservice"": 4.096775}"
OnlineBoutique,productcatalogservice,mem,2,latency-50,"{""adservice"": 87.40061, ""cartservice"": 21.815235, ""checkoutservice"": 5.02454, ""currencyservice"": 91.152735, ""emailservice"": 1.249171, ""frontend"": 379.373045, ""paymentservice"": 1.691829, ""productcatalogservice"": 997.851981, ""recommendationservice"": 1485.127179, ""shippingservice"": 1.18657}"
OnlineBoutique,productcatalogservice,mem,3,cpu,"{""adservice"": 0.157542, ""cartservice"": 3.029825, ""checkoutservice"": 0.761229, ""currencyservice"": 4.182407, ""frontend"": 4.258335, ""paymentservice"": 0.869481, ""productcatalogservice"": 34.707249, ""redis"": 1.67523, ""shippingservice"": 2.270149}"
OnlineBoutique,productcatalogservice,socket,1,cpu,"{""adservice"": 0.930057, ""cartservice"": 0.933876, ""checkoutservice"": 0.07727, ""currencyservice"": 1.692455, ""emailservice"": 0.321416, ""frontend"": 2.567795, ""paymentservice"": 0.012891, ""productcatalogservice"": 50.633933, ""recommendationservice"": 0.488802, ""shippingservice"": 0.788034}"
OnlineBoutique,productcatalogservice,socket,2,latency-50,"{""adservice"": 0.393736, ""cartservice"": 0.325601, ""checkoutservice"": 0.7041, ""currencyservice"": 0.245428, ""emailservice"": 0.280127, ""frontend"": 17.260083, ""paymentservice"": 0.569002, ""productcatalogservice"": 11.091189, ""recommendationservice"": 129.834714, ""shippingservice"": 0.540332}"
OnlineBoutique,productcatalogservice,socket,3,latency-50,"{""adservice"": 0.325268, ""cartservice"": 0.58392, ""checkoutservice"": 0.676839, ""currencyservice"": 1.343659, ""emailservice"": 0.30857, ""frontend"": 26.597967, ""paymentservice"": 0.652415, ""productcatalogservice"": 4.590764, ""recommendationservice"": 152.856118, ""shippingservice"": 0.781078}"
OnlineBoutique,recommendationservice,cpu,1,latency-50,"{""adservice"": 1.230197, ""cartservice"": 0.577393, ""checkoutservice"": 0.165651, ""currencyservice"": 0.955216, ""emailservice"": 1.122306, ""frontend"": 6.831017, ""paymentservice"": 0.875734, ""productcatalogservice"": 0.596949, ""recommendationservice"": 964.298816, ""shippingservice"": 0.682712}"
OnlineBoutique,recommendationservice,cpu,2,latency-50,"{""adservice"": 0.023359, ""cartservice"": 1.687032, ""checkoutservice"": 0.945772, ""currencyservice"": 1.079414, ""emailservice"": 0.539778, ""frontend"": 26.672558, ""paymentservice"": 0.421008, ""productcatalogservice"": 1.734823, ""recommendationservice"": 1001.150447, ""shippingservice"": 0.264374}"
OnlineBoutique,recommendationservice,cpu,3,latency-50,"{""adservice"": 0.266601, ""cartservice"": 0.262701, ""checkoutservice"": 0.781032, ""currencyservice"": 1.073083, ""emailservice"": 0.809902, ""frontend"": 20.021576, ""paymentservice"": 0.116441, ""productcatalogservice"": 1.391887, ""recommendationservice"": 591.930889, ""shippingservice"": 0.746313}"
OnlineBoutique,recommendationservice,delay,1,latency-50,"{""adservice"": 0.343375, ""cartservice"": 0.643232, ""checkoutservice"": 0.671074, ""currencyservice"": 2.904066, ""emailservice"": 0.123142, ""frontend"": 69.415863, ""paymentservice"": 0.092805, ""productcatalogservice"": 2.693367, ""recommendationservice"": 4201.680215, ""shippingservice"": 0.039358}"
OnlineBoutique,recommendationservice,delay,2,latency-50,"{""adservice"": 0.028196, ""cartservice"": 0.129183, ""checkoutservice"": 0.39132, ""currencyservice"": 1.245946, ""emailservice"": 0.325247, ""frontend"": 136.763945, ""paymentservice"": 0.176417, ""productcatalogservice"": 2.335533, ""recommendationservice"": 4525.437883, ""shippingservice"": 0.095195}"
OnlineBoutique,recommendationservice,delay,3,latency-50,"{""adservice"": 0.393303, ""cartservice"": 0.258517, ""checkoutservice"": 0.558866, ""currencyservice"": 1.369576, ""emailservice"": 0.417714, ""frontend"": 126.945579, ""paymentservice"": 0.539192, ""productcatalogservice"": 2.758235, ""recommendationservice"": 4437.767958, ""shippingservice"": 1.086817}"
OnlineBoutique,recommendationservice,disk,1,latency-50,"{""adservice"": 0.142327, ""cartservice"": 0.236703, ""checkoutservice"": 0.189716, ""currencyservice"": 2.028765, ""emailservice"": 1.220058, ""frontend"": 1.443083, ""paymentservice"": 0.179434, ""productcatalogservice"": 2.031744, ""recommendationservice"": 496.27894, ""shippingservice"": 0.542736}"
OnlineBoutique,recommendationservice,disk,2,cpu,"{""adservice"": 0.185747, ""checkoutservice"": 0.06396, ""currencyservice"": 0.10371, ""frontend"": 0.5126, ""recommendationservice"": 64.641558, ""redis"": 0.3627, ""shippingservice"": 0.399464}"
OnlineBoutique,recommendationservice,disk,3,latency-50,"{""adservice"": 0.928501, ""cartservice"": 1.588767, ""checkoutservice"": 0.905008, ""currencyservice"": 1.149716, ""emailservice"": 0.325594, ""frontend"": 11.83089, ""paymentservice"": 0.689122, ""productcatalogservice"": 0.402288, ""recommendationservice"": 840.503305, ""shippingservice"": 1.505058}"
OnlineBoutique,recommendationservice,loss,2,latency-50,"{""adservice"": 7.695338, ""cartservice"": 1.420582, ""checkoutservice"": 0.494319, ""currencyservice"": 2.155697, ""emailservice"": 0.05896, ""frontend"": 79.020669, ""paymentservice"": 0.359085, ""productcatalogservice"": 7.894019, ""recommendationservice"": 5014.623551, ""shippingservice"": 1.614099}"
OnlineBoutique,recommendationservice,loss,3,latency-50,"{""adservice"": 0.470883, ""cartservice"": 0.207035, ""currencyservice"": 0.521717, ""frontend"": 18.14975, ""productcatalogservice"": 10.986312}"
OnlineBoutique,recommendationservice,mem,1,latency-50,"{""adservice"": 0.576231, ""cartservice"": 0.437548, ""checkoutservice"": 0.80629, ""currencyservice"": 1.153692, ""emailservice"": 1.826564, ""frontend"": 10.211748, ""paymentservice"": 0.534661, ""productcatalogservice"": 0.998311, ""recommendationservice"": 1124.004903, ""shippingservice"": 0.528563}"
OnlineBoutique,recommendationservice,mem,2,latency-50,"{""adservice"": 1.873532, ""cartservice"": 2.0104, ""checkoutservice"": 0.15631, ""currencyservice"": 1.054485, ""emailservice"": 0.270635, ""frontend"": 21.165552, ""paymentservice"": 2.245429, ""productcatalogservice"": 1.530479, ""recommendationservice"": 1211.734835, ""shippingservice"": 0.647509}"
OnlineBoutique,recommendationservice,mem,3,latency-50,"{""adservice"": 1.222898, ""cartservice"": 1.509298, ""checkoutservice"": 1.294721, ""currencyservice"": 0.347219, ""emailservice"": 0.562328, ""frontend"": 40.256573, ""paymentservice"": 1.656213, ""productcatalogservice"": 5.239357, ""recommendationservice"": 1077.588646, ""shippingservice"": 1.388478}"
OnlineBoutique,recommendationservice,socket,1,latency-50,"{""adservice"": 0.479673, ""cartservice"": 0.00586, ""checkoutservice"": 0.788164, ""currencyservice"": 0.956474, ""emailservice"": 0.409714, ""frontend"": 35.187269, ""paymentservice"": 2.211766, ""productcatalogservice"": 4.882719, ""recommendationservice"": 4798.909934, ""shippingservice"": 0.568588}"
OnlineBoutique,recommendationservice,socket,2,latency-50,"{""adservice"": 0.247706, ""cartservice"": 0.727245, ""checkoutservice"": 0.511183, ""currencyservice"": 0.022194, ""emailservice"": 0.196605, ""frontend"": 6.068073, ""paymentservice"": 0.119442, ""productcatalogservice"": 0.094054, ""recommendationservice"": 245.607637, ""shippingservice"": 0.064585}"
OnlineBoutique,recommendationservice,socket,3,latency-50,"{""adservice"": 0.131317, ""cartservice"": 0.153521, ""checkoutservice"": 0.328347, ""currencyservice"": 0.137024, ""emailservice"": 0.254783, ""frontend"": 2.6475, ""paymentservice"": 0.357255, ""productcatalogservice"": 0.29898, ""recommendationservice"": 63.112587, ""shippingservice"": 0.498129}"
TrainTicket,ts-auth-service,cpu,1,latency-50,"{""ts-admin-basic-info-service"": 2.148849, ""ts-auth-service"": 42.558584, ""ts-basic-service"": 0.751374, ""ts-config-service"": 4.015813, ""ts-consign-price-service"": 0.2025, ""ts-food-map-service"": 2.441073, ""ts-food-service"": 0.564262, ""ts-inside-payment-service"": 0.287181, ""ts-order-other-service"": 0.922163, ""ts-order-service"": 0.327375, ""ts-price-service"": 1.738788, ""ts-route-service"": 2.072695, ""ts-seat-service"": 1.409638, ""ts-station-service"": 1.394175, ""ts-ticketinfo-service"": 3.795938, ""ts-train-service"": 2.321922, ""ts-travel-service"": 2.385772, ""ts-travel2-service"": 5.558566, ""ts-ui-dashboard"": 11.33198}"
TrainTicket,ts-auth-service,cpu,2,cpu,"{""ts-admin-basic-info-service"": 0.129889, ""ts-admin-order-service"": 0.805897, ""ts-admin-route-service"": 0.285494, ""ts-admin-user-service"": 0.181353, ""ts-assurance-mongo"": 0.039147, ""ts-assurance-service"": 0.579436, ""ts-auth-service"": 17.643639, ""ts-avatar-service"": 0.001404, ""ts-basic-service"": 0.814733, ""ts-cancel-service"": 0.198952, ""ts-config-mongo"": 0.156526, ""ts-config-service"": 0.632747, ""ts-consign-mongo"": 0.029936, ""ts-consign-price-mongo"": 0.100103, ""ts-consign-price-service"": 0.406218, ""ts-consign-service"": 0.449624, ""ts-contacts-mongo"": 0.012491, ""ts-contacts-service"": 0.040764, ""ts-execute-service"": 0.056298, ""ts-food-map-mongo"": 0.099059, ""ts-food-map-service"": 0.600602, ""ts-food-mongo"": 0.253243, ""ts-food-mysql"": 0.726706, ""ts-food-service"": 0.273675, ""ts-inside-payment-mongo"": 0.373892, ""ts-inside-payment-service"": 0.30996, ""ts-notification-mongo"": 0.130406, ""ts-notification-service"": 0.089009, ""ts-order-mongo"": 0.002414, ""ts-order-other-mongo"": 0.000884, ""ts-order-other-service"": 0.116337, ""ts-order-service"": 0.108342, ""ts-payment-mongo"": 0.064929, ""ts-payment-service"": 0.165309, ""ts-preserve-mongo"": 0.053278, ""ts-preserve-other-mongo"": 0.10064, ""ts-preserve-other-service"": 0.422812, ""ts-preserve-service"": 0.052497, ""ts-price-mongo"": 0.17841, ""ts-price-service"": 0.320565, ""ts-rebook-service"": 0.001741, ""ts-route-mongo"": 0.340113, ""ts-route-plan-service"": 0.126534, ""ts-route-service"": 0.338315, ""ts-seat-service"": 2.414608, ""ts-station-service"": 1.11776, ""ts-ticket-office-mongo"": 0.198988, ""ts-ticket-office-service"": 0.211677, ""ts-train-mongo"": 0.362852, ""ts-train-service"": 0.223304, ""ts-travel-mongo"": 0.220294, ""ts-travel-plan-service"": 0.004487, ""ts-travel-service"": 3.269318, ""ts-travel2-mongo"": 0.133323, ""ts-travel2-service"": 0.18188, ""ts-ui-dashboard"": 0.162707, ""ts-user-mongo"": 0.017311, ""ts-user-service"": 0.361005, ""ts-verification-code-service"": 0.151845, ""ts-voucher-mysql"": 0.169246, ""ts-voucher-service"": 0.220544}"
TrainTicket,ts-auth-service,cpu,3,latency-50,"{""ts-admin-basic-info-service"": 0.109681, ""ts-assurance-service"": 0.46428, ""ts-auth-service"": 21.345374, ""ts-basic-service"": 1.537799, ""ts-config-service"": 0.780531, ""ts-contacts-service"": 0.196988, ""ts-food-map-service"": 0.06909, ""ts-food-service"": 0.063672, ""ts-inside-payment-service"": 0.168883, ""ts-order-other-service"": 1.803131, ""ts-order-service"": 2.210121, ""ts-price-service"": 0.066784, ""ts-route-service"": 2.090856, ""ts-seat-service"": 2.814607, ""ts-security-service"": 0.112827, ""ts-station-service"": 2.41655, ""ts-ticketinfo-service"": 1.204336, ""ts-train-service"": 0.646051, ""ts-travel-service"": 0.203266, ""ts-travel2-service"": 1.024521, ""ts-ui-dashboard"": 6.407637, ""ts-user-service"": 0.481482}"
TrainTicket,ts-auth-service,delay,1,latency-50,"{""ts-admin-basic-info-service"": 5.632926, ""ts-assurance-service"": 0.393983, ""ts-auth-service"": 126.271317, ""ts-basic-service"": 1.599423, ""ts-config-service"": 2.86706, ""ts-consign-price-service"": 0.273036, ""ts-consign-service"": 0.211024, ""ts-contacts-service"": 1.026336, ""ts-food-map-service"": 4.268455, ""ts-food-service"": 0.493964, ""ts-inside-payment-service"": 0.035254, ""ts-order-other-service"": 0.421515, ""ts-order-service"": 0.237018, ""ts-price-service"": 1.445074, ""ts-route-service"": 2.784951, ""ts-seat-service"": 1.311788, ""ts-security-service"": 0.748394, ""ts-station-service"": 2.04999, ""ts-ticketinfo-service"": 5.191353, ""ts-train-service"": 2.898439, ""ts-travel-service"": 4.477708, ""ts-travel2-service"": 9.434415, ""ts-ui-dashboard"": 21.196561, ""ts-user-service"": 0.412213}"
TrainTicket,ts-auth-service,delay,2,latency-50,"{""ts-admin-basic-info-service"": 0.258569, ""ts-admin-travel-service"": 0.533801, ""ts-auth-service"": 9.230436, ""ts-basic-service"": 0.644077, ""ts-config-service"": 1.876178, ""ts-consign-price-service"": 3.056237, ""ts-consign-service"": 1.553473, ""ts-food-map-service"": 0.578196, ""ts-food-service"": 1.687183, ""ts-order-other-service"": 1.634553, ""ts-order-service"": 1.51607, ""ts-price-service"": 3.127483, ""ts-route-service"": 0.956879, ""ts-seat-service"": 0.951066, ""ts-station-service"": 0.675312, ""ts-ticketinfo-service"": 1.63839, ""ts-train-service"": 1.870051, ""ts-travel-service"": 1.841883, ""ts-travel2-service"": 3.475713, ""ts-ui-dashboard"": 2.356064}"
TrainTicket,ts-auth-service,delay,3,latency-50,"{""ts-admin-basic-info-service"": 0.317243, ""ts-admin-travel-service"": 0.46882, ""ts-assurance-service"": 0.559109, ""ts-auth-service"": 8.461346, ""ts-basic-service"": 0.332411, ""ts-config-service"": 1.066273, ""ts-contacts-service"": 1.771935, ""ts-food-map-service"": 0.946771, ""ts-food-service"": 1.212879, ""ts-order-other-service"": 0.548455, ""ts-order-service"": 0.369557, ""ts-price-service"": 0.635237, ""ts-route-service"": 1.068203, ""ts-seat-service"": 0.622791, ""ts-security-service"": 0.177019, ""ts-station-service"": 0.564282, ""ts-ticketinfo-service"": 0.345272, ""ts-train-service"": 0.475306, ""ts-travel-service"": 0.428749, ""ts-travel2-service"": 0.372365, ""ts-ui-dashboard"": 0.65794, ""ts-user-service"": 1.062333}"
TrainTicket,ts-auth-service,disk,1,latency-50,"{""ts-admin-basic-info-service"": 0.554825, ""ts-admin-travel-service"": 0.179272, ""ts-assurance-service"": 0.636433, ""ts-basic-service"": 1.086958, ""ts-config-service"": 2.122306, ""ts-contacts-service"": 1.06073, ""ts-food-map-service"": 0.583107, ""ts-food-service"": 1.243857, ""ts-order-other-service"": 1.360106, ""ts-order-service"": 2.41021, ""ts-price-service"": 1.17042, ""ts-route-service"": 0.632706, ""ts-seat-service"": 0.727946, ""ts-station-service"": 0.875131, ""ts-ticketinfo-service"": 0.156945, ""ts-train-service"": 0.075363, ""ts-travel-service"": 0.52797, ""ts-travel2-service"": 0.417631, ""ts-ui-dashboard"": 1.372254}"
TrainTicket,ts-auth-service,disk,2,latency-50,"{""ts-admin-basic-info-service"": 0.390797, ""ts-admin-travel-service"": 0.758027, ""ts-assurance-service"": 0.531022, ""ts-auth-service"": 22.164657, ""ts-basic-service"": 0.617746, ""ts-config-service"": 2.448126, ""ts-consign-price-service"": 4.066618, ""ts-consign-service"": 0.73836, ""ts-contacts-service"": 1.879962, ""ts-food-map-service"": 0.961347, ""ts-food-service"": 3.567486, ""ts-order-other-service"": 1.62648, ""ts-order-service"": 2.226918, ""ts-price-service"": 1.705503, ""ts-route-service"": 1.146258, ""ts-seat-service"": 0.993734, ""ts-security-service"": 0.588541, ""ts-station-service"": 0.897903, ""ts-ticketinfo-service"": 1.958685, ""ts-train-service"": 2.196844, ""ts-travel-service"": 2.335475, ""ts-travel2-service"": 3.225276, ""ts-ui-dashboard"": 2.584488, ""ts-user-service"": 1.220645}"
TrainTicket,ts-auth-service,disk,3,latency-50,"{""ts-admin-basic-info-service"": 1.183542, ""ts-admin-travel-service"": 0.663384, ""ts-assurance-service"": 1.176074, ""ts-auth-service"": 28.969777, ""ts-basic-service"": 0.328673, ""ts-config-service"": 1.240721, ""ts-consign-price-service"": 0.504945, ""ts-contacts-service"": 0.143786, ""ts-food-map-service"": 0.210289, ""ts-food-service"": 0.002003, ""ts-inside-payment-service"": 0.166366, ""ts-order-other-service"": 0.634915, ""ts-order-service"": 0.224213, ""ts-price-service"": 1.60717, ""ts-route-service"": 0.189949, ""ts-seat-service"": 0.191431, ""ts-security-service"": 0.409566, ""ts-station-service"": 0.657147, ""ts-ticketinfo-service"": 0.102141, ""ts-train-service"": 1.764061, ""ts-travel-service"": 0.387737, ""ts-travel2-service"": 0.189778, ""ts-ui-dashboard"": 5.048623, ""ts-user-service"": 0.223535}"
TrainTicket,ts-auth-service,loss,1,latency-50,"{""ts-admin-basic-info-service"": 0.154432, ""ts-admin-travel-service"": 0.26793, ""ts-assurance-service"": 0.008092, ""ts-auth-service"": 1.630846, ""ts-basic-service"": 1.421973, ""ts-config-service"": 0.820107, ""ts-consign-price-service"": 0.56669, ""ts-consign-service"": 0.195322, ""ts-contacts-service"": 0.801143, ""ts-food-map-service"": 0.175226, ""ts-food-service"": 0.298743, ""ts-inside-payment-service"": 0.392421, ""ts-order-other-service"": 2.723416, ""ts-order-service"": 0.015121, ""ts-preserve-service"": 0.327717, ""ts-price-service"": 2.497532, ""ts-route-service"": 0.180699, ""ts-seat-service"": 0.174052, ""ts-security-service"": 0.093098, ""ts-station-service"": 0.458432, ""ts-ticketinfo-service"": 2.697266, ""ts-train-service"": 0.066317, ""ts-travel-service"": 0.168796, ""ts-travel2-service"": 0.29024, ""ts-ui-dashboard"": 1.114423, ""ts-user-service"": 0.389702}"
TrainTicket,ts-auth-service,loss,2,latency-50,"{""ts-admin-basic-info-service"": 2.944749, ""ts-admin-travel-service"": 0.274667, ""ts-assurance-service"": 1.192868, ""ts-auth-service"": 1.056939, ""ts-basic-service"": 0.027038, ""ts-config-service"": 0.693025, ""ts-consign-price-service"": 0.100647, ""ts-consign-service"": 0.022672, ""ts-contacts-service"": 0.276066, ""ts-food-map-service"": 3.81767, ""ts-food-service"": 0.051129, ""ts-inside-payment-service"": 0.106926, ""ts-order-other-service"": 0.34431, ""ts-order-service"": 0.95064, ""ts-price-service"": 3.109568, ""ts-route-service"": 0.076828, ""ts-seat-service"": 0.492458, ""ts-security-service"": 0.756857, ""ts-station-service"": 0.107841, ""ts-ticketinfo-service"": 0.616649, ""ts-train-service"": 0.267756, ""ts-travel-service"": 1.077144, ""ts-travel2-service"": 0.573827, ""ts-ui-dashboard"": 1.128814, ""ts-user-service"": 1.116734}"
TrainTicket,ts-auth-service,loss,3,latency-50,"{""ts-admin-basic-info-service"": 0.164262, ""ts-auth-service"": 0.795584, ""ts-basic-service"": 2.202726, ""ts-config-service"": 0.991842, ""ts-food-map-service"": 0.200775, ""ts-food-service"": 0.223859, ""ts-inside-payment-service"": 0.560147, ""ts-order-other-service"": 1.13083, ""ts-order-service"": 1.253074, ""ts-price-service"": 0.055817, ""ts-route-service"": 1.82643, ""ts-seat-service"": 2.808592, ""ts-security-service"": 0.018188, ""ts-station-service"": 1.369531, ""ts-ticketinfo-service"": 1.068462, ""ts-train-service"": 0.909225, ""ts-travel-service"": 1.225078, ""ts-travel2-service"": 1.283534, ""ts-ui-dashboard"": 1.123184}"
TrainTicket,ts-auth-service,mem,1,latency-50,"{""ts-admin-basic-info-service"": 0.695907, ""ts-admin-travel-service"": 130037022545089.94, ""ts-assurance-service"": 0.104961, ""ts-auth-service"": 57.683291, ""ts-basic-service"": 2.274612, ""ts-config-service"": 0.192982, ""ts-consign-price-service"": 0.385492, ""ts-consign-service"": 0.085371, ""ts-contacts-service"": 1.213305, ""ts-food-map-service"": 0.147165, ""ts-food-service"": 0.946173, ""ts-inside-payment-service"": 0.878186, ""ts-order-other-service"": 0.54325, ""ts-order-service"": 0.10085, ""ts-price-service"": 0.144352, ""ts-route-service"": 1.128977, ""ts-seat-service"": 1.512086, ""ts-security-service"": 1.003065, ""ts-station-service"": 2.716148, ""ts-ticketinfo-service"": 0.590825, ""ts-train-service"": 0.183874, ""ts-travel-service"": 0.276712, ""ts-travel2-service"": 0.916267, ""ts-ui-dashboard"": 10.63941, ""ts-user-service"": 7.878967}"
TrainTicket,ts-auth-service,mem,2,latency-50,"{""ts-admin-basic-info-service"": 0.194293, ""ts-admin-travel-service"": 301431745220766.75, ""ts-auth-service"": 53.504477, ""ts-basic-service"": 1.62575, ""ts-config-service"": 7.560173, ""ts-food-map-service"": 0.862698, ""ts-food-service"": 1.807927, ""ts-inside-payment-service"": 0.185825, ""ts-order-other-service"": 0.062611, ""ts-order-service"": 0.586052, ""ts-price-service"": 0.203208, ""ts-route-service"": 2.052034, ""ts-seat-service"": 2.348914, ""ts-station-service"": 1.186653, ""ts-ticketinfo-service"": 1.277288, ""ts-train-service"": 1.936581, ""ts-travel-service"": 0.448604, ""ts-travel2-service"": 2.902963, ""ts-ui-dashboard"": 9.847356}"
TrainTicket,ts-auth-service,mem,3,latency-50,"{""ts-admin-basic-info-service"": 0.302156, ""ts-admin-travel-service"": 0.501478, ""ts-assurance-service"": 1.051995, ""ts-auth-service"": 18.791327, ""ts-basic-service"": 0.4428, ""ts-config-service"": 0.685463, ""ts-contacts-service"": 0.20364, ""ts-food-map-service"": 1.464103, ""ts-food-service"": 0.556306, ""ts-inside-payment-service"": 0.219587, ""ts-order-other-service"": 0.408752, ""ts-order-service"": 0.583276, ""ts-price-service"": 0.51534, ""ts-route-service"": 0.740591, ""ts-seat-service"": 0.587396, ""ts-security-service"": 0.188982, ""ts-station-service"": 0.572356, ""ts-ticketinfo-service"": 0.293724, ""ts-train-service"": 0.435031, ""ts-travel-service"": 0.337381, ""ts-travel2-service"": 0.287737, ""ts-ui-dashboard"": 0.538792}"
TrainTicket,ts-auth-service,socket,1,latency-50,"{""ts-admin-basic-info-service"": 0.131608, ""ts-assurance-service"": 0.674366, ""ts-auth-service"": 38.325413, ""ts-basic-service"": 0.0831, ""ts-config-service"": 0.000538, ""ts-consign-price-service"": 0.157821, ""ts-consign-service"": 0.310302, ""ts-contacts-service"": 0.518831, ""ts-food-map-service"": 0.786674, ""ts-food-service"": 0.131725, ""ts-inside-payment-service"": 0.126985, ""ts-order-other-service"": 3.827697, ""ts-order-service"": 1.709224, ""ts-price-service"": 1.197103, ""ts-route-service"": 1.948628, ""ts-seat-service"": 2.868177, ""ts-security-service"": 0.028537, ""ts-station-service"": 0.595703, ""ts-ticketinfo-service"": 0.194332, ""ts-train-service"": 1.059971, ""ts-travel-service"": 0.757641, ""ts-travel2-service"": 0.80852, ""ts-ui-dashboard"": 7.1498, ""ts-user-service"": 0.082717}"
TrainTicket,ts-auth-service,socket,2,latency-50,"{""ts-admin-basic-info-service"": 0.511173, ""ts-admin-travel-service"": 0.24145, ""ts-auth-service"": 47.078083, ""ts-basic-service"": 0.582531, ""ts-config-service"": 0.267276, ""ts-consign-price-service"": 0.746846, ""ts-consign-service"": 0.096889, ""ts-food-map-service"": 0.148705, ""ts-food-service"": 0.049602, ""ts-inside-payment-service"": 0.258742, ""ts-order-other-service"": 1.856799, ""ts-order-service"": 0.043604, ""ts-price-service"": 1.95368, ""ts-route-service"": 0.849681, ""ts-seat-service"": 0.954049, ""ts-station-service"": 1.081015, ""ts-ticketinfo-service"": 0.379292, ""ts-train-service"": 0.653084, ""ts-travel-service"": 0.552295, ""ts-travel2-service"": 0.462929, ""ts-ui-dashboard"": 8.36824}"
TrainTicket,ts-auth-service,socket,3,latency-50,"{""ts-admin-basic-info-service"": 0.418287, ""ts-admin-travel-service"": 0.211699, ""ts-assurance-service"": 0.607533, ""ts-auth-service"": 74.815273, ""ts-basic-service"": 0.571971, ""ts-config-service"": 2.113901, ""ts-contacts-service"": 0.359432, ""ts-food-map-service"": 0.243066, ""ts-food-service"": 0.546124, ""ts-inside-payment-service"": 0.477898, ""ts-order-other-service"": 1.887495, ""ts-order-service"": 0.165635, ""ts-price-service"": 0.561997, ""ts-route-service"": 0.208841, ""ts-seat-service"": 0.616936, ""ts-security-service"": 0.078833, ""ts-station-service"": 0.618701, ""ts-ticketinfo-service"": 0.564371, ""ts-train-service"": 1.311445, ""ts-travel-service"": 0.212527, ""ts-travel2-service"": 0.38654, ""ts-ui-dashboard"": 10.959442, ""ts-user-service"": 0.823774}"
TrainTicket,ts-order-service,cpu,1,latency-50,"{""ts-admin-basic-info-service"": 0.411092, ""ts-admin-travel-service"": 0.485936, ""ts-auth-service"": 0.709525, ""ts-basic-service"": 0.386928, ""ts-config-service"": 0.689187, ""ts-food-map-service"": 0.984401, ""ts-food-service"": 0.572859, ""ts-inside-payment-service"": 0.115791, ""ts-order-other-service"": 0.477096, ""ts-order-service"": 5.638878, ""ts-price-service"": 0.620809, ""ts-route-service"": 0.418789, ""ts-seat-service"": 0.501578, ""ts-station-service"": 0.682693, ""ts-ticketinfo-service"": 0.308432, ""ts-train-service"": 0.370579, ""ts-travel-service"": 0.43862, ""ts-travel2-service"": 0.307697, ""ts-ui-dashboard"": 0.409022}"
TrainTicket,ts-order-service,cpu,2,latency-50,"{""ts-admin-basic-info-service"": 0.483603, ""ts-admin-travel-service"": 0.503648, ""ts-assurance-service"": 0.188807, ""ts-auth-service"": 0.916183, ""ts-basic-service"": 1.175506, ""ts-config-service"": 0.005304, ""ts-consign-price-service"": 0.62835, ""ts-consign-service"": 1.023964, ""ts-contacts-service"": 0.799027, ""ts-food-map-service"": 2.713873, ""ts-food-service"": 0.643255, ""ts-inside-payment-service"": 0.94206, ""ts-order-other-service"": 2.375269, ""ts-order-service"": 92.697181, ""ts-price-service"": 0.851827, ""ts-route-service"": 1.747652, ""ts-seat-service"": 9.786144, ""ts-security-service"": 11.004353, ""ts-station-service"": 0.84244, ""ts-ticketinfo-service"": 1.056801, ""ts-train-service"": 1.940724, ""ts-travel-service"": 0.064154, ""ts-travel2-service"": 0.243184, ""ts-ui-dashboard"": 1.437446, ""ts-user-service"": 0.674122}"
TrainTicket,ts-order-service,cpu,3,latency-50,"{""ts-admin-basic-info-service"": 0.294137, ""ts-admin-travel-service"": 0.39174, ""ts-assurance-service"": 0.278361, ""ts-auth-service"": 0.109025, ""ts-basic-service"": 0.835357, ""ts-config-service"": 0.765, ""ts-consign-price-service"": 0.296182, ""ts-consign-service"": 0.0462, ""ts-contacts-service"": 0.140346, ""ts-food-map-service"": 0.665206, ""ts-food-service"": 0.137754, ""ts-order-other-service"": 1.432764, ""ts-order-service"": 36.866156, ""ts-price-service"": 0.20125, ""ts-route-service"": 0.026387, ""ts-seat-service"": 12.043082, ""ts-station-service"": 1.147192, ""ts-ticketinfo-service"": 1.626449, ""ts-train-service"": 0.54037, ""ts-travel-service"": 1.062991, ""ts-travel2-service"": 0.421954, ""ts-ui-dashboard"": 0.560642}"
TrainTicket,ts-order-service,delay,1,latency-50,"{""ts-admin-basic-info-service"": 0.889758, ""ts-auth-service"": 0.542588, ""ts-basic-service"": 0.916666, ""ts-config-service"": 0.816301, ""ts-food-map-service"": 0.611958, ""ts-food-service"": 0.829071, ""ts-order-other-service"": 0.017049, ""ts-order-service"": 435.587955, ""ts-price-service"": 0.875421, ""ts-route-service"": 0.853206, ""ts-seat-service"": 8.011908, ""ts-station-service"": 0.703926, ""ts-ticketinfo-service"": 0.868874, ""ts-train-service"": 1.472196, ""ts-travel-service"": 0.69205, ""ts-travel2-service"": 1.205091, ""ts-ui-dashboard"": 0.5872}"
TrainTicket,ts-order-service,delay,2,latency-50,"{""ts-admin-basic-info-service"": 0.024753, ""ts-admin-travel-service"": 0.529786, ""ts-auth-service"": 0.794534, ""ts-basic-service"": 3.348163, ""ts-config-service"": 1.037739, ""ts-consign-price-service"": 1.574077, ""ts-consign-service"": 1.744045, ""ts-food-map-service"": 0.922935, ""ts-food-service"": 7.253903, ""ts-order-service"": 89.899974, ""ts-price-service"": 0.841488, ""ts-route-service"": 1.902054, ""ts-station-service"": 3.97896, ""ts-ticketinfo-service"": 0.733652, ""ts-train-service"": 1.144015, ""ts-travel-service"": 1.628619, ""ts-travel2-service"": 1.979824, ""ts-ui-dashboard"": 0.480547}"
TrainTicket,ts-order-service,delay,3,latency-50,"{""ts-admin-basic-info-service"": 0.173062, ""ts-admin-travel-service"": 0.060221, ""ts-assurance-service"": 1.167714, ""ts-auth-service"": 0.311871, ""ts-basic-service"": 0.141465, ""ts-config-service"": 0.402503, ""ts-consign-price-service"": 0.446686, ""ts-consign-service"": 0.152047, ""ts-food-map-service"": 5.829848, ""ts-food-service"": 0.17654, ""ts-inside-payment-service"": 19.356394, ""ts-order-other-service"": 0.365086, ""ts-order-service"": 197.772272, ""ts-price-service"": 0.002117, ""ts-route-service"": 0.216062, ""ts-station-service"": 0.258913, ""ts-ticketinfo-service"": 0.632055, ""ts-train-service"": 0.483067, ""ts-travel-service"": 0.187623, ""ts-travel2-service"": 0.054562, ""ts-ui-dashboard"": 1.459472}"
TrainTicket,ts-order-service,disk,1,latency-50,"{""ts-admin-basic-info-service"": 0.480238, ""ts-admin-travel-service"": 0.178898, ""ts-auth-service"": 0.191955, ""ts-basic-service"": 1.143774, ""ts-config-service"": 0.53833, ""ts-consign-price-service"": 0.06086, ""ts-consign-service"": 0.066161, ""ts-food-map-service"": 0.565075, ""ts-food-service"": 0.470582, ""ts-order-other-service"": 0.24316, ""ts-price-service"": 0.454191, ""ts-route-service"": 2.226041, ""ts-seat-service"": 1.717737, ""ts-station-service"": 0.157008, ""ts-ticketinfo-service"": 0.15527, ""ts-train-service"": 1.71213, ""ts-travel-service"": 0.303811, ""ts-travel2-service"": 0.67414, ""ts-ui-dashboard"": 0.28616}"
TrainTicket,ts-order-service,disk,2,latency-50,"{""ts-admin-basic-info-service"": 0.187734, ""ts-admin-travel-service"": 0.394345, ""ts-assurance-service"": 2.587841, ""ts-auth-service"": 0.462163, ""ts-basic-service"": 0.190065, ""ts-config-service"": 0.024948, ""ts-consign-price-service"": 0.349993, ""ts-consign-service"": 0.197811, ""ts-food-map-service"": 0.097206, ""ts-food-service"": 0.299875, ""ts-inside-payment-service"": 0.155366, ""ts-order-other-service"": 0.659059, ""ts-price-service"": 0.208613, ""ts-route-service"": 0.830441, ""ts-station-service"": 0.701107, ""ts-ticketinfo-service"": 0.812153, ""ts-train-service"": 0.414821, ""ts-travel-service"": 0.59425, ""ts-travel2-service"": 0.129106, ""ts-ui-dashboard"": 0.422385}"
TrainTicket,ts-order-service,disk,3,cpu,"{""ts-admin-basic-info-service"": 1.106438, ""ts-admin-order-service"": 0.438793, ""ts-admin-route-service"": 0.475799, ""ts-admin-travel-service"": 0.600096, ""ts-admin-user-service"": 0.408957, ""ts-assurance-mongo"": 0.906431, ""ts-assurance-service"": 0.385649, ""ts-auth-mongo"": 0.1249, ""ts-auth-service"": 0.33315, ""ts-avatar-service"": 0.141638, ""ts-basic-service"": 0.422239, ""ts-cancel-service"": 0.331552, ""ts-config-mongo"": 0.104864, ""ts-config-service"": 0.184493, ""ts-consign-mongo"": 0.164827, ""ts-consign-price-mongo"": 0.160168, ""ts-consign-price-service"": 0.131737, ""ts-consign-service"": 0.243413, ""ts-contacts-mongo"": 0.135931, ""ts-contacts-service"": 0.067078, ""ts-execute-service"": 0.179892, ""ts-food-map-service"": 0.227777, ""ts-food-mysql"": 0.154626, ""ts-food-service"": 0.294768, ""ts-inside-payment-mongo"": 0.039677, ""ts-inside-payment-service"": 0.500332, ""ts-news-service"": 0.040122, ""ts-notification-mongo"": 0.100052, ""ts-notification-service"": 0.641253, ""ts-order-mongo"": 0.344595, ""ts-order-other-mongo"": 0.261003, ""ts-order-other-service"": 0.226214, ""ts-order-service"": 53.250066, ""ts-payment-mongo"": 0.193388, ""ts-payment-service"": 0.344154, ""ts-preserve-mongo"": 0.052976, ""ts-preserve-other-mongo"": 0.260519, ""ts-preserve-other-service"": 0.116823, ""ts-preserve-service"": 0.164121, ""ts-price-mongo"": 0.028269, ""ts-price-service"": 0.284624, ""ts-rebook-service"": 0.232685, ""ts-route-mongo"": 0.211993, ""ts-route-plan-service"": 0.113472, ""ts-route-service"": 0.375942, ""ts-seat-service"": 0.68955, ""ts-security-mongo"": 1.802785, ""ts-security-service"": 0.441716, ""ts-station-mongo"": 0.081748, ""ts-station-service"": 0.3863, ""ts-ticket-office-mongo"": 0.278181, ""ts-ticket-office-service"": 0.213641, ""ts-ticketinfo-service"": 0.195363, ""ts-train-mongo"": 0.102986, ""ts-train-service"": 0.427782, ""ts-travel-mongo"": 1.375913, ""ts-travel-service"": 0.224566, ""ts-travel2-mongo"": 0.119306, ""ts-travel2-service"": 0.502528, ""ts-ui-dashboard"": 0.411568, ""ts-user-mongo"": 0.179079, ""ts-user-service"": 0.456656, ""ts-verification-code-service"": 0.459092, ""ts-voucher-mysql"": 0.445842, ""ts-voucher-service"": 0.317958}"
TrainTicket,ts-order-service,loss,1,latency-50,"{""ts-admin-basic-info-service"": 0.366696, ""ts-admin-travel-service"": 1.993499, ""ts-assurance-service"": 0.2748, ""ts-auth-service"": 0.55299, ""ts-basic-service"": 0.110801, ""ts-config-service"": 0.990678, ""ts-consign-price-service"": 0.567053, ""ts-consign-service"": 0.023512, ""ts-contacts-service"": 0.385847, ""ts-food-map-service"": 1.44976, ""ts-food-service"": 0.176267, ""ts-inside-payment-service"": 1.042438, ""ts-order-other-service"": 0.606856, ""ts-order-service"": 0.05069, ""ts-price-service"": 0.462041, ""ts-route-service"": 0.831956, ""ts-seat-service"": 1.613062, ""ts-security-service"": 3.50466, ""ts-station-service"": 0.058496, ""ts-ticketinfo-service"": 0.222707, ""ts-train-service"": 2.187361, ""ts-travel-service"": 0.853574, ""ts-travel2-service"": 4.108981, ""ts-ui-dashboard"": 0.098244, ""ts-user-service"": 0.035113}"
TrainTicket,ts-order-service,loss,2,latency-50,"{""ts-admin-basic-info-service"": 2.497005, ""ts-admin-travel-service"": 0.058527, ""ts-auth-service"": 0.106722, ""ts-basic-service"": 0.13229, ""ts-config-service"": 0.504141, ""ts-consign-price-service"": 1.576208, ""ts-consign-service"": 0.568207, ""ts-food-map-service"": 0.827843, ""ts-food-service"": 0.424566, ""ts-inside-payment-service"": 2.622811, ""ts-order-other-service"": 0.097903, ""ts-order-service"": 6.501061, ""ts-price-service"": 0.239217, ""ts-route-service"": 0.231731, ""ts-station-service"": 0.032047, ""ts-ticketinfo-service"": 0.098455, ""ts-train-service"": 0.504599, ""ts-travel-service"": 0.106561, ""ts-travel2-service"": 0.279596, ""ts-ui-dashboard"": 0.166513}"
TrainTicket,ts-order-service,loss,3,latency-50,"{""ts-admin-basic-info-service"": 8167324732429.879, ""ts-admin-travel-service"": 0.110853, ""ts-assurance-service"": 0.548538, ""ts-auth-service"": 0.86661, ""ts-basic-service"": 0.666501, ""ts-config-service"": 0.328467, ""ts-consign-service"": 0.292103, ""ts-food-map-service"": 1.158898, ""ts-food-service"": 0.277372, ""ts-inside-payment-service"": 6.320368, ""ts-order-other-service"": 0.02298, ""ts-order-service"": 2.944944, ""ts-price-service"": 1.703682, ""ts-route-service"": 0.298857, ""ts-station-service"": 0.650668, ""ts-ticketinfo-service"": 0.404439, ""ts-train-service"": 0.565565, ""ts-travel-service"": 0.553253, ""ts-travel2-service"": 0.085983, ""ts-ui-dashboard"": 0.478787}"
TrainTicket,ts-order-service,mem,1,latency-50,"{""ts-admin-basic-info-service"": 0.196182, ""ts-admin-travel-service"": 0.514334, ""ts-assurance-service"": 0.419168, ""ts-auth-service"": 0.637364, ""ts-basic-service"": 0.462302, ""ts-config-service"": 1.387944, ""ts-consign-price-service"": 1.67563, ""ts-consign-service"": 0.609, ""ts-contacts-service"": 1.526792, ""ts-food-map-service"": 1.133057, ""ts-food-service"": 1.283469, ""ts-order-other-service"": 0.482512, ""ts-order-service"": 7.542687, ""ts-price-service"": 0.707229, ""ts-route-service"": 0.90605, ""ts-seat-service"": 0.476301, ""ts-security-service"": 2.966198, ""ts-station-service"": 0.797447, ""ts-ticketinfo-service"": 0.339013, ""ts-train-service"": 0.933527, ""ts-travel-service"": 0.430863, ""ts-travel2-service"": 0.360794, ""ts-ui-dashboard"": 0.378045, ""ts-user-service"": 1.586754}"
TrainTicket,ts-order-service,mem,2,latency-50,"{""ts-admin-basic-info-service"": 0.367386, ""ts-admin-travel-service"": 0.513116, ""ts-assurance-service"": 0.431583, ""ts-auth-service"": 0.322809, ""ts-basic-service"": 0.480827, ""ts-config-service"": 0.638921, ""ts-consign-price-service"": 2.085366, ""ts-consign-service"": 0.516149, ""ts-contacts-service"": 0.379285, ""ts-food-map-service"": 0.775096, ""ts-food-service"": 1.07276, ""ts-inside-payment-service"": 0.208523, ""ts-order-other-service"": 0.428827, ""ts-order-service"": 5.836023, ""ts-price-service"": 0.550059, ""ts-route-service"": 1.06488, ""ts-seat-service"": 0.419267, ""ts-security-service"": 0.754265, ""ts-station-service"": 0.636788, ""ts-ticketinfo-service"": 0.30307, ""ts-train-service"": 0.691056, ""ts-travel-service"": 0.409465, ""ts-travel2-service"": 0.293581, ""ts-ui-dashboard"": 0.239051, ""ts-user-service"": 0.133735}"
TrainTicket,ts-order-service,mem,3,cpu,"{""ts-admin-basic-info-service"": 0.179535, ""ts-admin-order-service"": 0.53331, ""ts-admin-route-service"": 0.966563, ""ts-admin-travel-service"": 0.501847, ""ts-admin-user-service"": 1.85863, ""ts-assurance-mongo"": 0.127028, ""ts-auth-mongo"": 0.000847, ""ts-auth-service"": 0.388414, ""ts-avatar-service"": 0.032688, ""ts-basic-service"": 0.167184, ""ts-cancel-service"": 1.910411, ""ts-config-mongo"": 0.132894, ""ts-config-service"": 0.31387, ""ts-consign-price-mongo"": 0.079423, ""ts-consign-price-service"": 0.125747, ""ts-consign-service"": 0.177986, ""ts-contacts-mongo"": 0.204303, ""ts-contacts-service"": 0.013048, ""ts-food-map-mongo"": 0.018089, ""ts-food-map-service"": 1.220159, ""ts-food-mongo"": 0.281925, ""ts-food-mysql"": 0.228448, ""ts-food-service"": 0.240783, ""ts-inside-payment-mongo"": 0.277396, ""ts-inside-payment-service"": 0.232392, ""ts-news-service"": 0.029895, ""ts-notification-service"": 1.273855, ""ts-order-mongo"": 0.342716, ""ts-order-other-mongo"": 0.793431, ""ts-order-other-service"": 0.314995, ""ts-order-service"": 31.171701, ""ts-payment-mongo"": 0.050467, ""ts-payment-service"": 0.330221, ""ts-preserve-mongo"": 0.010913, ""ts-preserve-other-service"": 0.303389, ""ts-preserve-service"": 0.10139, ""ts-price-mongo"": 0.187354, ""ts-price-service"": 2.584538, ""ts-rebook-service"": 0.823623, ""ts-route-mongo"": 0.0692, ""ts-route-plan-service"": 1.777969, ""ts-route-service"": 0.087614, ""ts-seat-service"": 0.286195, ""ts-security-mongo"": 0.133056, ""ts-security-service"": 0.063398, ""ts-station-mongo"": 1.075516, ""ts-station-service"": 0.276793, ""ts-ticket-office-mongo"": 0.114061, ""ts-ticket-office-service"": 0.402648, ""ts-ticketinfo-service"": 0.084751, ""ts-train-mongo"": 0.191885, ""ts-train-service"": 0.167305, ""ts-travel-mongo"": 0.067284, ""ts-travel-service"": 0.550023, ""ts-travel2-mongo"": 0.073013, ""ts-travel2-service"": 0.004328, ""ts-ui-dashboard"": 0.246975, ""ts-user-mongo"": 0.12047, ""ts-user-service"": 0.016361, ""ts-verification-code-service"": 0.159609, ""ts-voucher-mysql"": 0.484546, ""ts-voucher-service"": 0.227683}"
TrainTicket,ts-order-service,socket,1,latency-50,"{""ts-admin-basic-info-service"": 0.503459, ""ts-admin-travel-service"": 0.256966, ""ts-auth-service"": 0.489809, ""ts-basic-service"": 2.02686, ""ts-config-service"": 2.951873, ""ts-consign-price-service"": 0.058789, ""ts-consign-service"": 0.389812, ""ts-food-map-service"": 0.059119, ""ts-food-service"": 0.178891, ""ts-inside-payment-service"": 3.57329, ""ts-order-other-service"": 0.034833, ""ts-order-service"": 86.329598, ""ts-price-service"": 1.429664, ""ts-route-service"": 2.64862, ""ts-seat-service"": 8.118863, ""ts-station-service"": 1.337246, ""ts-ticketinfo-service"": 0.517854, ""ts-train-service"": 1.617243, ""ts-travel-service"": 1.080493, ""ts-travel2-service"": 1.363704, ""ts-ui-dashboard"": 0.647257}"
TrainTicket,ts-order-service,socket,2,cpu,"{""ts-admin-order-service"": 0.286045, ""ts-admin-route-service"": 0.457182, ""ts-admin-travel-service"": 1.450482, ""ts-assurance-mongo"": 0.174193, ""ts-assurance-service"": 0.381498, ""ts-auth-mongo"": 0.205107, ""ts-auth-service"": 0.197571, ""ts-avatar-service"": 0.189345, ""ts-basic-service"": 0.290097, ""ts-cancel-service"": 0.720984, ""ts-config-mongo"": 0.176529, ""ts-config-service"": 0.091156, ""ts-consign-mongo"": 0.070676, ""ts-consign-price-mongo"": 0.135704, ""ts-consign-price-service"": 0.077164, ""ts-consign-service"": 0.036198, ""ts-contacts-mongo"": 0.100328, ""ts-contacts-service"": 0.605594, ""ts-execute-service"": 0.37779, ""ts-food-map-mongo"": 0.136527, ""ts-food-map-service"": 1.267151, ""ts-food-mongo"": 0.447854, ""ts-food-mysql"": 0.157996, ""ts-food-service"": 0.300025, ""ts-inside-payment-mongo"": 0.22945, ""ts-inside-payment-service"": 0.218173, ""ts-news-service"": 0.206921, ""ts-notification-mongo"": 0.285491, ""ts-notification-service"": 0.373127, ""ts-order-mongo"": 0.015171, ""ts-order-other-mongo"": 0.09098, ""ts-order-other-service"": 0.075777, ""ts-order-service"": 86.619647, ""ts-payment-mongo"": 0.172198, ""ts-payment-service"": 0.676968, ""ts-preserve-mongo"": 0.176758, ""ts-preserve-other-service"": 0.843811, ""ts-preserve-service"": 0.5098, ""ts-price-mongo"": 0.045883, ""ts-rebook-service"": 0.362283, ""ts-route-mongo"": 0.238775, ""ts-route-plan-service"": 0.298596, ""ts-route-service"": 0.060989, ""ts-seat-service"": 0.352274, ""ts-security-mongo"": 0.242932, ""ts-security-service"": 0.67898, ""ts-station-mongo"": 0.103427, ""ts-station-service"": 0.08799, ""ts-ticket-office-mongo"": 0.186894, ""ts-ticket-office-service"": 0.268703, ""ts-ticketinfo-service"": 0.147989, ""ts-train-mongo"": 0.425597, ""ts-train-service"": 0.125682, ""ts-travel-mongo"": 0.431497, ""ts-travel-plan-service"": 0.177526, ""ts-travel-service"": 0.475051, ""ts-travel2-mongo"": 0.318048, ""ts-travel2-service"": 0.088858, ""ts-ui-dashboard"": 0.128865, ""ts-user-mongo"": 0.176445, ""ts-user-service"": 0.584683, ""ts-verification-code-service"": 0.448366, ""ts-voucher-mysql"": 0.157879, ""ts-voucher-service"": 0.015185}"
TrainTicket,ts-order-service,socket,3,latency-50,"{""ts-admin-basic-info-service"": 0.528588, ""ts-auth-service"": 0.50386, ""ts-basic-service"": 0.585599, ""ts-config-service"": 1.141807, ""ts-consign-price-service"": 0.920801, ""ts-consign-service"": 0.223792, ""ts-food-map-service"": 0.479132, ""ts-food-service"": 0.925171, ""ts-order-other-service"": 1.425907, ""ts-order-service"": 47.36371, ""ts-price-service"": 0.288186, ""ts-route-service"": 0.894425, ""ts-seat-service"": 0.982433, ""ts-station-service"": 0.993404, ""ts-ticketinfo-service"": 0.600516, ""ts-train-service"": 0.752896, ""ts-travel-service"": 0.226722, ""ts-travel2-service"": 0.509788, ""ts-ui-dashboard"": 0.299108}"
TrainTicket,ts-route-service,cpu,1,latency-50,"{""ts-admin-basic-info-service"": 0.262839, ""ts-auth-service"": 1.782646, ""ts-basic-service"": 0.461365, ""ts-config-service"": 1.455962, ""ts-food-service"": 15.482654, ""ts-order-other-service"": 2.909301, ""ts-price-service"": 1.871169, ""ts-route-service"": 133.390378, ""ts-station-service"": 0.281056, ""ts-train-service"": 1.393558, ""ts-ui-dashboard"": 5.171637}"
TrainTicket,ts-route-service,cpu,2,cpu,"{""ts-admin-basic-info-service"": 0.195848, ""ts-admin-route-service"": 1.811594, ""ts-admin-travel-service"": 0.515185, ""ts-admin-user-service"": 1.131432, ""ts-assurance-mongo"": 0.152031, ""ts-assurance-service"": 0.177173, ""ts-auth-mongo"": 0.041894, ""ts-auth-service"": 0.269411, ""ts-avatar-service"": 0.21823, ""ts-basic-service"": 0.416955, ""ts-cancel-service"": 2.476466, ""ts-config-mongo"": 0.32975, ""ts-config-service"": 0.017951, ""ts-consign-mongo"": 0.129226, ""ts-consign-price-mongo"": 0.193485, ""ts-consign-price-service"": 0.511916, ""ts-consign-service"": 0.199935, ""ts-contacts-mongo"": 0.195251, ""ts-contacts-service"": 1.706824, ""ts-execute-service"": 1.607464, ""ts-food-map-mongo"": 0.029567, ""ts-food-map-service"": 0.00113, ""ts-food-mongo"": 0.011246, ""ts-food-service"": 0.589624, ""ts-inside-payment-mongo"": 0.255171, ""ts-inside-payment-service"": 0.226417, ""ts-news-service"": 0.005361, ""ts-notification-mongo"": 0.172019, ""ts-notification-service"": 1.5798, ""ts-order-mongo"": 0.409125, ""ts-order-other-mongo"": 0.335178, ""ts-order-other-service"": 0.064967, ""ts-payment-mongo"": 0.046686, ""ts-payment-service"": 1.700584, ""ts-preserve-mongo"": 0.192842, ""ts-preserve-other-mongo"": 0.042841, ""ts-preserve-other-service"": 1.90804, ""ts-preserve-service"": 1.364888, ""ts-price-service"": 0.197148, ""ts-rebook-service"": 2.432056, ""ts-route-mongo"": 0.320077, ""ts-route-plan-service"": 1.362953, ""ts-route-service"": 40.55943, ""ts-seat-service"": 1.076881, ""ts-security-mongo"": 0.102721, ""ts-security-service"": 1.616093, ""ts-station-mongo"": 0.622003, ""ts-station-service"": 0.990976, ""ts-ticket-office-mongo"": 0.05455, ""ts-ticketinfo-service"": 0.426999, ""ts-train-mongo"": 0.169017, ""ts-train-service"": 0.02042, ""ts-travel-mongo"": 0.055513, ""ts-travel-plan-service"": 1.754759, ""ts-travel-service"": 0.346789, ""ts-travel2-mongo"": 0.303946, ""ts-travel2-service"": 0.589737, ""ts-ui-dashboard"": 0.256628, ""ts-user-mongo"": 0.104779, ""ts-user-service"": 1.862817, ""ts-verification-code-service"": 0.236737, ""ts-voucher-mysql"": 0.034987, ""ts-voucher-service"": 0.082491}"
TrainTicket,ts-route-service,cpu,3,cpu,"{""ts-admin-basic-info-service"": 1.572899, ""ts-admin-route-service"": 0.739243, ""ts-admin-travel-service"": 0.118536, ""ts-admin-user-service"": 0.574844, ""ts-assurance-mongo"": 0.231593, ""ts-assurance-service"": 0.40432, ""ts-auth-mongo"": 0.357371, ""ts-auth-service"": 0.393937, ""ts-avatar-service"": 0.331179, ""ts-basic-service"": 0.51607, ""ts-cancel-service"": 0.413318, ""ts-config-mongo"": 0.233642, ""ts-config-service"": 2.574211, ""ts-consign-mongo"": 0.032505, ""ts-consign-price-mongo"": 0.15577, ""ts-consign-price-service"": 0.23334, ""ts-consign-service"": 0.326829, ""ts-contacts-mongo"": 0.01035, ""ts-contacts-service"": 0.467742, ""ts-execute-service"": 0.411972, ""ts-food-map-mongo"": 0.129273, ""ts-food-map-service"": 0.407709, ""ts-food-mysql"": 0.194784, ""ts-food-service"": 0.231473, ""ts-inside-payment-mongo"": 0.074209, ""ts-inside-payment-service"": 0.082828, ""ts-news-service"": 0.167318, ""ts-notification-mongo"": 0.010918, ""ts-notification-service"": 0.452147, ""ts-order-mongo"": 0.14792, ""ts-order-other-mongo"": 0.022321, ""ts-order-other-service"": 0.216928, ""ts-order-service"": 0.353604, ""ts-payment-mongo"": 0.296178, ""ts-payment-service"": 0.559816, ""ts-preserve-other-mongo"": 0.075452, ""ts-preserve-service"": 0.792414, ""ts-price-mongo"": 0.320038, ""ts-price-service"": 0.268989, ""ts-rebook-service"": 0.724266, ""ts-route-mongo"": 0.393157, ""ts-route-plan-service"": 0.280134, ""ts-route-service"": 99.496906, ""ts-seat-service"": 0.722542, ""ts-security-service"": 0.568737, ""ts-station-mongo"": 0.008424, ""ts-station-service"": 0.63478, ""ts-ticket-office-mongo"": 0.044338, ""ts-ticket-office-service"": 0.306019, ""ts-ticketinfo-service"": 0.398786, ""ts-train-mongo"": 0.340326, ""ts-train-service"": 0.411492, ""ts-travel-mongo"": 0.118636, ""ts-travel-plan-service"": 0.507446, ""ts-travel-service"": 0.107718, ""ts-travel2-mongo"": 0.381098, ""ts-travel2-service"": 0.5545, ""ts-ui-dashboard"": 0.317759, ""ts-user-service"": 0.845936, ""ts-voucher-mysql"": 0.059102, ""ts-voucher-service"": 0.074435}"
TrainTicket,ts-route-service,delay,1,latency-50,"{""ts-admin-basic-info-service"": 0.4595, ""ts-admin-travel-service"": 1177.031266, ""ts-assurance-service"": 0.768879, ""ts-auth-service"": 0.594512, ""ts-basic-service"": 0.08769, ""ts-config-service"": 0.123, ""ts-consign-price-service"": 0.066065, ""ts-consign-service"": 0.003787, ""ts-contacts-service"": 0.460275, ""ts-food-map-service"": 0.399103, ""ts-food-service"": 118.085655, ""ts-inside-payment-service"": 0.329979, ""ts-order-other-service"": 2.774828, ""ts-order-service"": 0.585219, ""ts-preserve-service"": 54.686652, ""ts-price-service"": 0.673149, ""ts-route-service"": 3465.942519, ""ts-seat-service"": 262.655866, ""ts-security-service"": 0.239824, ""ts-station-service"": 0.336856, ""ts-ticketinfo-service"": 0.185319, ""ts-train-service"": 0.573619, ""ts-travel-service"": 1375.413798, ""ts-travel2-service"": 1399.808155, ""ts-ui-dashboard"": 7.871893, ""ts-user-service"": 0.147871}"
TrainTicket,ts-route-service,delay,2,latency-50,"{""ts-admin-basic-info-service"": 0.793727, ""ts-admin-travel-service"": 1.2259039678105392e+17, ""ts-assurance-service"": 0.892425, ""ts-auth-service"": 0.819154, ""ts-basic-service"": 1.162662, ""ts-config-service"": 0.301145, ""ts-contacts-service"": 0.017296, ""ts-food-map-service"": 0.604972, ""ts-food-service"": 162.383046, ""ts-inside-payment-service"": 0.100174, ""ts-order-other-service"": 1.569523, ""ts-order-service"": 0.246641, ""ts-price-service"": 0.799697, ""ts-route-service"": 6539.976841, ""ts-seat-service"": 514.811104, ""ts-station-service"": 0.46856, ""ts-ticketinfo-service"": 0.907466, ""ts-train-service"": 2.404203, ""ts-travel-service"": 281.795136, ""ts-travel2-service"": 719.406879, ""ts-ui-dashboard"": 8.631525, ""ts-user-service"": 0.204712}"
TrainTicket,ts-route-service,delay,3,latency-50,"{""ts-admin-basic-info-service"": 0.790756, ""ts-admin-travel-service"": 2180.614465, ""ts-assurance-service"": 0.257234, ""ts-auth-service"": 0.850125, ""ts-basic-service"": 0.65014, ""ts-config-service"": 0.617375, ""ts-consign-price-service"": 0.42056, ""ts-consign-service"": 0.212383, ""ts-contacts-service"": 0.652485, ""ts-food-map-service"": 0.433511, ""ts-food-service"": 191.425517, ""ts-order-other-service"": 1.991483, ""ts-order-service"": 0.484923, ""ts-price-service"": 0.680668, ""ts-route-service"": 4042.937346, ""ts-seat-service"": 390.16206, ""ts-security-service"": 0.135634, ""ts-station-service"": 0.318158, ""ts-ticketinfo-service"": 0.424516, ""ts-train-service"": 1.072786, ""ts-travel-service"": 148.680672, ""ts-travel2-service"": 447.171163, ""ts-ui-dashboard"": 8.540823, ""ts-user-service"": 0.172717}"
TrainTicket,ts-route-service,disk,1,latency-50,"{""ts-admin-basic-info-service"": 0.240329, ""ts-admin-travel-service"": 1.429096, ""ts-assurance-service"": 0.07094, ""ts-auth-service"": 0.596551, ""ts-basic-service"": 0.272649, ""ts-config-service"": 0.837473, ""ts-food-map-service"": 0.023341, ""ts-food-service"": 0.417207, ""ts-inside-payment-service"": 0.359225, ""ts-order-other-service"": 0.316956, ""ts-order-service"": 0.343689, ""ts-price-service"": 0.575877, ""ts-station-service"": 2.947223, ""ts-ticketinfo-service"": 0.349539, ""ts-travel-service"": 0.177084, ""ts-travel2-service"": 0.222246, ""ts-ui-dashboard"": 0.749611}"
TrainTicket,ts-route-service,disk,2,latency-50,"{""ts-admin-basic-info-service"": 0.665662, ""ts-admin-travel-service"": 1757644109093365.8, ""ts-assurance-service"": 0.088257, ""ts-auth-service"": 1.5169, ""ts-basic-service"": 2.076367, ""ts-config-service"": 0.036051, ""ts-consign-price-service"": 0.208583, ""ts-consign-service"": 0.357521, ""ts-contacts-service"": 0.430836, ""ts-food-map-service"": 1.139389, ""ts-food-service"": 2.657035, ""ts-order-other-service"": 3.840448, ""ts-order-service"": 2.324487, ""ts-price-service"": 0.025489, ""ts-route-service"": 23.512916, ""ts-seat-service"": 20.643384, ""ts-security-service"": 0.266908, ""ts-station-service"": 5.292914, ""ts-ticketinfo-service"": 1.215757, ""ts-train-service"": 0.789928, ""ts-travel-service"": 4.915404, ""ts-travel2-service"": 4.618479, ""ts-ui-dashboard"": 2.196394, ""ts-user-service"": 0.056074}"
TrainTicket,ts-route-service,disk,3,cpu,"{""ts-admin-basic-info-service"": 0.684358, ""ts-admin-order-service"": 0.476852, ""ts-admin-route-service"": 0.213871, ""ts-admin-user-service"": 0.127687, ""ts-assurance-mongo"": 0.019478, ""ts-assurance-service"": 0.575318, ""ts-auth-mongo"": 0.043118, ""ts-auth-service"": 0.394893, ""ts-avatar-service"": 0.148139, ""ts-basic-service"": 1.000303, ""ts-cancel-service"": 0.040158, ""ts-config-mongo"": 0.078242, ""ts-consign-mongo"": 0.20507, ""ts-consign-price-service"": 0.39375, ""ts-consign-service"": 0.098193, ""ts-contacts-mongo"": 0.048425, ""ts-contacts-service"": 0.763202, ""ts-execute-service"": 0.372138, ""ts-food-map-mongo"": 0.509344, ""ts-food-map-service"": 0.753706, ""ts-food-mongo"": 0.128305, ""ts-food-mysql"": 0.132594, ""ts-food-service"": 1.028001, ""ts-inside-payment-mongo"": 0.136738, ""ts-inside-payment-service"": 0.473484, ""ts-news-service"": 0.142988, ""ts-notification-mongo"": 0.020305, ""ts-notification-service"": 0.069593, ""ts-order-mongo"": 0.026528, ""ts-order-other-mongo"": 0.150263, ""ts-order-other-service"": 0.983723, ""ts-order-service"": 0.86281, ""ts-payment-mongo"": 0.016329, ""ts-preserve-mongo"": 0.289337, ""ts-preserve-other-mongo"": 0.151333, ""ts-preserve-other-service"": 0.333368, ""ts-price-mongo"": 0.077321, ""ts-price-service"": 0.651636, ""ts-rebook-service"": 0.068292, ""ts-route-mongo"": 0.205705, ""ts-route-service"": 4.781011, ""ts-seat-service"": 0.942308, ""ts-security-mongo"": 0.228312, ""ts-security-service"": 0.527983, ""ts-station-mongo"": 0.780841, ""ts-station-service"": 0.675269, ""ts-ticket-office-mongo"": 0.354592, ""ts-ticket-office-service"": 0.047204, ""ts-ticketinfo-service"": 1.143266, ""ts-train-mongo"": 0.439498, ""ts-train-service"": 1.017982, ""ts-travel-mongo"": 0.349204, ""ts-travel-plan-service"": 0.553457, ""ts-travel-service"": 1.058207, ""ts-travel2-mongo"": 0.395309, ""ts-travel2-service"": 0.797102, ""ts-ui-dashboard"": 0.527076, ""ts-user-mongo"": 0.082695, ""ts-user-service"": 0.09235, ""ts-verification-code-service"": 0.335205, ""ts-voucher-mysql"": 0.090207, ""ts-voucher-service"": 0.02916}"
TrainTicket,ts-route-service,loss,1,latency-50,"{""ts-admin-basic-info-service"": 0.523839, ""ts-admin-travel-service"": 1.0558253893570944e+16, ""ts-assurance-service"": 0.598478, ""ts-auth-service"": 0.457908, ""ts-basic-service"": 0.256442, ""ts-config-service"": 0.59908, ""ts-consign-price-service"": 4.484836, ""ts-consign-service"": 0.963524, ""ts-contacts-service"": 0.322197, ""ts-food-map-service"": 0.135233, ""ts-food-service"": 1.816369, ""ts-inside-payment-service"": 0.221378, ""ts-order-other-service"": 0.576292, ""ts-order-service"": 0.587111, ""ts-price-service"": 0.227954, ""ts-route-service"": 2.035569, ""ts-seat-service"": 2.161104, ""ts-security-service"": 0.406272, ""ts-station-service"": 0.725152, ""ts-ticketinfo-service"": 0.309005, ""ts-train-service"": 0.156168, ""ts-travel-service"": 3.890486, ""ts-travel2-service"": 11.041462, ""ts-ui-dashboard"": 4.9286, ""ts-user-service"": 0.183721}"
TrainTicket,ts-route-service,loss,2,latency-50,"{""ts-admin-basic-info-service"": 0.144017, ""ts-admin-travel-service"": 9985020709361270.0, ""ts-assurance-service"": 0.299361, ""ts-auth-service"": 0.017529, ""ts-basic-service"": 0.92834, ""ts-config-service"": 0.238918, ""ts-consign-price-service"": 0.322416, ""ts-consign-service"": 0.061379, ""ts-food-map-service"": 0.345731, ""ts-food-service"": 2.232, ""ts-inside-payment-service"": 0.199721, ""ts-order-other-service"": 0.164026, ""ts-order-service"": 0.010659, ""ts-price-service"": 1.483067, ""ts-route-service"": 6.953858, ""ts-seat-service"": 4.646899, ""ts-security-service"": 0.395948, ""ts-station-service"": 1.270149, ""ts-ticketinfo-service"": 0.53483, ""ts-train-service"": 0.190507, ""ts-travel-service"": 1.204584, ""ts-travel2-service"": 2.52994, ""ts-ui-dashboard"": 2.853373, ""ts-user-service"": 0.039305}"
TrainTicket,ts-route-service,loss,3,workload,"{""ts-admin-basic-info-service"": 0.07434, ""ts-admin-travel-service"": 0.061773, ""ts-assurance-service"": 0.061305, ""ts-auth-service"": 0.014304, ""ts-basic-service"": 0.143604, ""ts-config-service"": 0.07794, ""ts-consign-price-service"": 0.260058, ""ts-consign-service"": 0.25741, ""ts-contacts-service"": 0.129386, ""ts-food-map-service"": 0.286356, ""ts-food-service"": 0.2763, ""ts-inside-payment-service"": 0.18027, ""ts-order-other-service"": 0.050677, ""ts-order-service"": 0.019247, ""ts-price-service"": 0.09417, ""ts-route-service"": 0.09734, ""ts-seat-service"": 0.099208, ""ts-security-service"": 0.129155, ""ts-station-service"": 0.124171, ""ts-ticketinfo-service"": 0.161154, ""ts-train-service"": 0.081891, ""ts-travel-service"": 0.069384, ""ts-travel2-service"": 0.0889, ""ts-ui-dashboard"": 0.056435, ""ts-user-service"": 0.151827}"
TrainTicket,ts-route-service,mem,1,cpu,"{""ts-admin-basic-info-service"": 0.685588, ""ts-admin-order-service"": 0.05498, ""ts-admin-route-service"": 0.192702, ""ts-admin-travel-service"": 0.287305, ""ts-admin-user-service"": 0.03557, ""ts-assurance-mongo"": 0.065698, ""ts-assurance-service"": 0.070808, ""ts-auth-service"": 0.268198, ""ts-avatar-service"": 0.048109, ""ts-basic-service"": 1.148576, ""ts-cancel-service"": 0.084478, ""ts-config-mongo"": 0.072567, ""ts-config-service"": 0.594733, ""ts-consign-price-mongo"": 0.263323, ""ts-consign-price-service"": 0.217254, ""ts-consign-service"": 0.271889, ""ts-contacts-mongo"": 0.216611, ""ts-execute-service"": 0.040506, ""ts-food-map-service"": 0.500993, ""ts-food-mysql"": 0.245329, ""ts-food-service"": 0.886577, ""ts-inside-payment-mongo"": 0.245677, ""ts-inside-payment-service"": 0.186494, ""ts-news-service"": 0.064576, ""ts-notification-mongo"": 0.309881, ""ts-notification-service"": 0.371757, ""ts-order-mongo"": 0.001938, ""ts-order-other-mongo"": 0.283688, ""ts-order-other-service"": 2.322552, ""ts-payment-mongo"": 0.368937, ""ts-payment-service"": 0.068538, ""ts-preserve-mongo"": 0.031758, ""ts-preserve-other-mongo"": 0.603313, ""ts-preserve-other-service"": 0.02671, ""ts-price-mongo"": 0.037523, ""ts-price-service"": 2.602731, ""ts-rebook-service"": 0.422226, ""ts-route-mongo"": 0.600886, ""ts-route-service"": 73.78288, ""ts-seat-service"": 0.027309, ""ts-security-mongo"": 0.204031, ""ts-security-service"": 0.185951, ""ts-station-mongo"": 0.103723, ""ts-station-service"": 0.164305, ""ts-ticket-office-mongo"": 0.11134, ""ts-ticket-office-service"": 0.288335, ""ts-ticketinfo-service"": 2.879577, ""ts-train-mongo"": 0.561402, ""ts-travel-mongo"": 0.212663, ""ts-travel-plan-service"": 0.186083, ""ts-travel-service"": 0.492651, ""ts-travel2-mongo"": 0.068149, ""ts-travel2-service"": 3.549135, ""ts-ui-dashboard"": 0.341606, ""ts-user-mongo"": 0.121241, ""ts-user-service"": 1.136529, ""ts-verification-code-service"": 0.217295, ""ts-voucher-mysql"": 1.296531, ""ts-voucher-service"": 0.24544}"
TrainTicket,ts-route-service,mem,2,latency-50,"{""ts-admin-basic-info-service"": 0.310039, ""ts-admin-travel-service"": 1.34969, ""ts-assurance-service"": 0.741361, ""ts-auth-service"": 0.198891, ""ts-basic-service"": 0.389108, ""ts-config-service"": 0.781254, ""ts-consign-price-service"": 0.629629, ""ts-consign-service"": 0.779381, ""ts-contacts-service"": 0.710264, ""ts-food-map-service"": 1.11516, ""ts-food-service"": 1.304832, ""ts-inside-payment-service"": 0.33666, ""ts-order-other-service"": 0.425448, ""ts-order-service"": 0.502232, ""ts-price-service"": 0.592349, ""ts-route-service"": 6.112869, ""ts-seat-service"": 0.217785, ""ts-security-service"": 0.617656, ""ts-station-service"": 0.429131, ""ts-ticketinfo-service"": 0.321541, ""ts-train-service"": 0.450089, ""ts-travel-service"": 0.219596, ""ts-travel2-service"": 0.224921, ""ts-ui-dashboard"": 0.580269}"
TrainTicket,ts-route-service,mem,3,cpu,"{""ts-admin-basic-info-service"": 0.117819, ""ts-admin-order-service"": 1.971454, ""ts-admin-route-service"": 1.853732, ""ts-admin-travel-service"": 0.388956, ""ts-admin-user-service"": 0.930405, ""ts-assurance-mongo"": 0.119802, ""ts-assurance-service"": 0.554183, ""ts-auth-service"": 0.415535, ""ts-avatar-service"": 0.239196, ""ts-cancel-service"": 1.639102, ""ts-config-mongo"": 0.614481, ""ts-config-service"": 0.516489, ""ts-consign-mongo"": 0.110061, ""ts-consign-price-mongo"": 0.351255, ""ts-consign-price-service"": 0.160233, ""ts-consign-service"": 1.339899, ""ts-contacts-mongo"": 0.431008, ""ts-execute-service"": 1.864159, ""ts-food-map-mongo"": 0.105503, ""ts-food-mongo"": 0.406016, ""ts-food-mysql"": 0.476017, ""ts-food-service"": 0.060034, ""ts-inside-payment-mongo"": 0.16754, ""ts-inside-payment-service"": 0.191291, ""ts-notification-mongo"": 0.044046, ""ts-notification-service"": 2.046382, ""ts-order-mongo"": 0.014152, ""ts-order-other-mongo"": 0.61537, ""ts-order-other-service"": 0.189639, ""ts-order-service"": 0.495532, ""ts-payment-mongo"": 0.171803, ""ts-payment-service"": 0.410242, ""ts-preserve-other-mongo"": 0.286947, ""ts-preserve-other-service"": 0.148554, ""ts-preserve-service"": 0.346093, ""ts-price-mongo"": 0.170081, ""ts-price-service"": 1.726207, ""ts-rebook-service"": 3.654843, ""ts-route-mongo"": 0.082059, ""ts-route-plan-service"": 1.731092, ""ts-route-service"": 80.327897, ""ts-seat-service"": 0.574645, ""ts-security-service"": 0.029727, ""ts-station-mongo"": 0.782574, ""ts-station-service"": 0.216497, ""ts-ticket-office-mongo"": 0.142245, ""ts-ticket-office-service"": 0.357599, ""ts-ticketinfo-service"": 0.434691, ""ts-train-mongo"": 0.53131, ""ts-train-service"": 0.474071, ""ts-travel-mongo"": 0.234424, ""ts-travel-plan-service"": 2.932757, ""ts-travel2-mongo"": 0.160391, ""ts-travel2-service"": 0.390534, ""ts-ui-dashboard"": 0.476172, ""ts-user-service"": 0.311746, ""ts-verification-code-service"": 0.072654, ""ts-voucher-mysql"": 0.236071, ""ts-voucher-service"": 0.004494}"
TrainTicket,ts-route-service,socket,1,cpu,"{""ts-admin-basic-info-service"": 0.137313, ""ts-admin-order-service"": 0.169411, ""ts-admin-route-service"": 0.23097, ""ts-admin-travel-service"": 1.844939, ""ts-admin-user-service"": 0.028515, ""ts-assurance-mongo"": 0.046068, ""ts-assurance-service"": 0.672671, ""ts-auth-service"": 0.554997, ""ts-avatar-service"": 0.008092, ""ts-basic-service"": 0.687562, ""ts-cancel-service"": 0.333521, ""ts-config-service"": 0.138616, ""ts-consign-mongo"": 0.082364, ""ts-consign-price-mongo"": 0.317079, ""ts-consign-price-service"": 1.141483, ""ts-consign-service"": 0.052718, ""ts-contacts-mongo"": 0.099641, ""ts-contacts-service"": 0.521403, ""ts-execute-service"": 0.135159, ""ts-food-map-mongo"": 0.059221, ""ts-food-map-service"": 0.300393, ""ts-food-mongo"": 0.115057, ""ts-food-mysql"": 0.219701, ""ts-inside-payment-mongo"": 0.172237, ""ts-inside-payment-service"": 0.19246, ""ts-news-service"": 0.321821, ""ts-notification-mongo"": 0.098986, ""ts-notification-service"": 0.267055, ""ts-order-mongo"": 0.284545, ""ts-order-other-mongo"": 0.549685, ""ts-order-other-service"": 0.685676, ""ts-order-service"": 0.720421, ""ts-payment-mongo"": 0.189051, ""ts-payment-service"": 0.027028, ""ts-preserve-mongo"": 0.216578, ""ts-preserve-other-mongo"": 0.211613, ""ts-preserve-other-service"": 0.310063, ""ts-preserve-service"": 0.327299, ""ts-price-mongo"": 0.031359, ""ts-price-service"": 0.445403, ""ts-rebook-service"": 0.18433, ""ts-route-mongo"": 0.626138, ""ts-route-service"": 62.572771, ""ts-seat-service"": 0.38128, ""ts-security-mongo"": 0.072561, ""ts-security-service"": 0.266774, ""ts-station-mongo"": 0.100789, ""ts-station-service"": 0.276275, ""ts-ticket-office-mongo"": 0.341136, ""ts-ticket-office-service"": 0.228831, ""ts-ticketinfo-service"": 0.521666, ""ts-train-mongo"": 0.13441, ""ts-train-service"": 0.789064, ""ts-travel-mongo"": 0.168738, ""ts-travel-plan-service"": 0.188998, ""ts-travel-service"": 0.232549, ""ts-travel2-mongo"": 0.308203, ""ts-ui-dashboard"": 0.716788, ""ts-user-mongo"": 0.123619, ""ts-user-service"": 0.789303, ""ts-verification-code-service"": 0.018129, ""ts-voucher-service"": 0.278435}"
TrainTicket,ts-route-service,socket,2,latency-50,"{""ts-admin-basic-info-service"": 0.349168, ""ts-admin-travel-service"": 0.389905, ""ts-assurance-service"": 0.802376, ""ts-auth-service"": 0.622433, ""ts-basic-service"": 0.457973, ""ts-config-service"": 1.090731, ""ts-consign-price-service"": 0.469991, ""ts-consign-service"": 0.835055, ""ts-contacts-service"": 1.653277, ""ts-food-map-service"": 1.016214, ""ts-food-service"": 0.262886, ""ts-inside-payment-service"": 0.663912, ""ts-order-other-service"": 0.522576, ""ts-order-service"": 0.504519, ""ts-price-service"": 0.611648, ""ts-route-service"": 5.419782, ""ts-seat-service"": 0.328615, ""ts-security-service"": 0.582003, ""ts-station-service"": 0.66941, ""ts-ticketinfo-service"": 0.294695, ""ts-train-service"": 1.097275, ""ts-travel-service"": 0.200558, ""ts-travel2-service"": 0.277995, ""ts-ui-dashboard"": 0.365401, ""ts-user-service"": 1.691236}"
TrainTicket,ts-route-service,socket,3,latency-50,"{""ts-admin-basic-info-service"": 0.422821, ""ts-admin-travel-service"": 270.014354, ""ts-assurance-service"": 0.151875, ""ts-auth-service"": 0.190617, ""ts-basic-service"": 0.486454, ""ts-config-service"": 0.301052, ""ts-consign-price-service"": 1.029022, ""ts-consign-service"": 0.73925, ""ts-contacts-service"": 0.722096, ""ts-food-map-service"": 2.159949, ""ts-food-service"": 35.934049, ""ts-inside-payment-service"": 0.4041, ""ts-order-other-service"": 0.323572, ""ts-order-service"": 0.672275, ""ts-price-service"": 4.142949, ""ts-route-service"": 1552.991391, ""ts-seat-service"": 60.695559, ""ts-security-service"": 0.327608, ""ts-station-service"": 0.926608, ""ts-ticketinfo-service"": 0.291967, ""ts-train-service"": 4.724491, ""ts-travel-service"": 12.124349, ""ts-travel2-service"": 13.220522, ""ts-ui-dashboard"": 7.932386, ""ts-user-service"": 0.740621}"
TrainTicket,ts-train-service,cpu,1,latency-50,"{""ts-admin-basic-info-service"": 0.486121, ""ts-admin-travel-service"": 65.763055, ""ts-auth-service"": 0.421714, ""ts-basic-service"": 0.365907, ""ts-config-service"": 1.794079, ""ts-consign-price-service"": 0.147559, ""ts-food-map-service"": 0.932984, ""ts-food-service"": 0.018601, ""ts-order-other-service"": 0.172246, ""ts-order-service"": 0.598633, ""ts-price-service"": 2.586087, ""ts-route-service"": 0.60553, ""ts-seat-service"": 13.520908, ""ts-station-service"": 0.281898, ""ts-ticketinfo-service"": 0.216455, ""ts-train-service"": 20.529199, ""ts-travel-service"": 7.002534, ""ts-travel2-service"": 18.895242, ""ts-ui-dashboard"": 0.602459}"
TrainTicket,ts-train-service,cpu,2,latency-50,"{""ts-admin-basic-info-service"": 0.123571, ""ts-admin-travel-service"": 64.494353, ""ts-assurance-service"": 0.015007, ""ts-auth-service"": 0.289859, ""ts-basic-service"": 0.669251, ""ts-config-service"": 1.98137, ""ts-consign-price-service"": 0.26358, ""ts-consign-service"": 0.269343, ""ts-contacts-service"": 0.73975, ""ts-food-map-service"": 2.24555, ""ts-food-service"": 0.435972, ""ts-order-other-service"": 2.092269, ""ts-order-service"": 2.439376, ""ts-price-service"": 4.195877, ""ts-route-service"": 1.374394, ""ts-seat-service"": 24.329108, ""ts-security-service"": 134922638932312.34, ""ts-station-service"": 2.747384, ""ts-ticketinfo-service"": 0.651829, ""ts-train-service"": 58.906408, ""ts-travel-service"": 5.614036, ""ts-travel2-service"": 9.334141, ""ts-ui-dashboard"": 1.682807, ""ts-user-service"": 0.379121}"
TrainTicket,ts-train-service,cpu,3,latency-50,"{""ts-admin-basic-info-service"": 0.002484, ""ts-admin-travel-service"": 6915287735796752.0, ""ts-assurance-service"": 0.161666, ""ts-auth-service"": 0.102562, ""ts-basic-service"": 0.49212, ""ts-config-service"": 2.248378, ""ts-consign-price-service"": 0.272417, ""ts-consign-service"": 0.17702, ""ts-contacts-service"": 0.051977, ""ts-food-map-service"": 0.596802, ""ts-food-service"": 0.786549, ""ts-inside-payment-service"": 0.664011, ""ts-order-other-service"": 1.334824, ""ts-order-service"": 0.242066, ""ts-preserve-service"": 2.260862, ""ts-price-service"": 2.044624, ""ts-route-service"": 2.24834, ""ts-seat-service"": 26.869239, ""ts-security-service"": 0.06749, ""ts-station-service"": 2.096552, ""ts-ticketinfo-service"": 0.44344, ""ts-train-service"": 34.100408, ""ts-travel-service"": 5.021004, ""ts-travel2-service"": 9.156172, ""ts-ui-dashboard"": 1.19024, ""ts-user-service"": 1.208953}"
TrainTicket,ts-train-service,delay,1,latency-50,"{""ts-admin-basic-info-service"": 0.30885, ""ts-admin-travel-service"": 19215.447003, ""ts-assurance-service"": 0.245895, ""ts-auth-service"": 0.831876, ""ts-basic-service"": 0.323777, ""ts-config-service"": 1.574468, ""ts-consign-price-service"": 0.335572, ""ts-consign-service"": 0.156428, ""ts-contacts-service"": 0.078716, ""ts-food-map-service"": 0.612894, ""ts-food-service"": 0.340689, ""ts-order-other-service"": 0.403012, ""ts-order-service"": 0.326438, ""ts-price-service"": 1.10032, ""ts-route-service"": 0.393677, ""ts-seat-service"": 180.37822, ""ts-security-service"": 0.103153, ""ts-station-service"": 0.033218, ""ts-ticketinfo-service"": 0.050437, ""ts-train-service"": 3346.032059, ""ts-travel-service"": 3568.04606, ""ts-travel2-service"": 5188.564722, ""ts-ui-dashboard"": 8.188837, ""ts-user-service"": 0.157167}"
TrainTicket,ts-train-service,delay,2,latency-50,"{""ts-admin-basic-info-service"": 0.412533, ""ts-admin-travel-service"": 2652.362978, ""ts-assurance-service"": 0.062385, ""ts-auth-service"": 0.912695, ""ts-basic-service"": 0.366876, ""ts-config-service"": 1.764544, ""ts-consign-price-service"": 0.675497, ""ts-consign-service"": 0.665463, ""ts-food-map-service"": 0.019614, ""ts-food-service"": 0.463775, ""ts-order-other-service"": 0.900899, ""ts-order-service"": 0.020702, ""ts-price-service"": 5.731703, ""ts-route-service"": 0.383193, ""ts-seat-service"": 1052.433231, ""ts-station-service"": 0.376774, ""ts-ticketinfo-service"": 0.126116, ""ts-train-service"": 1310.401328, ""ts-travel-service"": 1082.891953, ""ts-travel2-service"": 1198.663486, ""ts-ui-dashboard"": 4.751695}"
TrainTicket,ts-train-service,delay,3,latency-50,"{""ts-admin-basic-info-service"": 1.104631, ""ts-admin-travel-service"": 1315.474007, ""ts-assurance-service"": 0.582011, ""ts-auth-service"": 0.947614, ""ts-basic-service"": 0.910308, ""ts-config-service"": 0.871621, ""ts-consign-price-service"": 0.296677, ""ts-consign-service"": 0.393206, ""ts-contacts-service"": 0.265393, ""ts-food-map-service"": 3.614951, ""ts-food-service"": 0.405265, ""ts-inside-payment-service"": 0.081948, ""ts-order-other-service"": 0.28941, ""ts-order-service"": 0.851352, ""ts-price-service"": 1.249337, ""ts-route-service"": 0.624154, ""ts-seat-service"": 1619.429029, ""ts-station-service"": 0.244995, ""ts-ticketinfo-service"": 0.646211, ""ts-train-service"": 1834.576748, ""ts-travel-service"": 1282.579783, ""ts-travel2-service"": 1483.287933, ""ts-ui-dashboard"": 7.715396, ""ts-user-service"": 0.36818}"
TrainTicket,ts-train-service,disk,1,cpu,"{""ts-admin-basic-info-service"": 0.268058, ""ts-admin-order-service"": 0.113074, ""ts-admin-travel-service"": 0.503072, ""ts-admin-user-service"": 0.510515, ""ts-assurance-mongo"": 0.182755, ""ts-assurance-service"": 0.384356, ""ts-auth-mongo"": 1.972107, ""ts-auth-service"": 0.140026, ""ts-avatar-service"": 0.149282, ""ts-basic-service"": 0.874956, ""ts-cancel-service"": 0.205862, ""ts-config-mongo"": 0.248305, ""ts-config-service"": 0.362884, ""ts-consign-mongo"": 1.871944, ""ts-consign-price-mongo"": 0.020999, ""ts-consign-price-service"": 0.349808, ""ts-consign-service"": 0.176219, ""ts-contacts-mongo"": 0.152802, ""ts-contacts-service"": 0.736289, ""ts-food-map-mongo"": 0.316235, ""ts-food-map-service"": 0.292369, ""ts-food-mongo"": 0.046204, ""ts-food-service"": 0.150341, ""ts-inside-payment-mongo"": 0.12032, ""ts-inside-payment-service"": 0.251449, ""ts-news-service"": 0.109189, ""ts-notification-mongo"": 0.003698, ""ts-notification-service"": 0.102095, ""ts-order-other-mongo"": 1.974366, ""ts-order-other-service"": 0.721049, ""ts-order-service"": 0.518649, ""ts-payment-mongo"": 2.473691, ""ts-payment-service"": 0.37603, ""ts-preserve-mongo"": 0.288636, ""ts-preserve-other-mongo"": 2.751961, ""ts-preserve-other-service"": 0.586048, ""ts-price-mongo"": 0.239498, ""ts-rebook-service"": 0.027241, ""ts-route-mongo"": 0.322388, ""ts-route-plan-service"": 0.220486, ""ts-route-service"": 0.646898, ""ts-security-service"": 0.179867, ""ts-station-mongo"": 1.081467, ""ts-ticket-office-mongo"": 0.312303, ""ts-ticket-office-service"": 1.09722, ""ts-ticketinfo-service"": 0.429154, ""ts-train-mongo"": 0.090188, ""ts-train-service"": 61.050862, ""ts-travel-mongo"": 1.953508, ""ts-travel-plan-service"": 0.007619, ""ts-travel2-mongo"": 1.376471, ""ts-travel2-service"": 0.214705, ""ts-ui-dashboard"": 0.468405, ""ts-user-mongo"": 0.030676, ""ts-user-service"": 0.307461, ""ts-verification-code-service"": 0.120837, ""ts-voucher-mysql"": 0.321755, ""ts-voucher-service"": 0.214426}"
TrainTicket,ts-train-service,disk,2,latency-50,"{""ts-admin-basic-info-service"": 1.050118, ""ts-admin-travel-service"": 8537606215478916.0, ""ts-assurance-service"": 0.115674, ""ts-auth-service"": 0.438513, ""ts-basic-service"": 3.178253, ""ts-config-service"": 8.38705, ""ts-consign-price-service"": 1.825702, ""ts-consign-service"": 0.663583, ""ts-contacts-service"": 0.225855, ""ts-food-map-service"": 0.630413, ""ts-food-service"": 0.131503, ""ts-inside-payment-service"": 0.659344, ""ts-order-other-service"": 2.011568, ""ts-order-service"": 0.660997, ""ts-price-service"": 4.661542, ""ts-route-service"": 1.632416, ""ts-seat-service"": 22.754082, ""ts-security-service"": 0.656835, ""ts-station-service"": 1.610117, ""ts-ticketinfo-service"": 1.646757, ""ts-train-service"": 16.231373, ""ts-travel-service"": 3.899259, ""ts-travel2-service"": 3.459758, ""ts-ui-dashboard"": 1.680839}"
TrainTicket,ts-train-service,disk,3,latency-50,"{""ts-admin-basic-info-service"": 0.351441, ""ts-admin-travel-service"": 5700722891128867.0, ""ts-auth-service"": 0.2784, ""ts-basic-service"": 0.854288, ""ts-config-service"": 5.841248, ""ts-consign-price-service"": 0.040359, ""ts-consign-service"": 0.195164, ""ts-food-map-service"": 1.371734, ""ts-food-service"": 0.545874, ""ts-order-other-service"": 3.074557, ""ts-order-service"": 0.113121, ""ts-price-service"": 3.185808, ""ts-route-service"": 0.238397, ""ts-seat-service"": 10.959177, ""ts-station-service"": 0.057939, ""ts-ticketinfo-service"": 0.513659, ""ts-train-service"": 9.143484, ""ts-travel-service"": 3.529519, ""ts-travel2-service"": 3.033217, ""ts-ui-dashboard"": 0.918087}"
TrainTicket,ts-train-service,loss,1,latency-50,"{""ts-admin-basic-info-service"": 0.488335, ""ts-admin-travel-service"": 1.7371849653120948e+16, ""ts-assurance-service"": 0.842356, ""ts-auth-service"": 0.266164, ""ts-basic-service"": 0.66896, ""ts-config-service"": 0.651281, ""ts-consign-price-service"": 0.346886, ""ts-consign-service"": 0.336939, ""ts-food-map-service"": 0.606723, ""ts-food-service"": 0.647318, ""ts-inside-payment-service"": 0.071141, ""ts-order-other-service"": 1.088123, ""ts-order-service"": 0.010708, ""ts-price-service"": 0.393769, ""ts-route-service"": 0.289753, ""ts-seat-service"": 4.026903, ""ts-station-service"": 0.581655, ""ts-ticketinfo-service"": 0.728001, ""ts-train-service"": 4.783902, ""ts-travel-service"": 6.7931, ""ts-travel2-service"": 22.493281, ""ts-ui-dashboard"": 4.11632, ""ts-user-service"": 1.26346}"
TrainTicket,ts-train-service,loss,2,latency-50,"{""ts-admin-basic-info-service"": 0.503285, ""ts-admin-travel-service"": 178.883833, ""ts-auth-service"": 0.051046, ""ts-basic-service"": 0.336709, ""ts-config-service"": 0.230796, ""ts-consign-price-service"": 0.377208, ""ts-consign-service"": 0.017874, ""ts-food-map-service"": 0.875024, ""ts-food-service"": 0.671599, ""ts-order-other-service"": 2.773147, ""ts-order-service"": 0.490146, ""ts-price-service"": 0.149942, ""ts-route-service"": 0.623568, ""ts-seat-service"": 14.669698, ""ts-station-service"": 0.447588, ""ts-ticketinfo-service"": 0.826651, ""ts-train-service"": 4.838628, ""ts-travel-service"": 3.50077, ""ts-travel2-service"": 3.852334, ""ts-ui-dashboard"": 2.943637}"
TrainTicket,ts-train-service,loss,3,latency-50,"{""ts-admin-basic-info-service"": 0.563316, ""ts-admin-travel-service"": 104.52265, ""ts-assurance-service"": 1.386507, ""ts-auth-service"": 0.380043, ""ts-basic-service"": 0.42098, ""ts-config-service"": 0.046643, ""ts-consign-price-service"": 0.221104, ""ts-consign-service"": 0.266324, ""ts-contacts-service"": 0.154168, ""ts-food-map-service"": 0.562152, ""ts-food-service"": 0.088305, ""ts-inside-payment-service"": 0.222908, ""ts-order-other-service"": 0.534337, ""ts-order-service"": 0.390956, ""ts-price-service"": 0.249468, ""ts-route-service"": 0.285861, ""ts-seat-service"": 7.036449, ""ts-security-service"": 0.232446, ""ts-station-service"": 0.046532, ""ts-ticketinfo-service"": 0.902574, ""ts-train-service"": 4.583308, ""ts-travel-service"": 3.151375, ""ts-travel2-service"": 4.040067, ""ts-ui-dashboard"": 3.757519, ""ts-user-service"": 0.19375}"
TrainTicket,ts-train-service,mem,1,latency-50,"{""ts-admin-basic-info-service"": 0.120472, ""ts-admin-travel-service"": 5.448006, ""ts-auth-service"": 0.772171, ""ts-basic-service"": 0.250216, ""ts-config-service"": 1.343028, ""ts-consign-price-service"": 1.518995, ""ts-consign-service"": 1.143459, ""ts-food-map-service"": 0.848535, ""ts-food-service"": 1.157497, ""ts-inside-payment-service"": 0.50317, ""ts-order-other-service"": 0.449056, ""ts-order-service"": 0.587609, ""ts-price-service"": 0.788569, ""ts-route-service"": 0.373038, ""ts-seat-service"": 0.227384, ""ts-station-service"": 0.475219, ""ts-ticketinfo-service"": 0.373398, ""ts-train-service"": 16.716875, ""ts-travel-service"": 0.118197, ""ts-travel2-service"": 0.443026, ""ts-ui-dashboard"": 0.142169}"
TrainTicket,ts-train-service,mem,2,workload,"{""ts-admin-basic-info-service"": 0.007862, ""ts-admin-travel-service"": 0.064301, ""ts-assurance-service"": 0.03703, ""ts-auth-service"": 0.05681, ""ts-basic-service"": 0.076366, ""ts-config-service"": 0.134709, ""ts-consign-price-service"": 0.1419, ""ts-consign-service"": 0.159009, ""ts-food-map-service"": 0.414324, ""ts-food-service"": 0.300279, ""ts-inside-payment-service"": 0.750092, ""ts-order-other-service"": 0.049051, ""ts-order-service"": 0.281134, ""ts-payment-service"": 0.09615, ""ts-price-service"": 0.118802, ""ts-route-service"": 0.03703, ""ts-seat-service"": 0.139403, ""ts-station-service"": 0.055296, ""ts-ticketinfo-service"": 0.067249, ""ts-train-service"": 0.130883, ""ts-travel-service"": 0.189544, ""ts-travel2-service"": 0.176986, ""ts-ui-dashboard"": 0.130701}"
TrainTicket,ts-train-service,mem,3,cpu,"{""ts-admin-basic-info-service"": 0.138319, ""ts-admin-order-service"": 1.631613, ""ts-admin-route-service"": 1.235264, ""ts-admin-user-service"": 2.804479, ""ts-assurance-mongo"": 0.169979, ""ts-auth-mongo"": 0.129905, ""ts-auth-service"": 0.181187, ""ts-avatar-service"": 0.253109, ""ts-basic-service"": 0.482163, ""ts-cancel-service"": 2.063804, ""ts-config-mongo"": 0.342804, ""ts-consign-price-mongo"": 0.066007, ""ts-consign-price-service"": 0.045607, ""ts-consign-service"": 0.386077, ""ts-contacts-mongo"": 0.141018, ""ts-contacts-service"": 0.142481, ""ts-execute-service"": 3.075885, ""ts-food-map-mongo"": 0.032454, ""ts-food-mongo"": 0.212033, ""ts-food-mysql"": 0.084994, ""ts-food-service"": 0.044464, ""ts-inside-payment-mongo"": 0.076088, ""ts-inside-payment-service"": 0.286113, ""ts-news-service"": 0.073225, ""ts-notification-mongo"": 0.213883, ""ts-notification-service"": 2.142849, ""ts-order-mongo"": 0.013502, ""ts-order-other-mongo"": 1.064753, ""ts-order-other-service"": 0.034615, ""ts-order-service"": 0.700485, ""ts-payment-mongo"": 0.000656, ""ts-payment-service"": 0.4599, ""ts-preserve-mongo"": 0.107023, ""ts-preserve-other-mongo"": 0.10224, ""ts-preserve-other-service"": 0.03795, ""ts-price-service"": 3.004065, ""ts-rebook-service"": 1.769189, ""ts-route-mongo"": 0.235132, ""ts-route-plan-service"": 1.525231, ""ts-route-service"": 0.464034, ""ts-seat-service"": 0.594395, ""ts-security-mongo"": 0.127913, ""ts-security-service"": 0.147301, ""ts-station-mongo"": 1.635536, ""ts-station-service"": 0.40405, ""ts-ticket-office-mongo"": 0.027441, ""ts-ticket-office-service"": 0.508803, ""ts-ticketinfo-service"": 0.491416, ""ts-train-mongo"": 0.253474, ""ts-train-service"": 71.090327, ""ts-travel-mongo"": 0.424447, ""ts-travel-plan-service"": 2.610994, ""ts-travel-service"": 0.576596, ""ts-travel2-mongo"": 0.337769, ""ts-travel2-service"": 0.184171, ""ts-ui-dashboard"": 0.036982, ""ts-user-mongo"": 0.305265, ""ts-user-service"": 0.018806, ""ts-verification-code-service"": 0.197946, ""ts-voucher-mysql"": 0.126039, ""ts-voucher-service"": 0.13284}"
TrainTicket,ts-train-service,socket,1,cpu,"{""ts-admin-basic-info-service"": 0.068219, ""ts-admin-order-service"": 0.016741, ""ts-admin-route-service"": 0.304734, ""ts-admin-travel-service"": 0.290954, ""ts-assurance-mongo"": 0.137223, ""ts-auth-mongo"": 0.09424, ""ts-auth-service"": 0.593004, ""ts-avatar-service"": 0.031547, ""ts-basic-service"": 1.229133, ""ts-cancel-service"": 0.040834, ""ts-config-mongo"": 0.197157, ""ts-config-service"": 0.706922, ""ts-consign-mongo"": 0.146102, ""ts-consign-price-mongo"": 0.256726, ""ts-consign-price-service"": 0.240144, ""ts-consign-service"": 0.05072, ""ts-contacts-mongo"": 0.008912, ""ts-contacts-service"": 0.48866, ""ts-execute-service"": 0.090947, ""ts-food-map-mongo"": 0.153884, ""ts-food-map-service"": 0.447768, ""ts-food-mongo"": 0.078201, ""ts-food-mysql"": 0.471439, ""ts-food-service"": 0.191618, ""ts-inside-payment-mongo"": 0.104682, ""ts-inside-payment-service"": 0.152403, ""ts-news-service"": 0.256104, ""ts-notification-mongo"": 0.351247, ""ts-order-mongo"": 1.032917, ""ts-order-other-service"": 0.016671, ""ts-order-service"": 0.978904, ""ts-payment-mongo"": 0.080043, ""ts-payment-service"": 1.153156, ""ts-preserve-mongo"": 0.141677, ""ts-preserve-other-mongo"": 0.278917, ""ts-preserve-other-service"": 0.217582, ""ts-preserve-service"": 0.665094, ""ts-price-mongo"": 0.305154, ""ts-price-service"": 0.686948, ""ts-rebook-service"": 0.068045, ""ts-route-mongo"": 0.679886, ""ts-route-plan-service"": 0.009227, ""ts-route-service"": 1.130878, ""ts-seat-service"": 1.038089, ""ts-security-service"": 0.164992, ""ts-station-mongo"": 0.312544, ""ts-station-service"": 0.051367, ""ts-ticket-office-mongo"": 0.331077, ""ts-ticket-office-service"": 0.011862, ""ts-ticketinfo-service"": 1.172133, ""ts-train-service"": 68.933361, ""ts-travel-mongo"": 0.163417, ""ts-travel-plan-service"": 0.312269, ""ts-travel-service"": 0.536301, ""ts-travel2-service"": 0.012281, ""ts-user-mongo"": 0.092816, ""ts-user-service"": 0.451662, ""ts-verification-code-service"": 0.166296, ""ts-voucher-service"": 0.02656}"
TrainTicket,ts-train-service,socket,2,latency-50,"{""ts-admin-basic-info-service"": 0.093883, ""ts-admin-travel-service"": 1.7046029689823508e+16, ""ts-assurance-service"": 0.040905, ""ts-auth-service"": 0.729763, ""ts-basic-service"": 0.652995, ""ts-config-service"": 6.755931, ""ts-consign-service"": 0.421471, ""ts-contacts-service"": 0.132461, ""ts-food-map-service"": 0.647144, ""ts-food-service"": 0.007778, ""ts-inside-payment-service"": 0.545, ""ts-order-other-service"": 0.047999, ""ts-order-service"": 0.22316, ""ts-price-service"": 3.41312, ""ts-route-service"": 0.878151, ""ts-seat-service"": 36.528769, ""ts-security-service"": 0.148136, ""ts-station-service"": 0.123551, ""ts-ticketinfo-service"": 0.627391, ""ts-train-service"": 105.828678, ""ts-travel-service"": 9.389422, ""ts-travel2-service"": 12.171611, ""ts-ui-dashboard"": 4.522375, ""ts-user-service"": 0.133366}"
TrainTicket,ts-train-service,socket,3,latency-50,"{""ts-admin-basic-info-service"": 0.332696, ""ts-admin-travel-service"": 1.631282, ""ts-assurance-service"": 0.522556, ""ts-auth-service"": 0.623672, ""ts-basic-service"": 0.43993, ""ts-config-service"": 1.165916, ""ts-consign-price-service"": 4.070122, ""ts-consign-service"": 0.625003, ""ts-contacts-service"": 0.683992, ""ts-food-map-service"": 0.932702, ""ts-food-service"": 1.146225, ""ts-order-other-service"": 0.489681, ""ts-order-service"": 0.584892, ""ts-price-service"": 0.734785, ""ts-route-service"": 0.816308, ""ts-seat-service"": 0.000866, ""ts-security-service"": 0.547929, ""ts-station-service"": 0.577271, ""ts-ticketinfo-service"": 0.558319, ""ts-train-service"": 16.035206, ""ts-travel-service"": 0.192173, ""ts-travel2-service"": 0.175713, ""ts-ui-dashboard"": 0.133018, ""ts-user-service"": 0.472639}"
TrainTicket,ts-travel-service,cpu,1,cpu,"{""ts-admin-basic-info-service"": 0.80242, ""ts-admin-order-service"": 0.141523, ""ts-admin-route-service"": 0.261282, ""ts-admin-travel-service"": 1.110628, ""ts-admin-user-service"": 0.245296, ""ts-assurance-service"": 0.817787, ""ts-auth-mongo"": 0.281953, ""ts-auth-service"": 0.148553, ""ts-avatar-service"": 0.079967, ""ts-basic-service"": 1.054463, ""ts-cancel-service"": 0.369322, ""ts-config-mongo"": 0.085319, ""ts-config-service"": 0.467906, ""ts-consign-mongo"": 0.187754, ""ts-consign-price-mongo"": 0.210171, ""ts-consign-price-service"": 0.573998, ""ts-consign-service"": 0.311842, ""ts-contacts-mongo"": 0.181258, ""ts-contacts-service"": 0.668076, ""ts-execute-service"": 0.831363, ""ts-food-map-mongo"": 0.009257, ""ts-food-map-service"": 0.710437, ""ts-food-mongo"": 0.332316, ""ts-food-mysql"": 0.520592, ""ts-food-service"": 1.002501, ""ts-inside-payment-mongo"": 0.168806, ""ts-inside-payment-service"": 0.070705, ""ts-news-service"": 0.018424, ""ts-notification-mongo"": 0.121685, ""ts-notification-service"": 0.241607, ""ts-order-mongo"": 0.467171, ""ts-order-other-mongo"": 0.137185, ""ts-order-other-service"": 0.789907, ""ts-order-service"": 0.819936, ""ts-payment-mongo"": 0.051649, ""ts-preserve-mongo"": 0.048507, ""ts-preserve-other-mongo"": 0.131607, ""ts-preserve-other-service"": 0.275985, ""ts-preserve-service"": 0.063528, ""ts-price-mongo"": 0.124882, ""ts-price-service"": 0.776269, ""ts-rebook-service"": 0.524436, ""ts-route-mongo"": 0.212631, ""ts-route-service"": 0.910995, ""ts-seat-service"": 0.967048, ""ts-security-mongo"": 0.138359, ""ts-security-service"": 0.425918, ""ts-station-mongo"": 1.179172, ""ts-station-service"": 0.574194, ""ts-ticket-office-mongo"": 0.018714, ""ts-ticket-office-service"": 0.20982, ""ts-ticketinfo-service"": 1.02271, ""ts-train-mongo"": 0.099935, ""ts-train-service"": 0.983826, ""ts-travel-mongo"": 0.21059, ""ts-travel-plan-service"": 0.109574, ""ts-travel-service"": 4.747165, ""ts-travel2-mongo"": 0.255354, ""ts-travel2-service"": 0.86181, ""ts-ui-dashboard"": 0.361041, ""ts-user-mongo"": 0.120341, ""ts-user-service"": 0.570175, ""ts-verification-code-service"": 0.167517, ""ts-voucher-mysql"": 0.511628}"
TrainTicket,ts-travel-service,cpu,2,latency-50,"{""ts-admin-basic-info-service"": 0.271304, ""ts-admin-travel-service"": 4461844902482254.0, ""ts-assurance-service"": 0.301512, ""ts-auth-service"": 0.392443, ""ts-basic-service"": 1.243863, ""ts-config-service"": 0.280754, ""ts-consign-price-service"": 0.539234, ""ts-consign-service"": 0.229864, ""ts-contacts-service"": 0.615984, ""ts-food-map-service"": 0.167827, ""ts-food-service"": 11.122506, ""ts-order-other-service"": 1.242011, ""ts-order-service"": 0.484048, ""ts-price-service"": 0.491482, ""ts-route-service"": 0.953645, ""ts-seat-service"": 17.379253, ""ts-security-service"": 0.336291, ""ts-station-service"": 0.96008, ""ts-ticketinfo-service"": 0.413729, ""ts-train-service"": 1.112656, ""ts-travel-service"": 21.650252, ""ts-travel2-service"": 0.5274, ""ts-ui-dashboard"": 2.318669, ""ts-user-service"": 0.655676}"
TrainTicket,ts-travel-service,cpu,3,latency-50,"{""ts-admin-basic-info-service"": 0.84021, ""ts-admin-travel-service"": 3519195988534421.0, ""ts-assurance-service"": 0.14158, ""ts-auth-service"": 0.71253, ""ts-basic-service"": 2.165005, ""ts-config-service"": 0.831213, ""ts-consign-price-service"": 0.352241, ""ts-consign-service"": 0.307532, ""ts-contacts-service"": 0.30137, ""ts-food-map-service"": 0.268844, ""ts-food-service"": 26.6614, ""ts-order-other-service"": 2.751025, ""ts-order-service"": 1.026144, ""ts-price-service"": 0.213611, ""ts-route-service"": 1.260725, ""ts-seat-service"": 27.352246, ""ts-security-service"": 0.21026, ""ts-station-service"": 1.471069, ""ts-ticketinfo-service"": 0.936408, ""ts-train-service"": 1.831227, ""ts-travel-service"": 24.068164, ""ts-travel2-service"": 1.368983, ""ts-ui-dashboard"": 0.268135, ""ts-user-service"": 0.098022}"
TrainTicket,ts-travel-service,delay,1,latency-50,"{""ts-admin-basic-info-service"": 0.668732, ""ts-admin-travel-service"": 683.340622, ""ts-auth-service"": 0.861294, ""ts-basic-service"": 0.996068, ""ts-config-service"": 3.206837, ""ts-consign-price-service"": 0.063554, ""ts-consign-service"": 0.21214, ""ts-food-map-service"": 0.183482, ""ts-food-service"": 415.277438, ""ts-inside-payment-service"": 0.280517, ""ts-order-other-service"": 0.947955, ""ts-order-service"": 0.583485, ""ts-price-service"": 0.171666, ""ts-route-service"": 10.947058, ""ts-seat-service"": 263.428872, ""ts-station-service"": 0.722993, ""ts-ticketinfo-service"": 4.30427, ""ts-train-service"": 5.632539, ""ts-travel-service"": 478.070934, ""ts-travel2-service"": 0.904252, ""ts-ui-dashboard"": 3.515146}"
TrainTicket,ts-travel-service,delay,2,latency-50,"{""ts-admin-basic-info-service"": 0.428677, ""ts-admin-travel-service"": 1.2303584704684085e+17, ""ts-auth-service"": 0.689368, ""ts-basic-service"": 0.742963, ""ts-config-service"": 1.995067, ""ts-consign-price-service"": 0.184668, ""ts-consign-service"": 0.667598, ""ts-food-map-service"": 0.018385, ""ts-food-service"": 372.165438, ""ts-order-other-service"": 1.919466, ""ts-order-service"": 3.242838, ""ts-price-service"": 0.634984, ""ts-route-service"": 3.193082, ""ts-seat-service"": 75.200299, ""ts-station-service"": 0.364564, ""ts-ticketinfo-service"": 13.463309, ""ts-train-service"": 7.235508, ""ts-travel-service"": 1783.667948, ""ts-travel2-service"": 1.079145, ""ts-ui-dashboard"": 6.119379}"
TrainTicket,ts-travel-service,delay,3,latency-50,"{""ts-admin-basic-info-service"": 0.470565, ""ts-admin-travel-service"": 510.88373, ""ts-assurance-service"": 0.282549, ""ts-auth-service"": 1.243605, ""ts-basic-service"": 0.524176, ""ts-config-service"": 0.040956, ""ts-consign-price-service"": 0.229761, ""ts-consign-service"": 0.417211, ""ts-contacts-service"": 0.775671, ""ts-food-map-service"": 0.152381, ""ts-food-service"": 284.140051, ""ts-inside-payment-service"": 1.700831, ""ts-order-other-service"": 0.746089, ""ts-order-service"": 2.260066, ""ts-price-service"": 0.498141, ""ts-route-service"": 0.063777, ""ts-seat-service"": 43.941528, ""ts-security-service"": 0.179483, ""ts-station-service"": 0.864163, ""ts-ticketinfo-service"": 1.381699, ""ts-train-service"": 4.950467, ""ts-travel-service"": 1577.017509, ""ts-travel2-service"": 0.239212, ""ts-ui-dashboard"": 2.468672, ""ts-user-service"": 0.297652}"
TrainTicket,ts-travel-service,disk,1,latency-50,"{""ts-admin-basic-info-service"": 1.022748, ""ts-admin-travel-service"": 0.87459, ""ts-assurance-service"": 0.068479, ""ts-auth-service"": 0.427784, ""ts-basic-service"": 1.291965, ""ts-config-service"": 1.100335, ""ts-consign-price-service"": 0.481963, ""ts-consign-service"": 0.723804, ""ts-contacts-service"": 0.225126, ""ts-food-map-service"": 1.787342, ""ts-food-service"": 0.550663, ""ts-inside-payment-service"": 0.240998, ""ts-order-other-service"": 0.124272, ""ts-order-service"": 0.315709, ""ts-price-service"": 0.06288, ""ts-route-service"": 0.775579, ""ts-seat-service"": 0.846426, ""ts-security-service"": 0.438134, ""ts-station-service"": 1.345909, ""ts-ticketinfo-service"": 0.497738, ""ts-train-service"": 1.086433, ""ts-travel2-service"": 2.384061, ""ts-ui-dashboard"": 0.20288, ""ts-user-service"": 0.404633}"
TrainTicket,ts-travel-service,disk,2,cpu,"{""ts-admin-basic-info-service"": 0.417259, ""ts-admin-order-service"": 0.305715, ""ts-admin-route-service"": 0.296461, ""ts-admin-travel-service"": 0.166812, ""ts-admin-user-service"": 0.346926, ""ts-assurance-service"": 0.038799, ""ts-auth-mongo"": 0.206219, ""ts-auth-service"": 0.310627, ""ts-basic-service"": 0.366757, ""ts-cancel-service"": 0.359951, ""ts-config-mongo"": 0.078314, ""ts-config-service"": 0.203723, ""ts-consign-mongo"": 0.034157, ""ts-consign-price-mongo"": 0.139586, ""ts-consign-price-service"": 1.052671, ""ts-consign-service"": 0.123367, ""ts-contacts-mongo"": 0.423109, ""ts-contacts-service"": 0.459452, ""ts-food-map-mongo"": 0.143771, ""ts-food-map-service"": 0.010891, ""ts-food-mongo"": 0.234271, ""ts-food-mysql"": 0.093127, ""ts-food-service"": 0.541552, ""ts-inside-payment-mongo"": 0.293652, ""ts-inside-payment-service"": 0.034036, ""ts-news-service"": 0.027175, ""ts-notification-mongo"": 0.062853, ""ts-notification-service"": 0.345343, ""ts-order-mongo"": 0.066118, ""ts-order-other-mongo"": 0.000251, ""ts-order-service"": 0.231116, ""ts-payment-mongo"": 0.289056, ""ts-preserve-mongo"": 0.181235, ""ts-preserve-other-mongo"": 0.001521, ""ts-preserve-other-service"": 0.310156, ""ts-preserve-service"": 0.303372, ""ts-price-mongo"": 0.205512, ""ts-price-service"": 0.326633, ""ts-rebook-service"": 0.269107, ""ts-route-mongo"": 0.230078, ""ts-route-plan-service"": 0.316464, ""ts-route-service"": 0.329969, ""ts-seat-service"": 0.431174, ""ts-security-mongo"": 0.354787, ""ts-security-service"": 0.227543, ""ts-station-service"": 0.598829, ""ts-ticket-office-mongo"": 0.046572, ""ts-ticket-office-service"": 1.384755, ""ts-ticketinfo-service"": 0.09616, ""ts-train-mongo"": 0.702206, ""ts-train-service"": 0.001295, ""ts-travel-mongo"": 0.074545, ""ts-travel-plan-service"": 0.30054, ""ts-travel-service"": 3.759686, ""ts-travel2-mongo"": 0.004051, ""ts-travel2-service"": 0.026328, ""ts-ui-dashboard"": 0.434942, ""ts-user-mongo"": 0.056027, ""ts-user-service"": 0.421837, ""ts-verification-code-service"": 0.194429, ""ts-voucher-mysql"": 0.337715, ""ts-voucher-service"": 0.163646}"
TrainTicket,ts-travel-service,disk,3,latency-50,"{""ts-admin-basic-info-service"": 0.394976, ""ts-admin-travel-service"": 11.408289, ""ts-assurance-service"": 0.206093, ""ts-auth-service"": 0.771084, ""ts-basic-service"": 0.701893, ""ts-config-service"": 0.170997, ""ts-consign-price-service"": 1.606412, ""ts-food-map-service"": 1.291505, ""ts-food-service"": 6.75677, ""ts-inside-payment-service"": 11617499798226.059, ""ts-order-service"": 0.240109, ""ts-price-service"": 0.009663, ""ts-route-service"": 0.83229, ""ts-station-service"": 1.152296, ""ts-ticketinfo-service"": 0.486027, ""ts-train-service"": 0.466627, ""ts-travel-service"": 2.923595, ""ts-travel2-service"": 0.263077, ""ts-ui-dashboard"": 1.886759}"
TrainTicket,ts-travel-service,loss,1,latency-50,"{""ts-admin-basic-info-service"": 0.334564, ""ts-admin-travel-service"": 5521531691994839.0, ""ts-assurance-service"": 0.822683, ""ts-auth-service"": 0.343772, ""ts-basic-service"": 0.105895, ""ts-config-service"": 0.603171, ""ts-contacts-service"": 0.598635, ""ts-food-map-service"": 2.830274, ""ts-food-service"": 1.051655, ""ts-inside-payment-service"": 0.012756, ""ts-order-other-service"": 0.559891, ""ts-order-service"": 1.792152, ""ts-preserve-service"": 3.863898, ""ts-price-service"": 1.807785, ""ts-route-service"": 0.247675, ""ts-seat-service"": 0.583391, ""ts-security-service"": 0.021304, ""ts-station-service"": 0.653461, ""ts-ticketinfo-service"": 0.722179, ""ts-train-service"": 2.427823, ""ts-travel-service"": 10.754288, ""ts-travel2-service"": 0.367709, ""ts-ui-dashboard"": 0.922634, ""ts-user-service"": 1.831271}"
TrainTicket,ts-travel-service,loss,2,latency-50,"{""ts-admin-basic-info-service"": 1.424503, ""ts-admin-travel-service"": 58.485295, ""ts-assurance-service"": 0.016656, ""ts-auth-service"": 0.132274, ""ts-basic-service"": 0.529028, ""ts-config-service"": 0.448708, ""ts-consign-price-service"": 0.040275, ""ts-consign-service"": 0.026269, ""ts-contacts-service"": 0.098996, ""ts-food-map-service"": 0.552476, ""ts-food-service"": 1.464403, ""ts-inside-payment-service"": 0.408465, ""ts-order-other-service"": 0.342286, ""ts-order-service"": 0.94098, ""ts-preserve-service"": 12.048443, ""ts-price-service"": 0.362523, ""ts-route-service"": 0.257921, ""ts-seat-service"": 4.093121, ""ts-security-service"": 0.557341, ""ts-station-service"": 0.761413, ""ts-ticketinfo-service"": 3.234766, ""ts-train-service"": 1.373447, ""ts-travel-service"": 7.532088, ""ts-travel2-service"": 0.059096, ""ts-ui-dashboard"": 1.334525, ""ts-user-service"": 0.747119}"
TrainTicket,ts-travel-service,loss,3,latency-50,"{""ts-admin-basic-info-service"": 0.286979, ""ts-admin-travel-service"": 85.319659, ""ts-assurance-service"": 0.34303, ""ts-auth-service"": 0.745369, ""ts-basic-service"": 0.635917, ""ts-config-service"": 0.929521, ""ts-consign-price-service"": 0.369889, ""ts-consign-service"": 0.140394, ""ts-contacts-service"": 0.339233, ""ts-food-map-service"": 0.671809, ""ts-food-service"": 3.08283, ""ts-inside-payment-service"": 0.350433, ""ts-order-other-service"": 1.769879, ""ts-order-service"": 0.47129, ""ts-price-service"": 0.860876, ""ts-route-service"": 0.171448, ""ts-seat-service"": 13.209671, ""ts-security-service"": 1.013954, ""ts-station-service"": 0.492283, ""ts-ticketinfo-service"": 0.742888, ""ts-train-service"": 0.060041, ""ts-travel-service"": 12.566228, ""ts-travel2-service"": 0.898249, ""ts-ui-dashboard"": 0.764068, ""ts-user-service"": 0.238306}"
TrainTicket,ts-travel-service,mem,1,cpu,"{""ts-admin-basic-info-service"": 0.522359, ""ts-admin-order-service"": 0.42302, ""ts-admin-route-service"": 0.850354, ""ts-admin-travel-service"": 0.562972, ""ts-admin-user-service"": 0.57424, ""ts-assurance-mongo"": 0.033448, ""ts-assurance-service"": 0.039935, ""ts-auth-mongo"": 0.070119, ""ts-avatar-service"": 0.089762, ""ts-basic-service"": 0.129277, ""ts-cancel-service"": 0.454091, ""ts-config-mongo"": 0.342862, ""ts-consign-price-mongo"": 0.302461, ""ts-consign-price-service"": 0.807949, ""ts-consign-service"": 0.858453, ""ts-contacts-mongo"": 0.708183, ""ts-contacts-service"": 0.255817, ""ts-execute-service"": 0.17237, ""ts-food-map-mongo"": 0.369481, ""ts-food-map-service"": 0.300021, ""ts-food-mongo"": 0.201754, ""ts-food-mysql"": 0.242486, ""ts-food-service"": 0.047879, ""ts-inside-payment-mongo"": 0.059781, ""ts-inside-payment-service"": 0.390425, ""ts-news-service"": 0.157069, ""ts-notification-mongo"": 0.058011, ""ts-notification-service"": 0.292453, ""ts-order-mongo"": 0.174966, ""ts-order-other-mongo"": 0.191615, ""ts-order-other-service"": 0.124412, ""ts-order-service"": 0.005144, ""ts-payment-mongo"": 0.012733, ""ts-payment-service"": 0.758439, ""ts-preserve-mongo"": 0.00846, ""ts-preserve-other-mongo"": 0.09389, ""ts-preserve-other-service"": 0.050501, ""ts-price-mongo"": 0.338254, ""ts-price-service"": 0.168831, ""ts-rebook-service"": 0.433614, ""ts-route-mongo"": 0.024335, ""ts-route-plan-service"": 0.231674, ""ts-route-service"": 0.180147, ""ts-seat-service"": 0.036538, ""ts-security-mongo"": 0.380496, ""ts-security-service"": 0.289009, ""ts-station-service"": 0.375448, ""ts-ticket-office-mongo"": 0.444813, ""ts-ticket-office-service"": 0.42054, ""ts-train-mongo"": 0.0955, ""ts-train-service"": 0.298821, ""ts-travel-mongo"": 0.302733, ""ts-travel-plan-service"": 0.521491, ""ts-travel-service"": 44.571917, ""ts-travel2-mongo"": 0.000101, ""ts-travel2-service"": 0.052029, ""ts-ui-dashboard"": 0.255343, ""ts-user-mongo"": 0.086917, ""ts-user-service"": 0.262917, ""ts-verification-code-service"": 0.432639, ""ts-voucher-mysql"": 0.29395}"
TrainTicket,ts-travel-service,mem,2,latency-50,"{""ts-admin-basic-info-service"": 0.784288, ""ts-admin-travel-service"": 9231178051516894.0, ""ts-auth-service"": 0.243261, ""ts-basic-service"": 7.970454, ""ts-config-service"": 0.243376, ""ts-consign-price-service"": 0.043091, ""ts-consign-service"": 0.31611, ""ts-food-map-service"": 0.518784, ""ts-food-service"": 32.817114, ""ts-order-other-service"": 3.094614, ""ts-order-service"": 0.531838, ""ts-price-service"": 0.497442, ""ts-route-service"": 13.372624, ""ts-seat-service"": 34.898555, ""ts-station-service"": 3.596847, ""ts-ticketinfo-service"": 4.85886, ""ts-train-service"": 3.300791, ""ts-travel-service"": 67.118077, ""ts-travel2-service"": 2.28889, ""ts-ui-dashboard"": 2.161114}"
TrainTicket,ts-travel-service,mem,3,cpu,"{""ts-admin-basic-info-service"": 0.824258, ""ts-admin-order-service"": 0.428833, ""ts-admin-route-service"": 0.361884, ""ts-admin-travel-service"": 1.034082, ""ts-admin-user-service"": 0.027145, ""ts-assurance-mongo"": 0.255373, ""ts-assurance-service"": 0.083311, ""ts-auth-mongo"": 0.040756, ""ts-auth-service"": 0.630375, ""ts-avatar-service"": 0.004753, ""ts-basic-service"": 1.065575, ""ts-cancel-service"": 0.08243, ""ts-config-mongo"": 0.296177, ""ts-config-service"": 0.65578, ""ts-consign-mongo"": 0.257044, ""ts-consign-price-mongo"": 0.249843, ""ts-consign-price-service"": 0.118097, ""ts-consign-service"": 0.102811, ""ts-contacts-mongo"": 0.328021, ""ts-contacts-service"": 0.431791, ""ts-execute-service"": 0.025226, ""ts-food-map-mongo"": 0.096077, ""ts-food-map-service"": 0.711305, ""ts-food-mysql"": 0.331858, ""ts-food-service"": 0.937967, ""ts-inside-payment-mongo"": 0.129177, ""ts-inside-payment-service"": 0.283112, ""ts-news-service"": 0.159806, ""ts-notification-mongo"": 0.064359, ""ts-notification-service"": 0.083092, ""ts-order-mongo"": 0.010847, ""ts-order-other-mongo"": 0.530113, ""ts-order-other-service"": 0.872197, ""ts-order-service"": 0.902817, ""ts-payment-mongo"": 0.048096, ""ts-payment-service"": 0.580862, ""ts-preserve-mongo"": 0.442234, ""ts-preserve-other-mongo"": 0.178842, ""ts-preserve-other-service"": 0.167451, ""ts-preserve-service"": 0.41745, ""ts-price-mongo"": 0.241043, ""ts-price-service"": 0.508343, ""ts-rebook-service"": 0.070072, ""ts-route-mongo"": 0.408574, ""ts-route-plan-service"": 0.13125, ""ts-route-service"": 1.052804, ""ts-seat-service"": 0.877519, ""ts-security-mongo"": 0.267928, ""ts-security-service"": 0.260109, ""ts-station-mongo"": 1.243924, ""ts-station-service"": 0.656526, ""ts-ticket-office-mongo"": 0.307919, ""ts-ticket-office-service"": 0.011238, ""ts-ticketinfo-service"": 1.098285, ""ts-train-mongo"": 0.059524, ""ts-train-service"": 1.030754, ""ts-travel-mongo"": 0.209163, ""ts-travel-plan-service"": 0.172001, ""ts-travel-service"": 4.137634, ""ts-travel2-mongo"": 0.235342, ""ts-ui-dashboard"": 0.063359, ""ts-user-mongo"": 0.044905, ""ts-user-service"": 0.375221, ""ts-voucher-mysql"": 0.262652, ""ts-voucher-service"": 0.494948}"
TrainTicket,ts-travel-service,socket,1,latency-50,"{""ts-admin-basic-info-service"": 0.063907, ""ts-admin-travel-service"": 1.0955280691771238e+16, ""ts-assurance-service"": 0.296078, ""ts-auth-service"": 0.825043, ""ts-basic-service"": 0.464922, ""ts-config-service"": 1.287287, ""ts-consign-price-service"": 0.027757, ""ts-consign-service"": 0.148455, ""ts-food-map-service"": 1.108151, ""ts-food-service"": 57.906915, ""ts-order-service"": 0.003389, ""ts-price-service"": 0.156142, ""ts-route-service"": 1.001808, ""ts-station-service"": 0.378583, ""ts-ticketinfo-service"": 0.060272, ""ts-train-service"": 0.387981, ""ts-travel-service"": 24.699728, ""ts-travel2-service"": 0.093612, ""ts-ui-dashboard"": 3.981837}"
TrainTicket,ts-travel-service,socket,2,latency-50,"{""ts-admin-basic-info-service"": 0.382744, ""ts-admin-travel-service"": 0.698528, ""ts-assurance-service"": 0.529289, ""ts-auth-service"": 0.461444, ""ts-basic-service"": 0.472779, ""ts-config-service"": 1.187041, ""ts-consign-price-service"": 0.977812, ""ts-consign-service"": 0.553536, ""ts-contacts-service"": 0.453726, ""ts-food-map-service"": 1.019419, ""ts-food-service"": 0.770688, ""ts-inside-payment-service"": 0.663822, ""ts-order-other-service"": 0.416273, ""ts-order-service"": 0.580809, ""ts-price-service"": 1.035569, ""ts-route-service"": 0.670101, ""ts-seat-service"": 0.278508, ""ts-security-service"": 0.210117, ""ts-station-service"": 0.575817, ""ts-ticketinfo-service"": 0.303282, ""ts-train-service"": 1.057263, ""ts-travel-service"": 2.643552, ""ts-travel2-service"": 0.313536, ""ts-ui-dashboard"": 0.40273}"
TrainTicket,ts-travel-service,socket,3,latency-50,"{""ts-admin-basic-info-service"": 0.327505, ""ts-admin-travel-service"": 51.507292, ""ts-assurance-service"": 0.7056, ""ts-auth-service"": 0.194525, ""ts-basic-service"": 4.335729, ""ts-config-service"": 0.513917, ""ts-consign-price-service"": 0.082926, ""ts-consign-service"": 0.813177, ""ts-contacts-service"": 0.493495, ""ts-food-map-service"": 0.497768, ""ts-food-service"": 24.199759, ""ts-order-other-service"": 2.003238, ""ts-order-service"": 0.073768, ""ts-price-service"": 4.028252, ""ts-route-service"": 4.32817, ""ts-seat-service"": 26.886667, ""ts-security-service"": 0.200741, ""ts-station-service"": 4.676634, ""ts-ticketinfo-service"": 2.163051, ""ts-train-service"": 2.383264, ""ts-travel-service"": 166.450777, ""ts-travel2-service"": 1.565457, ""ts-ui-dashboard"": 1.640521, ""ts-user-service"": 0.594333}"
