he,injected,fault,run,layer,hang,n_cand,hang_moi_cot,r_top1,r_top2,r_med,n,P_tyle,P_khe,P_tutap,P_tho,nhom
SockShop,carts,cpu,1,workload,1,7,1,0.15733571541858346,0.10989480699423211,0.05318069777280433,7,2.958511678254853,0.30152663238691413,0.28466218266272825,0.15733571541858346,tai nguyen
SockShop,carts,cpu,1,cpu,1,15,1,132.31029654156967,1.340858458937479,0.2701753075504982,15,489.7201662918055,0.9898658041438506,0.9681350663719244,132.31029654156967,tai nguyen
SockShop,carts,cpu,1,latency-50,1,7,1,15.160047333748507,9.361314341823823,2.2406284030760126,7,6.765980165625083,0.3825009819735752,0.4644569340517853,15.160047333748507,tai nguyen
SockShop,carts,cpu,2,workload,3,7,1,0.25571501706804595,0.24223295951071433,0.19524260283285547,7,1.3097296049006275,0.05272297932250116,0.21294600439103192,0.25571501706804595,tai nguyen
SockShop,carts,cpu,2,cpu,1,15,1,170.7859776657703,0.8443291614872513,0.3453648986154713,15,494.5087886766487,0.9950562149596403,0.9743882395831686,170.7859776657703,tai nguyen
SockShop,carts,cpu,2,latency-50,1,7,1,5.17358806104674,4.1906146029805305,1.7092552632368865,7,3.026808325427827,0.18999840081340577,0.3694294069012998,5.17358806104674,tai nguyen
SockShop,carts,cpu,3,workload,7,7,1,0.10863759106245569,0.09505822905505952,0.062216274558802485,7,1.7461281928698416,0.1249968990898316,0.22180086797888685,0.10863759106245569,tai nguyen
SockShop,carts,cpu,3,cpu,1,15,1,117.17302623369487,3.843228428806714,0.22068419156995797,15,530.9534199079703,0.9672003996795165,0.9374919250977447,117.17302623369487,tai nguyen
SockShop,carts,cpu,3,latency-50,1,7,1,6.569327860278919,5.2477774670739565,1.9781418389865146,7,3.3209589579504883,0.20116980326033723,0.3734145807040363,6.569327860278919,tai nguyen
SockShop,carts,delay,1,workload,3,7,2,1.8307515359838495,1.1527688891290415,0.9082500448698597,7,2.015691104365618,0.3703302351678535,0.2664193741248753,1.8307515359838495,mang
SockShop,carts,delay,1,cpu,6,15,2,1.5493206987517285,1.4898614609168717,0.4896134040307988,15,3.164375578766364,0.038377617934597104,0.1633460357076874,1.5493206987517285,mang
SockShop,carts,delay,1,latency-50,1,7,2,1072.500184038183,363.847483408395,1.8797831979457722,7,570.5446166399464,0.660748325432976,0.7393719885103314,1072.500184038183,mang
SockShop,carts,delay,2,workload,4,7,1,2.0624209021861692,1.1634508157401158,0.8417587219547542,7,2.4501330944296735,0.43588100057226137,0.3076862304002258,2.0624209021861692,mang
SockShop,carts,delay,2,cpu,10,15,1,0.9938796813634913,0.7651439907236317,0.4142724039720645,15,2.399096999544559,0.23014424676240475,0.15252957154320004,0.9938796813634913,mang
SockShop,carts,delay,2,latency-50,1,7,1,3867.0734553663838,2215.381530687288,0.23935028806086295,7,16156.543978685537,0.42711677027676404,0.6346288580285465,3867.0734553663838,mang
SockShop,carts,delay,3,workload,4,7,2,1.8127680795296792,1.0429538517140073,0.6829868730530259,7,2.654177043588566,0.4246622811316268,0.3194456585348275,1.8127680795296792,mang
SockShop,carts,delay,3,cpu,13,15,2,1.0468563884114563,1.0276444627429904,0.4059283527353174,15,2.5789191155466082,0.018352016457213342,0.1522456045491969,1.0468563884114563,mang
SockShop,carts,delay,3,latency-50,2,7,2,5937.128470433336,3922.2382544366055,1.845939385976938,7,3216.318214745276,0.33937116672324064,0.6014014877494768,5937.128470433336,mang
SockShop,carts,disk,1,workload,6,7,1,0.08739576520697673,0.03893428983557583,0.03251947086754398,7,2.687490382698753,0.5545059907265651,0.32616125005602264,0.08739576520697673,tai nguyen
SockShop,carts,disk,1,cpu,1,15,1,16.0735422688783,1.3027981081412419,0.25853098685974074,15,62.17259472110622,0.9189476665225357,0.7906164867887132,16.0735422688783,tai nguyen
SockShop,carts,disk,1,latency-50,1,7,1,4.871881144387482,2.258257216767823,0.9664720865941487,7,5.040891725653463,0.536471200786705,0.4058295194832325,4.871881144387482,tai nguyen
SockShop,carts,disk,2,workload,6,7,1,0.04982531439945939,0.04925667176238464,0.04256536071071095,7,1.1705601354606066,0.011412725517712299,0.2043910236691387,0.04982531439945939,tai nguyen
SockShop,carts,disk,2,cpu,1,15,1,116.52556119627911,1.7346860870404328,0.20816696942719817,15,559.7696960133311,0.9851132569606897,0.9480565310475108,116.52556119627911,tai nguyen
SockShop,carts,disk,2,latency-50,2,7,1,57.10000461200788,52.55684268798307,8.135806337128267,7,7.018358383412888,0.07956500099948155,0.3992100473729392,57.10000461200788,tai nguyen
SockShop,carts,disk,3,workload,3,7,1,0.28038601030012006,0.265648801588229,0.2290102299749789,7,1.2243383639707026,0.05256042801891795,0.19088163189493473,0.28038601030012006,tai nguyen
SockShop,carts,disk,3,cpu,1,15,1,120.19485047039304,2.3379802478181415,0.47767147661292503,15,251.62660187012045,0.9805484158541881,0.9379813804906891,120.19485047039304,tai nguyen
SockShop,carts,disk,3,latency-50,1,7,1,48.95466419879308,28.748279062085636,9.177250017360306,7,5.3343500619670525,0.41275709817259065,0.4544526273956011,48.95466419879308,tai nguyen
SockShop,carts,loss,1,workload,1,7,2,4.1041642510034295,0.8969470951064958,0.43307342064552073,7,9.476832461539518,0.7814543862645846,0.5938188926045554,4.1041642510034295,mang
SockShop,carts,loss,1,cpu,9,15,2,0.9548091477922191,0.5841093964453963,0.3142501135334699,15,3.03837327871172,0.3882448677874342,0.19904504747154078,0.9548091477922191,mang
SockShop,carts,loss,1,latency-50,1,7,2,734.8870869545192,49.202583751744314,1.462798890164402,7,502.3842251288051,0.9330474237128766,0.9163645107566634,734.8870869545192,mang
SockShop,carts,loss,2,workload,3,7,1,1.128053724992538,0.6386329652525466,0.4555510752064474,7,2.476239847488725,0.4338629879913112,0.30761150020893674,1.128053724992538,mang
SockShop,carts,loss,2,cpu,2,15,1,3.716215988877541,1.0728291239681493,0.35880213865366833,15,10.357284944905517,0.7113114180717494,0.4204078140107222,3.716215988877541,mang
SockShop,carts,loss,2,latency-50,1,7,1,166.65069366943257,36.141297959155644,1.2204950800171213,7,136.54351942745626,0.7831314279984617,0.7785756925445257,166.65069366943257,mang
SockShop,carts,loss,3,workload,1,7,1,1.401260315500899,1.2785468253618846,0.6153039735108619,7,2.2773464431010417,0.08757365692979666,0.2645818955736722,1.401260315500899,mang
SockShop,carts,loss,3,cpu,4,15,1,1.3541062800899075,0.6727815268102418,0.36250597024080977,15,3.7354040795256025,0.5031545627529534,0.2260205823862936,1.3541062800899075,mang
SockShop,carts,loss,3,latency-50,1,7,1,582.6294007820685,179.75821402192068,1.1778452389601004,7,494.6570071433681,0.6914707466176103,0.7475695085031449,582.6294007820685,mang
SockShop,carts,mem,1,workload,5,7,1,0.13808696663390774,0.1321178457967264,0.08492442052218326,7,1.625998338108622,0.04322725730522064,0.21082816416454325,0.13808696663390774,tai nguyen
SockShop,carts,mem,1,cpu,1,15,1,18.914020979547967,3.0742757558558966,0.429074797748575,15,44.080941315576915,0.8374604871602839,0.6939960483742831,18.914020979547967,tai nguyen
SockShop,carts,mem,1,latency-50,1,7,1,4.814873781625675,4.339751574539988,2.038525442122365,7,2.3619395088897086,0.09867801912042411,0.296272384021828,4.814873781625675,tai nguyen
SockShop,carts,mem,2,workload,1,7,1,0.2012500313106038,0.18227689999467228,0.1312653476907306,7,1.5331542928203834,0.09427641423145369,0.22052154833368076,0.2012500313106038,tai nguyen
SockShop,carts,mem,2,cpu,1,15,1,250.87298074224563,0.8840649013280111,0.35610020392836117,15,704.501086982571,0.9964760457714005,0.9809262514547094,250.87298074224563,tai nguyen
SockShop,carts,mem,2,latency-50,1,7,1,12.152726879892233,3.994604411038496,2.3669921884991467,7,5.13424883231152,0.6712997460966621,0.5290938802094368,12.152726879892233,tai nguyen
SockShop,carts,mem,3,workload,7,7,1,0.09396911312440173,0.08106027193516392,0.06930170350755785,7,1.3559423270764726,0.1373732363755348,0.20555636735565372,0.09396911312440173,tai nguyen
SockShop,carts,mem,3,cpu,1,15,1,28.68667069910221,3.0839441072883758,0.43435923650572195,15,66.04365301375215,0.8924955726080513,0.7679704256669319,28.68667069910221,tai nguyen
SockShop,carts,mem,3,latency-50,1,7,1,4.252335127205632,2.5445296266753785,0.8364525247766263,7,5.083773437519617,0.4016159238259559,0.38048418917306553,4.252335127205632,tai nguyen
SockShop,carts,socket,1,workload,3,7,3,0.11978213482701992,0.10989092644172127,0.08540167216449845,7,1.4025736474608919,0.082576658026531,0.19563215239429665,0.11978213482701992,tai nguyen
SockShop,carts,socket,1,cpu,1,15,3,5.478761118906111,0.6169597987058437,0.22927388179406633,15,23.896141488227304,0.8873906371685311,0.6022773808320322,5.478761118906111,tai nguyen
SockShop,carts,socket,1,latency-50,3,7,3,7.488137009354591,4.623013507610122,1.0637519933228807,7,7.039363551238692,0.3826216718744862,0.42141331041228686,7.488137009354591,tai nguyen
SockShop,carts,socket,2,workload,4,7,2,0.20512771535322363,0.17544822928184522,0.12222432171562055,7,1.6782888419744681,0.14468784006233015,0.2244667964909635,0.20512771535322363,tai nguyen
SockShop,carts,socket,2,cpu,1,15,2,110.83984496995113,1.4036970174982817,0.3822626367116536,15,289.9573076862316,0.9873358085453942,0.955208027427927,110.83984496995113,tai nguyen
SockShop,carts,socket,2,latency-50,1,7,2,31.64209874714534,19.43249128032604,5.144290461151054,7,6.150916046848821,0.38586591756720356,0.4683255291983711,31.64209874714534,tai nguyen
SockShop,carts,socket,3,workload,4,7,2,0.5951571020691727,0.44941685539437987,0.3694026553716646,7,1.6111337951005558,0.2448769344566337,0.24963246982750675,0.5951571020691727,tai nguyen
SockShop,carts,socket,3,cpu,1,15,2,229.13057649101523,2.1968369109759136,0.43702293132445297,15,524.2987497168768,0.9904122926559212,0.9555200860703886,229.13057649101523,tai nguyen
SockShop,carts,socket,3,latency-50,2,7,2,140.46419392981537,120.1872456272195,9.633008000757444,7,14.581550634938813,0.14435670568634376,0.4911451060919271,140.46419392981537,tai nguyen
SockShop,catalogue,cpu,1,workload,7,7,1,0.5747847138559156,0.5560163729822047,0.5354911932015896,7,1.0733784629013192,0.03265281838795661,0.15206204169375595,0.5747847138559156,tai nguyen
SockShop,catalogue,cpu,1,cpu,1,15,1,835.2845643343228,0.7583883525080277,0.47204962007425194,15,1769.484666046199,0.9990920598980391,0.9927838814199123,835.2845643343228,tai nguyen
SockShop,catalogue,cpu,1,latency-50,1,7,1,25.468821346783756,0.441574017552835,0.2487812537146912,7,102.37435886544756,0.9826621730334373,0.9477669922474304,25.468821346783756,tai nguyen
SockShop,catalogue,cpu,2,workload,7,7,1,0.6679880805514474,0.6570737236765197,0.6503665822757373,7,1.0270947166658682,0.016339149144573833,0.14697221070868532,0.6679880805514474,tai nguyen
SockShop,catalogue,cpu,2,cpu,1,15,1,805.9294487120565,1.1776071421791197,0.6654341714247538,15,1211.1332470144864,0.9985388210542983,0.9904592877780726,805.9294487120565,tai nguyen
SockShop,catalogue,cpu,2,latency-50,1,7,1,9.516070152950636,3.012537492644957,0.8928941835812525,7,10.657556436064166,0.6834263047429444,0.5878478233209368,9.516070152950636,tai nguyen
SockShop,catalogue,cpu,3,workload,3,7,1,0.14458292391587652,0.1412067716611249,0.09028381862900647,7,1.6014267685109276,0.02335097508967219,0.2127298171723552,0.14458292391587652,tai nguyen
SockShop,catalogue,cpu,3,cpu,1,15,1,15.653393221989361,2.0418035086010033,0.16603787797663172,15,94.27603756892407,0.8695616036954373,0.7736356130527698,15.653393221989361,tai nguyen
SockShop,catalogue,cpu,3,latency-50,1,7,1,12.876196250014997,4.740051786591645,1.9195886301936191,7,6.707789391686614,0.6318748414085313,0.5004078805405527,12.876196250014997,tai nguyen
SockShop,catalogue,delay,1,workload,3,7,1,0.6004122770976495,0.40350090407594685,0.3012052422734407,7,1.9933659605850491,0.3279602708551503,0.25998754451496525,0.6004122770976495,mang
SockShop,catalogue,delay,1,cpu,1,15,1,2.6458240049623596,2.2850488317697293,0.13297350618074236,15,19.897377161478023,0.1363564517201373,0.388175660195801,2.6458240049623596,mang
SockShop,catalogue,delay,1,latency-50,1,7,1,25078.091977755066,3.5078458802940333,0.29900795247611356,7,83870.98660781755,0.9998601230953533,0.9997968039394204,25078.091977755066,mang
SockShop,catalogue,delay,2,workload,2,7,1,0.8099352615608135,0.3698238204784522,0.3009813951221096,7,2.6909811526131673,0.5433908880991667,0.3344109700330837,0.8099352615608135,mang
SockShop,catalogue,delay,2,cpu,11,15,1,2.9444233900503605,0.44727019731547984,0.22222258536956319,15,13.24988360275663,0.8480958279210552,0.478250872989028,2.9444233900503605,mang
SockShop,catalogue,delay,2,latency-50,1,7,1,1535.9538161792946,3.1480726709145586,0.7771880311873,7,1976.2962816512215,0.9979504118953618,0.9960062400100669,1535.9538161792946,mang
SockShop,catalogue,delay,3,workload,3,7,1,2.3312693217626372,1.3400999563246045,1.2183445326006577,7,1.9134729621893973,0.4251629600172599,0.2799546565673052,2.3312693217626372,mang
SockShop,catalogue,delay,3,cpu,13,15,1,1.6983163110683988,1.6567250383261927,0.5120320488054974,15,3.3168164278590466,0.024489709290986737,0.17313090426153907,1.6983163110683988,mang
SockShop,catalogue,delay,3,latency-50,1,7,1,14783.490937353572,2.2349380053350436,0.9504984598237687,7,15553.408618983527,0.9998488220397466,0.9996104896381447,14783.490937353572,mang
SockShop,catalogue,disk,1,workload,3,7,1,0.474391496099349,0.4673079064997512,0.44078235712393377,7,1.0762488299094182,0.014931948944789565,0.15659852478049763,0.474391496099349,tai nguyen
SockShop,catalogue,disk,1,cpu,1,15,1,318.49999021878256,0.6294315387964179,0.5424461864739905,15,587.1549992619483,0.9980237627688338,0.9815798824445581,318.49999021878256,tai nguyen
SockShop,catalogue,disk,1,latency-50,1,7,1,0.947230730370563,0.8337674197810668,0.5524343355665242,7,1.7146485462370349,0.11978423730521137,0.24452914278469276,0.947230730370563,tai nguyen
SockShop,catalogue,disk,2,workload,5,7,1,0.12294163224844909,0.044776774010949434,0.03458719780543958,7,3.554541565929168,0.6357883558885783,0.42264991116129497,0.12294163224844909,tai nguyen
SockShop,catalogue,disk,2,cpu,1,15,1,300.5661766057232,2.819656927187381,0.374816676742017,15,801.9018236283018,0.9906188482049789,0.9764235060941764,300.5661766057232,tai nguyen
SockShop,catalogue,disk,2,latency-50,4,7,1,1.3330749453745954,1.0614513992785826,0.7404320165044779,7,1.8004015435042082,0.2037571458667587,0.27547631584168064,1.3330749453745954,tai nguyen
SockShop,catalogue,disk,3,workload,3,7,1,0.17627108809290323,0.1286547237221564,0.10276998948812145,7,1.7152000206565878,0.27013144858815846,0.2405312428353709,0.17627108809290323,tai nguyen
SockShop,catalogue,disk,3,cpu,1,15,1,12.904422940425182,1.191044942376345,0.38169134019468604,15,33.808529514563084,0.9077025801250511,0.7015831170705182,12.904422940425182,tai nguyen
SockShop,catalogue,disk,3,latency-50,1,7,1,2.345654847389025,1.638105015423416,0.5472461889614056,7,4.286288136315283,0.30164277270084755,0.3528076169176356,2.345654847389025,tai nguyen
SockShop,catalogue,loss,1,workload,2,7,1,10.254725044960416,7.39286274236508,6.906904343848159,7,1.4847063944202579,0.2790774291897539,0.21957169687343148,10.254725044960416,mang
SockShop,catalogue,loss,1,cpu,5,15,1,7.112323083680065,6.397219166377587,3.4568508293982054,15,2.0574573317409337,0.10054435223047656,0.14685631586207115,7.112323083680065,mang
SockShop,catalogue,loss,1,latency-50,1,7,1,20316.678111592737,1.468316152739794,0.5951895261201923,7,34134.80449501391,0.999927728531964,0.9997812908900051,20316.678111592737,mang
SockShop,catalogue,loss,2,workload,4,7,1,4.002177719888197,1.628257126402638,1.537663610444659,7,2.60276545058568,0.5931572158049682,0.3063209793942105,4.002177719888197,mang
SockShop,catalogue,loss,2,cpu,1,15,1,1.5664583336075137,1.5150791900872427,1.3403386405008901,15,1.1687034054484333,0.032799559629489924,0.09953720376883791,1.5664583336075137,mang
SockShop,catalogue,loss,2,latency-50,1,7,1,2824.249738758566,1.154108487569943,0.6682625328079695,7,4226.257795557328,0.9995913574951495,0.9986642878609565,2824.249738758566,mang
SockShop,catalogue,loss,3,workload,4,7,1,6.55094402800547,5.80270743173394,5.473856873578815,7,1.1967693308945533,0.11421813300080076,0.1931266975116511,6.55094402800547,mang
SockShop,catalogue,loss,3,cpu,10,15,1,5.601251452007188,3.976279210111359,2.0995646115968642,15,2.6678157085849565,0.2901087829780479,0.17679234521696724,5.601251452007188,mang
SockShop,catalogue,loss,3,latency-50,1,7,1,26.98713391679165,2.6084826936758687,0.8399603528871651,7,32.129056834682444,0.9033434709399487,0.8257248744162222,26.98713391679165,mang
SockShop,catalogue,mem,1,workload,4,7,1,0.29851193023171035,0.21243204978385427,0.1850370183726234,7,1.6132551899997314,0.28836328377575837,0.2399643436788614,0.29851193023171035,tai nguyen
SockShop,catalogue,mem,1,cpu,1,15,1,786.9219247458409,1.31714002039702,0.29667542183608786,15,2652.4675346399695,0.9983262125771595,0.9929135451613426,786.9219247458409,tai nguyen
SockShop,catalogue,mem,1,latency-50,1,7,1,101.48245479208006,5.20726901480197,2.1226065707983075,7,47.81029899191952,0.9486879872439945,0.8820135296065975,101.48245479208006,tai nguyen
SockShop,catalogue,mem,2,workload,2,7,1,0.5298478211901141,0.3806544854013989,0.3126032568726802,7,1.6949529780680281,0.28157770933851456,0.23646348535254072,0.5298478211901141,tai nguyen
SockShop,catalogue,mem,2,cpu,1,15,1,14.43337843852426,0.815093348026394,0.17863486067582596,15,80.79821813009357,0.9435271962487437,0.8207024876351383,14.43337843852426,tai nguyen
SockShop,catalogue,mem,2,latency-50,1,7,1,54.26401362529081,11.23697775331439,4.1675682711755595,7,13.02054581819349,0.7929202614662993,0.6780039335280863,54.26401362529081,tai nguyen
SockShop,catalogue,mem,3,workload,6,7,1,0.055451456465270374,0.027966032424657273,0.02058134104168224,7,2.694258666282612,0.4956664043229849,0.33940401079975363,0.055451456465270374,tai nguyen
SockShop,catalogue,mem,3,cpu,1,15,1,13.565865371951848,0.9006958734093181,0.26866941622757706,15,50.49277868107195,0.9336057193025403,0.7469297044806869,13.565865371951848,tai nguyen
SockShop,catalogue,mem,3,latency-50,1,7,1,12.213403736069566,11.01918624025711,3.486310930082869,7,3.503245688926333,0.0977792531565628,0.3487022890896202,12.213403736069566,tai nguyen
SockShop,catalogue,socket,1,workload,3,7,1,0.1589804126900853,0.04045545917865994,0.003927805290139335,7,40.47563485114753,0.7455318017224966,0.7279500136626109,0.1589804126900853,tai nguyen
SockShop,catalogue,socket,1,cpu,1,15,1,2689.02999068313,0.4741896803567485,0.20933631538868597,15,12845.501678436749,0.9998236577196984,0.9988105444332024,2689.02999068313,tai nguyen
SockShop,catalogue,socket,1,latency-50,1,7,1,882.8386628153382,1.9846396467740388,0.6082355882181394,7,1451.4748559874047,0.9977519792342974,0.9954159712560038,882.8386628153382,tai nguyen
SockShop,catalogue,socket,2,workload,1,7,1,0.061942872308586056,0.04376349829103738,0.02687528369974753,7,2.304826732272521,0.29348613230240517,0.3044813517786056,0.061942872308586056,tai nguyen
SockShop,catalogue,socket,2,cpu,1,15,1,41.80760304026281,1.1293440720042864,0.17649768641577257,15,236.87337714885032,0.9729871126331574,0.9298002475260548,41.80760304026281,tai nguyen
SockShop,catalogue,socket,2,latency-50,1,7,1,936.5180769013439,12.286635266317486,2.2469633202394705,7,416.792774704277,0.9868805145684211,0.9805089002348695,936.5180769013439,tai nguyen
SockShop,catalogue,socket,3,workload,2,7,1,0.14834071847730773,0.12667097430074598,0.08897215657566446,7,1.6672712473947346,0.14608088998757723,0.2201261939270537,0.14834071847730773,tai nguyen
SockShop,catalogue,socket,3,cpu,1,15,1,13.724749181973975,3.567543392424695,0.3401579680608199,15,40.34816312025948,0.7400649479911596,0.5166610259775395,13.724749181973975,tai nguyen
SockShop,catalogue,socket,3,latency-50,1,7,1,54.25642118770383,9.38056055237621,2.7329741503420206,7,19.85251897860573,0.8271069055601085,0.756686134126939,54.25642118770383,tai nguyen
SockShop,orders,cpu,1,workload,6,7,1,0.16568753462320407,0.1542523754180671,0.13491389308360935,7,1.2280983880624035,0.0690164123157609,0.19499447803294595,0.16568753462320407,tai nguyen
SockShop,orders,cpu,1,cpu,1,15,1,368.25207738736685,2.398485464359159,0.3599213145700547,15,1023.1460668764885,0.9934868379253264,0.9812206404037016,368.25207738736685,tai nguyen
SockShop,orders,cpu,1,latency-50,1,7,1,42.61609450773194,3.93933930559086,0.6699086176163229,7,63.614787729360835,0.9075621698540175,0.842152389104032,42.61609450773194,tai nguyen
SockShop,orders,cpu,2,workload,3,7,1,0.08198037836757321,0.07567270212056078,0.0683620539590486,7,1.19920882448445,0.07694129220446969,0.2063380373283358,0.08198037836757321,tai nguyen
SockShop,orders,cpu,2,cpu,1,15,1,220.63066591538544,1.7019960539508392,0.22893872079132702,15,963.7105735227979,0.9922857684044539,0.9802402673683063,220.63066591538544,tai nguyen
SockShop,orders,cpu,2,latency-50,1,7,1,14.309505599214125,2.4593296998838188,1.3968783965414464,7,10.243916460189562,0.8281331466812603,0.6189290728920133,14.309505599214125,tai nguyen
SockShop,orders,cpu,3,workload,6,7,1,0.16302573131787015,0.1600831346222867,0.1317827987434815,7,1.2370789880946738,0.018049891092627102,0.19211796989123003,0.16302573131787015,tai nguyen
SockShop,orders,cpu,3,cpu,1,15,1,79.39195307049462,1.9415990998442816,0.2779822705043143,15,285.6007792384099,0.9755441323112397,0.9331347877498242,79.39195307049462,tai nguyen
SockShop,orders,cpu,3,latency-50,1,7,1,25.451781968030264,5.125079505677352,2.590613004295645,7,9.824617542576679,0.7986357296273041,0.6380818018601424,25.451781968030264,tai nguyen
SockShop,orders,delay,1,workload,5,7,4,0.2882338761265142,0.20158530202812294,0.1488275411660675,7,1.936697158793289,0.3006189808874467,0.2553861223778036,0.2882338761265142,mang
SockShop,orders,delay,1,cpu,13,15,4,0.617683071041223,0.4818871372305581,0.25033631654695193,15,2.4674129569425585,0.21984726500882545,0.15813265341847255,0.617683071041223,mang
SockShop,orders,delay,1,latency-50,3,7,4,1608.0103959657313,305.78294455295526,2.55131623934855,7,630.2669857878218,0.809837706696349,0.8363090968846737,1608.0103959657313,mang
SockShop,orders,delay,2,workload,7,7,3,0.698216197313478,0.3398107308208866,0.2257685674209131,7,3.092619159919432,0.5133158867863934,0.3353737230724943,0.698216197313478,mang
SockShop,orders,delay,2,cpu,3,15,3,2.248821946850039,1.086506623167018,0.38695951627239555,15,5.811517361074557,0.5168552029257341,0.29630201192584543,2.248821946850039,mang
SockShop,orders,delay,2,latency-50,1,7,3,570.5277861170789,102.96603938950042,3.0522650767306048,7,186.9194751355582,0.8195249348147075,0.8021942624888638,570.5277861170789,mang
SockShop,orders,delay,3,workload,6,7,1,0.33814649100037836,0.18377829976489424,0.14378934347116382,7,2.351679775686519,0.45651276989093875,0.28150949079973997,0.33814649100037836,mang
SockShop,orders,delay,3,cpu,8,15,1,0.6339337008579274,0.5936206464530766,0.33398194903442596,15,1.8981076752521833,0.06359190929634069,0.12361437975869079,0.6339337008579274,mang
SockShop,orders,delay,3,latency-50,1,7,1,1258.3515731039417,297.4292877405857,4.864319859254623,7,258.6901374731479,0.7636357802558111,0.7538492657533874,1258.3515731039417,mang
SockShop,orders,disk,1,workload,1,7,5,2.795133985433611,1.1446362744854577,0.5851167031620685,7,4.777053825891894,0.5904896579374925,0.4695954163842274,2.795133985433611,tai nguyen
SockShop,orders,disk,1,cpu,8,15,5,91.76960987730564,73.75140610958978,3.4605342203201035,15,26.51891414292006,0.19634172785310827,0.3425034869077587,91.76960987730564,tai nguyen
SockShop,orders,disk,1,latency-50,4,7,5,52.21041528453016,20.35058879681652,2.9256893777977946,7,17.845508713515457,0.6102197485710028,0.5451419058338229,52.21041528453016,tai nguyen
SockShop,orders,disk,2,workload,1,7,1,2.1183723579890597,0.4984495525605387,0.2540125784369689,7,8.339635663021767,0.7647016348751314,0.5786520036238975,2.1183723579890597,tai nguyen
SockShop,orders,disk,2,cpu,1,15,1,2.9521117140578874,2.7838837732804658,0.3749175454553336,15,7.874029236141982,0.05698562827969013,0.2962993951929945,2.9521117140578874,tai nguyen
SockShop,orders,disk,2,latency-50,3,7,1,1.160409280275325,0.7745297034637908,0.7141522511591416,7,1.6248765979409334,0.332537479121141,0.24882829107825166,1.160409280275325,tai nguyen
SockShop,orders,disk,3,workload,5,7,1,0.1427701590569617,0.08762375174230147,0.05670588854786867,7,2.5177307456604137,0.38626003976544004,0.32036182872076774,0.1427701590569617,tai nguyen
SockShop,orders,disk,3,cpu,1,15,1,8.770759584385905,0.9660349193503008,0.18276808449313725,15,47.98846367903603,0.8898573253484134,0.686913847309239,8.770759584385905,tai nguyen
SockShop,orders,disk,3,latency-50,7,7,1,1.79189366671283,0.7600519050205944,0.4761110090999381,7,3.7636047738116942,0.5758387235025587,0.4522507464254789,1.79189366671283,tai nguyen
SockShop,orders,loss,1,workload,2,7,1,3.3270866014749516,3.0326395205950605,1.7450955186326895,7,1.9065355253916287,0.08849997494785918,0.27271072190691265,3.3270866014749516,mang
SockShop,orders,loss,1,cpu,2,15,1,3.8172189887020322,3.61699373868484,0.20317706671449437,15,18.787646905376437,0.05245317353020789,0.35916483027247137,3.8172189887020322,mang
SockShop,orders,loss,1,latency-50,1,7,1,2561.227844439333,16.744921732698803,4.343009174596942,7,589.735766486616,0.9934621506754842,0.9874158409065646,2561.227844439333,mang
SockShop,orders,loss,2,workload,3,7,1,3.307449472402119,2.7213465233359133,1.2991987053693277,7,2.545761059284537,0.17720692453709155,0.29504482864836656,3.307449472402119,mang
SockShop,orders,loss,2,cpu,1,15,1,1.6037428208752489,0.9885371182011158,0.21261368478727136,15,7.542989636249702,0.38360620834354364,0.3289029922257302,1.6037428208752489,mang
SockShop,orders,loss,2,latency-50,1,7,1,984.7687767212763,3.202080937614283,0.8305486482965909,7,1185.6846420025875,0.9967483931118578,0.9920966353408076,984.7687767212763,mang
SockShop,orders,loss,3,workload,3,7,1,2.9296199001403878,2.219672320335817,1.2837815032968243,7,2.282023765428117,0.24233436555047633,0.28850574210297303,2.9296199001403878,mang
SockShop,orders,loss,3,cpu,6,15,1,0.6862578673429369,0.45478776038613744,0.2623209744733912,15,2.616099870475848,0.3372931925035829,0.16651046768483346,0.6862578673429369,mang
SockShop,orders,loss,3,latency-50,1,7,1,1562.699542673296,3.6434365536297806,0.6281631269654617,7,2487.7288646699217,0.9976684983554823,0.9940614311052315,1562.699542673296,mang
SockShop,orders,mem,1,workload,7,7,1,0.28533649944090733,0.06644012796318173,0.00706489102064587,7,40.3879548328577,0.767151667966189,0.7233184572843847,0.28533649944090733,tai nguyen
SockShop,orders,mem,1,cpu,1,15,1,198.85155038248206,3.822152072934547,0.42591266907673564,15,466.8833890608111,0.9807788671218162,0.9458409275188594,198.85155038248206,tai nguyen
SockShop,orders,mem,1,latency-50,1,7,1,18.155025334323593,7.9177457221300855,4.455065489716051,7,4.075142189544048,0.5638813179092114,0.4559519283079741,18.155025334323593,tai nguyen
SockShop,orders,mem,2,workload,3,7,1,0.03370106322064949,0.02967251232468529,0.017918708150267058,7,1.8807752734198762,0.11953779824654918,0.26978599181949836,0.03370106322064949,tai nguyen
SockShop,orders,mem,2,cpu,1,15,1,33.340824729738635,1.9826711261914503,0.2503238522856309,15,133.19076238765786,0.9405332308884672,0.8702769310465648,33.340824729738635,tai nguyen
SockShop,orders,mem,2,latency-50,1,7,1,134.31263273670245,8.415320134620636,2.889731994856008,7,46.4792696955259,0.9373452819503773,0.8800964950409829,134.31263273670245,tai nguyen
SockShop,orders,mem,3,workload,6,7,1,0.034424863745679976,0.023166839819030723,0.020018243005295082,7,1.7196745856554023,0.32703176430326575,0.23641627736835635,0.034424863745679976,tai nguyen
SockShop,orders,mem,3,cpu,1,15,1,21.37616653499438,4.080773495440373,0.1825423238011234,15,117.10252225277537,0.8090970385751888,0.7363463538561855,21.37616653499438,tai nguyen
SockShop,orders,mem,3,latency-50,1,7,1,7.306545795231104,1.465848562755855,1.111208066140703,7,6.575317456619269,0.7993787209665342,0.5718109402751618,7.306545795231104,tai nguyen
SockShop,orders,socket,1,workload,3,7,6,0.3201166435680965,0.29160543150825535,0.20589551014880875,7,1.5547529100403192,0.08906507247498402,0.23747356440403222,0.3201166435680965,tai nguyen
SockShop,orders,socket,1,cpu,1,15,6,3.205801946569841,0.3472428870683297,0.1080312875447754,15,29.674754595895582,0.891682988264489,0.6628420446651098,3.205801946569841,tai nguyen
SockShop,orders,socket,1,latency-50,3,7,6,2.490982862377395,2.403217144738459,1.9489727151535274,7,1.2781004285024953,0.035233368709398624,0.23323417913989172,2.490982862377395,tai nguyen
SockShop,orders,socket,2,workload,6,7,1,0.07426076007420651,0.05083934331630303,0.02375546864828022,7,3.1260490446936573,0.3153942504022202,0.3023537827461544,0.07426076007420651,tai nguyen
SockShop,orders,socket,2,cpu,1,15,1,11.076166466318886,2.025947768250659,0.19990648175626202,15,55.40674003669182,0.8170894438602662,0.6869089673067637,11.076166466318886,tai nguyen
SockShop,orders,socket,2,latency-50,1,7,1,33.1350437751635,15.219193211684573,4.522155260232178,7,7.327268054361821,0.540691923784565,0.5390846632099557,33.1350437751635,tai nguyen
SockShop,orders,socket,3,workload,4,7,1,0.09418014073980589,0.08205883631453231,0.03233359559587578,7,2.9127642318820484,0.12870340105735717,0.2917820846643848,0.09418014073980589,tai nguyen
SockShop,orders,socket,3,cpu,1,15,1,105.02572921870338,1.7981903587332984,0.327417361598654,15,320.7701897843866,0.9828785729734018,0.9516132886293525,105.02572921870338,tai nguyen
SockShop,orders,socket,3,latency-50,1,7,1,1491.984958394744,33.04860535888942,8.431867233630935,7,176.94597377481054,0.9778492369021956,0.9651095116401908,1491.984958394744,tai nguyen
SockShop,payment,cpu,1,workload,4,7,1,0.04207167841367435,0.03259722035898759,0.022671514288236192,7,1.8557065875173822,0.22519800521215533,0.256186952720571,0.04207167841367435,tai nguyen
SockShop,payment,cpu,1,cpu,1,15,1,1140.2588307312626,0.3647455687317082,0.19407455845936672,15,5875.364807128998,0.9996801203736367,0.9977368632515383,1140.2588307312626,tai nguyen
SockShop,payment,cpu,1,latency-50,2,7,1,7.102320408686946,4.835137774441125,0.5710238526784166,7,12.437869933756968,0.3192171718235633,0.5089607790414046,7.102320408686946,tai nguyen
SockShop,payment,cpu,2,workload,6,7,1,0.13291816211026605,0.0804827635357645,0.07275314729846262,7,1.8269747364328086,0.394493858040275,0.26694700293331525,0.13291816211026605,tai nguyen
SockShop,payment,cpu,2,cpu,1,15,1,653.2424300018715,1.2872108079760503,0.2409759701304245,15,2710.8197952198893,0.9980295052053303,0.9941180718410335,653.2424300018715,tai nguyen
SockShop,payment,cpu,2,latency-50,2,7,1,8.091002922508915,3.1443920158717473,0.5568874951635077,7,14.52897217620826,0.6113717859223424,0.5611839140944423,8.091002922508915,tai nguyen
SockShop,payment,cpu,3,workload,7,7,1,0.22480138049896625,0.20202091774268643,0.19064840070111436,7,1.1791411817369222,0.10133595579224912,0.1770144500913928,0.22480138049896625,tai nguyen
SockShop,payment,cpu,3,cpu,1,15,1,550.6974844340585,1.3009494577348848,0.29051872810119506,15,1895.5662102521549,0.997637633193346,0.9909686915311929,550.6974844340585,tai nguyen
SockShop,payment,cpu,3,latency-50,2,7,1,6.6899765219766225,5.533961432130777,1.5212623749654943,7,4.397648053399314,0.17279807874486963,0.3854133143090786,6.6899765219766225,tai nguyen
SockShop,payment,delay,1,workload,2,7,1,0.10870146916372471,0.062109854844604635,0.042658312767850155,7,2.5481896050433717,0.42861991358133716,0.3047307030581404,0.10870146916372471,mang
SockShop,payment,delay,1,cpu,5,15,1,0.463265897911994,0.3482704591201338,0.15325410139919815,15,3.02286133736332,0.2482277225890383,0.17614836818359234,0.463265897911994,mang
SockShop,payment,delay,1,latency-50,1,7,1,168.98445436957857,0.89529859232063,0.4964943326098827,7,340.3552533647087,0.9947018878413362,0.9860463307176145,168.98445436957857,mang
SockShop,payment,delay,2,workload,3,7,1,0.08175719487302484,0.04463098810713606,0.034441332626695215,7,2.3738104375687095,0.45410323609498354,0.37656199568707566,0.08175719487302484,mang
SockShop,payment,delay,2,cpu,6,15,1,0.7040773009715858,0.6870516524631383,0.1881979675474564,15,3.7411525222451947,0.024181504623076413,0.1843743653832513,0.7040773009715858,mang
SockShop,payment,delay,2,latency-50,1,7,1,385.97322140213316,322.9796803194569,1.255942798858396,7,307.31751617427807,0.1632070247097409,0.5417319029291886,385.97322140213316,mang
SockShop,payment,delay,3,workload,5,7,1,0.18532750342778107,0.17886589473103096,0.13314513931010155,7,1.3919209096784542,0.03486589187917317,0.2110909491082389,0.18532750342778107,mang
SockShop,payment,delay,3,cpu,11,15,1,2.763052204735234,0.7811648825987986,0.24075945217936234,15,11.476401776644682,0.7172818952678266,0.39455780111740246,2.763052204735234,mang
SockShop,payment,delay,3,latency-50,1,7,1,215.4939495249601,19.51389801897348,0.6801987055273618,7,316.8102905428002,0.9094457266109309,0.9062043281790423,215.4939495249601,mang
SockShop,payment,disk,1,workload,5,7,1,0.5724976025439522,0.3312860620700602,0.3203821507350866,7,1.7869210292471367,0.42133196611137513,0.2748438035620208,0.5724976025439522,tai nguyen
SockShop,payment,disk,1,cpu,1,15,1,331.085613624228,0.7588955696815398,0.32945772421876535,15,1004.9411177392269,0.9977078570060043,0.9870545196477282,331.085613624228,tai nguyen
SockShop,payment,disk,1,latency-50,1,7,1,11.894873748503468,4.585325202236866,0.9233241497405201,7,12.882662878303638,0.6145124951146489,0.5957815970383122,11.894873748503468,tai nguyen
SockShop,payment,disk,2,workload,7,7,1,0.2454178991834379,0.23991924135905895,0.1516809590694659,7,1.6179875225541192,0.02240528438501939,0.2269426000710755,0.2454178991834379,tai nguyen
SockShop,payment,disk,2,cpu,1,15,1,379.4791121580673,3.4835373141511194,0.27366778395404834,15,1386.6415208806084,0.9908202132804081,0.9781541138134404,379.4791121580673,tai nguyen
SockShop,payment,disk,2,latency-50,7,7,1,1.5263930909830432,1.160450407224144,0.44897273250233033,7,3.399745642626795,0.239743409427529,0.3160952865556124,1.5263930909830432,tai nguyen
SockShop,payment,disk,3,workload,7,7,1,0.03922426122972271,0.037949980549646,0.030647969586254403,7,1.2798322942513871,0.03248705367868368,0.23192379202761,0.03922426122972271,tai nguyen
SockShop,payment,disk,3,cpu,1,15,1,395.24294898069314,1.4724838331594514,0.22615817726561724,15,1747.63943430836,0.9962744842458116,0.9884287530504172,395.24294898069314,tai nguyen
SockShop,payment,disk,3,latency-50,4,7,1,2.478112503280827,1.8174577368434144,0.3918487290844557,7,6.324156031004291,0.2665959538006275,0.37068455109414994,2.478112503280827,tai nguyen
SockShop,payment,loss,1,workload,2,7,1,3.376887430092394,2.809991996390766,0.029571125029026833,7,114.19543310501925,0.16787513514660377,0.5305673758089174,3.376887430092394,mang
SockShop,payment,loss,1,cpu,1,15,1,6.798693854813233,2.8702046779162282,0.6069863939261927,15,11.200735177665166,0.5778299862871122,0.37710328016738537,6.798693854813233,mang
SockShop,payment,loss,1,latency-50,1,7,1,24.097206884191195,11.720785937127676,0.8156628111003859,7,29.543098638618066,0.5136039627556579,0.6078566660259198,24.097206884191195,mang
SockShop,payment,loss,2,workload,1,7,1,2.959632481020173,2.384893987618553,0.037331307090944045,7,79.28017290715574,0.19419252122936223,0.5325678059448007,2.959632481020173,mang
SockShop,payment,loss,2,cpu,2,15,1,1.0864456334122417,1.0385441145519105,0.3600245731118096,15,3.0176985532452365,0.04409012046915313,0.14914170877823157,1.0864456334122417,mang
SockShop,payment,loss,2,latency-50,1,7,1,37.874709729671,12.636209304744241,0.9734287602906889,7,38.908558360614606,0.6663681545037676,0.6937109302931695,37.874709729671,mang
SockShop,payment,loss,3,workload,2,7,1,2.70698880969837,2.3983331005224793,0.03566414901043956,7,75.90224033961904,0.11402178984636556,0.515469080156861,2.70698880969837,mang
SockShop,payment,loss,3,cpu,1,15,1,0.8454500361295814,0.7025225849477972,0.25205267072237203,15,3.3542593843840582,0.1690548761888962,0.16316008210954405,0.8454500361295814,mang
SockShop,payment,loss,3,latency-50,2,7,1,16.440085990308223,5.33420713699504,0.9690228797935145,7,16.965632425326614,0.6755365428052099,0.6487536133343048,16.440085990308223,mang
SockShop,payment,mem,1,workload,3,7,1,0.29729417491071214,0.27943962290096525,0.17015878985253177,7,1.747157317987289,0.06005685114788825,0.24113116445152993,0.29729417491071214,tai nguyen
SockShop,payment,mem,1,cpu,1,15,1,754.5656216361261,0.9187349688202558,0.36576993634724503,15,2062.9514529586063,0.9987824319814251,0.9926896553666884,754.5656216361261,tai nguyen
SockShop,payment,mem,1,latency-50,1,7,1,2.046702063532072,1.6731472855683958,0.5048488936132647,7,4.054088439975727,0.1825154645708513,0.3402696060685691,2.046702063532072,tai nguyen
SockShop,payment,mem,2,workload,5,7,1,0.14199432405650134,0.12103627292835749,0.09983303514098127,7,1.4223180118282603,0.1475978090490742,0.20916257776684463,0.14199432405650134,tai nguyen
SockShop,payment,mem,2,cpu,1,15,1,713.2040082475679,1.5528289516409448,0.277632659709775,15,2568.8764750988594,0.9978227422537117,0.9917842411528546,713.2040082475679,tai nguyen
SockShop,payment,mem,2,latency-50,2,7,1,14.244684006845713,9.199622969460679,2.703740166628891,7,5.268510703307129,0.3541714954828396,0.39171143598970404,14.244684006845713,tai nguyen
SockShop,payment,mem,3,workload,6,7,1,0.15964790840283338,0.13182947638814158,0.13003138185119034,7,1.22776445293442,0.17424864686920066,0.19090599138567926,0.15964790840283338,tai nguyen
SockShop,payment,mem,3,cpu,1,15,1,548.1924540084809,1.6303288967569722,0.2687777238939806,15,2039.5754754762174,0.997025991720908,0.9913694947822324,548.1924540084809,tai nguyen
SockShop,payment,mem,3,latency-50,2,7,1,23.198228792029596,7.048885457696948,2.879614962237291,7,8.056017591326148,0.6961455324503572,0.5572450214996475,23.198228792029596,tai nguyen
SockShop,payment,socket,1,workload,4,7,1,0.09146468820928529,0.07093042878910166,0.0622358490351408,7,1.4696463473590717,0.22450477689486106,0.20484222684146774,0.09146468820928529,tai nguyen
SockShop,payment,socket,1,cpu,1,15,1,886.2919783828893,0.5847557292287034,0.23436494914716258,15,3781.6746130683914,0.9993402222478696,0.99619713856606,886.2919783828893,tai nguyen
SockShop,payment,socket,1,latency-50,1,7,1,331.3582642466701,11.839817892865772,0.32699808118691404,7,1013.3339713919108,0.9642688317438434,0.9621050889733066,331.3582642466701,tai nguyen
SockShop,payment,socket,2,workload,4,7,1,0.039634702442422676,0.03244782508888296,0.015077228844382316,7,2.628778991916033,0.18132789981153732,0.27845621440693086,0.039634702442422676,tai nguyen
SockShop,payment,socket,2,cpu,1,15,1,685.1045537201501,1.5014054878915992,0.21476435346203765,15,3190.0291769846763,0.9978085016662948,0.9934798229737036,685.1045537201501,tai nguyen
SockShop,payment,socket,2,latency-50,1,7,1,192.22632406806042,78.17597145904944,2.399930185918614,7,80.09663164200859,0.5933128730518191,0.6537128361958712,192.22632406806042,tai nguyen
SockShop,payment,socket,3,workload,7,7,1,0.17581047361612995,0.07616431737030976,0.04671090061358211,7,3.7637996978591675,0.5667816836862103,0.43834182119255566,0.17581047361612995,tai nguyen
SockShop,payment,socket,3,cpu,1,15,1,671.996783904826,1.3916195045370856,0.3018683886911703,15,2226.1250567455727,0.9979291277311616,0.9930050991220206,671.996783904826,tai nguyen
SockShop,payment,socket,3,latency-50,1,7,1,181.52205195701697,82.62724639718064,2.8468392632521917,7,63.76266278892352,0.5448087683762735,0.640447827449576,181.52205195701697,tai nguyen
SockShop,user,cpu,1,workload,1,7,1,0.5203581470628819,0.5030197276421325,0.4911673989069867,7,1.0594313633617671,0.03332016519509607,0.1514713011029195,0.5203581470628819,tai nguyen
SockShop,user,cpu,1,cpu,1,15,1,42.250179451572144,1.109365408461612,0.6413923191818937,15,65.87259963677603,0.9737429420925138,0.8429262994373362,42.250179451572144,tai nguyen
SockShop,user,cpu,1,latency-50,2,7,1,115.17617142805545,74.3492193184643,0.7950320798856569,7,144.86984153472187,0.354473947200907,0.5969762700186352,115.17617142805545,tai nguyen
SockShop,user,cpu,2,workload,1,7,1,0.508083345685253,0.5074344224573973,0.4891316511398069,7,1.0387455902746912,0.0012771983836244389,0.14688451132498084,0.508083345685253,tai nguyen
SockShop,user,cpu,2,cpu,1,15,1,88.70079425981996,1.1249480224383237,0.5229957035552414,15,169.60138229978966,0.9873174977538177,0.9269884364262262,88.70079425981996,tai nguyen
SockShop,user,cpu,2,latency-50,2,7,1,10.20264878247963,7.746924551006866,1.2336901531083337,7,8.270025303171652,0.24069477287994323,0.455260368726721,10.20264878247963,tai nguyen
SockShop,user,cpu,3,workload,3,7,1,0.048109978767703766,0.046997966005002625,0.040142183173757284,7,1.1984893437274577,0.02311397325844665,0.20123591059314772,0.048109978767703766,tai nguyen
SockShop,user,cpu,3,cpu,1,15,1,371.20426252172996,0.5329222323102419,0.104818871097868,15,3541.3877161025844,0.9985643423685658,0.994188447010957,371.20426252172996,tai nguyen
SockShop,user,cpu,3,latency-50,2,7,1,26.390519142263294,11.437051575800824,1.1111209283752437,7,23.751257372906565,0.5666227134772475,0.6040710629915914,26.390519142263294,tai nguyen
SockShop,user,delay,1,workload,3,7,1,0.15660427808457586,0.12972909929298373,0.08597061971317127,7,1.8216022939821037,0.17161203461554153,0.26247007511519216,0.15660427808457586,mang
SockShop,user,delay,1,cpu,1,15,1,1.530242754442883,1.486822922385312,0.17800169682979491,15,8.596787455942625,0.028374473221001357,0.25484185254011854,1.530242754442883,mang
SockShop,user,delay,1,latency-50,1,7,1,8728.587586967908,110.03501846683022,0.5655273496984754,7,15434.421680263147,0.9873937200755004,0.9872386465254719,8728.587586967908,mang
SockShop,user,delay,2,workload,4,7,1,1.908685759236286,1.1320782634655604,0.9875032810784222,7,1.9328399163918408,0.4068807513298921,0.2693810931830492,1.908685759236286,mang
SockShop,user,delay,2,cpu,6,15,1,0.8466853576287567,0.803661266511846,0.3110774826390499,15,2.721782851159255,0.05081473386690522,0.13911056672072242,0.8466853576287567,mang
SockShop,user,delay,2,latency-50,1,7,1,7192.954190437145,470.76781449544154,0.792021046267524,7,9081.771531621085,0.9345515344555766,0.9371349651411375,7192.954190437145,mang
SockShop,user,delay,3,workload,4,7,1,1.4798525641936824,0.6938336494332487,0.6825212177761348,7,2.168214739192284,0.5311467735224736,0.3054607525090029,1.4798525641936824,mang
SockShop,user,delay,3,cpu,5,15,1,1.087732868451628,0.8962890323271725,0.47891720161679563,15,2.2712336595543183,0.17600262130257505,0.15116016225069082,1.087732868451628,mang
SockShop,user,delay,3,latency-50,1,7,1,8102.037948928566,385.27230855370175,1.40913063227754,7,5749.671296147653,0.9524474816111357,0.9531180746487286,8102.037948928566,mang
SockShop,user,disk,1,workload,1,7,1,0.37058291588279374,0.3594747048610446,0.3305013165103902,7,1.1212751579800242,0.0299749679374383,0.1744732685818384,0.37058291588279374,tai nguyen
SockShop,user,disk,1,cpu,1,15,1,66.07380154218698,1.0174491816598443,0.2931653780729151,15,225.38064343243605,0.9846013221895487,0.9286289783138099,66.07380154218698,tai nguyen
SockShop,user,disk,1,latency-50,1,7,1,1.0726131547444309,0.7132338508406133,0.3959396312250369,7,2.709032059826309,0.33505024837164715,0.33426729537961336,1.0726131547444309,tai nguyen
SockShop,user,disk,2,workload,2,7,1,0.03540670868909314,0.024386373942447543,0.017726117865183928,7,1.9974316406095811,0.31124990586996737,0.2774475175514978,0.03540670868909314,tai nguyen
SockShop,user,disk,2,cpu,1,15,1,157.51493147322165,1.9466052494511716,0.25216548617166656,15,624.649050370003,0.9876417731878192,0.9665348127119826,157.51493147322165,tai nguyen
SockShop,user,disk,2,latency-50,1,7,1,3.9736460011585537,1.9246806963831309,1.3739418966056853,7,2.89214995988944,0.5156386110332998,0.4087404339423193,3.9736460011585537,tai nguyen
SockShop,user,disk,3,workload,3,7,1,0.04872667521610919,0.04327721410594237,0.01551448769323583,7,3.1407208655271006,0.11183732700820954,0.31736385118572186,0.04872667521610919,tai nguyen
SockShop,user,disk,3,cpu,1,15,1,150.28264769766864,2.0605552044340567,0.3012437831940067,15,498.8738559324352,0.9862888015615789,0.961978843788784,150.28264769766864,tai nguyen
SockShop,user,disk,3,latency-50,1,7,1,3.5333440499803843,3.0109587109610354,1.6931403639530531,7,2.0868583167735264,0.1478444588554146,0.29105486822548604,3.5333440499803843,tai nguyen
SockShop,user,loss,1,workload,3,7,1,14.933773024223832,8.108242295926107,7.488065023044857,7,1.9943433955587289,0.4570533325520712,0.27914311105991935,14.933773024223832,mang
SockShop,user,loss,1,cpu,1,15,1,8.411319238042216,7.580020995852394,4.302437449361788,15,1.9550125567287278,0.09883089901404239,0.1280861911266545,8.411319238042216,mang
SockShop,user,loss,1,latency-50,1,7,1,912.0957451318004,541.6427970462767,2.729014934591863,7,334.22160266345657,0.4061557682543429,0.6197561648846815,912.0957451318004,mang
SockShop,user,loss,2,workload,2,7,2,10.805063791966196,7.359593612448301,5.601881005113915,7,1.9288277958961169,0.3188755055828248,0.2557526625818594,10.805063791966196,mang
SockShop,user,loss,2,cpu,2,15,2,5.8749963309313,5.543023019746838,1.6571483410213539,15,3.545244674541538,0.056506130810100044,0.17299909793837667,5.8749963309313,mang
SockShop,user,loss,2,latency-50,1,7,2,1930.635353384706,471.391717538954,1.6820624734670513,7,1147.7786252524252,0.7558359652367649,0.8012615684415677,1930.635353384706,mang
SockShop,user,loss,3,workload,1,7,2,2.349694238753123,1.9194755093832467,1.58482970135453,7,1.4826162310971802,0.18309562251732547,0.2065494320269902,2.349694238753123,mang
SockShop,user,loss,3,cpu,2,15,2,1.4366555625149837,1.3500003985947766,1.0881505528894733,15,1.3202727864265573,0.06031728563282776,0.10922829749741661,1.4366555625149837,mang
SockShop,user,loss,3,latency-50,2,7,2,1629.9812450679808,998.6571096019435,1.8715979105329215,7,870.9035396410854,0.38731987706993953,0.618675356649969,1629.9812450679808,mang
SockShop,user,mem,1,workload,2,7,1,0.07972046015391654,0.0640212791934677,0.038107574363168174,7,2.0919846378616045,0.19692787686044938,0.2444843351667189,0.07972046015391654,tai nguyen
SockShop,user,mem,1,cpu,1,15,1,326.61749492653485,2.081467679331625,0.16348541340854503,15,1997.838755867031,0.9936272008950414,0.9847218872919962,326.61749492653485,tai nguyen
SockShop,user,mem,1,latency-50,1,7,1,17.72166781426081,13.76964490994185,4.151933011748963,7,4.268293289923704,0.22300513392643145,0.41157252582352427,17.72166781426081,tai nguyen
SockShop,user,mem,2,workload,3,7,1,0.284741157642613,0.18157250257291496,0.108462561981062,7,2.625248310954797,0.36232435073256264,0.2900407237283427,0.284741157642613,tai nguyen
SockShop,user,mem,2,cpu,1,15,1,292.1341544999073,2.3717034040023455,0.4364590223490141,15,669.32779377007,0.9918814579963703,0.9755759002772243,292.1341544999073,tai nguyen
SockShop,user,mem,2,latency-50,1,7,1,40.27993103301938,10.213832234369034,2.624622991650895,7,15.346939793316064,0.7464287556501457,0.6477888449602597,40.27993103301938,tai nguyen
SockShop,user,mem,3,workload,3,7,1,0.17402728012433555,0.1164180991124704,0.06931787479711703,7,2.5105686034617647,0.33103534670372187,0.3353678298219599,0.17402728012433555,tai nguyen
SockShop,user,mem,3,cpu,1,15,1,206.94638339449992,1.0602074785345905,0.1968553378545685,15,1051.261223850513,0.9948768977686674,0.9814142997103561,206.94638339449992,tai nguyen
SockShop,user,mem,3,latency-50,1,7,1,21.135562045889564,5.089574910214051,2.8100978795656437,7,7.521290343508064,0.7591937749673485,0.5525870924996366,21.135562045889564,tai nguyen
SockShop,user,socket,1,workload,3,7,1,0.18027815689805096,0.16946062804120773,0.10531898551299035,7,1.7117346508793985,0.06000465637642748,0.22536194400081813,0.18027815689805096,tai nguyen
SockShop,user,socket,1,cpu,1,15,1,262.167946967592,0.28237048483215493,0.16521334463745052,15,1586.8448613694115,0.9989229404734704,0.9919440896320997,262.167946967592,tai nguyen
SockShop,user,socket,1,latency-50,1,7,1,1669.3010932356415,7.383253487261099,0.2193742092528033,7,7609.377141102152,0.9955770390870888,0.9950604065652707,1669.3010932356415,tai nguyen
SockShop,user,socket,2,workload,3,7,1,0.2485607254786598,0.22281314707986222,0.12576573628791274,7,1.9763787245648146,0.10358667222754037,0.22348560534158263,0.2485607254786598,tai nguyen
SockShop,user,socket,2,cpu,1,15,1,286.4961047773309,0.8585049055815351,0.15905671822379308,15,1801.219765984549,0.997003432537944,0.9886487376388642,286.4961047773309,tai nguyen
SockShop,user,socket,2,latency-50,1,7,1,282.651654348428,260.25573131290037,3.0542621856892014,7,92.54334996936322,0.07923506793956321,0.507083879964066,282.651654348428,tai nguyen
SockShop,user,socket,3,workload,4,7,1,0.23980476161438352,0.14059117728482567,0.06849092222400281,7,3.5012634350299834,0.413726498429992,0.3602037893437557,0.23980476161438352,tai nguyen
SockShop,user,socket,3,cpu,1,15,1,422.52966893085267,2.950528601869819,0.20520268002637904,15,2059.084554239428,0.9930169907137275,0.9835355120024131,422.52966893085267,tai nguyen
SockShop,user,socket,3,latency-50,1,7,1,714.8903838380867,62.90570977512437,1.935026369072825,7,369.447360131133,0.9120064961044829,0.9055212137337016,714.8903838380867,tai nguyen
OnlineBoutique,checkoutservice,cpu,1,workload,2,11,1,0.12710134903290088,0.121708359498819,0.045604663120096985,11,2.7870252806864846,0.04243062386919176,0.19142903573861172,0.12710134903290088,tai nguyen
OnlineBoutique,checkoutservice,cpu,1,cpu,1,11,1,226.43273904357292,0.30901177762605997,0.07640150461463825,11,2963.7209396029252,0.9986353043339435,0.9960476583164855,226.43273904357292,tai nguyen
OnlineBoutique,checkoutservice,cpu,1,latency-50,9,10,1,0.895983666384334,0.8045194877319098,0.5963833600521846,10,1.5023619477007772,0.1020824174412912,0.16689709992032659,0.895983666384334,tai nguyen
OnlineBoutique,checkoutservice,cpu,2,workload,9,11,1,3.4659449178168296,3.4066401385353506,2.380452347593609,11,1.4560026464384137,0.01711071026449968,0.15039369318724766,3.4659449178168296,tai nguyen
OnlineBoutique,checkoutservice,cpu,2,cpu,1,11,1,42.849764732160175,1.5620319641922187,0.7332999602612159,11,58.43415662656827,0.9635463117719322,0.8470918132775561,42.849764732160175,tai nguyen
OnlineBoutique,checkoutservice,cpu,2,latency-50,1,10,1,6.187966657500387,2.5153554910785703,0.7441641608714706,10,8.31532473997918,0.5935085577699861,0.4286942164157527,6.187966657500387,tai nguyen
OnlineBoutique,checkoutservice,cpu,3,workload,8,11,1,0.3226093077881401,0.2857328934907839,0.08279799128468794,11,3.8963422032655175,0.11430672769544897,0.26161678655462606,0.3226093077881401,tai nguyen
OnlineBoutique,checkoutservice,cpu,3,cpu,1,11,1,235.61380361734763,2.1970023325663655,0.26426774017200555,11,891.5723253394161,0.9906754090853928,0.9793111346165546,235.61380361734763,tai nguyen
OnlineBoutique,checkoutservice,cpu,3,latency-50,1,10,1,11.329677385505844,2.7998228549075894,1.1548638834513238,10,9.810400643621286,0.7528770891138148,0.5130885767989263,11.329677385505844,tai nguyen
OnlineBoutique,checkoutservice,delay,1,workload,9,11,3,0.4068090050360264,0.38360003319449903,0.3493278746947104,11,1.1645477916457447,0.057051273581006444,0.1339378125629768,0.4068090050360264,mang
OnlineBoutique,checkoutservice,delay,1,cpu,1,11,3,0.6735430635998769,0.5186887589392449,0.0767905772033406,11,8.771168131948565,0.22991002807301464,0.3149002903418941,0.6735430635998769,mang
OnlineBoutique,checkoutservice,delay,1,latency-50,3,10,3,1986.8007107619546,160.11320500455855,0.928786664024303,10,2139.135700068544,0.9194115423166153,0.8828097234474427,1986.8007107619546,mang
OnlineBoutique,checkoutservice,delay,2,workload,9,11,3,0.5976180247459779,0.534909538544886,0.3188151684715853,11,1.8744968365557586,0.10493071427647559,0.17598079159456861,0.5976180247459779,mang
OnlineBoutique,checkoutservice,delay,2,cpu,2,11,3,0.5061622418088764,0.43723232181744176,0.20599321413515173,11,2.4571792033730993,0.13618147364192784,0.19583797201344508,0.5061622418088764,mang
OnlineBoutique,checkoutservice,delay,2,latency-50,3,10,3,1730.6185950849463,257.2615342267123,1.4884292764241474,10,1162.7146969607065,0.8513470645945043,0.8248352947840264,1730.6185950849463,mang
OnlineBoutique,checkoutservice,delay,3,workload,8,11,3,0.4545588610021481,0.43116488343166454,0.2624374790334993,11,1.7320653386711018,0.05146523272895346,0.15797167350885302,0.4545588610021481,mang
OnlineBoutique,checkoutservice,delay,3,cpu,1,11,3,1.0680269407697254,0.5180225983916885,0.15956896435883397,11,6.693199677400788,0.514972348901283,0.37870420051925474,1.0680269407697254,mang
OnlineBoutique,checkoutservice,delay,3,latency-50,3,10,3,5.583150799478904e+16,266.4355562443551,0.9540132000836753,10,5.852278353160326e+16,0.9999999999999952,0.9999999999999932,5.583150799478904e+16,mang
OnlineBoutique,checkoutservice,disk,1,workload,5,11,1,0.38133715028261467,0.24782466966331584,0.14623264140231115,11,2.607743022527307,0.3501166369978659,0.2014158433358497,0.38133715028261467,tai nguyen
OnlineBoutique,checkoutservice,disk,1,cpu,1,11,1,231.40172179408353,0.4413734128778248,0.20891914642182347,11,1107.6137623445295,0.9980926096424184,0.9904528226702669,231.40172179408353,tai nguyen
OnlineBoutique,checkoutservice,disk,1,latency-50,2,10,1,6.9509313837531765,1.8073453416092642,0.2586128854144143,10,26.87774575738813,0.7399851556823479,0.6435574150038771,6.9509313837531765,tai nguyen
OnlineBoutique,checkoutservice,disk,2,workload,7,10,1,0.31476725216237383,0.2357409017543436,0.17055345963326096,10,1.8455635719100278,0.2510628086789162,0.18847056419869315,0.31476725216237383,tai nguyen
OnlineBoutique,checkoutservice,disk,2,cpu,1,11,1,226.0265826350289,1.4343214417169465,0.23140845139973462,11,976.7429895833445,0.9936541913566291,0.9856528441895857,226.0265826350289,tai nguyen
OnlineBoutique,checkoutservice,disk,2,latency-50,1,10,1,6.6831941267342945,1.939510943996081,0.7723147227606326,10,8.653459437941661,0.7097928165459692,0.46228582208451835,6.6831941267342945,tai nguyen
OnlineBoutique,checkoutservice,disk,3,workload,9,10,1,0.19885164711443978,0.1564027834906173,0.06938685062232569,10,2.8658405062479937,0.21347001264411472,0.23188458876139664,0.19885164711443978,tai nguyen
OnlineBoutique,checkoutservice,disk,3,cpu,1,11,1,228.7832837365025,0.6714935685593706,0.16859218128958808,11,1357.021909239819,0.9970649360495553,0.992325070305004,228.7832837365025,tai nguyen
OnlineBoutique,checkoutservice,disk,3,latency-50,1,10,1,5.7855102647283045,3.1401487352286725,0.8811414080660274,10,6.565927116541518,0.45723910397795514,0.34446263342707956,5.7855102647283045,tai nguyen
OnlineBoutique,checkoutservice,loss,1,workload,3,11,1,2.3134330475854235,2.270711552295422,1.4043817097078028,11,1.6472964804324879,0.01846670917690509,0.13433732789437272,2.3134330475854235,mang
OnlineBoutique,checkoutservice,loss,1,cpu,2,11,1,1.8465876427251913,1.516816585884782,0.6758398757176709,11,2.7322857219164662,0.17858402667188528,0.19052816640604503,1.8465876427251913,mang
OnlineBoutique,checkoutservice,loss,1,latency-50,1,10,1,117.63232635822627,3.8996800282115216,1.1564324698983022,10,101.72001342073261,0.9668485683405104,0.9012511919591961,117.63232635822627,mang
OnlineBoutique,checkoutservice,loss,2,workload,1,11,2,1.4756441197358914,1.3494171112236595,0.5936822635181962,11,2.485578920601631,0.08554027819039717,0.2152124271378738,1.4756441197358914,mang
OnlineBoutique,checkoutservice,loss,2,cpu,11,11,2,0.2530079334799053,0.22659430877024597,0.12967869986591707,11,1.9510369377662333,0.10439840500794882,0.17033457352123327,0.2530079334799053,mang
OnlineBoutique,checkoutservice,loss,2,latency-50,1,10,2,57.282255850297915,2.5193618416504564,0.32635088093127373,10,175.52352145285303,0.9560184597437191,0.9130808637956159,57.282255850297915,mang
OnlineBoutique,checkoutservice,loss,3,workload,3,11,1,1.576532045586911,1.5715559471634886,0.28228316182445823,11,5.584931227911142,0.003156357295338004,0.22561096845522635,1.576532045586911,mang
OnlineBoutique,checkoutservice,loss,3,cpu,5,11,1,1.059876086165343,0.8908702884059521,0.2847104723090465,11,3.7226452457810275,0.15945807247228105,0.2378189459711328,1.059876086165343,mang
OnlineBoutique,checkoutservice,loss,3,latency-50,1,10,1,80.72280454430906,35.32064447851438,0.6521598855679619,10,123.77762927569223,0.5624452758064575,0.6510939299721814,80.72280454430906,mang
OnlineBoutique,checkoutservice,mem,1,workload,10,11,1,0.4186488019609003,0.3664215969286245,0.3158574235549947,11,1.3254360060592605,0.12475183205505398,0.15914988029897345,0.4186488019609003,tai nguyen
OnlineBoutique,checkoutservice,mem,1,cpu,1,11,1,219.83970429491535,0.47779050829430625,0.12563612875382674,11,1749.8127845507918,0.9978266414166326,0.9921715983195565,219.83970429491535,tai nguyen
OnlineBoutique,checkoutservice,mem,1,latency-50,1,10,1,53.73298135391723,4.70633551377988,0.6714138405713879,10,80.02960038504611,0.9124125370453359,0.8278702874192946,53.73298135391723,tai nguyen
OnlineBoutique,checkoutservice,mem,2,workload,8,11,1,0.17330542746873495,0.13957717191282712,0.053915605194928426,11,3.214383420943904,0.19461742225004786,0.21664931835145892,0.17330542746873495,tai nguyen
OnlineBoutique,checkoutservice,mem,2,cpu,1,11,1,214.56714040933633,0.840498731506245,0.2690342652721009,11,797.5457705817637,0.9960828171084221,0.9844510183130344,214.56714040933633,tai nguyen
OnlineBoutique,checkoutservice,mem,2,latency-50,1,10,1,31.20030503726977,7.403031373638465,1.700536751756868,10,18.347327692292414,0.7627256732011015,0.6315864289797957,31.20030503726977,tai nguyen
OnlineBoutique,checkoutservice,mem,3,workload,6,11,1,0.4735418552681853,0.422544939564724,0.1361306616790013,11,3.478583365625637,0.10769251996653974,0.23066806666832268,0.4735418552681853,tai nguyen
OnlineBoutique,checkoutservice,mem,3,cpu,1,11,1,292.2061416344026,0.30973446493759615,0.15890019333541533,11,1838.9287986427917,0.998940013843634,0.9953131864525759,292.2061416344026,tai nguyen
OnlineBoutique,checkoutservice,mem,3,latency-50,1,10,1,40.16226940497221,3.544703766622635,1.8655459249303952,10,21.52842707770418,0.9117404514451122,0.7274690349666194,40.16226940497221,tai nguyen
OnlineBoutique,checkoutservice,socket,1,workload,2,11,1,0.31646111479126515,0.27891545350401226,0.10078849261513075,11,3.139853633883565,0.11864225818713199,0.2097591364343514,0.31646111479126515,tai nguyen
OnlineBoutique,checkoutservice,socket,1,cpu,1,11,1,62.0377946229016,1.1426634995983345,0.19898311028677543,11,311.77417286066355,0.9815811715012752,0.9525760508108995,62.0377946229016,tai nguyen
OnlineBoutique,checkoutservice,socket,1,latency-50,1,10,1,3.160414845992564,0.6436562386653306,0.31639620460105855,10,9.988788740299542,0.7963380536952316,0.49738578493420693,3.160414845992564,tai nguyen
OnlineBoutique,checkoutservice,socket,2,workload,9,11,1,0.6580038327574791,0.4329885321085385,0.32601218078809363,11,2.0183412508294545,0.3419665501125958,0.17167952445859855,0.6580038327574791,tai nguyen
OnlineBoutique,checkoutservice,socket,2,cpu,1,11,1,31.85196672496056,0.6853031038415831,0.19778897829918907,11,161.04014995607645,0.9784847475900271,0.9116143245916865,31.85196672496056,tai nguyen
OnlineBoutique,checkoutservice,socket,2,latency-50,1,10,1,1.4597627627794483,1.2062946458282269,0.28011646176410443,10,5.211270889208803,0.17363651369528546,0.28564182549772843,1.4597627627794483,tai nguyen
OnlineBoutique,checkoutservice,socket,3,workload,8,11,1,0.24793420969897303,0.19740418755159422,0.06128703543771945,11,4.04545933619071,0.20380415517781655,0.22268618423301317,0.24793420969897303,tai nguyen
OnlineBoutique,checkoutservice,socket,3,cpu,1,11,1,76.51281324321381,0.43700317909535696,0.3015388941313881,11,253.74110846833327,0.9942884967814967,0.9697187634122291,76.51281324321381,tai nguyen
OnlineBoutique,checkoutservice,socket,3,latency-50,1,10,1,3.5763498554698363,2.1447616119526773,0.4552507331281664,10,7.855780551731675,0.4002931204640455,0.37178690536938097,3.5763498554698363,tai nguyen
OnlineBoutique,currencyservice,cpu,1,workload,6,11,1,0.8775889287090891,0.816094280995997,0.5859610510841035,11,1.4976915736727492,0.0700722692611325,0.13630745711068543,0.8775889287090891,tai nguyen
OnlineBoutique,currencyservice,cpu,1,cpu,1,11,1,4.585502671908944,1.354837279251376,0.805491065462071,11,5.69280389134852,0.7045389837953452,0.40351872781785425,4.585502671908944,tai nguyen
OnlineBoutique,currencyservice,cpu,1,latency-50,1,10,1,257.70147477703813,26.6943867284423,2.3020763259837094,10,111.94306282043829,0.8964135275068249,0.857377692069697,257.70147477703813,tai nguyen
OnlineBoutique,currencyservice,cpu,2,workload,2,11,1,0.6277671920575212,0.45818501851743065,0.23780709390599034,11,2.6398169278570363,0.2701354509850716,0.21965767477381043,0.6277671920575212,tai nguyen
OnlineBoutique,currencyservice,cpu,2,cpu,1,11,1,4.592248005548022,1.070133045792909,0.3365126725981198,11,13.64658266832142,0.7669696748738196,0.531622772824815,4.592248005548022,tai nguyen
OnlineBoutique,currencyservice,cpu,2,latency-50,1,10,1,227.2682556070799,29.457164567936296,2.6661224792016927,10,85.2429914154319,0.870385925701545,0.8283290718281542,227.2682556070799,tai nguyen
OnlineBoutique,currencyservice,cpu,3,workload,6,11,1,0.7885769059663648,0.7378848419626263,0.6258729861677861,11,1.2599631608879833,0.06428296798980905,0.13262739627134656,0.7885769059663648,tai nguyen
OnlineBoutique,currencyservice,cpu,3,cpu,1,11,1,4.695419973079058,1.7630186685252478,0.5344710574408291,11,8.785171634104591,0.6245237532247547,0.4368485719586394,4.695419973079058,tai nguyen
OnlineBoutique,currencyservice,cpu,3,latency-50,1,10,1,287.51843931774454,25.948469857335247,2.0461032097514162,10,140.5200079582865,0.9097502409970344,0.8727255162939939,287.51843931774454,tai nguyen
OnlineBoutique,currencyservice,delay,1,workload,7,11,1,2.460107957395832,2.319896917431607,1.97084019620955,11,1.2482533906743298,0.05699385652678702,0.14713015085228393,2.460107957395832,mang
OnlineBoutique,currencyservice,delay,1,cpu,4,11,1,1.3477936145581224,1.1182869717325912,0.6621661209854655,11,2.0354312488115145,0.1702832246321152,0.1791341914978825,1.3477936145581224,mang
OnlineBoutique,currencyservice,delay,1,latency-50,1,10,1,484.23834842196374,69.50269679338913,1.2750501403323726,10,379.77984794836016,0.856470068882639,0.828461011807014,484.23834842196374,mang
OnlineBoutique,currencyservice,delay,2,workload,6,11,1,3.0893229644953832,2.530729177920242,2.0415364515513006,11,1.5132342908439875,0.18081430559215847,0.1745100650150413,3.0893229644953832,mang
OnlineBoutique,currencyservice,delay,2,cpu,5,11,1,1.4254515923768811,0.8710368821151215,0.6188445282376765,11,2.3034082509159957,0.38893969688391605,0.20107800190433925,1.4254515923768811,mang
OnlineBoutique,currencyservice,delay,2,latency-50,1,10,1,1141.179428501724,193.4477397365074,0.40953151974617685,10,2786.548466914133,0.8304843787882782,0.765101030051426,1141.179428501724,mang
OnlineBoutique,currencyservice,delay,3,workload,7,11,1,2.9618518142720673,2.382608354791188,2.082111946094739,11,1.422522847451786,0.1955680080582424,0.16785092082068986,2.9618518142720673,mang
OnlineBoutique,currencyservice,delay,3,cpu,9,11,1,1.190205441166655,1.0286758923438866,0.6684089086370937,11,1.7806546648121737,0.13571568675104947,0.16171863738250125,1.190205441166655,mang
OnlineBoutique,currencyservice,delay,3,latency-50,1,10,1,1683.3274139423013,373.1172663241808,0.6430275686771889,10,2617.815309855496,0.7783453989795417,0.7176221318083437,1683.3274139423013,mang
OnlineBoutique,currencyservice,disk,1,workload,7,11,1,3.027309208948085,2.7603912174462484,2.3400084316774756,11,1.2937172225391964,0.08817004576634703,0.140610536825522,3.027309208948085,tai nguyen
OnlineBoutique,currencyservice,disk,1,cpu,10,11,1,3.3513783353650664,2.684494024253271,1.3813291999907706,11,2.4261981397247365,0.19898807128833207,0.18374521400500557,3.3513783353650664,tai nguyen
OnlineBoutique,currencyservice,disk,1,latency-50,1,10,1,98.67894941775292,63.89452323517917,3.0967793291675383,10,31.865024571924966,0.35250097804867614,0.48315726946908166,98.67894941775292,tai nguyen
OnlineBoutique,currencyservice,disk,2,workload,7,11,1,0.7693047851951803,0.7292079896711383,0.6840781310051353,11,1.124586140569673,0.05212081907675777,0.12426516166177647,0.7693047851951803,tai nguyen
OnlineBoutique,currencyservice,disk,2,cpu,1,11,1,4.350240623594193,2.187196924680876,0.7216346905593644,11,6.028314160205032,0.497223920714114,0.35135684452545723,4.350240623594193,tai nguyen
OnlineBoutique,currencyservice,disk,2,latency-50,1,10,1,281.2373696133751,23.940434029576696,2.2904257691969505,10,122.7882489778222,0.9148746339702711,0.864099681186447,281.2373696133751,tai nguyen
OnlineBoutique,currencyservice,disk,3,workload,8,11,1,0.613382152549961,0.6084449142104411,0.5365361413124565,11,1.1432261600300146,0.00804920442988879,0.13330159682066559,0.613382152549961,tai nguyen
OnlineBoutique,currencyservice,disk,3,cpu,1,11,1,4.243953931316611,1.1134604663825458,0.37184326378302796,11,11.413287114952215,0.7376360619359705,0.468741910112676,4.243953931316611,tai nguyen
OnlineBoutique,currencyservice,disk,3,latency-50,1,10,1,421.55238203098975,36.548530741799155,2.858180119904973,10,147.4897887278725,0.9133001441820525,0.8750464491201013,421.55238203098975,tai nguyen
OnlineBoutique,currencyservice,loss,1,workload,4,11,1,11.522056969471876,11.368757682625771,5.133995698302873,11,2.2442669699315645,0.013304854094392776,0.16065539555818295,11.522056969471876,mang
OnlineBoutique,currencyservice,loss,1,cpu,3,11,1,7.431969393575042,5.813770077497447,3.7093655541488237,11,2.0035688812774435,0.21773492736347025,0.1732833302250497,7.431969393575042,mang
OnlineBoutique,currencyservice,loss,1,latency-50,1,10,1,743.404174212519,145.82334697638447,12.65063965860175,10,58.76415693391791,0.8038437877607377,0.750344530888132,743.404174212519,mang
OnlineBoutique,currencyservice,loss,2,workload,1,11,3,5.088398084399568,4.239640223638713,3.4881190753398905,11,1.4587799253681564,0.16680256667870516,0.15997396850397877,5.088398084399568,mang
OnlineBoutique,currencyservice,loss,2,cpu,1,11,3,5.667314142812559,3.1949533052295687,2.004225939570504,11,2.8276822642196904,0.43624912529659315,0.215117629364502,5.667314142812559,mang
OnlineBoutique,currencyservice,loss,2,latency-50,1,10,3,704.557367364111,441.89082300606265,15.399623953321534,10,45.7515955908875,0.3728107270253039,0.48994650028260006,704.557367364111,mang
OnlineBoutique,currencyservice,loss,3,workload,1,11,3,6.7840942902018595,5.658927600801908,3.7398053480247206,11,1.814023367228207,0.1658536337009656,0.18623635798476929,6.7840942902018595,mang
OnlineBoutique,currencyservice,loss,3,cpu,3,11,3,6.246919415567458,4.859861668906266,2.0674619578721494,11,3.0215401989775152,0.2220386808903944,0.2223256545088844,6.246919415567458,mang
OnlineBoutique,currencyservice,loss,3,latency-50,1,10,3,346.617993473851,114.01639809464695,13.423123010181708,10,25.82245526699966,0.6710603597004309,0.613960307413038,346.617993473851,mang
OnlineBoutique,currencyservice,mem,1,workload,7,11,1,3.241917980181947,2.191339176271894,1.8798432505455416,11,1.7245682475074045,0.32406088319701754,0.20055037908795179,3.241917980181947,tai nguyen
OnlineBoutique,currencyservice,mem,1,cpu,1,11,1,3.687943108735608,3.642404983812856,1.1717277970363205,11,3.1474401461359984,0.012347838233970015,0.21135705333586377,3.687943108735608,tai nguyen
OnlineBoutique,currencyservice,mem,1,latency-50,1,10,1,514.636214637134,65.66112958594564,10.15736333543804,10,50.66631936278374,0.8724125358487591,0.7822625832790621,514.636214637134,tai nguyen
OnlineBoutique,currencyservice,mem,2,workload,2,11,1,1.770216039850215,1.2294439457752169,1.166051083146513,11,1.518129064357457,0.3054836708635602,0.1932947105791394,1.770216039850215,tai nguyen
OnlineBoutique,currencyservice,mem,2,cpu,1,11,1,6.441751013034692,2.978836061464943,1.285242243380401,11,5.012090947222382,0.537573548645802,0.3637608000297134,6.441751013034692,tai nguyen
OnlineBoutique,currencyservice,mem,2,latency-50,1,10,1,721.6405343350416,223.06927210643158,8.539012744370009,10,84.51100331368374,0.6908858891747542,0.7078914339353557,721.6405343350416,tai nguyen
OnlineBoutique,currencyservice,mem,3,workload,6,11,1,2.03003851244908,1.9150027130276726,1.5077968754444826,11,1.346360736986304,0.05666680642557158,0.13650498852880055,2.03003851244908,tai nguyen
OnlineBoutique,currencyservice,mem,3,cpu,1,11,1,4.750302468442299,3.981362065622888,1.6003736583678572,11,2.968245849089331,0.16187188245963607,0.22590169420466205,4.750302468442299,tai nguyen
OnlineBoutique,currencyservice,mem,3,latency-50,1,10,1,436.0265779335365,79.74267318368354,7.81936095721734,10,55.762431267619135,0.817115108988061,0.7716568456525756,436.0265779335365,tai nguyen
OnlineBoutique,currencyservice,socket,1,workload,4,11,1,0.4575155714401971,0.4071222355296582,0.0806598471244803,11,5.672160160855809,0.11014561920134762,0.27844334112849983,0.4575155714401971,tai nguyen
OnlineBoutique,currencyservice,socket,1,cpu,9,11,1,0.5360531174865059,0.28658034067296867,0.14632879679610727,11,3.663346717963079,0.465388165231251,0.2670302413137392,0.5360531174865059,tai nguyen
OnlineBoutique,currencyservice,socket,1,latency-50,6,10,1,0.7249534775548925,0.6709553787488277,0.3508509849081919,10,2.0662717470911276,0.07448491589858758,0.19999469128878256,0.7249534775548925,tai nguyen
OnlineBoutique,currencyservice,socket,2,workload,8,11,1,0.8902997209370856,0.8548274555750689,0.4725065563729715,11,1.8842060685277147,0.03984306018278922,0.16860192663776208,0.8902997209370856,tai nguyen
OnlineBoutique,currencyservice,socket,2,cpu,1,11,1,4.9620445937333075,1.9911667011300496,0.5855411625628771,11,8.474288249889637,0.5987205145949827,0.3909585906177693,4.9620445937333075,tai nguyen
OnlineBoutique,currencyservice,socket,2,latency-50,1,10,1,358.786911042756,23.561765681104877,2.3142287934419996,10,155.0351944714701,0.9343293610889359,0.9006601859946334,358.786911042756,tai nguyen
OnlineBoutique,currencyservice,socket,3,workload,9,11,1,1.3412827666176084,1.3172457139281653,1.028298943390653,11,1.3043704607873472,0.017920943508473435,0.12854896541515975,1.3412827666176084,tai nguyen
OnlineBoutique,currencyservice,socket,3,cpu,1,11,1,4.938334412497231,2.0715981110607404,1.075356336451548,11,4.592277224861767,0.580506717848383,0.2971248664646004,4.938334412497231,tai nguyen
OnlineBoutique,currencyservice,socket,3,latency-50,1,10,1,493.3865749900979,45.68503893627377,4.547634114282266,10,108.49302353515462,0.9074051843887511,0.8555363637110123,493.3865749900979,tai nguyen
OnlineBoutique,emailservice,cpu,1,workload,2,11,1,0.37392700975661847,0.3275042311097337,0.25920472306171577,11,1.4425933499197379,0.12414930570835311,0.1526737262330396,0.37392700975661847,tai nguyen
OnlineBoutique,emailservice,cpu,1,cpu,1,11,1,589.0184090283399,0.5830005214594561,0.1937190504343338,11,3040.580715772212,0.9990102168072791,0.9967564664692976,589.0184090283399,tai nguyen
OnlineBoutique,emailservice,cpu,1,latency-50,1,10,1,552.943620114651,0.9014238400724841,0.5865523033015555,10,942.7013021724923,0.9983697726001692,0.9912725538537984,552.943620114651,tai nguyen
OnlineBoutique,emailservice,cpu,2,workload,4,11,1,0.19374213563227596,0.07030322916719009,0.051435192256254626,11,3.766723271238799,0.6371298946522085,0.31473468662550347,0.19374213563227596,tai nguyen
OnlineBoutique,emailservice,cpu,2,cpu,1,11,1,660.2626178208905,0.34757803684688954,0.13670109811999093,11,4829.973035339756,0.9994735760779642,0.998035102510842,660.2626178208905,tai nguyen
OnlineBoutique,emailservice,cpu,2,latency-50,1,10,1,613.7712544493552,2.548954882617948,0.6604181459816789,10,929.3676410677883,0.9958470605064345,0.9865612862146366,613.7712544493552,tai nguyen
OnlineBoutique,emailservice,cpu,3,workload,3,11,1,0.18815463154750736,0.18262872880083683,0.11790354260490046,11,1.595835268309292,0.029368943518540434,0.1644186388273547,0.18815463154750736,tai nguyen
OnlineBoutique,emailservice,cpu,3,cpu,1,11,1,583.1400546288484,0.8213302768084202,0.17657706335985213,11,3302.467735803536,0.998591538567298,0.9964403316811067,583.1400546288484,tai nguyen
OnlineBoutique,emailservice,cpu,3,latency-50,1,10,1,422.0669488590477,2.609202272631354,0.2781955398870054,10,1517.1592938926287,0.9938180369733174,0.984195076670864,422.0669488590477,tai nguyen
OnlineBoutique,emailservice,delay,1,workload,8,11,1,0.4360381362099699,0.30339772882622096,0.2643972700089508,11,1.6491779063952077,0.3041945104541894,0.15160677404321593,0.4360381362099699,mang
OnlineBoutique,emailservice,delay,1,cpu,1,11,1,0.4354907224465042,0.42350933192052054,0.19915175597240858,11,2.1867280070924364,0.02751238983617034,0.17255543597841858,0.4354907224465042,mang
OnlineBoutique,emailservice,delay,1,latency-50,1,10,1,1619.1583469134564,10.394746083507375,0.3052238468182186,10,5304.822554961685,0.9935801547122783,0.9924479768872599,1619.1583469134564,mang
OnlineBoutique,emailservice,delay,2,workload,8,11,1,0.1064916505139209,0.0908499289945538,0.030488498635401946,11,3.4928466562885236,0.14688213999765523,0.20768852729474194,0.1064916505139209,mang
OnlineBoutique,emailservice,delay,2,cpu,1,11,1,0.2646245990227126,0.2272091939206037,0.1171122101566257,11,2.25958163259667,0.14139050277369553,0.1801928113953188,0.2646245990227126,mang
OnlineBoutique,emailservice,delay,2,latency-50,1,10,1,1261.8261572907413,7.752267690016826,0.1463746152819616,10,8620.525866866219,0.9938563108355103,0.9928546116701372,1261.8261572907413,mang
OnlineBoutique,emailservice,delay,3,workload,9,11,1,0.3221214486606945,0.3107858880873159,0.22035101505677326,11,1.4618559781887102,0.03519033153647233,0.1291254267642069,0.3221214486606945,mang
OnlineBoutique,emailservice,delay,3,cpu,6,11,1,3.0082722789948297,0.4428737120436238,0.15058371836214762,11,19.977407330054497,0.8527813738350827,0.6569822743672573,3.0082722789948297,mang
OnlineBoutique,emailservice,delay,3,latency-50,1,10,1,1872.8856897390353,11.040689112021736,0.27250905817764537,10,6872.746551118766,0.9941049850652871,0.9931438076103646,1872.8856897390353,mang
OnlineBoutique,emailservice,disk,1,workload,2,11,1,0.33801326199863785,0.33172937809781305,0.14524836666603325,11,2.3271398485039434,0.01859064305249099,0.18182982841125808,0.33801326199863785,tai nguyen
OnlineBoutique,emailservice,disk,1,cpu,1,11,1,525.4538274762301,0.5817728783653312,0.14009880450609444,11,3750.5946558835367,0.9988928182688105,0.9963254682546405,525.4538274762301,tai nguyen
OnlineBoutique,emailservice,disk,1,latency-50,1,10,1,379.0179555303736,1.0654674718909074,0.5803288377870244,10,653.1089459136441,0.9971888733598387,0.9870989451931501,379.0179555303736,tai nguyen
OnlineBoutique,emailservice,disk,2,workload,11,11,1,0.14504789653225547,0.13298591004103477,0.050141714129645645,11,2.892759034069355,0.08315864469319194,0.19776159234864754,0.14504789653225547,tai nguyen
OnlineBoutique,emailservice,disk,2,cpu,1,11,1,467.27338029311784,0.3914502399548158,0.21447513880062705,11,2178.6831933350018,0.9991622671941868,0.995827258623662,467.27338029311784,tai nguyen
OnlineBoutique,emailservice,disk,2,latency-50,1,10,1,351.88687260528275,2.3647170107644184,0.8953166683055932,10,393.03062822591755,0.9932798942078838,0.9741375055611106,351.88687260528275,tai nguyen
OnlineBoutique,emailservice,disk,3,workload,9,11,1,0.3388575228755824,0.3088535766967725,0.12094248756530601,11,2.8018071208648454,0.08854442989547084,0.20496083129149922,0.3388575228755824,tai nguyen
OnlineBoutique,emailservice,disk,3,cpu,1,11,1,501.7613474283061,0.19058707157505056,0.08607175219315626,11,5829.570499532624,0.9996201639035133,0.9983940676467788,501.7613474283061,tai nguyen
OnlineBoutique,emailservice,disk,3,latency-50,1,10,1,669.5376447924489,2.4125761585688323,1.0498162041138999,10,637.7665368173411,0.9963966534558086,0.9868997503612795,669.5376447924489,tai nguyen
OnlineBoutique,emailservice,loss,1,workload,1,11,1,1.3662625710528804,0.19926017405579263,0.08941272606612453,11,15.28040393313219,0.854156749751084,0.6241235192507953,1.3662625710528804,mang
OnlineBoutique,emailservice,loss,1,cpu,8,11,1,0.6435012991222953,0.3734147058915969,0.16841123780433845,11,3.821011635042552,0.41971413826061177,0.2665076477972167,0.6435012991222953,mang
OnlineBoutique,emailservice,loss,1,latency-50,1,10,1,192.0366294867418,3.0403052603790393,0.3247951535553645,10,591.254602738422,0.9841680971567514,0.9694091340834059,192.0366294867418,mang
OnlineBoutique,emailservice,loss,2,workload,1,11,1,0.232959959104022,0.16278733954063143,0.10144541215347966,11,2.2964070445252887,0.30122180581280444,0.19580899640787103,0.232959959104022,mang
OnlineBoutique,emailservice,loss,2,cpu,1,11,1,4.547834957910893,0.8326573032534624,0.1514629723723062,11,30.026051164056177,0.816911275154111,0.6578673481356956,4.547834957910893,mang
OnlineBoutique,emailservice,loss,2,latency-50,1,10,1,10.530000272460699,1.9201159627012963,0.7356095429286604,10,14.31465969097943,0.817652809779786,0.6215310271376869,10.530000272460699,mang
OnlineBoutique,emailservice,loss,3,workload,1,11,1,0.4665292288724171,0.25639137167827014,0.1977721856488709,11,2.35892234968118,0.4504280636436048,0.26076191611226074,0.4665292288724171,mang
OnlineBoutique,emailservice,loss,3,cpu,1,11,1,10.146232361431887,0.25642272773877955,0.12734034015689683,11,79.67806862248563,0.974727295945488,0.8865821203506749,10.146232361431887,mang
OnlineBoutique,emailservice,loss,3,latency-50,1,10,1,39.157969429922204,1.8503579881201462,0.3346236803447493,10,117.0209155239083,0.9527463243100085,0.9054165327919642,39.157969429922204,mang
OnlineBoutique,emailservice,mem,1,workload,10,11,1,0.47049899846337623,0.2523676563587215,0.10689256801121101,11,4.401606278315156,0.46361701686307444,0.3081561034631848,0.47049899846337623,tai nguyen
OnlineBoutique,emailservice,mem,1,cpu,1,11,1,629.7253088561646,0.3289687381608684,0.1426079859670977,11,4415.778713833416,0.9994775996239402,0.9978586453319953,629.7253088561646,tai nguyen
OnlineBoutique,emailservice,mem,1,latency-50,1,10,1,4277.125639694589,9.675228558229234,0.40409766042348017,10,10584.38604967995,0.9977379134088472,0.9969800196645388,4277.125639694589,tai nguyen
OnlineBoutique,emailservice,mem,2,workload,6,11,1,0.3780506571158095,0.2194165323601069,0.1329177545495146,11,2.844244987414212,0.419610763186976,0.2690225598193722,0.3780506571158095,tai nguyen
OnlineBoutique,emailservice,mem,2,cpu,1,11,1,554.1364431223932,1.092914099217857,0.10385518795596353,11,5335.664534711131,0.9980277166160384,0.995653215278544,554.1364431223932,tai nguyen
OnlineBoutique,emailservice,mem,2,latency-50,1,10,1,4391.263350189638,12.715850130302805,1.2263217059511757,10,3580.8412497955655,0.9971042843217878,0.9952503138880564,4391.263350189638,tai nguyen
OnlineBoutique,emailservice,mem,3,workload,4,11,1,0.570472344889079,0.340898331510687,0.20667483151512467,11,2.7602410061591427,0.4024279449042,0.24829627909335103,0.570472344889079,tai nguyen
OnlineBoutique,emailservice,mem,3,cpu,1,11,1,543.4662256711051,0.5790068973890617,0.1422194199631096,11,3821.3221922299726,0.9989346037158536,0.9966905164107658,543.4662256711051,tai nguyen
OnlineBoutique,emailservice,mem,3,latency-50,1,10,1,3342.210317692336,11.930682000058694,1.356972518081915,10,2462.9904240187275,0.9964303018463851,0.9942483506195416,3342.210317692336,tai nguyen
OnlineBoutique,emailservice,socket,1,workload,9,11,1,0.33696026585058464,0.19329344952356398,0.16423227108247312,11,2.051729928774912,0.42636129801347433,0.1776819535814051,0.33696026585058464,tai nguyen
OnlineBoutique,emailservice,socket,1,cpu,1,11,1,304.9882571628471,0.7639560447511046,0.20958300912563993,11,1455.2146113142885,0.9974951296425055,0.9921213085643051,304.9882571628471,tai nguyen
OnlineBoutique,emailservice,socket,1,latency-50,1,10,1,202.16833759316324,0.9020653213604932,0.6557120476937871,10,308.31877850073363,0.9955380484793036,0.9766900091108272,202.16833759316324,tai nguyen
OnlineBoutique,emailservice,socket,2,workload,11,11,1,0.4851788441012476,0.46019018289969044,0.3423873117154455,11,1.4170467990486595,0.05150402064180384,0.12689348754615945,0.4851788441012476,tai nguyen
OnlineBoutique,emailservice,socket,2,cpu,1,11,1,216.9006079077265,0.6181657381580998,0.3058499237031253,11,709.173326844646,0.9971500045844912,0.9850413700110185,216.9006079077265,tai nguyen
OnlineBoutique,emailservice,socket,2,latency-50,1,10,1,354.9965802808638,1.501018632967896,0.36203466655413075,10,980.5596344122072,0.9957717377677827,0.9873019060980753,354.9965802808638,tai nguyen
OnlineBoutique,emailservice,socket,3,workload,3,11,1,0.2988131229847391,0.11020010627054502,0.05438982147470692,11,5.493916230699473,0.6312072737308357,0.4177684767382756,0.2988131229847391,tai nguyen
OnlineBoutique,emailservice,socket,3,cpu,1,11,1,205.37346158836098,0.3510139068917531,0.18318850324129254,11,1121.1045341521615,0.9982908507059431,0.9919882654039954,205.37346158836098,tai nguyen
OnlineBoutique,emailservice,socket,3,latency-50,1,10,1,706.0298337090076,0.9515731442428836,0.5737150261487756,10,1230.6281019837193,0.9986522196388729,0.9933675448683055,706.0298337090076,tai nguyen
OnlineBoutique,productcatalogservice,cpu,1,workload,11,11,1,0.5242778610927961,0.2977216415891035,0.1348220874586663,11,3.888664468672679,0.4321300522426458,0.2665946232161474,0.5242778610927961,tai nguyen
OnlineBoutique,productcatalogservice,cpu,1,cpu,1,11,1,36.2209416190154,0.4035900791287939,0.17660874385229805,11,205.09144014583902,0.9888575486696647,0.954312337060598,36.2209416190154,tai nguyen
OnlineBoutique,productcatalogservice,cpu,1,latency-50,2,10,1,130.90334988857518,10.836588845432049,1.0881916890806014,10,120.2943848975484,0.9172168714195921,0.8748887971836775,130.90334988857518,tai nguyen
OnlineBoutique,productcatalogservice,cpu,2,workload,2,11,1,0.9654375097912474,0.7336585310724237,0.5150082018291373,11,1.8746060865872338,0.24007662470970317,0.17316970917914165,0.9654375097912474,tai nguyen
OnlineBoutique,productcatalogservice,cpu,2,cpu,1,11,1,46.38405213367671,1.116063703919529,0.2620531900833154,11,177.00243266998461,0.9759386329442912,0.9275943553325209,46.38405213367671,tai nguyen
OnlineBoutique,productcatalogservice,cpu,2,latency-50,3,10,1,793.33617703728,83.57727496123726,3.796519678605039,10,208.96406293059877,0.8946508713703726,0.8595983006404897,793.33617703728,tai nguyen
OnlineBoutique,productcatalogservice,cpu,3,workload,4,11,1,0.4879987338480683,0.47280281406983826,0.3564122471286679,11,1.3691974329711978,0.031139260666526808,0.15068066320818027,0.4879987338480683,tai nguyen
OnlineBoutique,productcatalogservice,cpu,3,cpu,1,11,1,46.477699603137374,0.9343078960737141,0.20435115756623878,11,227.44035393130574,0.9798977164521575,0.9357055020795515,46.477699603137374,tai nguyen
OnlineBoutique,productcatalogservice,cpu,3,latency-50,3,10,1,1081.033415783691,127.14276713843586,4.840338612829532,10,223.33838647535197,0.8823877548260022,0.8561766377273259,1081.033415783691,tai nguyen
OnlineBoutique,productcatalogservice,delay,1,workload,5,11,1,4.747922154941375,4.598944873850777,4.0169605043084,11,1.1819688418267944,0.03137736387180463,0.1314088684327891,4.747922154941375,mang
OnlineBoutique,productcatalogservice,delay,1,cpu,10,11,1,1.888616166361736,1.8705742570320678,1.1543004343806693,11,1.636156506668091,0.009552978339915655,0.1386094299988488,1.888616166361736,mang
OnlineBoutique,productcatalogservice,delay,1,latency-50,2,10,1,3241.101160236139,649.5272275522904,2.882227393696429,10,1124.5126485594385,0.7995967433781156,0.7636507716038914,3241.101160236139,mang
OnlineBoutique,productcatalogservice,delay,2,workload,7,11,1,4.079474281811404,3.9926302692395725,2.8839357143177873,11,1.4145510461825355,0.0212880402161207,0.15794726072014126,4.079474281811404,mang
OnlineBoutique,productcatalogservice,delay,2,cpu,4,11,1,1.4531401731422184,1.4036711163837088,1.0191587755370335,11,1.4258231475036887,0.03404286638882162,0.13577626149785654,1.4531401731422184,mang
OnlineBoutique,productcatalogservice,delay,2,latency-50,3,10,1,1555.7297662466774,1463.029509104222,2.5014610508610184,10,621.928438866232,0.0595863492193135,0.4188418115368956,1555.7297662466774,mang
OnlineBoutique,productcatalogservice,delay,3,workload,6,11,1,4.136989293483461,4.132296632850849,3.584434591698568,11,1.1541539363180435,0.0011343178093315143,0.13423523221686925,4.136989293483461,mang
OnlineBoutique,productcatalogservice,delay,3,cpu,11,11,1,1.7708003320865828,1.7695117948431796,1.0698875648994919,11,1.6551275014145403,0.0007276581216160927,0.14442360932582116,1.7708003320865828,mang
OnlineBoutique,productcatalogservice,delay,3,latency-50,3,10,1,1742.6828640136546,896.1719373009722,2.270384555214969,10,767.5716697467801,0.48575156397822344,0.49615271724960763,1742.6828640136546,mang
OnlineBoutique,productcatalogservice,disk,1,workload,2,11,1,0.40126020587258854,0.39631633435171465,0.1563409549239753,11,2.5665712868883994,0.01232086174636442,0.21227732444021827,0.40126020587258854,tai nguyen
OnlineBoutique,productcatalogservice,disk,1,cpu,1,11,1,48.036846489543116,0.7443232069544591,0.1315001933686471,11,365.29867568237574,0.9845051609056709,0.9614162547235245,48.036846489543116,tai nguyen
OnlineBoutique,productcatalogservice,disk,1,latency-50,2,10,1,47.88749449075879,24.228332883124676,1.29884048693809,10,36.86941927999922,0.4940572034354355,0.49434943414191196,47.88749449075879,tai nguyen
OnlineBoutique,productcatalogservice,disk,2,workload,6,11,1,1.5784611442867187,1.2601792904115439,0.8686862939833968,11,1.817066937995096,0.20164060105451712,0.18590696068148632,1.5784611442867187,tai nguyen
OnlineBoutique,productcatalogservice,disk,2,cpu,1,11,1,35.009759349178786,1.6879220295796478,0.33781339668324556,11,103.6363853325985,0.9517870999127779,0.8781487594751373,35.009759349178786,tai nguyen
OnlineBoutique,productcatalogservice,disk,2,latency-50,3,10,1,1320.431807054765,158.23595177699755,6.8213165352532386,10,193.57433425507273,0.8801634806647499,0.8446941499042842,1320.431807054765,tai nguyen
OnlineBoutique,productcatalogservice,disk,3,workload,9,11,1,0.5568494081686285,0.3743672872275429,0.23417926759319505,11,2.377876632255766,0.3277046150434719,0.2114306777250332,0.5568494081686285,tai nguyen
OnlineBoutique,productcatalogservice,disk,3,cpu,1,11,1,42.258871760393426,1.136882230995794,0.46193188123016765,11,91.48290792974521,0.9730971939468265,0.8989375834726924,42.258871760393426,tai nguyen
OnlineBoutique,productcatalogservice,disk,3,latency-50,2,10,1,421.1631635143653,40.291863441471435,2.5460366515410686,10,165.419128298661,0.9043319384695021,0.8530769925866403,421.1631635143653,tai nguyen
OnlineBoutique,productcatalogservice,loss,1,workload,2,11,1,11.771558893949436,11.445916736977804,9.465871537052431,11,1.2435789824393677,0.02766346920619086,0.142721040529584,11.771558893949436,mang
OnlineBoutique,productcatalogservice,loss,1,cpu,2,11,1,6.945954214476892,6.771854923234667,4.271626541863652,11,1.626067762807389,0.02506484866821666,0.14906141869904127,6.945954214476892,mang
OnlineBoutique,productcatalogservice,loss,1,latency-50,2,10,1,20467.338482858435,4080.85657166345,11.047802861704874,10,1852.6161933794642,0.8006161585161059,0.8133206938968629,20467.338482858435,mang
OnlineBoutique,productcatalogservice,loss,2,workload,2,11,1,12.136504879688022,12.021061741516588,9.200702871448275,11,1.3190845361771393,0.00951205798669788,0.13836739084672375,12.136504879688022,mang
OnlineBoutique,productcatalogservice,loss,2,cpu,3,11,1,8.301750632628915,7.3191872398063325,4.416355261849321,11,1.8797741894415914,0.11835616803048131,0.17105120017432707,8.301750632628915,mang
OnlineBoutique,productcatalogservice,loss,2,latency-50,3,10,1,24592.417857407865,3714.080176912302,54.85835351821923,10,448.2893904068845,0.8489745823917217,0.8057088796426614,24592.417857407865,mang
OnlineBoutique,productcatalogservice,loss,3,workload,1,11,1,9.68687474370287,6.979101351031007,5.776832011946993,11,1.6768489586800457,0.2795301337443328,0.18416168138904326,9.68687474370287,mang
OnlineBoutique,productcatalogservice,loss,3,cpu,3,11,1,5.835130915740778,4.625160373750743,2.2331368018120026,11,2.6129751258436387,0.20735962216820752,0.18985028862117753,5.835130915740778,mang
OnlineBoutique,productcatalogservice,loss,3,latency-50,3,10,1,4231.580741886818,218.94348373427056,22.509540818569835,10,187.99054036659268,0.9482596464325892,0.8927324365988027,4231.580741886818,mang
OnlineBoutique,productcatalogservice,mem,1,workload,3,11,1,7.240524914344292,7.093702029551046,6.431206730942093,11,1.1258423523393164,0.02027793378659238,0.13654813668727456,7.240524914344292,tai nguyen
OnlineBoutique,productcatalogservice,mem,1,cpu,1,11,1,53.23478921155446,5.268312289723502,2.020034636919959,11,26.353404163764253,0.9010362890930724,0.6786749425989932,53.23478921155446,tai nguyen
OnlineBoutique,productcatalogservice,mem,1,latency-50,2,10,1,2593.2197034941164,1092.3374060983306,16.235482432486446,10,159.72544790570586,0.5787717467106586,0.640164966857423,2593.2197034941164,tai nguyen
OnlineBoutique,productcatalogservice,mem,2,workload,7,11,1,3.380795703149787,3.061818814800001,2.8758753551933536,11,1.17557101250742,0.09434964912331277,0.1375623811362157,3.380795703149787,tai nguyen
OnlineBoutique,productcatalogservice,mem,2,cpu,1,11,1,34.91121468691738,4.486420263603095,2.0226120625397463,11,17.26046004248595,0.871490571043226,0.6364399505529914,34.91121468691738,tai nguyen
OnlineBoutique,productcatalogservice,mem,2,latency-50,2,10,1,1485.1271791884951,997.8519812613869,54.60792230778679,10,27.196185396284967,0.3281033468078914,0.4834598400173964,1485.1271791884951,tai nguyen
OnlineBoutique,productcatalogservice,mem,3,workload,6,11,2,5.367605588243931,4.0220570435574,3.405709324102755,11,1.576060983906207,0.2506794738483648,0.17176134508702953,5.367605588243931,tai nguyen
OnlineBoutique,productcatalogservice,mem,3,cpu,1,11,2,34.707248889748705,4.258334872756821,1.9349303641139302,11,17.93720824968413,0.8773070465399353,0.6372644163548243,34.707248889748705,tai nguyen
OnlineBoutique,productcatalogservice,mem,3,latency-50,2,10,2,2245.9907833934312,700.6162375236426,43.401085685148246,10,51.74964515143464,0.6880591662691096,0.6077189284717701,2245.9907833934312,tai nguyen
OnlineBoutique,productcatalogservice,socket,1,workload,3,11,1,2.5949946628509943,1.867500557652258,1.5604767130676045,11,1.662949944155028,0.2803451257967035,0.19044489829952654,2.5949946628509943,tai nguyen
OnlineBoutique,productcatalogservice,socket,1,cpu,1,11,1,50.63393337032764,2.567795190187082,0.7880344523284384,11,64.25345138238238,0.9492870685868569,0.8568449935408521,50.63393337032764,tai nguyen
OnlineBoutique,productcatalogservice,socket,1,latency-50,2,10,1,1739.5360907915056,998.3494152063901,3.1454707024532556,10,553.0288644668616,0.42608295367293497,0.6084401598596593,1739.5360907915056,tai nguyen
OnlineBoutique,productcatalogservice,socket,2,workload,10,11,1,0.31830330354481484,0.30512839499694017,0.19030954871075495,11,1.6725556111143602,0.041391051871441674,0.13522710874687385,0.31830330354481484,tai nguyen
OnlineBoutique,productcatalogservice,socket,2,cpu,1,11,1,13.683182607205682,1.324410883773099,0.3254957983674042,11,42.03797000095452,0.9032088570479463,0.7740929706493977,13.683182607205682,tai nguyen
OnlineBoutique,productcatalogservice,socket,2,latency-50,3,10,1,129.83471427168521,17.26008349210923,0.5546668204983141,10,234.07694398421268,0.867061104659639,0.8052049258469532,129.83471427168521,tai nguyen
OnlineBoutique,productcatalogservice,socket,3,workload,8,11,1,0.32908716325825177,0.20845643695136903,0.10273716718367686,11,3.203194834736868,0.3665616279666842,0.23351113372421617,0.32908716325825177,tai nguyen
OnlineBoutique,productcatalogservice,socket,3,cpu,1,11,1,7.426887718496068,0.6532108255334069,0.24908519869725015,11,29.816656137497176,0.9120478388401325,0.7708166187208372,7.426887718496068,tai nguyen
OnlineBoutique,productcatalogservice,socket,3,latency-50,3,10,1,152.85611844069288,26.597966654476128,0.7289585686640214,10,209.69109221232654,0.8259934445162824,0.8099770780491683,152.85611844069288,tai nguyen
OnlineBoutique,recommendationservice,cpu,1,workload,10,11,1,0.42674533649371327,0.32437100297973037,0.18624942612077752,11,2.291257188717354,0.23989561164306022,0.19787208474658108,0.42674533649371327,tai nguyen
OnlineBoutique,recommendationservice,cpu,1,cpu,1,11,1,67.44293303586558,0.8681927663605737,0.28434398739541444,11,237.1878289168045,0.987127001640055,0.9536093573824931,67.44293303586558,tai nguyen
OnlineBoutique,recommendationservice,cpu,1,latency-50,1,10,1,964.2988156340699,6.831017073570385,0.9154749235525803,10,1053.3317634654854,0.9929160785403655,0.9866604983744987,964.2988156340699,tai nguyen
OnlineBoutique,recommendationservice,cpu,2,workload,2,11,1,0.4893278513368077,0.45659955572239164,0.31717362328740284,11,1.542775992105149,0.06688418720701211,0.12940336717385853,0.4893278513368077,tai nguyen
OnlineBoutique,recommendationservice,cpu,2,cpu,1,11,1,60.663870142647056,0.7508212982852186,0.28383956575871416,11,213.72591231419827,0.9876232542282629,0.9539934817436434,60.663870142647056,tai nguyen
OnlineBoutique,recommendationservice,cpu,2,latency-50,1,10,1,1001.15044679518,26.672557597332947,1.0125929257548232,10,988.699823326226,0.9733580924997682,0.9677452698352705,1001.15044679518,tai nguyen
OnlineBoutique,recommendationservice,cpu,3,workload,3,11,1,0.6045464198100681,0.5036219094454727,0.37121382660935015,11,1.6285665470275366,0.1669425325458103,0.15184041787042724,0.6045464198100681,tai nguyen
OnlineBoutique,recommendationservice,cpu,3,cpu,1,11,1,54.69780104289338,1.2168815835811688,0.4698285139089215,11,116.42077784469423,0.9777526415983907,0.9255796831682616,54.69780104289338,tai nguyen
OnlineBoutique,recommendationservice,cpu,3,latency-50,1,10,1,591.9308886183911,20.0215759026534,0.7954666652155398,10,744.1303507771773,0.9661758217257674,0.9587471357551299,591.9308886183911,tai nguyen
OnlineBoutique,recommendationservice,delay,1,workload,4,11,1,1.4170950507831828,1.024685988871108,0.88620738376391,11,1.599055792973063,0.276910897187315,0.1934972383755702,1.4170950507831828,mang
OnlineBoutique,recommendationservice,delay,1,cpu,2,11,1,1.083560862622741,0.6867017855271084,0.1759577894278692,11,6.158072718155668,0.36625453242657907,0.3085014607832428,1.083560862622741,mang
OnlineBoutique,recommendationservice,delay,1,latency-50,1,10,1,4201.680215204768,69.41586262393018,0.6571533925025657,10,6393.758691869438,0.9834790228983318,0.9820207159732536,4201.680215204768,mang
OnlineBoutique,recommendationservice,delay,2,workload,4,11,1,1.51393374811085,1.3228370171278294,1.0402627330578367,11,1.45533786802173,0.12622529302981653,0.14798355506158967,1.51393374811085,mang
OnlineBoutique,recommendationservice,delay,2,cpu,7,11,1,0.7698274670299948,0.712697278702787,0.3896408748897273,11,1.9757359061670943,0.07421167829671876,0.16608850205192935,0.7698274670299948,mang
OnlineBoutique,recommendationservice,delay,2,latency-50,1,10,1,4525.437882826657,136.76394538592277,0.3582834113267045,10,12630.888675725177,0.9697788481629764,0.9696822074149325,4525.437882826657,mang
OnlineBoutique,recommendationservice,delay,3,workload,2,11,1,1.0458190055599785,0.6971581219448947,0.5429606741537358,11,1.9261413493527924,0.33338549190774663,0.20031155561698338,1.0458190055599785,mang
OnlineBoutique,recommendationservice,delay,3,cpu,1,11,1,0.39279553806976975,0.3438292115755794,0.12766292342656585,11,3.0768176658253736,0.12466110672950868,0.20865074485342078,0.39279553806976975,mang
OnlineBoutique,recommendationservice,delay,3,latency-50,1,10,1,4437.767958294164,126.94557931587532,0.8228415890832373,10,5393.222726185327,0.9713942728621909,0.9706200819865592,4437.767958294164,mang
OnlineBoutique,recommendationservice,disk,1,workload,9,11,1,0.41999062039631296,0.34197590942618483,0.1776247871931371,11,2.364482046864573,0.18575346015230443,0.1882591466783419,0.41999062039631296,tai nguyen
OnlineBoutique,recommendationservice,disk,1,cpu,1,11,1,60.95642671369492,0.3701158387972198,0.15314415711196847,11,398.03298972175463,0.9939281900408039,0.9738732446277031,60.95642671369492,tai nguyen
OnlineBoutique,recommendationservice,disk,1,latency-50,1,10,1,496.2789399886368,2.0317439918725153,0.8813971777888552,10,563.0593703892298,0.9959060443066171,0.9841073392841644,496.2789399886368,tai nguyen
OnlineBoutique,recommendationservice,disk,2,workload,1,11,1,0.3914975211832922,0.3334180693842869,0.30551778827043097,11,1.2814230012582957,0.148352029467419,0.14527828678828278,0.3914975211832922,tai nguyen
OnlineBoutique,recommendationservice,disk,2,cpu,1,11,1,64.64155776555995,0.5125998968855894,0.18574722613500702,11,348.00819969487134,0.9920701184407611,0.9674428772853845,64.64155776555995,tai nguyen
OnlineBoutique,recommendationservice,disk,2,latency-50,1,10,1,750.3145209337796,26.86149776583363,1.429686013295043,10,524.8107024594202,0.9641996829111024,0.950948606640158,750.3145209337796,tai nguyen
OnlineBoutique,recommendationservice,disk,3,workload,6,11,1,0.30456477666773724,0.19571416601241443,0.15676442507764274,11,1.9428181905230828,0.35739724023987385,0.19331711961209497,0.30456477666773724,tai nguyen
OnlineBoutique,recommendationservice,disk,3,cpu,1,11,1,45.682264986099874,0.8463705804249025,0.19776237358742269,11,230.99573572778547,0.9814726660185865,0.9388311114175227,45.682264986099874,tai nguyen
OnlineBoutique,recommendationservice,disk,3,latency-50,1,10,1,840.5033047233089,11.830889673014322,1.0391081062548517,10,808.869933420736,0.9859240414564354,0.9775246469477535,840.5033047233089,tai nguyen
OnlineBoutique,recommendationservice,loss,1,workload,1,11,1,14.204853810220133,10.450531441788014,4.163749267536302,11,3.411553601695419,0.2642985572812409,0.2731887408240034,14.204853810220133,mang
OnlineBoutique,recommendationservice,loss,1,cpu,11,11,1,5.6181582287681735,4.677734507877448,1.2226854299400307,11,4.5949334891835,0.1673900382647146,0.2631721783649662,5.6181582287681735,mang
OnlineBoutique,recommendationservice,loss,1,latency-50,1,10,1,773.7101434622381,40.0027396538925,9.140210777696266,10,84.6490482856509,0.9482975116819767,0.8575419273005147,773.7101434622381,mang
OnlineBoutique,recommendationservice,loss,2,workload,1,11,1,8.304039194485952,3.713379510707242,1.7694571829486523,11,4.692986795333451,0.5528224971321186,0.3452769400497996,8.304039194485952,mang
OnlineBoutique,recommendationservice,loss,2,cpu,11,11,1,2.91146771615991,2.42452366147681,0.7892810582180775,11,3.6887591382631086,0.16725037065681653,0.24662018770380778,2.91146771615991,mang
OnlineBoutique,recommendationservice,loss,2,latency-50,1,10,1,5014.623550758912,79.02066899740828,1.884898197015875,10,2660.421426843074,0.984241953917867,0.980311603928472,5014.623550758912,mang
OnlineBoutique,recommendationservice,loss,3,workload,1,11,1,6.543803406054909,3.8641087074900793,1.7990461062194905,11,3.637373930235749,0.40950110085601565,0.28682950826916886,6.543803406054909,mang
OnlineBoutique,recommendationservice,loss,3,cpu,11,11,1,2.611143618732782,1.8053178208189544,0.9484740516506442,11,2.7529942587133176,0.30861029325721434,0.220788824371246,2.611143618732782,mang
OnlineBoutique,recommendationservice,loss,3,latency-50,1,10,1,16277.447207990657,18.14975021379523,0.8491036025912604,10,19170.154452667255,0.9988849756364201,0.9979462775819493,16277.447207990657,mang
OnlineBoutique,recommendationservice,mem,1,workload,6,11,1,1.1738515321818517,0.6326986863354006,0.4916538963646591,11,2.3875566549180918,0.46100620990850855,0.23792857823615643,1.1738515321818517,tai nguyen
OnlineBoutique,recommendationservice,mem,1,cpu,1,11,1,52.78625347825028,1.1250788429840308,0.5122984580875292,11,103.0380877492929,0.9786861394994134,0.911429725175996,52.78625347825028,tai nguyen
OnlineBoutique,recommendationservice,mem,1,latency-50,1,10,1,1124.004903104342,10.211747699813372,0.9023006764786556,10,1245.709919548011,0.9909148548448409,0.9850373065131838,1124.004903104342,tai nguyen
OnlineBoutique,recommendationservice,mem,2,workload,4,11,1,1.1119334425683238,0.8924517865099652,0.7399568820834221,11,1.502700318750418,0.1973874043678405,0.1532043243526975,1.1119334425683238,tai nguyen
OnlineBoutique,recommendationservice,mem,2,cpu,1,11,1,64.38058744048026,1.471819407869843,0.543182365973748,11,118.52481132200776,0.9771387701420007,0.9125392693297367,64.38058744048026,tai nguyen
OnlineBoutique,recommendationservice,mem,2,latency-50,1,10,1,1211.7348353141417,21.16555209589382,1.7020055404426002,10,711.9452942550555,0.9825328516775647,0.9750908507091232,1211.7348353141417,tai nguyen
OnlineBoutique,recommendationservice,mem,3,workload,2,11,1,1.2078067695173293,0.961258310955027,0.7741270036700764,11,1.560217850289695,0.20412905837647313,0.1681025797603128,1.2078067695173293,tai nguyen
OnlineBoutique,recommendationservice,mem,3,cpu,1,11,1,55.49424979699186,1.6607493476316706,0.5378424517280322,11,103.17937830807993,0.9700734877269808,0.8930802768824281,55.49424979699186,tai nguyen
OnlineBoutique,recommendationservice,mem,3,latency-50,1,10,1,1077.5886457141692,40.25657320607942,1.4488883679150275,10,743.7347621644832,0.9626419846142686,0.9527197357509887,1077.5886457141692,tai nguyen
OnlineBoutique,recommendationservice,socket,1,workload,2,11,1,0.7384861915637009,0.4802003476715408,0.42391657740604,11,1.7420554678057723,0.34975040406003405,0.15841836385999836,0.7384861915637009,tai nguyen
OnlineBoutique,recommendationservice,socket,1,cpu,1,11,1,52.539887388234504,0.9055849320733558,0.32281017646077736,11,162.75784104538073,0.9827638585255867,0.929235739014569,52.539887388234504,tai nguyen
OnlineBoutique,recommendationservice,socket,1,latency-50,1,10,1,4798.90993448811,35.18726876653714,0.8723187614343384,10,5501.326059521346,0.9926676538532931,0.9906097298452121,4798.90993448811,tai nguyen
OnlineBoutique,recommendationservice,socket,2,workload,7,11,1,0.3295258917951231,0.22746795168678263,0.15382337000704321,11,2.1422355509441435,0.3097114449865238,0.19666203808576777,0.3295258917951231,tai nguyen
OnlineBoutique,recommendationservice,socket,2,cpu,1,11,1,10.690686646064847,0.7160533861370757,0.25618290703474006,11,41.73067895047003,0.9330208236530204,0.7828524370402266,10.690686646064847,tai nguyen
OnlineBoutique,recommendationservice,socket,2,latency-50,1,10,1,245.60763724768745,6.068072635433443,0.2221552287180642,10,1105.567663948106,0.9752936321385072,0.9682601647858724,245.60763724768745,tai nguyen
OnlineBoutique,recommendationservice,socket,3,workload,11,11,1,0.2475886116388935,0.14433445492994035,0.09375188768636118,11,2.6408920156059126,0.417039200734922,0.24507138691246602,0.2475886116388935,tai nguyen
OnlineBoutique,recommendationservice,socket,3,cpu,1,11,1,5.203107112777525,0.395919809426881,0.1162897735972583,11,44.74260248194512,0.9239070423027422,0.7700172923300724,5.203107112777525,tai nguyen
OnlineBoutique,recommendationservice,socket,3,latency-50,1,10,1,63.112587366179014,2.647500053377066,0.31366322851716943,10,201.2113044443918,0.9580511564513069,0.9292271049421926,63.112587366179014,tai nguyen
TrainTicket,ts-auth-service,cpu,1,workload,21,28,1,0.47369851630975146,0.4683273895354024,0.2979510229196246,28,1.589853633217888,0.01133870297123087,0.05927863345061918,0.47369851630975146,tai nguyen
TrainTicket,ts-auth-service,cpu,1,cpu,1,68,1,30.78543061241883,1.1741026640205725,0.3872941602567332,68,79.48849678500572,0.9618617430172655,0.5422935239025879,30.78543061241883,tai nguyen
TrainTicket,ts-auth-service,cpu,1,latency-50,1,26,1,42.55858374175975,11.331979619201846,1.1581693595132498,26,36.74642520299974,0.7337322198510433,0.4860327270535095,42.55858374175975,tai nguyen
TrainTicket,ts-auth-service,cpu,2,workload,3,28,1,0.7219570347720712,0.7056996835272111,0.25885769439214235,28,2.7890113000789607,0.022518447029181807,0.07969899522570918,0.7219570347720712,tai nguyen
TrainTicket,ts-auth-service,cpu,2,cpu,1,68,1,17.643638534281944,3.2693183135215915,0.1932417823404806,68,91.30343510905368,0.8147027152495082,0.4317276406174203,17.643638534281944,tai nguyen
TrainTicket,ts-auth-service,cpu,2,latency-50,1,28,1,36.251470437009424,8.187791289479438,1.0306413518604858,28,35.17370069769591,0.774139057236132,0.4294498898304137,36.251470437009424,tai nguyen
TrainTicket,ts-auth-service,cpu,3,workload,1,28,1,0.8474701490524744,0.5617857372666437,0.388826216859398,28,2.179560205321559,0.3371026249186996,0.08450908157583166,0.8474701490524744,tai nguyen
TrainTicket,ts-auth-service,cpu,3,cpu,1,68,1,12.060651545875556,1.5505416114185653,0.21323150156166218,68,56.56130289167365,0.8714379894385713,0.39900335803314724,12.060651545875556,tai nguyen
TrainTicket,ts-auth-service,cpu,3,latency-50,1,28,1,21.345373931211203,6.40763735658171,0.4728811868392968,28,45.13897893439601,0.6998114262494852,0.45196400716604185,21.345373931211203,tai nguyen
TrainTicket,ts-auth-service,delay,1,workload,3,28,1,0.6348945502389856,0.5406637582920921,0.2616712760290394,28,2.4263058592970177,0.14841959489402343,0.08245771546761553,0.6348945502389856,mang
TrainTicket,ts-auth-service,delay,1,cpu,5,68,1,1.1416583073604212,1.0879600099758686,0.36325863444183104,68,3.142824971289804,0.047035349402139486,0.04369080236754253,1.1416583073604212,mang
TrainTicket,ts-auth-service,delay,1,latency-50,1,26,1,126.27131668518274,21.196561401237332,1.3784308123736604,26,91.60511761032336,0.8321347875536595,0.6429517438776604,126.27131668518274,mang
TrainTicket,ts-auth-service,delay,2,workload,15,28,14,0.6966918405267123,0.6730956834281882,0.2740187965890921,28,2.542496533810577,0.03386885811765069,0.07262234335067223,0.6966918405267123,mang
TrainTicket,ts-auth-service,delay,2,cpu,13,68,14,1.3927542426939332,1.297020619331854,0.28984028734120376,68,4.805247246578819,0.06873691023687459,0.04732384596362129,1.3927542426939332,mang
TrainTicket,ts-auth-service,delay,2,latency-50,2,28,14,16.963444857748783,9.230436238085568,1.5347714401735908,28,11.05274988426298,0.45586310354472787,0.2613117662049706,16.963444857748783,mang
TrainTicket,ts-auth-service,delay,3,workload,20,28,6,0.3691874195244909,0.3649926105000318,0.24018608196391888,28,1.537089145656453,0.011362275100982552,0.0624728037995605,0.3691874195244909,mang
TrainTicket,ts-auth-service,delay,3,cpu,40,68,6,1.8725294294518513,1.2811372111729111,0.3244136037557389,68,5.772043489463953,0.31582532641532873,0.05984421509448707,1.8725294294518513,mang
TrainTicket,ts-auth-service,delay,3,latency-50,1,28,6,8.461345543636828,1.7719345374848736,0.5616954050808056,28,15.063939400429271,0.790584780121949,0.32050076291959595,8.461345543636828,mang
TrainTicket,ts-auth-service,disk,1,workload,18,28,1,0.5733780932504418,0.5032061519439192,0.19865556986109353,28,2.8862925597876083,0.12238336646020534,0.08265612227850583,0.5733780932504418,tai nguyen
TrainTicket,ts-auth-service,disk,1,cpu,1,68,1,2.3941085177543666,0.938123185321707,0.3219269389763574,68,7.436807013936141,0.6081534406796019,0.09062585259593416,2.3941085177543666,tai nguyen
TrainTicket,ts-auth-service,disk,1,latency-50,7,28,1,5.069840574326955,2.4102095856438686,0.8155084559300675,28,6.216784801507576,0.5245985450018149,0.1666414295277037,5.069840574326955,tai nguyen
TrainTicket,ts-auth-service,disk,2,workload,3,28,1,0.6892622471243197,0.5819012034119682,0.27415525684674025,28,2.5141310622748145,0.15576225763165472,0.0946152119886104,0.6892622471243197,tai nguyen
TrainTicket,ts-auth-service,disk,2,cpu,1,68,1,13.672981219711467,1.1953519128814147,0.5199261309105584,68,26.297930430551098,0.9125756194882977,0.27245646679851987,13.672981219711467,tai nguyen
TrainTicket,ts-auth-service,disk,2,latency-50,1,28,1,22.16465727350026,4.066617952955896,1.1834517451225606,28,18.728822163513602,0.8165269192852405,0.35186241326363604,22.16465727350026,tai nguyen
TrainTicket,ts-auth-service,disk,3,workload,1,28,1,0.8535650309830503,0.61116771974065,0.3811314695372171,28,2.239555374473481,0.28398224205978945,0.09069033602882055,0.8535650309830503,tai nguyen
TrainTicket,ts-auth-service,disk,3,cpu,1,68,1,8.967817465323565,1.6735870143581957,0.42186258468102195,68,21.25767439675717,0.8133785594065042,0.2098750290688608,8.967817465323565,tai nguyen
TrainTicket,ts-auth-service,disk,3,latency-50,1,28,1,28.969776776738932,5.0486225782439575,0.3986510899657041,28,72.66950349798667,0.825727943395901,0.5822681603331394,28.969776776738932,tai nguyen
TrainTicket,ts-auth-service,loss,1,workload,15,28,42,0.3191907236985951,0.31164578395777703,0.05694568534916175,28,5.605178368501163,0.023637716201121716,0.11196982762900203,0.3191907236985951,mang
TrainTicket,ts-auth-service,loss,1,cpu,21,68,42,2.7562811616625544,1.9454925023455987,0.22921765263275903,68,12.024733392059158,0.2941603601963082,0.12417237662462624,2.7562811616625544,mang
TrainTicket,ts-auth-service,loss,1,latency-50,4,27,42,2.7234157740597555,2.6972655683286524,0.3277168818383309,27,8.310270007400074,0.00960198805492025,0.14163343667858316,2.7234157740597555,mang
TrainTicket,ts-auth-service,loss,2,workload,18,28,56,0.5300390618334062,0.5164481923884614,0.3156045137025719,28,1.6794406886490827,0.02564126009493331,0.06621431306687212,0.5300390618334062,mang
TrainTicket,ts-auth-service,loss,2,cpu,19,68,56,1.7581939249789273,1.5860306420632848,0.25660051897982283,68,6.851872053762988,0.09792053110279401,0.0625744623725811,1.7581939249789273,mang
TrainTicket,ts-auth-service,loss,2,latency-50,8,28,56,3.8176696124609384,3.109567982074305,0.4922471108314877,28,7.755595773862961,0.18548007089858626,0.17016728554664967,3.8176696124609384,mang
TrainTicket,ts-auth-service,loss,3,workload,6,28,63,0.44779911575895376,0.3138388254850804,0.21740420305203587,28,2.059753718982943,0.29915264581715467,0.08069717644526501,0.44779911575895376,mang
TrainTicket,ts-auth-service,loss,3,cpu,62,68,63,2.0439024859430046,0.6434611624062843,0.23290217670520766,68,8.775798126309668,0.6851801067655106,0.11577091574851371,2.0439024859430046,mang
TrainTicket,ts-auth-service,loss,3,latency-50,13,28,63,2.8085915314360324,2.2027264285395134,0.6362900065412254,28,4.41401169680961,0.21571848241910074,0.13094378013834332,2.8085915314360324,mang
TrainTicket,ts-auth-service,mem,1,workload,1,28,2,0.946262731393749,0.8391123624850436,0.2966290643285574,28,3.1900539939863517,0.11323532603982375,0.08270261191504508,0.946262731393749,tai nguyen
TrainTicket,ts-auth-service,mem,1,cpu,1,68,2,16.721327403794344,3.6510813533236846,0.3312060004025462,68,50.48618498297531,0.7816512250997971,0.35047714150695747,16.721327403794344,tai nguyen
TrainTicket,ts-auth-service,mem,1,latency-50,2,28,2,130037022545089.94,57.68329115711809,0.7870467920751443,28,165221463138464.2,0.9999999999995564,0.9999999999992759,130037022545089.94,tai nguyen
TrainTicket,ts-auth-service,mem,2,workload,7,28,2,1.208543403094215,1.0803640136171273,0.5640252131404286,28,2.1427116641917157,0.10606105593635448,0.07017597131980967,1.208543403094215,tai nguyen
TrainTicket,ts-auth-service,mem,2,cpu,1,68,2,18.859039959964853,13.39166407976498,0.2979763570330536,68,63.29039037776034,0.2899074338782016,0.3356349067968917,18.859039959964853,tai nguyen
TrainTicket,ts-auth-service,mem,2,latency-50,2,28,2,301431745220766.75,53.50447664017333,0.8506464799270634,28,354356071921454.7,0.9999999999998225,0.9999999999996907,301431745220766.75,tai nguyen
TrainTicket,ts-auth-service,mem,3,workload,4,28,1,0.47095381689650856,0.4660032075427225,0.23969114249187126,28,1.96483613036506,0.010511878609264867,0.07006665133117182,0.47095381689650856,tai nguyen
TrainTicket,ts-auth-service,mem,3,cpu,1,68,1,12.63998336910423,1.29952505505716,0.322023416250527,68,39.25175229887819,0.8971893382206836,0.31702791750415893,12.63998336910423,tai nguyen
TrainTicket,ts-auth-service,mem,3,latency-50,1,28,1,18.79132678539957,1.4641033650255517,0.5270661548172378,28,35.65269105908637,0.9220862165963115,0.5722468751388088,18.79132678539957,tai nguyen
TrainTicket,ts-auth-service,socket,1,workload,5,28,2,0.8342081875233378,0.8210932732713044,0.4114822764704791,28,2.0273247117198405,0.015721392391232637,0.06843777682604456,0.8342081875233378,tai nguyen
TrainTicket,ts-auth-service,socket,1,cpu,1,68,2,14.394781150928903,0.9847228819646185,0.2647068443004926,68,54.38008672940881,0.9315916739796302,0.40645812961281647,14.394781150928903,tai nguyen
TrainTicket,ts-auth-service,socket,1,latency-50,1,27,2,38.32541336970678,7.149800434996222,0.5188310468384267,27,73.86877405129921,0.8134449231890718,0.5999222202558024,38.32541336970678,tai nguyen
TrainTicket,ts-auth-service,socket,2,workload,9,28,1,0.9080217778803618,0.766563335928871,0.4019519918456355,28,2.2590304222925104,0.1557874991519519,0.07459810608580326,0.9080217778803618,tai nguyen
TrainTicket,ts-auth-service,socket,2,cpu,1,68,1,10.566109579574997,2.5413157940848747,0.4078467819696639,68,25.90705639148801,0.7594842477313116,0.2239308453378119,10.566109579574997,tai nguyen
TrainTicket,ts-auth-service,socket,2,latency-50,1,27,1,47.07808267132708,8.368239831024919,0.4629289870002749,27,101.69612185313235,0.8222476499426006,0.6842876332515528,47.07808267132708,tai nguyen
TrainTicket,ts-auth-service,socket,3,workload,2,28,1,1.1133598819707766,1.064758753831072,0.5082719653959267,28,2.190480604421113,0.04365266696485853,0.076444392137568,1.1133598819707766,tai nguyen
TrainTicket,ts-auth-service,socket,3,cpu,1,68,1,14.950662720781478,1.0124639718670831,0.3285841379622001,68,45.500256992020056,0.9322796593852823,0.3960466450807215,14.950662720781478,tai nguyen
TrainTicket,ts-auth-service,socket,3,latency-50,1,28,1,74.81527256956379,10.959442226579892,0.512011178726108,28,146.12038892530703,0.8535133021618049,0.7438826027024229,74.81527256956379,tai nguyen
TrainTicket,ts-order-service,cpu,1,workload,7,28,2,0.5587266911373346,0.5097312902471745,0.22188320107382614,28,2.5181117292040156,0.08769117650425108,0.09244674327034429,0.5587266911373346,tai nguyen
TrainTicket,ts-order-service,cpu,1,cpu,1,68,2,10.600995223997824,1.4505159059432253,0.2684435782361378,68,39.49058976807634,0.8631717234755805,0.2862563830156477,10.600995223997824,tai nguyen
TrainTicket,ts-order-service,cpu,1,latency-50,1,28,2,5.638878084206191,1.1618530256583812,0.4287045942855827,28,13.153295204599178,0.7939567040981805,0.31013258562359824,5.638878084206191,tai nguyen
TrainTicket,ts-order-service,cpu,2,workload,20,28,1,0.5442120870939722,0.5127067958227077,0.31028856891908324,28,1.753890222220501,0.05789156841315112,0.06191581368506336,0.5442120870939722,tai nguyen
TrainTicket,ts-order-service,cpu,2,cpu,1,68,1,36.14119971937769,0.9380006015066902,0.26786752430661737,68,134.9219163947933,0.9740462240105504,0.6430719085029901,36.14119971937769,tai nguyen
TrainTicket,ts-order-service,cpu,2,latency-50,1,28,1,92.69718095600173,11.004353353632396,0.9291211635861545,28,99.76866805855103,0.8812870764769475,0.6704487764756966,92.69718095600173,tai nguyen
TrainTicket,ts-order-service,cpu,3,workload,3,28,1,0.49391566110157553,0.41412917024993323,0.11255384423833645,28,4.388261142424358,0.161538694022569,0.12411403447303017,0.49391566110157553,tai nguyen
TrainTicket,ts-order-service,cpu,3,cpu,1,68,1,45.51747027315977,0.8319579043181328,0.20145766429688042,68,225.94062346559537,0.9817222288645353,0.7441198595178449,45.51747027315977,tai nguyen
TrainTicket,ts-order-service,cpu,3,latency-50,1,28,1,36.866156392799326,12.043082437881921,0.5505060995115039,28,66.96775281057343,0.6733295896223624,0.4903013373517083,36.866156392799326,tai nguyen
TrainTicket,ts-order-service,delay,1,workload,13,28,2,1.1351005063085053,1.0905969614911597,0.6005015065831558,28,1.8902542189564344,0.03920669982086165,0.07201170109485282,1.1351005063085053,mang
TrainTicket,ts-order-service,delay,1,cpu,32,68,2,7.410524716155071,1.7136436920807456,0.33206480853559095,68,22.31650125418456,0.7687554177715684,0.19719577629928223,7.410524716155071,mang
TrainTicket,ts-order-service,delay,1,latency-50,1,27,2,435.5879552981581,225.88593112648005,0.8287325085227422,27,525.6074195455609,0.4814229172800196,0.5179500784732703,435.5879552981581,mang
TrainTicket,ts-order-service,delay,2,workload,2,21,1,0.38574241148011473,0.15879045688890617,0.061926444504113554,21,6.229041802238319,0.588351054581687,0.2227137926269783,0.38574241148011473,mang
TrainTicket,ts-order-service,delay,2,cpu,23,68,1,0.8073643308338885,0.7970597184389637,0.2679413817666254,68,3.0132125374239345,0.012763274275792694,0.03531578104051574,0.8073643308338885,mang
TrainTicket,ts-order-service,delay,2,latency-50,1,21,1,89.8999735949754,51.05416724281121,1.1440149766372993,21,78.5828642376921,0.43210030880738015,0.5218981477316176,89.8999735949754,mang
TrainTicket,ts-order-service,delay,3,workload,15,21,1,0.4328132469644378,0.31345823968898867,0.17915912402445455,21,2.4158035451510713,0.27576560586477605,0.134779229606666,0.4328132469644378,mang
TrainTicket,ts-order-service,delay,3,cpu,6,68,1,2.6034472303524474,0.6745201662292991,0.26582294787178573,68,9.793914525423768,0.7409126797864904,0.13028024267842,2.6034472303524474,mang
TrainTicket,ts-order-service,delay,3,latency-50,1,21,1,197.7722719020641,19.356394252177783,0.31187118137664493,21,634.1473137372566,0.9021278662270564,0.8611915201947999,197.7722719020641,mang
TrainTicket,ts-order-service,disk,1,workload,8,28,1,0.5156815288346049,0.49963098965835173,0.12362568226171501,28,4.171313916334225,0.0311249061267058,0.11861012062936484,0.5156815288346049,tai nguyen
TrainTicket,ts-order-service,disk,1,cpu,2,68,1,2.435487828098328,1.911260723059385,0.21528680603206685,68,11.312759351056393,0.21524521658080661,0.09622586259150236,2.435487828098328,tai nguyen
TrainTicket,ts-order-service,disk,1,latency-50,26,28,1,2.2260412911830345,1.7177370496810505,0.3403018891255827,28,6.541372123742609,0.22834448018340425,0.15094949132306337,2.2260412911830345,tai nguyen
TrainTicket,ts-order-service,disk,2,workload,15,21,1,0.33282124449463685,0.3295456905592066,0.1904894621466786,21,1.7471897959287714,0.009841781405522635,0.0896381293796679,0.33282124449463685,tai nguyen
TrainTicket,ts-order-service,disk,2,cpu,1,68,1,4.388544166207315,1.862803750073854,0.3730504885111603,68,11.763941614771605,0.5755303627982549,0.0986092097158021,4.388544166207315,tai nguyen
TrainTicket,ts-order-service,disk,2,latency-50,19,21,1,2.5878413892993852,0.8304405610434737,0.3499927795778065,21,7.393985077123813,0.6790991269877241,0.26357156769900486,2.5878413892993852,tai nguyen
TrainTicket,ts-order-service,disk,3,workload,17,21,1,0.583000687923791,0.5801927624724672,0.1800917685097369,21,3.237242283465445,0.004816332998376922,0.12956700284038364,0.583000687923791,tai nguyen
TrainTicket,ts-order-service,disk,3,cpu,1,68,1,53.25006562127663,1.8027845165025387,0.26959191651757974,68,197.52100251790844,0.9661449334292985,0.6834625480215853,53.25006562127663,tai nguyen
TrainTicket,ts-order-service,disk,3,latency-50,1,21,1,7.5291417144635275,1.314439673227745,0.44808641508711433,21,16.80287877729959,0.8254197193947488,0.4033939478197916,7.5291417144635275,tai nguyen
TrainTicket,ts-order-service,loss,1,workload,3,28,16,0.4004214653304554,0.19699436816135935,0.11619075855874986,28,3.446241941246895,0.5080324477640428,0.11947158130187996,0.4004214653304554,mang
TrainTicket,ts-order-service,loss,1,cpu,25,68,16,2.224769669288106,1.6709048680015512,0.20809298921323424,68,10.691228367181415,0.2489537721285923,0.09043999179319874,2.224769669288106,mang
TrainTicket,ts-order-service,loss,1,latency-50,24,27,16,112.58746779550162,4.108981463899408,0.5529901444798353,27,203.59760281334835,0.9635040955769361,0.8327730806344767,112.58746779550162,mang
TrainTicket,ts-order-service,loss,2,workload,14,21,1,0.3517259649707838,0.33561813990474737,0.18920613993197602,21,1.8589564011888695,0.04579651964953574,0.09386963289536472,0.3517259649707838,mang
TrainTicket,ts-order-service,loss,2,cpu,20,68,1,1.0313141423444951,0.6143774407792674,0.16833474221382144,68,6.126567390553898,0.40427711057796806,0.07195215899675483,1.0313141423444951,mang
TrainTicket,ts-order-service,loss,2,latency-50,1,21,1,6.501061275881864,2.6228107825480382,0.2795957029795821,21,23.251649458849567,0.5965565203517857,0.36094648679981384,6.501061275881864,mang
TrainTicket,ts-order-service,loss,3,workload,12,21,2,0.6003947779741041,0.4474036910972426,0.15318296192980657,21,3.919461867105198,0.254817484244442,0.1288797772426362,0.6003947779741041,mang
TrainTicket,ts-order-service,loss,3,cpu,20,68,2,3.0471841353951366,0.9126975489213389,0.16063456489871586,68,18.969666567817846,0.7004783733546882,0.18464918003659278,3.0471841353951366,mang
TrainTicket,ts-order-service,loss,3,latency-50,3,21,2,8167324732429.879,6.3203683162371656,0.548538414977601,21,14889248427137.746,0.9999999999992262,0.9999999999977278,8167324732429.879,mang
TrainTicket,ts-order-service,mem,1,workload,20,28,1,0.335571580716188,0.3243520132914176,0.20607736303012036,28,1.6283767211595224,0.033434200240751014,0.06824628249587439,0.335571580716188,tai nguyen
TrainTicket,ts-order-service,mem,1,cpu,1,68,1,6.830542059475203,1.1018138306973013,0.31178971227089114,68,21.90752866643864,0.8386930610918522,0.20546176540581784,6.830542059475203,tai nguyen
TrainTicket,ts-order-service,mem,1,latency-50,1,28,1,7.542687227391456,2.966198276330963,0.5616671459089602,28,13.42910526693694,0.6067451576728331,0.2647278774691917,7.542687227391456,tai nguyen
TrainTicket,ts-order-service,mem,2,workload,5,28,1,0.49481689781176047,0.45935864726778886,0.2445180248073028,28,2.0236418080086755,0.07165933641470089,0.07859409788283149,0.49481689781176047,tai nguyen
TrainTicket,ts-order-service,mem,2,cpu,1,68,1,9.604586110019026,1.4766549050198237,0.29306110994936246,68,32.77332195895452,0.8462552276480242,0.2554858076090639,9.604586110019026,tai nguyen
TrainTicket,ts-order-service,mem,2,latency-50,1,28,1,5.836023144933044,2.0853659305865775,0.4323008526493963,28,13.499911252005239,0.6426734646525288,0.2834970822928522,5.836023144933044,tai nguyen
TrainTicket,ts-order-service,mem,3,workload,22,28,2,0.5502541738822719,0.3872285982045561,0.19284773277668565,28,2.8533090120351936,0.29627321956960845,0.09823031217097447,0.5502541738822719,tai nguyen
TrainTicket,ts-order-service,mem,3,cpu,1,68,2,31.17170104678771,2.5845376272930887,0.2159926944433417,68,144.3183119092231,0.9170870520215184,0.5246960242663578,31.17170104678771,tai nguyen
TrainTicket,ts-order-service,mem,3,latency-50,2,28,2,1338317477038.2097,59.87482387308447,1.6886350480072925,28,792543941698.6625,0.9999999999552611,0.9999999999073018,1338317477038.2097,tai nguyen
TrainTicket,ts-order-service,socket,1,workload,19,28,2,0.31376470204569357,0.2821541718006949,0.20294046856851788,28,1.5460923307159833,0.10074597314134849,0.05913142824445442,0.31376470204569357,tai nguyen
TrainTicket,ts-order-service,socket,1,cpu,1,68,2,17.021581575570657,2.8249228857696376,0.19814024063592223,68,85.90673717232124,0.8340387540824078,0.4830518110043609,17.021581575570657,tai nguyen
TrainTicket,ts-order-service,socket,1,latency-50,1,27,2,86.32959825486971,35.48629437256505,0.6472574365947021,27,133.37753013555152,0.5889440575432849,0.48334595920153006,86.32959825486971,tai nguyen
TrainTicket,ts-order-service,socket,2,workload,6,21,2,0.3962573919783234,0.37318197378731427,0.08536637641709419,21,4.641843880572337,0.05823340752283408,0.15308906736368227,0.3962573919783234,tai nguyen
TrainTicket,ts-order-service,socket,2,cpu,1,68,2,86.61964735830428,1.450481767535541,0.21254716300304238,68,407.5314209536846,0.983254587016089,0.8139182030672897,86.61964735830428,tai nguyen
TrainTicket,ts-order-service,socket,2,latency-50,2,21,2,149.39566413937325,50.0487578343815,0.8154925642650469,21,183.19684407424896,0.6649918983747057,0.6967188607433462,149.39566413937325,tai nguyen
TrainTicket,ts-order-service,socket,3,workload,6,28,1,0.46032000777011745,0.45072306031845377,0.13033876374583017,28,3.5317199161699437,0.020848425637966975,0.10928874228810345,0.46032000777011745,tai nguyen
TrainTicket,ts-order-service,socket,3,cpu,1,68,1,49.68435037694154,1.3422875953528874,0.21582895092678364,68,230.20243652945393,0.9729836943591027,0.7391306185523622,49.68435037694154,tai nguyen
TrainTicket,ts-order-service,socket,3,latency-50,1,28,1,47.363709790126876,17.198967533742803,0.5688791185342021,28,83.25795102510742,0.636874568948398,0.50026733580477,47.363709790126876,tai nguyen
TrainTicket,ts-route-service,cpu,1,workload,5,28,1,1.4080428829525231,0.9436940681377677,0.4324293527948733,28,3.256122355830088,0.3297831482526037,0.1098603790874281,1.4080428829525231,tai nguyen
TrainTicket,ts-route-service,cpu,1,cpu,1,68,1,60.64363434999197,1.1163487968486574,0.2960595243481633,68,204.83595143075217,0.9815916574127816,0.736871858201398,60.64363434999197,tai nguyen
TrainTicket,ts-route-service,cpu,1,latency-50,1,28,1,133.39037820774465,79.36162009483036,0.594351439932607,28,224.43014224525083,0.4050423939031712,0.3817390921337422,133.39037820774465,tai nguyen
TrainTicket,ts-route-service,cpu,2,workload,8,21,1,0.192169909292735,0.18120000661046426,0.052390109302007846,21,3.6680570407851794,0.05708439329884963,0.1275500772666054,0.192169909292735,tai nguyen
TrainTicket,ts-route-service,cpu,2,cpu,1,68,1,40.559430109358004,2.4764657075821357,0.25667408063016295,68,158.0191891981464,0.9389422952712849,0.5062749451161274,40.559430109358004,tai nguyen
TrainTicket,ts-route-service,cpu,2,latency-50,2,21,1,10.979630255429122,9.160190502783752,0.6887838118271684,21,15.94060439124281,0.16571047570073744,0.24283473238095263,10.979630255429122,tai nguyen
TrainTicket,ts-route-service,cpu,3,workload,17,21,1,0.3061889188728314,0.27427096904244863,0.10278589414294853,21,2.978900183005676,0.10424266804913067,0.12906868520388495,0.3061889188728314,tai nguyen
TrainTicket,ts-route-service,cpu,3,cpu,1,68,1,99.49690555256365,2.5742105136448576,0.32343342258690977,68,307.6271609679666,0.9741277329244685,0.7990516135130625,99.49690555256365,tai nguyen
TrainTicket,ts-route-service,cpu,3,latency-50,3,21,1,24.626211860431173,14.101186486201664,0.8536584635103853,21,28.847850648799405,0.42739116490510165,0.3602515140658003,24.626211860431173,tai nguyen
TrainTicket,ts-route-service,delay,1,workload,6,28,2,4.200205484113321,3.311465214370841,1.0341520386094727,28,4.061497079057102,0.21159447391419625,0.09655676599547926,4.200205484113321,mang
TrainTicket,ts-route-service,delay,1,cpu,10,68,2,2.6578860041142733,2.6424080922274844,0.39801443289962424,68,6.677863374830352,0.005823391922313412,0.05593352225866563,2.6578860041142733,mang
TrainTicket,ts-route-service,delay,1,latency-50,1,27,2,3465.9425192598887,1399.8081549452727,0.5736193765050226,27,6042.234033964055,0.596124821122485,0.4403800204573543,3465.9425192598887,mang
TrainTicket,ts-route-service,delay,2,workload,2,28,2,3.4202729017478295,3.1897387975504135,0.8875032685473181,28,3.8538144285893123,0.06740225438724741,0.08536687090629835,3.4202729017478295,mang
TrainTicket,ts-route-service,delay,2,cpu,13,68,2,3.730001946563422,2.5226375170373587,0.4713024026345213,68,7.914243436301574,0.3236900266602942,0.07770499557704284,3.730001946563422,mang
TrainTicket,ts-route-service,delay,2,latency-50,2,28,2,1.2259039678105392e+17,6539.9768408126,0.8557892992415004,28,1.4324834032127736e+17,0.9999999999999466,0.9999999999999322,1.2259039678105392e+17,mang
TrainTicket,ts-route-service,delay,3,workload,1,28,1,3.4904694185983334,2.74882786030753,1.1601404446286878,28,3.0086610933691618,0.21247616562376992,0.08617549978887756,3.4904694185983334,mang
TrainTicket,ts-route-service,delay,3,cpu,13,68,1,2.8387905047934154,2.739634716176342,0.43688437646304223,68,6.497807332401963,0.03492888554109395,0.06551616045767164,2.8387905047934154,mang
TrainTicket,ts-route-service,delay,3,latency-50,1,28,1,4042.937346209438,2180.614464813159,0.6665766850783217,28,6065.224657136635,0.4606360974508667,0.5412974632755052,4042.937346209438,mang
TrainTicket,ts-route-service,disk,1,workload,8,28,1,0.39698001514427944,0.37935338979617345,0.21753679675419668,28,1.8248867367153643,0.04440179524326868,0.06524467950968575,0.39698001514427944,tai nguyen
TrainTicket,ts-route-service,disk,1,cpu,1,68,1,1.4925008772578119,1.3088294173632073,0.26514492975203763,68,5.629000255270173,0.12306288236966809,0.06677880539662542,1.4925008772578119,tai nguyen
TrainTicket,ts-route-service,disk,1,latency-50,21,28,1,2.9472228332982,1.4290957470182322,0.3303223768048319,28,8.922262130123691,0.5151042768561381,0.2250276093566628,2.9472228332982,tai nguyen
TrainTicket,ts-route-service,disk,2,workload,22,28,2,0.7028883419266035,0.48266977022940627,0.21548458911800517,28,3.2618961049770614,0.3133051987938545,0.11650109445773174,0.7028883419266035,tai nguyen
TrainTicket,ts-route-service,disk,2,cpu,1,68,2,68.67561056112505,2.0153191514707625,0.2143133970046796,68,320.4447856315091,0.9706545142445145,0.7916028836066877,68.67561056112505,tai nguyen
TrainTicket,ts-route-service,disk,2,latency-50,2,28,2,1757644109093365.8,23.512915619130414,1.2627190102622716,28,1391951887006354.8,0.9999999999999867,0.9999999999999535,1757644109093365.8,tai nguyen
TrainTicket,ts-route-service,disk,3,workload,18,28,1,0.37742440762607765,0.26727882305771966,0.06469143850140582,28,5.834224997452727,0.2918348213385329,0.12312991838777698,0.37742440762607765,tai nguyen
TrainTicket,ts-route-service,disk,3,cpu,1,68,1,4.781011058523919,1.1432657913257656,0.33428649092020296,68,14.30213660552974,0.7608736358625502,0.15468130272512975,4.781011058523919,tai nguyen
TrainTicket,ts-route-service,disk,3,latency-50,7,28,1,2.066890326145819,1.332438878373702,0.5361122527140516,28,3.855331258859038,0.3553412769325147,0.11714768093467258,2.066890326145819,tai nguyen
TrainTicket,ts-route-service,loss,1,workload,4,28,2,0.6771220575898689,0.5731864156716513,0.29600361217536386,28,2.287546603278327,0.15349616919608775,0.07096504951003282,0.6771220575898689,mang
TrainTicket,ts-route-service,loss,1,cpu,31,68,2,4.26539626590746,3.677405699580353,0.28211482211954475,68,15.119362512970053,0.13785133424221538,0.1346419278550496,4.26539626590746,mang
TrainTicket,ts-route-service,loss,1,latency-50,9,28,2,1.0558253893570944e+16,11.041462295224136,0.5927948053561696,28,1.781097573422091e+16,0.9999999999999989,0.9999999999999954,1.0558253893570944e+16,mang
TrainTicket,ts-route-service,loss,2,workload,6,28,2,0.5900083387603985,0.4950960839401134,0.21806961810850267,28,2.7055962397606166,0.16086595491123867,0.08910601050460662,0.5900083387603985,mang
TrainTicket,ts-route-service,loss,2,cpu,21,68,2,0.7679610388194393,0.7109439278134018,0.18580006522788406,68,4.133265711599907,0.07424479644655939,0.04797592127871896,0.7679610388194393,mang
TrainTicket,ts-route-service,loss,2,latency-50,2,28,2,9985020709361270.0,6.953858075753782,0.5269829055947937,28,1.894752297153055e+16,0.9999999999999994,0.9999999999999968,9985020709361270.0,mang
TrainTicket,ts-route-service,loss,3,workload,15,28,5,0.28635643237867964,0.2763002480039535,0.0982738816833999,28,2.9138610124428412,0.035117717772890106,0.08255641109500961,0.28635643237867964,mang
TrainTicket,ts-route-service,loss,3,cpu,3,68,5,1.2447985936580674,1.180262159879053,0.25368066278266554,68,4.906951046262903,0.05184488005353729,0.046422268329831054,1.2447985936580674,mang
TrainTicket,ts-route-service,loss,3,latency-50,9,28,5,1.083219679089277,1.0647662727689096,0.4608121395135629,28,2.350675223601385,0.017035700769286437,0.06939227735247909,1.083219679089277,mang
TrainTicket,ts-route-service,mem,1,workload,3,28,2,0.6293551200843649,0.6023081993261108,0.3172954486832821,28,1.983498731847788,0.04297561089934164,0.06378106597846402,0.6293551200843649,tai nguyen
TrainTicket,ts-route-service,mem,1,cpu,1,68,2,73.78288017508896,5.920455824723702,0.23131227150252065,68,318.9752091223787,0.9197584072257102,0.6784638480300084,73.78288017508896,tai nguyen
TrainTicket,ts-route-service,mem,1,latency-50,2,28,2,224.151507007065,208.42523523847353,2.3175544053055748,28,96.71898381065627,0.07015911683384661,0.3898763586859203,224.151507007065,tai nguyen
TrainTicket,ts-route-service,mem,2,workload,19,28,1,0.4623987545405272,0.4564331353162385,0.1322235404241634,28,3.4970985730467206,0.01290146040773087,0.08846041899241933,0.4623987545405272,tai nguyen
TrainTicket,ts-route-service,mem,2,cpu,1,68,1,8.798611368734745,1.1304514569199524,0.27553590743155587,68,31.932721403726127,0.8715193330464699,0.2514965589516693,8.798611368734745,tai nguyen
TrainTicket,ts-route-service,mem,2,latency-50,1,28,1,6.112868519514575,1.3496895945098373,0.5174583497216412,28,11.813257091711632,0.7792051979850179,0.29311804680157266,6.112868519514575,tai nguyen
TrainTicket,ts-route-service,mem,3,workload,3,28,1,0.6591526341590969,0.5333593320059511,0.2760215718306004,28,2.3880475347906183,0.19084093066490512,0.07770240444667331,0.6591526341590969,tai nguyen
TrainTicket,ts-route-service,mem,3,cpu,1,68,1,80.32789740581646,3.6548429885439995,0.34867422659431346,68,230.380943812285,0.9545009503973477,0.6839092028175701,80.32789740581646,tai nguyen
TrainTicket,ts-route-service,mem,3,latency-50,1,28,1,304.2158600231467,73.8903139414101,1.5304705565155126,28,198.77276222534323,0.757112223091235,0.5747246346814068,304.2158600231467,tai nguyen
TrainTicket,ts-route-service,socket,1,workload,4,28,1,0.740645476228768,0.5727815380578214,0.20425890768961236,28,3.62601310565235,0.22664546474472405,0.11453750306091327,0.740645476228768,tai nguyen
TrainTicket,ts-route-service,socket,1,cpu,1,68,1,62.57277082138331,1.8449389531666303,0.22426621633347293,68,279.01113170046375,0.9705153067548649,0.74873891846583,62.57277082138331,tai nguyen
TrainTicket,ts-route-service,socket,1,latency-50,2,27,1,260.4740579926746,174.00143368276127,0.6214700218191138,27,419.12570011058176,0.3319817143262122,0.4271425009757017,260.4740579926746,tai nguyen
TrainTicket,ts-route-service,socket,2,workload,10,28,7,0.3931011602732214,0.3604998526238481,0.12484730484820555,28,3.1486555576924133,0.08293363374128446,0.1011951185664761,0.3931011602732214,tai nguyen
TrainTicket,ts-route-service,socket,2,cpu,1,68,7,4.426732919072544,1.9416900478052723,0.1942197080996913,68,22.792398167956982,0.5613717648427544,0.15099336101391733,4.426732919072544,tai nguyen
TrainTicket,ts-route-service,socket,2,latency-50,1,28,7,5.419781828785478,1.691236296103161,0.5338179348550101,28,10.152865752360945,0.6879512221099587,0.24237636648102004,5.419781828785478,tai nguyen
TrainTicket,ts-route-service,socket,3,workload,2,28,1,0.769975060004378,0.6908340093191451,0.357859765489417,28,2.151611145643442,0.10278391443585579,0.07385739574076043,0.769975060004378,tai nguyen
TrainTicket,ts-route-service,socket,3,cpu,1,68,1,97.8820136255707,2.3578700811028837,0.3100859941743207,68,315.6608665483436,0.9759110995599,0.7519125802150213,97.8820136255707,tai nguyen
TrainTicket,ts-route-service,socket,3,latency-50,1,28,1,1552.9913911141664,270.0143536828411,0.9778151968416517,28,1588.2258693977521,0.8261327427648365,0.7853982629255364,1552.9913911141664,tai nguyen
TrainTicket,ts-train-service,cpu,1,workload,3,28,1,0.4231382223228922,0.41671825619703595,0.17961461709647789,28,2.355811732714429,0.01517226709185648,0.06968697677382964,0.4231382223228922,tai nguyen
TrainTicket,ts-train-service,cpu,1,cpu,1,68,1,70.70575654732369,5.401390408388431,0.2038365127327023,68,346.87483414731753,0.923607487252141,0.745958021765434,70.70575654732369,tai nguyen
TrainTicket,ts-train-service,cpu,1,latency-50,2,26,1,65.7630549482074,20.52919941194465,0.509677348709363,26,129.02879658030074,0.6878308127851922,0.47660564296651214,65.7630549482074,tai nguyen
TrainTicket,ts-train-service,cpu,2,workload,11,28,2,0.353265981548579,0.34916034272754487,0.11556772996601525,28,3.0567874064192764,0.011621947867826525,0.1006919443076732,0.353265981548579,tai nguyen
TrainTicket,ts-train-service,cpu,2,cpu,1,68,2,89.23156442661579,1.4396952197244244,0.24920920579469402,68,358.0588611968348,0.9838656283908545,0.8031598118383917,89.23156442661579,tai nguyen
TrainTicket,ts-train-service,cpu,2,latency-50,3,28,2,134922638932312.34,64.49435314947522,1.5286002232509253,28,88265484251577.47,0.9999999999995219,0.9999999999985858,134922638932312.34,tai nguyen
TrainTicket,ts-train-service,cpu,3,workload,22,28,2,0.39158968967267743,0.3191188293265178,0.06928401515719247,28,5.651948559624231,0.18506835664324225,0.12033812345664976,0.39158968967267743,tai nguyen
TrainTicket,ts-train-service,cpu,3,cpu,1,68,2,82.31639278817562,3.642323360244725,0.21151504779570157,68,389.17511376156784,0.9557521504906379,0.804755747648135,82.31639278817562,tai nguyen
TrainTicket,ts-train-service,cpu,3,latency-50,2,28,2,6915287735796752.0,34.100407877585724,0.9883946340176342,28,6996484498997568.0,0.9999999999999951,0.9999999999999861,6915287735796752.0,tai nguyen
TrainTicket,ts-train-service,delay,1,workload,4,28,2,2.9226119060979707,2.7123635783935893,1.199986835598107,28,2.435536640400942,0.07193850379713519,0.08161324317142456,2.9226119060979707,mang
TrainTicket,ts-train-service,delay,1,cpu,21,68,2,2.0700192868974536,2.0683842766469183,0.37307221600521656,68,5.548575310868256,0.0007898526650859939,0.052365204469476456,2.0700192868974536,mang
TrainTicket,ts-train-service,delay,1,latency-50,4,26,2,19215.447003222544,5188.564721732019,0.3983446991730779,26,48238.239502400334,0.7299794940569498,0.6097166643571937,19215.447003222544,mang
TrainTicket,ts-train-service,delay,2,workload,5,28,1,3.070198373290089,2.8112521848626844,1.3147024875208835,28,2.3352799606240344,0.08434184275523295,0.08232050999524329,3.070198373290089,mang
TrainTicket,ts-train-service,delay,2,cpu,16,68,1,2.651395886897887,2.5506174240014112,0.36292201107495475,68,7.305690495444463,0.03800958709881152,0.052022314676349955,2.651395886897887,mang
TrainTicket,ts-train-service,delay,2,latency-50,2,28,1,2652.362978008737,1310.4013275089708,0.5646190407309857,28,4697.615182397759,0.5059494728384593,0.36014483223188465,2652.362978008737,mang
TrainTicket,ts-train-service,delay,3,workload,4,28,1,3.356256354742497,2.7726941318807574,1.3084338353470562,28,2.5650944389192327,0.17387295879146641,0.081488484880385,3.356256354742497,mang
TrainTicket,ts-train-service,delay,3,cpu,5,68,1,2.899870828592988,2.3798317740806576,0.4356019508181843,68,6.6571575796348155,0.1793317996735228,0.0638727136446743,2.899870828592988,mang
TrainTicket,ts-train-service,delay,3,latency-50,1,28,1,1834.5767475582516,1619.4290289946796,0.8909646664549373,28,2059.0903507519056,0.1172737629264761,0.23921676354182345,1834.5767475582516,mang
TrainTicket,ts-train-service,disk,1,workload,23,28,1,0.46346673716561837,0.41323834374311175,0.14435018877578842,28,3.2107109876073454,0.10837540085332524,0.09627383483833898,0.46346673716561837,tai nguyen
TrainTicket,ts-train-service,disk,1,cpu,1,68,1,61.05086215064313,2.7519613275951147,0.2905021483112348,68,210.15631899986906,0.9549234649495262,0.6459527100512983,61.05086215064313,tai nguyen
TrainTicket,ts-train-service,disk,1,latency-50,2,28,1,39.820155950307665,14.385643933996542,1.0390564845578911,28,38.32337947176257,0.6387346159078668,0.41808998080799264,39.820155950307665,tai nguyen
TrainTicket,ts-train-service,disk,2,workload,26,28,2,0.4758682295071739,0.24611654615309655,0.04384242934904639,28,10.854057053239556,0.4828052580690591,0.20822143978176094,0.4758682295071739,tai nguyen
TrainTicket,ts-train-service,disk,2,cpu,1,68,2,60.66108642695736,1.5344833820715489,0.23328180699775075,68,260.0335071458969,0.9747039911011282,0.7721136530568168,60.66108642695736,tai nguyen
TrainTicket,ts-train-service,disk,2,latency-50,3,28,2,8537606215478916.0,22.75408152551991,1.6395864817533181,28,5207170411864515.0,0.9999999999999973,0.9999999999999902,8537606215478916.0,tai nguyen
TrainTicket,ts-train-service,disk,3,workload,22,28,2,0.3300190925555108,0.31601153538664706,0.10767749516127409,28,3.0648845616368057,0.04244468724641324,0.08969443518955394,0.3300190925555108,tai nguyen
TrainTicket,ts-train-service,disk,3,cpu,1,68,2,65.06105961614745,4.424576289770626,0.18232309829962448,68,356.8448552208563,0.9319934794195621,0.7779321176903728,65.06105961614745,tai nguyen
TrainTicket,ts-train-service,disk,3,latency-50,3,28,2,5700722891128867.0,10.959176830745609,0.5896631250233528,28,9667762234416638.0,0.9999999999999981,0.9999999999999918,5700722891128867.0,tai nguyen
TrainTicket,ts-train-service,loss,1,workload,19,28,3,0.5842999397403542,0.48886889765301844,0.24672033132044047,28,2.368268300440409,0.1633254354428695,0.08559565384735784,0.5842999397403542,mang
TrainTicket,ts-train-service,loss,1,cpu,1,68,3,2.5459327515160624,1.928623810934077,0.19493961854460895,68,13.06010943554537,0.24246867487540186,0.12466049136518584,2.5459327515160624,mang
TrainTicket,ts-train-service,loss,1,latency-50,5,27,3,1.7371849653120948e+16,22.493281375589312,0.6512806395555606,27,2.667337027702166e+16,0.9999999999999988,0.9999999999999967,1.7371849653120948e+16,mang
TrainTicket,ts-train-service,loss,2,workload,8,28,1,0.4393448163876714,0.3907787047704115,0.2998709302311399,28,1.4651130606392067,0.11054212956596239,0.059469492567277765,0.4393448163876714,mang
TrainTicket,ts-train-service,loss,2,cpu,45,68,1,7.611452191392096,1.9727718067813773,0.2729093400325997,68,27.890039199401855,0.7408153191827948,0.25952209580512714,7.611452191392096,mang
TrainTicket,ts-train-service,loss,2,latency-50,4,28,1,178.88383322134928,14.66969765354562,0.6475831339573725,28,276.2330021293056,0.9179931613194275,0.7742824512464138,178.88383322134928,mang
TrainTicket,ts-train-service,loss,3,workload,19,28,1,0.47343038286960193,0.42573280313933676,0.19270757147013667,28,2.456729537183587,0.1007488776726918,0.08378749143216062,0.47343038286960193,mang
TrainTicket,ts-train-service,loss,3,cpu,43,68,1,0.8595006372189518,0.8152956120486873,0.19317626128204962,68,4.4493077540414046,0.05143105572707511,0.05550867647777202,0.8595006372189518,mang
TrainTicket,ts-train-service,loss,3,latency-50,3,28,1,104.5226497069352,7.036448751569373,0.4059679139141125,28,257.4652974398569,0.9326801533323309,0.75019674911863,104.5226497069352,mang
TrainTicket,ts-train-service,mem,1,workload,5,28,1,0.9217133938040438,0.6652249641361005,0.23634297660891015,28,3.8998975430915985,0.2782735190701511,0.11428304625957969,0.9217133938040438,tai nguyen
TrainTicket,ts-train-service,mem,1,cpu,1,68,1,6.035524481702796,1.8786061659861715,0.3037221090096204,68,19.871864124029315,0.6887418530599413,0.1715126633582787,6.035524481702796,tai nguyen
TrainTicket,ts-train-service,mem,1,latency-50,1,28,1,16.716875089649,5.448006418174346,0.48624309356586,28,34.37966587259045,0.674101386236491,0.4574030299036424,16.716875089649,tai nguyen
TrainTicket,ts-train-service,mem,2,workload,12,28,1,0.7500923283522319,0.4143238725701197,0.11260795383123716,28,6.661095445143931,0.4476361683630505,0.18477450955687452,0.7500923283522319,tai nguyen
TrainTicket,ts-train-service,mem,2,cpu,1,68,1,6.683854494919367,2.1192148178171726,0.2695447364601289,68,24.79682809873026,0.6829352255606309,0.20037824913600166,6.683854494919367,tai nguyen
TrainTicket,ts-train-service,mem,2,latency-50,1,28,1,2.2797723797156038,1.1146225139815187,0.4551056597835986,28,5.0093254845471025,0.5110816659158905,0.14986125045230528,2.2797723797156038,tai nguyen
TrainTicket,ts-train-service,mem,3,workload,2,28,1,0.5319982496518917,0.5059253392481202,0.20581588678986218,28,2.584825972132372,0.049009391329449,0.07432125619700494,0.5319982496518917,tai nguyen
TrainTicket,ts-train-service,mem,3,cpu,1,68,1,71.09032721007675,3.0758845707331575,0.25656397031308154,68,277.08616733412015,0.9567327273421642,0.6472104814162092,71.09032721007675,tai nguyen
TrainTicket,ts-train-service,mem,3,latency-50,2,28,1,67.04449165592062,34.00679567864106,0.9775686463474802,28,68.58289891602091,0.4927727119900094,0.39399491198953923,67.04449165592062,tai nguyen
TrainTicket,ts-train-service,socket,1,workload,13,28,1,0.381628799883427,0.32612284622055526,0.15266498867441264,28,2.4997794399167947,0.14544487648685503,0.08976324472444526,0.381628799883427,tai nguyen
TrainTicket,ts-train-service,socket,1,cpu,1,68,1,68.9333608594298,1.229133380962511,0.2288630409008353,68,301.1991826557007,0.9821692520771041,0.7623214311491924,68.9333608594298,tai nguyen
TrainTicket,ts-train-service,socket,1,latency-50,1,28,1,259.12525519249243,94.96508396832903,1.1401247190922472,28,227.27799060334792,0.6335166794229156,0.5669452867746643,259.12525519249243,tai nguyen
TrainTicket,ts-train-service,socket,2,workload,5,28,2,0.25754207799113066,0.2438374666484807,0.16060735879164822,28,1.6035509202615885,0.05321309608724185,0.06439693136763164,0.25754207799113066,tai nguyen
TrainTicket,ts-train-service,socket,2,cpu,1,68,2,80.90967796773123,3.6112999163175603,0.177192848635734,68,456.61931951927767,0.9553662799429528,0.7799924974610446,80.90967796773123,tai nguyen
TrainTicket,ts-train-service,socket,2,latency-50,2,28,2,1.7046029689823508e+16,105.82867790975271,0.6372673868579631,28,2.6748630231759844e+16,0.9999999999999938,0.999999999999989,1.7046029689823508e+16,tai nguyen
TrainTicket,ts-train-service,socket,3,workload,23,28,3,0.253438725326879,0.1861094718550825,0.0533042938692046,28,4.754564912702047,0.2656628476368672,0.10641384418211595,0.253438725326879,tai nguyen
TrainTicket,ts-train-service,socket,3,cpu,1,68,3,5.838267436219898,1.3748672935591484,0.30777816403261415,68,18.969076167473784,0.7645076542692032,0.1781391988187741,5.838267436219898,tai nguyen
TrainTicket,ts-train-service,socket,3,latency-50,1,28,3,16.035205870734508,4.0701220284139925,0.5531240556117991,28,28.990252201196164,0.7461758794227719,0.4652769666603112,16.035205870734508,tai nguyen
TrainTicket,ts-travel-service,cpu,1,workload,12,28,5,0.3181307049068074,0.27272423077698293,0.09621526448831982,28,3.3064473355517023,0.14272898978149798,0.0944277435369885,0.3181307049068074,tai nguyen
TrainTicket,ts-travel-service,cpu,1,cpu,1,68,5,4.74716513666257,1.179171648004879,0.27896936508381914,68,17.016797293266364,0.7516050918688116,0.14763488561655674,4.74716513666257,tai nguyen
TrainTicket,ts-travel-service,cpu,1,latency-50,1,28,5,1.1116585842325588,0.9442247576941051,0.46070626083901967,28,2.4129443828439645,0.15061623138010743,0.08191489592711118,1.1116585842325588,tai nguyen
TrainTicket,ts-travel-service,cpu,2,workload,13,28,2,0.3922959744854399,0.3472984761292457,0.05909023615183166,28,6.638930558297991,0.11470293167095523,0.13083952577311123,0.3922959744854399,tai nguyen
TrainTicket,ts-travel-service,cpu,2,cpu,1,68,2,55.354087808757804,0.8547558911237548,0.253012857168686,68,218.77974276956496,0.9845583962276312,0.73923762309843,55.354087808757804,tai nguyen
TrainTicket,ts-travel-service,cpu,2,latency-50,2,28,2,4461844902482254.0,21.650252324108262,0.5333168693684376,28,8366217456736447.0,0.9999999999999952,0.9999999999999852,4461844902482254.0,tai nguyen
TrainTicket,ts-travel-service,cpu,3,workload,10,28,2,0.6650909355470404,0.5117909193818111,0.16699397405760746,28,3.982724162954561,0.23049482104148553,0.11166569730921067,0.6650909355470404,tai nguyen
TrainTicket,ts-travel-service,cpu,3,cpu,1,68,2,55.53617524851312,2.1704734155084022,0.23641576376971052,68,234.90893484839773,0.9609178448858609,0.7298699456415024,55.53617524851312,tai nguyen
TrainTicket,ts-travel-service,cpu,3,latency-50,4,28,2,3519195988534421.0,27.352246134460362,0.8883088796047895,28,3961680525022015.5,0.9999999999999922,0.9999999999999719,3519195988534421.0,tai nguyen
TrainTicket,ts-travel-service,delay,1,workload,15,28,4,3.033107991376077,2.8452672819642437,0.7996205345398193,28,3.793184217213265,0.061930109295783,0.08235473563268604,3.033107991376077,mang
TrainTicket,ts-travel-service,delay,1,cpu,59,68,4,3.8289396111430394,3.0302214337587383,0.4255505840640762,68,8.997613337939883,0.2086003589766365,0.08009973339298473,3.8289396111430394,mang
TrainTicket,ts-travel-service,delay,1,latency-50,2,28,4,683.3406220336115,478.07093439758995,0.8827732122438776,28,774.0840031797767,0.30039146074053374,0.34819859783432505,683.3406220336115,mang
TrainTicket,ts-travel-service,delay,2,workload,23,28,2,2.7300195997818073,2.6845366770243984,0.9086836741223334,28,3.0043673915663116,0.016660291655431377,0.07347410603422783,2.7300195997818073,mang
TrainTicket,ts-travel-service,delay,2,cpu,37,68,2,2.4673437849837985,2.431840508321644,0.3478269456415746,68,7.09359586972978,0.014389270306888947,0.06186835791599982,2.4673437849837985,mang
TrainTicket,ts-travel-service,delay,2,latency-50,2,28,2,1.2303584704684085e+17,1783.6679475959193,0.7161656167904815,28,1.7179803688178976e+17,0.9999999999999856,0.9999999999999811,1.2303584704684085e+17,mang
TrainTicket,ts-travel-service,delay,3,workload,17,28,1,2.387315561634869,2.079263218951109,1.2191942335009553,28,1.958109295497253,0.1290371275730307,0.08196654995527762,2.387315561634869,mang
TrainTicket,ts-travel-service,delay,3,cpu,17,68,1,2.5772880689998874,1.876636763081751,0.2711824916129335,68,9.503888151741464,0.2718560312856385,0.07859504327025162,2.5772880689998874,mang
TrainTicket,ts-travel-service,delay,3,latency-50,1,28,1,1577.0175091053197,510.8837301583657,0.7608801526538375,28,2072.6227430232157,0.676044351309579,0.6344826870177861,1577.0175091053197,mang
TrainTicket,ts-travel-service,disk,1,workload,9,28,1,0.7399122864106464,0.5800903528836477,0.2222462222348528,28,3.3292457301198297,0.21600118887375602,0.10607376170693732,0.7399122864106464,tai nguyen
TrainTicket,ts-travel-service,disk,1,cpu,2,68,1,2.1551084100009,1.4774321671442163,0.2578471429289829,68,8.358085280760575,0.3144511151791203,0.08165187340354034,2.1551084100009,tai nguyen
TrainTicket,ts-travel-service,disk,1,latency-50,26,28,1,2.3840609559165036,1.7873419994644568,0.5242007575534129,28,4.547992198720892,0.25029517595645967,0.12347197222513422,2.3840609559165036,tai nguyen
TrainTicket,ts-travel-service,disk,2,workload,14,22,1,0.7209743234504328,0.7030712273685027,0.14209353245034403,22,5.073941867849505,0.024831808151293926,0.13987947031208878,0.7209743234504328,tai nguyen
TrainTicket,ts-travel-service,disk,2,cpu,1,68,1,3.759686335309293,1.3847550534493536,0.2718390972350304,68,13.830557758432708,0.6316833560171354,0.17142801217992654,3.759686335309293,tai nguyen
TrainTicket,ts-travel-service,disk,2,latency-50,18,21,1,1.2860535802141129,1.0445397111446142,0.5075355587509105,21,2.533918181770758,0.1877945622057904,0.12324301654164682,1.2860535802141129,tai nguyen
TrainTicket,ts-travel-service,disk,3,workload,7,21,2,0.25634292888771915,0.2440031417241551,0.10432060736482263,21,2.4572607020131203,0.048137809835858573,0.10387565400368065,0.25634292888771915,tai nguyen
TrainTicket,ts-travel-service,disk,3,cpu,1,68,2,33.596796483273295,0.9225341975622959,0.19224242930110363,68,174.76265050027862,0.9725410070563844,0.6651574097106591,33.596796483273295,tai nguyen
TrainTicket,ts-travel-service,disk,3,latency-50,4,21,2,11617499798226.059,11.408288953420923,0.7018928716880978,21,16551670870064.857,0.999999999999018,0.9999999999972551,11617499798226.059,tai nguyen
TrainTicket,ts-travel-service,loss,1,workload,14,28,8,0.6621006768431539,0.6171951578468076,0.33793319031792335,28,1.9592650139521892,0.06782279578757183,0.07285157938200651,0.6621006768431539,mang
TrainTicket,ts-travel-service,loss,1,cpu,10,68,8,1.8941631340566973,1.8432688698797284,0.3048919099771584,68,6.212572626799453,0.0268689973223001,0.06573755569939572,1.8941631340566973,mang
TrainTicket,ts-travel-service,loss,1,latency-50,2,28,8,5521531691994839.0,10.754288416682252,0.6878202480658249,28,8027579454838068.0,0.999999999999998,0.9999999999999931,5521531691994839.0,mang
TrainTicket,ts-travel-service,loss,2,workload,17,28,10,0.7823263511735835,0.5111999791474526,0.12587896325516387,28,6.214909393460472,0.34656428435448805,0.13225121700838907,0.7823263511735835,mang
TrainTicket,ts-travel-service,loss,2,cpu,48,68,10,3.4876851446717287,2.7402613027397837,0.19905134384527018,68,17.52153528479985,0.21430370315216477,0.16061172019586234,3.4876851446717287,mang
TrainTicket,ts-travel-service,loss,2,latency-50,3,27,10,58.48529471061799,12.048442596584227,0.5524761941031425,27,105.86029829857121,0.793991931541095,0.5998873272721341,58.48529471061799,mang
TrainTicket,ts-travel-service,loss,3,workload,28,28,4,0.7363658634527833,0.42461265933007764,0.16494474388180724,28,4.464318450671174,0.42336726835884303,0.12898143438003756,0.7363658634527833,mang
TrainTicket,ts-travel-service,loss,3,cpu,12,68,4,5.425822122793026,1.4830178832465242,0.2841839136413127,68,19.09264339867356,0.7266740689827262,0.1870200660530459,5.425822122793026,mang
TrainTicket,ts-travel-service,loss,3,latency-50,3,28,4,85.31965876653487,13.209670564820016,0.6538627409410451,28,130.4855796550543,0.8451743624412938,0.6367333351309852,85.31965876653487,mang
TrainTicket,ts-travel-service,mem,1,workload,19,28,1,0.7015109301318136,0.6619642090060315,0.1383946474397418,28,5.068916631600636,0.056373635002880645,0.10747208492924659,0.7015109301318136,tai nguyen
TrainTicket,ts-travel-service,mem,1,cpu,1,68,1,44.571917201412326,1.9621072398506352,0.24891461501152495,68,179.06508703536196,0.9559788458058863,0.6913336215862824,44.571917201412326,tai nguyen
TrainTicket,ts-travel-service,mem,1,latency-50,2,28,1,88.75994175586929,77.53678238857503,1.5112689391329377,28,58.73206247909366,0.1264439694897853,0.33418727211717564,88.75994175586929,tai nguyen
TrainTicket,ts-travel-service,mem,2,workload,21,28,2,0.7461769379689529,0.5166624498032967,0.22353816705118112,28,3.33802924042993,0.30758721757118407,0.10728278909307654,0.7461769379689529,tai nguyen
TrainTicket,ts-travel-service,mem,2,cpu,1,68,2,56.52436597114574,4.095727317419237,0.25936933386336414,68,217.93002715164005,0.9275404996225874,0.6417817042612115,56.52436597114574,tai nguyen
TrainTicket,ts-travel-service,mem,2,latency-50,2,28,2,9231178051516894.0,67.11807667398264,1.5497739491508988,28,5956467429701304.0,0.9999999999999927,0.9999999999999799,9231178051516894.0,tai nguyen
TrainTicket,ts-travel-service,mem,3,workload,13,28,1,0.4238952063220005,0.3464037243574829,0.1974447857811696,28,2.1469050430726924,0.1828081110821841,0.08118372527431206,0.4238952063220005,tai nguyen
TrainTicket,ts-travel-service,mem,3,cpu,1,68,1,4.137634387852938,1.2439240131242226,0.2652899043144519,68,15.596652268186357,0.6993634776489501,0.14046713647172915,4.137634387852938,tai nguyen
TrainTicket,ts-travel-service,mem,3,latency-50,3,28,1,1.4847733390583382,1.3222315010714492,0.5418482334551418,28,2.740201494412104,0.10947249234012722,0.08600166159851111,1.4847733390583382,tai nguyen
TrainTicket,ts-travel-service,socket,1,workload,20,21,2,0.4693111344331922,0.3209230595528168,0.13493797436210792,21,3.477976727098254,0.3161827282440044,0.1294592079373917,0.4693111344331922,tai nguyen
TrainTicket,ts-travel-service,socket,1,cpu,1,68,2,112.91628151965561,4.715252867608601,0.1887778315195761,68,598.1437577216067,0.9582411605824285,0.8461615249369204,112.91628151965561,tai nguyen
TrainTicket,ts-travel-service,socket,1,latency-50,3,21,2,1.0955280691771238e+16,57.90691529366466,0.3879814286663287,21,2.8236611039424224e+16,0.9999999999999947,0.9999999999999915,1.0955280691771238e+16,tai nguyen
TrainTicket,ts-travel-service,socket,2,workload,17,28,11,0.34202651593830324,0.26252736374323515,0.14751979145046848,28,2.3185127403948553,0.23243564019290427,0.08722989878890507,0.34202651593830324,tai nguyen
TrainTicket,ts-travel-service,socket,2,cpu,1,68,11,3.787243260495978,2.4119480049231568,0.281943679976012,68,13.432623355197036,0.36313887463165284,0.11899618574990668,3.787243260495978,tai nguyen
TrainTicket,ts-travel-service,socket,2,latency-50,2,28,11,3.517115436933644,2.643552354325877,0.5783129858975835,28,6.081681585404531,0.24837486806215622,0.16010937539670364,3.517115436933644,tai nguyen
TrainTicket,ts-travel-service,socket,3,workload,14,28,1,0.5844588388203348,0.5383890166773194,0.17082949923297175,28,3.421299257122265,0.07882475049227107,0.09466878398284967,0.5844588388203348,tai nguyen
TrainTicket,ts-travel-service,socket,3,cpu,1,68,1,36.66313700624418,2.50620862512876,0.25927258179491997,68,141.40769051794328,0.9316422753267971,0.5312234211417738,36.66313700624418,tai nguyen
TrainTicket,ts-travel-service,socket,3,latency-50,1,28,1,166.45077709956394,51.50729226983498,1.6029893522854193,28,103.83773096324762,0.6905554112311205,0.5358601325494324,166.45077709956394,tai nguyen
