he,injected,fault,run,phuong_phap,nhom,tang_chon,don_vi,xh0,xh1,ung,fallback_0,fallback_1,giay_0,giay_1,n_cand_0,n_cand_1,M0_nhu_xuat_ban,M0b_khop_ung_vien,M1_truc_tang,M2_ca_hai_truc,M0_t3,M2_t3
SockShop,carts,cpu,1,nsigma,tai nguyen,cpu,node,carts|orders|front-end|shipping|user-db|carts-db|catalogue|queue-master|user|payment|orders-db|session-db|rabbitmq-exporter|rabbitmq|catalogue-db,carts|shipping|orders|carts-db|rabbitmq-exporter|rabbitmq|payment|session-db|catalogue|front-end|user-db|orders-db|queue-master,carts|carts-db|catalogue|front-end|orders|orders-db|payment|queue-master|rabbitmq|rabbitmq-exporter|session-db|shipping|user-db,,,0.010040998458862305,0.002402782440185547,15,13,True,True,True,True,True,True
SockShop,carts,cpu,1,baro,tai nguyen,cpu,node,session-db|carts|orders|shipping|payment|front-end|queue-master|carts-db|user-db|catalogue|user|rabbitmq|orders-db|catalogue-db|rabbitmq-exporter,carts|shipping|orders|queue-master|session-db|rabbitmq|carts-db|catalogue|payment|front-end|user-db|orders-db|rabbitmq-exporter,carts|carts-db|catalogue|front-end|orders|orders-db|payment|queue-master|rabbitmq|rabbitmq-exporter|session-db|shipping|user-db,,,0.012562036514282227,0.002972126007080078,15,13,False,False,True,True,True,True
SockShop,carts,cpu,1,circa,tai nguyen,cpu,node,carts|orders|carts-db|shipping|front-end|payment|queue-master|user-db|orders-db|user|catalogue|rabbitmq-exporter|rabbitmq|catalogue-db|session-db,carts|carts-db|shipping|rabbitmq|payment|queue-master|user-db|session-db|rabbitmq-exporter|front-end|catalogue|orders|orders-db,carts|carts-db|catalogue|front-end|orders|orders-db|payment|queue-master|rabbitmq|rabbitmq-exporter|session-db|shipping|user-db,,,3.7526190280914307,0.10664987564086914,15,13,True,True,True,True,True,True
SockShop,carts,cpu,1,pc_randomwalk,tai nguyen,cpu,node,rabbitmq|payment|carts|carts-db|catalogue|front-end|orders-db|shipping|user|orders|queue-master|rabbitmq-exporter|user-db|session-db|catalogue-db,queue-master|session-db|shipping|catalogue|payment|rabbitmq-exporter|user-db|carts|carts-db|front-end|orders|orders-db|rabbitmq,carts|carts-db|catalogue|front-end|orders|orders-db|payment|queue-master|rabbitmq|rabbitmq-exporter|session-db|shipping|user-db,,,3.8737668991088867,0.07696413993835449,15,13,False,False,False,False,True,False
SockShop,carts,cpu,2,nsigma,tai nguyen,cpu,node,shipping|carts|catalogue|orders|rabbitmq|carts-db|user|payment|user-db|front-end|orders-db|session-db|catalogue-db|rabbitmq-exporter|queue-master,carts|shipping|carts-db|catalogue-db|payment|user|front-end|user-db|rabbitmq|catalogue|session-db|orders-db|orders,carts|carts-db|catalogue|catalogue-db|front-end|orders|orders-db|payment|rabbitmq|session-db|shipping|user|user-db,,,0.010396242141723633,0.0027081966400146484,15,13,False,False,True,True,True,True
SockShop,carts,cpu,2,baro,tai nguyen,cpu,node,session-db|carts|shipping|catalogue|orders|user|front-end|payment|carts-db|rabbitmq|catalogue-db|user-db|orders-db|queue-master|rabbitmq-exporter,carts|shipping|catalogue-db|carts-db|payment|user|rabbitmq|user-db|front-end|session-db|orders-db|orders|catalogue,carts|carts-db|catalogue|catalogue-db|front-end|orders|orders-db|payment|rabbitmq|session-db|shipping|user|user-db,,,0.013221979141235352,0.0030820369720458984,15,13,False,False,True,True,True,True
SockShop,carts,cpu,2,circa,tai nguyen,cpu,node,carts|carts-db|catalogue|catalogue-db|front-end|orders|orders-db|payment|rabbitmq|session-db|shipping|user|user-db|queue-master|rabbitmq-exporter,carts|carts-db|front-end|orders|rabbitmq|catalogue-db|orders-db|user|session-db|shipping|payment|catalogue|user-db,carts|carts-db|catalogue|catalogue-db|front-end|orders|orders-db|payment|rabbitmq|session-db|shipping|user|user-db,FALLBACK,,0.11310887336730957,0.10456705093383789,15,13,True,True,True,True,True,True
SockShop,carts,cpu,2,pc_randomwalk,tai nguyen,cpu,node,carts|carts-db|catalogue|catalogue-db|front-end|orders|orders-db|payment|rabbitmq|session-db|shipping|user|user-db|queue-master|rabbitmq-exporter,payment|shipping|user|catalogue|orders-db|session-db|user-db|carts|carts-db|catalogue-db|front-end|orders|rabbitmq,carts|carts-db|catalogue|catalogue-db|front-end|orders|orders-db|payment|rabbitmq|session-db|shipping|user|user-db,FALLBACK,,0.1149897575378418,0.06570911407470703,15,13,True,True,False,False,True,False
SockShop,carts,cpu,3,nsigma,tai nguyen,cpu,node,rabbitmq-exporter|carts|catalogue-db|shipping|orders|queue-master|front-end|orders-db|user|catalogue|user-db|session-db|carts-db|rabbitmq|payment,shipping|queue-master|carts-db|user|rabbitmq-exporter|orders|payment|front-end|catalogue-db|session-db|rabbitmq|user-db|orders-db,carts-db|catalogue-db|front-end|orders|orders-db|payment|queue-master|rabbitmq|rabbitmq-exporter|session-db|shipping|user|user-db,,,0.010100841522216797,0.002452850341796875,15,13,False,False,False,False,True,False
SockShop,carts,cpu,3,baro,tai nguyen,cpu,node,session-db|rabbitmq-exporter|rabbitmq|carts|shipping|queue-master|catalogue-db|user|orders|front-end|orders-db|catalogue|user-db|payment|carts-db,shipping|queue-master|orders|user|session-db|carts-db|catalogue-db|payment|front-end|rabbitmq|user-db|rabbitmq-exporter|orders-db,carts-db|catalogue-db|front-end|orders|orders-db|payment|queue-master|rabbitmq|rabbitmq-exporter|session-db|shipping|user|user-db,,,0.0122833251953125,0.002969026565551758,15,13,False,False,False,False,False,False
SockShop,carts,cpu,3,circa,tai nguyen,cpu,node,carts-db|catalogue-db|front-end|orders|orders-db|payment|queue-master|rabbitmq|rabbitmq-exporter|session-db|shipping|user|user-db|carts|catalogue,session-db|user|rabbitmq|carts-db|catalogue-db|front-end|queue-master|orders|rabbitmq-exporter|orders-db|payment|shipping|user-db,carts-db|catalogue-db|front-end|orders|orders-db|payment|queue-master|rabbitmq|rabbitmq-exporter|session-db|shipping|user|user-db,FALLBACK,,0.10413312911987305,0.10957169532775879,15,13,False,False,False,False,False,False
SockShop,carts,cpu,3,pc_randomwalk,tai nguyen,cpu,node,carts-db|catalogue-db|front-end|orders|orders-db|payment|queue-master|rabbitmq|rabbitmq-exporter|session-db|shipping|user|user-db|carts|catalogue,rabbitmq|shipping|user|front-end|queue-master|session-db|user-db|carts-db|catalogue-db|orders|orders-db|payment|rabbitmq-exporter,carts-db|catalogue-db|front-end|orders|orders-db|payment|queue-master|rabbitmq|rabbitmq-exporter|session-db|shipping|user|user-db,FALLBACK,,0.10845589637756348,0.09865903854370117,15,13,False,False,False,False,False,False
SockShop,carts,delay,1,nsigma,mang,latency-50,duong,orders|carts|front-end|rabbitmq|carts-db|orders-db|queue-master|user-db|user|catalogue|session-db|payment|rabbitmq-exporter|shipping|catalogue-db,carts|orders|front-end|catalogue|payment|shipping|user,carts|catalogue|front-end|orders|payment|shipping|user,,,0.010071992874145508,0.0016720294952392578,15,7,False,False,True,True,True,True
SockShop,carts,delay,1,baro,mang,latency-50,duong,session-db|carts|orders|front-end|queue-master|rabbitmq|carts-db|orders-db|catalogue|shipping|user-db|user|payment|catalogue-db|rabbitmq-exporter,carts|orders|front-end|catalogue|payment|shipping|user,carts|catalogue|front-end|orders|payment|shipping|user,,,0.012179136276245117,0.0019159317016601562,15,7,False,True,True,True,True,True
SockShop,carts,delay,1,circa,mang,latency-50,duong,front-end|carts|orders|carts-db|rabbitmq|payment|queue-master|user-db|orders-db|user|shipping|catalogue-db|catalogue|session-db|rabbitmq-exporter,carts|orders|user|front-end|catalogue|shipping|payment,carts|catalogue|front-end|orders|payment|shipping|user,,,4.860211133956909,0.019906044006347656,15,7,False,False,True,True,True,True
SockShop,carts,delay,1,pc_randomwalk,mang,latency-50,duong,payment|carts|carts-db|catalogue|user|front-end|session-db|orders|shipping|orders-db|queue-master|rabbitmq|catalogue-db|user-db|rabbitmq-exporter,payment|catalogue|orders|shipping|user|carts|front-end,carts|catalogue|front-end|orders|payment|shipping|user,,,5.201935768127441,0.01716923713684082,15,7,False,False,False,False,True,True
SockShop,carts,delay,2,nsigma,mang,latency-50,duong,carts|orders|front-end|catalogue-db|catalogue|user|carts-db|orders-db|user-db|rabbitmq|session-db|shipping|queue-master|payment,carts|orders|front-end|catalogue|user|shipping|payment,carts|catalogue|front-end|orders|payment|shipping|user,,,0.010250091552734375,0.002065896987915039,14,7,True,True,True,True,True,True
SockShop,carts,delay,2,baro,mang,latency-50,duong,orders|session-db|carts|front-end|catalogue-db|catalogue|rabbitmq|user|carts-db|orders-db|shipping|user-db|queue-master|payment,orders|carts|front-end|catalogue|shipping|user|payment,carts|catalogue|front-end|orders|payment|shipping|user,,,0.012248992919921875,0.0019528865814208984,14,7,False,False,False,True,True,True
SockShop,carts,delay,2,circa,mang,latency-50,duong,queue-master|carts|front-end|orders|rabbitmq|catalogue|orders-db|carts-db|user|payment|session-db|shipping|catalogue-db|user-db,orders|shipping|front-end|carts|catalogue|user|payment,carts|catalogue|front-end|orders|payment|shipping|user,,,3.7034120559692383,0.018288850784301758,14,7,False,True,False,True,True,True
SockShop,carts,delay,2,pc_randomwalk,mang,latency-50,duong,carts|payment|user-db|front-end|orders|queue-master|shipping|catalogue|carts-db|catalogue-db|session-db|rabbitmq|user|orders-db,payment|catalogue|orders|shipping|user|carts|front-end,carts|catalogue|front-end|orders|payment|shipping|user,,,3.9244699478149414,0.017798900604248047,14,7,True,True,False,False,True,True
SockShop,carts,delay,3,nsigma,mang,latency-50,duong,orders|carts|front-end|shipping|queue-master|user|rabbitmq|catalogue|payment|catalogue-db|user-db|orders-db|carts-db|session-db,orders|carts|shipping|front-end|catalogue|payment|user,carts|catalogue|front-end|orders|payment|shipping|user,,,0.010519981384277344,0.0016777515411376953,14,7,False,False,False,True,True,True
SockShop,carts,delay,3,baro,mang,latency-50,duong,shipping|session-db|orders|carts|front-end|queue-master|rabbitmq|catalogue|user|payment|user-db|catalogue-db|carts-db|orders-db,orders|carts|shipping|front-end|catalogue|payment|user,carts|catalogue|front-end|orders|payment|shipping|user,,,0.012766838073730469,0.002003908157348633,14,7,False,False,False,True,False,True
SockShop,carts,delay,3,circa,mang,latency-50,duong,front-end|carts|catalogue-db|rabbitmq|payment|user|carts-db|queue-master|session-db|orders|shipping|catalogue|orders-db|user-db,carts|front-end|user|shipping|payment|catalogue|orders,carts|catalogue|front-end|orders|payment|shipping|user,,,4.711050033569336,0.018539905548095703,14,7,False,False,True,True,True,True
SockShop,carts,delay,3,pc_randomwalk,mang,latency-50,duong,session-db|payment|carts-db|catalogue|carts|user-db|user|front-end|shipping|orders|orders-db|queue-master|rabbitmq|catalogue-db,payment|catalogue|orders|shipping|user|carts|front-end,carts|catalogue|front-end|orders|payment|shipping|user,,,4.848775148391724,0.01306009292602539,14,7,False,False,False,False,False,True
SockShop,carts,disk,1,nsigma,tai nguyen,cpu,node,carts|queue-master|orders|carts-db|orders-db|user-db|user|session-db|payment|front-end|catalogue|catalogue-db|shipping|rabbitmq-exporter|rabbitmq,carts|queue-master|orders|carts-db|orders-db|rabbitmq-exporter|payment|catalogue-db|rabbitmq|session-db|user|front-end|user-db|catalogue|shipping,carts|carts-db|catalogue|catalogue-db|front-end|orders|orders-db|payment|queue-master|rabbitmq|rabbitmq-exporter|session-db|shipping|user|user-db,,,0.010419845581054688,0.0030059814453125,15,15,True,True,True,True,True,True
SockShop,carts,disk,1,baro,tai nguyen,cpu,node,session-db|carts|queue-master|carts-db|orders|orders-db|front-end|user-db|payment|user|rabbitmq|catalogue|catalogue-db|shipping|rabbitmq-exporter,carts|queue-master|orders|orders-db|rabbitmq|session-db|payment|catalogue-db|carts-db|shipping|front-end|user|user-db|rabbitmq-exporter|catalogue,carts|carts-db|catalogue|catalogue-db|front-end|orders|orders-db|payment|queue-master|rabbitmq|rabbitmq-exporter|session-db|shipping|user|user-db,,,0.013111114501953125,0.0037050247192382812,15,15,False,False,True,True,True,True
SockShop,carts,disk,1,circa,tai nguyen,cpu,node,orders-db|carts|carts-db|front-end|orders|user-db|rabbitmq|user|queue-master|session-db|shipping|catalogue|payment|catalogue-db|rabbitmq-exporter,carts|orders-db|catalogue-db|rabbitmq|orders|shipping|catalogue|carts-db|front-end|user-db|queue-master|rabbitmq-exporter|session-db|payment|user,carts|carts-db|catalogue|catalogue-db|front-end|orders|orders-db|payment|queue-master|rabbitmq|rabbitmq-exporter|session-db|shipping|user|user-db,,,6.290704011917114,0.12051892280578613,15,15,False,False,True,True,True,True
SockShop,carts,disk,1,pc_randomwalk,tai nguyen,cpu,node,user|carts|carts-db|catalogue|catalogue-db|front-end|queue-master|shipping|payment|orders-db|rabbitmq|session-db|user-db|orders|rabbitmq-exporter,shipping|rabbitmq-exporter|user|carts-db|catalogue-db|payment|queue-master|rabbitmq|carts|catalogue|front-end|orders|orders-db|session-db|user-db,carts|carts-db|catalogue|catalogue-db|front-end|orders|orders-db|payment|queue-master|rabbitmq|rabbitmq-exporter|session-db|shipping|user|user-db,,,6.6571409702301025,0.09867501258850098,15,15,False,False,False,False,True,False
SockShop,carts,disk,2,nsigma,tai nguyen,cpu,node,carts|orders|catalogue|payment|user|shipping|front-end|orders-db|user-db|carts-db|session-db|queue-master|catalogue-db|rabbitmq,carts|carts-db|orders|queue-master|payment|catalogue|user|shipping|user-db|catalogue-db|rabbitmq|front-end|session-db|orders-db,carts|carts-db|catalogue|catalogue-db|front-end|orders|orders-db|payment|queue-master|rabbitmq|session-db|shipping|user|user-db,,,0.01081991195678711,0.002838134765625,14,14,True,True,True,True,True,True
SockShop,carts,disk,2,baro,tai nguyen,cpu,node,session-db|carts|orders|catalogue|payment|shipping|user|front-end|queue-master|orders-db|carts-db|user-db|rabbitmq|catalogue-db,carts|queue-master|shipping|orders|carts-db|user-db|payment|catalogue|user|rabbitmq|front-end|session-db|catalogue-db|orders-db,carts|carts-db|catalogue|catalogue-db|front-end|orders|orders-db|payment|queue-master|rabbitmq|session-db|shipping|user|user-db,,,0.013296127319335938,0.0032091140747070312,14,14,False,False,True,True,True,True
SockShop,carts,disk,2,circa,tai nguyen,cpu,node,shipping|catalogue|payment|carts|orders|session-db|front-end|queue-master|orders-db|user-db|user|carts-db|rabbitmq|catalogue-db,carts|queue-master|user-db|shipping|user|rabbitmq|payment|session-db|catalogue-db|carts-db|catalogue|orders-db|orders|front-end,carts|carts-db|catalogue|catalogue-db|front-end|orders|orders-db|payment|queue-master|rabbitmq|session-db|shipping|user|user-db,,,5.352503776550293,0.17174005508422852,14,14,False,False,True,True,False,True
SockShop,carts,disk,2,pc_randomwalk,tai nguyen,cpu,node,orders|user|carts|carts-db|catalogue|front-end|user-db|orders-db|rabbitmq|session-db|payment|queue-master|shipping|catalogue-db,shipping|queue-master|rabbitmq|catalogue-db|payment|user|user-db|carts|carts-db|catalogue|front-end|orders|orders-db|session-db,carts|carts-db|catalogue|catalogue-db|front-end|orders|orders-db|payment|queue-master|rabbitmq|session-db|shipping|user|user-db,,,5.4463210105896,0.11375617980957031,14,14,False,False,False,False,True,False
SockShop,carts,disk,3,nsigma,tai nguyen,cpu,node,carts|orders|catalogue|front-end|payment|catalogue-db|queue-master|orders-db|carts-db|user-db|shipping|user|session-db|rabbitmq,carts|orders|queue-master|carts-db|payment|catalogue|shipping|user-db|catalogue-db|user|session-db|orders-db|rabbitmq|front-end,carts|carts-db|catalogue|catalogue-db|front-end|orders|orders-db|payment|queue-master|rabbitmq|session-db|shipping|user|user-db,,,0.010459184646606445,0.0032181739807128906,14,14,True,True,True,True,True,True
SockShop,carts,disk,3,baro,tai nguyen,cpu,node,session-db|carts|orders|catalogue-db|catalogue|front-end|payment|queue-master|carts-db|orders-db|shipping|user-db|user|rabbitmq,carts|queue-master|orders|carts-db|payment|shipping|catalogue|session-db|user-db|catalogue-db|orders-db|user|rabbitmq|front-end,carts|carts-db|catalogue|catalogue-db|front-end|orders|orders-db|payment|queue-master|rabbitmq|session-db|shipping|user|user-db,,,0.01324319839477539,0.003389120101928711,14,14,False,False,True,True,True,True
SockShop,carts,disk,3,circa,tai nguyen,cpu,node,catalogue|payment|front-end|carts|orders|catalogue-db|shipping|carts-db|user-db|orders-db|user|session-db|queue-master|rabbitmq,carts|catalogue|carts-db|rabbitmq|orders-db|catalogue-db|payment|user|queue-master|orders|user-db|shipping|front-end|session-db,carts|carts-db|catalogue|catalogue-db|front-end|orders|orders-db|payment|queue-master|rabbitmq|session-db|shipping|user|user-db,,,5.555984020233154,0.11508893966674805,14,14,False,False,True,True,False,True
SockShop,carts,disk,3,pc_randomwalk,tai nguyen,cpu,node,rabbitmq|user|orders|carts|carts-db|catalogue|front-end|user-db|orders-db|payment|shipping|queue-master|session-db|catalogue-db,shipping|queue-master|rabbitmq|catalogue-db|payment|user|user-db|carts|carts-db|catalogue|front-end|orders|orders-db|session-db,carts|carts-db|catalogue|catalogue-db|front-end|orders|orders-db|payment|queue-master|rabbitmq|session-db|shipping|user|user-db,,,5.80402398109436,0.11570501327514648,14,14,False,False,False,False,False,False
SockShop,carts,loss,1,nsigma,mang,latency-50,duong,orders|carts|front-end|rabbitmq|catalogue|orders-db|carts-db|user-db|session-db|user|shipping|catalogue-db|rabbitmq-exporter|payment|queue-master,carts|orders|front-end|catalogue|shipping|user|payment,carts|catalogue|front-end|orders|payment|shipping|user,,,0.010413169860839844,0.0018129348754882812,15,7,False,False,True,True,True,True
SockShop,carts,loss,1,baro,mang,latency-50,duong,session-db|orders|carts|front-end|catalogue|rabbitmq|shipping|orders-db|carts-db|user|user-db|catalogue-db|payment|rabbitmq-exporter|queue-master,carts|orders|front-end|catalogue|shipping|user|payment,carts|catalogue|front-end|orders|payment|shipping|user,,,0.013015031814575195,0.002429962158203125,15,7,False,False,True,True,True,True
SockShop,carts,loss,1,circa,mang,latency-50,duong,orders|carts|front-end|rabbitmq|orders-db|shipping|user-db|carts-db|catalogue|rabbitmq-exporter|user|payment|queue-master|session-db|catalogue-db,carts|front-end|user|orders|payment|shipping|catalogue,carts|catalogue|front-end|orders|payment|shipping|user,,,5.16849684715271,0.018332719802856445,15,7,False,False,True,True,True,True
SockShop,carts,loss,1,pc_randomwalk,mang,latency-50,duong,session-db|carts|shipping|carts-db|catalogue|orders|payment|front-end|user|rabbitmq|rabbitmq-exporter|orders-db|queue-master|user-db|catalogue-db,payment|catalogue|orders|shipping|user|carts|front-end,carts|catalogue|front-end|orders|payment|shipping|user,,,5.407339096069336,0.014120817184448242,15,7,False,True,False,False,True,True
SockShop,carts,loss,2,nsigma,mang,latency-50,duong,carts|front-end|orders|carts-db|user-db|rabbitmq|shipping|orders-db|user|catalogue|catalogue-db|session-db|payment|queue-master,carts|orders|front-end|catalogue|user|payment|shipping,carts|catalogue|front-end|orders|payment|shipping|user,,,0.010847091674804688,0.0016598701477050781,14,7,True,True,True,True,True,True
SockShop,carts,loss,2,baro,mang,latency-50,duong,carts|orders|front-end|session-db|carts-db|user-db|rabbitmq|payment|orders-db|catalogue|catalogue-db|shipping|user|queue-master,orders|carts|front-end|catalogue|user|payment|shipping,carts|catalogue|front-end|orders|payment|shipping|user,,,0.012890815734863281,0.0019767284393310547,14,7,True,True,False,True,True,True
SockShop,carts,loss,2,circa,mang,latency-50,duong,orders|front-end|carts|queue-master|carts-db|user-db|catalogue|shipping|user|payment|rabbitmq|orders-db|session-db|catalogue-db,orders|front-end|carts|user|catalogue|shipping|payment,carts|catalogue|front-end|orders|payment|shipping|user,,,5.068120956420898,0.018107175827026367,14,7,False,False,False,True,True,True
SockShop,carts,loss,2,pc_randomwalk,mang,latency-50,duong,carts|carts-db|catalogue|orders|orders-db|session-db|shipping|user-db|payment|front-end|rabbitmq|user|queue-master|catalogue-db,payment|catalogue|orders|shipping|user|carts|front-end,carts|catalogue|front-end|orders|payment|shipping|user,,,5.379766225814819,0.011686325073242188,14,7,True,True,False,False,True,True
SockShop,carts,loss,3,nsigma,mang,latency-50,duong,carts|orders|front-end|rabbitmq|orders-db|queue-master|carts-db|user-db|session-db|catalogue|payment|user|shipping|catalogue-db|rabbitmq-exporter,carts|orders|front-end|catalogue|user|payment|shipping,carts|catalogue|front-end|orders|payment|shipping|user,,,0.010265111923217773,0.0016300678253173828,15,7,True,True,True,True,True,True
SockShop,carts,loss,3,baro,mang,latency-50,duong,session-db|orders|carts|front-end|rabbitmq|queue-master|catalogue|orders-db|shipping|carts-db|user-db|catalogue-db|payment|user|rabbitmq-exporter,carts|orders|front-end|catalogue|user|payment|shipping,carts|catalogue|front-end|orders|payment|shipping|user,,,0.012428045272827148,0.001940011978149414,15,7,False,False,True,True,True,True
SockShop,carts,loss,3,circa,mang,latency-50,duong,carts|carts-db|catalogue|catalogue-db|front-end|orders-db|payment|queue-master|rabbitmq|rabbitmq-exporter|session-db|shipping|user-db|orders|user,carts|shipping|orders|front-end|payment|user|catalogue,carts|catalogue|front-end|orders|payment|shipping|user,FALLBACK,,0.0970299243927002,0.016632795333862305,15,7,True,True,True,True,True,True
SockShop,carts,loss,3,pc_randomwalk,mang,latency-50,duong,carts|carts-db|catalogue|catalogue-db|front-end|orders-db|payment|queue-master|rabbitmq|rabbitmq-exporter|session-db|shipping|user-db|orders|user,payment|catalogue|orders|shipping|user|carts|front-end,carts|catalogue|front-end|orders|payment|shipping|user,FALLBACK,,0.09955000877380371,0.017961978912353516,15,7,True,True,False,False,True,True
SockShop,carts,mem,1,nsigma,tai nguyen,cpu,node,carts|catalogue|carts-db|orders|front-end|queue-master|user-db|user|payment|orders-db|shipping|catalogue-db|rabbitmq-exporter|session-db|rabbitmq,carts|catalogue-db|rabbitmq-exporter|payment|session-db|orders-db|catalogue|user-db|shipping|queue-master|orders|rabbitmq,carts|catalogue|catalogue-db|orders|orders-db|payment|queue-master|rabbitmq|rabbitmq-exporter|session-db|shipping|user-db,,,0.010012149810791016,0.0024929046630859375,15,12,True,True,True,True,True,True
SockShop,carts,mem,1,baro,tai nguyen,cpu,node,catalogue|carts|session-db|orders|carts-db|front-end|payment|user|rabbitmq|queue-master|catalogue-db|user-db|shipping|orders-db|rabbitmq-exporter,carts|catalogue-db|session-db|orders|orders-db|rabbitmq|shipping|user-db|catalogue|payment|queue-master|rabbitmq-exporter,carts|catalogue|catalogue-db|orders|orders-db|payment|queue-master|rabbitmq|rabbitmq-exporter|session-db|shipping|user-db,,,0.011987924575805664,0.0029060840606689453,15,12,False,False,True,True,True,True
SockShop,carts,mem,1,circa,tai nguyen,cpu,node,payment|carts|front-end|shipping|session-db|carts-db|user-db|queue-master|orders-db|rabbitmq|orders|catalogue|user|catalogue-db|rabbitmq-exporter,carts|shipping|payment|queue-master|rabbitmq-exporter|catalogue-db|orders-db|user-db|rabbitmq|catalogue|orders|session-db,carts|catalogue|catalogue-db|orders|orders-db|payment|queue-master|rabbitmq|rabbitmq-exporter|session-db|shipping|user-db,,,3.4686310291290283,0.0586698055267334,15,12,False,False,True,True,True,True
SockShop,carts,mem,1,pc_randomwalk,tai nguyen,cpu,node,rabbitmq|carts|queue-master|front-end|orders-db|payment|shipping|user|catalogue|catalogue-db|orders|session-db|user-db|rabbitmq-exporter|carts-db,queue-master|session-db|shipping|catalogue-db|rabbitmq|rabbitmq-exporter|user-db|carts|catalogue|orders|orders-db|payment,carts|catalogue|catalogue-db|orders|orders-db|payment|queue-master|rabbitmq|rabbitmq-exporter|session-db|shipping|user-db,,,3.5923831462860107,0.045034170150756836,15,12,False,False,False,False,True,False
SockShop,carts,mem,2,nsigma,tai nguyen,cpu,node,carts|queue-master|shipping|front-end|catalogue|carts-db|orders-db|orders|payment|session-db|user-db|user|rabbitmq-exporter|rabbitmq|catalogue-db,carts|shipping|queue-master|rabbitmq-exporter|session-db|catalogue|user|payment|user-db|orders-db|front-end|orders,carts|catalogue|front-end|orders|orders-db|payment|queue-master|rabbitmq-exporter|session-db|shipping|user|user-db,,,0.009732246398925781,0.0025420188903808594,15,12,True,True,True,True,True,True
SockShop,carts,mem,2,baro,tai nguyen,cpu,node,queue-master|carts|session-db|shipping|front-end|orders|catalogue|carts-db|payment|orders-db|user|user-db|rabbitmq-exporter|catalogue-db|rabbitmq,carts|shipping|queue-master|session-db|orders|catalogue|orders-db|payment|rabbitmq-exporter|user|user-db|front-end,carts|catalogue|front-end|orders|orders-db|payment|queue-master|rabbitmq-exporter|session-db|shipping|user|user-db,,,0.012019872665405273,0.0028929710388183594,15,12,False,False,True,True,True,True
SockShop,carts,mem,2,circa,tai nguyen,cpu,node,carts|catalogue|front-end|orders|orders-db|payment|queue-master|rabbitmq-exporter|session-db|shipping|user|user-db|carts-db|catalogue-db|rabbitmq,carts|queue-master|user-db|session-db|orders|catalogue|front-end|orders-db|user|payment|rabbitmq-exporter|shipping,carts|catalogue|front-end|orders|orders-db|payment|queue-master|rabbitmq-exporter|session-db|shipping|user|user-db,FALLBACK,,0.09351515769958496,0.058305978775024414,15,12,True,True,True,True,True,True
SockShop,carts,mem,2,pc_randomwalk,tai nguyen,cpu,node,carts|catalogue|front-end|orders|orders-db|payment|queue-master|rabbitmq-exporter|session-db|shipping|user|user-db|carts-db|catalogue-db|rabbitmq,queue-master|shipping|user|front-end|rabbitmq-exporter|session-db|user-db|carts|catalogue|orders|orders-db|payment,carts|catalogue|front-end|orders|orders-db|payment|queue-master|rabbitmq-exporter|session-db|shipping|user|user-db,FALLBACK,,0.10021710395812988,0.04353690147399902,15,12,True,True,False,False,True,False
SockShop,carts,mem,3,nsigma,tai nguyen,cpu,node,carts|user-db|user|carts-db|front-end|payment|rabbitmq-exporter|catalogue|orders|orders-db|shipping|session-db|rabbitmq|catalogue-db|queue-master,carts|carts-db|rabbitmq-exporter|catalogue|payment|orders|orders-db|user|session-db|user-db|shipping|rabbitmq|catalogue-db|front-end,carts|carts-db|catalogue|catalogue-db|front-end|orders|orders-db|payment|rabbitmq|rabbitmq-exporter|session-db|shipping|user|user-db,,,0.011385679244995117,0.0026731491088867188,15,14,True,True,True,True,True,True
SockShop,carts,mem,3,baro,tai nguyen,cpu,node,carts|session-db|orders|user-db|user|carts-db|catalogue|front-end|payment|rabbitmq|shipping|orders-db|catalogue-db|queue-master|rabbitmq-exporter,carts|orders|catalogue|carts-db|shipping|orders-db|payment|session-db|user|rabbitmq-exporter|rabbitmq|user-db|catalogue-db|front-end,carts|carts-db|catalogue|catalogue-db|front-end|orders|orders-db|payment|rabbitmq|rabbitmq-exporter|session-db|shipping|user|user-db,,,0.014264822006225586,0.0032787322998046875,15,14,True,True,True,True,True,True
SockShop,carts,mem,3,circa,tai nguyen,cpu,node,user|carts|carts-db|front-end|orders|shipping|rabbitmq|payment|catalogue|queue-master|user-db|orders-db|session-db|rabbitmq-exporter|catalogue-db,carts|orders|catalogue-db|session-db|user-db|orders-db|shipping|payment|carts-db|catalogue|user|rabbitmq-exporter|rabbitmq|front-end,carts|carts-db|catalogue|catalogue-db|front-end|orders|orders-db|payment|rabbitmq|rabbitmq-exporter|session-db|shipping|user|user-db,,,5.59525203704834,0.11733222007751465,15,14,False,False,True,True,True,True
SockShop,carts,mem,3,pc_randomwalk,tai nguyen,cpu,node,carts|carts-db|user|orders|queue-master|session-db|shipping|front-end|rabbitmq|user-db|catalogue|payment|catalogue-db|rabbitmq-exporter|orders-db,shipping|rabbitmq|rabbitmq-exporter|catalogue-db|payment|user|user-db|carts|carts-db|catalogue|front-end|orders|orders-db|session-db,carts|carts-db|catalogue|catalogue-db|front-end|orders|orders-db|payment|rabbitmq|rabbitmq-exporter|session-db|shipping|user|user-db,,,5.8337531089782715,0.09415888786315918,15,14,True,True,False,False,True,False
SockShop,carts,socket,1,nsigma,tai nguyen,cpu,node,catalogue|queue-master|orders|carts|shipping|user-db|payment|orders-db|front-end|user|session-db|carts-db|catalogue-db|rabbitmq|rabbitmq-exporter,queue-master|carts|catalogue-db|rabbitmq|carts-db|payment|catalogue|user-db|orders-db|rabbitmq-exporter|front-end|session-db|shipping,carts|carts-db|catalogue|catalogue-db|front-end|orders-db|payment|queue-master|rabbitmq|rabbitmq-exporter|session-db|shipping|user-db,,,0.009917736053466797,0.0024650096893310547,15,13,False,False,False,False,False,True
SockShop,carts,socket,1,baro,tai nguyen,cpu,node,session-db|queue-master|catalogue|carts|payment|orders|shipping|front-end|user|catalogue-db|orders-db|rabbitmq|user-db|carts-db|rabbitmq-exporter,queue-master|carts|catalogue-db|rabbitmq|carts-db|payment|orders-db|catalogue|front-end|shipping|user-db|session-db|rabbitmq-exporter,carts|carts-db|catalogue|catalogue-db|front-end|orders-db|payment|queue-master|rabbitmq|rabbitmq-exporter|session-db|shipping|user-db,,,0.01271510124206543,0.0031359195709228516,15,13,False,False,False,False,False,True
SockShop,carts,socket,1,circa,tai nguyen,cpu,node,payment|orders|carts|user|orders-db|catalogue|front-end|user-db|carts-db|shipping|rabbitmq|catalogue-db|queue-master|session-db|rabbitmq-exporter,carts|payment|catalogue|shipping|carts-db|rabbitmq-exporter|catalogue-db|user-db|rabbitmq|front-end|queue-master|orders-db|session-db,carts|carts-db|catalogue|catalogue-db|front-end|orders-db|payment|queue-master|rabbitmq|rabbitmq-exporter|session-db|shipping|user-db,,,4.971834897994995,0.10908174514770508,15,13,False,False,True,True,True,True
SockShop,carts,socket,1,pc_randomwalk,tai nguyen,cpu,node,rabbitmq|user|carts|carts-db|catalogue|front-end|orders-db|shipping|orders|payment|queue-master|rabbitmq-exporter|user-db|session-db|catalogue-db,queue-master|session-db|shipping|catalogue|payment|rabbitmq-exporter|user-db|carts|carts-db|catalogue-db|front-end|orders-db|rabbitmq,carts|carts-db|catalogue|catalogue-db|front-end|orders-db|payment|queue-master|rabbitmq|rabbitmq-exporter|session-db|shipping|user-db,,,4.975948095321655,0.09343194961547852,15,13,False,False,False,False,True,False
SockShop,carts,socket,2,nsigma,tai nguyen,cpu,node,orders|carts|payment|front-end|user|catalogue|catalogue-db|carts-db|user-db|queue-master|session-db|rabbitmq|shipping|orders-db,carts|queue-master|carts-db|payment|orders-db|shipping|catalogue|catalogue-db|orders|user|front-end|rabbitmq|session-db|user-db,carts|carts-db|catalogue|catalogue-db|front-end|orders|orders-db|payment|queue-master|rabbitmq|session-db|shipping|user|user-db,,,0.010186910629272461,0.0026459693908691406,14,14,False,False,True,True,True,True
SockShop,carts,socket,2,baro,tai nguyen,cpu,node,session-db|orders|carts|payment|front-end|catalogue-db|catalogue|user|shipping|queue-master|user-db|carts-db|orders-db|rabbitmq,carts|shipping|queue-master|carts-db|orders-db|orders|payment|catalogue|catalogue-db|session-db|front-end|user-db|rabbitmq|user,carts|carts-db|catalogue|catalogue-db|front-end|orders|orders-db|payment|queue-master|rabbitmq|session-db|shipping|user|user-db,,,0.01270294189453125,0.003412961959838867,14,14,False,False,True,True,True,True
SockShop,carts,socket,2,circa,tai nguyen,cpu,node,carts|carts-db|catalogue|catalogue-db|front-end|orders|orders-db|payment|queue-master|rabbitmq|session-db|shipping|user|user-db,carts|carts-db|shipping|orders-db|front-end|catalogue-db|catalogue|payment|session-db|orders|user|queue-master|rabbitmq|user-db,carts|carts-db|catalogue|catalogue-db|front-end|orders|orders-db|payment|queue-master|rabbitmq|session-db|shipping|user|user-db,FALLBACK,,0.11609888076782227,0.1141209602355957,14,14,True,True,True,True,True,True
SockShop,carts,socket,2,pc_randomwalk,tai nguyen,cpu,node,carts|carts-db|catalogue|catalogue-db|front-end|orders|orders-db|payment|queue-master|rabbitmq|session-db|shipping|user|user-db,shipping|queue-master|rabbitmq|catalogue-db|payment|user|user-db|carts|carts-db|catalogue|front-end|orders|orders-db|session-db,carts|carts-db|catalogue|catalogue-db|front-end|orders|orders-db|payment|queue-master|rabbitmq|session-db|shipping|user|user-db,FALLBACK,,0.11949586868286133,0.12910795211791992,14,14,True,True,False,False,True,False
SockShop,carts,socket,3,nsigma,tai nguyen,cpu,node,orders|carts|payment|front-end|queue-master|catalogue|shipping|user|orders-db|user-db|carts-db|session-db|rabbitmq|catalogue-db|rabbitmq-exporter,carts|shipping|orders|queue-master|payment|carts-db|catalogue|user|user-db|orders-db|catalogue-db|rabbitmq|rabbitmq-exporter|front-end|session-db,carts|carts-db|catalogue|catalogue-db|front-end|orders|orders-db|payment|queue-master|rabbitmq|rabbitmq-exporter|session-db|shipping|user|user-db,,,0.010931968688964844,0.0028662681579589844,15,15,False,False,True,True,True,True
SockShop,carts,socket,3,baro,tai nguyen,cpu,node,queue-master|session-db|orders|carts|shipping|payment|front-end|catalogue|user|orders-db|user-db|carts-db|catalogue-db|rabbitmq|rabbitmq-exporter,carts|queue-master|orders|shipping|carts-db|payment|user|catalogue|user-db|session-db|orders-db|catalogue-db|rabbitmq|front-end|rabbitmq-exporter,carts|carts-db|catalogue|catalogue-db|front-end|orders|orders-db|payment|queue-master|rabbitmq|rabbitmq-exporter|session-db|shipping|user|user-db,,,0.013230085372924805,0.003412961959838867,15,15,False,False,True,True,False,True
SockShop,carts,socket,3,circa,tai nguyen,cpu,node,carts|carts-db|catalogue|catalogue-db|front-end|orders|orders-db|payment|queue-master|rabbitmq|rabbitmq-exporter|session-db|shipping|user|user-db,carts|carts-db|rabbitmq-exporter|orders|payment|catalogue|session-db|orders-db|user-db|queue-master|catalogue-db|user|front-end|shipping|rabbitmq,carts|carts-db|catalogue|catalogue-db|front-end|orders|orders-db|payment|queue-master|rabbitmq|rabbitmq-exporter|session-db|shipping|user|user-db,FALLBACK,,0.1285398006439209,0.15423107147216797,15,15,True,True,True,True,True,True
SockShop,carts,socket,3,pc_randomwalk,tai nguyen,cpu,node,carts|carts-db|catalogue|catalogue-db|front-end|orders|orders-db|payment|queue-master|rabbitmq|rabbitmq-exporter|session-db|shipping|user|user-db,shipping|rabbitmq-exporter|user|carts-db|catalogue-db|payment|queue-master|rabbitmq|carts|catalogue|front-end|orders|orders-db|session-db|user-db,carts|carts-db|catalogue|catalogue-db|front-end|orders|orders-db|payment|queue-master|rabbitmq|rabbitmq-exporter|session-db|shipping|user|user-db,FALLBACK,,0.13295698165893555,0.17905521392822266,15,15,True,True,False,False,True,False
SockShop,catalogue,cpu,1,nsigma,tai nguyen,cpu,node,catalogue|rabbitmq|user-db|orders-db|carts-db|session-db|queue-master|orders|payment|carts|shipping|user|catalogue-db|front-end,catalogue|payment|rabbitmq|orders-db|carts-db|session-db|user-db|catalogue-db|user|carts|queue-master|shipping,carts|carts-db|catalogue|catalogue-db|orders-db|payment|queue-master|rabbitmq|session-db|shipping|user|user-db,,,0.007315874099731445,0.002418994903564453,14,12,True,True,True,True,True,True
SockShop,catalogue,cpu,1,baro,tai nguyen,cpu,node,rabbitmq|session-db|catalogue-db|catalogue|orders|user-db|orders-db|queue-master|carts-db|front-end|carts|payment|user|shipping,catalogue|queue-master|rabbitmq|orders-db|payment|carts-db|catalogue-db|user-db|session-db|carts|user|shipping,carts|carts-db|catalogue|catalogue-db|orders-db|payment|queue-master|rabbitmq|session-db|shipping|user|user-db,,,0.009142160415649414,0.0028972625732421875,14,12,False,False,True,True,False,True
SockShop,catalogue,cpu,1,circa,tai nguyen,cpu,node,catalogue|user-db|orders-db|user|carts-db|carts|session-db|orders|queue-master|front-end|shipping|payment|catalogue-db|rabbitmq,catalogue|payment|shipping|queue-master|session-db|user|carts|carts-db|catalogue-db|orders-db|rabbitmq|user-db,carts|carts-db|catalogue|catalogue-db|orders-db|payment|queue-master|rabbitmq|session-db|shipping|user|user-db,,,4.1386120319366455,0.12640595436096191,14,12,True,True,True,True,True,True
SockShop,catalogue,cpu,1,pc_randomwalk,tai nguyen,cpu,node,carts|orders-db|catalogue-db|shipping|carts-db|session-db|payment|user|queue-master|user-db|catalogue|front-end|orders|rabbitmq,queue-master|shipping|user|catalogue|rabbitmq|session-db|user-db|carts|carts-db|catalogue-db|orders-db|payment,carts|carts-db|catalogue|catalogue-db|orders-db|payment|queue-master|rabbitmq|session-db|shipping|user|user-db,,,4.2880871295928955,0.1319873332977295,14,12,False,False,False,False,False,False
SockShop,catalogue,cpu,2,nsigma,tai nguyen,cpu,node,catalogue|rabbitmq|carts|user-db|queue-master|carts-db|session-db|catalogue-db|shipping|orders|orders-db|rabbitmq-exporter|user|payment|front-end,catalogue|carts|queue-master|shipping|rabbitmq|rabbitmq-exporter|carts-db|payment|session-db|user|orders-db|catalogue-db|user-db|orders,carts|carts-db|catalogue|catalogue-db|orders|orders-db|payment|queue-master|rabbitmq|rabbitmq-exporter|session-db|shipping|user|user-db,,,0.008013248443603516,0.002635955810546875,15,14,True,True,True,True,True,True
SockShop,catalogue,cpu,2,baro,tai nguyen,cpu,node,session-db|catalogue-db|catalogue|rabbitmq|carts|queue-master|shipping|user-db|carts-db|rabbitmq-exporter|orders-db|orders|user|payment|front-end,catalogue|carts|queue-master|shipping|rabbitmq|rabbitmq-exporter|carts-db|orders-db|payment|orders|user|catalogue-db|session-db|user-db,carts|carts-db|catalogue|catalogue-db|orders|orders-db|payment|queue-master|rabbitmq|rabbitmq-exporter|session-db|shipping|user|user-db,,,0.00999593734741211,0.003496885299682617,15,14,False,False,True,True,True,True
SockShop,catalogue,cpu,2,circa,tai nguyen,cpu,node,catalogue|rabbitmq|orders-db|carts-db|user|queue-master|user-db|shipping|orders|carts|rabbitmq-exporter|session-db|front-end|payment|catalogue-db,catalogue|orders|rabbitmq|orders-db|carts|user-db|rabbitmq-exporter|session-db|user|shipping|payment|queue-master|carts-db|catalogue-db,carts|carts-db|catalogue|catalogue-db|orders|orders-db|payment|queue-master|rabbitmq|rabbitmq-exporter|session-db|shipping|user|user-db,,,4.453125953674316,0.13809800148010254,15,14,True,True,True,True,True,True
SockShop,catalogue,cpu,2,pc_randomwalk,tai nguyen,cpu,node,carts|catalogue-db|carts-db|user-db|session-db|orders-db|queue-master|shipping|catalogue|orders|user|rabbitmq-exporter|rabbitmq|front-end|payment,shipping|rabbitmq|rabbitmq-exporter|catalogue-db|queue-master|user|user-db|carts|carts-db|catalogue|orders|orders-db|payment|session-db,carts|carts-db|catalogue|catalogue-db|orders|orders-db|payment|queue-master|rabbitmq|rabbitmq-exporter|session-db|shipping|user|user-db,,,4.579084873199463,0.14950084686279297,15,14,False,False,False,False,False,False
SockShop,catalogue,cpu,3,nsigma,tai nguyen,cpu,node,catalogue|carts|user|shipping|payment|carts-db|front-end|catalogue-db|queue-master|user-db|orders-db|rabbitmq-exporter|orders|session-db|rabbitmq,catalogue|shipping|carts-db|queue-master|payment|front-end|user|orders-db|rabbitmq|session-db|user-db,carts-db|catalogue|front-end|orders-db|payment|queue-master|rabbitmq|session-db|shipping|user|user-db,,,0.009981870651245117,0.0022401809692382812,15,11,True,True,True,True,True,True
SockShop,catalogue,cpu,3,baro,tai nguyen,cpu,node,session-db|catalogue-db|catalogue|carts|payment|shipping|queue-master|user|front-end|orders|carts-db|orders-db|rabbitmq-exporter|rabbitmq|user-db,catalogue|shipping|queue-master|carts-db|user|rabbitmq|orders-db|session-db|payment|front-end|user-db,carts-db|catalogue|front-end|orders-db|payment|queue-master|rabbitmq|session-db|shipping|user|user-db,,,0.012131929397583008,0.0028297901153564453,15,11,False,False,True,True,True,True
SockShop,catalogue,cpu,3,circa,tai nguyen,cpu,node,catalogue|orders|carts|user|shipping|front-end|queue-master|user-db|carts-db|payment|session-db|orders-db|rabbitmq|rabbitmq-exporter|catalogue-db,catalogue|shipping|front-end|payment|session-db|queue-master|user|user-db|carts-db|orders-db|rabbitmq,carts-db|catalogue|front-end|orders-db|payment|queue-master|rabbitmq|session-db|shipping|user|user-db,,,4.936040878295898,0.04569387435913086,15,11,True,True,True,True,True,True
SockShop,catalogue,cpu,3,pc_randomwalk,tai nguyen,cpu,node,session-db|payment|catalogue|front-end|carts-db|queue-master|user-db|orders|user|shipping|carts|rabbitmq|orders-db|catalogue-db|rabbitmq-exporter,rabbitmq|shipping|front-end|queue-master|session-db|user|user-db|carts-db|catalogue|orders-db|payment,carts-db|catalogue|front-end|orders-db|payment|queue-master|rabbitmq|session-db|shipping|user|user-db,,,5.055325031280518,0.037709951400756836,15,11,False,False,False,False,True,False
SockShop,catalogue,delay,1,nsigma,mang,latency-50,duong,catalogue|rabbitmq|catalogue-db|shipping|front-end|queue-master|carts-db|payment|orders-db|session-db|user-db|carts|orders|user,catalogue|front-end|shipping|user|payment|carts|orders,carts|catalogue|front-end|orders|payment|shipping|user,,,0.010709047317504883,0.0017688274383544922,14,7,True,True,True,True,True,True
SockShop,catalogue,delay,1,baro,mang,latency-50,duong,session-db|catalogue|rabbitmq|catalogue-db|shipping|front-end|carts-db|queue-master|payment|orders|user|carts|orders-db|user-db,catalogue|front-end|user|shipping|orders|payment|carts,carts|catalogue|front-end|orders|payment|shipping|user,,,0.013234138488769531,0.0019199848175048828,14,7,False,True,True,True,True,True
SockShop,catalogue,delay,1,circa,mang,latency-50,duong,carts|carts-db|catalogue-db|front-end|orders|orders-db|payment|queue-master|rabbitmq|session-db|shipping|user|user-db|catalogue,orders|catalogue|user|front-end|payment|carts|shipping,carts|catalogue|front-end|orders|payment|shipping|user,FALLBACK,,0.1398148536682129,0.020133256912231445,14,7,False,False,False,False,False,True
SockShop,catalogue,delay,1,pc_randomwalk,mang,latency-50,duong,carts|carts-db|catalogue-db|front-end|orders|orders-db|payment|queue-master|rabbitmq|session-db|shipping|user|user-db|catalogue,payment|catalogue|orders|shipping|user|carts|front-end,carts|catalogue|front-end|orders|payment|shipping|user,FALLBACK,,0.14450883865356445,0.01395273208618164,14,7,False,False,False,False,False,True
SockShop,catalogue,delay,2,nsigma,mang,latency-50,duong,catalogue|catalogue-db|front-end|user-db|orders-db|carts-db|shipping|rabbitmq|carts|session-db|orders|user|payment|queue-master|rabbitmq-exporter,catalogue|front-end|carts|user|orders|shipping|payment,carts|catalogue|front-end|orders|payment|shipping|user,,,0.009896993637084961,0.0016930103302001953,15,7,True,True,True,True,True,True
SockShop,catalogue,delay,2,baro,mang,latency-50,duong,session-db|catalogue|catalogue-db|front-end|queue-master|rabbitmq|shipping|orders|carts|user|orders-db|user-db|carts-db|payment|rabbitmq-exporter,catalogue|front-end|user|carts|orders|shipping|payment,carts|catalogue|front-end|orders|payment|shipping|user,,,0.012552022933959961,0.0019040107727050781,15,7,False,True,True,True,True,True
SockShop,catalogue,delay,2,circa,mang,latency-50,duong,catalogue|catalogue-db|front-end|user-db|rabbitmq|carts|user|orders-db|carts-db|shipping|session-db|payment|orders|queue-master|rabbitmq-exporter,catalogue|front-end|payment|shipping|carts|orders|user,carts|catalogue|front-end|orders|payment|shipping|user,,,4.917632102966309,0.01907205581665039,15,7,True,True,True,True,True,True
SockShop,catalogue,delay,2,pc_randomwalk,mang,latency-50,duong,rabbitmq|payment|catalogue|catalogue-db|user-db|orders-db|front-end|shipping|carts|orders|queue-master|rabbitmq-exporter|session-db|user|carts-db,payment|catalogue|orders|shipping|user|carts|front-end,carts|catalogue|front-end|orders|payment|shipping|user,,,5.1537957191467285,0.018527984619140625,15,7,False,False,False,False,True,True
SockShop,catalogue,delay,3,nsigma,mang,workload,node,front-end|catalogue|catalogue-db|carts-db|user-db|shipping|orders|carts|queue-master|user|orders-db|payment|session-db|rabbitmq|rabbitmq-exporter,shipping|carts|orders|user|payment|catalogue|front-end,carts|catalogue|front-end|orders|payment|shipping|user,,,0.009768962860107422,0.001611948013305664,15,7,False,False,False,False,True,False
SockShop,catalogue,delay,3,baro,mang,workload,node,catalogue-db|front-end|session-db|catalogue|carts-db|orders|queue-master|user-db|shipping|rabbitmq|orders-db|user|carts|payment|rabbitmq-exporter,shipping|orders|carts|user|payment|catalogue|front-end,carts|catalogue|front-end|orders|payment|shipping|user,,,0.01196599006652832,0.001971006393432617,15,7,False,False,False,False,False,False
SockShop,catalogue,delay,3,circa,mang,workload,node,front-end|queue-master|catalogue-db|user|carts-db|shipping|user-db|orders|payment|rabbitmq|catalogue|session-db|orders-db|carts,orders|payment|shipping|user|carts|front-end|catalogue,carts|catalogue|front-end|orders|payment|shipping|user,,,4.602872848510742,0.023388147354125977,14,7,False,False,False,False,False,False
SockShop,catalogue,delay,3,pc_randomwalk,mang,workload,node,queue-master|carts|payment|user-db|catalogue-db|orders|carts-db|catalogue|user|front-end|shipping|session-db|orders-db|rabbitmq-exporter|rabbitmq,payment|catalogue|orders|shipping|user|carts|front-end,carts|catalogue|front-end|orders|payment|shipping|user,,,4.935894012451172,0.022986173629760742,15,7,False,False,False,False,False,True
SockShop,catalogue,disk,1,nsigma,tai nguyen,workload,node,catalogue|catalogue-db|queue-master|orders-db|user-db|payment|orders|shipping|session-db|user|carts-db|carts|front-end|rabbitmq,orders|user|payment|shipping|carts|front-end|catalogue,carts|catalogue|front-end|orders|payment|shipping|user,,,0.008179903030395508,0.001627206802368164,14,7,True,True,False,False,True,False
SockShop,catalogue,disk,1,baro,tai nguyen,workload,node,catalogue-db|session-db|catalogue|orders|carts|queue-master|payment|orders-db|user-db|rabbitmq|shipping|carts-db|front-end|user,user|front-end|catalogue|carts|shipping|payment|orders,carts|catalogue|front-end|orders|payment|shipping|user,,,0.009927034378051758,0.0019998550415039062,14,7,False,True,False,False,True,True
SockShop,catalogue,disk,1,circa,tai nguyen,workload,node,catalogue|user-db|queue-master|payment|session-db|carts-db|front-end|user|carts|orders|shipping|orders-db|catalogue-db|rabbitmq,carts|user|shipping|front-end|orders|payment|catalogue,carts|catalogue|front-end|orders|payment|shipping|user,,,4.5246500968933105,0.020493030548095703,14,7,True,True,False,False,True,False
SockShop,catalogue,disk,1,pc_randomwalk,tai nguyen,workload,node,carts|orders-db|catalogue|catalogue-db|user-db|session-db|front-end|orders|shipping|payment|user|carts-db|queue-master|rabbitmq,payment|catalogue|orders|shipping|user|carts|front-end,carts|catalogue|front-end|orders|payment|shipping|user,,,4.7138988971710205,0.02007603645324707,14,7,False,False,False,False,True,True
SockShop,catalogue,disk,2,nsigma,tai nguyen,cpu,node,catalogue|queue-master|carts-db|rabbitmq-exporter|user|payment|orders|front-end|shipping|carts|orders-db|session-db|rabbitmq|user-db|catalogue-db,catalogue|carts-db|rabbitmq-exporter|payment|orders|session-db|orders-db|rabbitmq|shipping|front-end|carts|queue-master,carts|carts-db|catalogue|front-end|orders|orders-db|payment|queue-master|rabbitmq|rabbitmq-exporter|session-db|shipping,,,0.01139688491821289,0.002454042434692383,15,12,True,True,True,True,True,True
SockShop,catalogue,disk,2,baro,tai nguyen,cpu,node,catalogue|session-db|catalogue-db|carts-db|user-db|queue-master|user|orders|payment|carts|orders-db|shipping|front-end|rabbitmq-exporter|rabbitmq,catalogue|carts-db|orders|orders-db|shipping|session-db|rabbitmq-exporter|payment|rabbitmq|front-end|carts|queue-master,carts|carts-db|catalogue|front-end|orders|orders-db|payment|queue-master|rabbitmq|rabbitmq-exporter|session-db|shipping,,,0.014190673828125,0.0028579235076904297,15,12,True,True,True,True,True,True
SockShop,catalogue,disk,2,circa,tai nguyen,cpu,node,carts|carts-db|catalogue|front-end|orders|orders-db|payment|queue-master|rabbitmq|rabbitmq-exporter|session-db|shipping|catalogue-db|user|user-db,catalogue|session-db|orders-db|orders|carts|queue-master|payment|carts-db|rabbitmq-exporter|shipping|rabbitmq|front-end,carts|carts-db|catalogue|front-end|orders|orders-db|payment|queue-master|rabbitmq|rabbitmq-exporter|session-db|shipping,FALLBACK,,0.055831193923950195,0.06383895874023438,15,12,False,False,True,True,True,True
SockShop,catalogue,disk,2,pc_randomwalk,tai nguyen,cpu,node,carts|carts-db|catalogue|front-end|orders|orders-db|payment|queue-master|rabbitmq|rabbitmq-exporter|session-db|shipping|catalogue-db|user|user-db,payment|rabbitmq-exporter|session-db|catalogue|queue-master|rabbitmq|shipping|carts|carts-db|front-end|orders|orders-db,carts|carts-db|catalogue|front-end|orders|orders-db|payment|queue-master|rabbitmq|rabbitmq-exporter|session-db|shipping,FALLBACK,,0.05938100814819336,0.0529329776763916,15,12,False,False,False,False,True,False
SockShop,catalogue,disk,3,nsigma,tai nguyen,latency-50,duong,catalogue|carts|orders|queue-master|catalogue-db|orders-db|user-db|carts-db|payment|user|session-db|shipping|front-end|rabbitmq,catalogue|orders|payment|user|front-end|carts|shipping,carts|catalogue|front-end|orders|payment|shipping|user,,,0.010509967803955078,0.0016257762908935547,14,7,True,True,True,True,True,True
SockShop,catalogue,disk,3,baro,tai nguyen,latency-50,duong,session-db|catalogue|catalogue-db|orders|queue-master|carts|shipping|carts-db|payment|orders-db|user-db|user|front-end|rabbitmq,catalogue|payment|orders|user|front-end|shipping|carts,carts|catalogue|front-end|orders|payment|shipping|user,,,0.013429880142211914,0.001992940902709961,14,7,False,True,True,True,True,True
SockShop,catalogue,disk,3,circa,tai nguyen,latency-50,duong,catalogue|user-db|payment|front-end|queue-master|orders|carts-db|user|shipping|carts|session-db|catalogue-db|rabbitmq|orders-db,front-end|catalogue|payment|orders|carts|shipping|user,carts|catalogue|front-end|orders|payment|shipping|user,,,7.2959980964660645,0.019174814224243164,14,7,True,True,False,True,True,True
SockShop,catalogue,disk,3,pc_randomwalk,tai nguyen,latency-50,duong,session-db|user|orders|carts|carts-db|catalogue-db|payment|catalogue|front-end|shipping|queue-master|rabbitmq|orders-db|user-db,payment|catalogue|orders|shipping|user|carts|front-end,carts|catalogue|front-end|orders|payment|shipping|user,,,7.4351279735565186,0.015395879745483398,14,7,False,False,False,False,False,True
SockShop,catalogue,loss,1,nsigma,mang,workload,node,catalogue-db|catalogue|front-end|payment|carts|orders|shipping|carts-db|user|user-db|orders-db|session-db|rabbitmq|queue-master,carts|orders|shipping|user|payment|front-end|catalogue,carts|catalogue|front-end|orders|payment|shipping|user,,,0.008008003234863281,0.0016579627990722656,14,7,False,True,False,False,True,False
SockShop,catalogue,loss,1,baro,mang,workload,node,session-db|payment|catalogue|catalogue-db|front-end|carts|orders|user|shipping|carts-db|user-db|orders-db|rabbitmq|queue-master,carts|orders|user|shipping|payment|front-end|catalogue,carts|catalogue|front-end|orders|payment|shipping|user,,,0.009733915328979492,0.0019638538360595703,14,7,False,False,False,False,True,False
SockShop,catalogue,loss,1,circa,mang,workload,node,session-db|catalogue|catalogue-db|front-end|orders|carts|user-db|carts-db|orders-db|queue-master|shipping|rabbitmq|payment|user,catalogue|user|shipping|payment|orders|carts|front-end,carts|catalogue|front-end|orders|payment|shipping|user,,,5.3337578773498535,0.022684812545776367,14,7,False,True,True,True,True,True
SockShop,catalogue,loss,1,pc_randomwalk,mang,workload,node,carts|orders-db|catalogue|front-end|user-db|carts-db|user|shipping|payment|rabbitmq|catalogue-db|orders|queue-master|session-db,payment|catalogue|orders|shipping|user|carts|front-end,carts|catalogue|front-end|orders|payment|shipping|user,,,5.526620864868164,0.020035982131958008,14,7,False,False,False,False,True,True
SockShop,catalogue,loss,2,nsigma,mang,workload,node,catalogue-db|catalogue|front-end|queue-master|session-db|shipping|carts-db|user-db|rabbitmq|orders-db|orders|carts|payment|user|rabbitmq-exporter,catalogue|orders|shipping|front-end|carts|payment|user,carts|catalogue|front-end|orders|payment|shipping|user,,,0.009000062942504883,0.0016922950744628906,15,7,False,True,True,True,True,True
SockShop,catalogue,loss,2,baro,mang,workload,node,rabbitmq|session-db|catalogue-db|catalogue|front-end|shipping|queue-master|carts|carts-db|user|user-db|orders|payment|orders-db|rabbitmq-exporter,catalogue|carts|user|shipping|orders|payment|front-end,carts|catalogue|front-end|orders|payment|shipping|user,,,0.011220932006835938,0.002032041549682617,15,7,False,True,True,True,False,True
SockShop,catalogue,loss,2,circa,mang,workload,node,catalogue|catalogue-db|session-db|shipping|queue-master|carts-db|front-end|user|rabbitmq|orders|orders-db|user-db|payment|carts,user|front-end|carts|catalogue|orders|payment|shipping,carts|catalogue|front-end|orders|payment|shipping|user,,,4.060020923614502,0.018301010131835938,14,7,True,True,False,False,True,False
SockShop,catalogue,loss,2,pc_randomwalk,mang,workload,node,orders|carts|payment|carts-db|user-db|queue-master|session-db|catalogue|shipping|front-end|rabbitmq|catalogue-db|user|orders-db|rabbitmq-exporter,payment|catalogue|orders|shipping|user|carts|front-end,carts|catalogue|front-end|orders|payment|shipping|user,,,4.24177885055542,0.013852357864379883,15,7,False,False,False,False,False,True
SockShop,catalogue,loss,3,nsigma,mang,cpu,node,catalogue-db|front-end|catalogue|orders|shipping|user|session-db|rabbitmq|user-db|payment|carts|orders-db|carts-db|queue-master|rabbitmq-exporter,shipping|carts-db|rabbitmq-exporter|user|rabbitmq|user-db|session-db|payment|orders-db|catalogue|carts|queue-master,carts|carts-db|catalogue|orders-db|payment|queue-master|rabbitmq|rabbitmq-exporter|session-db|shipping|user|user-db,,,0.009019136428833008,0.0024559497833251953,15,12,False,True,False,False,True,False
SockShop,catalogue,loss,3,baro,mang,cpu,node,session-db|catalogue|catalogue-db|front-end|shipping|orders|payment|user|rabbitmq|user-db|carts|carts-db|orders-db|queue-master|rabbitmq-exporter,shipping|catalogue|user|carts-db|queue-master|session-db|rabbitmq-exporter|rabbitmq|carts|user-db|orders-db|payment,carts|carts-db|catalogue|orders-db|payment|queue-master|rabbitmq|rabbitmq-exporter|session-db|shipping|user|user-db,,,0.011341094970703125,0.0030379295349121094,15,12,False,False,False,False,True,True
SockShop,catalogue,loss,3,circa,mang,cpu,node,session-db|catalogue|queue-master|front-end|shipping|catalogue-db|orders|carts|user-db|orders-db|payment|user|carts-db|rabbitmq|rabbitmq-exporter,catalogue|payment|session-db|orders-db|rabbitmq-exporter|user|rabbitmq|carts-db|carts|user-db|shipping|queue-master,carts|carts-db|catalogue|orders-db|payment|queue-master|rabbitmq|rabbitmq-exporter|session-db|shipping|user|user-db,,,4.895136833190918,0.12346315383911133,15,12,False,False,True,True,True,True
SockShop,catalogue,loss,3,pc_randomwalk,mang,cpu,node,carts-db|orders|carts|catalogue-db|payment|orders-db|user|catalogue|shipping|front-end|queue-master|rabbitmq|session-db|user-db|rabbitmq-exporter,rabbitmq|shipping|user|catalogue|rabbitmq-exporter|session-db|user-db|carts|carts-db|orders-db|payment|queue-master,carts|carts-db|catalogue|orders-db|payment|queue-master|rabbitmq|rabbitmq-exporter|session-db|shipping|user|user-db,,,5.213654041290283,0.15794587135314941,15,12,False,False,False,False,False,False
SockShop,catalogue,mem,1,nsigma,tai nguyen,cpu,node,catalogue|rabbitmq|catalogue-db|shipping|front-end|payment|orders-db|user|carts|orders|session-db|carts-db|rabbitmq-exporter|user-db|queue-master,catalogue|rabbitmq-exporter|carts-db|payment|rabbitmq|front-end|orders|shipping|catalogue-db|user-db|orders-db|session-db|queue-master|carts,carts|carts-db|catalogue|catalogue-db|front-end|orders|orders-db|payment|queue-master|rabbitmq|rabbitmq-exporter|session-db|shipping|user-db,,,0.010563135147094727,0.0027370452880859375,15,14,True,True,True,True,True,True
SockShop,catalogue,mem,1,baro,tai nguyen,cpu,node,rabbitmq|session-db|catalogue|catalogue-db|shipping|carts|payment|front-end|orders-db|user|orders|carts-db|user-db|rabbitmq-exporter|queue-master,catalogue|rabbitmq|shipping|payment|orders|carts-db|orders-db|catalogue-db|front-end|rabbitmq-exporter|user-db|queue-master|session-db|carts,carts|carts-db|catalogue|catalogue-db|front-end|orders|orders-db|payment|queue-master|rabbitmq|rabbitmq-exporter|session-db|shipping|user-db,,,0.01335597038269043,0.0035681724548339844,15,14,False,False,True,True,True,True
SockShop,catalogue,mem,1,circa,tai nguyen,cpu,node,catalogue|payment|shipping|front-end|catalogue-db|user|rabbitmq|orders-db|orders|carts-db|queue-master|user-db|carts|session-db|rabbitmq-exporter,catalogue|queue-master|rabbitmq|catalogue-db|session-db|orders|front-end|rabbitmq-exporter|payment|user-db|shipping|carts-db|carts|orders-db,carts|carts-db|catalogue|catalogue-db|front-end|orders|orders-db|payment|queue-master|rabbitmq|rabbitmq-exporter|session-db|shipping|user-db,,,5.661584138870239,0.08350634574890137,15,14,True,True,True,True,True,True
SockShop,catalogue,mem,1,pc_randomwalk,tai nguyen,cpu,node,user-db|carts|carts-db|catalogue|front-end|orders|rabbitmq|orders-db|user|payment|shipping|queue-master|session-db|catalogue-db|rabbitmq-exporter,session-db|queue-master|rabbitmq|catalogue-db|payment|shipping|user-db|carts|carts-db|catalogue|front-end|orders|orders-db|rabbitmq-exporter,carts|carts-db|catalogue|catalogue-db|front-end|orders|orders-db|payment|queue-master|rabbitmq|rabbitmq-exporter|session-db|shipping|user-db,,,5.643809080123901,0.08667111396789551,15,14,False,False,False,False,False,False
SockShop,catalogue,mem,2,nsigma,tai nguyen,latency-50,duong,catalogue|orders|catalogue-db|front-end|user|queue-master|payment|orders-db|carts|carts-db|shipping|user-db|session-db|rabbitmq-exporter|rabbitmq,catalogue|user|front-end|orders|carts|shipping|payment,carts|catalogue|front-end|orders|payment|shipping|user,,,0.029829025268554688,0.0017101764678955078,15,7,True,True,True,True,True,True
SockShop,catalogue,mem,2,baro,tai nguyen,latency-50,duong,session-db|catalogue|orders|catalogue-db|front-end|user|queue-master|payment|carts|orders-db|carts-db|shipping|user-db|rabbitmq-exporter|rabbitmq,catalogue|user|orders|front-end|carts|shipping|payment,carts|catalogue|front-end|orders|payment|shipping|user,,,0.01330113410949707,0.0019960403442382812,15,7,False,True,True,True,True,True
SockShop,catalogue,mem,2,circa,tai nguyen,latency-50,duong,carts|carts-db|catalogue-db|front-end|orders|orders-db|payment|queue-master|rabbitmq|rabbitmq-exporter|session-db|user|user-db|catalogue|shipping,catalogue|front-end|payment|carts|user|shipping|orders,carts|catalogue|front-end|orders|payment|shipping|user,FALLBACK,,0.12095093727111816,0.021310091018676758,15,7,False,False,True,True,False,True
SockShop,catalogue,mem,2,pc_randomwalk,tai nguyen,latency-50,duong,carts|carts-db|catalogue-db|front-end|orders|orders-db|payment|queue-master|rabbitmq|rabbitmq-exporter|session-db|user|user-db|catalogue|shipping,payment|catalogue|orders|shipping|user|carts|front-end,carts|catalogue|front-end|orders|payment|shipping|user,FALLBACK,,0.12730908393859863,0.02165699005126953,15,7,False,False,False,False,False,True
SockShop,catalogue,mem,3,nsigma,tai nguyen,cpu,node,catalogue|rabbitmq-exporter|catalogue-db|user|front-end|carts|orders|payment|carts-db|orders-db|user-db|rabbitmq|shipping|session-db|queue-master,catalogue|orders|user|payment|catalogue-db|front-end|user-db|shipping|orders-db|carts|queue-master,carts|catalogue|catalogue-db|front-end|orders|orders-db|payment|queue-master|shipping|user|user-db,,,0.009824991226196289,0.0023000240325927734,15,11,True,True,True,True,True,True
SockShop,catalogue,mem,3,baro,tai nguyen,cpu,node,catalogue|rabbitmq-exporter|orders|catalogue-db|carts|user|session-db|front-end|payment|shipping|carts-db|rabbitmq|orders-db|user-db|queue-master,catalogue|orders|shipping|user|user-db|payment|front-end|catalogue-db|orders-db|carts|queue-master,carts|catalogue|catalogue-db|front-end|orders|orders-db|payment|queue-master|shipping|user|user-db,,,0.01218724250793457,0.002819061279296875,15,11,True,True,True,True,True,True
SockShop,catalogue,mem,3,circa,tai nguyen,cpu,node,orders|catalogue|user|payment|front-end|orders-db|shipping|catalogue-db|user-db|queue-master|carts|carts-db|rabbitmq|session-db,shipping|catalogue|orders-db|queue-master|catalogue-db|user-db|payment|front-end|carts|orders|user,carts|catalogue|catalogue-db|front-end|orders|orders-db|payment|queue-master|shipping|user|user-db,,,4.112437009811401,0.051261186599731445,14,11,False,False,False,False,True,True
SockShop,catalogue,mem,3,pc_randomwalk,tai nguyen,cpu,node,shipping|carts|payment|orders|rabbitmq-exporter|user-db|user|catalogue|catalogue-db|front-end|queue-master|carts-db|orders-db|rabbitmq|session-db,payment|shipping|catalogue-db|orders-db|queue-master|user|user-db|carts|catalogue|front-end|orders,carts|catalogue|catalogue-db|front-end|orders|orders-db|payment|queue-master|shipping|user|user-db,,,4.233506202697754,0.03954625129699707,15,11,False,False,False,False,False,False
SockShop,catalogue,socket,1,nsigma,tai nguyen,cpu,node,catalogue|rabbitmq|user|payment|queue-master|user-db|orders-db|front-end|carts|session-db|shipping|carts-db|rabbitmq-exporter|orders|catalogue-db,catalogue|front-end|rabbitmq-exporter|user|shipping|queue-master|rabbitmq|catalogue-db|orders|carts-db|payment|orders-db|session-db|carts,carts|carts-db|catalogue|catalogue-db|front-end|orders|orders-db|payment|queue-master|rabbitmq|rabbitmq-exporter|session-db|shipping|user,,,0.010076045989990234,0.002749919891357422,15,14,True,True,True,True,True,True
SockShop,catalogue,socket,1,baro,tai nguyen,cpu,node,session-db|queue-master|catalogue|rabbitmq|user|payment|user-db|shipping|front-end|carts|orders-db|catalogue-db|carts-db|orders|rabbitmq-exporter,catalogue|shipping|front-end|rabbitmq|session-db|carts|user|catalogue-db|queue-master|orders-db|orders|payment|carts-db|rabbitmq-exporter,carts|carts-db|catalogue|catalogue-db|front-end|orders|orders-db|payment|queue-master|rabbitmq|rabbitmq-exporter|session-db|shipping|user,,,0.012652873992919922,0.003426074981689453,15,14,False,False,True,True,True,True
SockShop,catalogue,socket,1,circa,tai nguyen,cpu,node,catalogue|payment|carts|front-end|user-db|orders-db|orders|user|shipping|carts-db|queue-master|catalogue-db|rabbitmq|session-db|rabbitmq-exporter,catalogue|rabbitmq|payment|session-db|orders|carts|orders-db|front-end|queue-master|shipping|user|catalogue-db|carts-db|rabbitmq-exporter,carts|carts-db|catalogue|catalogue-db|front-end|orders|orders-db|payment|queue-master|rabbitmq|rabbitmq-exporter|session-db|shipping|user,,,5.129573106765747,0.17286396026611328,15,14,True,True,True,True,True,True
SockShop,catalogue,socket,1,pc_randomwalk,tai nguyen,cpu,node,carts|orders-db|shipping|catalogue-db|front-end|payment|orders|catalogue|carts-db|rabbitmq|user|queue-master|user-db|session-db|rabbitmq-exporter,session-db|queue-master|rabbitmq|catalogue-db|payment|shipping|user|carts|carts-db|catalogue|front-end|orders|orders-db|rabbitmq-exporter,carts|carts-db|catalogue|catalogue-db|front-end|orders|orders-db|payment|queue-master|rabbitmq|rabbitmq-exporter|session-db|shipping|user,,,5.29564905166626,0.11059784889221191,15,14,False,False,False,False,False,False
SockShop,catalogue,socket,2,nsigma,tai nguyen,latency-50,duong,catalogue|shipping|catalogue-db|front-end|user|payment|orders-db|user-db|orders|queue-master|carts-db|session-db|carts|rabbitmq,catalogue|shipping|front-end|user|carts|payment|orders,carts|catalogue|front-end|orders|payment|shipping|user,,,0.010248899459838867,0.0016477108001708984,14,7,True,True,True,True,True,True
SockShop,catalogue,socket,2,baro,tai nguyen,latency-50,duong,session-db|catalogue|catalogue-db|shipping|payment|carts|orders|queue-master|front-end|user|user-db|orders-db|carts-db|rabbitmq,catalogue|shipping|front-end|payment|user|carts|orders,carts|catalogue|front-end|orders|payment|shipping|user,,,0.012857913970947266,0.0020151138305664062,14,7,False,True,True,True,True,True
SockShop,catalogue,socket,2,circa,tai nguyen,latency-50,duong,shipping|catalogue|catalogue-db|orders|carts|front-end|user|session-db|orders-db|user-db|carts-db|payment|queue-master|rabbitmq,catalogue|shipping|payment|carts|orders|user|front-end,carts|catalogue|front-end|orders|payment|shipping|user,,,4.322033166885376,0.020657062530517578,14,7,False,False,True,True,True,True
SockShop,catalogue,socket,2,pc_randomwalk,tai nguyen,latency-50,duong,session-db|payment|carts-db|catalogue|carts|user-db|orders|shipping|front-end|orders-db|queue-master|catalogue-db|user|rabbitmq,payment|catalogue|orders|shipping|user|carts|front-end,carts|catalogue|front-end|orders|payment|shipping|user,,,4.553646802902222,0.0171048641204834,14,7,False,False,False,False,False,True
SockShop,catalogue,socket,3,nsigma,tai nguyen,latency-50,duong,catalogue|orders|queue-master|payment|shipping|carts|front-end|catalogue-db|orders-db|user-db|user|session-db|carts-db|rabbitmq,catalogue|shipping|orders|carts|front-end|user|payment,carts|catalogue|front-end|orders|payment|shipping|user,,,0.010498046875,0.0016589164733886719,14,7,True,True,True,True,True,True
SockShop,catalogue,socket,3,baro,tai nguyen,latency-50,duong,session-db|catalogue|orders|queue-master|shipping|catalogue-db|carts|payment|front-end|user|orders-db|user-db|rabbitmq|carts-db,catalogue|orders|shipping|carts|front-end|user|payment,carts|catalogue|front-end|orders|payment|shipping|user,,,0.013080835342407227,0.001964092254638672,14,7,False,True,True,True,True,True
SockShop,catalogue,socket,3,circa,tai nguyen,latency-50,duong,shipping|catalogue|carts|front-end|orders|rabbitmq|payment|user-db|user|catalogue-db|session-db|queue-master|orders-db|carts-db,catalogue|shipping|carts|payment|orders|front-end|user,carts|catalogue|front-end|orders|payment|shipping|user,,,5.109095096588135,0.019346952438354492,14,7,False,False,True,True,True,True
SockShop,catalogue,socket,3,pc_randomwalk,tai nguyen,latency-50,duong,user-db|carts|carts-db|catalogue|front-end|orders|rabbitmq|session-db|shipping|payment|orders-db|queue-master|catalogue-db|user,payment|catalogue|orders|shipping|user|carts|front-end,carts|catalogue|front-end|orders|payment|shipping|user,,,5.379922151565552,0.016100645065307617,14,7,False,False,False,False,False,True
SockShop,orders,cpu,1,nsigma,tai nguyen,cpu,node,orders|queue-master|shipping|user|carts|carts-db|orders-db|front-end|catalogue-db|user-db|payment|catalogue|session-db|rabbitmq-exporter|rabbitmq,orders|queue-master|shipping|carts-db|catalogue-db|rabbitmq-exporter|payment|catalogue|carts|rabbitmq|front-end|user|user-db|orders-db|session-db,carts|carts-db|catalogue|catalogue-db|front-end|orders|orders-db|payment|queue-master|rabbitmq|rabbitmq-exporter|session-db|shipping|user|user-db,,,0.01086115837097168,0.0029990673065185547,15,15,True,True,True,True,True,True
SockShop,orders,cpu,1,baro,tai nguyen,cpu,node,queue-master|session-db|rabbitmq|orders|shipping|catalogue-db|carts|user|front-end|catalogue|carts-db|orders-db|user-db|payment|rabbitmq-exporter,orders|queue-master|shipping|catalogue-db|carts-db|carts|front-end|catalogue|rabbitmq|payment|user-db|session-db|user|orders-db|rabbitmq-exporter,carts|carts-db|catalogue|catalogue-db|front-end|orders|orders-db|payment|queue-master|rabbitmq|rabbitmq-exporter|session-db|shipping|user|user-db,,,0.013375043869018555,0.0035810470581054688,15,15,False,False,True,True,False,True
SockShop,orders,cpu,1,circa,tai nguyen,cpu,node,carts|carts-db|catalogue|catalogue-db|front-end|orders|orders-db|payment|queue-master|rabbitmq|rabbitmq-exporter|session-db|shipping|user|user-db,orders|shipping|catalogue|payment|session-db|user-db|catalogue-db|queue-master|orders-db|rabbitmq-exporter|carts|user|rabbitmq|carts-db|front-end,carts|carts-db|catalogue|catalogue-db|front-end|orders|orders-db|payment|queue-master|rabbitmq|rabbitmq-exporter|session-db|shipping|user|user-db,FALLBACK,,0.12703824043273926,0.08708524703979492,15,15,False,False,True,True,False,True
SockShop,orders,cpu,1,pc_randomwalk,tai nguyen,cpu,node,carts|carts-db|catalogue|catalogue-db|front-end|orders|orders-db|payment|queue-master|rabbitmq|rabbitmq-exporter|session-db|shipping|user|user-db,shipping|rabbitmq-exporter|user|carts-db|catalogue-db|payment|queue-master|rabbitmq|carts|catalogue|front-end|orders|orders-db|session-db|user-db,carts|carts-db|catalogue|catalogue-db|front-end|orders|orders-db|payment|queue-master|rabbitmq|rabbitmq-exporter|session-db|shipping|user|user-db,FALLBACK,,0.13386893272399902,0.06450200080871582,15,15,False,False,False,False,False,False
SockShop,orders,cpu,2,nsigma,tai nguyen,cpu,node,orders|catalogue-db|queue-master|user|shipping|orders-db|payment|carts-db|user-db|front-end|carts|session-db|catalogue|rabbitmq-exporter|rabbitmq,orders|queue-master|carts|shipping|payment|rabbitmq-exporter|catalogue|front-end|user|session-db|orders-db|user-db|catalogue-db|rabbitmq,carts|catalogue|catalogue-db|front-end|orders|orders-db|payment|queue-master|rabbitmq|rabbitmq-exporter|session-db|shipping|user|user-db,,,0.010201215744018555,0.002736806869506836,15,14,True,True,True,True,True,True
SockShop,orders,cpu,2,baro,tai nguyen,cpu,node,session-db|orders|shipping|catalogue-db|queue-master|user|orders-db|carts|payment|front-end|user-db|carts-db|catalogue|rabbitmq-exporter|rabbitmq,orders|queue-master|shipping|carts|payment|session-db|front-end|catalogue|user|user-db|orders-db|catalogue-db|rabbitmq-exporter|rabbitmq,carts|catalogue|catalogue-db|front-end|orders|orders-db|payment|queue-master|rabbitmq|rabbitmq-exporter|session-db|shipping|user|user-db,,,0.012883186340332031,0.0034470558166503906,15,14,False,False,True,True,True,True
SockShop,orders,cpu,2,circa,tai nguyen,cpu,node,carts|catalogue|catalogue-db|front-end|orders|orders-db|payment|queue-master|rabbitmq|rabbitmq-exporter|session-db|shipping|user|user-db|carts-db,orders|payment|shipping|orders-db|queue-master|rabbitmq|user|carts|rabbitmq-exporter|front-end|catalogue|catalogue-db|user-db|session-db,carts|catalogue|catalogue-db|front-end|orders|orders-db|payment|queue-master|rabbitmq|rabbitmq-exporter|session-db|shipping|user|user-db,FALLBACK,,0.10435199737548828,0.15303683280944824,15,14,False,False,True,True,False,True
SockShop,orders,cpu,2,pc_randomwalk,tai nguyen,cpu,node,carts|catalogue|catalogue-db|front-end|orders|orders-db|payment|queue-master|rabbitmq|rabbitmq-exporter|session-db|shipping|user|user-db|carts-db,shipping|rabbitmq|rabbitmq-exporter|front-end|queue-master|user|user-db|carts|catalogue|catalogue-db|orders|orders-db|payment|session-db,carts|catalogue|catalogue-db|front-end|orders|orders-db|payment|queue-master|rabbitmq|rabbitmq-exporter|session-db|shipping|user|user-db,FALLBACK,,0.11061477661132812,0.12768316268920898,15,14,False,False,False,False,False,False
SockShop,orders,cpu,3,nsigma,tai nguyen,cpu,node,orders|catalogue-db|front-end|carts|user|queue-master|catalogue|payment|carts-db|user-db|orders-db|session-db|shipping|rabbitmq,orders|carts-db|payment|front-end|rabbitmq|catalogue|user-db|catalogue-db|session-db|orders-db|queue-master|shipping,carts-db|catalogue|catalogue-db|front-end|orders|orders-db|payment|queue-master|rabbitmq|session-db|shipping|user-db,,,0.01016688346862793,0.0024261474609375,14,12,True,True,True,True,True,True
SockShop,orders,cpu,3,baro,tai nguyen,cpu,node,session-db|orders|catalogue-db|shipping|user|front-end|queue-master|carts|payment|catalogue|carts-db|user-db|rabbitmq|orders-db,orders|queue-master|payment|carts-db|user-db|catalogue-db|rabbitmq|catalogue|front-end|session-db|orders-db|shipping,carts-db|catalogue|catalogue-db|front-end|orders|orders-db|payment|queue-master|rabbitmq|session-db|shipping|user-db,,,0.012963056564331055,0.0030438899993896484,14,12,False,False,True,True,True,True
SockShop,orders,cpu,3,circa,tai nguyen,cpu,node,orders|front-end|payment|carts|orders-db|user|carts-db|rabbitmq|shipping|queue-master|catalogue|catalogue-db|session-db|user-db,shipping|orders|rabbitmq|user-db|front-end|queue-master|carts-db|catalogue|session-db|catalogue-db|orders-db|payment,carts-db|catalogue|catalogue-db|front-end|orders|orders-db|payment|queue-master|rabbitmq|session-db|shipping|user-db,,,4.594855070114136,0.08034777641296387,14,12,True,True,False,False,True,True
SockShop,orders,cpu,3,pc_randomwalk,tai nguyen,cpu,node,session-db|payment|catalogue|catalogue-db|carts|user-db|orders|user|front-end|shipping|carts-db|queue-master|rabbitmq|orders-db,payment|session-db|shipping|catalogue-db|queue-master|rabbitmq|user-db|carts-db|catalogue|front-end|orders|orders-db,carts-db|catalogue|catalogue-db|front-end|orders|orders-db|payment|queue-master|rabbitmq|session-db|shipping|user-db,,,4.808531761169434,0.06033897399902344,14,12,False,False,False,False,False,False
SockShop,orders,delay,1,nsigma,mang,latency-50,duong,shipping|user|payment|queue-master|carts-db|orders|catalogue-db|front-end|orders-db|carts|user-db|rabbitmq|session-db|rabbitmq-exporter|catalogue,shipping|payment|user|orders|carts|front-end|catalogue,carts|catalogue|front-end|orders|payment|shipping|user,,,0.010528087615966797,0.0016379356384277344,15,7,False,False,False,False,False,False
SockShop,orders,delay,1,baro,mang,latency-50,duong,session-db|catalogue-db|rabbitmq|shipping|payment|user|queue-master|orders|carts|carts-db|front-end|orders-db|user-db|catalogue|rabbitmq-exporter,shipping|payment|user|orders|carts|catalogue|front-end,carts|catalogue|front-end|orders|payment|shipping|user,,,0.01323699951171875,0.0020301342010498047,15,7,False,False,False,False,False,False
SockShop,orders,delay,1,circa,mang,latency-50,duong,carts|carts-db|catalogue|catalogue-db|front-end|orders|payment|queue-master|rabbitmq|rabbitmq-exporter|session-db|shipping|user|user-db|orders-db,shipping|payment|orders|user|catalogue|carts|front-end,carts|catalogue|front-end|orders|payment|shipping|user,FALLBACK,,0.08869385719299316,0.0175628662109375,15,7,False,False,False,False,False,True
SockShop,orders,delay,1,pc_randomwalk,mang,latency-50,duong,carts|carts-db|catalogue|catalogue-db|front-end|orders|payment|queue-master|rabbitmq|rabbitmq-exporter|session-db|shipping|user|user-db|orders-db,payment|catalogue|orders|shipping|user|carts|front-end,carts|catalogue|front-end|orders|payment|shipping|user,FALLBACK,,0.09530806541442871,0.016209840774536133,15,7,False,False,False,False,False,True
SockShop,orders,delay,2,nsigma,mang,latency-50,duong,payment|user|orders|shipping|carts|rabbitmq|front-end|carts-db|user-db|orders-db|catalogue|catalogue-db|rabbitmq-exporter|session-db|queue-master,payment|orders|shipping|user|carts|front-end|catalogue,carts|catalogue|front-end|orders|payment|shipping|user,,,0.011042118072509766,0.001653909683227539,15,7,False,False,False,False,True,True
SockShop,orders,delay,2,baro,mang,latency-50,duong,payment|user|orders|shipping|carts|catalogue-db|rabbitmq|front-end|carts-db|user-db|orders-db|session-db|catalogue|queue-master|rabbitmq-exporter,orders|payment|shipping|user|carts|front-end|catalogue,carts|catalogue|front-end|orders|payment|shipping|user,,,0.013817310333251953,0.002254009246826172,15,7,False,False,True,True,True,True
SockShop,orders,delay,2,circa,mang,latency-50,duong,front-end|payment|user|orders|shipping|carts|queue-master|carts-db|user-db|rabbitmq|catalogue|catalogue-db|orders-db|rabbitmq-exporter|session-db,orders|user|shipping|payment|carts|front-end|catalogue,carts|catalogue|front-end|orders|payment|shipping|user,,,5.831950902938843,0.018194198608398438,15,7,False,False,True,True,False,True
SockShop,orders,delay,2,pc_randomwalk,mang,latency-50,duong,carts|catalogue|catalogue-db|orders|queue-master|user-db|front-end|orders-db|session-db|payment|user|shipping|rabbitmq|carts-db|rabbitmq-exporter,payment|catalogue|orders|shipping|user|carts|front-end,carts|catalogue|front-end|orders|payment|shipping|user,,,6.113865852355957,0.01627802848815918,15,7,False,False,False,False,False,True
SockShop,orders,delay,3,nsigma,mang,latency-50,duong,orders|payment|user|shipping|carts|catalogue-db|front-end|queue-master|orders-db|user-db|carts-db|catalogue|session-db|rabbitmq|rabbitmq-exporter,orders|shipping|payment|carts|user|catalogue|front-end,carts|catalogue|front-end|orders|payment|shipping|user,,,0.010981082916259766,0.0016720294952392578,15,7,True,True,True,True,True,True
SockShop,orders,delay,3,baro,mang,latency-50,duong,session-db|orders|payment|user|shipping|carts|catalogue-db|queue-master|front-end|rabbitmq|orders-db|carts-db|user-db|catalogue|rabbitmq-exporter,orders|shipping|payment|carts|user|catalogue|front-end,carts|catalogue|front-end|orders|payment|shipping|user,,,0.013576030731201172,0.001967191696166992,15,7,False,True,True,True,True,True
SockShop,orders,delay,3,circa,mang,latency-50,duong,payment|orders|carts|user|shipping|front-end|user-db|queue-master|carts-db|orders-db|rabbitmq|session-db|rabbitmq-exporter|catalogue|catalogue-db,shipping|payment|user|orders|catalogue|carts|front-end,carts|catalogue|front-end|orders|payment|shipping|user,,,6.118968725204468,0.021275043487548828,15,7,False,False,False,False,True,False
SockShop,orders,delay,3,pc_randomwalk,mang,latency-50,duong,orders|user|carts|carts-db|catalogue|front-end|catalogue-db|queue-master|rabbitmq|session-db|payment|orders-db|rabbitmq-exporter|user-db|shipping,payment|catalogue|orders|shipping|user|carts|front-end,carts|catalogue|front-end|orders|payment|shipping|user,,,6.3573157787323,0.0166018009185791,15,7,True,True,False,False,True,True
SockShop,orders,disk,2,nsigma,tai nguyen,workload,node,orders|catalogue|user|carts-db|user-db|front-end|orders-db|carts|rabbitmq|catalogue-db|rabbitmq-exporter|payment|shipping|session-db|queue-master,orders|user|front-end|carts|payment|catalogue|shipping,carts|catalogue|front-end|orders|payment|shipping|user,,,0.009819746017456055,0.0016241073608398438,15,7,True,True,True,True,True,True
SockShop,orders,disk,2,baro,tai nguyen,workload,node,session-db|orders|catalogue|carts|carts-db|user-db|user|front-end|shipping|rabbitmq|orders-db|payment|catalogue-db|queue-master|rabbitmq-exporter,orders|user|catalogue|carts|front-end|payment|shipping,carts|catalogue|front-end|orders|payment|shipping|user,,,0.012154102325439453,0.0021529197692871094,15,7,False,True,True,True,True,True
SockShop,orders,disk,2,circa,tai nguyen,workload,node,carts|orders|user-db|carts-db|rabbitmq|user|orders-db|shipping|payment|front-end|catalogue|session-db|queue-master|rabbitmq-exporter|catalogue-db,payment|user|carts|catalogue|shipping|front-end|orders,carts|catalogue|front-end|orders|payment|shipping|user,,,4.266088962554932,0.019073963165283203,15,7,False,False,False,False,True,False
SockShop,orders,disk,2,pc_randomwalk,tai nguyen,workload,node,queue-master|carts|user-db|catalogue-db|orders|orders-db|payment|user|catalogue|front-end|rabbitmq|session-db|carts-db|shipping|rabbitmq-exporter,payment|catalogue|orders|shipping|user|carts|front-end,carts|catalogue|front-end|orders|payment|shipping|user,,,4.279838800430298,0.012490987777709961,15,7,False,False,False,False,False,True
SockShop,orders,disk,3,nsigma,tai nguyen,cpu,node,orders|carts|catalogue-db|shipping|orders-db|catalogue|user|user-db|session-db|carts-db|front-end|queue-master|payment|rabbitmq,orders|catalogue-db|queue-master|rabbitmq|catalogue|user-db|user|payment|session-db|front-end|carts,carts|catalogue|catalogue-db|front-end|orders|payment|queue-master|rabbitmq|session-db|user|user-db,,,0.009467840194702148,0.0022668838500976562,14,11,True,True,True,True,True,True
SockShop,orders,disk,3,baro,tai nguyen,cpu,node,orders|session-db|catalogue-db|carts|catalogue|user|payment|orders-db|user-db|front-end|queue-master|rabbitmq|carts-db|shipping,orders|catalogue-db|catalogue|queue-master|rabbitmq|session-db|user-db|payment|carts|front-end|user,carts|catalogue|catalogue-db|front-end|orders|payment|queue-master|rabbitmq|session-db|user|user-db,,,0.011569023132324219,0.002853870391845703,14,11,True,True,True,True,True,True
SockShop,orders,disk,3,circa,tai nguyen,cpu,node,user|orders|shipping|queue-master|rabbitmq|orders-db|carts-db|payment|carts|user-db|catalogue|front-end|catalogue-db|session-db,orders|queue-master|payment|catalogue-db|rabbitmq|catalogue|user-db|session-db|user|carts|front-end,carts|catalogue|catalogue-db|front-end|orders|payment|queue-master|rabbitmq|session-db|user|user-db,,,4.233635187149048,0.03854703903198242,14,11,False,False,True,True,True,True
SockShop,orders,disk,3,pc_randomwalk,tai nguyen,cpu,node,rabbitmq|catalogue|carts|orders|orders-db|user-db|shipping|user|catalogue-db|front-end|payment|queue-master|session-db|carts-db,queue-master|session-db|catalogue-db|payment|rabbitmq|user|user-db|carts|catalogue|front-end|orders,carts|catalogue|catalogue-db|front-end|orders|payment|queue-master|rabbitmq|session-db|user|user-db,,,4.333148717880249,0.035366058349609375,14,11,False,False,False,False,False,False
SockShop,orders,loss,1,nsigma,mang,latency-50,duong,orders|shipping|payment|user|front-end|carts|catalogue|orders-db|user-db|session-db|carts-db|queue-master|rabbitmq|catalogue-db,orders|user|shipping|carts|payment|front-end|catalogue,carts|catalogue|front-end|orders|payment|shipping|user,,,0.010806083679199219,0.0016329288482666016,14,7,True,True,True,True,True,True
SockShop,orders,loss,1,baro,mang,latency-50,duong,session-db|orders|shipping|payment|user|carts|front-end|catalogue|user-db|queue-master|carts-db|orders-db|catalogue-db|rabbitmq,orders|user|shipping|carts|payment|catalogue|front-end,carts|catalogue|front-end|orders|payment|shipping|user,,,0.013698101043701172,0.0019981861114501953,14,7,False,True,True,True,True,True
SockShop,orders,loss,1,circa,mang,latency-50,duong,orders|payment|user|front-end|shipping|carts-db|user-db|session-db|carts|orders-db|queue-master|catalogue|rabbitmq|catalogue-db,orders|front-end|user|payment|shipping|carts|catalogue,carts|catalogue|front-end|orders|payment|shipping|user,,,6.24528694152832,0.020530223846435547,14,7,True,True,True,True,True,True
SockShop,orders,loss,1,pc_randomwalk,mang,latency-50,duong,shipping|user|carts|carts-db|catalogue|orders|payment|session-db|front-end|queue-master|rabbitmq|catalogue-db|orders-db|user-db,payment|catalogue|orders|shipping|user|carts|front-end,carts|catalogue|front-end|orders|payment|shipping|user,,,6.356652736663818,0.018338680267333984,14,7,False,False,False,False,False,True
SockShop,orders,loss,2,nsigma,mang,latency-50,duong,orders|payment|shipping|front-end|queue-master|user-db|orders-db|user|carts-db|carts|catalogue|catalogue-db|session-db|rabbitmq,orders|shipping|carts|payment|catalogue|front-end|user,carts|catalogue|front-end|orders|payment|shipping|user,,,0.010038137435913086,0.00167083740234375,14,7,True,True,True,True,True,True
SockShop,orders,loss,2,baro,mang,latency-50,duong,orders|payment|queue-master|shipping|session-db|front-end|user-db|user|catalogue|carts-db|carts|orders-db|catalogue-db|rabbitmq,orders|shipping|carts|catalogue|payment|front-end|user,carts|catalogue|front-end|orders|payment|shipping|user,,,0.012117862701416016,0.0020780563354492188,14,7,True,True,True,True,True,True
SockShop,orders,loss,2,circa,mang,latency-50,duong,orders|rabbitmq|front-end|queue-master|carts|shipping|user-db|payment|carts-db|user|catalogue|session-db|orders-db|catalogue-db,payment|orders|user|catalogue|carts|front-end|shipping,carts|catalogue|front-end|orders|payment|shipping|user,,,4.870103120803833,0.01953411102294922,14,7,True,True,False,False,True,True
SockShop,orders,loss,2,pc_randomwalk,mang,latency-50,duong,queue-master|carts|orders-db|user-db|catalogue-db|orders|shipping|front-end|user|carts-db|catalogue|payment|rabbitmq|session-db,payment|catalogue|orders|shipping|user|carts|front-end,carts|catalogue|front-end|orders|payment|shipping|user,,,4.973938941955566,0.016944169998168945,14,7,False,False,False,False,False,True
SockShop,orders,loss,3,nsigma,mang,latency-50,duong,orders|shipping|payment|front-end|catalogue-db|orders-db|user|user-db|session-db|carts|rabbitmq-exporter|carts-db|catalogue|queue-master|rabbitmq,orders|shipping|carts|payment|front-end|user|catalogue,carts|catalogue|front-end|orders|payment|shipping|user,,,0.010548114776611328,0.0016498565673828125,15,7,True,True,True,True,True,True
SockShop,orders,loss,3,baro,mang,latency-50,duong,session-db|orders|shipping|payment|catalogue-db|front-end|user|queue-master|orders-db|carts|user-db|catalogue|carts-db|rabbitmq-exporter|rabbitmq,orders|shipping|carts|payment|front-end|catalogue|user,carts|catalogue|front-end|orders|payment|shipping|user,,,0.013360023498535156,0.0020270347595214844,15,7,False,True,True,True,True,True
SockShop,orders,loss,3,circa,mang,latency-50,duong,carts-db|catalogue|catalogue-db|orders|orders-db|payment|queue-master|rabbitmq|rabbitmq-exporter|session-db|user|user-db|carts|front-end|shipping,orders|payment|carts|user|shipping|front-end|catalogue,carts|catalogue|front-end|orders|payment|shipping|user,FALLBACK,,0.11360621452331543,0.022798776626586914,15,7,False,False,True,True,False,True
SockShop,orders,loss,3,pc_randomwalk,mang,latency-50,duong,carts-db|catalogue|catalogue-db|orders|orders-db|payment|queue-master|rabbitmq|rabbitmq-exporter|session-db|user|user-db|carts|front-end|shipping,payment|catalogue|orders|shipping|user|carts|front-end,carts|catalogue|front-end|orders|payment|shipping|user,FALLBACK,,0.11989688873291016,0.016282320022583008,15,7,False,False,False,False,False,True
SockShop,orders,mem,1,nsigma,tai nguyen,cpu,node,orders|queue-master|payment|user|carts|shipping|front-end|catalogue-db|catalogue|carts-db|orders-db|user-db|session-db|rabbitmq,orders|queue-master|carts|carts-db|user|payment|front-end|user-db|session-db|orders-db|catalogue-db|rabbitmq|catalogue,carts|carts-db|catalogue|catalogue-db|front-end|orders|orders-db|payment|queue-master|rabbitmq|session-db|user|user-db,,,0.010908842086791992,0.0025751590728759766,14,13,True,True,True,True,True,True
SockShop,orders,mem,1,baro,tai nguyen,cpu,node,session-db|orders|queue-master|payment|catalogue-db|carts|user|front-end|shipping|carts-db|catalogue|user-db|orders-db|rabbitmq,orders|queue-master|carts|carts-db|user|payment|front-end|catalogue|session-db|user-db|orders-db|catalogue-db|rabbitmq,carts|carts-db|catalogue|catalogue-db|front-end|orders|orders-db|payment|queue-master|rabbitmq|session-db|user|user-db,,,0.0136260986328125,0.0032198429107666016,14,13,False,False,True,True,True,True
SockShop,orders,mem,1,circa,tai nguyen,cpu,node,orders|payment|shipping|carts|rabbitmq|queue-master|user-db|user|front-end|carts-db|catalogue|orders-db|catalogue-db|session-db,orders|queue-master|rabbitmq|user|carts-db|front-end|user-db|catalogue|catalogue-db|payment|carts|orders-db|session-db,carts|carts-db|catalogue|catalogue-db|front-end|orders|orders-db|payment|queue-master|rabbitmq|session-db|user|user-db,,,6.103161096572876,0.07087182998657227,14,13,True,True,True,True,True,True
SockShop,orders,mem,1,pc_randomwalk,tai nguyen,cpu,node,payment|user|carts|carts-db|catalogue|front-end|orders|session-db|shipping|user-db|orders-db|queue-master|catalogue-db|rabbitmq,payment|session-db|user|catalogue|orders-db|rabbitmq|user-db|carts|carts-db|catalogue-db|front-end|orders|queue-master,carts|carts-db|catalogue|catalogue-db|front-end|orders|orders-db|payment|queue-master|rabbitmq|session-db|user|user-db,,,6.264118671417236,0.06534290313720703,14,13,False,False,False,False,False,False
SockShop,orders,mem,2,nsigma,tai nguyen,latency-50,duong,orders|carts|shipping|payment|front-end|catalogue|user-db|carts-db|queue-master|catalogue-db|orders-db|user|session-db|rabbitmq,orders|shipping|carts|front-end|payment|catalogue|user,carts|catalogue|front-end|orders|payment|shipping|user,,,0.01104116439819336,0.0016469955444335938,14,7,True,True,True,True,True,True
SockShop,orders,mem,2,baro,tai nguyen,latency-50,duong,session-db|orders|shipping|carts|catalogue-db|catalogue|payment|queue-master|front-end|carts-db|user|user-db|orders-db|rabbitmq,orders|shipping|carts|front-end|payment|catalogue|user,carts|catalogue|front-end|orders|payment|shipping|user,,,0.013936042785644531,0.0020318031311035156,14,7,False,True,True,True,True,True
SockShop,orders,mem,2,circa,tai nguyen,latency-50,duong,orders|shipping|user-db|session-db|carts|rabbitmq|front-end|payment|user|queue-master|orders-db|carts-db|catalogue|catalogue-db,shipping|carts|user|payment|catalogue|front-end|orders,carts|catalogue|front-end|orders|payment|shipping|user,,,6.234575271606445,0.021272897720336914,14,7,True,True,False,False,True,False
SockShop,orders,mem,2,pc_randomwalk,tai nguyen,latency-50,duong,carts|carts-db|front-end|orders-db|rabbitmq|payment|queue-master|user|shipping|session-db|user-db|catalogue|orders|catalogue-db,payment|catalogue|orders|shipping|user|carts|front-end,carts|catalogue|front-end|orders|payment|shipping|user,,,6.3773040771484375,0.01920294761657715,14,7,False,False,False,False,False,True
SockShop,orders,mem,3,nsigma,tai nguyen,cpu,node,orders|carts-db|shipping|user-db|front-end|user|queue-master|payment|carts|orders-db|rabbitmq|catalogue|session-db|catalogue-db,orders|carts-db|queue-master|payment|shipping|front-end|catalogue|user|session-db|user-db|orders-db|catalogue-db|carts|rabbitmq,carts|carts-db|catalogue|catalogue-db|front-end|orders|orders-db|payment|queue-master|rabbitmq|session-db|shipping|user|user-db,,,0.010811805725097656,0.0027227401733398438,14,14,True,True,True,True,True,True
SockShop,orders,mem,3,baro,tai nguyen,cpu,node,orders|carts|carts-db|front-end|queue-master|user-db|shipping|payment|user|rabbitmq|orders-db|session-db|catalogue-db|catalogue,orders|queue-master|carts-db|shipping|orders-db|front-end|session-db|payment|user-db|user|catalogue|catalogue-db|rabbitmq|carts,carts|carts-db|catalogue|catalogue-db|front-end|orders|orders-db|payment|queue-master|rabbitmq|session-db|shipping|user|user-db,,,0.013629913330078125,0.003410816192626953,14,14,True,True,True,True,True,True
SockShop,orders,mem,3,circa,tai nguyen,cpu,node,carts|carts-db|catalogue|catalogue-db|front-end|orders|orders-db|payment|queue-master|rabbitmq|session-db|shipping|user|user-db,orders|user-db|carts-db|shipping|queue-master|catalogue-db|front-end|catalogue|session-db|rabbitmq|orders-db|payment|carts|user,carts|carts-db|catalogue|catalogue-db|front-end|orders|orders-db|payment|queue-master|rabbitmq|session-db|shipping|user|user-db,FALLBACK,,0.11793875694274902,0.09523797035217285,14,14,False,False,True,True,False,True
SockShop,orders,mem,3,pc_randomwalk,tai nguyen,cpu,node,carts|carts-db|catalogue|catalogue-db|front-end|orders|orders-db|payment|queue-master|rabbitmq|session-db|shipping|user|user-db,shipping|queue-master|rabbitmq|catalogue-db|payment|user|user-db|carts|carts-db|catalogue|front-end|orders|orders-db|session-db,carts|carts-db|catalogue|catalogue-db|front-end|orders|orders-db|payment|queue-master|rabbitmq|session-db|shipping|user|user-db,FALLBACK,,0.12110686302185059,0.09668207168579102,14,14,False,False,False,False,False,False
SockShop,orders,socket,1,nsigma,tai nguyen,cpu,node,carts|user|catalogue|orders|queue-master|user-db|carts-db|orders-db|shipping|front-end|session-db|catalogue-db|rabbitmq|payment,carts|orders|carts-db|queue-master|payment|user-db|catalogue-db|shipping|orders-db|catalogue|front-end|session-db|user,carts|carts-db|catalogue|catalogue-db|front-end|orders|orders-db|payment|queue-master|session-db|shipping|user|user-db,,,0.009894847869873047,0.0025730133056640625,14,13,False,False,False,False,False,True
SockShop,orders,socket,1,baro,tai nguyen,cpu,node,session-db|carts|queue-master|user|catalogue|orders|user-db|orders-db|front-end|carts-db|rabbitmq|shipping|payment|catalogue-db,orders|carts|payment|queue-master|catalogue-db|shipping|carts-db|front-end|session-db|user|user-db|catalogue|orders-db,carts|carts-db|catalogue|catalogue-db|front-end|orders|orders-db|payment|queue-master|session-db|shipping|user|user-db,,,0.012454986572265625,0.003206968307495117,14,13,False,False,True,True,False,True
SockShop,orders,socket,1,circa,tai nguyen,cpu,node,user|orders|carts|front-end|orders-db|user-db|payment|carts-db|shipping|queue-master|catalogue|catalogue-db|session-db|rabbitmq,orders|shipping|carts|catalogue-db|carts-db|session-db|user-db|user|payment|queue-master|catalogue|orders-db|front-end,carts|carts-db|catalogue|catalogue-db|front-end|orders|orders-db|payment|queue-master|session-db|shipping|user|user-db,,,6.19409704208374,0.2240438461303711,14,13,False,False,True,True,True,True
SockShop,orders,socket,1,pc_randomwalk,tai nguyen,cpu,node,queue-master|carts|orders-db|user-db|catalogue-db|orders|session-db|front-end|catalogue|carts-db|payment|user|shipping|rabbitmq,payment|shipping|user|catalogue|orders-db|session-db|user-db|carts|carts-db|catalogue-db|front-end|orders|queue-master,carts|carts-db|catalogue|catalogue-db|front-end|orders|orders-db|payment|queue-master|session-db|shipping|user|user-db,,,6.318749904632568,0.2771470546722412,14,13,False,False,False,False,False,False
SockShop,orders,socket,2,nsigma,tai nguyen,cpu,node,orders|payment|shipping|rabbitmq|queue-master|front-end|carts|user|session-db|user-db|orders-db|carts-db|catalogue|rabbitmq-exporter|catalogue-db,orders|carts-db|queue-master|payment|user-db|rabbitmq-exporter|catalogue-db|front-end|orders-db|catalogue|user|session-db|rabbitmq|carts|shipping,carts|carts-db|catalogue|catalogue-db|front-end|orders|orders-db|payment|queue-master|rabbitmq|rabbitmq-exporter|session-db|shipping|user|user-db,,,0.01050114631652832,0.0029702186584472656,15,15,True,True,True,True,True,True
SockShop,orders,socket,2,baro,tai nguyen,cpu,node,session-db|orders|payment|queue-master|shipping|rabbitmq|front-end|carts|user-db|carts-db|user|catalogue|orders-db|catalogue-db|rabbitmq-exporter,orders|shipping|queue-master|user-db|carts-db|front-end|payment|catalogue-db|session-db|catalogue|orders-db|user|carts|rabbitmq|rabbitmq-exporter,carts|carts-db|catalogue|catalogue-db|front-end|orders|orders-db|payment|queue-master|rabbitmq|rabbitmq-exporter|session-db|shipping|user|user-db,,,0.013026237487792969,0.0036160945892333984,15,15,False,False,True,True,True,True
SockShop,orders,socket,2,circa,tai nguyen,cpu,node,orders|payment|shipping|front-end|user|carts-db|rabbitmq|carts|rabbitmq-exporter|orders-db|user-db|catalogue|queue-master|session-db|catalogue-db,orders|carts-db|catalogue|rabbitmq-exporter|user|queue-master|shipping|payment|carts|session-db|catalogue-db|user-db|orders-db|rabbitmq|front-end,carts|carts-db|catalogue|catalogue-db|front-end|orders|orders-db|payment|queue-master|rabbitmq|rabbitmq-exporter|session-db|shipping|user|user-db,,,4.705126762390137,0.09720087051391602,15,15,True,True,True,True,True,True
SockShop,orders,socket,2,pc_randomwalk,tai nguyen,cpu,node,payment|carts|carts-db|catalogue|user|front-end|session-db|orders|shipping|orders-db|queue-master|rabbitmq|catalogue-db|user-db|rabbitmq-exporter,shipping|rabbitmq-exporter|user|carts-db|catalogue-db|payment|queue-master|rabbitmq|carts|catalogue|front-end|orders|orders-db|session-db|user-db,carts|carts-db|catalogue|catalogue-db|front-end|orders|orders-db|payment|queue-master|rabbitmq|rabbitmq-exporter|session-db|shipping|user|user-db,,,4.7944300174713135,0.11213898658752441,15,15,False,False,False,False,False,False
SockShop,orders,socket,3,nsigma,tai nguyen,latency-50,duong,orders|payment|shipping|carts|front-end|catalogue-db|user|user-db|orders-db|carts-db|queue-master|catalogue|session-db|rabbitmq,orders|shipping|payment|carts|front-end|user|catalogue,carts|catalogue|front-end|orders|payment|shipping|user,,,0.01141500473022461,0.0018019676208496094,14,7,True,True,True,True,True,True
SockShop,orders,socket,3,baro,tai nguyen,latency-50,duong,session-db|payment|orders|shipping|catalogue-db|carts|front-end|user|queue-master|carts-db|user-db|orders-db|catalogue|rabbitmq,shipping|carts|payment|front-end|catalogue|user|orders,carts|catalogue|front-end|orders|payment|shipping|user,,,0.01359701156616211,0.002084970474243164,14,7,False,False,False,False,True,False
SockShop,orders,socket,3,circa,tai nguyen,latency-50,duong,payment|shipping|orders|user|catalogue-db|carts|front-end|user-db|carts-db|catalogue|session-db|orders-db|rabbitmq|queue-master,orders|front-end|payment|shipping|user|carts|catalogue,carts|catalogue|front-end|orders|payment|shipping|user,,,4.739961862564087,0.018758058547973633,14,7,False,False,True,True,True,True
SockShop,orders,socket,3,pc_randomwalk,tai nguyen,latency-50,duong,rabbitmq|user|orders|carts|carts-db|catalogue|front-end|user-db|orders-db|shipping|payment|queue-master|session-db|catalogue-db,payment|catalogue|orders|shipping|user|carts|front-end,carts|catalogue|front-end|orders|payment|shipping|user,,,4.908137083053589,0.01643991470336914,14,7,False,False,False,False,True,True
SockShop,payment,cpu,1,nsigma,tai nguyen,cpu,node,payment|queue-master|orders|user|shipping|catalogue|user-db|orders-db|carts|carts-db|session-db|rabbitmq|front-end|catalogue-db,payment|orders|carts|carts-db|rabbitmq|catalogue|user-db|front-end|catalogue-db|user|orders-db|session-db|shipping,carts|carts-db|catalogue|catalogue-db|front-end|orders|orders-db|payment|rabbitmq|session-db|shipping|user|user-db,,,0.009984016418457031,0.002566099166870117,14,13,True,True,True,True,True,True
SockShop,payment,cpu,1,baro,tai nguyen,cpu,node,session-db|payment|orders|queue-master|carts|user|shipping|catalogue|user-db|orders-db|rabbitmq|carts-db|front-end|catalogue-db,payment|orders|carts|shipping|rabbitmq|front-end|catalogue|user-db|carts-db|session-db|catalogue-db|orders-db|user,carts|carts-db|catalogue|catalogue-db|front-end|orders|orders-db|payment|rabbitmq|session-db|shipping|user|user-db,,,0.01262807846069336,0.0032110214233398438,14,13,False,False,True,True,True,True
SockShop,payment,cpu,1,circa,tai nguyen,cpu,node,payment|orders|orders-db|user|user-db|carts|catalogue|session-db|shipping|front-end|carts-db|queue-master|rabbitmq|catalogue-db,payment|shipping|catalogue|session-db|rabbitmq|user-db|orders|user|front-end|carts|orders-db|carts-db|catalogue-db,carts|carts-db|catalogue|catalogue-db|front-end|orders|orders-db|payment|rabbitmq|session-db|shipping|user|user-db,,,7.881520748138428,0.1051020622253418,14,13,True,True,True,True,True,True
SockShop,payment,cpu,1,pc_randomwalk,tai nguyen,cpu,node,carts|orders-db|user-db|front-end|orders|queue-master|payment|shipping|catalogue|carts-db|catalogue-db|session-db|rabbitmq|user,payment|shipping|user|catalogue|orders-db|session-db|user-db|carts|carts-db|catalogue-db|front-end|orders|rabbitmq,carts|carts-db|catalogue|catalogue-db|front-end|orders|orders-db|payment|rabbitmq|session-db|shipping|user|user-db,,,8.023536920547485,0.0690920352935791,14,13,False,False,True,True,False,True
SockShop,payment,cpu,2,nsigma,tai nguyen,cpu,node,payment|orders|catalogue-db|queue-master|orders-db|user-db|catalogue|shipping|carts-db|carts|user|session-db|front-end|rabbitmq-exporter|rabbitmq,payment|queue-master|shipping|carts-db|user|rabbitmq-exporter|catalogue|catalogue-db|orders-db|rabbitmq|user-db|front-end|session-db|orders,carts-db|catalogue|catalogue-db|front-end|orders|orders-db|payment|queue-master|rabbitmq|rabbitmq-exporter|session-db|shipping|user|user-db,,,0.01071619987487793,0.002749204635620117,15,14,True,True,True,True,True,True
SockShop,payment,cpu,2,baro,tai nguyen,cpu,node,session-db|payment|orders|catalogue-db|queue-master|shipping|orders-db|user|carts-db|user-db|catalogue|carts|front-end|rabbitmq|rabbitmq-exporter,payment|shipping|queue-master|carts-db|user-db|orders-db|catalogue-db|user|session-db|catalogue|orders|rabbitmq|front-end|rabbitmq-exporter,carts-db|catalogue|catalogue-db|front-end|orders|orders-db|payment|queue-master|rabbitmq|rabbitmq-exporter|session-db|shipping|user|user-db,,,0.014071941375732422,0.0033931732177734375,15,14,False,False,True,True,True,True
SockShop,payment,cpu,2,circa,tai nguyen,cpu,node,payment|front-end|orders|shipping|queue-master|orders-db|catalogue|carts|carts-db|user|user-db|session-db|rabbitmq|catalogue-db|rabbitmq-exporter,payment|shipping|session-db|carts-db|queue-master|catalogue-db|user-db|rabbitmq-exporter|catalogue|front-end|rabbitmq|orders|orders-db|user,carts-db|catalogue|catalogue-db|front-end|orders|orders-db|payment|queue-master|rabbitmq|rabbitmq-exporter|session-db|shipping|user|user-db,,,5.637784004211426,0.109130859375,15,14,True,True,True,True,True,True
SockShop,payment,cpu,2,pc_randomwalk,tai nguyen,cpu,node,rabbitmq|user|orders|carts-db|catalogue|catalogue-db|user-db|orders-db|payment|front-end|shipping|carts|queue-master|session-db|rabbitmq-exporter,shipping|rabbitmq|rabbitmq-exporter|front-end|queue-master|user|user-db|carts-db|catalogue|catalogue-db|orders|orders-db|payment|session-db,carts-db|catalogue|catalogue-db|front-end|orders|orders-db|payment|queue-master|rabbitmq|rabbitmq-exporter|session-db|shipping|user|user-db,,,5.804369211196899,0.11589598655700684,15,14,False,False,False,False,False,False
SockShop,payment,cpu,3,nsigma,tai nguyen,cpu,node,payment|orders|catalogue-db|shipping|user|catalogue|carts|user-db|orders-db|front-end|carts-db|session-db|rabbitmq|queue-master,payment|shipping|orders|front-end|catalogue|user|session-db|rabbitmq|carts|catalogue-db|user-db|orders-db,carts|catalogue|catalogue-db|front-end|orders|orders-db|payment|rabbitmq|session-db|shipping|user|user-db,,,0.010506629943847656,0.0025649070739746094,14,12,True,True,True,True,True,True
SockShop,payment,cpu,3,baro,tai nguyen,cpu,node,session-db|payment|orders|shipping|catalogue-db|user|catalogue|orders-db|front-end|user-db|carts|rabbitmq|carts-db|queue-master,payment|shipping|orders|session-db|catalogue|rabbitmq|front-end|carts|user|catalogue-db|user-db|orders-db,carts|catalogue|catalogue-db|front-end|orders|orders-db|payment|rabbitmq|session-db|shipping|user|user-db,,,0.013184070587158203,0.003206014633178711,14,12,False,False,True,True,True,True
SockShop,payment,cpu,3,circa,tai nguyen,cpu,node,carts|catalogue|catalogue-db|front-end|orders|orders-db|payment|rabbitmq|session-db|shipping|user|user-db|carts-db|queue-master,payment|shipping|user|session-db|rabbitmq|catalogue-db|orders|orders-db|carts|front-end|user-db|catalogue,carts|catalogue|catalogue-db|front-end|orders|orders-db|payment|rabbitmq|session-db|shipping|user|user-db,FALLBACK,,0.09928393363952637,0.07436800003051758,14,12,False,False,True,True,False,True
SockShop,payment,cpu,3,pc_randomwalk,tai nguyen,cpu,node,carts|catalogue|catalogue-db|front-end|orders|orders-db|payment|rabbitmq|session-db|shipping|user|user-db|carts-db|queue-master,payment|shipping|user|catalogue-db|rabbitmq|session-db|user-db|carts|catalogue|front-end|orders|orders-db,carts|catalogue|catalogue-db|front-end|orders|orders-db|payment|rabbitmq|session-db|shipping|user|user-db,FALLBACK,,0.10069799423217773,0.03772115707397461,14,12,False,False,True,True,False,True
SockShop,payment,delay,1,nsigma,mang,latency-50,duong,payment|queue-master|orders-db|carts-db|shipping|catalogue|session-db|rabbitmq|user-db|orders|user|front-end|carts|catalogue-db,payment|shipping|orders|catalogue|front-end|carts|user,carts|catalogue|front-end|orders|payment|shipping|user,,,0.010143041610717773,0.0016512870788574219,14,7,True,True,True,True,True,True
SockShop,payment,delay,1,baro,mang,latency-50,duong,session-db|rabbitmq|payment|queue-master|orders-db|carts|shipping|orders|carts-db|catalogue|front-end|catalogue-db|user|user-db,payment|shipping|front-end|orders|catalogue|carts|user,carts|catalogue|front-end|orders|payment|shipping|user,,,0.01276707649230957,0.0020139217376708984,14,7,False,True,True,True,True,True
SockShop,payment,delay,1,circa,mang,latency-50,duong,payment|user-db|queue-master|orders-db|carts|carts-db|session-db|user|front-end|orders|shipping|catalogue|rabbitmq|catalogue-db,payment|catalogue|orders|carts|user|shipping|front-end,carts|catalogue|front-end|orders|payment|shipping|user,,,5.918494939804077,0.017358064651489258,14,7,True,True,True,True,True,True
SockShop,payment,delay,1,pc_randomwalk,mang,latency-50,duong,queue-master|payment|carts-db|catalogue|user|orders|session-db|front-end|shipping|carts|orders-db|rabbitmq|user-db|catalogue-db,payment|catalogue|orders|shipping|user|carts|front-end,carts|catalogue|front-end|orders|payment|shipping|user,,,5.922950744628906,0.011581897735595703,14,7,False,True,True,True,True,True
SockShop,payment,delay,2,nsigma,mang,latency-50,duong,payment|orders|catalogue-db|front-end|carts|user|shipping|orders-db|user-db|queue-master|session-db|carts-db|catalogue|rabbitmq,payment|orders|carts|front-end|user|shipping|catalogue,carts|catalogue|front-end|orders|payment|shipping|user,,,0.010504007339477539,0.0016589164733886719,14,7,True,True,True,True,True,True
SockShop,payment,delay,2,baro,mang,latency-50,duong,session-db|payment|orders|queue-master|shipping|carts|front-end|catalogue-db|user|orders-db|user-db|carts-db|rabbitmq|catalogue,payment|orders|carts|front-end|shipping|catalogue|user,carts|catalogue|front-end|orders|payment|shipping|user,,,0.012830972671508789,0.001961231231689453,14,7,False,True,True,True,True,True
SockShop,payment,delay,2,circa,mang,latency-50,duong,carts|carts-db|catalogue|catalogue-db|front-end|orders|orders-db|payment|queue-master|rabbitmq|session-db|shipping|user|user-db,orders|payment|shipping|user|catalogue|carts|front-end,carts|catalogue|front-end|orders|payment|shipping|user,FALLBACK,,0.11694622039794922,0.020837068557739258,14,7,False,False,False,True,False,True
SockShop,payment,delay,2,pc_randomwalk,mang,latency-50,duong,carts|carts-db|catalogue|catalogue-db|front-end|orders|orders-db|payment|queue-master|rabbitmq|session-db|shipping|user|user-db,payment|catalogue|orders|shipping|user|carts|front-end,carts|catalogue|front-end|orders|payment|shipping|user,FALLBACK,,0.11983990669250488,0.017037153244018555,14,7,False,False,True,True,False,True
SockShop,payment,delay,3,nsigma,mang,latency-50,duong,payment|catalogue-db|orders|carts-db|front-end|user-db|rabbitmq|queue-master|user|catalogue|shipping|orders-db|carts|rabbitmq-exporter|session-db,payment|orders|user|carts|front-end|catalogue|shipping,carts|catalogue|front-end|orders|payment|shipping|user,,,0.010871171951293945,0.001645803451538086,15,7,True,True,True,True,True,True
SockShop,payment,delay,3,baro,mang,latency-50,duong,payment|orders|session-db|catalogue-db|rabbitmq|carts-db|front-end|queue-master|user-db|catalogue|shipping|orders-db|user|carts|rabbitmq-exporter,payment|orders|user|carts|front-end|catalogue|shipping,carts|catalogue|front-end|orders|payment|shipping|user,,,0.013509988784790039,0.0019719600677490234,15,7,True,True,True,True,True,True
SockShop,payment,delay,3,circa,mang,latency-50,duong,orders|payment|front-end|user-db|shipping|carts|catalogue|orders-db|carts-db|queue-master|user|rabbitmq|catalogue-db|rabbitmq-exporter|session-db,carts|orders|user|payment|shipping|front-end|catalogue,carts|catalogue|front-end|orders|payment|shipping|user,,,5.206827878952026,0.019700288772583008,15,7,False,False,False,False,True,True
SockShop,payment,delay,3,pc_randomwalk,mang,latency-50,duong,orders|user|carts|carts-db|catalogue|front-end|catalogue-db|queue-master|rabbitmq|user-db|payment|orders-db|rabbitmq-exporter|session-db|shipping,payment|catalogue|orders|shipping|user|carts|front-end,carts|catalogue|front-end|orders|payment|shipping|user,,,5.416411876678467,0.018507003784179688,15,7,False,False,True,True,False,True
SockShop,payment,disk,1,nsigma,tai nguyen,cpu,node,payment|carts-db|catalogue|catalogue-db|user-db|orders-db|orders|front-end|carts|rabbitmq-exporter|rabbitmq|session-db|shipping|user|queue-master,payment|rabbitmq-exporter|carts|carts-db|front-end|rabbitmq|orders|session-db|user-db|queue-master|orders-db|user|catalogue-db|catalogue|shipping,carts|carts-db|catalogue|catalogue-db|front-end|orders|orders-db|payment|queue-master|rabbitmq|rabbitmq-exporter|session-db|shipping|user|user-db,,,0.010018110275268555,0.002892017364501953,15,15,True,True,True,True,True,True
SockShop,payment,disk,1,baro,tai nguyen,cpu,node,session-db|rabbitmq|shipping|payment|catalogue-db|catalogue|carts|orders|carts-db|queue-master|front-end|user-db|orders-db|user|rabbitmq-exporter,payment|orders|session-db|carts|carts-db|rabbitmq-exporter|shipping|front-end|rabbitmq|catalogue-db|user|catalogue|user-db|queue-master|orders-db,carts|carts-db|catalogue|catalogue-db|front-end|orders|orders-db|payment|queue-master|rabbitmq|rabbitmq-exporter|session-db|shipping|user|user-db,,,0.012656688690185547,0.003637075424194336,15,15,False,False,True,True,False,True
SockShop,payment,disk,1,circa,tai nguyen,cpu,node,payment|user|carts-db|orders-db|user-db|carts|catalogue|front-end|session-db|catalogue-db|shipping|orders|rabbitmq|queue-master|rabbitmq-exporter,payment|user-db|carts|rabbitmq|session-db|catalogue-db|shipping|orders-db|front-end|carts-db|orders|user|rabbitmq-exporter|catalogue|queue-master,carts|carts-db|catalogue|catalogue-db|front-end|orders|orders-db|payment|queue-master|rabbitmq|rabbitmq-exporter|session-db|shipping|user|user-db,,,5.191454887390137,0.19449710845947266,15,15,True,True,True,True,True,True
SockShop,payment,disk,1,pc_randomwalk,tai nguyen,cpu,node,carts|orders-db|shipping|catalogue|catalogue-db|front-end|payment|orders|user|carts-db|rabbitmq|user-db|queue-master|session-db|rabbitmq-exporter,shipping|rabbitmq-exporter|user|carts-db|catalogue-db|payment|queue-master|rabbitmq|carts|catalogue|front-end|orders|orders-db|session-db|user-db,carts|carts-db|catalogue|catalogue-db|front-end|orders|orders-db|payment|queue-master|rabbitmq|rabbitmq-exporter|session-db|shipping|user|user-db,,,5.364130973815918,0.1582338809967041,15,15,False,False,False,False,False,False
SockShop,payment,disk,2,nsigma,tai nguyen,cpu,node,payment|carts-db|user-db|catalogue-db|orders-db|user|rabbitmq|carts|orders|front-end|catalogue|shipping|session-db|queue-master,payment|carts-db|orders|catalogue-db|orders-db|user|catalogue|shipping|front-end|session-db|rabbitmq|carts,carts|carts-db|catalogue|catalogue-db|front-end|orders|orders-db|payment|rabbitmq|session-db|shipping|user,,,0.011120080947875977,0.0025970935821533203,14,12,True,True,True,True,True,True
SockShop,payment,disk,2,baro,tai nguyen,cpu,node,payment|orders|catalogue-db|session-db|carts|rabbitmq|shipping|carts-db|user-db|user|orders-db|front-end|catalogue|queue-master,payment|carts-db|shipping|catalogue-db|orders|orders-db|catalogue|front-end|user|rabbitmq|session-db|carts,carts|carts-db|catalogue|catalogue-db|front-end|orders|orders-db|payment|rabbitmq|session-db|shipping|user,,,0.013907909393310547,0.003181934356689453,14,12,True,True,True,True,True,True
SockShop,payment,disk,2,circa,tai nguyen,cpu,node,payment|shipping|orders|carts-db|carts|front-end|catalogue|orders-db|user-db|user|rabbitmq|session-db|queue-master|catalogue-db,payment|rabbitmq|front-end|user|carts-db|carts|orders|session-db|catalogue|shipping|orders-db|catalogue-db,carts|carts-db|catalogue|catalogue-db|front-end|orders|orders-db|payment|rabbitmq|session-db|shipping|user,,,4.373034954071045,0.05277204513549805,14,12,True,True,True,True,True,True
SockShop,payment,disk,2,pc_randomwalk,tai nguyen,cpu,node,session-db|payment|carts|carts-db|catalogue|orders|catalogue-db|shipping|user|user-db|front-end|orders-db|rabbitmq|queue-master,orders-db|session-db|shipping|catalogue|payment|rabbitmq|user|carts|carts-db|catalogue-db|front-end|orders,carts|carts-db|catalogue|catalogue-db|front-end|orders|orders-db|payment|rabbitmq|session-db|shipping|user,,,4.470806837081909,0.04733586311340332,14,12,False,False,False,False,True,False
SockShop,payment,disk,3,nsigma,tai nguyen,cpu,node,payment|carts|orders|orders-db|queue-master|user|user-db|carts-db|catalogue-db|session-db|catalogue|shipping|front-end|rabbitmq,payment|queue-master|orders|carts|front-end|rabbitmq|session-db|user|user-db|orders-db|shipping,carts|front-end|orders|orders-db|payment|queue-master|rabbitmq|session-db|shipping|user|user-db,,,0.009996891021728516,0.002294778823852539,14,11,True,True,True,True,True,True
SockShop,payment,disk,3,baro,tai nguyen,cpu,node,payment|session-db|catalogue-db|carts|orders|user|queue-master|orders-db|user-db|carts-db|catalogue|front-end|shipping|rabbitmq,payment|queue-master|orders|session-db|carts|rabbitmq|front-end|user|user-db|shipping|orders-db,carts|front-end|orders|orders-db|payment|queue-master|rabbitmq|session-db|shipping|user|user-db,,,0.01207423210144043,0.0028688907623291016,14,11,True,True,True,True,True,True
SockShop,payment,disk,3,circa,tai nguyen,cpu,node,orders|shipping|payment|carts|user-db|queue-master|front-end|rabbitmq|orders-db|user|carts-db|catalogue|session-db|catalogue-db,payment|queue-master|rabbitmq|session-db|shipping|carts|user|user-db|orders-db|orders|front-end,carts|front-end|orders|orders-db|payment|queue-master|rabbitmq|session-db|shipping|user|user-db,,,4.3116419315338135,0.04028797149658203,14,11,False,False,True,True,True,True
SockShop,payment,disk,3,pc_randomwalk,tai nguyen,cpu,node,shipping|carts|rabbitmq|orders|payment|session-db|user-db|user|front-end|orders-db|carts-db|catalogue-db|queue-master|catalogue,rabbitmq|shipping|orders|queue-master|session-db|user|user-db|carts|front-end|orders-db|payment,carts|front-end|orders|orders-db|payment|queue-master|rabbitmq|session-db|shipping|user|user-db,,,4.427379131317139,0.0365447998046875,14,11,False,False,False,False,False,False
SockShop,payment,loss,1,nsigma,mang,latency-50,duong,payment|orders|catalogue-db|front-end|queue-master|carts|orders-db|catalogue|user-db|session-db|carts-db|shipping|user|rabbitmq-exporter|rabbitmq,orders|catalogue|carts|front-end|user,carts|catalogue|front-end|orders|user,,,0.010644912719726562,0.001344919204711914,15,5,True,False,False,True,True,True
SockShop,payment,loss,1,baro,mang,latency-50,duong,session-db|orders|payment|catalogue-db|carts|front-end|queue-master|user|catalogue|shipping|orders-db|rabbitmq|carts-db|user-db|rabbitmq-exporter,orders|catalogue|carts|user|front-end,carts|catalogue|front-end|orders|user,,,0.013261079788208008,0.0016078948974609375,15,5,False,False,False,True,True,True
SockShop,payment,loss,1,circa,mang,latency-50,duong,orders|payment|front-end|queue-master|catalogue-db|orders-db|shipping|user-db|carts-db|carts|catalogue|user|session-db|rabbitmq-exporter|rabbitmq,orders|catalogue|front-end|user|carts,carts|catalogue|front-end|orders|user,,,6.073177099227905,0.009547948837280273,15,5,False,False,False,True,True,True
SockShop,payment,loss,1,pc_randomwalk,mang,latency-50,duong,user-db|carts-db|catalogue|catalogue-db|front-end|orders|rabbitmq|orders-db|shipping|carts|payment|queue-master|rabbitmq-exporter|session-db|user,carts|front-end|orders|user|catalogue,carts|catalogue|front-end|orders|user,,,6.17283821105957,0.005739927291870117,15,5,False,False,False,False,False,True
SockShop,payment,loss,2,nsigma,mang,latency-50,duong,orders|payment|catalogue-db|carts-db|queue-master|orders-db|user-db|user|catalogue|carts|front-end|rabbitmq-exporter|session-db|shipping|rabbitmq,orders|user|carts|catalogue|front-end,carts|catalogue|front-end|orders|user,,,0.009523868560791016,0.0013203620910644531,15,5,False,False,False,True,True,True
SockShop,payment,loss,2,baro,mang,latency-50,duong,session-db|orders|payment|catalogue-db|queue-master|shipping|carts-db|user-db|orders-db|user|carts|catalogue|front-end|rabbitmq-exporter|rabbitmq,orders|user|catalogue|carts|front-end,carts|catalogue|front-end|orders|user,,,0.011633157730102539,0.0015680789947509766,15,5,False,False,False,True,True,True
SockShop,payment,loss,2,circa,mang,latency-50,duong,payment|orders|catalogue-db|queue-master|carts|shipping|user-db|carts-db|orders-db|rabbitmq|catalogue|front-end|user|rabbitmq-exporter|session-db,orders|catalogue|carts|user|front-end,carts|catalogue|front-end|orders|user,,,3.140136957168579,0.010105133056640625,15,5,True,False,False,True,True,True
SockShop,payment,loss,2,pc_randomwalk,mang,latency-50,duong,carts-db|carts|front-end|rabbitmq|session-db|orders|payment|shipping|user|catalogue|catalogue-db|orders-db|queue-master|rabbitmq-exporter|user-db,carts|front-end|orders|user|catalogue,carts|catalogue|front-end|orders|user,,,3.3238091468811035,0.0073468685150146484,15,5,False,False,False,False,False,True
SockShop,payment,loss,3,nsigma,mang,latency-50,duong,orders|payment|catalogue-db|shipping|front-end|user-db|session-db|catalogue|carts-db|orders-db|user|carts|queue-master|rabbitmq-exporter|rabbitmq,orders|front-end|carts|user|catalogue,carts|catalogue|front-end|orders|user,,,0.010457038879394531,0.001344919204711914,15,5,False,False,False,True,True,True
SockShop,payment,loss,3,baro,mang,latency-50,duong,session-db|orders|payment|catalogue-db|shipping|front-end|queue-master|user-db|carts|catalogue|user|orders-db|carts-db|rabbitmq|rabbitmq-exporter,orders|front-end|carts|user|catalogue,carts|catalogue|front-end|orders|user,,,0.012996912002563477,0.0015637874603271484,15,5,False,False,False,True,True,True
SockShop,payment,loss,3,circa,mang,latency-50,duong,payment|shipping|orders|front-end|user-db|carts-db|catalogue|queue-master|user|session-db|rabbitmq|orders-db|carts|catalogue-db|rabbitmq-exporter,orders|carts|front-end|user|catalogue,carts|catalogue|front-end|orders|user,,,4.944555997848511,0.011118888854980469,15,5,True,False,False,True,True,True
SockShop,payment,loss,3,pc_randomwalk,mang,latency-50,duong,queue-master|catalogue|carts|carts-db|user-db|catalogue-db|orders|front-end|payment|user|shipping|orders-db|rabbitmq|rabbitmq-exporter|session-db,carts|front-end|orders|user|catalogue,carts|catalogue|front-end|orders|user,,,5.101670742034912,0.007728099822998047,15,5,False,False,False,False,False,True
SockShop,payment,mem,1,nsigma,tai nguyen,cpu,node,payment|orders|queue-master|orders-db|carts|user-db|carts-db|shipping|catalogue|catalogue-db|user|rabbitmq-exporter|session-db|front-end|rabbitmq,payment|queue-master|rabbitmq-exporter|carts-db|catalogue-db|carts|rabbitmq|catalogue|session-db|orders-db|user-db|front-end|orders,carts|carts-db|catalogue|catalogue-db|front-end|orders|orders-db|payment|queue-master|rabbitmq|rabbitmq-exporter|session-db|user-db,,,0.01023101806640625,0.0025742053985595703,15,13,True,True,True,True,True,True
SockShop,payment,mem,1,baro,tai nguyen,cpu,node,session-db|payment|orders|catalogue-db|queue-master|orders-db|carts-db|carts|catalogue|user-db|front-end|shipping|user|rabbitmq-exporter|rabbitmq,payment|queue-master|catalogue-db|carts-db|carts|session-db|rabbitmq-exporter|catalogue|front-end|user-db|rabbitmq|orders-db|orders,carts|carts-db|catalogue|catalogue-db|front-end|orders|orders-db|payment|queue-master|rabbitmq|rabbitmq-exporter|session-db|user-db,,,0.012827157974243164,0.003242969512939453,15,13,False,False,True,True,True,True
SockShop,payment,mem,1,circa,tai nguyen,cpu,node,payment|queue-master|user|orders|front-end|rabbitmq|orders-db|carts|session-db|carts-db|shipping|user-db|catalogue|catalogue-db|rabbitmq-exporter,payment|carts-db|rabbitmq-exporter|queue-master|session-db|orders|catalogue-db|rabbitmq|catalogue|carts|front-end|orders-db|user-db,carts|carts-db|catalogue|catalogue-db|front-end|orders|orders-db|payment|queue-master|rabbitmq|rabbitmq-exporter|session-db|user-db,,,4.555164813995361,0.07476091384887695,15,13,True,True,True,True,True,True
SockShop,payment,mem,1,pc_randomwalk,tai nguyen,cpu,node,rabbitmq|front-end|carts-db|catalogue|user-db|orders-db|shipping|carts|user|orders|payment|queue-master|catalogue-db|session-db|rabbitmq-exporter,payment|rabbitmq-exporter|session-db|catalogue|orders-db|rabbitmq|user-db|carts|carts-db|catalogue-db|front-end|orders|queue-master,carts|carts-db|catalogue|catalogue-db|front-end|orders|orders-db|payment|queue-master|rabbitmq|rabbitmq-exporter|session-db|user-db,,,4.692523956298828,0.09543514251708984,15,13,False,False,True,True,False,True
SockShop,payment,mem,2,nsigma,tai nguyen,cpu,node,payment|orders|shipping|queue-master|rabbitmq|user|catalogue-db|carts|front-end|orders-db|user-db|carts-db|catalogue|session-db|rabbitmq-exporter,payment|queue-master|shipping|carts-db|session-db|rabbitmq-exporter|catalogue|front-end|catalogue-db|orders|orders-db|rabbitmq|carts,carts|carts-db|catalogue|catalogue-db|front-end|orders|orders-db|payment|queue-master|rabbitmq|rabbitmq-exporter|session-db|shipping,,,0.010128021240234375,0.0025501251220703125,15,13,True,True,True,True,True,True
SockShop,payment,mem,2,baro,tai nguyen,cpu,node,payment|session-db|orders|catalogue-db|shipping|queue-master|rabbitmq|carts|user|front-end|catalogue|orders-db|user-db|carts-db|rabbitmq-exporter,payment|queue-master|orders|shipping|carts-db|session-db|catalogue|rabbitmq|orders-db|catalogue-db|front-end|rabbitmq-exporter|carts,carts|carts-db|catalogue|catalogue-db|front-end|orders|orders-db|payment|queue-master|rabbitmq|rabbitmq-exporter|session-db|shipping,,,0.013039827346801758,0.0032541751861572266,15,13,True,True,True,True,True,True
SockShop,payment,mem,2,circa,tai nguyen,cpu,node,carts|carts-db|catalogue|catalogue-db|front-end|orders|orders-db|payment|queue-master|rabbitmq|rabbitmq-exporter|session-db|shipping|user|user-db,payment|queue-master|rabbitmq-exporter|carts-db|front-end|shipping|carts|catalogue|orders|catalogue-db|rabbitmq|orders-db|session-db,carts|carts-db|catalogue|catalogue-db|front-end|orders|orders-db|payment|queue-master|rabbitmq|rabbitmq-exporter|session-db|shipping,FALLBACK,,0.10743522644042969,0.055650949478149414,15,13,False,False,True,True,False,True
SockShop,payment,mem,2,pc_randomwalk,tai nguyen,cpu,node,carts|carts-db|catalogue|catalogue-db|front-end|orders|orders-db|payment|queue-master|rabbitmq|rabbitmq-exporter|session-db|shipping|user|user-db,payment|rabbitmq-exporter|session-db|catalogue|orders-db|rabbitmq|shipping|carts|carts-db|catalogue-db|front-end|orders|queue-master,carts|carts-db|catalogue|catalogue-db|front-end|orders|orders-db|payment|queue-master|rabbitmq|rabbitmq-exporter|session-db|shipping,FALLBACK,,0.10913586616516113,0.055520057678222656,15,13,False,False,True,True,False,True
SockShop,payment,mem,3,nsigma,tai nguyen,cpu,node,payment|orders|shipping|carts|catalogue|orders-db|front-end|user-db|carts-db|user|session-db|queue-master|rabbitmq|catalogue-db,payment|carts|orders|carts-db|rabbitmq|user-db|orders-db|user|shipping|session-db|catalogue|front-end|queue-master,carts|carts-db|catalogue|front-end|orders|orders-db|payment|queue-master|rabbitmq|session-db|shipping|user|user-db,,,0.011194944381713867,0.0025818347930908203,14,13,True,True,True,True,True,True
SockShop,payment,mem,3,baro,tai nguyen,cpu,node,payment|session-db|carts|shipping|orders|catalogue|front-end|carts-db|orders-db|rabbitmq|user-db|user|catalogue-db|queue-master,payment|orders|shipping|carts|carts-db|rabbitmq|session-db|orders-db|queue-master|catalogue|front-end|user-db|user,carts|carts-db|catalogue|front-end|orders|orders-db|payment|queue-master|rabbitmq|session-db|shipping|user|user-db,,,0.014019012451171875,0.003216266632080078,14,13,True,True,True,True,True,True
SockShop,payment,mem,3,circa,tai nguyen,cpu,node,orders|payment|queue-master|front-end|shipping|carts|rabbitmq|carts-db|orders-db|user-db|user|session-db|catalogue|catalogue-db,payment|session-db|queue-master|shipping|user|user-db|carts|orders-db|front-end|rabbitmq|carts-db|catalogue|orders,carts|carts-db|catalogue|front-end|orders|orders-db|payment|queue-master|rabbitmq|session-db|shipping|user|user-db,,,5.800213098526001,0.061630964279174805,14,13,False,False,True,True,True,True
SockShop,payment,mem,3,pc_randomwalk,tai nguyen,cpu,node,shipping|user-db|carts|carts-db|catalogue|orders|queue-master|front-end|payment|user|rabbitmq|catalogue-db|orders-db|session-db,queue-master|shipping|user|catalogue|payment|session-db|user-db|carts|carts-db|front-end|orders|orders-db|rabbitmq,carts|carts-db|catalogue|front-end|orders|orders-db|payment|queue-master|rabbitmq|session-db|shipping|user|user-db,,,5.965550899505615,0.05407094955444336,14,13,False,False,False,False,False,False
SockShop,payment,socket,1,nsigma,tai nguyen,cpu,node,payment|shipping|queue-master|carts|user-db|orders-db|catalogue|orders|carts-db|user|rabbitmq|rabbitmq-exporter|catalogue-db|front-end|session-db,payment|shipping|rabbitmq-exporter|user|carts-db|queue-master|front-end|carts|catalogue-db|rabbitmq,carts|carts-db|catalogue-db|front-end|payment|queue-master|rabbitmq|rabbitmq-exporter|shipping|user,,,0.01001429557800293,0.002132892608642578,15,10,True,True,True,True,True,True
SockShop,payment,socket,1,baro,tai nguyen,cpu,node,queue-master|session-db|shipping|payment|catalogue-db|carts|carts-db|catalogue|user-db|rabbitmq|orders|orders-db|user|front-end|rabbitmq-exporter,payment|shipping|user|rabbitmq|catalogue-db|front-end|carts|rabbitmq-exporter|carts-db|queue-master,carts|carts-db|catalogue-db|front-end|payment|queue-master|rabbitmq|rabbitmq-exporter|shipping|user,,,0.012407064437866211,0.0026640892028808594,15,10,False,False,True,True,False,True
SockShop,payment,socket,1,circa,tai nguyen,cpu,node,carts|carts-db|catalogue-db|front-end|payment|queue-master|rabbitmq|rabbitmq-exporter|shipping|user|catalogue|orders|orders-db|session-db|user-db,payment|user|shipping|rabbitmq|rabbitmq-exporter|carts|catalogue-db|carts-db|queue-master|front-end,carts|carts-db|catalogue-db|front-end|payment|queue-master|rabbitmq|rabbitmq-exporter|shipping|user,FALLBACK,,0.09308791160583496,0.04859185218811035,15,10,False,False,True,True,False,True
SockShop,payment,socket,1,pc_randomwalk,tai nguyen,cpu,node,carts|carts-db|catalogue-db|front-end|payment|queue-master|rabbitmq|rabbitmq-exporter|shipping|user|catalogue|orders|orders-db|session-db|user-db,rabbitmq-exporter|user|carts-db|payment|queue-master|rabbitmq|carts|catalogue-db|front-end|shipping,carts|carts-db|catalogue-db|front-end|payment|queue-master|rabbitmq|rabbitmq-exporter|shipping|user,FALLBACK,,0.09736084938049316,0.03661084175109863,15,10,False,False,False,False,False,False
SockShop,payment,socket,2,nsigma,tai nguyen,latency-50,duong,payment|orders|shipping|queue-master|catalogue-db|catalogue|front-end|carts-db|user-db|session-db|orders-db|user|carts|rabbitmq,payment|orders|shipping|user|carts|front-end|catalogue,carts|catalogue|front-end|orders|payment|shipping|user,,,0.009645223617553711,0.0016350746154785156,14,7,True,True,True,True,True,True
SockShop,payment,socket,2,baro,tai nguyen,latency-50,duong,session-db|payment|orders|catalogue-db|shipping|queue-master|catalogue|front-end|carts-db|user|orders-db|user-db|carts|rabbitmq,payment|orders|shipping|user|front-end|carts|catalogue,carts|catalogue|front-end|orders|payment|shipping|user,,,0.01183009147644043,0.0019731521606445312,14,7,False,True,True,True,True,True
SockShop,payment,socket,2,circa,tai nguyen,latency-50,duong,orders|shipping|payment|queue-master|carts|carts-db|user|front-end|user-db|catalogue|catalogue-db|rabbitmq|orders-db|session-db,payment|shipping|user|orders|carts|front-end,carts|catalogue|front-end|orders|payment|shipping|user,,,3.6501100063323975,0.015417098999023438,14,6,False,False,True,True,True,True
SockShop,payment,socket,2,pc_randomwalk,tai nguyen,latency-50,duong,payment|session-db|shipping|carts|carts-db|catalogue|orders|user|front-end|queue-master|rabbitmq|orders-db|user-db|catalogue-db,payment|catalogue|orders|shipping|user|carts|front-end,carts|catalogue|front-end|orders|payment|shipping|user,,,3.8983559608459473,0.01409292221069336,14,7,True,True,True,True,True,True
SockShop,payment,socket,3,nsigma,tai nguyen,cpu,node,payment|orders|shipping|carts|front-end|orders-db|carts-db|user-db|user|catalogue|session-db|rabbitmq-exporter|catalogue-db|queue-master|rabbitmq,payment|carts-db|rabbitmq-exporter|user|user-db|orders-db|rabbitmq|orders|catalogue|front-end|queue-master|shipping|catalogue-db|session-db|carts,carts|carts-db|catalogue|catalogue-db|front-end|orders|orders-db|payment|queue-master|rabbitmq|rabbitmq-exporter|session-db|shipping|user|user-db,,,0.010577201843261719,0.002892017364501953,15,15,True,True,True,True,True,True
SockShop,payment,socket,3,baro,tai nguyen,cpu,node,session-db|payment|orders|shipping|queue-master|front-end|catalogue|carts|orders-db|carts-db|user|user-db|catalogue-db|rabbitmq|rabbitmq-exporter,payment|queue-master|shipping|orders|carts-db|user-db|orders-db|rabbitmq|user|catalogue-db|carts|catalogue|front-end|rabbitmq-exporter|session-db,carts|carts-db|catalogue|catalogue-db|front-end|orders|orders-db|payment|queue-master|rabbitmq|rabbitmq-exporter|session-db|shipping|user|user-db,,,0.013097047805786133,0.0035779476165771484,15,15,False,False,True,True,True,True
SockShop,payment,socket,3,circa,tai nguyen,cpu,node,shipping|payment|carts|orders|front-end|orders-db|session-db|user|carts-db|catalogue|user-db|rabbitmq|rabbitmq-exporter|queue-master|catalogue-db,payment|rabbitmq-exporter|session-db|shipping|user|front-end|carts-db|rabbitmq|user-db|catalogue-db|catalogue|orders-db|orders|carts|queue-master,carts|carts-db|catalogue|catalogue-db|front-end|orders|orders-db|payment|queue-master|rabbitmq|rabbitmq-exporter|session-db|shipping|user|user-db,,,4.850072860717773,0.11411714553833008,15,15,False,False,True,True,True,True
SockShop,payment,socket,3,pc_randomwalk,tai nguyen,cpu,node,user|carts|carts-db|catalogue|catalogue-db|front-end|queue-master|orders|shipping|payment|orders-db|rabbitmq|session-db|user-db|rabbitmq-exporter,shipping|rabbitmq-exporter|user|carts-db|catalogue-db|payment|queue-master|rabbitmq|carts|catalogue|front-end|orders|orders-db|session-db|user-db,carts|carts-db|catalogue|catalogue-db|front-end|orders|orders-db|payment|queue-master|rabbitmq|rabbitmq-exporter|session-db|shipping|user|user-db,,,5.045057058334351,0.1014258861541748,15,15,False,False,False,False,False,False
SockShop,user,cpu,1,nsigma,tai nguyen,cpu,node,catalogue-db|user|queue-master|shipping|carts-db|carts|user-db|orders-db|session-db|orders|rabbitmq-exporter|payment|rabbitmq|catalogue|front-end,user|shipping|rabbitmq-exporter|orders-db|rabbitmq|queue-master|user-db|payment|carts-db|orders|carts|catalogue|catalogue-db|session-db,carts|carts-db|catalogue|catalogue-db|orders|orders-db|payment|queue-master|rabbitmq|rabbitmq-exporter|session-db|shipping|user|user-db,,,0.008301258087158203,0.0027360916137695312,15,14,False,False,True,True,True,True
SockShop,user,cpu,1,baro,tai nguyen,cpu,node,catalogue-db|session-db|queue-master|user|shipping|orders|carts-db|carts|user-db|orders-db|rabbitmq|catalogue|front-end|rabbitmq-exporter|payment,user|shipping|orders-db|rabbitmq-exporter|rabbitmq|user-db|payment|queue-master|catalogue|carts-db|orders|carts|catalogue-db|session-db,carts|carts-db|catalogue|catalogue-db|orders|orders-db|payment|queue-master|rabbitmq|rabbitmq-exporter|session-db|shipping|user|user-db,,,0.010262012481689453,0.0033621788024902344,15,14,False,False,True,True,False,True
SockShop,user,cpu,1,circa,tai nguyen,cpu,node,user|catalogue-db|orders-db|carts-db|carts|catalogue|shipping|queue-master|orders|user-db|payment|rabbitmq|front-end|session-db|rabbitmq-exporter,user|orders|shipping|user-db|queue-master|carts-db|session-db|catalogue-db|catalogue|payment|rabbitmq|rabbitmq-exporter|carts|orders-db,carts|carts-db|catalogue|catalogue-db|orders|orders-db|payment|queue-master|rabbitmq|rabbitmq-exporter|session-db|shipping|user|user-db,,,4.905788898468018,0.4597129821777344,15,14,True,True,True,True,True,True
SockShop,user,cpu,1,pc_randomwalk,tai nguyen,cpu,node,carts|catalogue-db|orders-db|user-db|shipping|session-db|orders|user|catalogue|queue-master|rabbitmq-exporter|carts-db|rabbitmq|front-end|payment,shipping|rabbitmq|rabbitmq-exporter|catalogue-db|queue-master|user|user-db|carts|carts-db|catalogue|orders|orders-db|payment|session-db,carts|carts-db|catalogue|catalogue-db|orders|orders-db|payment|queue-master|rabbitmq|rabbitmq-exporter|session-db|shipping|user|user-db,,,4.99805212020874,0.5498309135437012,15,14,False,False,False,False,False,False
SockShop,user,cpu,2,nsigma,tai nguyen,cpu,node,user|payment|queue-master|shipping|orders-db|user-db|carts|carts-db|session-db|rabbitmq|catalogue-db|orders|catalogue|front-end,user|queue-master|shipping|rabbitmq|payment|carts-db|orders-db|catalogue-db|catalogue|user-db|session-db|carts,carts|carts-db|catalogue|catalogue-db|orders-db|payment|queue-master|rabbitmq|session-db|shipping|user|user-db,,,0.00814199447631836,0.0024118423461914062,14,12,True,True,True,True,True,True
SockShop,user,cpu,2,baro,tai nguyen,cpu,node,session-db|catalogue-db|user|carts|shipping|orders-db|queue-master|orders|user-db|carts-db|rabbitmq|catalogue|payment|front-end,user|shipping|queue-master|rabbitmq|orders-db|carts-db|payment|catalogue-db|catalogue|session-db|carts|user-db,carts|carts-db|catalogue|catalogue-db|orders-db|payment|queue-master|rabbitmq|session-db|shipping|user|user-db,,,0.010089874267578125,0.0029599666595458984,14,12,False,False,True,True,True,True
SockShop,user,cpu,2,circa,tai nguyen,cpu,node,shipping|user|queue-master|rabbitmq|session-db|orders-db|user-db|carts|carts-db|orders|catalogue|payment|front-end|catalogue-db,user|user-db|queue-master|session-db|carts-db|payment|carts|shipping|catalogue-db|catalogue|orders-db|rabbitmq,carts|carts-db|catalogue|catalogue-db|orders-db|payment|queue-master|rabbitmq|session-db|shipping|user|user-db,,,4.550286054611206,0.1935408115386963,14,12,False,False,True,True,True,True
SockShop,user,cpu,2,pc_randomwalk,tai nguyen,cpu,node,carts|orders-db|carts-db|catalogue|user-db|queue-master|user|orders|payment|rabbitmq|shipping|catalogue-db|session-db|front-end,queue-master|shipping|user|catalogue|rabbitmq|session-db|user-db|carts|carts-db|catalogue-db|orders-db|payment,carts|carts-db|catalogue|catalogue-db|orders-db|payment|queue-master|rabbitmq|session-db|shipping|user|user-db,,,4.756489992141724,0.23463797569274902,14,12,False,False,False,False,False,True
SockShop,user,cpu,3,nsigma,tai nguyen,cpu,node,user|orders|front-end|payment|user-db|carts-db|rabbitmq|orders-db|catalogue|carts|rabbitmq-exporter|shipping|session-db|queue-master|catalogue-db,user|rabbitmq-exporter|shipping|payment|carts-db|carts|user-db|orders-db|session-db|catalogue-db|rabbitmq|queue-master,carts|carts-db|catalogue-db|orders-db|payment|queue-master|rabbitmq|rabbitmq-exporter|session-db|shipping|user|user-db,,,0.010244131088256836,0.0024220943450927734,15,12,True,True,True,True,True,True
SockShop,user,cpu,3,baro,tai nguyen,cpu,node,session-db|rabbitmq|user|orders|shipping|front-end|carts|payment|catalogue|user-db|orders-db|carts-db|queue-master|catalogue-db|rabbitmq-exporter,user|shipping|payment|orders-db|user-db|session-db|carts-db|rabbitmq-exporter|rabbitmq|catalogue-db|carts|queue-master,carts|carts-db|catalogue-db|orders-db|payment|queue-master|rabbitmq|rabbitmq-exporter|session-db|shipping|user|user-db,,,0.012807130813598633,0.003017902374267578,15,12,False,False,True,True,True,True
SockShop,user,cpu,3,circa,tai nguyen,cpu,node,orders|user|front-end|orders-db|carts-db|carts|session-db|shipping|rabbitmq|payment|catalogue-db|user-db|catalogue|queue-master|rabbitmq-exporter,user|carts|rabbitmq|user-db|shipping|orders-db|session-db|queue-master|catalogue-db|payment|rabbitmq-exporter|carts-db,carts|carts-db|catalogue-db|orders-db|payment|queue-master|rabbitmq|rabbitmq-exporter|session-db|shipping|user|user-db,,,4.039341688156128,0.03582406044006348,15,12,False,True,True,True,True,True
SockShop,user,cpu,3,pc_randomwalk,tai nguyen,cpu,node,session-db|payment|carts-db|catalogue-db|carts|user-db|orders|user|front-end|catalogue|shipping|rabbitmq|rabbitmq-exporter|orders-db|queue-master,rabbitmq|shipping|user|catalogue-db|rabbitmq-exporter|session-db|user-db|carts|carts-db|orders-db|payment|queue-master,carts|carts-db|catalogue-db|orders-db|payment|queue-master|rabbitmq|rabbitmq-exporter|session-db|shipping|user|user-db,,,4.126780986785889,0.02791118621826172,15,12,False,False,False,False,False,True
SockShop,user,delay,1,nsigma,mang,latency-50,duong,user|front-end|shipping|orders|queue-master|user-db|orders-db|carts-db|payment|session-db|catalogue-db|carts|catalogue|rabbitmq-exporter|rabbitmq,user|front-end|shipping|payment|orders|carts|catalogue,carts|catalogue|front-end|orders|payment|shipping|user,,,0.010540008544921875,0.0016689300537109375,15,7,True,True,True,True,True,True
SockShop,user,delay,1,baro,mang,latency-50,duong,catalogue-db|session-db|user|front-end|shipping|user-db|orders|carts|queue-master|catalogue|carts-db|orders-db|payment|rabbitmq|rabbitmq-exporter,user|front-end|shipping|payment|catalogue|carts|orders,carts|catalogue|front-end|orders|payment|shipping|user,,,0.01314687728881836,0.0020020008087158203,15,7,False,True,True,True,True,True
SockShop,user,delay,1,circa,mang,latency-50,duong,carts|carts-db|catalogue|catalogue-db|orders|orders-db|payment|queue-master|rabbitmq|rabbitmq-exporter|session-db|shipping|user|user-db|front-end,user|front-end|shipping|payment|catalogue|orders|carts,carts|catalogue|front-end|orders|payment|shipping|user,FALLBACK,,0.11905527114868164,0.022657155990600586,15,7,False,False,True,True,False,True
SockShop,user,delay,1,pc_randomwalk,mang,latency-50,duong,carts|carts-db|catalogue|catalogue-db|orders|orders-db|payment|queue-master|rabbitmq|rabbitmq-exporter|session-db|shipping|user|user-db|front-end,payment|catalogue|orders|shipping|user|carts|front-end,carts|catalogue|front-end|orders|payment|shipping|user,FALLBACK,,0.12389206886291504,0.018947124481201172,15,7,False,False,False,False,False,True
SockShop,user,delay,2,nsigma,mang,latency-50,duong,user|orders|front-end|catalogue-db|user-db|queue-master|carts|orders-db|rabbitmq|carts-db|shipping|rabbitmq-exporter|session-db|catalogue|payment,user|orders|front-end|shipping|carts|payment|catalogue,carts|catalogue|front-end|orders|payment|shipping|user,,,0.010488748550415039,0.0016529560089111328,15,7,True,True,True,True,True,True
SockShop,user,delay,2,baro,mang,latency-50,duong,session-db|user|orders|front-end|catalogue-db|rabbitmq|payment|queue-master|shipping|user-db|carts|catalogue|orders-db|carts-db|rabbitmq-exporter,user|orders|front-end|shipping|carts|payment|catalogue,carts|catalogue|front-end|orders|payment|shipping|user,,,0.01297307014465332,0.001981019973754883,15,7,False,True,True,True,True,True
SockShop,user,delay,2,circa,mang,latency-50,duong,rabbitmq-exporter|user|orders|front-end|queue-master|payment|carts|shipping|rabbitmq|catalogue-db|orders-db|session-db|user-db|catalogue|carts-db,user|front-end|orders|catalogue|shipping|carts|payment,carts|catalogue|front-end|orders|payment|shipping|user,,,5.1394078731536865,0.01805424690246582,15,7,False,True,True,True,True,True
SockShop,user,delay,2,pc_randomwalk,mang,latency-50,duong,rabbitmq|payment|carts|catalogue|catalogue-db|front-end|orders-db|user-db|shipping|user|orders|queue-master|session-db|rabbitmq-exporter|carts-db,payment|catalogue|orders|shipping|user|carts|front-end,carts|catalogue|front-end|orders|payment|shipping|user,,,5.405375957489014,0.014215946197509766,15,7,False,False,False,False,False,True
SockShop,user,delay,3,nsigma,mang,latency-50,duong,user|orders|front-end|shipping|queue-master|carts-db|carts|orders-db|user-db|catalogue|catalogue-db|session-db|payment|rabbitmq-exporter|rabbitmq,user|orders|front-end|shipping|catalogue|carts|payment,carts|catalogue|front-end|orders|payment|shipping|user,,,0.010962963104248047,0.0017218589782714844,15,7,True,True,True,True,True,True
SockShop,user,delay,3,baro,mang,latency-50,duong,session-db|user|orders|front-end|catalogue-db|shipping|carts|queue-master|payment|carts-db|user-db|orders-db|catalogue|rabbitmq-exporter|rabbitmq,user|orders|front-end|catalogue|shipping|carts|payment,carts|catalogue|front-end|orders|payment|shipping|user,,,0.013581037521362305,0.0020716190338134766,15,7,False,True,True,True,True,True
SockShop,user,delay,3,circa,mang,latency-50,duong,carts|carts-db|catalogue|front-end|orders|payment|queue-master|rabbitmq|session-db|shipping|user|user-db|catalogue-db|orders-db|rabbitmq-exporter,user|orders|front-end|payment|carts|shipping|catalogue,carts|catalogue|front-end|orders|payment|shipping|user,FALLBACK,,0.11483383178710938,0.020665645599365234,15,7,False,False,True,True,False,True
SockShop,user,delay,3,pc_randomwalk,mang,latency-50,duong,carts|carts-db|catalogue|front-end|orders|payment|queue-master|rabbitmq|session-db|shipping|user|user-db|catalogue-db|orders-db|rabbitmq-exporter,payment|catalogue|orders|shipping|user|carts|front-end,carts|catalogue|front-end|orders|payment|shipping|user,FALLBACK,,0.11708307266235352,0.017865896224975586,15,7,False,False,False,False,False,True
SockShop,user,disk,1,nsigma,tai nguyen,cpu,node,user|rabbitmq-exporter|user-db|queue-master|carts-db|catalogue|orders-db|shipping|session-db|rabbitmq|orders|payment|carts|front-end|catalogue-db,user|rabbitmq-exporter|user-db|orders|rabbitmq|orders-db|shipping|payment|queue-master|catalogue|catalogue-db|session-db|carts|carts-db,carts|carts-db|catalogue|catalogue-db|orders|orders-db|payment|queue-master|rabbitmq|rabbitmq-exporter|session-db|shipping|user|user-db,,,0.009037971496582031,0.002759218215942383,15,14,True,True,True,True,True,True
SockShop,user,disk,1,baro,tai nguyen,cpu,node,session-db|shipping|catalogue-db|user|queue-master|rabbitmq-exporter|user-db|carts-db|orders-db|orders|catalogue|front-end|rabbitmq|carts|payment,user|rabbitmq-exporter|user-db|orders|rabbitmq|catalogue|catalogue-db|orders-db|shipping|payment|queue-master|carts-db|carts|session-db,carts|carts-db|catalogue|catalogue-db|orders|orders-db|payment|queue-master|rabbitmq|rabbitmq-exporter|session-db|shipping|user|user-db,,,0.011289834976196289,0.003445863723754883,15,14,False,False,True,True,False,True
SockShop,user,disk,1,circa,tai nguyen,cpu,node,user|orders-db|rabbitmq|queue-master|carts-db|payment|front-end|orders|carts|catalogue|user-db|shipping|session-db|catalogue-db|rabbitmq-exporter,user|user-db|catalogue|carts|carts-db|shipping|orders|payment|orders-db|session-db|queue-master|rabbitmq-exporter|rabbitmq|catalogue-db,carts|carts-db|catalogue|catalogue-db|orders|orders-db|payment|queue-master|rabbitmq|rabbitmq-exporter|session-db|shipping|user|user-db,,,7.139760255813599,0.4222109317779541,15,14,True,True,True,True,True,True
SockShop,user,disk,1,pc_randomwalk,tai nguyen,cpu,node,user-db|orders|carts|carts-db|session-db|catalogue|shipping|catalogue-db|orders-db|payment|rabbitmq|front-end|user|queue-master|rabbitmq-exporter,shipping|rabbitmq|rabbitmq-exporter|catalogue-db|queue-master|user|user-db|carts|carts-db|catalogue|orders|orders-db|payment|session-db,carts|carts-db|catalogue|catalogue-db|orders|orders-db|payment|queue-master|rabbitmq|rabbitmq-exporter|session-db|shipping|user|user-db,,,7.355163097381592,0.4555783271789551,15,14,False,False,False,False,False,False
SockShop,user,disk,2,nsigma,tai nguyen,cpu,node,user|orders|user-db|catalogue|front-end|shipping|orders-db|carts-db|session-db|payment|rabbitmq|carts|queue-master|catalogue-db,user|user-db|orders-db|carts-db|rabbitmq|queue-master|catalogue|catalogue-db|shipping|carts|session-db|front-end|orders,carts|carts-db|catalogue|catalogue-db|front-end|orders|orders-db|queue-master|rabbitmq|session-db|shipping|user|user-db,,,0.010273933410644531,0.0025827884674072266,14,13,True,True,True,True,True,True
SockShop,user,disk,2,baro,tai nguyen,cpu,node,user|session-db|rabbitmq|orders|user-db|catalogue|carts|front-end|queue-master|shipping|orders-db|catalogue-db|carts-db|payment,user|user-db|queue-master|shipping|orders-db|rabbitmq|catalogue-db|catalogue|carts-db|front-end|session-db|carts|orders,carts|carts-db|catalogue|catalogue-db|front-end|orders|orders-db|queue-master|rabbitmq|session-db|shipping|user|user-db,,,0.013011932373046875,0.0034189224243164062,14,13,True,True,True,True,True,True
SockShop,user,disk,2,circa,tai nguyen,cpu,node,orders|user|catalogue-db|queue-master|user-db|shipping|carts-db|payment|carts|orders-db|catalogue|front-end|rabbitmq|session-db,user|orders|carts-db|orders-db|shipping|user-db|queue-master|catalogue-db|rabbitmq|carts|front-end|catalogue|session-db,carts|carts-db|catalogue|catalogue-db|front-end|orders|orders-db|queue-master|rabbitmq|session-db|shipping|user|user-db,,,5.239831924438477,0.08973121643066406,14,13,False,False,True,True,True,True
SockShop,user,disk,2,pc_randomwalk,tai nguyen,cpu,node,rabbitmq|payment|carts|carts-db|catalogue|front-end|orders-db|user-db|shipping|user|queue-master|session-db|orders|catalogue-db,queue-master|shipping|user|catalogue|orders-db|session-db|user-db|carts|carts-db|catalogue-db|front-end|orders|rabbitmq,carts|carts-db|catalogue|catalogue-db|front-end|orders|orders-db|queue-master|rabbitmq|session-db|shipping|user|user-db,,,5.360940933227539,0.0968470573425293,14,13,False,False,False,False,False,True
SockShop,user,disk,3,nsigma,tai nguyen,cpu,node,user|orders|carts|catalogue|front-end|orders-db|carts-db|user-db|session-db|shipping|payment|queue-master|rabbitmq|catalogue-db,user|user-db|orders|payment|orders-db|catalogue|session-db|carts|queue-master|shipping,carts|catalogue|orders|orders-db|payment|queue-master|session-db|shipping|user|user-db,,,0.00984811782836914,0.0021059513092041016,14,10,True,True,True,True,True,True
SockShop,user,disk,3,baro,tai nguyen,cpu,node,user|session-db|orders|user-db|catalogue|carts|front-end|carts-db|orders-db|shipping|payment|queue-master|rabbitmq|catalogue-db,user|orders|user-db|orders-db|payment|session-db|carts|catalogue|queue-master|shipping,carts|catalogue|orders|orders-db|payment|queue-master|session-db|shipping|user|user-db,,,0.012400150299072266,0.002666950225830078,14,10,True,True,True,True,True,True
SockShop,user,disk,3,circa,tai nguyen,cpu,node,user|carts|catalogue-db|front-end|carts-db|queue-master|user-db|orders|orders-db|catalogue|shipping|session-db|payment|rabbitmq,user|user-db|catalogue|shipping|orders-db|orders|carts|queue-master|session-db|payment,carts|catalogue|orders|orders-db|payment|queue-master|session-db|shipping|user|user-db,,,3.787463903427124,0.041818857192993164,14,10,True,True,True,True,True,True
SockShop,user,disk,3,pc_randomwalk,tai nguyen,cpu,node,shipping|carts|session-db|catalogue|orders-db|queue-master|carts-db|user|front-end|orders|user-db|payment|rabbitmq|catalogue-db,shipping|user-db|catalogue|payment|queue-master|session-db|carts|orders|orders-db|user,carts|catalogue|orders|orders-db|payment|queue-master|session-db|shipping|user|user-db,,,3.9122729301452637,0.03746485710144043,14,10,False,False,False,False,False,False
SockShop,user,loss,1,nsigma,mang,workload,node,user|front-end|orders|catalogue|queue-master|session-db|carts-db|rabbitmq-exporter|orders-db|user-db|payment|carts|shipping|rabbitmq|catalogue-db,catalogue|front-end|user|carts|shipping|orders|payment,carts|catalogue|front-end|orders|payment|shipping|user,,,0.008330106735229492,0.0016260147094726562,15,7,True,True,False,False,True,True
SockShop,user,loss,1,baro,mang,workload,node,session-db|shipping|user|orders|front-end|catalogue|carts-db|user-db|queue-master|payment|orders-db|carts|rabbitmq-exporter|rabbitmq|catalogue-db,catalogue|front-end|user|carts|shipping|orders|payment,carts|catalogue|front-end|orders|payment|shipping|user,,,0.01026296615600586,0.001965045928955078,15,7,False,False,False,False,True,True
SockShop,user,loss,1,circa,mang,workload,node,session-db|user|orders|front-end|catalogue|payment|orders-db|user-db|shipping|carts-db|carts|queue-master|rabbitmq|rabbitmq-exporter|catalogue-db,front-end|shipping|catalogue|user|carts|orders|payment,carts|catalogue|front-end|orders|payment|shipping|user,,,4.9259631633758545,0.021818161010742188,15,7,False,True,False,False,True,False
SockShop,user,loss,1,pc_randomwalk,mang,workload,node,carts|orders|queue-master|carts-db|user|user-db|session-db|front-end|shipping|orders-db|rabbitmq-exporter|catalogue|catalogue-db|payment|rabbitmq,payment|catalogue|orders|shipping|user|carts|front-end,carts|catalogue|front-end|orders|payment|shipping|user,,,5.089540958404541,0.020349979400634766,15,7,False,False,False,False,False,False
SockShop,user,loss,2,nsigma,mang,workload,node,front-end|user|orders|catalogue|shipping|payment|carts|rabbitmq|carts-db|catalogue-db|session-db|orders-db|rabbitmq-exporter|user-db|queue-master,catalogue|carts|payment|orders|shipping|user|front-end,carts|catalogue|front-end|orders|payment|shipping|user,,,0.007773876190185547,0.0016238689422607422,15,7,False,False,False,False,True,False
SockShop,user,loss,2,baro,mang,workload,node,session-db|carts|front-end|user|orders|shipping|queue-master|rabbitmq|catalogue|payment|carts-db|user-db|catalogue-db|rabbitmq-exporter|orders-db,catalogue|payment|orders|user|carts|shipping|front-end,carts|catalogue|front-end|orders|payment|shipping|user,,,0.00982213020324707,0.0020110607147216797,15,7,False,False,False,False,False,False
SockShop,user,loss,2,circa,mang,workload,node,user|shipping|front-end|carts-db|catalogue|carts|orders|user-db|orders-db|payment|session-db|queue-master|rabbitmq-exporter|rabbitmq|catalogue-db,user|carts|orders|shipping|catalogue|front-end|payment,carts|catalogue|front-end|orders|payment|shipping|user,,,3.514946222305298,0.02346181869506836,15,7,True,True,True,True,True,True
SockShop,user,loss,2,pc_randomwalk,mang,workload,node,carts|front-end|user-db|shipping|carts-db|queue-master|user|payment|orders|orders-db|catalogue|catalogue-db|session-db|rabbitmq-exporter|rabbitmq,payment|catalogue|orders|shipping|user|carts|front-end,carts|catalogue|front-end|orders|payment|shipping|user,,,3.735038995742798,0.022474050521850586,15,7,False,False,False,False,False,False
SockShop,user,loss,3,nsigma,mang,workload,node,shipping|user|front-end|carts|session-db|orders|catalogue|user-db|carts-db|rabbitmq|queue-master|catalogue-db|orders-db|payment,catalogue|carts|shipping|orders|payment|front-end|user,carts|catalogue|front-end|orders|payment|shipping|user,,,0.009655952453613281,0.0017879009246826172,14,7,False,False,False,False,True,False
SockShop,user,loss,3,baro,mang,workload,node,session-db|shipping|queue-master|front-end|user|orders|carts|rabbitmq|catalogue|carts-db|user-db|orders-db|catalogue-db|payment,catalogue|carts|payment|front-end|orders|shipping|user,carts|catalogue|front-end|orders|payment|shipping|user,,,0.011754989624023438,0.002113819122314453,14,7,False,False,False,False,False,False
SockShop,user,loss,3,circa,mang,workload,node,payment|orders|user|front-end|shipping|orders-db|session-db|carts|user-db|catalogue|catalogue-db|carts-db|queue-master|rabbitmq,catalogue|front-end|user|carts|orders|payment|shipping,carts|catalogue|front-end|orders|payment|shipping|user,,,4.8391993045806885,0.021642684936523438,14,7,False,False,False,False,True,True
SockShop,user,loss,3,pc_randomwalk,mang,workload,node,orders|carts|orders-db|carts-db|user-db|queue-master|session-db|catalogue|payment|user|catalogue-db|shipping|front-end|rabbitmq,payment|catalogue|orders|shipping|user|carts|front-end,carts|catalogue|front-end|orders|payment|shipping|user,,,4.987504005432129,0.0204470157623291,14,7,False,False,False,False,False,False
SockShop,user,mem,1,nsigma,tai nguyen,cpu,node,user|catalogue-db|front-end|orders|carts|rabbitmq|user-db|shipping|carts-db|payment|orders-db|session-db|catalogue|queue-master|rabbitmq-exporter,user|orders|shipping|carts-db|rabbitmq|session-db|front-end|catalogue-db|rabbitmq-exporter|user-db|carts|orders-db|payment,carts|carts-db|catalogue-db|front-end|orders|orders-db|payment|rabbitmq|rabbitmq-exporter|session-db|shipping|user|user-db,,,0.010665178298950195,0.0026030540466308594,15,13,True,True,True,True,True,True
SockShop,user,mem,1,baro,tai nguyen,cpu,node,session-db|user|catalogue-db|orders|front-end|carts|rabbitmq|shipping|user-db|catalogue|payment|carts-db|orders-db|queue-master|rabbitmq-exporter,user|shipping|orders|carts-db|session-db|user-db|payment|catalogue-db|rabbitmq|front-end|carts|orders-db|rabbitmq-exporter,carts|carts-db|catalogue-db|front-end|orders|orders-db|payment|rabbitmq|rabbitmq-exporter|session-db|shipping|user|user-db,,,0.013434886932373047,0.003393888473510742,15,13,False,False,True,True,True,True
SockShop,user,mem,1,circa,tai nguyen,cpu,node,user|orders|shipping|front-end|catalogue-db|carts|carts-db|payment|user-db|orders-db|queue-master|session-db|rabbitmq|catalogue|rabbitmq-exporter,user|catalogue-db|payment|session-db|carts-db|front-end|rabbitmq|rabbitmq-exporter|orders|carts|orders-db|shipping|user-db,carts|carts-db|catalogue-db|front-end|orders|orders-db|payment|rabbitmq|rabbitmq-exporter|session-db|shipping|user|user-db,,,4.509028196334839,0.0762181282043457,15,13,True,True,True,True,True,True
SockShop,user,mem,1,pc_randomwalk,tai nguyen,cpu,node,carts|carts-db|catalogue-db|orders|orders-db|session-db|shipping|user-db|catalogue|payment|front-end|rabbitmq|rabbitmq-exporter|user|queue-master,rabbitmq|shipping|user|catalogue-db|payment|session-db|user-db|carts|carts-db|front-end|orders|orders-db|rabbitmq-exporter,carts|carts-db|catalogue-db|front-end|orders|orders-db|payment|rabbitmq|rabbitmq-exporter|session-db|shipping|user|user-db,,,4.687965154647827,0.06816411018371582,15,13,False,False,False,False,False,True
SockShop,user,mem,2,nsigma,tai nguyen,cpu,node,user|front-end|catalogue|orders|user-db|carts|queue-master|carts-db|shipping|orders-db|payment|rabbitmq|session-db|catalogue-db,user|carts|carts-db|shipping|orders|catalogue|catalogue-db|rabbitmq|queue-master|orders-db|user-db|session-db|front-end,carts|carts-db|catalogue|catalogue-db|front-end|orders|orders-db|queue-master|rabbitmq|session-db|shipping|user|user-db,,,0.010930299758911133,0.0026099681854248047,14,13,True,True,True,True,True,True
SockShop,user,mem,2,baro,tai nguyen,cpu,node,user|orders|front-end|session-db|catalogue|user-db|carts|carts-db|queue-master|shipping|orders-db|catalogue-db|payment|rabbitmq,user|queue-master|carts|shipping|carts-db|catalogue-db|orders|catalogue|rabbitmq|orders-db|user-db|session-db|front-end,carts|carts-db|catalogue|catalogue-db|front-end|orders|orders-db|queue-master|rabbitmq|session-db|shipping|user|user-db,,,0.013637065887451172,0.003219127655029297,14,13,True,True,True,True,True,True
SockShop,user,mem,2,circa,tai nguyen,cpu,node,catalogue-db|user|front-end|orders|carts|queue-master|rabbitmq|user-db|catalogue|carts-db|payment|shipping|orders-db|session-db,user|catalogue-db|queue-master|shipping|orders-db|carts-db|orders|rabbitmq|carts|front-end|user-db|catalogue|session-db,carts|carts-db|catalogue|catalogue-db|front-end|orders|orders-db|queue-master|rabbitmq|session-db|shipping|user|user-db,,,5.122882127761841,0.09743714332580566,14,13,False,False,True,True,True,True
SockShop,user,mem,2,pc_randomwalk,tai nguyen,cpu,node,session-db|user|orders|carts|carts-db|catalogue|front-end|payment|shipping|orders-db|queue-master|rabbitmq|catalogue-db|user-db,queue-master|shipping|user|catalogue|orders-db|session-db|user-db|carts|carts-db|catalogue-db|front-end|orders|rabbitmq,carts|carts-db|catalogue|catalogue-db|front-end|orders|orders-db|queue-master|rabbitmq|session-db|shipping|user|user-db,,,5.341890096664429,0.08766698837280273,14,13,False,False,False,False,True,True
SockShop,user,mem,3,nsigma,tai nguyen,latency-50,duong,user|orders|front-end|catalogue|shipping|carts|queue-master|orders-db|carts-db|user-db|payment|session-db|rabbitmq|rabbitmq-exporter|catalogue-db,user|front-end|orders|catalogue|shipping|carts|payment,carts|catalogue|front-end|orders|payment|shipping|user,,,0.010720014572143555,0.0016798973083496094,15,7,True,True,True,True,True,True
SockShop,user,mem,3,baro,tai nguyen,latency-50,duong,session-db|user|orders|front-end|carts|rabbitmq|catalogue|shipping|queue-master|payment|orders-db|carts-db|user-db|catalogue-db|rabbitmq-exporter,user|orders|front-end|catalogue|shipping|carts|payment,carts|catalogue|front-end|orders|payment|shipping|user,,,0.013384819030761719,0.002032041549682617,15,7,False,True,True,True,True,True
SockShop,user,mem,3,circa,tai nguyen,latency-50,duong,orders|shipping|user|front-end|carts|queue-master|catalogue-db|carts-db|rabbitmq|orders-db|catalogue|user-db|payment|rabbitmq-exporter|session-db,user|front-end|orders|payment|shipping|catalogue|carts,carts|catalogue|front-end|orders|payment|shipping|user,,,5.547959089279175,0.022272109985351562,15,7,False,False,True,True,True,True
SockShop,user,mem,3,pc_randomwalk,tai nguyen,latency-50,duong,carts|catalogue|catalogue-db|orders|orders-db|session-db|carts-db|shipping|user-db|payment|front-end|queue-master|rabbitmq|rabbitmq-exporter|user,payment|catalogue|orders|shipping|user|carts|front-end,carts|catalogue|front-end|orders|payment|shipping|user,,,5.712294101715088,0.021099090576171875,15,7,False,False,False,False,False,True
SockShop,user,socket,1,nsigma,tai nguyen,latency-50,duong,user|session-db|front-end|user-db|carts|carts-db|shipping|catalogue|orders-db|orders|payment|queue-master|catalogue-db|rabbitmq-exporter|rabbitmq,user|front-end|shipping|catalogue|payment|carts|orders,carts|catalogue|front-end|orders|payment|shipping|user,,,0.011216163635253906,0.0016438961029052734,15,7,True,True,True,True,True,True
SockShop,user,socket,1,baro,tai nguyen,latency-50,duong,session-db|shipping|user|front-end|carts|catalogue|user-db|orders|carts-db|rabbitmq|queue-master|payment|orders-db|catalogue-db|rabbitmq-exporter,user|front-end|catalogue|carts|payment|shipping|orders,carts|catalogue|front-end|orders|payment|shipping|user,,,0.01402425765991211,0.001979827880859375,15,7,False,False,True,True,True,True
SockShop,user,socket,1,circa,tai nguyen,latency-50,duong,user|front-end|session-db|orders-db|carts-db|carts|shipping|catalogue|queue-master|rabbitmq|user-db|payment|catalogue-db|orders|rabbitmq-exporter,user|carts|front-end|payment|orders|catalogue|shipping,carts|catalogue|front-end|orders|payment|shipping|user,,,7.788476943969727,0.01753401756286621,15,7,True,True,True,True,True,True
SockShop,user,socket,1,pc_randomwalk,tai nguyen,latency-50,duong,rabbitmq|user|carts|carts-db|catalogue|front-end|payment|user-db|catalogue-db|orders-db|session-db|queue-master|rabbitmq-exporter|shipping|orders,payment|catalogue|orders|shipping|user|carts|front-end,carts|catalogue|front-end|orders|payment|shipping|user,,,8.020102977752686,0.013087034225463867,15,7,False,True,False,False,True,True
SockShop,user,socket,2,nsigma,tai nguyen,cpu,node,user|orders|shipping|front-end|catalogue-db|catalogue|carts|user-db|session-db|orders-db|queue-master|carts-db|payment|rabbitmq,user|carts|queue-master|carts-db|user-db|catalogue|catalogue-db|rabbitmq|front-end|orders-db|session-db|orders,carts|carts-db|catalogue|catalogue-db|front-end|orders|orders-db|queue-master|rabbitmq|session-db|user|user-db,,,0.010497093200683594,0.0024650096893310547,14,12,True,True,True,True,True,True
SockShop,user,socket,2,baro,tai nguyen,cpu,node,catalogue-db|session-db|user|orders|shipping|front-end|catalogue|queue-master|carts|user-db|orders-db|carts-db|payment|rabbitmq,user|orders|carts|user-db|queue-master|carts-db|rabbitmq|catalogue-db|catalogue|front-end|session-db|orders-db,carts|carts-db|catalogue|catalogue-db|front-end|orders|orders-db|queue-master|rabbitmq|session-db|user|user-db,,,0.01299905776977539,0.0029959678649902344,14,12,False,False,True,True,True,True
SockShop,user,socket,2,circa,tai nguyen,cpu,node,orders|user|front-end|payment|user-db|shipping|catalogue|carts|carts-db|queue-master|rabbitmq|session-db|orders-db|catalogue-db,user|session-db|rabbitmq|user-db|carts-db|catalogue|front-end|orders|catalogue-db|orders-db|carts|queue-master,carts|carts-db|catalogue|catalogue-db|front-end|orders|orders-db|queue-master|rabbitmq|session-db|user|user-db,,,4.939237117767334,0.07177114486694336,14,12,False,False,True,True,True,True
SockShop,user,socket,2,pc_randomwalk,tai nguyen,cpu,node,session-db|payment|carts|carts-db|catalogue|orders|shipping|user|user-db|front-end|orders-db|queue-master|rabbitmq|catalogue-db,orders-db|session-db|user|catalogue|queue-master|rabbitmq|user-db|carts|carts-db|catalogue-db|front-end|orders,carts|carts-db|catalogue|catalogue-db|front-end|orders|orders-db|queue-master|rabbitmq|session-db|user|user-db,,,5.083362102508545,0.05911707878112793,14,12,False,False,False,False,False,True
SockShop,user,socket,3,nsigma,tai nguyen,cpu,node,user|front-end|orders|catalogue-db|carts-db|user-db|shipping|payment|catalogue|orders-db|rabbitmq-exporter|session-db|rabbitmq|queue-master|carts,user|carts-db|rabbitmq-exporter|user-db|payment|orders-db|catalogue|front-end|session-db|catalogue-db|shipping|rabbitmq|carts|queue-master,carts|carts-db|catalogue|catalogue-db|front-end|orders-db|payment|queue-master|rabbitmq|rabbitmq-exporter|session-db|shipping|user|user-db,,,0.011091947555541992,0.0027341842651367188,15,14,True,True,True,True,True,True
SockShop,user,socket,3,baro,tai nguyen,cpu,node,session-db|user|orders|catalogue-db|front-end|catalogue|carts-db|user-db|payment|shipping|orders-db|rabbitmq-exporter|rabbitmq|carts|queue-master,user|carts-db|user-db|shipping|rabbitmq-exporter|orders-db|rabbitmq|session-db|payment|catalogue|queue-master|catalogue-db|front-end|carts,carts|carts-db|catalogue|catalogue-db|front-end|orders-db|payment|queue-master|rabbitmq|rabbitmq-exporter|session-db|shipping|user|user-db,,,0.013756752014160156,0.003683805465698242,15,14,False,False,True,True,True,True
SockShop,user,socket,3,circa,tai nguyen,cpu,node,catalogue|orders|rabbitmq-exporter|user|front-end|payment|shipping|rabbitmq|carts|orders-db|user-db|queue-master|carts-db|session-db|catalogue-db,user|queue-master|shipping|user-db|rabbitmq|session-db|payment|carts-db|carts|rabbitmq-exporter|catalogue-db|front-end|orders-db|catalogue,carts|carts-db|catalogue|catalogue-db|front-end|orders-db|payment|queue-master|rabbitmq|rabbitmq-exporter|session-db|shipping|user|user-db,,,5.8884851932525635,0.10497212409973145,15,14,False,False,True,True,False,True
SockShop,user,socket,3,pc_randomwalk,tai nguyen,cpu,node,carts|carts-db|catalogue|front-end|queue-master|user-db|orders|orders-db|rabbitmq-exporter|payment|user|shipping|rabbitmq|session-db|catalogue-db,shipping|rabbitmq|rabbitmq-exporter|catalogue-db|queue-master|user|user-db|carts|carts-db|catalogue|front-end|orders-db|payment|session-db,carts|carts-db|catalogue|catalogue-db|front-end|orders-db|payment|queue-master|rabbitmq|rabbitmq-exporter|session-db|shipping|user|user-db,,,6.075201988220215,0.0809030532836914,15,14,False,False,False,False,False,False
