he,injected,fault,run,phuong_phap,nhom,tang_chon,don_vi,xh0,xh1,ung,fallback_0,fallback_1,giay_0,giay_1,n_cand_0,n_cand_1,M0_nhu_xuat_ban,M0b_khop_ung_vien,M1_truc_tang,M2_ca_hai_truc,M0_t3,M2_t3
TrainTicket,ts-auth-service,cpu,1,nsigma,tai nguyen,latency-50,duong,ts-auth-service|ts-order-service|ts-preserve-service|ts-user-mongo|ts-food-service|ts-ticket-office-mongo|ts-contacts-service|ts-ui-dashboard|ts-config-service|ts-consign-price-mongo|ts-news-service|ts-consign-mongo|ts-travel-service|ts-route-service|ts-price-mongo|ts-train-service|ts-preserve-other-mongo|ts-price-service|ts-station-service|ts-contacts-mongo|ts-security-mongo|ts-preserve-mongo|ts-consign-service|ts-basic-service|ts-ticket-office-service|ts-admin-order-service|ts-admin-route-service|ts-travel2-mongo|ts-travel2-service|ts-payment-service|ts-ticketinfo-service|ts-order-other-mongo|ts-assurance-service|ts-payment-mongo|ts-food-map-service|ts-food-mongo|ts-inside-payment-service|ts-admin-user-service|ts-train-mongo|ts-execute-service|ts-seat-service|ts-admin-travel-service|ts-admin-basic-info-service|ts-user-service|ts-order-other-service|ts-order-mongo|ts-consign-price-service|ts-auth-mongo|ts-inside-payment-mongo|ts-travel-plan-service|ts-station-mongo|ts-preserve-other-service|ts-config-mongo|ts-cancel-service|ts-rebook-service|ts-route-mongo|ts-food-map-mongo|ts-security-service|ts-notification-service|ts-route-plan-service|ts-verification-code-service|ts-assurance-mongo|ts-notification-mongo|ts-avatar-service|ts-voucher-service|ts-travel-mongo|ts-food-mysql|ts-voucher-mysql,ts-auth-service|ts-ui-dashboard|ts-consign-price-service|ts-order-service|ts-order-other-service|ts-food-service|ts-basic-service|ts-travel-service|ts-inside-payment-service|ts-admin-basic-info-service|ts-train-service|ts-station-service|ts-seat-service|ts-food-map-service|ts-price-service|ts-ticketinfo-service|ts-route-service|ts-travel2-service|ts-config-service,ts-admin-basic-info-service|ts-auth-service|ts-basic-service|ts-config-service|ts-consign-price-service|ts-food-map-service|ts-food-service|ts-inside-payment-service|ts-order-other-service|ts-order-service|ts-price-service|ts-route-service|ts-seat-service|ts-station-service|ts-ticketinfo-service|ts-train-service|ts-travel-service|ts-travel2-service|ts-ui-dashboard,,,0.041841983795166016,0.0030930042266845703,68,19,True,True,True,True,True,True
TrainTicket,ts-auth-service,cpu,1,baro,tai nguyen,latency-50,duong,ts-verification-code-service|ts-order-service|ts-auth-service|ts-preserve-service|ts-contacts-service|ts-ticketinfo-service|ts-ticket-office-mongo|ts-food-service|ts-user-mongo|ts-basic-service|ts-price-service|ts-config-service|ts-ui-dashboard|ts-route-service|ts-payment-service|ts-train-service|ts-consign-price-mongo|ts-travel-service|ts-consign-mongo|ts-travel2-service|ts-preserve-other-mongo|ts-auth-mongo|ts-user-service|ts-price-mongo|ts-food-map-service|ts-news-service|ts-food-mongo|ts-seat-service|ts-preserve-other-service|ts-station-service|ts-contacts-mongo|ts-order-other-mongo|ts-consign-service|ts-inside-payment-service|ts-security-mongo|ts-ticket-office-service|ts-preserve-mongo|ts-payment-mongo|ts-consign-price-service|ts-travel2-mongo|ts-config-mongo|ts-station-mongo|ts-travel-mongo|ts-admin-basic-info-service|ts-order-other-service|ts-assurance-service|ts-travel-plan-service|ts-route-mongo|ts-train-mongo|ts-admin-route-service|ts-admin-travel-service|ts-admin-order-service|ts-avatar-service|ts-security-service|ts-food-map-mongo|ts-order-mongo|ts-voucher-service|ts-admin-user-service|ts-rebook-service|ts-route-plan-service|ts-inside-payment-mongo|ts-cancel-service|ts-notification-mongo|ts-execute-service|ts-assurance-mongo|ts-notification-service|ts-food-mysql|ts-voucher-mysql,ts-auth-service|ts-ui-dashboard|ts-order-service|ts-basic-service|ts-order-other-service|ts-inside-payment-service|ts-consign-price-service|ts-food-service|ts-travel-service|ts-train-service|ts-station-service|ts-admin-basic-info-service|ts-seat-service|ts-food-map-service|ts-price-service|ts-route-service|ts-ticketinfo-service|ts-travel2-service|ts-config-service,ts-admin-basic-info-service|ts-auth-service|ts-basic-service|ts-config-service|ts-consign-price-service|ts-food-map-service|ts-food-service|ts-inside-payment-service|ts-order-other-service|ts-order-service|ts-price-service|ts-route-service|ts-seat-service|ts-station-service|ts-ticketinfo-service|ts-train-service|ts-travel-service|ts-travel2-service|ts-ui-dashboard,,,0.051763057708740234,0.0038242340087890625,68,19,False,False,True,True,True,True
TrainTicket,ts-auth-service,cpu,2,nsigma,tai nguyen,cpu,node,ts-seat-service|ts-travel-service|ts-basic-service|ts-auth-service|ts-order-service|ts-admin-order-service|ts-admin-route-service|ts-admin-user-service|ts-station-service|ts-ticketinfo-service|ts-execute-service|ts-rebook-service|ts-verification-code-service|ts-cancel-service|ts-ui-dashboard|ts-travel-plan-service|ts-route-plan-service|ts-food-service|ts-notification-service|ts-admin-basic-info-service|ts-route-service|ts-consign-mongo|ts-contacts-mongo|ts-food-map-mongo|ts-assurance-mongo|ts-preserve-mongo|ts-travel2-service|ts-preserve-service|ts-payment-service|ts-preserve-other-mongo|ts-notification-mongo|ts-auth-mongo|ts-food-mongo|ts-contacts-service|ts-news-service|ts-preserve-other-service|ts-inside-payment-service|ts-order-mongo|ts-admin-travel-service|ts-config-service|ts-order-other-service|ts-train-service|ts-consign-service|ts-train-mongo|ts-ticket-office-service|ts-security-service|ts-consign-price-service|ts-food-map-service|ts-price-service|ts-user-mongo|ts-assurance-service|ts-user-service|ts-ticket-office-mongo|ts-route-mongo|ts-travel-mongo|ts-inside-payment-mongo|ts-order-other-mongo|ts-price-mongo|ts-payment-mongo|ts-config-mongo|ts-consign-price-mongo|ts-travel2-mongo|ts-security-mongo|ts-avatar-service|ts-voucher-service|ts-food-mysql|ts-voucher-mysql|ts-station-mongo,ts-travel-service|ts-seat-service|ts-station-service|ts-auth-service|ts-food-service|ts-admin-basic-info-service|ts-basic-service|ts-admin-route-service|ts-execute-service|ts-admin-order-service|ts-admin-user-service|ts-rebook-service|ts-notification-service|ts-travel2-service|ts-travel-plan-service|ts-payment-service|ts-preserve-other-service|ts-preserve-service|ts-route-plan-service|ts-ticket-office-service|ts-cancel-service|ts-verification-code-service|ts-contacts-service|ts-price-service|ts-order-other-mongo|ts-preserve-mongo|ts-travel-mongo|ts-order-service|ts-consign-mongo|ts-order-mongo|ts-inside-payment-mongo|ts-consign-price-mongo|ts-train-service|ts-notification-mongo|ts-assurance-mongo|ts-food-mongo|ts-user-mongo|ts-order-other-service|ts-avatar-service|ts-config-service|ts-ui-dashboard|ts-config-mongo|ts-contacts-mongo|ts-payment-mongo|ts-route-mongo|ts-food-map-mongo|ts-travel2-mongo|ts-route-service|ts-voucher-service|ts-price-mongo|ts-preserve-other-mongo|ts-ticket-office-mongo|ts-food-mysql|ts-train-mongo|ts-voucher-mysql|ts-consign-service|ts-food-map-service|ts-inside-payment-service|ts-assurance-service|ts-user-service|ts-consign-price-service,ts-admin-basic-info-service|ts-admin-order-service|ts-admin-route-service|ts-admin-user-service|ts-assurance-mongo|ts-assurance-service|ts-auth-service|ts-avatar-service|ts-basic-service|ts-cancel-service|ts-config-mongo|ts-config-service|ts-consign-mongo|ts-consign-price-mongo|ts-consign-price-service|ts-consign-service|ts-contacts-mongo|ts-contacts-service|ts-execute-service|ts-food-map-mongo|ts-food-map-service|ts-food-mongo|ts-food-mysql|ts-food-service|ts-inside-payment-mongo|ts-inside-payment-service|ts-notification-mongo|ts-notification-service|ts-order-mongo|ts-order-other-mongo|ts-order-other-service|ts-order-service|ts-payment-mongo|ts-payment-service|ts-preserve-mongo|ts-preserve-other-mongo|ts-preserve-other-service|ts-preserve-service|ts-price-mongo|ts-price-service|ts-rebook-service|ts-route-mongo|ts-route-plan-service|ts-route-service|ts-seat-service|ts-station-service|ts-ticket-office-mongo|ts-ticket-office-service|ts-train-mongo|ts-train-service|ts-travel-mongo|ts-travel-plan-service|ts-travel-service|ts-travel2-mongo|ts-travel2-service|ts-ui-dashboard|ts-user-mongo|ts-user-service|ts-verification-code-service|ts-voucher-mysql|ts-voucher-service,,,0.04169201850891113,0.008793830871582031,68,61,False,False,False,False,False,False
TrainTicket,ts-auth-service,cpu,2,baro,tai nguyen,cpu,node,ts-admin-user-service|ts-seat-service|ts-travel-service|ts-ticketinfo-service|ts-admin-order-service|ts-basic-service|ts-food-service|ts-order-service|ts-auth-service|ts-admin-route-service|ts-station-service|ts-rebook-service|ts-ui-dashboard|ts-execute-service|ts-verification-code-service|ts-travel-plan-service|ts-route-plan-service|ts-cancel-service|ts-notification-service|ts-admin-basic-info-service|ts-route-service|ts-consign-mongo|ts-payment-service|ts-preserve-mongo|ts-admin-travel-service|ts-price-service|ts-contacts-mongo|ts-preserve-other-service|ts-inside-payment-service|ts-notification-mongo|ts-travel2-service|ts-preserve-service|ts-config-service|ts-preserve-other-mongo|ts-food-map-mongo|ts-assurance-mongo|ts-ticket-office-mongo|ts-travel-mongo|ts-auth-mongo|ts-contacts-service|ts-user-service|ts-ticket-office-service|ts-train-service|ts-order-mongo|ts-food-mongo|ts-travel2-mongo|ts-news-service|ts-consign-service|ts-train-mongo|ts-order-other-service|ts-security-service|ts-voucher-service|ts-food-map-service|ts-consign-price-service|ts-user-mongo|ts-order-other-mongo|ts-inside-payment-mongo|ts-route-mongo|ts-payment-mongo|ts-assurance-service|ts-config-mongo|ts-voucher-mysql|ts-consign-price-mongo|ts-avatar-service|ts-price-mongo|ts-food-mysql|ts-security-mongo|ts-station-mongo,ts-seat-service|ts-travel-service|ts-admin-route-service|ts-execute-service|ts-admin-user-service|ts-admin-order-service|ts-rebook-service|ts-auth-service|ts-food-service|ts-station-service|ts-admin-basic-info-service|ts-notification-service|ts-basic-service|ts-travel-plan-service|ts-verification-code-service|ts-route-plan-service|ts-price-service|ts-cancel-service|ts-payment-service|ts-contacts-service|ts-travel2-service|ts-ticket-office-service|ts-preserve-other-service|ts-voucher-service|ts-preserve-mongo|ts-consign-mongo|ts-order-other-mongo|ts-preserve-service|ts-inside-payment-service|ts-order-other-service|ts-inside-payment-mongo|ts-payment-mongo|ts-user-mongo|ts-assurance-mongo|ts-travel2-mongo|ts-contacts-mongo|ts-food-mongo|ts-ticket-office-mongo|ts-preserve-other-mongo|ts-notification-mongo|ts-config-mongo|ts-voucher-mysql|ts-consign-price-mongo|ts-consign-service|ts-train-service|ts-avatar-service|ts-food-map-mongo|ts-order-mongo|ts-order-service|ts-ui-dashboard|ts-route-mongo|ts-travel-mongo|ts-food-mysql|ts-config-service|ts-route-service|ts-food-map-service|ts-train-mongo|ts-price-mongo|ts-user-service|ts-consign-price-service|ts-assurance-service,ts-admin-basic-info-service|ts-admin-order-service|ts-admin-route-service|ts-admin-user-service|ts-assurance-mongo|ts-assurance-service|ts-auth-service|ts-avatar-service|ts-basic-service|ts-cancel-service|ts-config-mongo|ts-config-service|ts-consign-mongo|ts-consign-price-mongo|ts-consign-price-service|ts-consign-service|ts-contacts-mongo|ts-contacts-service|ts-execute-service|ts-food-map-mongo|ts-food-map-service|ts-food-mongo|ts-food-mysql|ts-food-service|ts-inside-payment-mongo|ts-inside-payment-service|ts-notification-mongo|ts-notification-service|ts-order-mongo|ts-order-other-mongo|ts-order-other-service|ts-order-service|ts-payment-mongo|ts-payment-service|ts-preserve-mongo|ts-preserve-other-mongo|ts-preserve-other-service|ts-preserve-service|ts-price-mongo|ts-price-service|ts-rebook-service|ts-route-mongo|ts-route-plan-service|ts-route-service|ts-seat-service|ts-station-service|ts-ticket-office-mongo|ts-ticket-office-service|ts-train-mongo|ts-train-service|ts-travel-mongo|ts-travel-plan-service|ts-travel-service|ts-travel2-mongo|ts-travel2-service|ts-ui-dashboard|ts-user-mongo|ts-user-service|ts-verification-code-service|ts-voucher-mysql|ts-voucher-service,,,0.05255126953125,0.011182069778442383,68,61,False,False,False,False,False,False
TrainTicket,ts-auth-service,cpu,3,nsigma,tai nguyen,latency-50,duong,ts-station-service|ts-auth-service|ts-admin-user-service|ts-execute-service|ts-notification-service|ts-admin-order-service|ts-rebook-service|ts-ui-dashboard|ts-travel-plan-service|ts-consign-service|ts-admin-route-service|ts-seat-service|ts-security-service|ts-assurance-service|ts-inside-payment-mongo|ts-payment-service|ts-inside-payment-service|ts-cancel-service|ts-food-mongo|ts-order-service|ts-food-service|ts-travel2-mongo|ts-food-map-service|ts-preserve-other-service|ts-route-service|ts-route-plan-service|ts-contacts-service|ts-admin-travel-service|ts-ticketinfo-service|ts-news-service|ts-train-service|ts-order-mongo|ts-basic-service|ts-order-other-service|ts-admin-basic-info-service|ts-notification-mongo|ts-price-mongo|ts-price-service|ts-user-service|ts-train-mongo|ts-payment-mongo|ts-travel-service|ts-consign-mongo|ts-user-mongo|ts-station-mongo|ts-config-service|ts-order-other-mongo|ts-consign-price-service|ts-verification-code-service|ts-preserve-service|ts-travel2-service|ts-consign-price-mongo|ts-auth-mongo|ts-travel-mongo|ts-config-mongo|ts-preserve-mongo|ts-security-mongo|ts-assurance-mongo|ts-preserve-other-mongo|ts-food-map-mongo|ts-contacts-mongo|ts-avatar-service|ts-ticket-office-mongo|ts-ticket-office-service|ts-route-mongo|ts-voucher-mysql|ts-voucher-service|ts-food-mysql,ts-auth-service|ts-order-service|ts-ui-dashboard|ts-seat-service|ts-station-service|ts-basic-service|ts-order-other-service|ts-route-service|ts-food-service|ts-ticketinfo-service|ts-security-service|ts-train-service|ts-travel-service|ts-inside-payment-service|ts-config-service|ts-price-service|ts-travel2-service|ts-food-map-service|ts-assurance-service|ts-admin-basic-info-service|ts-user-service|ts-contacts-service,ts-admin-basic-info-service|ts-assurance-service|ts-auth-service|ts-basic-service|ts-config-service|ts-contacts-service|ts-food-map-service|ts-food-service|ts-inside-payment-service|ts-order-other-service|ts-order-service|ts-price-service|ts-route-service|ts-seat-service|ts-security-service|ts-station-service|ts-ticketinfo-service|ts-train-service|ts-travel-service|ts-travel2-service|ts-ui-dashboard|ts-user-service,,,0.0417790412902832,0.0035102367401123047,68,22,False,False,True,True,True,True
TrainTicket,ts-auth-service,cpu,3,baro,tai nguyen,latency-50,duong,ts-admin-order-service|ts-station-service|ts-food-service|ts-admin-route-service|ts-auth-service|ts-ui-dashboard|ts-seat-service|ts-inside-payment-mongo|ts-inside-payment-service|ts-execute-service|ts-notification-service|ts-travel-service|ts-ticketinfo-service|ts-rebook-service|ts-admin-user-service|ts-travel-plan-service|ts-security-service|ts-cancel-service|ts-verification-code-service|ts-consign-service|ts-route-plan-service|ts-consign-price-mongo|ts-assurance-service|ts-basic-service|ts-order-mongo|ts-contacts-service|ts-food-mongo|ts-order-service|ts-admin-basic-info-service|ts-admin-travel-service|ts-payment-service|ts-preserve-other-service|ts-order-other-service|ts-food-map-service|ts-travel2-mongo|ts-notification-mongo|ts-preserve-mongo|ts-consign-mongo|ts-route-service|ts-user-service|ts-station-mongo|ts-ticket-office-mongo|ts-price-service|ts-consign-price-service|ts-preserve-service|ts-user-mongo|ts-price-mongo|ts-news-service|ts-order-other-mongo|ts-payment-mongo|ts-travel-mongo|ts-train-service|ts-auth-mongo|ts-train-mongo|ts-security-mongo|ts-config-mongo|ts-config-service|ts-avatar-service|ts-preserve-other-mongo|ts-food-map-mongo|ts-travel2-service|ts-contacts-mongo|ts-assurance-mongo|ts-ticket-office-service|ts-food-mysql|ts-route-mongo|ts-voucher-mysql|ts-voucher-service,ts-auth-service|ts-ui-dashboard|ts-order-service|ts-seat-service|ts-station-service|ts-food-service|ts-basic-service|ts-order-other-service|ts-route-service|ts-travel-service|ts-ticketinfo-service|ts-price-service|ts-admin-basic-info-service|ts-inside-payment-service|ts-user-service|ts-train-service|ts-config-service|ts-travel2-service|ts-food-map-service|ts-assurance-service|ts-security-service|ts-contacts-service,ts-admin-basic-info-service|ts-assurance-service|ts-auth-service|ts-basic-service|ts-config-service|ts-contacts-service|ts-food-map-service|ts-food-service|ts-inside-payment-service|ts-order-other-service|ts-order-service|ts-price-service|ts-route-service|ts-seat-service|ts-security-service|ts-station-service|ts-ticketinfo-service|ts-train-service|ts-travel-service|ts-travel2-service|ts-ui-dashboard|ts-user-service,,,0.0525970458984375,0.004383087158203125,68,22,False,False,True,True,False,True
TrainTicket,ts-auth-service,delay,1,nsigma,mang,latency-50,duong,ts-auth-service|ts-security-service|ts-user-service|ts-preserve-other-service|ts-ui-dashboard|ts-auth-mongo|ts-order-other-service|ts-food-map-mongo|ts-food-map-service|ts-basic-service|ts-admin-basic-info-service|ts-food-service|ts-payment-service|ts-train-mongo|ts-consign-mongo|ts-inside-payment-service|ts-contacts-service|ts-train-service|ts-admin-travel-service|ts-travel2-service|ts-price-service|ts-route-mongo|ts-price-mongo|ts-config-mongo|ts-preserve-service|ts-inside-payment-mongo|ts-consign-price-service|ts-route-service|ts-consign-service|ts-payment-mongo|ts-user-mongo|ts-admin-user-service|ts-preserve-other-mongo|ts-admin-route-service|ts-assurance-mongo|ts-ticketinfo-service|ts-ticket-office-service|ts-execute-service|ts-admin-order-service|ts-travel-service|ts-rebook-service|ts-cancel-service|ts-seat-service|ts-news-service|ts-notification-mongo|ts-preserve-mongo|ts-contacts-mongo|ts-verification-code-service|ts-order-other-mongo|ts-order-mongo|ts-config-service|ts-notification-service|ts-route-plan-service|ts-assurance-service|ts-order-service|ts-travel-plan-service|ts-station-service|ts-security-mongo|ts-travel2-mongo|ts-food-mongo|ts-ticket-office-mongo|ts-station-mongo|ts-travel-mongo|ts-avatar-service|ts-consign-price-mongo|ts-voucher-mysql|ts-voucher-service,ts-auth-service|ts-ui-dashboard|ts-consign-price-service|ts-inside-payment-service|ts-assurance-service|ts-order-service|ts-seat-service|ts-order-other-service|ts-price-service|ts-user-service|ts-contacts-service|ts-consign-service|ts-security-service|ts-food-service|ts-admin-basic-info-service|ts-train-service|ts-route-service|ts-basic-service|ts-station-service|ts-travel-service|ts-food-map-service|ts-ticketinfo-service|ts-config-service|ts-travel2-service,ts-admin-basic-info-service|ts-assurance-service|ts-auth-service|ts-basic-service|ts-config-service|ts-consign-price-service|ts-consign-service|ts-contacts-service|ts-food-map-service|ts-food-service|ts-inside-payment-service|ts-order-other-service|ts-order-service|ts-price-service|ts-route-service|ts-seat-service|ts-security-service|ts-station-service|ts-ticketinfo-service|ts-train-service|ts-travel-service|ts-travel2-service|ts-ui-dashboard|ts-user-service,,,0.05831408500671387,0.003773927688598633,67,24,True,True,True,True,True,True
TrainTicket,ts-auth-service,delay,1,baro,mang,latency-50,duong,ts-admin-user-service|ts-rebook-service|ts-travel-plan-service|ts-verification-code-service|ts-contacts-service|ts-auth-service|ts-food-map-service|ts-consign-price-service|ts-security-service|ts-payment-service|ts-preserve-other-service|ts-order-other-service|ts-ui-dashboard|ts-ticketinfo-service|ts-config-mongo|ts-user-service|ts-food-map-mongo|ts-admin-basic-info-service|ts-auth-mongo|ts-inside-payment-service|ts-route-service|ts-train-mongo|ts-route-mongo|ts-admin-travel-service|ts-food-service|ts-train-service|ts-basic-service|ts-price-service|ts-consign-service|ts-price-mongo|ts-preserve-service|ts-consign-mongo|ts-assurance-service|ts-travel-service|ts-seat-service|ts-travel2-service|ts-order-service|ts-travel2-mongo|ts-inside-payment-mongo|ts-security-mongo|ts-user-mongo|ts-avatar-service|ts-order-other-mongo|ts-preserve-mongo|ts-payment-mongo|ts-assurance-mongo|ts-preserve-other-mongo|ts-travel-mongo|ts-contacts-mongo|ts-notification-mongo|ts-notification-service|ts-ticket-office-service|ts-news-service|ts-cancel-service|ts-admin-route-service|ts-route-plan-service|ts-execute-service|ts-admin-order-service|ts-config-service|ts-order-mongo|ts-consign-price-mongo|ts-station-mongo|ts-station-service|ts-ticket-office-mongo|ts-food-mongo|ts-voucher-mysql|ts-voucher-service,ts-auth-service|ts-ui-dashboard|ts-consign-price-service|ts-order-service|ts-inside-payment-service|ts-assurance-service|ts-user-service|ts-price-service|ts-contacts-service|ts-security-service|ts-seat-service|ts-order-other-service|ts-food-service|ts-admin-basic-info-service|ts-train-service|ts-station-service|ts-route-service|ts-basic-service|ts-consign-service|ts-travel-service|ts-food-map-service|ts-ticketinfo-service|ts-config-service|ts-travel2-service,ts-admin-basic-info-service|ts-assurance-service|ts-auth-service|ts-basic-service|ts-config-service|ts-consign-price-service|ts-consign-service|ts-contacts-service|ts-food-map-service|ts-food-service|ts-inside-payment-service|ts-order-other-service|ts-order-service|ts-price-service|ts-route-service|ts-seat-service|ts-security-service|ts-station-service|ts-ticketinfo-service|ts-train-service|ts-travel-service|ts-travel2-service|ts-ui-dashboard|ts-user-service,,,0.05334210395812988,0.0047760009765625,67,24,False,False,True,True,False,True
TrainTicket,ts-auth-service,delay,2,nsigma,mang,latency-50,duong,ts-config-service|ts-preserve-mongo|ts-preserve-other-mongo|ts-notification-mongo|ts-order-service|ts-auth-service|ts-user-service|ts-preserve-service|ts-cancel-service|ts-admin-route-service|ts-ticket-office-mongo|ts-news-service|ts-payment-service|ts-consign-service|ts-admin-user-service|ts-rebook-service|ts-route-plan-service|ts-admin-order-service|ts-order-other-service|ts-admin-basic-info-service|ts-notification-service|ts-inside-payment-service|ts-food-map-service|ts-travel-plan-service|ts-station-mongo|ts-execute-service|ts-security-mongo|ts-price-service|ts-ui-dashboard|ts-contacts-service|ts-food-map-mongo|ts-consign-price-mongo|ts-travel2-service|ts-food-service|ts-payment-mongo|ts-seat-service|ts-travel-service|ts-train-service|ts-ticketinfo-service|ts-security-service|ts-verification-code-service|ts-route-service|ts-preserve-other-service|ts-consign-price-service|ts-basic-service|ts-assurance-service|ts-inside-payment-mongo|ts-order-mongo|ts-assurance-mongo|ts-station-service|ts-admin-travel-service|ts-user-mongo|ts-avatar-service|ts-travel-mongo|ts-order-other-mongo|ts-train-mongo|ts-ticket-office-service|ts-contacts-mongo|ts-consign-mongo|ts-food-mongo|ts-travel2-mongo|ts-route-mongo|ts-config-mongo|ts-voucher-mysql|ts-food-mysql|ts-voucher-service|ts-auth-mongo|ts-price-mongo,ts-auth-service|ts-ui-dashboard|ts-admin-basic-info-service|ts-admin-travel-service|ts-consign-price-service|ts-travel-service|ts-order-other-service|ts-order-service|ts-station-service|ts-food-map-service|ts-consign-service|ts-basic-service|ts-seat-service|ts-route-service|ts-config-service|ts-ticketinfo-service|ts-food-service|ts-travel2-service|ts-train-service|ts-price-service,ts-admin-basic-info-service|ts-admin-travel-service|ts-auth-service|ts-basic-service|ts-config-service|ts-consign-price-service|ts-consign-service|ts-food-map-service|ts-food-service|ts-order-other-service|ts-order-service|ts-price-service|ts-route-service|ts-seat-service|ts-station-service|ts-ticketinfo-service|ts-train-service|ts-travel-service|ts-travel2-service|ts-ui-dashboard,,,0.04106712341308594,0.0033359527587890625,68,20,False,False,True,True,False,True
TrainTicket,ts-auth-service,delay,2,baro,mang,latency-50,duong,ts-config-service|ts-order-other-service|ts-preserve-mongo|ts-auth-service|ts-preserve-other-mongo|ts-route-plan-service|ts-admin-route-service|ts-admin-basic-info-service|ts-order-service|ts-notification-mongo|ts-cancel-service|ts-user-service|ts-news-service|ts-preserve-service|ts-rebook-service|ts-admin-order-service|ts-admin-user-service|ts-consign-service|ts-payment-service|ts-ui-dashboard|ts-notification-service|ts-travel-plan-service|ts-ticket-office-mongo|ts-execute-service|ts-travel-service|ts-food-map-mongo|ts-food-map-service|ts-consign-price-service|ts-inside-payment-service|ts-price-service|ts-verification-code-service|ts-food-service|ts-train-service|ts-consign-price-mongo|ts-station-mongo|ts-seat-service|ts-ticketinfo-service|ts-security-service|ts-contacts-service|ts-inside-payment-mongo|ts-station-service|ts-food-mongo|ts-travel2-service|ts-security-mongo|ts-payment-mongo|ts-voucher-mysql|ts-assurance-service|ts-route-service|ts-admin-travel-service|ts-order-mongo|ts-preserve-other-service|ts-avatar-service|ts-basic-service|ts-assurance-mongo|ts-travel2-mongo|ts-train-mongo|ts-order-other-mongo|ts-user-mongo|ts-travel-mongo|ts-contacts-mongo|ts-config-mongo|ts-route-mongo|ts-voucher-service|ts-ticket-office-service|ts-food-mysql|ts-consign-mongo|ts-auth-mongo|ts-price-mongo,ts-auth-service|ts-ui-dashboard|ts-admin-basic-info-service|ts-admin-travel-service|ts-travel-service|ts-station-service|ts-order-other-service|ts-consign-price-service|ts-seat-service|ts-order-service|ts-consign-service|ts-food-map-service|ts-basic-service|ts-route-service|ts-config-service|ts-ticketinfo-service|ts-food-service|ts-travel2-service|ts-train-service|ts-price-service,ts-admin-basic-info-service|ts-admin-travel-service|ts-auth-service|ts-basic-service|ts-config-service|ts-consign-price-service|ts-consign-service|ts-food-map-service|ts-food-service|ts-order-other-service|ts-order-service|ts-price-service|ts-route-service|ts-seat-service|ts-station-service|ts-ticketinfo-service|ts-train-service|ts-travel-service|ts-travel2-service|ts-ui-dashboard,,,0.05033612251281738,0.0039119720458984375,68,20,False,False,True,True,False,True
TrainTicket,ts-auth-service,delay,3,nsigma,mang,latency-50,duong,ts-news-service|ts-contacts-mongo|ts-cancel-service|ts-admin-order-service|ts-auth-service|ts-notification-mongo|ts-consign-service|ts-payment-service|ts-preserve-other-mongo|ts-admin-user-service|ts-station-mongo|ts-security-mongo|ts-execute-service|ts-station-service|ts-notification-service|ts-preserve-mongo|ts-inside-payment-service|ts-assurance-service|ts-travel-plan-service|ts-admin-travel-service|ts-food-map-service|ts-admin-route-service|ts-consign-price-mongo|ts-preserve-service|ts-ui-dashboard|ts-rebook-service|ts-ticket-office-mongo|ts-admin-basic-info-service|ts-verification-code-service|ts-route-plan-service|ts-route-mongo|ts-price-mongo|ts-basic-service|ts-price-service|ts-train-service|ts-user-service|ts-security-service|ts-route-service|ts-user-mongo|ts-order-other-service|ts-contacts-service|ts-config-service|ts-consign-mongo|ts-seat-service|ts-ticketinfo-service|ts-food-service|ts-food-mongo|ts-consign-price-service|ts-payment-mongo|ts-order-service|ts-travel-service|ts-travel2-mongo|ts-ticket-office-service|ts-inside-payment-mongo|ts-food-map-mongo|ts-config-mongo|ts-train-mongo|ts-travel2-service|ts-assurance-mongo|ts-order-mongo|ts-travel-mongo|ts-preserve-other-service|ts-avatar-service|ts-auth-mongo|ts-food-mysql|ts-voucher-service|ts-voucher-mysql|ts-order-other-mongo,ts-auth-service|ts-ui-dashboard|ts-assurance-service|ts-admin-basic-info-service|ts-security-service|ts-user-service|ts-travel2-service|ts-ticketinfo-service|ts-order-service|ts-travel-service|ts-basic-service|ts-order-other-service|ts-train-service|ts-admin-travel-service|ts-price-service|ts-station-service|ts-seat-service|ts-config-service|ts-food-map-service|ts-food-service|ts-route-service|ts-contacts-service,ts-admin-basic-info-service|ts-admin-travel-service|ts-assurance-service|ts-auth-service|ts-basic-service|ts-config-service|ts-contacts-service|ts-food-map-service|ts-food-service|ts-order-other-service|ts-order-service|ts-price-service|ts-route-service|ts-seat-service|ts-security-service|ts-station-service|ts-ticketinfo-service|ts-train-service|ts-travel-service|ts-travel2-service|ts-ui-dashboard|ts-user-service,,,0.04227113723754883,0.0034770965576171875,68,22,False,True,True,True,False,True
TrainTicket,ts-auth-service,delay,3,baro,mang,latency-50,duong,ts-config-service|ts-admin-order-service|ts-user-service|ts-news-service|ts-travel-plan-service|ts-auth-service|ts-contacts-service|ts-payment-service|ts-contacts-mongo|ts-preserve-service|ts-cancel-service|ts-station-mongo|ts-notification-mongo|ts-ui-dashboard|ts-execute-service|ts-route-plan-service|ts-consign-service|ts-admin-basic-info-service|ts-admin-user-service|ts-notification-service|ts-rebook-service|ts-admin-route-service|ts-station-service|ts-ticket-office-mongo|ts-preserve-other-mongo|ts-inside-payment-service|ts-admin-travel-service|ts-food-map-service|ts-price-service|ts-security-mongo|ts-avatar-service|ts-preserve-mongo|ts-assurance-service|ts-food-mysql|ts-route-mongo|ts-order-other-service|ts-travel2-service|ts-ticket-office-service|ts-route-service|ts-seat-service|ts-train-service|ts-consign-price-mongo|ts-food-service|ts-order-service|ts-ticketinfo-service|ts-price-mongo|ts-security-service|ts-travel-service|ts-basic-service|ts-train-mongo|ts-order-mongo|ts-consign-mongo|ts-travel2-mongo|ts-assurance-mongo|ts-payment-mongo|ts-consign-price-service|ts-verification-code-service|ts-travel-mongo|ts-user-mongo|ts-auth-mongo|ts-config-mongo|ts-food-mongo|ts-preserve-other-service|ts-voucher-mysql|ts-voucher-service|ts-food-map-mongo|ts-inside-payment-mongo|ts-order-other-mongo,ts-auth-service|ts-ui-dashboard|ts-admin-basic-info-service|ts-assurance-service|ts-security-service|ts-order-other-service|ts-travel2-service|ts-admin-travel-service|ts-station-service|ts-basic-service|ts-food-map-service|ts-price-service|ts-travel-service|ts-user-service|ts-seat-service|ts-route-service|ts-ticketinfo-service|ts-config-service|ts-order-service|ts-train-service|ts-contacts-service|ts-food-service,ts-admin-basic-info-service|ts-admin-travel-service|ts-assurance-service|ts-auth-service|ts-basic-service|ts-config-service|ts-contacts-service|ts-food-map-service|ts-food-service|ts-order-other-service|ts-order-service|ts-price-service|ts-route-service|ts-seat-service|ts-security-service|ts-station-service|ts-ticketinfo-service|ts-train-service|ts-travel-service|ts-travel2-service|ts-ui-dashboard|ts-user-service,,,0.05282187461853027,0.004246950149536133,68,22,False,False,True,True,False,True
TrainTicket,ts-auth-service,disk,1,nsigma,tai nguyen,latency-50,duong,ts-auth-service|ts-assurance-service|ts-route-service|ts-admin-travel-service|ts-food-map-service|ts-inside-payment-service|ts-travel-service|ts-order-service|ts-verification-code-service|ts-route-plan-service|ts-config-service|ts-admin-order-service|ts-execute-service|ts-user-service|ts-ui-dashboard|ts-preserve-other-service|ts-train-service|ts-admin-basic-info-service|ts-station-service|ts-travel-plan-service|ts-admin-route-service|ts-order-other-service|ts-ticketinfo-service|ts-consign-price-service|ts-route-mongo|ts-payment-service|ts-admin-user-service|ts-security-service|ts-seat-service|ts-news-service|ts-contacts-service|ts-station-mongo|ts-notification-service|ts-assurance-mongo|ts-rebook-service|ts-notification-mongo|ts-preserve-service|ts-order-mongo|ts-cancel-service|ts-config-mongo|ts-security-mongo|ts-price-service|ts-food-service|ts-train-mongo|ts-consign-mongo|ts-ticket-office-mongo|ts-consign-service|ts-contacts-mongo|ts-basic-service|ts-consign-price-mongo|ts-travel2-mongo|ts-travel2-service|ts-preserve-mongo|ts-food-mongo|ts-auth-mongo|ts-ticket-office-service|ts-user-mongo|ts-food-map-mongo|ts-avatar-service|ts-food-mysql|ts-payment-mongo|ts-order-other-mongo|ts-voucher-mysql|ts-price-mongo|ts-voucher-service|ts-travel-mongo|ts-preserve-other-mongo|ts-inside-payment-mongo,ts-order-service|ts-food-map-service|ts-admin-basic-info-service|ts-ui-dashboard|ts-route-service|ts-order-other-service|ts-train-service|ts-assurance-service|ts-seat-service|ts-food-service|ts-basic-service|ts-contacts-service|ts-admin-travel-service|ts-station-service|ts-ticketinfo-service|ts-travel-service|ts-price-service|ts-travel2-service|ts-config-service,ts-admin-basic-info-service|ts-admin-travel-service|ts-assurance-service|ts-basic-service|ts-config-service|ts-contacts-service|ts-food-map-service|ts-food-service|ts-order-other-service|ts-order-service|ts-price-service|ts-route-service|ts-seat-service|ts-station-service|ts-ticketinfo-service|ts-train-service|ts-travel-service|ts-travel2-service|ts-ui-dashboard,,,0.04018378257751465,0.0030410289764404297,68,19,True,False,False,False,True,False
TrainTicket,ts-auth-service,disk,1,baro,tai nguyen,latency-50,duong,ts-auth-service|ts-admin-basic-info-service|ts-verification-code-service|ts-assurance-service|ts-ui-dashboard|ts-admin-user-service|ts-order-service|ts-admin-travel-service|ts-inside-payment-service|ts-consign-price-service|ts-travel-plan-service|ts-contacts-service|ts-route-service|ts-payment-service|ts-food-map-service|ts-travel-service|ts-route-plan-service|ts-config-service|ts-ticket-office-service|ts-admin-order-service|ts-preserve-other-service|ts-user-service|ts-execute-service|ts-station-service|ts-order-other-service|ts-food-mysql|ts-admin-route-service|ts-seat-service|ts-train-service|ts-notification-mongo|ts-order-other-mongo|ts-consign-mongo|ts-route-mongo|ts-ticketinfo-service|ts-ticket-office-mongo|ts-station-mongo|ts-auth-mongo|ts-notification-service|ts-security-service|ts-order-mongo|ts-consign-price-mongo|ts-travel-mongo|ts-preserve-service|ts-food-service|ts-config-mongo|ts-rebook-service|ts-contacts-mongo|ts-assurance-mongo|ts-consign-service|ts-price-mongo|ts-travel2-mongo|ts-cancel-service|ts-news-service|ts-basic-service|ts-price-service|ts-security-mongo|ts-train-mongo|ts-travel2-service|ts-user-mongo|ts-preserve-mongo|ts-voucher-service|ts-food-mongo|ts-avatar-service|ts-payment-mongo|ts-voucher-mysql|ts-food-map-mongo|ts-preserve-other-mongo|ts-inside-payment-mongo,ts-order-service|ts-ui-dashboard|ts-admin-basic-info-service|ts-route-service|ts-food-map-service|ts-admin-travel-service|ts-order-other-service|ts-seat-service|ts-assurance-service|ts-travel-service|ts-train-service|ts-ticketinfo-service|ts-station-service|ts-travel2-service|ts-basic-service|ts-contacts-service|ts-food-service|ts-price-service|ts-config-service,ts-admin-basic-info-service|ts-admin-travel-service|ts-assurance-service|ts-basic-service|ts-config-service|ts-contacts-service|ts-food-map-service|ts-food-service|ts-order-other-service|ts-order-service|ts-price-service|ts-route-service|ts-seat-service|ts-station-service|ts-ticketinfo-service|ts-train-service|ts-travel-service|ts-travel2-service|ts-ui-dashboard,,,0.05037212371826172,0.0038709640502929688,68,19,True,False,False,False,True,False
TrainTicket,ts-auth-service,disk,2,nsigma,tai nguyen,latency-50,duong,ts-auth-service|ts-admin-basic-info-service|ts-notification-mongo|ts-config-service|ts-route-plan-service|ts-assurance-service|ts-food-map-service|ts-execute-service|ts-ticketinfo-service|ts-ui-dashboard|ts-train-service|ts-price-service|ts-seat-service|ts-notification-service|ts-cancel-service|ts-news-service|ts-ticket-office-service|ts-user-service|ts-preserve-other-mongo|ts-verification-code-service|ts-consign-service|ts-admin-user-service|ts-admin-route-service|ts-travel2-service|ts-rebook-service|ts-preserve-other-service|ts-order-other-service|ts-security-service|ts-travel-plan-service|ts-user-mongo|ts-admin-order-service|ts-admin-travel-service|ts-contacts-mongo|ts-order-service|ts-contacts-service|ts-consign-price-service|ts-basic-service|ts-preserve-mongo|ts-travel-service|ts-ticket-office-mongo|ts-train-mongo|ts-consign-price-mongo|ts-security-mongo|ts-food-map-mongo|ts-payment-mongo|ts-route-service|ts-preserve-service|ts-payment-service|ts-food-service|ts-assurance-mongo|ts-station-service|ts-station-mongo|ts-inside-payment-service|ts-food-mongo|ts-route-mongo|ts-inside-payment-mongo|ts-consign-mongo|ts-travel2-mongo|ts-travel-mongo|ts-price-mongo|ts-avatar-service|ts-config-mongo|ts-auth-mongo|ts-order-mongo|ts-voucher-service|ts-voucher-mysql|ts-food-mysql|ts-order-other-mongo,ts-auth-service|ts-admin-basic-info-service|ts-ui-dashboard|ts-consign-service|ts-security-service|ts-user-service|ts-travel-service|ts-assurance-service|ts-contacts-service|ts-consign-price-service|ts-order-service|ts-price-service|ts-food-service|ts-order-other-service|ts-seat-service|ts-basic-service|ts-station-service|ts-train-service|ts-food-map-service|ts-config-service|ts-admin-travel-service|ts-route-service|ts-ticketinfo-service|ts-travel2-service,ts-admin-basic-info-service|ts-admin-travel-service|ts-assurance-service|ts-auth-service|ts-basic-service|ts-config-service|ts-consign-price-service|ts-consign-service|ts-contacts-service|ts-food-map-service|ts-food-service|ts-order-other-service|ts-order-service|ts-price-service|ts-route-service|ts-seat-service|ts-security-service|ts-station-service|ts-ticketinfo-service|ts-train-service|ts-travel-service|ts-travel2-service|ts-ui-dashboard|ts-user-service,,,0.04031109809875488,0.003828763961791992,68,24,True,True,True,True,True,True
TrainTicket,ts-auth-service,disk,2,baro,tai nguyen,latency-50,duong,ts-auth-service|ts-admin-basic-info-service|ts-config-service|ts-price-service|ts-contacts-service|ts-user-service|ts-route-plan-service|ts-execute-service|ts-notification-mongo|ts-cancel-service|ts-travel2-service|ts-food-map-service|ts-admin-route-service|ts-consign-service|ts-preserve-other-mongo|ts-notification-service|ts-ticketinfo-service|ts-ui-dashboard|ts-assurance-service|ts-rebook-service|ts-seat-service|ts-train-service|ts-news-service|ts-ticket-office-service|ts-verification-code-service|ts-admin-user-service|ts-inside-payment-mongo|ts-order-other-service|ts-preserve-other-service|ts-travel-service|ts-preserve-mongo|ts-consign-price-service|ts-ticket-office-mongo|ts-basic-service|ts-route-service|ts-admin-order-service|ts-order-service|ts-station-service|ts-food-map-mongo|ts-station-mongo|ts-user-mongo|ts-contacts-mongo|ts-security-service|ts-train-mongo|ts-payment-service|ts-travel-plan-service|ts-admin-travel-service|ts-payment-mongo|ts-inside-payment-service|ts-preserve-service|ts-consign-price-mongo|ts-route-mongo|ts-assurance-mongo|ts-avatar-service|ts-food-service|ts-security-mongo|ts-config-mongo|ts-food-mongo|ts-travel-mongo|ts-price-mongo|ts-travel2-mongo|ts-consign-mongo|ts-auth-mongo|ts-voucher-service|ts-food-mysql|ts-voucher-mysql|ts-order-mongo|ts-order-other-mongo,ts-auth-service|ts-consign-service|ts-admin-basic-info-service|ts-ui-dashboard|ts-user-service|ts-security-service|ts-assurance-service|ts-travel-service|ts-price-service|ts-order-service|ts-seat-service|ts-consign-price-service|ts-food-map-service|ts-station-service|ts-order-other-service|ts-admin-travel-service|ts-route-service|ts-contacts-service|ts-food-service|ts-config-service|ts-basic-service|ts-ticketinfo-service|ts-train-service|ts-travel2-service,ts-admin-basic-info-service|ts-admin-travel-service|ts-assurance-service|ts-auth-service|ts-basic-service|ts-config-service|ts-consign-price-service|ts-consign-service|ts-contacts-service|ts-food-map-service|ts-food-service|ts-order-other-service|ts-order-service|ts-price-service|ts-route-service|ts-seat-service|ts-security-service|ts-station-service|ts-ticketinfo-service|ts-train-service|ts-travel-service|ts-travel2-service|ts-ui-dashboard|ts-user-service,,,0.06729507446289062,0.004652976989746094,68,24,True,True,True,True,True,True
TrainTicket,ts-auth-service,disk,3,nsigma,tai nguyen,latency-50,duong,ts-auth-service|ts-consign-service|ts-cancel-service|ts-rebook-service|ts-security-service|ts-admin-order-service|ts-route-plan-service|ts-notification-service|ts-admin-route-service|ts-travel-plan-service|ts-execute-service|ts-admin-user-service|ts-food-map-service|ts-admin-travel-service|ts-ui-dashboard|ts-price-service|ts-seat-service|ts-basic-service|ts-order-service|ts-config-service|ts-ticketinfo-service|ts-inside-payment-mongo|ts-contacts-mongo|ts-route-service|ts-security-mongo|ts-user-mongo|ts-train-service|ts-assurance-service|ts-payment-service|ts-inside-payment-service|ts-preserve-mongo|ts-preserve-other-service|ts-ticket-office-mongo|ts-travel2-service|ts-payment-mongo|ts-verification-code-service|ts-user-service|ts-assurance-mongo|ts-food-service|ts-notification-mongo|ts-travel-mongo|ts-price-mongo|ts-config-mongo|ts-auth-mongo|ts-travel2-mongo|ts-contacts-service|ts-station-service|ts-food-mongo|ts-order-mongo|ts-preserve-other-mongo|ts-consign-price-mongo|ts-admin-basic-info-service|ts-order-other-service|ts-food-map-mongo|ts-route-mongo|ts-consign-mongo|ts-consign-price-service|ts-order-other-mongo|ts-news-service|ts-preserve-service|ts-station-mongo|ts-travel-service|ts-train-mongo|ts-ticket-office-service|ts-voucher-mysql|ts-food-mysql|ts-voucher-service|ts-avatar-service,ts-auth-service|ts-admin-travel-service|ts-security-service|ts-ui-dashboard|ts-food-service|ts-order-other-service|ts-food-map-service|ts-config-service|ts-inside-payment-service|ts-train-service|ts-travel-service|ts-order-service|ts-route-service|ts-assurance-service|ts-seat-service|ts-station-service|ts-user-service|ts-basic-service|ts-contacts-service|ts-travel2-service|ts-price-service|ts-consign-price-service|ts-ticketinfo-service|ts-admin-basic-info-service,ts-admin-basic-info-service|ts-admin-travel-service|ts-assurance-service|ts-auth-service|ts-basic-service|ts-config-service|ts-consign-price-service|ts-contacts-service|ts-food-map-service|ts-food-service|ts-inside-payment-service|ts-order-other-service|ts-order-service|ts-price-service|ts-route-service|ts-seat-service|ts-security-service|ts-station-service|ts-ticketinfo-service|ts-train-service|ts-travel-service|ts-travel2-service|ts-ui-dashboard|ts-user-service,,,0.04148292541503906,0.0039501190185546875,68,24,True,True,True,True,True,True
TrainTicket,ts-auth-service,disk,3,baro,tai nguyen,latency-50,duong,ts-auth-service|ts-food-map-service|ts-admin-order-service|ts-cancel-service|ts-route-plan-service|ts-rebook-service|ts-consign-service|ts-execute-service|ts-admin-route-service|ts-travel-plan-service|ts-admin-user-service|ts-security-service|ts-notification-service|ts-basic-service|ts-ui-dashboard|ts-inside-payment-service|ts-ticketinfo-service|ts-order-service|ts-verification-code-service|ts-user-service|ts-route-service|ts-consign-price-service|ts-price-service|ts-seat-service|ts-config-service|ts-contacts-service|ts-contacts-mongo|ts-train-service|ts-payment-service|ts-security-mongo|ts-assurance-service|ts-user-mongo|ts-preserve-other-service|ts-food-service|ts-inside-payment-mongo|ts-payment-mongo|ts-preserve-mongo|ts-travel2-service|ts-ticket-office-mongo|ts-assurance-mongo|ts-config-mongo|ts-consign-price-mongo|ts-price-mongo|ts-notification-mongo|ts-travel-mongo|ts-travel2-mongo|ts-station-service|ts-food-mongo|ts-order-other-service|ts-auth-mongo|ts-food-map-mongo|ts-order-mongo|ts-travel-service|ts-preserve-service|ts-order-other-mongo|ts-station-mongo|ts-preserve-other-mongo|ts-admin-travel-service|ts-route-mongo|ts-consign-mongo|ts-admin-basic-info-service|ts-avatar-service|ts-news-service|ts-train-mongo|ts-voucher-mysql|ts-food-mysql|ts-voucher-service|ts-ticket-office-service,ts-auth-service|ts-security-service|ts-ui-dashboard|ts-user-service|ts-food-map-service|ts-food-service|ts-order-other-service|ts-inside-payment-service|ts-train-service|ts-station-service|ts-config-service|ts-route-service|ts-travel-service|ts-basic-service|ts-contacts-service|ts-consign-price-service|ts-assurance-service|ts-seat-service|ts-order-service|ts-travel2-service|ts-ticketinfo-service|ts-price-service|ts-admin-travel-service|ts-admin-basic-info-service,ts-admin-basic-info-service|ts-admin-travel-service|ts-assurance-service|ts-auth-service|ts-basic-service|ts-config-service|ts-consign-price-service|ts-contacts-service|ts-food-map-service|ts-food-service|ts-inside-payment-service|ts-order-other-service|ts-order-service|ts-price-service|ts-route-service|ts-seat-service|ts-security-service|ts-station-service|ts-ticketinfo-service|ts-train-service|ts-travel-service|ts-travel2-service|ts-ui-dashboard|ts-user-service,,,0.05324220657348633,0.004660844802856445,68,24,True,True,True,True,True,True
TrainTicket,ts-auth-service,loss,1,nsigma,mang,latency-50,duong,ts-admin-basic-info-service|ts-verification-code-service|ts-route-plan-service|ts-admin-route-service|ts-cancel-service|ts-auth-service|ts-admin-order-service|ts-price-service|ts-execute-service|ts-notification-service|ts-travel-plan-service|ts-ticketinfo-service|ts-rebook-service|ts-basic-service|ts-auth-mongo|ts-food-map-service|ts-admin-user-service|ts-travel-service|ts-consign-service|ts-payment-service|ts-preserve-service|ts-travel2-service|ts-order-other-service|ts-route-service|ts-consign-price-mongo|ts-ticket-office-service|ts-station-service|ts-food-map-mongo|ts-security-mongo|ts-contacts-mongo|ts-security-service|ts-notification-mongo|ts-train-service|ts-payment-mongo|ts-inside-payment-service|ts-consign-price-service|ts-preserve-mongo|ts-inside-payment-mongo|ts-contacts-service|ts-user-service|ts-news-service|ts-consign-mongo|ts-user-mongo|ts-config-service|ts-config-mongo|ts-food-mongo|ts-price-mongo|ts-preserve-other-service|ts-assurance-service|ts-station-mongo|ts-travel-mongo|ts-order-service|ts-travel2-mongo|ts-ui-dashboard|ts-food-service|ts-route-mongo|ts-seat-service|ts-order-mongo|ts-assurance-mongo|ts-preserve-other-mongo|ts-order-other-mongo|ts-admin-travel-service|ts-avatar-service|ts-train-mongo|ts-voucher-mysql|ts-food-mysql|ts-ticket-office-mongo,ts-ticketinfo-service|ts-admin-basic-info-service|ts-basic-service|ts-order-other-service|ts-price-service|ts-auth-service|ts-consign-price-service|ts-preserve-service|ts-order-service|ts-station-service|ts-security-service|ts-travel-service|ts-assurance-service|ts-ui-dashboard|ts-inside-payment-service|ts-food-map-service|ts-user-service|ts-route-service|ts-train-service|ts-consign-service|ts-food-service|ts-config-service|ts-travel2-service|ts-seat-service|ts-contacts-service|ts-admin-travel-service,ts-admin-basic-info-service|ts-admin-travel-service|ts-assurance-service|ts-auth-service|ts-basic-service|ts-config-service|ts-consign-price-service|ts-consign-service|ts-contacts-service|ts-food-map-service|ts-food-service|ts-inside-payment-service|ts-order-other-service|ts-order-service|ts-preserve-service|ts-price-service|ts-route-service|ts-seat-service|ts-security-service|ts-station-service|ts-ticketinfo-service|ts-train-service|ts-travel-service|ts-travel2-service|ts-ui-dashboard|ts-user-service,,,0.04227709770202637,0.0040531158447265625,67,26,False,False,False,False,False,False
TrainTicket,ts-auth-service,loss,1,baro,mang,latency-50,duong,ts-price-service|ts-admin-basic-info-service|ts-ticketinfo-service|ts-basic-service|ts-auth-service|ts-cancel-service|ts-food-map-service|ts-execute-service|ts-verification-code-service|ts-admin-order-service|ts-travel2-service|ts-notification-service|ts-route-plan-service|ts-travel-service|ts-admin-route-service|ts-rebook-service|ts-travel-plan-service|ts-train-service|ts-route-service|ts-payment-service|ts-auth-mongo|ts-order-other-service|ts-station-service|ts-inside-payment-service|ts-consign-service|ts-consign-price-service|ts-admin-user-service|ts-travel2-mongo|ts-user-service|ts-ticket-office-service|ts-security-mongo|ts-security-service|ts-ui-dashboard|ts-food-map-mongo|ts-consign-price-mongo|ts-consign-mongo|ts-food-mongo|ts-price-mongo|ts-contacts-service|ts-order-service|ts-config-mongo|ts-user-mongo|ts-config-service|ts-notification-mongo|ts-contacts-mongo|ts-preserve-mongo|ts-admin-travel-service|ts-inside-payment-mongo|ts-food-service|ts-assurance-service|ts-payment-mongo|ts-preserve-other-mongo|ts-news-service|ts-station-mongo|ts-order-mongo|ts-preserve-service|ts-preserve-other-service|ts-travel-mongo|ts-route-mongo|ts-avatar-service|ts-seat-service|ts-assurance-mongo|ts-order-other-mongo|ts-train-mongo|ts-food-mysql|ts-voucher-mysql|ts-ticket-office-mongo,ts-ticketinfo-service|ts-basic-service|ts-admin-basic-info-service|ts-auth-service|ts-consign-price-service|ts-order-other-service|ts-price-service|ts-order-service|ts-travel2-service|ts-station-service|ts-security-service|ts-inside-payment-service|ts-user-service|ts-food-map-service|ts-assurance-service|ts-ui-dashboard|ts-travel-service|ts-route-service|ts-seat-service|ts-train-service|ts-food-service|ts-consign-service|ts-config-service|ts-contacts-service|ts-preserve-service|ts-admin-travel-service,ts-admin-basic-info-service|ts-admin-travel-service|ts-assurance-service|ts-auth-service|ts-basic-service|ts-config-service|ts-consign-price-service|ts-consign-service|ts-contacts-service|ts-food-map-service|ts-food-service|ts-inside-payment-service|ts-order-other-service|ts-order-service|ts-preserve-service|ts-price-service|ts-route-service|ts-seat-service|ts-security-service|ts-station-service|ts-ticketinfo-service|ts-train-service|ts-travel-service|ts-travel2-service|ts-ui-dashboard|ts-user-service,,,0.05330204963684082,0.004966259002685547,67,26,False,False,False,False,False,False
TrainTicket,ts-auth-service,loss,2,nsigma,mang,latency-50,duong,ts-notification-service|ts-travel-plan-service|ts-admin-route-service|ts-cancel-service|ts-route-plan-service|ts-admin-order-service|ts-admin-user-service|ts-verification-code-service|ts-order-other-service|ts-rebook-service|ts-execute-service|ts-contacts-service|ts-ticketinfo-service|ts-consign-service|ts-basic-service|ts-payment-mongo|ts-food-mongo|ts-food-map-service|ts-train-service|ts-food-service|ts-consign-price-service|ts-payment-service|ts-ticket-office-mongo|ts-preserve-other-mongo|ts-user-mongo|ts-auth-mongo|ts-notification-mongo|ts-travel-mongo|ts-config-service|ts-food-map-mongo|ts-route-service|ts-auth-service|ts-travel2-mongo|ts-config-mongo|ts-security-mongo|ts-preserve-service|ts-price-mongo|ts-assurance-mongo|ts-consign-mongo|ts-admin-basic-info-service|ts-security-service|ts-contacts-mongo|ts-news-service|ts-admin-travel-service|ts-inside-payment-service|ts-assurance-service|ts-user-service|ts-ui-dashboard|ts-travel2-service|ts-order-service|ts-inside-payment-mongo|ts-seat-service|ts-consign-price-mongo|ts-station-mongo|ts-preserve-mongo|ts-travel-service|ts-route-mongo|ts-price-service|ts-order-other-mongo|ts-station-service|ts-order-mongo|ts-avatar-service|ts-train-mongo|ts-preserve-other-service|ts-ticket-office-service|ts-food-mysql|ts-voucher-service|ts-voucher-mysql,ts-contacts-service|ts-admin-travel-service|ts-ui-dashboard|ts-consign-service|ts-auth-service|ts-inside-payment-service|ts-consign-price-service|ts-station-service|ts-food-service|ts-route-service|ts-user-service|ts-order-other-service|ts-basic-service|ts-train-service|ts-ticketinfo-service|ts-order-service|ts-security-service|ts-travel2-service|ts-food-map-service|ts-assurance-service|ts-config-service|ts-seat-service|ts-travel-service|ts-admin-basic-info-service|ts-price-service,ts-admin-basic-info-service|ts-admin-travel-service|ts-assurance-service|ts-auth-service|ts-basic-service|ts-config-service|ts-consign-price-service|ts-consign-service|ts-contacts-service|ts-food-map-service|ts-food-service|ts-inside-payment-service|ts-order-other-service|ts-order-service|ts-price-service|ts-route-service|ts-seat-service|ts-security-service|ts-station-service|ts-ticketinfo-service|ts-train-service|ts-travel-service|ts-travel2-service|ts-ui-dashboard|ts-user-service,,,0.04210090637207031,0.003849029541015625,68,25,False,False,False,False,False,False
TrainTicket,ts-auth-service,loss,2,baro,mang,latency-50,duong,ts-travel-plan-service|ts-admin-order-service|ts-order-other-service|ts-route-plan-service|ts-notification-service|ts-cancel-service|ts-rebook-service|ts-consign-service|ts-admin-route-service|ts-verification-code-service|ts-admin-user-service|ts-execute-service|ts-contacts-service|ts-route-service|ts-basic-service|ts-consign-price-service|ts-payment-mongo|ts-ticketinfo-service|ts-food-map-service|ts-food-mongo|ts-payment-service|ts-inside-payment-service|ts-train-service|ts-security-service|ts-ui-dashboard|ts-inside-payment-mongo|ts-auth-service|ts-food-service|ts-order-service|ts-travel-service|ts-travel2-mongo|ts-ticket-office-mongo|ts-user-mongo|ts-config-mongo|ts-security-mongo|ts-price-service|ts-travel-mongo|ts-food-map-mongo|ts-preserve-other-mongo|ts-auth-mongo|ts-preserve-other-service|ts-config-service|ts-assurance-mongo|ts-admin-basic-info-service|ts-price-mongo|ts-assurance-service|ts-notification-mongo|ts-train-mongo|ts-preserve-service|ts-ticket-office-service|ts-seat-service|ts-contacts-mongo|ts-order-other-mongo|ts-travel2-service|ts-station-mongo|ts-preserve-mongo|ts-admin-travel-service|ts-station-service|ts-route-mongo|ts-news-service|ts-consign-mongo|ts-user-service|ts-consign-price-mongo|ts-food-mysql|ts-order-mongo|ts-avatar-service|ts-voucher-service|ts-voucher-mysql,ts-contacts-service|ts-auth-service|ts-consign-price-service|ts-inside-payment-service|ts-ui-dashboard|ts-consign-service|ts-route-service|ts-train-service|ts-food-service|ts-station-service|ts-basic-service|ts-order-service|ts-order-other-service|ts-user-service|ts-seat-service|ts-ticketinfo-service|ts-travel2-service|ts-food-map-service|ts-security-service|ts-config-service|ts-assurance-service|ts-travel-service|ts-admin-travel-service|ts-admin-basic-info-service|ts-price-service,ts-admin-basic-info-service|ts-admin-travel-service|ts-assurance-service|ts-auth-service|ts-basic-service|ts-config-service|ts-consign-price-service|ts-consign-service|ts-contacts-service|ts-food-map-service|ts-food-service|ts-inside-payment-service|ts-order-other-service|ts-order-service|ts-price-service|ts-route-service|ts-seat-service|ts-security-service|ts-station-service|ts-ticketinfo-service|ts-train-service|ts-travel-service|ts-travel2-service|ts-ui-dashboard|ts-user-service,,,0.052664995193481445,0.004846811294555664,68,25,False,False,False,False,False,True
TrainTicket,ts-auth-service,loss,3,nsigma,mang,latency-50,duong,ts-seat-service|ts-travel-plan-service|ts-preserve-service|ts-contacts-mongo|ts-consign-price-mongo|ts-admin-travel-service|ts-food-mongo|ts-food-service|ts-travel2-mongo|ts-route-service|ts-travel2-service|ts-order-service|ts-travel-mongo|ts-ticketinfo-service|ts-basic-service|ts-contacts-service|ts-auth-mongo|ts-security-mongo|ts-travel-service|ts-config-service|ts-security-service|ts-preserve-mongo|ts-food-map-mongo|ts-station-service|ts-order-other-service|ts-preserve-other-mongo|ts-preserve-other-service|ts-route-mongo|ts-admin-basic-info-service|ts-cancel-service|ts-notification-mongo|ts-train-service|ts-ui-dashboard|ts-inside-payment-mongo|ts-user-mongo|ts-config-mongo|ts-verification-code-service|ts-auth-service|ts-payment-service|ts-admin-user-service|ts-ticket-office-mongo|ts-consign-mongo|ts-news-service|ts-user-service|ts-admin-order-service|ts-inside-payment-service|ts-admin-route-service|ts-station-mongo|ts-order-other-mongo|ts-rebook-service|ts-food-map-service|ts-route-plan-service|ts-assurance-service|ts-order-mongo|ts-consign-service|ts-price-service|ts-consign-price-service|ts-ticket-office-service|ts-avatar-service|ts-execute-service|ts-price-mongo|ts-notification-service|ts-assurance-mongo|ts-train-mongo|ts-payment-mongo|ts-voucher-service|ts-food-mysql,ts-seat-service|ts-order-service|ts-basic-service|ts-security-service|ts-route-service|ts-travel2-service|ts-station-service|ts-train-service|ts-auth-service|ts-config-service|ts-food-service|ts-inside-payment-service|ts-order-other-service|ts-ui-dashboard|ts-travel-service|ts-ticketinfo-service|ts-food-map-service|ts-admin-basic-info-service|ts-price-service,ts-admin-basic-info-service|ts-auth-service|ts-basic-service|ts-config-service|ts-food-map-service|ts-food-service|ts-inside-payment-service|ts-order-other-service|ts-order-service|ts-price-service|ts-route-service|ts-seat-service|ts-security-service|ts-station-service|ts-ticketinfo-service|ts-train-service|ts-travel-service|ts-travel2-service|ts-ui-dashboard,,,0.04146695137023926,0.0031130313873291016,67,19,False,False,False,False,False,False
TrainTicket,ts-auth-service,loss,3,baro,mang,latency-50,duong,ts-seat-service|ts-travel2-mongo|ts-route-service|ts-price-service|ts-preserve-service|ts-food-service|ts-food-mongo|ts-admin-travel-service|ts-consign-price-mongo|ts-contacts-mongo|ts-travel-plan-service|ts-auth-mongo|ts-travel-service|ts-ui-dashboard|ts-travel-mongo|ts-order-service|ts-admin-basic-info-service|ts-inside-payment-mongo|ts-auth-service|ts-admin-route-service|ts-food-map-mongo|ts-notification-mongo|ts-ticketinfo-service|ts-preserve-other-mongo|ts-basic-service|ts-travel2-service|ts-security-mongo|ts-preserve-mongo|ts-route-plan-service|ts-user-mongo|ts-food-map-service|ts-price-mongo|ts-config-service|ts-station-service|ts-contacts-service|ts-route-mongo|ts-preserve-other-service|ts-config-mongo|ts-ticket-office-service|ts-order-other-service|ts-security-service|ts-consign-mongo|ts-inside-payment-service|ts-train-service|ts-ticket-office-mongo|ts-order-mongo|ts-payment-service|ts-avatar-service|ts-voucher-service|ts-assurance-service|ts-station-mongo|ts-verification-code-service|ts-user-service|ts-order-other-mongo|ts-news-service|ts-cancel-service|ts-consign-service|ts-consign-price-service|ts-train-mongo|ts-admin-order-service|ts-rebook-service|ts-execute-service|ts-notification-service|ts-assurance-mongo|ts-admin-user-service|ts-food-mysql|ts-payment-mongo,ts-seat-service|ts-order-service|ts-auth-service|ts-basic-service|ts-travel2-service|ts-station-service|ts-route-service|ts-train-service|ts-ui-dashboard|ts-inside-payment-service|ts-config-service|ts-food-service|ts-order-other-service|ts-travel-service|ts-ticketinfo-service|ts-price-service|ts-food-map-service|ts-admin-basic-info-service|ts-security-service,ts-admin-basic-info-service|ts-auth-service|ts-basic-service|ts-config-service|ts-food-map-service|ts-food-service|ts-inside-payment-service|ts-order-other-service|ts-order-service|ts-price-service|ts-route-service|ts-seat-service|ts-security-service|ts-station-service|ts-ticketinfo-service|ts-train-service|ts-travel-service|ts-travel2-service|ts-ui-dashboard,,,0.06990885734558105,0.003862142562866211,67,19,False,False,False,False,False,True
TrainTicket,ts-auth-service,mem,1,nsigma,tai nguyen,latency-50,duong,ts-auth-service|ts-order-service|ts-user-service|ts-admin-basic-info-service|ts-food-service|ts-cancel-service|ts-route-plan-service|ts-food-map-service|ts-notification-service|ts-execute-service|ts-basic-service|ts-admin-travel-service|ts-route-service|ts-station-service|ts-consign-service|ts-preserve-other-service|ts-verification-code-service|ts-security-service|ts-inside-payment-service|ts-payment-service|ts-avatar-service|ts-rebook-service|ts-travel-plan-service|ts-admin-user-service|ts-admin-order-service|ts-auth-mongo|ts-ui-dashboard|ts-food-map-mongo|ts-security-mongo|ts-ticketinfo-service|ts-consign-mongo|ts-seat-service|ts-assurance-service|ts-assurance-mongo|ts-travel-mongo|ts-consign-price-service|ts-news-service|ts-train-mongo|ts-preserve-mongo|ts-station-mongo|ts-train-service|ts-config-mongo|ts-user-mongo|ts-travel2-service|ts-food-mongo|ts-travel2-mongo|ts-contacts-service|ts-preserve-other-mongo|ts-consign-price-mongo|ts-config-service|ts-payment-mongo|ts-preserve-service|ts-order-other-mongo|ts-inside-payment-mongo|ts-notification-mongo|ts-admin-route-service|ts-price-service|ts-price-mongo|ts-order-other-service|ts-travel-service|ts-route-mongo|ts-order-mongo|ts-ticket-office-mongo|ts-contacts-mongo|ts-voucher-service|ts-voucher-mysql|ts-food-mysql|ts-ticket-office-service,ts-user-service|ts-auth-service|ts-ui-dashboard|ts-security-service|ts-inside-payment-service|ts-basic-service|ts-station-service|ts-seat-service|ts-consign-service|ts-food-service|ts-order-service|ts-assurance-service|ts-route-service|ts-contacts-service|ts-config-service|ts-food-map-service|ts-travel-service|ts-ticketinfo-service|ts-order-other-service|ts-admin-basic-info-service|ts-travel2-service|ts-price-service|ts-train-service|ts-consign-price-service|ts-admin-travel-service,ts-admin-basic-info-service|ts-admin-travel-service|ts-assurance-service|ts-auth-service|ts-basic-service|ts-config-service|ts-consign-price-service|ts-consign-service|ts-contacts-service|ts-food-map-service|ts-food-service|ts-inside-payment-service|ts-order-other-service|ts-order-service|ts-price-service|ts-route-service|ts-seat-service|ts-security-service|ts-station-service|ts-ticketinfo-service|ts-train-service|ts-travel-service|ts-travel2-service|ts-ui-dashboard|ts-user-service,,,0.04169297218322754,0.0038979053497314453,68,25,True,True,False,False,True,True
TrainTicket,ts-auth-service,mem,1,baro,tai nguyen,latency-50,duong,ts-cancel-service|ts-auth-service|ts-admin-route-service|ts-user-service|ts-order-service|ts-admin-basic-info-service|ts-food-service|ts-notification-service|ts-food-map-service|ts-execute-service|ts-basic-service|ts-consign-service|ts-verification-code-service|ts-route-service|ts-admin-travel-service|ts-preserve-other-service|ts-route-plan-service|ts-inside-payment-service|ts-rebook-service|ts-travel-plan-service|ts-security-service|ts-station-service|ts-payment-service|ts-assurance-mongo|ts-avatar-service|ts-admin-user-service|ts-auth-mongo|ts-contacts-service|ts-ui-dashboard|ts-admin-order-service|ts-seat-service|ts-travel-mongo|ts-security-mongo|ts-ticketinfo-service|ts-travel2-mongo|ts-food-map-mongo|ts-inside-payment-mongo|ts-consign-mongo|ts-station-mongo|ts-assurance-service|ts-news-service|ts-travel2-service|ts-consign-price-service|ts-train-mongo|ts-preserve-mongo|ts-price-service|ts-payment-mongo|ts-user-mongo|ts-travel-service|ts-config-mongo|ts-food-mongo|ts-preserve-other-mongo|ts-train-service|ts-contacts-mongo|ts-notification-mongo|ts-preserve-service|ts-consign-price-mongo|ts-price-mongo|ts-voucher-service|ts-voucher-mysql|ts-config-service|ts-order-other-service|ts-order-other-mongo|ts-route-mongo|ts-ticket-office-mongo|ts-order-mongo|ts-food-mysql|ts-ticket-office-service,ts-user-service|ts-auth-service|ts-ui-dashboard|ts-consign-service|ts-inside-payment-service|ts-assurance-service|ts-order-service|ts-station-service|ts-basic-service|ts-seat-service|ts-food-service|ts-contacts-service|ts-route-service|ts-food-map-service|ts-travel-service|ts-order-other-service|ts-ticketinfo-service|ts-config-service|ts-price-service|ts-consign-price-service|ts-train-service|ts-travel2-service|ts-admin-basic-info-service|ts-admin-travel-service|ts-security-service,ts-admin-basic-info-service|ts-admin-travel-service|ts-assurance-service|ts-auth-service|ts-basic-service|ts-config-service|ts-consign-price-service|ts-consign-service|ts-contacts-service|ts-food-map-service|ts-food-service|ts-inside-payment-service|ts-order-other-service|ts-order-service|ts-price-service|ts-route-service|ts-seat-service|ts-security-service|ts-station-service|ts-ticketinfo-service|ts-train-service|ts-travel-service|ts-travel2-service|ts-ui-dashboard|ts-user-service,,,0.053678035736083984,0.004788875579833984,68,25,False,True,False,False,True,True
TrainTicket,ts-auth-service,mem,2,nsigma,tai nguyen,latency-50,duong,ts-config-service|ts-auth-service|ts-route-service|ts-order-service|ts-train-service|ts-admin-basic-info-service|ts-execute-service|ts-station-service|ts-basic-service|ts-notification-service|ts-food-service|ts-admin-travel-service|ts-verification-code-service|ts-payment-service|ts-consign-service|ts-security-service|ts-inside-payment-service|ts-preserve-other-service|ts-food-map-service|ts-travel2-service|ts-ui-dashboard|ts-route-mongo|ts-cancel-service|ts-config-mongo|ts-order-other-service|ts-consign-price-service|ts-ticketinfo-service|ts-seat-service|ts-preserve-mongo|ts-assurance-mongo|ts-price-service|ts-contacts-mongo|ts-travel-service|ts-security-mongo|ts-user-mongo|ts-price-mongo|ts-user-service|ts-station-mongo|ts-food-mongo|ts-food-map-mongo|ts-order-other-mongo|ts-ticket-office-mongo|ts-preserve-service|ts-rebook-service|ts-news-service|ts-assurance-service|ts-travel-plan-service|ts-train-mongo|ts-payment-mongo|ts-admin-order-service|ts-travel-mongo|ts-contacts-service|ts-admin-user-service|ts-ticket-office-service|ts-order-mongo|ts-avatar-service|ts-admin-route-service|ts-route-plan-service|ts-preserve-other-mongo|ts-consign-mongo|ts-auth-mongo|ts-travel2-mongo|ts-consign-price-mongo|ts-notification-mongo|ts-inside-payment-mongo|ts-voucher-service|ts-food-mysql|ts-voucher-mysql,ts-auth-service|ts-config-service|ts-ui-dashboard|ts-seat-service|ts-train-service|ts-route-service|ts-travel2-service|ts-food-service|ts-inside-payment-service|ts-basic-service|ts-ticketinfo-service|ts-admin-basic-info-service|ts-station-service|ts-price-service|ts-order-service|ts-travel-service|ts-order-other-service|ts-food-map-service|ts-admin-travel-service,ts-admin-basic-info-service|ts-admin-travel-service|ts-auth-service|ts-basic-service|ts-config-service|ts-food-map-service|ts-food-service|ts-inside-payment-service|ts-order-other-service|ts-order-service|ts-price-service|ts-route-service|ts-seat-service|ts-station-service|ts-ticketinfo-service|ts-train-service|ts-travel-service|ts-travel2-service|ts-ui-dashboard,,,0.042664289474487305,0.003107786178588867,68,19,False,False,True,True,True,True
TrainTicket,ts-auth-service,mem,2,baro,tai nguyen,latency-50,duong,ts-auth-service|ts-config-service|ts-order-service|ts-route-service|ts-food-service|ts-admin-basic-info-service|ts-train-service|ts-notification-service|ts-station-service|ts-execute-service|ts-verification-code-service|ts-consign-service|ts-basic-service|ts-admin-travel-service|ts-security-service|ts-payment-service|ts-inside-payment-service|ts-preserve-other-service|ts-food-map-service|ts-travel2-service|ts-consign-price-service|ts-ticketinfo-service|ts-ui-dashboard|ts-route-mongo|ts-config-mongo|ts-travel-mongo|ts-price-service|ts-seat-service|ts-order-other-service|ts-cancel-service|ts-preserve-service|ts-contacts-service|ts-preserve-mongo|ts-assurance-mongo|ts-admin-route-service|ts-contacts-mongo|ts-price-mongo|ts-security-mongo|ts-user-service|ts-station-mongo|ts-food-mongo|ts-user-mongo|ts-food-map-mongo|ts-travel-service|ts-news-service|ts-travel-plan-service|ts-order-other-mongo|ts-ticket-office-mongo|ts-assurance-service|ts-ticket-office-service|ts-avatar-service|ts-food-mysql|ts-payment-mongo|ts-train-mongo|ts-rebook-service|ts-admin-order-service|ts-voucher-service|ts-voucher-mysql|ts-order-mongo|ts-auth-mongo|ts-admin-user-service|ts-travel2-mongo|ts-route-plan-service|ts-preserve-other-mongo|ts-consign-mongo|ts-consign-price-mongo|ts-notification-mongo|ts-inside-payment-mongo,ts-auth-service|ts-config-service|ts-ui-dashboard|ts-seat-service|ts-train-service|ts-travel2-service|ts-route-service|ts-food-service|ts-inside-payment-service|ts-admin-basic-info-service|ts-basic-service|ts-travel-service|ts-ticketinfo-service|ts-price-service|ts-order-service|ts-station-service|ts-order-other-service|ts-food-map-service|ts-admin-travel-service,ts-admin-basic-info-service|ts-admin-travel-service|ts-auth-service|ts-basic-service|ts-config-service|ts-food-map-service|ts-food-service|ts-inside-payment-service|ts-order-other-service|ts-order-service|ts-price-service|ts-route-service|ts-seat-service|ts-station-service|ts-ticketinfo-service|ts-train-service|ts-travel-service|ts-travel2-service|ts-ui-dashboard,,,0.05136418342590332,0.003796100616455078,68,19,True,True,True,True,True,True
TrainTicket,ts-auth-service,mem,3,nsigma,tai nguyen,latency-50,duong,ts-auth-service|ts-config-service|ts-price-service|ts-order-other-service|ts-food-service|ts-travel2-service|ts-route-plan-service|ts-admin-order-service|ts-admin-user-service|ts-verification-code-service|ts-news-service|ts-order-mongo|ts-preserve-other-mongo|ts-preserve-mongo|ts-inside-payment-service|ts-admin-basic-info-service|ts-ticket-office-mongo|ts-payment-mongo|ts-execute-service|ts-admin-route-service|ts-food-map-mongo|ts-consign-price-mongo|ts-seat-service|ts-preserve-other-service|ts-assurance-service|ts-cancel-service|ts-food-mongo|ts-auth-mongo|ts-contacts-mongo|ts-travel-plan-service|ts-food-map-service|ts-notification-mongo|ts-travel-service|ts-station-mongo|ts-user-service|ts-contacts-service|ts-order-service|ts-route-service|ts-price-mongo|ts-security-service|ts-rebook-service|ts-ticketinfo-service|ts-admin-travel-service|ts-notification-service|ts-ui-dashboard|ts-train-service|ts-train-mongo|ts-avatar-service|ts-user-mongo|ts-consign-service|ts-consign-price-service|ts-inside-payment-mongo|ts-security-mongo|ts-station-service|ts-route-mongo|ts-basic-service|ts-payment-service|ts-preserve-service|ts-travel2-mongo|ts-travel-mongo|ts-order-other-mongo|ts-assurance-mongo|ts-consign-mongo|ts-config-mongo|ts-ticket-office-service|ts-voucher-mysql|ts-voucher-service|ts-food-mysql,ts-auth-service|ts-ui-dashboard|ts-admin-basic-info-service|ts-inside-payment-service|ts-contacts-service|ts-security-service|ts-travel2-service|ts-assurance-service|ts-ticketinfo-service|ts-travel-service|ts-order-other-service|ts-food-service|ts-config-service|ts-train-service|ts-seat-service|ts-price-service|ts-order-service|ts-basic-service|ts-admin-travel-service|ts-station-service|ts-route-service|ts-food-map-service,ts-admin-basic-info-service|ts-admin-travel-service|ts-assurance-service|ts-auth-service|ts-basic-service|ts-config-service|ts-contacts-service|ts-food-map-service|ts-food-service|ts-inside-payment-service|ts-order-other-service|ts-order-service|ts-price-service|ts-route-service|ts-seat-service|ts-security-service|ts-station-service|ts-ticketinfo-service|ts-train-service|ts-travel-service|ts-travel2-service|ts-ui-dashboard,,,0.04117918014526367,0.0035581588745117188,68,22,True,True,True,True,True,True
TrainTicket,ts-auth-service,mem,3,baro,tai nguyen,latency-50,duong,ts-voucher-service|ts-auth-service|ts-config-service|ts-route-plan-service|ts-price-service|ts-food-service|ts-admin-user-service|ts-order-other-service|ts-admin-order-service|ts-travel2-service|ts-verification-code-service|ts-news-service|ts-admin-basic-info-service|ts-rebook-service|ts-admin-route-service|ts-cancel-service|ts-ticket-office-mongo|ts-ui-dashboard|ts-seat-service|ts-inside-payment-service|ts-execute-service|ts-travel-plan-service|ts-travel-service|ts-order-service|ts-preserve-other-mongo|ts-preserve-service|ts-user-service|ts-security-service|ts-preserve-mongo|ts-assurance-service|ts-station-service|ts-voucher-mysql|ts-preserve-other-service|ts-station-mongo|ts-consign-service|ts-security-mongo|ts-route-service|ts-auth-mongo|ts-train-mongo|ts-notification-service|ts-contacts-service|ts-travel-mongo|ts-ticket-office-service|ts-food-map-service|ts-train-service|ts-price-mongo|ts-food-mongo|ts-notification-mongo|ts-food-map-mongo|ts-payment-mongo|ts-admin-travel-service|ts-config-mongo|ts-consign-price-mongo|ts-order-other-mongo|ts-avatar-service|ts-basic-service|ts-ticketinfo-service|ts-food-mysql|ts-contacts-mongo|ts-order-mongo|ts-consign-price-service|ts-route-mongo|ts-consign-mongo|ts-travel2-mongo|ts-user-mongo|ts-inside-payment-mongo|ts-assurance-mongo|ts-payment-service,ts-auth-service|ts-ui-dashboard|ts-admin-basic-info-service|ts-inside-payment-service|ts-contacts-service|ts-travel2-service|ts-security-service|ts-order-other-service|ts-order-service|ts-travel-service|ts-station-service|ts-food-service|ts-price-service|ts-admin-travel-service|ts-basic-service|ts-assurance-service|ts-config-service|ts-seat-service|ts-train-service|ts-ticketinfo-service|ts-route-service|ts-food-map-service,ts-admin-basic-info-service|ts-admin-travel-service|ts-assurance-service|ts-auth-service|ts-basic-service|ts-config-service|ts-contacts-service|ts-food-map-service|ts-food-service|ts-inside-payment-service|ts-order-other-service|ts-order-service|ts-price-service|ts-route-service|ts-seat-service|ts-security-service|ts-station-service|ts-ticketinfo-service|ts-train-service|ts-travel-service|ts-travel2-service|ts-ui-dashboard,,,0.05154681205749512,0.004366874694824219,68,22,False,True,True,True,True,True
TrainTicket,ts-auth-service,socket,1,nsigma,tai nguyen,latency-50,duong,ts-price-service|ts-auth-service|ts-ui-dashboard|ts-consign-price-service|ts-security-service|ts-admin-user-service|ts-verification-code-service|ts-order-other-service|ts-user-service|ts-order-service|ts-train-service|ts-assurance-service|ts-admin-route-service|ts-seat-service|ts-station-service|ts-admin-basic-info-service|ts-food-service|ts-payment-mongo|ts-preserve-service|ts-food-map-mongo|ts-config-mongo|ts-notification-mongo|ts-admin-order-service|ts-contacts-service|ts-payment-service|ts-travel2-service|ts-security-mongo|ts-admin-travel-service|ts-food-mongo|ts-inside-payment-mongo|ts-route-service|ts-assurance-mongo|ts-preserve-other-mongo|ts-execute-service|ts-contacts-mongo|ts-consign-service|ts-station-mongo|ts-notification-service|ts-consign-price-mongo|ts-news-service|ts-ticket-office-service|ts-travel-mongo|ts-travel-service|ts-food-map-service|ts-ticketinfo-service|ts-inside-payment-service|ts-consign-mongo|ts-order-other-mongo|ts-route-plan-service|ts-config-service|ts-auth-mongo|ts-cancel-service|ts-basic-service|ts-ticket-office-mongo|ts-route-mongo|ts-voucher-mysql|ts-preserve-other-service|ts-user-mongo|ts-order-mongo|ts-travel-plan-service|ts-rebook-service|ts-avatar-service|ts-preserve-mongo|ts-travel2-mongo|ts-price-mongo|ts-voucher-service|ts-food-mysql|ts-train-mongo,ts-auth-service|ts-order-other-service|ts-order-service|ts-ui-dashboard|ts-seat-service|ts-route-service|ts-admin-basic-info-service|ts-security-service|ts-user-service|ts-station-service|ts-travel2-service|ts-basic-service|ts-travel-service|ts-train-service|ts-food-service|ts-assurance-service|ts-config-service|ts-inside-payment-service|ts-contacts-service|ts-consign-price-service|ts-consign-service|ts-ticketinfo-service|ts-price-service|ts-food-map-service,ts-admin-basic-info-service|ts-assurance-service|ts-auth-service|ts-basic-service|ts-config-service|ts-consign-price-service|ts-consign-service|ts-contacts-service|ts-food-map-service|ts-food-service|ts-inside-payment-service|ts-order-other-service|ts-order-service|ts-price-service|ts-route-service|ts-seat-service|ts-security-service|ts-station-service|ts-ticketinfo-service|ts-train-service|ts-travel-service|ts-travel2-service|ts-ui-dashboard|ts-user-service,,,0.06045794486999512,0.004109621047973633,68,24,False,False,True,True,True,True
TrainTicket,ts-auth-service,socket,1,baro,tai nguyen,latency-50,duong,ts-price-service|ts-order-service|ts-auth-service|ts-security-service|ts-verification-code-service|ts-ui-dashboard|ts-consign-price-service|ts-train-service|ts-order-other-service|ts-user-service|ts-assurance-service|ts-admin-user-service|ts-ticket-office-service|ts-train-mongo|ts-rebook-service|ts-route-service|ts-admin-route-service|ts-travel2-mongo|ts-cancel-service|ts-food-service|ts-food-mongo|ts-execute-service|ts-food-map-mongo|ts-payment-service|ts-inside-payment-service|ts-seat-service|ts-preserve-service|ts-notification-service|ts-admin-basic-info-service|ts-station-service|ts-contacts-service|ts-basic-service|ts-station-mongo|ts-admin-travel-service|ts-admin-order-service|ts-consign-service|ts-voucher-mysql|ts-route-plan-service|ts-config-mongo|ts-config-service|ts-payment-mongo|ts-assurance-mongo|ts-notification-mongo|ts-travel-service|ts-preserve-other-service|ts-travel2-service|ts-news-service|ts-security-mongo|ts-contacts-mongo|ts-preserve-other-mongo|ts-food-mysql|ts-order-mongo|ts-travel-mongo|ts-consign-price-mongo|ts-order-other-mongo|ts-food-map-service|ts-voucher-service|ts-travel-plan-service|ts-user-mongo|ts-inside-payment-mongo|ts-auth-mongo|ts-avatar-service|ts-ticketinfo-service|ts-route-mongo|ts-ticket-office-mongo|ts-consign-mongo|ts-price-mongo|ts-preserve-mongo,ts-auth-service|ts-order-other-service|ts-order-service|ts-security-service|ts-ui-dashboard|ts-seat-service|ts-route-service|ts-travel-service|ts-station-service|ts-assurance-service|ts-basic-service|ts-user-service|ts-food-service|ts-travel2-service|ts-train-service|ts-contacts-service|ts-config-service|ts-ticketinfo-service|ts-consign-price-service|ts-inside-payment-service|ts-food-map-service|ts-consign-service|ts-price-service|ts-admin-basic-info-service,ts-admin-basic-info-service|ts-assurance-service|ts-auth-service|ts-basic-service|ts-config-service|ts-consign-price-service|ts-consign-service|ts-contacts-service|ts-food-map-service|ts-food-service|ts-inside-payment-service|ts-order-other-service|ts-order-service|ts-price-service|ts-route-service|ts-seat-service|ts-security-service|ts-station-service|ts-ticketinfo-service|ts-train-service|ts-travel-service|ts-travel2-service|ts-ui-dashboard|ts-user-service,,,0.054657936096191406,0.0046536922454833984,68,24,False,False,True,True,True,True
TrainTicket,ts-auth-service,socket,2,nsigma,tai nguyen,latency-50,duong,ts-auth-service|ts-travel-plan-service|ts-admin-order-service|ts-cancel-service|ts-admin-user-service|ts-notification-service|ts-execute-service|ts-security-service|ts-admin-route-service|ts-consign-price-service|ts-rebook-service|ts-assurance-service|ts-ui-dashboard|ts-consign-service|ts-price-service|ts-order-service|ts-inside-payment-mongo|ts-seat-service|ts-travel2-service|ts-food-service|ts-travel-service|ts-contacts-service|ts-train-service|ts-consign-mongo|ts-food-map-service|ts-ticketinfo-service|ts-verification-code-service|ts-train-mongo|ts-basic-service|ts-route-service|ts-inside-payment-service|ts-contacts-mongo|ts-notification-mongo|ts-food-map-mongo|ts-travel-mongo|ts-price-mongo|ts-food-mongo|ts-preserve-mongo|ts-config-mongo|ts-user-mongo|ts-voucher-service|ts-news-service|ts-order-other-service|ts-preserve-other-mongo|ts-user-service|ts-station-mongo|ts-route-plan-service|ts-auth-mongo|ts-preserve-service|ts-security-mongo|ts-consign-price-mongo|ts-admin-travel-service|ts-payment-service|ts-ticket-office-mongo|ts-station-service|ts-avatar-service|ts-order-other-mongo|ts-order-mongo|ts-admin-basic-info-service|ts-payment-mongo|ts-travel2-mongo|ts-assurance-mongo|ts-preserve-other-service|ts-config-service|ts-route-mongo|ts-ticket-office-service|ts-voucher-mysql,ts-auth-service|ts-ui-dashboard|ts-ticketinfo-service|ts-consign-service|ts-order-other-service|ts-seat-service|ts-station-service|ts-admin-basic-info-service|ts-order-service|ts-route-service|ts-food-map-service|ts-basic-service|ts-travel2-service|ts-food-service|ts-train-service|ts-travel-service|ts-inside-payment-service|ts-config-service|ts-consign-price-service|ts-price-service|ts-admin-travel-service,ts-admin-basic-info-service|ts-admin-travel-service|ts-auth-service|ts-basic-service|ts-config-service|ts-consign-price-service|ts-consign-service|ts-food-map-service|ts-food-service|ts-inside-payment-service|ts-order-other-service|ts-order-service|ts-price-service|ts-route-service|ts-seat-service|ts-station-service|ts-ticketinfo-service|ts-train-service|ts-travel-service|ts-travel2-service|ts-ui-dashboard,,,0.04039287567138672,0.0034360885620117188,67,21,True,True,True,True,True,True
TrainTicket,ts-auth-service,socket,2,baro,tai nguyen,latency-50,duong,ts-consign-service|ts-food-map-service|ts-order-service|ts-auth-service|ts-admin-order-service|ts-travel-plan-service|ts-notification-service|ts-execute-service|ts-admin-user-service|ts-cancel-service|ts-admin-route-service|ts-rebook-service|ts-price-service|ts-security-service|ts-verification-code-service|ts-consign-price-service|ts-voucher-service|ts-assurance-service|ts-food-service|ts-seat-service|ts-ui-dashboard|ts-ticketinfo-service|ts-inside-payment-service|ts-inside-payment-mongo|ts-travel2-service|ts-contacts-service|ts-train-service|ts-travel-service|ts-route-service|ts-basic-service|ts-avatar-service|ts-consign-mongo|ts-contacts-mongo|ts-order-mongo|ts-order-other-mongo|ts-train-mongo|ts-preserve-service|ts-payment-service|ts-food-map-mongo|ts-station-mongo|ts-price-mongo|ts-order-other-service|ts-station-service|ts-notification-mongo|ts-config-service|ts-preserve-mongo|ts-config-mongo|ts-travel-mongo|ts-food-mongo|ts-assurance-mongo|ts-admin-travel-service|ts-user-mongo|ts-travel2-mongo|ts-consign-price-mongo|ts-ticket-office-service|ts-user-service|ts-preserve-other-mongo|ts-admin-basic-info-service|ts-security-mongo|ts-auth-mongo|ts-news-service|ts-ticket-office-mongo|ts-preserve-other-service|ts-route-plan-service|ts-voucher-mysql|ts-route-mongo|ts-payment-mongo,ts-auth-service|ts-consign-service|ts-ui-dashboard|ts-ticketinfo-service|ts-order-other-service|ts-station-service|ts-order-service|ts-food-map-service|ts-basic-service|ts-seat-service|ts-route-service|ts-travel2-service|ts-inside-payment-service|ts-travel-service|ts-food-service|ts-train-service|ts-config-service|ts-consign-price-service|ts-price-service|ts-admin-basic-info-service|ts-admin-travel-service,ts-admin-basic-info-service|ts-admin-travel-service|ts-auth-service|ts-basic-service|ts-config-service|ts-consign-price-service|ts-consign-service|ts-food-map-service|ts-food-service|ts-inside-payment-service|ts-order-other-service|ts-order-service|ts-price-service|ts-route-service|ts-seat-service|ts-station-service|ts-ticketinfo-service|ts-train-service|ts-travel-service|ts-travel2-service|ts-ui-dashboard,,,0.050343990325927734,0.004204988479614258,67,21,False,False,True,True,False,True
TrainTicket,ts-auth-service,socket,3,nsigma,tai nguyen,latency-50,duong,ts-auth-service|ts-user-service|ts-preserve-other-service|ts-ui-dashboard|ts-security-mongo|ts-ticket-office-service|ts-contacts-service|ts-user-mongo|ts-config-service|ts-ticket-office-mongo|ts-consign-service|ts-inside-payment-service|ts-order-other-service|ts-payment-service|ts-consign-price-service|ts-seat-service|ts-travel2-mongo|ts-security-service|ts-train-service|ts-price-mongo|ts-notification-service|ts-payment-mongo|ts-assurance-mongo|ts-assurance-service|ts-config-mongo|ts-price-service|ts-voucher-service|ts-admin-route-service|ts-travel-plan-service|ts-news-service|ts-inside-payment-mongo|ts-order-service|ts-rebook-service|ts-admin-travel-service|ts-notification-mongo|ts-route-plan-service|ts-consign-mongo|ts-preserve-other-mongo|ts-order-other-mongo|ts-verification-code-service|ts-admin-basic-info-service|ts-preserve-service|ts-admin-order-service|ts-station-mongo|ts-avatar-service|ts-route-mongo|ts-travel2-service|ts-execute-service|ts-ticketinfo-service|ts-basic-service|ts-cancel-service|ts-food-map-service|ts-preserve-mongo|ts-admin-user-service|ts-food-service|ts-travel-service|ts-travel-mongo|ts-route-service|ts-order-mongo|ts-station-service|ts-food-map-mongo|ts-food-mongo|ts-auth-mongo|ts-consign-price-mongo|ts-train-mongo|ts-voucher-mysql|ts-food-mysql|ts-contacts-mongo,ts-auth-service|ts-user-service|ts-ui-dashboard|ts-security-service|ts-order-other-service|ts-price-service|ts-config-service|ts-train-service|ts-order-service|ts-inside-payment-service|ts-seat-service|ts-assurance-service|ts-food-service|ts-food-map-service|ts-travel-service|ts-contacts-service|ts-travel2-service|ts-admin-basic-info-service|ts-route-service|ts-ticketinfo-service|ts-station-service|ts-admin-travel-service|ts-basic-service,ts-admin-basic-info-service|ts-admin-travel-service|ts-assurance-service|ts-auth-service|ts-basic-service|ts-config-service|ts-contacts-service|ts-food-map-service|ts-food-service|ts-inside-payment-service|ts-order-other-service|ts-order-service|ts-price-service|ts-route-service|ts-seat-service|ts-security-service|ts-station-service|ts-ticketinfo-service|ts-train-service|ts-travel-service|ts-travel2-service|ts-ui-dashboard|ts-user-service,,,0.04220104217529297,0.003670215606689453,68,23,True,True,True,True,True,True
TrainTicket,ts-auth-service,socket,3,baro,tai nguyen,latency-50,duong,ts-voucher-service|ts-contacts-service|ts-auth-service|ts-inside-payment-service|ts-user-service|ts-ticket-office-service|ts-notification-mongo|ts-preserve-other-service|ts-payment-service|ts-ui-dashboard|ts-security-mongo|ts-consign-service|ts-rebook-service|ts-admin-travel-service|ts-inside-payment-mongo|ts-route-service|ts-basic-service|ts-station-service|ts-travel2-service|ts-news-service|ts-price-service|ts-config-mongo|ts-user-mongo|ts-order-other-service|ts-config-service|ts-consign-price-service|ts-ticket-office-mongo|ts-assurance-service|ts-order-service|ts-security-service|ts-admin-basic-info-service|ts-train-service|ts-assurance-mongo|ts-seat-service|ts-payment-mongo|ts-travel2-mongo|ts-price-mongo|ts-preserve-service|ts-travel-mongo|ts-preserve-other-mongo|ts-order-other-mongo|ts-consign-price-mongo|ts-voucher-mysql|ts-food-service|ts-station-mongo|ts-preserve-mongo|ts-avatar-service|ts-ticketinfo-service|ts-cancel-service|ts-route-plan-service|ts-admin-order-service|ts-notification-service|ts-food-map-service|ts-admin-user-service|ts-route-mongo|ts-travel-service|ts-food-map-mongo|ts-consign-mongo|ts-train-mongo|ts-food-mysql|ts-contacts-mongo|ts-admin-route-service|ts-order-mongo|ts-food-mongo|ts-execute-service|ts-verification-code-service|ts-travel-plan-service|ts-auth-mongo,ts-auth-service|ts-user-service|ts-ui-dashboard|ts-order-other-service|ts-order-service|ts-security-service|ts-price-service|ts-inside-payment-service|ts-config-service|ts-seat-service|ts-train-service|ts-contacts-service|ts-food-service|ts-assurance-service|ts-food-map-service|ts-route-service|ts-travel2-service|ts-travel-service|ts-admin-basic-info-service|ts-ticketinfo-service|ts-basic-service|ts-station-service|ts-admin-travel-service,ts-admin-basic-info-service|ts-admin-travel-service|ts-assurance-service|ts-auth-service|ts-basic-service|ts-config-service|ts-contacts-service|ts-food-map-service|ts-food-service|ts-inside-payment-service|ts-order-other-service|ts-order-service|ts-price-service|ts-route-service|ts-seat-service|ts-security-service|ts-station-service|ts-ticketinfo-service|ts-train-service|ts-travel-service|ts-travel2-service|ts-ui-dashboard|ts-user-service,,,0.0528559684753418,0.0045659542083740234,68,23,False,False,True,True,True,True
TrainTicket,ts-order-service,cpu,1,nsigma,tai nguyen,latency-50,duong,ts-voucher-service|ts-order-service|ts-notification-service|ts-preserve-mongo|ts-preserve-service|ts-verification-code-service|ts-news-service|ts-notification-mongo|ts-cancel-service|ts-admin-order-service|ts-auth-service|ts-basic-service|ts-rebook-service|ts-route-plan-service|ts-admin-user-service|ts-inside-payment-service|ts-ticket-office-service|ts-payment-service|ts-station-mongo|ts-consign-price-service|ts-execute-service|ts-travel-plan-service|ts-user-service|ts-order-mongo|ts-contacts-mongo|ts-admin-basic-info-service|ts-config-service|ts-seat-service|ts-consign-service|ts-assurance-service|ts-preserve-other-mongo|ts-order-other-service|ts-price-service|ts-travel-service|ts-food-map-service|ts-security-service|ts-ticketinfo-service|ts-admin-travel-service|ts-preserve-other-service|ts-user-mongo|ts-assurance-mongo|ts-route-service|ts-payment-mongo|ts-config-mongo|ts-admin-route-service|ts-train-service|ts-station-service|ts-inside-payment-mongo|ts-food-service|ts-auth-mongo|ts-order-other-mongo|ts-ui-dashboard|ts-travel2-service|ts-price-mongo|ts-security-mongo|ts-contacts-service|ts-consign-price-mongo|ts-food-mongo|ts-ticket-office-mongo|ts-route-mongo|ts-consign-mongo|ts-travel2-mongo|ts-train-mongo|ts-food-map-mongo|ts-food-mysql|ts-avatar-service|ts-travel-mongo|ts-voucher-mysql,ts-order-service|ts-inside-payment-service|ts-auth-service|ts-ui-dashboard|ts-admin-basic-info-service|ts-travel2-service|ts-ticketinfo-service|ts-train-service|ts-order-other-service|ts-config-service|ts-seat-service|ts-basic-service|ts-food-service|ts-travel-service|ts-route-service|ts-price-service|ts-admin-travel-service|ts-station-service|ts-food-map-service,ts-admin-basic-info-service|ts-admin-travel-service|ts-auth-service|ts-basic-service|ts-config-service|ts-food-map-service|ts-food-service|ts-inside-payment-service|ts-order-other-service|ts-order-service|ts-price-service|ts-route-service|ts-seat-service|ts-station-service|ts-ticketinfo-service|ts-train-service|ts-travel-service|ts-travel2-service|ts-ui-dashboard,,,0.04185009002685547,0.003172159194946289,68,19,False,True,True,True,True,True
TrainTicket,ts-order-service,cpu,1,baro,tai nguyen,latency-50,duong,ts-voucher-service|ts-order-service|ts-route-plan-service|ts-cancel-service|ts-notification-service|ts-rebook-service|ts-execute-service|ts-food-map-service|ts-verification-code-service|ts-admin-order-service|ts-travel-plan-service|ts-admin-route-service|ts-admin-user-service|ts-preserve-other-service|ts-preserve-mongo|ts-inside-payment-service|ts-auth-service|ts-ticketinfo-service|ts-notification-mongo|ts-admin-basic-info-service|ts-station-mongo|ts-ui-dashboard|ts-basic-service|ts-config-service|ts-ticket-office-service|ts-order-mongo|ts-preserve-service|ts-news-service|ts-price-service|ts-consign-price-service|ts-user-service|ts-seat-service|ts-contacts-mongo|ts-payment-service|ts-consign-service|ts-order-other-service|ts-assurance-mongo|ts-admin-travel-service|ts-user-mongo|ts-route-mongo|ts-assurance-service|ts-avatar-service|ts-food-service|ts-train-service|ts-travel2-service|ts-travel-service|ts-security-mongo|ts-security-service|ts-price-mongo|ts-payment-mongo|ts-ticket-office-mongo|ts-config-mongo|ts-food-mysql|ts-order-other-mongo|ts-inside-payment-mongo|ts-preserve-other-mongo|ts-consign-price-mongo|ts-food-map-mongo|ts-food-mongo|ts-route-service|ts-contacts-service|ts-station-service|ts-consign-mongo|ts-train-mongo|ts-auth-mongo|ts-travel2-mongo|ts-voucher-mysql|ts-travel-mongo,ts-order-service|ts-inside-payment-service|ts-auth-service|ts-admin-basic-info-service|ts-order-other-service|ts-travel2-service|ts-travel-service|ts-price-service|ts-station-service|ts-ui-dashboard|ts-basic-service|ts-food-map-service|ts-config-service|ts-seat-service|ts-food-service|ts-admin-travel-service|ts-ticketinfo-service|ts-route-service|ts-train-service,ts-admin-basic-info-service|ts-admin-travel-service|ts-auth-service|ts-basic-service|ts-config-service|ts-food-map-service|ts-food-service|ts-inside-payment-service|ts-order-other-service|ts-order-service|ts-price-service|ts-route-service|ts-seat-service|ts-station-service|ts-ticketinfo-service|ts-train-service|ts-travel-service|ts-travel2-service|ts-ui-dashboard,,,0.051650047302246094,0.0039060115814208984,68,19,False,True,True,True,True,True
TrainTicket,ts-order-service,cpu,2,nsigma,tai nguyen,latency-50,duong,ts-order-service|ts-security-service|ts-contacts-service|ts-seat-service|ts-ui-dashboard|ts-consign-price-service|ts-consign-mongo|ts-inside-payment-mongo|ts-food-service|ts-station-service|ts-assurance-mongo|ts-assurance-service|ts-notification-mongo|ts-payment-mongo|ts-admin-basic-info-service|ts-preserve-service|ts-contacts-mongo|ts-ticket-office-service|ts-config-mongo|ts-food-map-service|ts-preserve-mongo|ts-order-other-service|ts-consign-service|ts-auth-service|ts-auth-mongo|ts-food-mongo|ts-admin-travel-service|ts-route-service|ts-travel2-mongo|ts-route-plan-service|ts-food-map-mongo|ts-admin-order-service|ts-inside-payment-service|ts-cancel-service|ts-ticket-office-mongo|ts-user-mongo|ts-train-service|ts-news-service|ts-train-mongo|ts-admin-route-service|ts-security-mongo|ts-payment-service|ts-basic-service|ts-admin-user-service|ts-preserve-other-mongo|ts-user-service|ts-preserve-other-service|ts-order-other-mongo|ts-notification-service|ts-config-service|ts-travel-service|ts-route-mongo|ts-travel-mongo|ts-execute-service|ts-ticketinfo-service|ts-rebook-service|ts-travel-plan-service|ts-station-mongo|ts-travel2-service|ts-price-service|ts-order-mongo|ts-verification-code-service|ts-consign-price-mongo|ts-price-mongo|ts-avatar-service|ts-food-mysql|ts-voucher-service|ts-voucher-mysql,ts-order-service|ts-security-service|ts-contacts-service|ts-seat-service|ts-assurance-service|ts-order-other-service|ts-auth-service|ts-route-service|ts-inside-payment-service|ts-train-service|ts-ui-dashboard|ts-food-service|ts-config-service|ts-consign-service|ts-basic-service|ts-admin-travel-service|ts-admin-basic-info-service|ts-travel-service|ts-station-service|ts-travel2-service|ts-consign-price-service|ts-user-service|ts-price-service|ts-ticketinfo-service|ts-food-map-service,ts-admin-basic-info-service|ts-admin-travel-service|ts-assurance-service|ts-auth-service|ts-basic-service|ts-config-service|ts-consign-price-service|ts-consign-service|ts-contacts-service|ts-food-map-service|ts-food-service|ts-inside-payment-service|ts-order-other-service|ts-order-service|ts-price-service|ts-route-service|ts-seat-service|ts-security-service|ts-station-service|ts-ticketinfo-service|ts-train-service|ts-travel-service|ts-travel2-service|ts-ui-dashboard|ts-user-service,,,0.04429888725280762,0.003981113433837891,68,25,True,True,True,True,True,True
TrainTicket,ts-order-service,cpu,2,baro,tai nguyen,latency-50,duong,ts-order-service|ts-security-service|ts-contacts-service|ts-ticket-office-mongo|ts-seat-service|ts-config-mongo|ts-ticket-office-service|ts-ui-dashboard|ts-consign-price-service|ts-inside-payment-service|ts-consign-service|ts-assurance-service|ts-config-service|ts-consign-mongo|ts-auth-service|ts-assurance-mongo|ts-inside-payment-mongo|ts-food-service|ts-auth-mongo|ts-admin-basic-info-service|ts-admin-travel-service|ts-order-other-service|ts-train-service|ts-notification-mongo|ts-preserve-mongo|ts-station-service|ts-order-mongo|ts-food-map-service|ts-preserve-service|ts-payment-service|ts-payment-mongo|ts-order-other-mongo|ts-route-service|ts-news-service|ts-contacts-mongo|ts-route-mongo|ts-food-mysql|ts-preserve-other-service|ts-user-mongo|ts-basic-service|ts-preserve-other-mongo|ts-food-map-mongo|ts-travel2-service|ts-admin-user-service|ts-station-mongo|ts-train-mongo|ts-food-mongo|ts-travel-service|ts-travel2-mongo|ts-avatar-service|ts-travel-plan-service|ts-price-service|ts-route-plan-service|ts-ticketinfo-service|ts-admin-order-service|ts-travel-mongo|ts-security-mongo|ts-consign-price-mongo|ts-user-service|ts-cancel-service|ts-verification-code-service|ts-execute-service|ts-price-mongo|ts-rebook-service|ts-notification-service|ts-voucher-service|ts-admin-route-service|ts-voucher-mysql,ts-order-service|ts-security-service|ts-contacts-service|ts-seat-service|ts-auth-service|ts-assurance-service|ts-order-other-service|ts-train-service|ts-ui-dashboard|ts-route-service|ts-inside-payment-service|ts-food-service|ts-config-service|ts-travel-service|ts-admin-travel-service|ts-basic-service|ts-consign-price-service|ts-user-service|ts-station-service|ts-consign-service|ts-travel2-service|ts-price-service|ts-admin-basic-info-service|ts-ticketinfo-service|ts-food-map-service,ts-admin-basic-info-service|ts-admin-travel-service|ts-assurance-service|ts-auth-service|ts-basic-service|ts-config-service|ts-consign-price-service|ts-consign-service|ts-contacts-service|ts-food-map-service|ts-food-service|ts-inside-payment-service|ts-order-other-service|ts-order-service|ts-price-service|ts-route-service|ts-seat-service|ts-security-service|ts-station-service|ts-ticketinfo-service|ts-train-service|ts-travel-service|ts-travel2-service|ts-ui-dashboard|ts-user-service,,,0.07324504852294922,0.004987001419067383,68,25,True,True,True,True,True,True
TrainTicket,ts-order-service,cpu,3,nsigma,tai nguyen,latency-50,duong,ts-order-service|ts-cancel-service|ts-seat-service|ts-admin-basic-info-service|ts-admin-order-service|ts-admin-user-service|ts-rebook-service|ts-inside-payment-service|ts-contacts-service|ts-config-service|ts-notification-service|ts-travel-service|ts-ticketinfo-service|ts-consign-service|ts-execute-service|ts-preserve-service|ts-basic-service|ts-food-map-mongo|ts-verification-code-service|ts-assurance-mongo|ts-payment-service|ts-route-plan-service|ts-travel-plan-service|ts-user-mongo|ts-route-service|ts-consign-price-service|ts-price-service|ts-train-service|ts-food-mongo|ts-assurance-service|ts-ticket-office-mongo|ts-preserve-other-service|ts-news-service|ts-station-service|ts-auth-service|ts-price-mongo|ts-travel-mongo|ts-order-mongo|ts-ui-dashboard|ts-travel2-service|ts-contacts-mongo|ts-order-other-service|ts-notification-mongo|ts-consign-price-mongo|ts-food-service|ts-security-service|ts-payment-mongo|ts-order-other-mongo|ts-security-mongo|ts-preserve-other-mongo|ts-consign-mongo|ts-food-map-service|ts-user-service|ts-train-mongo|ts-admin-route-service|ts-preserve-mongo|ts-admin-travel-service|ts-station-mongo|ts-inside-payment-mongo|ts-auth-mongo|ts-route-mongo|ts-travel2-mongo|ts-avatar-service|ts-config-mongo|ts-voucher-service|ts-voucher-mysql|ts-ticket-office-service|ts-food-mysql,ts-order-service|ts-seat-service|ts-contacts-service|ts-assurance-service|ts-auth-service|ts-order-other-service|ts-config-service|ts-ticketinfo-service|ts-ui-dashboard|ts-consign-price-service|ts-station-service|ts-basic-service|ts-travel-service|ts-consign-service|ts-train-service|ts-route-service|ts-food-map-service|ts-travel2-service|ts-food-service|ts-price-service|ts-admin-basic-info-service|ts-admin-travel-service,ts-admin-basic-info-service|ts-admin-travel-service|ts-assurance-service|ts-auth-service|ts-basic-service|ts-config-service|ts-consign-price-service|ts-consign-service|ts-contacts-service|ts-food-map-service|ts-food-service|ts-order-other-service|ts-order-service|ts-price-service|ts-route-service|ts-seat-service|ts-station-service|ts-ticketinfo-service|ts-train-service|ts-travel-service|ts-travel2-service|ts-ui-dashboard,,,0.042482852935791016,0.0034949779510498047,68,22,True,True,True,True,True,True
TrainTicket,ts-order-service,cpu,3,baro,tai nguyen,latency-50,duong,ts-verification-code-service|ts-order-service|ts-cancel-service|ts-admin-order-service|ts-admin-user-service|ts-admin-basic-info-service|ts-contacts-service|ts-route-plan-service|ts-rebook-service|ts-basic-service|ts-notification-service|ts-seat-service|ts-config-service|ts-train-service|ts-ticketinfo-service|ts-food-service|ts-price-service|ts-execute-service|ts-inside-payment-service|ts-travel-plan-service|ts-travel-service|ts-route-service|ts-preserve-service|ts-price-mongo|ts-food-map-mongo|ts-admin-route-service|ts-consign-service|ts-ticket-office-mongo|ts-travel-mongo|ts-assurance-mongo|ts-payment-service|ts-ui-dashboard|ts-assurance-service|ts-preserve-other-service|ts-station-service|ts-notification-mongo|ts-user-mongo|ts-auth-mongo|ts-auth-service|ts-order-other-service|ts-food-mongo|ts-consign-price-mongo|ts-consign-mongo|ts-order-mongo|ts-travel2-service|ts-news-service|ts-consign-price-service|ts-user-service|ts-inside-payment-mongo|ts-preserve-other-mongo|ts-security-mongo|ts-food-map-service|ts-voucher-mysql|ts-payment-mongo|ts-contacts-mongo|ts-order-other-mongo|ts-station-mongo|ts-security-service|ts-train-mongo|ts-route-mongo|ts-voucher-service|ts-avatar-service|ts-preserve-mongo|ts-travel2-mongo|ts-admin-travel-service|ts-config-mongo|ts-ticket-office-service|ts-food-mysql,ts-order-service|ts-seat-service|ts-contacts-service|ts-assurance-service|ts-auth-service|ts-order-other-service|ts-consign-service|ts-config-service|ts-ticketinfo-service|ts-basic-service|ts-station-service|ts-ui-dashboard|ts-consign-price-service|ts-train-service|ts-travel-service|ts-food-map-service|ts-route-service|ts-food-service|ts-price-service|ts-travel2-service|ts-admin-basic-info-service|ts-admin-travel-service,ts-admin-basic-info-service|ts-admin-travel-service|ts-assurance-service|ts-auth-service|ts-basic-service|ts-config-service|ts-consign-price-service|ts-consign-service|ts-contacts-service|ts-food-map-service|ts-food-service|ts-order-other-service|ts-order-service|ts-price-service|ts-route-service|ts-seat-service|ts-station-service|ts-ticketinfo-service|ts-train-service|ts-travel-service|ts-travel2-service|ts-ui-dashboard,,,0.05294680595397949,0.0043489933013916016,68,22,False,True,True,True,True,True
TrainTicket,ts-order-service,delay,1,nsigma,mang,latency-50,duong,ts-seat-service|ts-order-service|ts-contacts-service|ts-travel-service|ts-ui-dashboard|ts-cancel-service|ts-food-service|ts-admin-basic-info-service|ts-admin-user-service|ts-preserve-mongo|ts-config-service|ts-inside-payment-service|ts-user-mongo|ts-user-service|ts-security-service|ts-preserve-service|ts-food-map-mongo|ts-consign-mongo|ts-order-other-service|ts-contacts-mongo|ts-news-service|ts-config-mongo|ts-travel-mongo|ts-security-mongo|ts-order-mongo|ts-station-service|ts-preserve-other-mongo|ts-ticketinfo-service|ts-preserve-other-service|ts-auth-service|ts-payment-mongo|ts-ticket-office-mongo|ts-assurance-mongo|ts-travel2-service|ts-notification-mongo|ts-admin-travel-service|ts-price-mongo|ts-consign-service|ts-travel2-mongo|ts-notification-service|ts-basic-service|ts-rebook-service|ts-train-service|ts-assurance-service|ts-admin-route-service|ts-route-plan-service|ts-travel-plan-service|ts-food-mongo|ts-order-other-mongo|ts-execute-service|ts-price-service|ts-consign-price-service|ts-avatar-service|ts-station-mongo|ts-train-mongo|ts-auth-mongo|ts-verification-code-service|ts-route-service|ts-food-map-service|ts-admin-order-service|ts-route-mongo|ts-consign-price-mongo|ts-payment-service|ts-voucher-service|ts-ticket-office-service|ts-inside-payment-mongo|ts-food-mysql,ts-order-service|ts-seat-service|ts-ui-dashboard|ts-food-map-service|ts-food-service|ts-order-other-service|ts-auth-service|ts-admin-basic-info-service|ts-travel-service|ts-travel2-service|ts-station-service|ts-ticketinfo-service|ts-price-service|ts-config-service|ts-train-service|ts-route-service|ts-basic-service,ts-admin-basic-info-service|ts-auth-service|ts-basic-service|ts-config-service|ts-food-map-service|ts-food-service|ts-order-other-service|ts-order-service|ts-price-service|ts-route-service|ts-seat-service|ts-station-service|ts-ticketinfo-service|ts-train-service|ts-travel-service|ts-travel2-service|ts-ui-dashboard,,,0.04139208793640137,0.0030260086059570312,67,17,False,False,True,True,True,True
TrainTicket,ts-order-service,delay,1,baro,mang,latency-50,duong,ts-execute-service|ts-order-service|ts-seat-service|ts-contacts-service|ts-cancel-service|ts-admin-user-service|ts-ui-dashboard|ts-preserve-other-service|ts-admin-basic-info-service|ts-station-service|ts-travel-service|ts-inside-payment-service|ts-config-service|ts-user-service|ts-food-service|ts-security-service|ts-order-other-service|ts-preserve-mongo|ts-preserve-service|ts-auth-service|ts-notification-service|ts-basic-service|ts-user-mongo|ts-travel2-mongo|ts-ticket-office-mongo|ts-order-mongo|ts-route-plan-service|ts-consign-mongo|ts-ticketinfo-service|ts-config-mongo|ts-admin-route-service|ts-rebook-service|ts-travel-plan-service|ts-contacts-mongo|ts-food-map-mongo|ts-preserve-other-mongo|ts-travel-mongo|ts-news-service|ts-admin-travel-service|ts-train-service|ts-verification-code-service|ts-route-service|ts-notification-mongo|ts-assurance-service|ts-payment-mongo|ts-travel2-service|ts-assurance-mongo|ts-security-mongo|ts-payment-service|ts-consign-service|ts-food-mongo|ts-consign-price-service|ts-auth-mongo|ts-price-mongo|ts-voucher-service|ts-avatar-service|ts-price-service|ts-station-mongo|ts-order-other-mongo|ts-train-mongo|ts-food-map-service|ts-admin-order-service|ts-route-mongo|ts-ticket-office-service|ts-consign-price-mongo|ts-food-mysql|ts-inside-payment-mongo,ts-order-service|ts-seat-service|ts-auth-service|ts-food-service|ts-ui-dashboard|ts-order-other-service|ts-food-map-service|ts-travel-service|ts-admin-basic-info-service|ts-ticketinfo-service|ts-station-service|ts-travel2-service|ts-price-service|ts-config-service|ts-train-service|ts-basic-service|ts-route-service,ts-admin-basic-info-service|ts-auth-service|ts-basic-service|ts-config-service|ts-food-map-service|ts-food-service|ts-order-other-service|ts-order-service|ts-price-service|ts-route-service|ts-seat-service|ts-station-service|ts-ticketinfo-service|ts-train-service|ts-travel-service|ts-travel2-service|ts-ui-dashboard,,,0.053674936294555664,0.0034637451171875,67,17,False,True,True,True,True,True
TrainTicket,ts-order-service,delay,2,nsigma,mang,latency-50,duong,ts-order-service|ts-ticketinfo-service|ts-user-service|ts-verification-code-service|ts-ticket-office-service|ts-ui-dashboard|ts-consign-service|ts-auth-service|ts-basic-service|ts-preserve-service|ts-price-service|ts-consign-price-service|ts-train-service|ts-travel-service|ts-admin-travel-service|ts-news-service|ts-payment-service|ts-travel2-service|ts-travel-plan-service|ts-food-service|ts-inside-payment-service|ts-security-service|ts-config-service|ts-order-other-service|ts-notification-mongo|ts-admin-route-service|ts-preserve-mongo|ts-route-mongo|ts-food-map-service|ts-cancel-service|ts-admin-basic-info-service|ts-notification-service|ts-contacts-service|ts-auth-mongo|ts-rebook-service|ts-seat-service|ts-assurance-service|ts-route-plan-service|ts-admin-order-service|ts-execute-service|ts-route-service|ts-ticket-office-mongo|ts-food-map-mongo|ts-admin-user-service|ts-contacts-mongo|ts-preserve-other-mongo|ts-preserve-other-service|ts-consign-mongo|ts-travel-mongo|ts-station-service|ts-price-mongo|ts-avatar-service|ts-user-mongo|ts-food-mongo|ts-payment-mongo|ts-consign-price-mongo|ts-train-mongo|ts-config-mongo|ts-assurance-mongo|ts-security-mongo|ts-order-other-mongo|ts-station-mongo|ts-order-mongo|ts-voucher-service|ts-food-mysql|ts-travel2-mongo|ts-inside-payment-mongo,ts-order-service|ts-ticketinfo-service|ts-admin-travel-service|ts-train-service|ts-ui-dashboard|ts-admin-basic-info-service|ts-food-map-service|ts-travel-service|ts-consign-price-service|ts-auth-service|ts-config-service|ts-consign-service|ts-price-service|ts-travel2-service|ts-food-service|ts-route-service|ts-station-service|ts-basic-service,ts-admin-basic-info-service|ts-admin-travel-service|ts-auth-service|ts-basic-service|ts-config-service|ts-consign-price-service|ts-consign-service|ts-food-map-service|ts-food-service|ts-order-service|ts-price-service|ts-route-service|ts-station-service|ts-ticketinfo-service|ts-train-service|ts-travel-service|ts-travel2-service|ts-ui-dashboard,,,0.03838992118835449,0.003019094467163086,67,18,True,True,True,True,True,True
TrainTicket,ts-order-service,delay,2,baro,mang,latency-50,duong,ts-order-service|ts-food-map-service|ts-verification-code-service|ts-ticketinfo-service|ts-user-service|ts-food-service|ts-ticket-office-service|ts-travel2-service|ts-admin-basic-info-service|ts-ui-dashboard|ts-contacts-mongo|ts-auth-service|ts-train-service|ts-basic-service|ts-price-service|ts-notification-mongo|ts-admin-travel-service|ts-consign-price-service|ts-payment-service|ts-admin-order-service|ts-consign-service|ts-travel-service|ts-station-mongo|ts-preserve-mongo|ts-preserve-other-service|ts-execute-service|ts-cancel-service|ts-preserve-service|ts-inside-payment-service|ts-news-service|ts-order-other-service|ts-rebook-service|ts-auth-mongo|ts-security-service|ts-station-service|ts-route-mongo|ts-assurance-service|ts-config-service|ts-route-plan-service|ts-seat-service|ts-contacts-service|ts-food-map-mongo|ts-assurance-mongo|ts-route-service|ts-payment-mongo|ts-admin-route-service|ts-config-mongo|ts-consign-price-mongo|ts-security-mongo|ts-ticket-office-mongo|ts-travel-mongo|ts-notification-service|ts-price-mongo|ts-admin-user-service|ts-travel-plan-service|ts-preserve-other-mongo|ts-user-mongo|ts-train-mongo|ts-order-other-mongo|ts-consign-mongo|ts-food-mongo|ts-avatar-service|ts-order-mongo|ts-food-mysql|ts-voucher-service|ts-travel2-mongo|ts-inside-payment-mongo,ts-order-service|ts-ticketinfo-service|ts-admin-travel-service|ts-admin-basic-info-service|ts-train-service|ts-ui-dashboard|ts-food-map-service|ts-auth-service|ts-travel-service|ts-config-service|ts-consign-price-service|ts-consign-service|ts-price-service|ts-travel2-service|ts-food-service|ts-route-service|ts-basic-service|ts-station-service,ts-admin-basic-info-service|ts-admin-travel-service|ts-auth-service|ts-basic-service|ts-config-service|ts-consign-price-service|ts-consign-service|ts-food-map-service|ts-food-service|ts-order-service|ts-price-service|ts-route-service|ts-station-service|ts-ticketinfo-service|ts-train-service|ts-travel-service|ts-travel2-service|ts-ui-dashboard,,,0.04876399040222168,0.0036580562591552734,67,18,True,True,True,True,True,True
TrainTicket,ts-order-service,delay,3,nsigma,mang,latency-50,duong,ts-order-service|ts-inside-payment-service|ts-travel2-service|ts-price-service|ts-train-service|ts-consign-price-service|ts-price-mongo|ts-contacts-mongo|ts-notification-mongo|ts-ticket-office-service|ts-consign-price-mongo|ts-preserve-other-service|ts-station-mongo|ts-ticket-office-mongo|ts-food-service|ts-route-mongo|ts-assurance-service|ts-station-service|ts-order-other-mongo|ts-auth-mongo|ts-rebook-service|ts-consign-mongo|ts-food-mongo|ts-admin-basic-info-service|ts-consign-service|ts-travel2-mongo|ts-train-mongo|ts-order-other-service|ts-security-mongo|ts-preserve-other-mongo|ts-basic-service|ts-admin-travel-service|ts-travel-mongo|ts-admin-user-service|ts-preserve-service|ts-config-mongo|ts-food-map-mongo|ts-ui-dashboard|ts-preserve-mongo|ts-user-service|ts-security-service|ts-admin-order-service|ts-news-service|ts-route-service|ts-user-mongo|ts-execute-service|ts-order-mongo|ts-travel-plan-service|ts-assurance-mongo|ts-route-plan-service|ts-notification-service|ts-avatar-service|ts-cancel-service|ts-verification-code-service|ts-food-map-service|ts-admin-route-service|ts-config-service|ts-payment-service|ts-seat-service|ts-auth-service|ts-ticketinfo-service|ts-contacts-service|ts-travel-service|ts-inside-payment-mongo|ts-payment-mongo|ts-food-mysql|ts-voucher-mysql|ts-voucher-service,ts-order-service|ts-inside-payment-service|ts-food-service|ts-station-service|ts-consign-service|ts-basic-service|ts-ui-dashboard|ts-train-service|ts-admin-basic-info-service|ts-food-map-service|ts-travel2-service|ts-config-service|ts-price-service|ts-route-service|ts-travel-service|ts-ticketinfo-service|ts-auth-service|ts-consign-price-service|ts-admin-travel-service|ts-assurance-service|ts-order-other-service,ts-admin-basic-info-service|ts-admin-travel-service|ts-assurance-service|ts-auth-service|ts-basic-service|ts-config-service|ts-consign-price-service|ts-consign-service|ts-food-map-service|ts-food-service|ts-inside-payment-service|ts-order-other-service|ts-order-service|ts-price-service|ts-route-service|ts-station-service|ts-ticketinfo-service|ts-train-service|ts-travel-service|ts-travel2-service|ts-ui-dashboard,,,0.04105114936828613,0.00339508056640625,68,21,True,True,True,True,True,True
TrainTicket,ts-order-service,delay,3,baro,mang,latency-50,duong,ts-order-service|ts-inside-payment-service|ts-price-service|ts-assurance-service|ts-travel2-service|ts-auth-service|ts-consign-price-service|ts-train-service|ts-price-mongo|ts-ui-dashboard|ts-consign-mongo|ts-ticket-office-service|ts-food-service|ts-contacts-mongo|ts-consign-service|ts-station-service|ts-order-other-service|ts-auth-mongo|ts-basic-service|ts-consign-price-mongo|ts-notification-mongo|ts-verification-code-service|ts-cancel-service|ts-food-mongo|ts-contacts-service|ts-order-mongo|ts-route-mongo|ts-train-mongo|ts-order-other-mongo|ts-route-service|ts-ticket-office-mongo|ts-security-service|ts-user-service|ts-seat-service|ts-assurance-mongo|ts-avatar-service|ts-food-map-mongo|ts-preserve-other-mongo|ts-food-mysql|ts-security-mongo|ts-travel-plan-service|ts-ticketinfo-service|ts-food-map-service|ts-station-mongo|ts-user-mongo|ts-config-service|ts-news-service|ts-admin-basic-info-service|ts-travel2-mongo|ts-travel-mongo|ts-payment-service|ts-preserve-mongo|ts-config-mongo|ts-admin-travel-service|ts-rebook-service|ts-voucher-mysql|ts-execute-service|ts-payment-mongo|ts-admin-user-service|ts-admin-route-service|ts-inside-payment-mongo|ts-notification-service|ts-admin-order-service|ts-route-plan-service|ts-travel-service|ts-preserve-service|ts-preserve-other-service|ts-voucher-service,ts-inside-payment-service|ts-order-service|ts-food-service|ts-consign-service|ts-station-service|ts-travel2-service|ts-basic-service|ts-consign-price-service|ts-ticketinfo-service|ts-price-service|ts-route-service|ts-food-map-service|ts-ui-dashboard|ts-auth-service|ts-train-service|ts-config-service|ts-travel-service|ts-admin-travel-service|ts-order-other-service|ts-assurance-service|ts-admin-basic-info-service,ts-admin-basic-info-service|ts-admin-travel-service|ts-assurance-service|ts-auth-service|ts-basic-service|ts-config-service|ts-consign-price-service|ts-consign-service|ts-food-map-service|ts-food-service|ts-inside-payment-service|ts-order-other-service|ts-order-service|ts-price-service|ts-route-service|ts-station-service|ts-ticketinfo-service|ts-train-service|ts-travel-service|ts-travel2-service|ts-ui-dashboard,,,0.05191802978515625,0.0042340755462646484,68,21,True,True,False,True,True,True
TrainTicket,ts-order-service,disk,1,nsigma,tai nguyen,latency-50,duong,ts-order-service|ts-cancel-service|ts-auth-service|ts-verification-code-service|ts-rebook-service|ts-admin-order-service|ts-admin-user-service|ts-consign-service|ts-station-service|ts-food-map-service|ts-assurance-mongo|ts-route-plan-service|ts-train-service|ts-contacts-service|ts-admin-basic-info-service|ts-route-service|ts-user-service|ts-travel-service|ts-preserve-other-service|ts-admin-travel-service|ts-payment-service|ts-execute-service|ts-contacts-mongo|ts-route-mongo|ts-preserve-mongo|ts-ticket-office-service|ts-food-service|ts-ticket-office-mongo|ts-consign-mongo|ts-inside-payment-service|ts-price-mongo|ts-auth-mongo|ts-config-service|ts-admin-route-service|ts-payment-mongo|ts-consign-price-mongo|ts-food-mongo|ts-travel2-mongo|ts-train-mongo|ts-assurance-service|ts-travel2-service|ts-travel-plan-service|ts-preserve-service|ts-food-map-mongo|ts-price-service|ts-consign-price-service|ts-security-service|ts-ui-dashboard|ts-news-service|ts-order-mongo|ts-order-other-mongo|ts-notification-mongo|ts-security-mongo|ts-notification-service|ts-preserve-other-mongo|ts-config-mongo|ts-seat-service|ts-order-other-service|ts-basic-service|ts-travel-mongo|ts-station-mongo|ts-ticketinfo-service|ts-user-mongo|ts-avatar-service|ts-inside-payment-mongo|ts-voucher-service|ts-voucher-mysql|ts-food-mysql,ts-route-service|ts-consign-service|ts-consign-price-service|ts-auth-service|ts-admin-travel-service|ts-seat-service|ts-train-service|ts-travel2-service|ts-config-service|ts-basic-service|ts-price-service|ts-food-map-service|ts-order-other-service|ts-ticketinfo-service|ts-station-service|ts-admin-basic-info-service|ts-ui-dashboard|ts-food-service|ts-travel-service,ts-admin-basic-info-service|ts-admin-travel-service|ts-auth-service|ts-basic-service|ts-config-service|ts-consign-price-service|ts-consign-service|ts-food-map-service|ts-food-service|ts-order-other-service|ts-price-service|ts-route-service|ts-seat-service|ts-station-service|ts-ticketinfo-service|ts-train-service|ts-travel-service|ts-travel2-service|ts-ui-dashboard,,,0.05786275863647461,0.0032072067260742188,68,19,True,False,False,False,True,False
TrainTicket,ts-order-service,disk,1,baro,tai nguyen,latency-50,duong,ts-order-service|ts-admin-user-service|ts-travel-plan-service|ts-auth-service|ts-cancel-service|ts-seat-service|ts-food-map-service|ts-rebook-service|ts-admin-order-service|ts-verification-code-service|ts-admin-route-service|ts-consign-service|ts-station-service|ts-notification-service|ts-admin-basic-info-service|ts-basic-service|ts-user-service|ts-travel-service|ts-route-plan-service|ts-food-service|ts-consign-price-service|ts-preserve-other-service|ts-notification-mongo|ts-ui-dashboard|ts-train-service|ts-contacts-service|ts-ticket-office-service|ts-assurance-mongo|ts-route-service|ts-security-service|ts-ticketinfo-service|ts-execute-service|ts-inside-payment-service|ts-admin-travel-service|ts-consign-mongo|ts-price-mongo|ts-payment-service|ts-auth-mongo|ts-price-service|ts-route-mongo|ts-contacts-mongo|ts-preserve-mongo|ts-travel2-mongo|ts-consign-price-mongo|ts-travel2-service|ts-preserve-service|ts-preserve-other-mongo|ts-food-mongo|ts-payment-mongo|ts-ticket-office-mongo|ts-food-map-mongo|ts-order-other-service|ts-security-mongo|ts-assurance-service|ts-config-service|ts-train-mongo|ts-order-mongo|ts-config-mongo|ts-order-other-mongo|ts-news-service|ts-voucher-service|ts-travel-mongo|ts-station-mongo|ts-user-mongo|ts-avatar-service|ts-voucher-mysql|ts-food-mysql|ts-inside-payment-mongo,ts-consign-price-service|ts-consign-service|ts-auth-service|ts-route-service|ts-seat-service|ts-travel2-service|ts-train-service|ts-basic-service|ts-config-service|ts-price-service|ts-food-map-service|ts-ticketinfo-service|ts-station-service|ts-food-service|ts-order-other-service|ts-travel-service|ts-ui-dashboard|ts-admin-basic-info-service|ts-admin-travel-service,ts-admin-basic-info-service|ts-admin-travel-service|ts-auth-service|ts-basic-service|ts-config-service|ts-consign-price-service|ts-consign-service|ts-food-map-service|ts-food-service|ts-order-other-service|ts-price-service|ts-route-service|ts-seat-service|ts-station-service|ts-ticketinfo-service|ts-train-service|ts-travel-service|ts-travel2-service|ts-ui-dashboard,,,0.052390098571777344,0.004349231719970703,68,19,True,False,False,False,True,False
TrainTicket,ts-order-service,disk,2,nsigma,tai nguyen,latency-50,duong,ts-order-service|ts-inside-payment-service|ts-admin-order-service|ts-route-plan-service|ts-preserve-other-service|ts-rebook-service|ts-cancel-service|ts-admin-route-service|ts-admin-user-service|ts-travel-plan-service|ts-contacts-service|ts-preserve-service|ts-user-service|ts-verification-code-service|ts-travel2-service|ts-assurance-service|ts-basic-service|ts-seat-service|ts-security-service|ts-station-mongo|ts-execute-service|ts-consign-service|ts-admin-travel-service|ts-food-map-service|ts-auth-service|ts-config-service|ts-payment-service|ts-food-service|ts-assurance-mongo|ts-ticketinfo-service|ts-consign-mongo|ts-train-service|ts-user-mongo|ts-travel2-mongo|ts-notification-service|ts-news-service|ts-consign-price-service|ts-food-mongo|ts-security-mongo|ts-travel-mongo|ts-auth-mongo|ts-inside-payment-mongo|ts-ticket-office-mongo|ts-route-mongo|ts-config-mongo|ts-admin-basic-info-service|ts-payment-mongo|ts-notification-mongo|ts-ui-dashboard|ts-preserve-other-mongo|ts-price-mongo|ts-train-mongo|ts-order-other-service|ts-route-service|ts-preserve-mongo|ts-contacts-mongo|ts-ticket-office-service|ts-food-map-mongo|ts-price-service|ts-travel-service|ts-order-other-mongo|ts-order-mongo|ts-station-service|ts-consign-price-mongo|ts-avatar-service|ts-voucher-mysql|ts-food-mysql|ts-voucher-service,ts-consign-service|ts-assurance-service|ts-auth-service|ts-ticketinfo-service|ts-route-service|ts-price-service|ts-config-service|ts-basic-service|ts-order-other-service|ts-inside-payment-service|ts-food-map-service|ts-admin-basic-info-service|ts-station-service|ts-consign-price-service|ts-food-service|ts-ui-dashboard|ts-travel2-service|ts-travel-service|ts-train-service|ts-admin-travel-service,ts-admin-basic-info-service|ts-admin-travel-service|ts-assurance-service|ts-auth-service|ts-basic-service|ts-config-service|ts-consign-price-service|ts-consign-service|ts-food-map-service|ts-food-service|ts-inside-payment-service|ts-order-other-service|ts-price-service|ts-route-service|ts-station-service|ts-ticketinfo-service|ts-train-service|ts-travel-service|ts-travel2-service|ts-ui-dashboard,,,0.04071927070617676,0.0035278797149658203,68,20,True,False,False,False,True,False
TrainTicket,ts-order-service,disk,2,baro,tai nguyen,latency-50,duong,ts-order-service|ts-order-other-service|ts-rebook-service|ts-config-service|ts-verification-code-service|ts-preserve-other-service|ts-admin-route-service|ts-consign-service|ts-admin-user-service|ts-travel-plan-service|ts-route-plan-service|ts-user-service|ts-inside-payment-service|ts-admin-order-service|ts-seat-service|ts-preserve-service|ts-contacts-service|ts-cancel-service|ts-payment-service|ts-security-service|ts-assurance-service|ts-travel2-service|ts-station-mongo|ts-basic-service|ts-food-map-service|ts-execute-service|ts-auth-service|ts-consign-price-service|ts-station-service|ts-ui-dashboard|ts-admin-travel-service|ts-ticket-office-service|ts-consign-mongo|ts-food-service|ts-train-service|ts-ticketinfo-service|ts-assurance-mongo|ts-user-mongo|ts-route-service|ts-travel2-mongo|ts-notification-service|ts-food-mongo|ts-news-service|ts-security-mongo|ts-ticket-office-mongo|ts-route-mongo|ts-travel-mongo|ts-auth-mongo|ts-payment-mongo|ts-admin-basic-info-service|ts-food-map-mongo|ts-food-mysql|ts-travel-service|ts-inside-payment-mongo|ts-contacts-mongo|ts-config-mongo|ts-notification-mongo|ts-train-mongo|ts-voucher-mysql|ts-price-service|ts-preserve-other-mongo|ts-preserve-mongo|ts-avatar-service|ts-price-mongo|ts-order-mongo|ts-order-other-mongo|ts-consign-price-mongo|ts-voucher-service,ts-consign-service|ts-inside-payment-service|ts-auth-service|ts-route-service|ts-config-service|ts-basic-service|ts-ticketinfo-service|ts-admin-basic-info-service|ts-price-service|ts-food-service|ts-order-other-service|ts-consign-price-service|ts-travel2-service|ts-food-map-service|ts-station-service|ts-train-service|ts-ui-dashboard|ts-admin-travel-service|ts-travel-service|ts-assurance-service,ts-admin-basic-info-service|ts-admin-travel-service|ts-assurance-service|ts-auth-service|ts-basic-service|ts-config-service|ts-consign-price-service|ts-consign-service|ts-food-map-service|ts-food-service|ts-inside-payment-service|ts-order-other-service|ts-price-service|ts-route-service|ts-station-service|ts-ticketinfo-service|ts-train-service|ts-travel-service|ts-travel2-service|ts-ui-dashboard,,,0.05179905891418457,0.004137992858886719,68,20,True,False,False,False,True,True
TrainTicket,ts-order-service,disk,3,nsigma,tai nguyen,cpu,node,ts-order-service|ts-ticketinfo-service|ts-voucher-service|ts-basic-service|ts-admin-basic-info-service|ts-config-mongo|ts-travel2-service|ts-assurance-mongo|ts-admin-travel-service|ts-inside-payment-service|ts-train-mongo|ts-contacts-mongo|ts-security-service|ts-inside-payment-mongo|ts-preserve-mongo|ts-auth-service|ts-payment-mongo|ts-order-mongo|ts-payment-service|ts-travel2-mongo|ts-travel-service|ts-execute-service|ts-preserve-other-mongo|ts-config-service|ts-route-plan-service|ts-security-mongo|ts-user-service|ts-rebook-service|ts-order-other-mongo|ts-consign-price-mongo|ts-notification-mongo|ts-food-map-mongo|ts-travel-mongo|ts-consign-service|ts-contacts-service|ts-user-mongo|ts-auth-mongo|ts-admin-user-service|ts-route-mongo|ts-consign-price-service|ts-preserve-other-service|ts-preserve-service|ts-price-mongo|ts-food-mongo|ts-route-service|ts-travel-plan-service|ts-verification-code-service|ts-food-map-service|ts-news-service|ts-assurance-service|ts-price-service|ts-order-other-service|ts-food-service|ts-notification-service|ts-ticket-office-service|ts-station-service|ts-ui-dashboard|ts-consign-mongo|ts-seat-service|ts-admin-order-service|ts-cancel-service|ts-train-service|ts-station-mongo|ts-admin-route-service|ts-ticket-office-mongo|ts-avatar-service|ts-food-mysql|ts-voucher-mysql,ts-order-service|ts-admin-basic-info-service|ts-admin-travel-service|ts-basic-service|ts-config-service|ts-food-service|ts-consign-service|ts-security-mongo|ts-consign-price-service|ts-contacts-service|ts-travel-mongo|ts-assurance-mongo|ts-food-map-service|ts-verification-code-service|ts-payment-service|ts-news-service|ts-inside-payment-service|ts-payment-mongo|ts-consign-mongo|ts-contacts-mongo|ts-travel-service|ts-route-plan-service|ts-ui-dashboard|ts-order-other-service|ts-ticket-office-service|ts-order-mongo|ts-order-other-mongo|ts-config-mongo|ts-voucher-service|ts-price-mongo|ts-station-mongo|ts-route-mongo|ts-ticket-office-mongo|ts-preserve-mongo|ts-consign-price-mongo|ts-travel2-mongo|ts-inside-payment-mongo|ts-user-service|ts-route-service|ts-avatar-service|ts-user-mongo|ts-notification-mongo|ts-auth-service|ts-train-mongo|ts-preserve-other-mongo|ts-auth-mongo|ts-food-mysql|ts-security-service|ts-preserve-service|ts-ticketinfo-service|ts-travel2-service|ts-station-service|ts-train-service|ts-execute-service|ts-rebook-service|ts-cancel-service|ts-seat-service|ts-voucher-mysql|ts-admin-order-service|ts-admin-user-service|ts-preserve-other-service|ts-admin-route-service|ts-notification-service|ts-assurance-service|ts-price-service,ts-admin-basic-info-service|ts-admin-order-service|ts-admin-route-service|ts-admin-travel-service|ts-admin-user-service|ts-assurance-mongo|ts-assurance-service|ts-auth-mongo|ts-auth-service|ts-avatar-service|ts-basic-service|ts-cancel-service|ts-config-mongo|ts-config-service|ts-consign-mongo|ts-consign-price-mongo|ts-consign-price-service|ts-consign-service|ts-contacts-mongo|ts-contacts-service|ts-execute-service|ts-food-map-service|ts-food-mysql|ts-food-service|ts-inside-payment-mongo|ts-inside-payment-service|ts-news-service|ts-notification-mongo|ts-notification-service|ts-order-mongo|ts-order-other-mongo|ts-order-other-service|ts-order-service|ts-payment-mongo|ts-payment-service|ts-preserve-mongo|ts-preserve-other-mongo|ts-preserve-other-service|ts-preserve-service|ts-price-mongo|ts-price-service|ts-rebook-service|ts-route-mongo|ts-route-plan-service|ts-route-service|ts-seat-service|ts-security-mongo|ts-security-service|ts-station-mongo|ts-station-service|ts-ticket-office-mongo|ts-ticket-office-service|ts-ticketinfo-service|ts-train-mongo|ts-train-service|ts-travel-mongo|ts-travel-service|ts-travel2-mongo|ts-travel2-service|ts-ui-dashboard|ts-user-mongo|ts-user-service|ts-verification-code-service|ts-voucher-mysql|ts-voucher-service,,,0.042623043060302734,0.009550094604492188,68,65,True,True,True,True,True,True
TrainTicket,ts-order-service,disk,3,baro,tai nguyen,cpu,node,ts-order-service|ts-voucher-service|ts-ticketinfo-service|ts-admin-travel-service|ts-basic-service|ts-config-service|ts-price-service|ts-admin-basic-info-service|ts-assurance-mongo|ts-assurance-service|ts-security-mongo|ts-travel2-service|ts-payment-mongo|ts-consign-price-mongo|ts-contacts-mongo|ts-ui-dashboard|ts-config-mongo|ts-travel-mongo|ts-inside-payment-service|ts-auth-mongo|ts-travel2-mongo|ts-inside-payment-mongo|ts-payment-service|ts-preserve-other-mongo|ts-auth-service|ts-security-service|ts-execute-service|ts-food-map-mongo|ts-train-mongo|ts-price-mongo|ts-user-service|ts-route-plan-service|ts-travel-service|ts-consign-price-service|ts-contacts-service|ts-preserve-other-service|ts-preserve-mongo|ts-food-map-service|ts-cancel-service|ts-notification-mongo|ts-consign-service|ts-food-mongo|ts-user-mongo|ts-route-mongo|ts-rebook-service|ts-order-mongo|ts-verification-code-service|ts-seat-service|ts-ticket-office-service|ts-food-service|ts-order-other-mongo|ts-admin-order-service|ts-admin-route-service|ts-order-other-service|ts-consign-mongo|ts-route-service|ts-station-service|ts-notification-service|ts-travel-plan-service|ts-station-mongo|ts-train-service|ts-food-mysql|ts-news-service|ts-preserve-service|ts-ticket-office-mongo|ts-admin-user-service|ts-avatar-service|ts-voucher-mysql,ts-order-service|ts-basic-service|ts-admin-basic-info-service|ts-admin-travel-service|ts-config-service|ts-contacts-service|ts-food-map-service|ts-ticketinfo-service|ts-verification-code-service|ts-ticket-office-service|ts-assurance-mongo|ts-food-service|ts-order-other-service|ts-travel-mongo|ts-payment-service|ts-security-mongo|ts-consign-service|ts-payment-mongo|ts-consign-mongo|ts-inside-payment-service|ts-price-service|ts-route-plan-service|ts-station-mongo|ts-consign-price-mongo|ts-preserve-mongo|ts-voucher-service|ts-contacts-mongo|ts-user-mongo|ts-order-mongo|ts-config-mongo|ts-travel-service|ts-food-mysql|ts-news-service|ts-consign-price-service|ts-preserve-service|ts-travel2-mongo|ts-auth-service|ts-inside-payment-mongo|ts-order-other-mongo|ts-execute-service|ts-ticket-office-mongo|ts-preserve-other-mongo|ts-user-service|ts-price-mongo|ts-notification-mongo|ts-ui-dashboard|ts-travel2-service|ts-avatar-service|ts-train-mongo|ts-rebook-service|ts-train-service|ts-security-service|ts-assurance-service|ts-route-service|ts-route-mongo|ts-auth-mongo|ts-admin-order-service|ts-admin-user-service|ts-station-service|ts-cancel-service|ts-seat-service|ts-notification-service|ts-admin-route-service|ts-voucher-mysql|ts-preserve-other-service,ts-admin-basic-info-service|ts-admin-order-service|ts-admin-route-service|ts-admin-travel-service|ts-admin-user-service|ts-assurance-mongo|ts-assurance-service|ts-auth-mongo|ts-auth-service|ts-avatar-service|ts-basic-service|ts-cancel-service|ts-config-mongo|ts-config-service|ts-consign-mongo|ts-consign-price-mongo|ts-consign-price-service|ts-consign-service|ts-contacts-mongo|ts-contacts-service|ts-execute-service|ts-food-map-service|ts-food-mysql|ts-food-service|ts-inside-payment-mongo|ts-inside-payment-service|ts-news-service|ts-notification-mongo|ts-notification-service|ts-order-mongo|ts-order-other-mongo|ts-order-other-service|ts-order-service|ts-payment-mongo|ts-payment-service|ts-preserve-mongo|ts-preserve-other-mongo|ts-preserve-other-service|ts-preserve-service|ts-price-mongo|ts-price-service|ts-rebook-service|ts-route-mongo|ts-route-plan-service|ts-route-service|ts-seat-service|ts-security-mongo|ts-security-service|ts-station-mongo|ts-station-service|ts-ticket-office-mongo|ts-ticket-office-service|ts-ticketinfo-service|ts-train-mongo|ts-train-service|ts-travel-mongo|ts-travel-service|ts-travel2-mongo|ts-travel2-service|ts-ui-dashboard|ts-user-mongo|ts-user-service|ts-verification-code-service|ts-voucher-mysql|ts-voucher-service,,,0.053623199462890625,0.012055158615112305,68,65,True,True,True,True,True,True
TrainTicket,ts-order-service,loss,1,nsigma,mang,latency-50,duong,ts-route-service|ts-seat-service|ts-travel2-service|ts-security-service|ts-preserve-service|ts-admin-user-service|ts-order-service|ts-cancel-service|ts-rebook-service|ts-admin-order-service|ts-admin-travel-service|ts-contacts-service|ts-admin-route-service|ts-inside-payment-service|ts-notification-service|ts-execute-service|ts-route-mongo|ts-consign-service|ts-admin-basic-info-service|ts-auth-mongo|ts-travel-plan-service|ts-news-service|ts-security-mongo|ts-user-service|ts-consign-price-service|ts-config-mongo|ts-price-service|ts-food-map-mongo|ts-route-plan-service|ts-verification-code-service|ts-basic-service|ts-preserve-other-mongo|ts-order-other-service|ts-assurance-service|ts-food-service|ts-train-service|ts-ui-dashboard|ts-travel-mongo|ts-preserve-other-service|ts-station-mongo|ts-consign-price-mongo|ts-notification-mongo|ts-payment-service|ts-price-mongo|ts-order-mongo|ts-ticket-office-service|ts-consign-mongo|ts-payment-mongo|ts-user-mongo|ts-ticketinfo-service|ts-preserve-mongo|ts-assurance-mongo|ts-station-service|ts-contacts-mongo|ts-travel-service|ts-inside-payment-mongo|ts-auth-service|ts-food-map-service|ts-config-service|ts-ticket-office-mongo|ts-train-mongo|ts-food-mongo|ts-order-other-mongo|ts-travel2-mongo|ts-avatar-service|ts-voucher-service|ts-voucher-mysql|ts-food-mysql,ts-travel2-service|ts-security-service|ts-admin-travel-service|ts-inside-payment-service|ts-route-service|ts-seat-service|ts-ui-dashboard|ts-food-service|ts-assurance-service|ts-user-service|ts-consign-service|ts-order-service|ts-order-other-service|ts-ticketinfo-service|ts-auth-service|ts-station-service|ts-basic-service|ts-config-service|ts-train-service|ts-price-service|ts-travel-service|ts-admin-basic-info-service|ts-consign-price-service|ts-contacts-service|ts-food-map-service,ts-admin-basic-info-service|ts-admin-travel-service|ts-assurance-service|ts-auth-service|ts-basic-service|ts-config-service|ts-consign-price-service|ts-consign-service|ts-contacts-service|ts-food-map-service|ts-food-service|ts-inside-payment-service|ts-order-other-service|ts-order-service|ts-price-service|ts-route-service|ts-seat-service|ts-security-service|ts-station-service|ts-ticketinfo-service|ts-train-service|ts-travel-service|ts-travel2-service|ts-ui-dashboard|ts-user-service,,,0.0435330867767334,0.0038950443267822266,68,25,False,False,False,True,False,True
TrainTicket,ts-order-service,loss,1,baro,mang,latency-50,duong,ts-admin-user-service|ts-cancel-service|ts-travel-plan-service|ts-route-service|ts-security-service|ts-seat-service|ts-travel2-service|ts-order-service|ts-contacts-service|ts-preserve-service|ts-price-service|ts-inside-payment-service|ts-consign-service|ts-rebook-service|ts-notification-service|ts-admin-travel-service|ts-admin-route-service|ts-verification-code-service|ts-config-service|ts-ticketinfo-service|ts-admin-order-service|ts-consign-price-service|ts-ui-dashboard|ts-admin-basic-info-service|ts-route-mongo|ts-auth-mongo|ts-news-service|ts-execute-service|ts-basic-service|ts-route-plan-service|ts-train-service|ts-user-service|ts-payment-service|ts-security-mongo|ts-travel-mongo|ts-preserve-other-service|ts-config-mongo|ts-food-map-mongo|ts-travel-service|ts-user-mongo|ts-food-service|ts-auth-service|ts-preserve-other-mongo|ts-voucher-service|ts-station-mongo|ts-preserve-mongo|ts-consign-mongo|ts-order-other-service|ts-station-service|ts-notification-mongo|ts-assurance-service|ts-consign-price-mongo|ts-contacts-mongo|ts-voucher-mysql|ts-order-mongo|ts-train-mongo|ts-price-mongo|ts-ticket-office-service|ts-ticket-office-mongo|ts-food-map-service|ts-assurance-mongo|ts-food-mongo|ts-order-other-mongo|ts-payment-mongo|ts-inside-payment-mongo|ts-travel2-mongo|ts-food-mysql|ts-avatar-service,ts-travel2-service|ts-security-service|ts-inside-payment-service|ts-route-service|ts-order-service|ts-seat-service|ts-user-service|ts-auth-service|ts-ui-dashboard|ts-food-service|ts-consign-service|ts-ticketinfo-service|ts-basic-service|ts-assurance-service|ts-train-service|ts-price-service|ts-order-other-service|ts-station-service|ts-config-service|ts-travel-service|ts-contacts-service|ts-admin-basic-info-service|ts-consign-price-service|ts-food-map-service|ts-admin-travel-service,ts-admin-basic-info-service|ts-admin-travel-service|ts-assurance-service|ts-auth-service|ts-basic-service|ts-config-service|ts-consign-price-service|ts-consign-service|ts-contacts-service|ts-food-map-service|ts-food-service|ts-inside-payment-service|ts-order-other-service|ts-order-service|ts-price-service|ts-route-service|ts-seat-service|ts-security-service|ts-station-service|ts-ticketinfo-service|ts-train-service|ts-travel-service|ts-travel2-service|ts-ui-dashboard|ts-user-service,,,0.054621219635009766,0.0050699710845947266,68,25,False,False,False,True,False,True
TrainTicket,ts-order-service,loss,2,nsigma,mang,latency-50,duong,ts-order-service|ts-inside-payment-service|ts-admin-basic-info-service|ts-travel-plan-service|ts-auth-service|ts-cancel-service|ts-seat-service|ts-consign-service|ts-consign-price-service|ts-rebook-service|ts-execute-service|ts-verification-code-service|ts-station-service|ts-preserve-other-service|ts-user-service|ts-notification-service|ts-travel-service|ts-admin-user-service|ts-preserve-service|ts-admin-order-service|ts-route-service|ts-ticket-office-mongo|ts-notification-mongo|ts-order-other-mongo|ts-inside-payment-mongo|ts-user-mongo|ts-security-mongo|ts-preserve-mongo|ts-security-service|ts-order-mongo|ts-travel2-mongo|ts-admin-route-service|ts-travel2-service|ts-auth-mongo|ts-basic-service|ts-ticketinfo-service|ts-consign-price-mongo|ts-price-service|ts-train-mongo|ts-payment-mongo|ts-consign-mongo|ts-price-mongo|ts-contacts-service|ts-food-map-service|ts-payment-service|ts-contacts-mongo|ts-ui-dashboard|ts-order-other-service|ts-station-mongo|ts-food-mongo|ts-config-service|ts-assurance-service|ts-admin-travel-service|ts-assurance-mongo|ts-preserve-other-mongo|ts-train-service|ts-travel-mongo|ts-news-service|ts-route-plan-service|ts-food-service|ts-route-mongo|ts-food-map-mongo|ts-avatar-service|ts-config-mongo|ts-food-mysql|ts-voucher-service|ts-ticket-office-service,ts-order-service|ts-consign-price-service|ts-admin-basic-info-service|ts-inside-payment-service|ts-consign-service|ts-travel-service|ts-admin-travel-service|ts-auth-service|ts-config-service|ts-station-service|ts-price-service|ts-ticketinfo-service|ts-train-service|ts-travel2-service|ts-ui-dashboard|ts-order-other-service|ts-basic-service|ts-food-map-service|ts-food-service|ts-route-service,ts-admin-basic-info-service|ts-admin-travel-service|ts-auth-service|ts-basic-service|ts-config-service|ts-consign-price-service|ts-consign-service|ts-food-map-service|ts-food-service|ts-inside-payment-service|ts-order-other-service|ts-order-service|ts-price-service|ts-route-service|ts-station-service|ts-ticketinfo-service|ts-train-service|ts-travel-service|ts-travel2-service|ts-ui-dashboard,,,0.04148292541503906,0.003300905227661133,67,20,True,True,True,True,True,True
TrainTicket,ts-order-service,loss,2,baro,mang,latency-50,duong,ts-preserve-other-service|ts-order-service|ts-cancel-service|ts-consign-service|ts-auth-service|ts-verification-code-service|ts-travel-plan-service|ts-travel2-service|ts-admin-basic-info-service|ts-admin-route-service|ts-rebook-service|ts-seat-service|ts-preserve-service|ts-consign-price-service|ts-execute-service|ts-travel-service|ts-admin-user-service|ts-station-service|ts-security-service|ts-order-other-service|ts-notification-service|ts-basic-service|ts-user-service|ts-route-plan-service|ts-admin-order-service|ts-contacts-service|ts-route-service|ts-user-mongo|ts-payment-mongo|ts-inside-payment-mongo|ts-payment-service|ts-inside-payment-service|ts-ticketinfo-service|ts-preserve-mongo|ts-price-mongo|ts-travel2-mongo|ts-ticket-office-mongo|ts-auth-mongo|ts-order-mongo|ts-security-mongo|ts-order-other-mongo|ts-notification-mongo|ts-contacts-mongo|ts-assurance-mongo|ts-food-mongo|ts-consign-price-mongo|ts-config-service|ts-ui-dashboard|ts-train-service|ts-station-mongo|ts-preserve-other-mongo|ts-consign-mongo|ts-admin-travel-service|ts-price-service|ts-train-mongo|ts-food-mysql|ts-food-service|ts-assurance-service|ts-route-mongo|ts-food-map-mongo|ts-news-service|ts-food-map-service|ts-travel-mongo|ts-voucher-service|ts-avatar-service|ts-config-mongo|ts-ticket-office-service,ts-order-service|ts-consign-service|ts-consign-price-service|ts-auth-service|ts-ui-dashboard|ts-travel-service|ts-station-service|ts-config-service|ts-travel2-service|ts-food-service|ts-ticketinfo-service|ts-train-service|ts-basic-service|ts-order-other-service|ts-route-service|ts-food-map-service|ts-admin-travel-service|ts-inside-payment-service|ts-admin-basic-info-service|ts-price-service,ts-admin-basic-info-service|ts-admin-travel-service|ts-auth-service|ts-basic-service|ts-config-service|ts-consign-price-service|ts-consign-service|ts-food-map-service|ts-food-service|ts-inside-payment-service|ts-order-other-service|ts-order-service|ts-price-service|ts-route-service|ts-station-service|ts-ticketinfo-service|ts-train-service|ts-travel-service|ts-travel2-service|ts-ui-dashboard,,,0.06946396827697754,0.004008054733276367,67,20,False,True,True,True,True,True
TrainTicket,ts-order-service,loss,3,nsigma,mang,latency-50,duong,ts-order-service|ts-inside-payment-service|ts-price-service|ts-user-service|ts-travel-service|ts-preserve-service|ts-security-mongo|ts-admin-travel-service|ts-payment-service|ts-notification-service|ts-train-mongo|ts-train-service|ts-contacts-service|ts-rebook-service|ts-auth-service|ts-order-other-service|ts-admin-route-service|ts-travel2-mongo|ts-assurance-service|ts-travel-plan-service|ts-station-mongo|ts-verification-code-service|ts-inside-payment-mongo|ts-food-map-mongo|ts-preserve-other-service|ts-order-other-mongo|ts-ticketinfo-service|ts-food-mongo|ts-cancel-service|ts-price-mongo|ts-admin-user-service|ts-basic-service|ts-payment-mongo|ts-consign-service|ts-ui-dashboard|ts-security-service|ts-food-map-service|ts-contacts-mongo|ts-consign-price-mongo|ts-consign-mongo|ts-food-service|ts-news-service|ts-consign-price-service|ts-travel2-service|ts-route-service|ts-seat-service|ts-route-plan-service|ts-admin-order-service|ts-preserve-other-mongo|ts-travel-mongo|ts-station-service|ts-execute-service|ts-config-service|ts-user-mongo|ts-ticket-office-mongo|ts-assurance-mongo|ts-admin-basic-info-service|ts-config-mongo|ts-auth-mongo|ts-notification-mongo|ts-preserve-mongo|ts-order-mongo|ts-route-mongo|ts-avatar-service|ts-voucher-mysql|ts-food-mysql|ts-voucher-service|ts-ticket-office-service,ts-inside-payment-service|ts-order-service|ts-price-service|ts-auth-service|ts-admin-travel-service|ts-ui-dashboard|ts-station-service|ts-train-service|ts-basic-service|ts-travel-service|ts-food-map-service|ts-config-service|ts-food-service|ts-travel2-service|ts-order-other-service|ts-consign-service|ts-ticketinfo-service|ts-route-service|ts-assurance-service|ts-admin-basic-info-service,ts-admin-basic-info-service|ts-admin-travel-service|ts-assurance-service|ts-auth-service|ts-basic-service|ts-config-service|ts-consign-service|ts-food-map-service|ts-food-service|ts-inside-payment-service|ts-order-other-service|ts-order-service|ts-price-service|ts-route-service|ts-station-service|ts-ticketinfo-service|ts-train-service|ts-travel-service|ts-travel2-service|ts-ui-dashboard,,,0.03907918930053711,0.003381967544555664,68,20,True,True,False,True,True,True
TrainTicket,ts-order-service,loss,3,baro,mang,latency-50,duong,ts-admin-user-service|ts-seat-service|ts-order-service|ts-user-service|ts-contacts-service|ts-order-other-service|ts-auth-service|ts-config-service|ts-security-mongo|ts-cancel-service|ts-assurance-service|ts-travel-service|ts-preserve-service|ts-payment-service|ts-consign-service|ts-notification-service|ts-train-service|ts-preserve-other-service|ts-price-service|ts-admin-route-service|ts-ui-dashboard|ts-admin-travel-service|ts-rebook-service|ts-route-plan-service|ts-travel-plan-service|ts-route-service|ts-inside-payment-mongo|ts-food-service|ts-train-mongo|ts-station-mongo|ts-security-service|ts-travel2-service|ts-ticketinfo-service|ts-order-other-mongo|ts-execute-service|ts-travel2-mongo|ts-admin-order-service|ts-consign-price-mongo|ts-ticket-office-mongo|ts-consign-price-service|ts-food-map-mongo|ts-payment-mongo|ts-basic-service|ts-contacts-mongo|ts-food-mongo|ts-food-map-service|ts-user-mongo|ts-price-mongo|ts-assurance-mongo|ts-auth-mongo|ts-consign-mongo|ts-travel-mongo|ts-news-service|ts-station-service|ts-inside-payment-service|ts-admin-basic-info-service|ts-verification-code-service|ts-notification-mongo|ts-config-mongo|ts-food-mysql|ts-avatar-service|ts-preserve-other-mongo|ts-route-mongo|ts-order-mongo|ts-preserve-mongo|ts-voucher-mysql|ts-ticket-office-service|ts-voucher-service,ts-order-service|ts-ui-dashboard|ts-auth-service|ts-consign-service|ts-station-service|ts-config-service|ts-train-service|ts-travel-service|ts-basic-service|ts-route-service|ts-travel2-service|ts-food-map-service|ts-food-service|ts-assurance-service|ts-order-other-service|ts-ticketinfo-service|ts-inside-payment-service|ts-admin-travel-service|ts-admin-basic-info-service|ts-price-service,ts-admin-basic-info-service|ts-admin-travel-service|ts-assurance-service|ts-auth-service|ts-basic-service|ts-config-service|ts-consign-service|ts-food-map-service|ts-food-service|ts-inside-payment-service|ts-order-other-service|ts-order-service|ts-price-service|ts-route-service|ts-station-service|ts-ticketinfo-service|ts-train-service|ts-travel-service|ts-travel2-service|ts-ui-dashboard,,,0.04900622367858887,0.003977060317993164,68,20,False,True,True,True,True,True
TrainTicket,ts-order-service,mem,1,nsigma,tai nguyen,latency-50,duong,ts-order-service|ts-basic-service|ts-security-service|ts-train-service|ts-admin-travel-service|ts-payment-service|ts-user-service|ts-route-service|ts-admin-basic-info-service|ts-route-plan-service|ts-admin-user-service|ts-execute-service|ts-travel-service|ts-inside-payment-service|ts-consign-price-service|ts-consign-service|ts-travel-mongo|ts-news-service|ts-order-mongo|ts-preserve-mongo|ts-assurance-service|ts-payment-mongo|ts-notification-mongo|ts-admin-route-service|ts-notification-service|ts-price-mongo|ts-seat-service|ts-user-mongo|ts-rebook-service|ts-station-mongo|ts-consign-price-mongo|ts-food-mongo|ts-config-service|ts-order-other-mongo|ts-food-map-service|ts-security-mongo|ts-avatar-service|ts-train-mongo|ts-ui-dashboard|ts-order-other-service|ts-preserve-service|ts-travel-plan-service|ts-auth-service|ts-price-service|ts-food-service|ts-verification-code-service|ts-admin-order-service|ts-contacts-service|ts-preserve-other-mongo|ts-assurance-mongo|ts-travel2-mongo|ts-preserve-other-service|ts-cancel-service|ts-ticket-office-mongo|ts-inside-payment-mongo|ts-station-service|ts-consign-mongo|ts-config-mongo|ts-route-mongo|ts-ticket-office-service|ts-travel2-service|ts-contacts-mongo|ts-food-map-mongo|ts-auth-mongo|ts-ticketinfo-service|ts-voucher-service|ts-food-mysql|ts-voucher-mysql,ts-security-service|ts-order-service|ts-consign-price-service|ts-auth-service|ts-consign-service|ts-assurance-service|ts-ui-dashboard|ts-user-service|ts-admin-travel-service|ts-admin-basic-info-service|ts-contacts-service|ts-seat-service|ts-travel2-service|ts-travel-service|ts-ticketinfo-service|ts-price-service|ts-order-other-service|ts-basic-service|ts-food-service|ts-train-service|ts-station-service|ts-route-service|ts-food-map-service|ts-config-service,ts-admin-basic-info-service|ts-admin-travel-service|ts-assurance-service|ts-auth-service|ts-basic-service|ts-config-service|ts-consign-price-service|ts-consign-service|ts-contacts-service|ts-food-map-service|ts-food-service|ts-order-other-service|ts-order-service|ts-price-service|ts-route-service|ts-seat-service|ts-security-service|ts-station-service|ts-ticketinfo-service|ts-train-service|ts-travel-service|ts-travel2-service|ts-ui-dashboard|ts-user-service,,,0.0431978702545166,0.003761768341064453,68,24,True,True,False,True,True,True
TrainTicket,ts-order-service,mem,1,baro,tai nguyen,latency-50,duong,ts-consign-price-service|ts-order-service|ts-user-service|ts-security-service|ts-basic-service|ts-admin-user-service|ts-train-service|ts-admin-travel-service|ts-route-service|ts-admin-basic-info-service|ts-travel-service|ts-execute-service|ts-route-plan-service|ts-payment-service|ts-inside-payment-service|ts-rebook-service|ts-config-service|ts-consign-service|ts-admin-order-service|ts-travel-mongo|ts-notification-service|ts-admin-route-service|ts-price-mongo|ts-news-service|ts-cancel-service|ts-assurance-service|ts-payment-mongo|ts-preserve-mongo|ts-order-mongo|ts-price-service|ts-seat-service|ts-station-mongo|ts-user-mongo|ts-travel-plan-service|ts-verification-code-service|ts-notification-mongo|ts-security-mongo|ts-ui-dashboard|ts-preserve-service|ts-avatar-service|ts-food-service|ts-order-other-service|ts-station-service|ts-preserve-other-mongo|ts-auth-service|ts-food-map-service|ts-order-other-mongo|ts-travel2-service|ts-food-mongo|ts-consign-price-mongo|ts-ticket-office-mongo|ts-travel2-mongo|ts-contacts-service|ts-assurance-mongo|ts-voucher-service|ts-train-mongo|ts-preserve-other-service|ts-route-mongo|ts-config-mongo|ts-ticket-office-service|ts-inside-payment-mongo|ts-ticketinfo-service|ts-contacts-mongo|ts-auth-mongo|ts-food-mysql|ts-consign-mongo|ts-food-map-mongo|ts-voucher-mysql,ts-security-service|ts-order-service|ts-consign-price-service|ts-admin-basic-info-service|ts-consign-service|ts-admin-travel-service|ts-travel-service|ts-auth-service|ts-assurance-service|ts-ui-dashboard|ts-travel2-service|ts-seat-service|ts-order-other-service|ts-user-service|ts-station-service|ts-basic-service|ts-contacts-service|ts-price-service|ts-route-service|ts-food-map-service|ts-ticketinfo-service|ts-food-service|ts-config-service|ts-train-service,ts-admin-basic-info-service|ts-admin-travel-service|ts-assurance-service|ts-auth-service|ts-basic-service|ts-config-service|ts-consign-price-service|ts-consign-service|ts-contacts-service|ts-food-map-service|ts-food-service|ts-order-other-service|ts-order-service|ts-price-service|ts-route-service|ts-seat-service|ts-security-service|ts-station-service|ts-ticketinfo-service|ts-train-service|ts-travel-service|ts-travel2-service|ts-ui-dashboard|ts-user-service,,,0.0532228946685791,0.004629611968994141,68,24,False,False,False,True,True,True
TrainTicket,ts-order-service,mem,2,nsigma,tai nguyen,latency-50,duong,ts-order-service|ts-security-service|ts-train-service|ts-assurance-service|ts-user-service|ts-route-plan-service|ts-basic-service|ts-food-map-service|ts-notification-service|ts-price-service|ts-travel-plan-service|ts-consign-price-service|ts-preserve-mongo|ts-news-service|ts-preserve-service|ts-contacts-service|ts-admin-order-service|ts-cancel-service|ts-rebook-service|ts-admin-basic-info-service|ts-ticket-office-mongo|ts-price-mongo|ts-config-service|ts-execute-service|ts-inside-payment-service|ts-notification-mongo|ts-config-mongo|ts-preserve-other-mongo|ts-station-mongo|ts-consign-price-mongo|ts-admin-route-service|ts-user-mongo|ts-ticketinfo-service|ts-admin-user-service|ts-travel-service|ts-admin-travel-service|ts-payment-service|ts-auth-service|ts-seat-service|ts-verification-code-service|ts-food-service|ts-route-service|ts-travel-mongo|ts-food-map-mongo|ts-inside-payment-mongo|ts-consign-service|ts-security-mongo|ts-station-service|ts-order-mongo|ts-assurance-mongo|ts-preserve-other-service|ts-travel2-service|ts-food-mongo|ts-auth-mongo|ts-payment-mongo|ts-contacts-mongo|ts-order-other-service|ts-avatar-service|ts-route-mongo|ts-ui-dashboard|ts-food-mysql|ts-travel2-mongo|ts-train-mongo|ts-voucher-mysql|ts-voucher-service|ts-consign-mongo|ts-ticket-office-service|ts-order-other-mongo,ts-order-service|ts-security-service|ts-inside-payment-service|ts-auth-service|ts-consign-price-service|ts-assurance-service|ts-ui-dashboard|ts-contacts-service|ts-user-service|ts-consign-service|ts-admin-basic-info-service|ts-seat-service|ts-travel2-service|ts-ticketinfo-service|ts-travel-service|ts-config-service|ts-order-other-service|ts-price-service|ts-admin-travel-service|ts-train-service|ts-basic-service|ts-station-service|ts-food-service|ts-food-map-service|ts-route-service,ts-admin-basic-info-service|ts-admin-travel-service|ts-assurance-service|ts-auth-service|ts-basic-service|ts-config-service|ts-consign-price-service|ts-consign-service|ts-contacts-service|ts-food-map-service|ts-food-service|ts-inside-payment-service|ts-order-other-service|ts-order-service|ts-price-service|ts-route-service|ts-seat-service|ts-security-service|ts-station-service|ts-ticketinfo-service|ts-train-service|ts-travel-service|ts-travel2-service|ts-ui-dashboard|ts-user-service,,,0.04323911666870117,0.004057884216308594,68,25,True,True,True,True,True,True
TrainTicket,ts-order-service,mem,2,baro,tai nguyen,latency-50,duong,ts-order-service|ts-consign-price-service|ts-user-service|ts-basic-service|ts-train-service|ts-food-map-service|ts-travel-plan-service|ts-route-plan-service|ts-security-service|ts-price-service|ts-notification-service|ts-assurance-service|ts-admin-basic-info-service|ts-preserve-service|ts-news-service|ts-admin-order-service|ts-preserve-mongo|ts-admin-user-service|ts-cancel-service|ts-contacts-service|ts-travel-service|ts-rebook-service|ts-execute-service|ts-auth-service|ts-payment-service|ts-ticket-office-mongo|ts-config-service|ts-verification-code-service|ts-inside-payment-service|ts-admin-route-service|ts-config-mongo|ts-station-service|ts-notification-mongo|ts-user-mongo|ts-food-service|ts-station-mongo|ts-voucher-mysql|ts-travel-mongo|ts-price-mongo|ts-food-mysql|ts-ticketinfo-service|ts-preserve-other-mongo|ts-consign-service|ts-preserve-other-service|ts-admin-travel-service|ts-order-mongo|ts-consign-price-mongo|ts-order-other-service|ts-voucher-service|ts-seat-service|ts-route-service|ts-avatar-service|ts-travel2-service|ts-auth-mongo|ts-consign-mongo|ts-security-mongo|ts-food-mongo|ts-ui-dashboard|ts-food-map-mongo|ts-contacts-mongo|ts-assurance-mongo|ts-ticket-office-service|ts-travel2-mongo|ts-inside-payment-mongo|ts-train-mongo|ts-payment-mongo|ts-route-mongo|ts-order-other-mongo,ts-order-service|ts-security-service|ts-auth-service|ts-user-service|ts-inside-payment-service|ts-contacts-service|ts-admin-basic-info-service|ts-assurance-service|ts-travel2-service|ts-consign-price-service|ts-ui-dashboard|ts-travel-service|ts-consign-service|ts-config-service|ts-order-other-service|ts-seat-service|ts-station-service|ts-basic-service|ts-price-service|ts-food-map-service|ts-admin-travel-service|ts-route-service|ts-food-service|ts-ticketinfo-service|ts-train-service,ts-admin-basic-info-service|ts-admin-travel-service|ts-assurance-service|ts-auth-service|ts-basic-service|ts-config-service|ts-consign-price-service|ts-consign-service|ts-contacts-service|ts-food-map-service|ts-food-service|ts-inside-payment-service|ts-order-other-service|ts-order-service|ts-price-service|ts-route-service|ts-seat-service|ts-security-service|ts-station-service|ts-ticketinfo-service|ts-train-service|ts-travel-service|ts-travel2-service|ts-ui-dashboard|ts-user-service,,,0.054074764251708984,0.0051991939544677734,68,25,True,True,True,True,True,True
TrainTicket,ts-order-service,mem,3,nsigma,tai nguyen,cpu,node,ts-order-service|ts-security-service|ts-order-other-service|ts-food-map-service|ts-admin-basic-info-service|ts-consign-price-service|ts-basic-service|ts-admin-user-service|ts-route-service|ts-admin-travel-service|ts-train-service|ts-inside-payment-service|ts-user-service|ts-payment-service|ts-route-plan-service|ts-travel-service|ts-price-service|ts-verification-code-service|ts-consign-service|ts-travel-plan-service|ts-cancel-service|ts-admin-route-service|ts-rebook-service|ts-notification-service|ts-admin-order-service|ts-inside-payment-mongo|ts-ticketinfo-service|ts-auth-service|ts-station-mongo|ts-food-service|ts-travel2-service|ts-seat-service|ts-contacts-service|ts-user-mongo|ts-assurance-mongo|ts-preserve-other-service|ts-price-mongo|ts-assurance-service|ts-ui-dashboard|ts-news-service|ts-contacts-mongo|ts-security-mongo|ts-preserve-service|ts-ticket-office-mongo|ts-config-mongo|ts-preserve-mongo|ts-consign-mongo|ts-preserve-other-mongo|ts-food-mongo|ts-notification-mongo|ts-route-mongo|ts-food-map-mongo|ts-payment-mongo|ts-consign-price-mongo|ts-travel-mongo|ts-station-service|ts-order-mongo|ts-auth-mongo|ts-execute-service|ts-travel2-mongo|ts-order-other-mongo|ts-train-mongo|ts-config-service|ts-avatar-service|ts-voucher-service|ts-voucher-mysql|ts-ticket-office-service|ts-food-mysql,ts-admin-user-service|ts-order-service|ts-route-plan-service|ts-cancel-service|ts-admin-route-service|ts-food-map-service|ts-rebook-service|ts-notification-service|ts-admin-order-service|ts-price-service|ts-order-other-service|ts-consign-service|ts-consign-price-service|ts-user-service|ts-basic-service|ts-preserve-service|ts-security-service|ts-admin-basic-info-service|ts-preserve-other-service|ts-station-mongo|ts-auth-service|ts-order-other-mongo|ts-contacts-service|ts-avatar-service|ts-food-service|ts-inside-payment-mongo|ts-route-service|ts-ticketinfo-service|ts-news-service|ts-station-service|ts-consign-price-mongo|ts-order-mongo|ts-train-mongo|ts-preserve-mongo|ts-auth-mongo|ts-config-mongo|ts-travel2-mongo|ts-ui-dashboard|ts-contacts-mongo|ts-security-mongo|ts-train-service|ts-travel2-service|ts-payment-mongo|ts-travel-mongo|ts-travel-service|ts-route-mongo|ts-user-mongo|ts-voucher-service|ts-food-map-mongo|ts-assurance-mongo|ts-voucher-mysql|ts-price-mongo|ts-food-mongo|ts-food-mysql|ts-payment-service|ts-ticket-office-mongo|ts-ticket-office-service|ts-verification-code-service|ts-seat-service|ts-config-service|ts-inside-payment-service|ts-admin-travel-service,ts-admin-basic-info-service|ts-admin-order-service|ts-admin-route-service|ts-admin-travel-service|ts-admin-user-service|ts-assurance-mongo|ts-auth-mongo|ts-auth-service|ts-avatar-service|ts-basic-service|ts-cancel-service|ts-config-mongo|ts-config-service|ts-consign-price-mongo|ts-consign-price-service|ts-consign-service|ts-contacts-mongo|ts-contacts-service|ts-food-map-mongo|ts-food-map-service|ts-food-mongo|ts-food-mysql|ts-food-service|ts-inside-payment-mongo|ts-inside-payment-service|ts-news-service|ts-notification-service|ts-order-mongo|ts-order-other-mongo|ts-order-other-service|ts-order-service|ts-payment-mongo|ts-payment-service|ts-preserve-mongo|ts-preserve-other-service|ts-preserve-service|ts-price-mongo|ts-price-service|ts-rebook-service|ts-route-mongo|ts-route-plan-service|ts-route-service|ts-seat-service|ts-security-mongo|ts-security-service|ts-station-mongo|ts-station-service|ts-ticket-office-mongo|ts-ticket-office-service|ts-ticketinfo-service|ts-train-mongo|ts-train-service|ts-travel-mongo|ts-travel-service|ts-travel2-mongo|ts-travel2-service|ts-ui-dashboard|ts-user-mongo|ts-user-service|ts-verification-code-service|ts-voucher-mysql|ts-voucher-service,,,0.04224419593811035,0.008988142013549805,68,62,True,True,False,False,True,True
TrainTicket,ts-order-service,mem,3,baro,tai nguyen,cpu,node,ts-admin-basic-info-service|ts-order-service|ts-consign-service|ts-order-other-service|ts-food-map-service|ts-consign-price-service|ts-admin-user-service|ts-train-service|ts-basic-service|ts-payment-service|ts-route-plan-service|ts-route-service|ts-admin-travel-service|ts-user-service|ts-inside-payment-service|ts-travel-service|ts-cancel-service|ts-notification-service|ts-price-service|ts-admin-route-service|ts-rebook-service|ts-admin-order-service|ts-auth-service|ts-verification-code-service|ts-seat-service|ts-travel-plan-service|ts-ticketinfo-service|ts-inside-payment-mongo|ts-travel2-service|ts-preserve-other-service|ts-contacts-service|ts-security-service|ts-food-service|ts-station-mongo|ts-preserve-service|ts-news-service|ts-user-mongo|ts-assurance-service|ts-consign-mongo|ts-assurance-mongo|ts-ui-dashboard|ts-price-mongo|ts-food-mongo|ts-security-mongo|ts-route-mongo|ts-order-other-mongo|ts-ticket-office-mongo|ts-food-map-mongo|ts-preserve-other-mongo|ts-config-mongo|ts-preserve-mongo|ts-contacts-mongo|ts-notification-mongo|ts-payment-mongo|ts-travel2-mongo|ts-station-service|ts-order-mongo|ts-auth-mongo|ts-consign-price-mongo|ts-travel-mongo|ts-voucher-mysql|ts-config-service|ts-avatar-service|ts-food-mysql|ts-train-mongo|ts-voucher-service|ts-ticket-office-service|ts-execute-service,ts-admin-user-service|ts-route-plan-service|ts-cancel-service|ts-notification-service|ts-admin-route-service|ts-order-service|ts-food-map-service|ts-rebook-service|ts-price-service|ts-admin-order-service|ts-consign-price-service|ts-user-service|ts-consign-service|ts-security-service|ts-contacts-service|ts-verification-code-service|ts-order-other-service|ts-auth-service|ts-preserve-other-service|ts-order-other-mongo|ts-admin-basic-info-service|ts-basic-service|ts-preserve-service|ts-preserve-mongo|ts-station-mongo|ts-seat-service|ts-inside-payment-mongo|ts-food-service|ts-order-mongo|ts-auth-mongo|ts-ticketinfo-service|ts-config-mongo|ts-voucher-mysql|ts-config-service|ts-assurance-mongo|ts-consign-price-mongo|ts-avatar-service|ts-inside-payment-service|ts-route-service|ts-food-map-mongo|ts-food-mysql|ts-travel2-mongo|ts-security-mongo|ts-train-mongo|ts-news-service|ts-voucher-service|ts-station-service|ts-ticket-office-service|ts-ui-dashboard|ts-user-mongo|ts-route-mongo|ts-travel2-service|ts-contacts-mongo|ts-payment-service|ts-travel-mongo|ts-price-mongo|ts-train-service|ts-food-mongo|ts-payment-mongo|ts-travel-service|ts-ticket-office-mongo|ts-admin-travel-service,ts-admin-basic-info-service|ts-admin-order-service|ts-admin-route-service|ts-admin-travel-service|ts-admin-user-service|ts-assurance-mongo|ts-auth-mongo|ts-auth-service|ts-avatar-service|ts-basic-service|ts-cancel-service|ts-config-mongo|ts-config-service|ts-consign-price-mongo|ts-consign-price-service|ts-consign-service|ts-contacts-mongo|ts-contacts-service|ts-food-map-mongo|ts-food-map-service|ts-food-mongo|ts-food-mysql|ts-food-service|ts-inside-payment-mongo|ts-inside-payment-service|ts-news-service|ts-notification-service|ts-order-mongo|ts-order-other-mongo|ts-order-other-service|ts-order-service|ts-payment-mongo|ts-payment-service|ts-preserve-mongo|ts-preserve-other-service|ts-preserve-service|ts-price-mongo|ts-price-service|ts-rebook-service|ts-route-mongo|ts-route-plan-service|ts-route-service|ts-seat-service|ts-security-mongo|ts-security-service|ts-station-mongo|ts-station-service|ts-ticket-office-mongo|ts-ticket-office-service|ts-ticketinfo-service|ts-train-mongo|ts-train-service|ts-travel-mongo|ts-travel-service|ts-travel2-mongo|ts-travel2-service|ts-ui-dashboard|ts-user-mongo|ts-user-service|ts-verification-code-service|ts-voucher-mysql|ts-voucher-service,,,0.06997799873352051,0.011324882507324219,68,62,False,False,False,False,True,False
TrainTicket,ts-order-service,socket,1,nsigma,tai nguyen,latency-50,duong,ts-config-service|ts-order-service|ts-seat-service|ts-execute-service|ts-auth-service|ts-route-plan-service|ts-train-service|ts-admin-order-service|ts-notification-service|ts-consign-price-mongo|ts-food-mongo|ts-contacts-mongo|ts-user-service|ts-verification-code-service|ts-price-service|ts-rebook-service|ts-order-other-service|ts-inside-payment-service|ts-ui-dashboard|ts-travel-plan-service|ts-inside-payment-mongo|ts-travel-service|ts-admin-user-service|ts-admin-basic-info-service|ts-food-map-service|ts-consign-service|ts-admin-route-service|ts-travel-mongo|ts-user-mongo|ts-cancel-service|ts-station-service|ts-notification-mongo|ts-news-service|ts-basic-service|ts-preserve-mongo|ts-consign-price-service|ts-security-service|ts-consign-mongo|ts-contacts-service|ts-assurance-service|ts-travel2-service|ts-config-mongo|ts-ticketinfo-service|ts-preserve-service|ts-route-service|ts-ticket-office-service|ts-ticket-office-mongo|ts-payment-mongo|ts-food-service|ts-admin-travel-service|ts-train-mongo|ts-preserve-other-service|ts-price-mongo|ts-payment-service|ts-avatar-service|ts-auth-mongo|ts-station-mongo|ts-preserve-other-mongo|ts-order-mongo|ts-assurance-mongo|ts-order-other-mongo|ts-security-mongo|ts-route-mongo|ts-food-map-mongo|ts-travel2-mongo|ts-voucher-service|ts-food-mysql|ts-voucher-mysql,ts-order-service|ts-config-service|ts-inside-payment-service|ts-seat-service|ts-consign-service|ts-auth-service|ts-consign-price-service|ts-route-service|ts-basic-service|ts-travel-service|ts-travel2-service|ts-ui-dashboard|ts-price-service|ts-food-service|ts-station-service|ts-train-service|ts-admin-basic-info-service|ts-order-other-service|ts-ticketinfo-service|ts-food-map-service|ts-admin-travel-service,ts-admin-basic-info-service|ts-admin-travel-service|ts-auth-service|ts-basic-service|ts-config-service|ts-consign-price-service|ts-consign-service|ts-food-map-service|ts-food-service|ts-inside-payment-service|ts-order-other-service|ts-order-service|ts-price-service|ts-route-service|ts-seat-service|ts-station-service|ts-ticketinfo-service|ts-train-service|ts-travel-service|ts-travel2-service|ts-ui-dashboard,,,0.041356801986694336,0.003414154052734375,68,21,False,False,True,True,True,True
TrainTicket,ts-order-service,socket,1,baro,tai nguyen,latency-50,duong,ts-admin-user-service|ts-config-service|ts-order-service|ts-seat-service|ts-food-map-service|ts-travel-plan-service|ts-cancel-service|ts-train-service|ts-execute-service|ts-auth-service|ts-route-plan-service|ts-notification-service|ts-consign-price-mongo|ts-contacts-mongo|ts-verification-code-service|ts-inside-payment-service|ts-security-service|ts-order-other-service|ts-price-service|ts-rebook-service|ts-food-mongo|ts-user-service|ts-admin-order-service|ts-preserve-service|ts-admin-basic-info-service|ts-payment-mongo|ts-travel-mongo|ts-ui-dashboard|ts-inside-payment-mongo|ts-user-mongo|ts-contacts-service|ts-basic-service|ts-consign-service|ts-payment-service|ts-admin-route-service|ts-ticketinfo-service|ts-route-service|ts-travel-service|ts-notification-mongo|ts-station-service|ts-admin-travel-service|ts-assurance-service|ts-price-mongo|ts-travel2-mongo|ts-consign-price-service|ts-travel2-service|ts-preserve-other-mongo|ts-ticket-office-mongo|ts-preserve-other-service|ts-food-service|ts-news-service|ts-config-mongo|ts-consign-mongo|ts-route-mongo|ts-ticket-office-service|ts-preserve-mongo|ts-avatar-service|ts-voucher-service|ts-security-mongo|ts-train-mongo|ts-station-mongo|ts-auth-mongo|ts-food-map-mongo|ts-order-mongo|ts-food-mysql|ts-order-other-mongo|ts-assurance-mongo|ts-voucher-mysql,ts-order-service|ts-config-service|ts-seat-service|ts-inside-payment-service|ts-consign-service|ts-auth-service|ts-consign-price-service|ts-route-service|ts-basic-service|ts-travel-service|ts-food-service|ts-station-service|ts-travel2-service|ts-price-service|ts-ui-dashboard|ts-train-service|ts-ticketinfo-service|ts-food-map-service|ts-admin-basic-info-service|ts-order-other-service|ts-admin-travel-service,ts-admin-basic-info-service|ts-admin-travel-service|ts-auth-service|ts-basic-service|ts-config-service|ts-consign-price-service|ts-consign-service|ts-food-map-service|ts-food-service|ts-inside-payment-service|ts-order-other-service|ts-order-service|ts-price-service|ts-route-service|ts-seat-service|ts-station-service|ts-ticketinfo-service|ts-train-service|ts-travel-service|ts-travel2-service|ts-ui-dashboard,,,0.0529179573059082,0.004147052764892578,68,21,False,False,True,True,True,True
TrainTicket,ts-order-service,socket,2,nsigma,tai nguyen,cpu,node,ts-inside-payment-service|ts-config-service|ts-order-service|ts-food-map-service|ts-ticket-office-service|ts-assurance-service|ts-order-other-service|ts-travel-service|ts-inside-payment-mongo|ts-ui-dashboard|ts-auth-mongo|ts-order-mongo|ts-basic-service|ts-auth-service|ts-train-mongo|ts-payment-mongo|ts-assurance-mongo|ts-consign-service|ts-ticketinfo-service|ts-consign-price-service|ts-price-mongo|ts-price-service|ts-route-service|ts-train-service|ts-consign-mongo|ts-admin-travel-service|ts-consign-price-mongo|ts-ticket-office-mongo|ts-news-service|ts-station-service|ts-travel2-mongo|ts-travel2-service|ts-contacts-service|ts-verification-code-service|ts-user-service|ts-contacts-mongo|ts-food-service|ts-admin-user-service|ts-notification-service|ts-route-plan-service|ts-payment-service|ts-execute-service|ts-preserve-service|ts-cancel-service|ts-station-mongo|ts-user-mongo|ts-security-service|ts-admin-route-service|ts-preserve-other-mongo|ts-admin-order-service|ts-order-other-mongo|ts-preserve-other-service|ts-rebook-service|ts-food-map-mongo|ts-travel-plan-service|ts-notification-mongo|ts-preserve-mongo|ts-security-mongo|ts-travel-mongo|ts-admin-basic-info-service|ts-route-mongo|ts-seat-service|ts-food-mongo|ts-config-mongo|ts-avatar-service|ts-voucher-service|ts-food-mysql|ts-voucher-mysql,ts-order-service|ts-food-map-service|ts-ticket-office-service|ts-travel-service|ts-consign-price-service|ts-route-service|ts-train-service|ts-admin-travel-service|ts-order-other-service|ts-travel2-service|ts-station-service|ts-preserve-service|ts-food-map-mongo|ts-consign-service|ts-consign-mongo|ts-config-service|ts-travel-mongo|ts-seat-service|ts-food-mongo|ts-auth-service|ts-assurance-mongo|ts-security-mongo|ts-notification-mongo|ts-ticket-office-mongo|ts-train-mongo|ts-order-mongo|ts-news-service|ts-payment-mongo|ts-assurance-service|ts-route-mongo|ts-inside-payment-mongo|ts-consign-price-mongo|ts-config-mongo|ts-voucher-service|ts-order-other-mongo|ts-travel2-mongo|ts-station-mongo|ts-inside-payment-service|ts-contacts-mongo|ts-avatar-service|ts-price-mongo|ts-ui-dashboard|ts-preserve-mongo|ts-auth-mongo|ts-verification-code-service|ts-food-mysql|ts-user-mongo|ts-voucher-mysql|ts-basic-service|ts-admin-order-service|ts-ticketinfo-service|ts-food-service|ts-travel-plan-service|ts-notification-service|ts-rebook-service|ts-route-plan-service|ts-payment-service|ts-execute-service|ts-admin-route-service|ts-contacts-service|ts-cancel-service|ts-preserve-other-service|ts-security-service|ts-user-service,ts-admin-order-service|ts-admin-route-service|ts-admin-travel-service|ts-assurance-mongo|ts-assurance-service|ts-auth-mongo|ts-auth-service|ts-avatar-service|ts-basic-service|ts-cancel-service|ts-config-mongo|ts-config-service|ts-consign-mongo|ts-consign-price-mongo|ts-consign-price-service|ts-consign-service|ts-contacts-mongo|ts-contacts-service|ts-execute-service|ts-food-map-mongo|ts-food-map-service|ts-food-mongo|ts-food-mysql|ts-food-service|ts-inside-payment-mongo|ts-inside-payment-service|ts-news-service|ts-notification-mongo|ts-notification-service|ts-order-mongo|ts-order-other-mongo|ts-order-other-service|ts-order-service|ts-payment-mongo|ts-payment-service|ts-preserve-mongo|ts-preserve-other-service|ts-preserve-service|ts-price-mongo|ts-rebook-service|ts-route-mongo|ts-route-plan-service|ts-route-service|ts-seat-service|ts-security-mongo|ts-security-service|ts-station-mongo|ts-station-service|ts-ticket-office-mongo|ts-ticket-office-service|ts-ticketinfo-service|ts-train-mongo|ts-train-service|ts-travel-mongo|ts-travel-plan-service|ts-travel-service|ts-travel2-mongo|ts-travel2-service|ts-ui-dashboard|ts-user-mongo|ts-user-service|ts-verification-code-service|ts-voucher-mysql|ts-voucher-service,,,0.04060506820678711,0.009567022323608398,68,64,False,False,True,True,True,True
TrainTicket,ts-order-service,socket,2,baro,tai nguyen,cpu,node,ts-order-service|ts-assurance-service|ts-ticket-office-service|ts-food-map-service|ts-ui-dashboard|ts-travel-service|ts-auth-mongo|ts-train-mongo|ts-train-service|ts-preserve-service|ts-route-service|ts-auth-service|ts-consign-price-service|ts-order-other-service|ts-price-mongo|ts-consign-service|ts-payment-mongo|ts-travel2-service|ts-assurance-mongo|ts-order-mongo|ts-inside-payment-mongo|ts-food-mongo|ts-seat-service|ts-config-service|ts-food-service|ts-basic-service|ts-consign-price-mongo|ts-station-service|ts-travel2-mongo|ts-user-mongo|ts-admin-travel-service|ts-contacts-mongo|ts-ticket-office-mongo|ts-travel-mongo|ts-ticketinfo-service|ts-consign-mongo|ts-preserve-mongo|ts-preserve-other-mongo|ts-inside-payment-service|ts-food-map-mongo|ts-station-mongo|ts-user-service|ts-price-service|ts-security-mongo|ts-order-other-mongo|ts-news-service|ts-admin-basic-info-service|ts-config-mongo|ts-execute-service|ts-verification-code-service|ts-notification-mongo|ts-food-mysql|ts-cancel-service|ts-notification-service|ts-voucher-service|ts-admin-order-service|ts-contacts-service|ts-security-service|ts-route-mongo|ts-travel-plan-service|ts-route-plan-service|ts-preserve-other-service|ts-payment-service|ts-admin-route-service|ts-rebook-service|ts-avatar-service|ts-admin-user-service|ts-voucher-mysql,ts-order-service|ts-ticket-office-service|ts-food-map-service|ts-travel-service|ts-train-service|ts-preserve-service|ts-route-service|ts-consign-price-service|ts-travel2-service|ts-seat-service|ts-config-service|ts-station-service|ts-consign-service|ts-admin-travel-service|ts-food-service|ts-order-other-service|ts-food-map-mongo|ts-payment-mongo|ts-inside-payment-service|ts-consign-mongo|ts-order-other-mongo|ts-config-mongo|ts-ticket-office-mongo|ts-verification-code-service|ts-notification-mongo|ts-food-mysql|ts-consign-price-mongo|ts-security-mongo|ts-assurance-mongo|ts-voucher-service|ts-travel-mongo|ts-inside-payment-mongo|ts-food-mongo|ts-auth-service|ts-route-mongo|ts-station-mongo|ts-order-mongo|ts-ticketinfo-service|ts-contacts-mongo|ts-train-mongo|ts-preserve-mongo|ts-assurance-service|ts-news-service|ts-travel2-mongo|ts-admin-order-service|ts-rebook-service|ts-avatar-service|ts-execute-service|ts-price-mongo|ts-auth-mongo|ts-basic-service|ts-route-plan-service|ts-user-mongo|ts-travel-plan-service|ts-payment-service|ts-ui-dashboard|ts-voucher-mysql|ts-contacts-service|ts-admin-route-service|ts-notification-service|ts-security-service|ts-cancel-service|ts-user-service|ts-preserve-other-service,ts-admin-order-service|ts-admin-route-service|ts-admin-travel-service|ts-assurance-mongo|ts-assurance-service|ts-auth-mongo|ts-auth-service|ts-avatar-service|ts-basic-service|ts-cancel-service|ts-config-mongo|ts-config-service|ts-consign-mongo|ts-consign-price-mongo|ts-consign-price-service|ts-consign-service|ts-contacts-mongo|ts-contacts-service|ts-execute-service|ts-food-map-mongo|ts-food-map-service|ts-food-mongo|ts-food-mysql|ts-food-service|ts-inside-payment-mongo|ts-inside-payment-service|ts-news-service|ts-notification-mongo|ts-notification-service|ts-order-mongo|ts-order-other-mongo|ts-order-other-service|ts-order-service|ts-payment-mongo|ts-payment-service|ts-preserve-mongo|ts-preserve-other-service|ts-preserve-service|ts-price-mongo|ts-rebook-service|ts-route-mongo|ts-route-plan-service|ts-route-service|ts-seat-service|ts-security-mongo|ts-security-service|ts-station-mongo|ts-station-service|ts-ticket-office-mongo|ts-ticket-office-service|ts-ticketinfo-service|ts-train-mongo|ts-train-service|ts-travel-mongo|ts-travel-plan-service|ts-travel-service|ts-travel2-mongo|ts-travel2-service|ts-ui-dashboard|ts-user-mongo|ts-user-service|ts-verification-code-service|ts-voucher-mysql|ts-voucher-service,,,0.05092287063598633,0.011993169784545898,68,64,True,True,True,True,True,True
TrainTicket,ts-order-service,socket,3,nsigma,tai nguyen,latency-50,duong,ts-order-service|ts-notification-mongo|ts-food-service|ts-travel2-mongo|ts-config-mongo|ts-consign-price-service|ts-order-mongo|ts-admin-travel-service|ts-admin-basic-info-service|ts-payment-mongo|ts-assurance-mongo|ts-travel-plan-service|ts-consign-price-mongo|ts-consign-mongo|ts-ticket-office-mongo|ts-ticket-office-service|ts-travel-mongo|ts-inside-payment-service|ts-user-mongo|ts-preserve-other-mongo|ts-price-service|ts-route-service|ts-order-other-service|ts-admin-route-service|ts-admin-user-service|ts-contacts-service|ts-payment-service|ts-travel-service|ts-config-service|ts-news-service|ts-verification-code-service|ts-preserve-other-service|ts-station-service|ts-consign-service|ts-basic-service|ts-admin-order-service|ts-seat-service|ts-user-service|ts-travel2-service|ts-ticketinfo-service|ts-auth-mongo|ts-security-service|ts-order-other-mongo|ts-ui-dashboard|ts-notification-service|ts-train-service|ts-preserve-mongo|ts-route-plan-service|ts-rebook-service|ts-auth-service|ts-food-map-service|ts-station-mongo|ts-preserve-service|ts-food-map-mongo|ts-price-mongo|ts-assurance-service|ts-cancel-service|ts-avatar-service|ts-inside-payment-mongo|ts-execute-service|ts-security-mongo|ts-route-mongo|ts-voucher-service|ts-train-mongo|ts-contacts-mongo|ts-food-mongo|ts-food-mysql|ts-voucher-mysql,ts-order-service|ts-consign-price-service|ts-order-other-service|ts-travel-service|ts-consign-service|ts-auth-service|ts-ui-dashboard|ts-seat-service|ts-route-service|ts-food-map-service|ts-train-service|ts-price-service|ts-food-service|ts-config-service|ts-station-service|ts-travel2-service|ts-admin-basic-info-service|ts-ticketinfo-service|ts-basic-service,ts-admin-basic-info-service|ts-auth-service|ts-basic-service|ts-config-service|ts-consign-price-service|ts-consign-service|ts-food-map-service|ts-food-service|ts-order-other-service|ts-order-service|ts-price-service|ts-route-service|ts-seat-service|ts-station-service|ts-ticketinfo-service|ts-train-service|ts-travel-service|ts-travel2-service|ts-ui-dashboard,,,0.041929006576538086,0.003160715103149414,68,19,True,True,True,True,True,True
TrainTicket,ts-order-service,socket,3,baro,tai nguyen,latency-50,duong,ts-order-service|ts-admin-basic-info-service|ts-seat-service|ts-notification-mongo|ts-preserve-other-mongo|ts-inside-payment-service|ts-payment-service|ts-config-mongo|ts-preserve-other-service|ts-food-service|ts-consign-price-service|ts-travel2-mongo|ts-ui-dashboard|ts-order-mongo|ts-consign-service|ts-price-service|ts-ticket-office-mongo|ts-user-mongo|ts-admin-travel-service|ts-preserve-mongo|ts-payment-mongo|ts-consign-price-mongo|ts-consign-mongo|ts-assurance-mongo|ts-travel-mongo|ts-ticketinfo-service|ts-config-service|ts-travel-service|ts-ticket-office-service|ts-travel2-service|ts-contacts-mongo|ts-auth-service|ts-user-service|ts-route-service|ts-order-other-service|ts-station-service|ts-assurance-service|ts-basic-service|ts-auth-mongo|ts-food-map-mongo|ts-food-map-service|ts-admin-order-service|ts-station-mongo|ts-train-service|ts-route-plan-service|ts-order-other-mongo|ts-cancel-service|ts-voucher-service|ts-security-service|ts-rebook-service|ts-voucher-mysql|ts-food-mysql|ts-contacts-service|ts-news-service|ts-notification-service|ts-preserve-service|ts-route-mongo|ts-execute-service|ts-train-mongo|ts-security-mongo|ts-avatar-service|ts-admin-user-service|ts-inside-payment-mongo|ts-travel-plan-service|ts-price-mongo|ts-admin-route-service|ts-food-mongo|ts-verification-code-service,ts-order-service|ts-consign-price-service|ts-seat-service|ts-auth-service|ts-order-other-service|ts-consign-service|ts-travel-service|ts-food-map-service|ts-travel2-service|ts-ui-dashboard|ts-route-service|ts-train-service|ts-ticketinfo-service|ts-price-service|ts-food-service|ts-station-service|ts-config-service|ts-basic-service|ts-admin-basic-info-service,ts-admin-basic-info-service|ts-auth-service|ts-basic-service|ts-config-service|ts-consign-price-service|ts-consign-service|ts-food-map-service|ts-food-service|ts-order-other-service|ts-order-service|ts-price-service|ts-route-service|ts-seat-service|ts-station-service|ts-ticketinfo-service|ts-train-service|ts-travel-service|ts-travel2-service|ts-ui-dashboard,,,0.052237749099731445,0.003843069076538086,68,19,True,True,True,True,True,True
TrainTicket,ts-route-service,cpu,1,nsigma,tai nguyen,latency-50,duong,ts-route-service|ts-auth-service|ts-basic-service|ts-order-service|ts-food-service|ts-user-service|ts-admin-user-service|ts-ui-dashboard|ts-train-service|ts-assurance-mongo|ts-cancel-service|ts-travel-mongo|ts-execute-service|ts-admin-route-service|ts-travel-plan-service|ts-ticket-office-mongo|ts-preserve-mongo|ts-auth-mongo|ts-route-plan-service|ts-notification-service|ts-admin-order-service|ts-price-service|ts-config-mongo|ts-food-map-mongo|ts-preserve-other-mongo|ts-consign-service|ts-order-other-service|ts-config-service|ts-preserve-service|ts-verification-code-service|ts-admin-basic-info-service|ts-consign-price-mongo|ts-payment-service|ts-contacts-service|ts-travel-service|ts-contacts-mongo|ts-notification-mongo|ts-inside-payment-service|ts-travel2-service|ts-consign-price-service|ts-ticketinfo-service|ts-admin-travel-service|ts-train-mongo|ts-ticket-office-service|ts-seat-service|ts-payment-mongo|ts-route-mongo|ts-rebook-service|ts-food-map-service|ts-station-service|ts-news-service|ts-food-mongo|ts-preserve-other-service|ts-security-mongo|ts-assurance-service|ts-user-mongo|ts-consign-mongo|ts-price-mongo|ts-avatar-service|ts-inside-payment-mongo|ts-station-mongo|ts-security-service|ts-order-mongo|ts-travel2-mongo|ts-order-other-mongo|ts-food-mysql|ts-voucher-mysql|ts-voucher-service,ts-route-service|ts-auth-service|ts-food-service|ts-ui-dashboard|ts-basic-service|ts-price-service|ts-order-other-service|ts-config-service|ts-train-service|ts-admin-basic-info-service|ts-station-service,ts-admin-basic-info-service|ts-auth-service|ts-basic-service|ts-config-service|ts-food-service|ts-order-other-service|ts-price-service|ts-route-service|ts-station-service|ts-train-service|ts-ui-dashboard,,,0.0408320426940918,0.002031087875366211,68,11,True,True,True,True,True,True
TrainTicket,ts-route-service,cpu,1,baro,tai nguyen,latency-50,duong,ts-route-service|ts-auth-service|ts-basic-service|ts-order-service|ts-food-service|ts-user-service|ts-admin-user-service|ts-admin-basic-info-service|ts-admin-route-service|ts-admin-order-service|ts-travel-plan-service|ts-train-service|ts-ui-dashboard|ts-cancel-service|ts-execute-service|ts-notification-service|ts-verification-code-service|ts-route-plan-service|ts-travel-mongo|ts-ticketinfo-service|ts-contacts-service|ts-ticket-office-mongo|ts-auth-mongo|ts-consign-service|ts-assurance-mongo|ts-admin-travel-service|ts-price-service|ts-preserve-mongo|ts-food-map-mongo|ts-order-other-service|ts-preserve-service|ts-config-service|ts-security-service|ts-consign-price-service|ts-consign-price-mongo|ts-user-mongo|ts-config-mongo|ts-train-mongo|ts-preserve-other-mongo|ts-contacts-mongo|ts-payment-service|ts-ticket-office-service|ts-travel-service|ts-inside-payment-service|ts-food-map-service|ts-seat-service|ts-travel2-service|ts-notification-mongo|ts-travel2-mongo|ts-rebook-service|ts-station-service|ts-news-service|ts-consign-mongo|ts-payment-mongo|ts-preserve-other-service|ts-price-mongo|ts-station-mongo|ts-inside-payment-mongo|ts-avatar-service|ts-assurance-service|ts-food-mongo|ts-voucher-mysql|ts-food-mysql|ts-order-mongo|ts-security-mongo|ts-order-other-mongo|ts-route-mongo|ts-voucher-service,ts-route-service|ts-auth-service|ts-food-service|ts-ui-dashboard|ts-basic-service|ts-price-service|ts-order-other-service|ts-config-service|ts-train-service|ts-admin-basic-info-service|ts-station-service,ts-admin-basic-info-service|ts-auth-service|ts-basic-service|ts-config-service|ts-food-service|ts-order-other-service|ts-price-service|ts-route-service|ts-station-service|ts-train-service|ts-ui-dashboard,,,0.0676720142364502,0.0024738311767578125,68,11,True,True,True,True,True,True
TrainTicket,ts-route-service,cpu,2,nsigma,tai nguyen,cpu,node,ts-route-service|ts-station-service|ts-cancel-service|ts-price-service|ts-rebook-service|ts-preserve-other-service|ts-contacts-service|ts-admin-order-service|ts-seat-service|ts-execute-service|ts-travel-service|ts-route-plan-service|ts-admin-user-service|ts-admin-route-service|ts-travel-plan-service|ts-notification-service|ts-user-service|ts-preserve-service|ts-payment-service|ts-security-service|ts-admin-travel-service|ts-news-service|ts-verification-code-service|ts-consign-service|ts-ticket-office-mongo|ts-inside-payment-service|ts-train-service|ts-config-service|ts-assurance-service|ts-admin-basic-info-service|ts-security-mongo|ts-food-map-service|ts-travel2-service|ts-order-service|ts-order-other-mongo|ts-assurance-mongo|ts-food-mongo|ts-consign-price-mongo|ts-contacts-mongo|ts-payment-mongo|ts-order-other-service|ts-inside-payment-mongo|ts-preserve-other-mongo|ts-preserve-mongo|ts-user-mongo|ts-travel2-mongo|ts-food-map-mongo|ts-food-service|ts-auth-mongo|ts-station-mongo|ts-travel-mongo|ts-notification-mongo|ts-train-mongo|ts-config-mongo|ts-ui-dashboard|ts-basic-service|ts-route-mongo|ts-consign-price-service|ts-ticketinfo-service|ts-order-mongo|ts-consign-mongo|ts-price-mongo|ts-auth-service|ts-avatar-service|ts-ticket-office-service|ts-voucher-mysql|ts-voucher-service,ts-cancel-service|ts-route-service|ts-station-service|ts-rebook-service|ts-preserve-other-service|ts-contacts-service|ts-seat-service|ts-execute-service|ts-route-plan-service|ts-admin-user-service|ts-admin-route-service|ts-travel-plan-service|ts-notification-service|ts-user-service|ts-preserve-service|ts-payment-service|ts-security-service|ts-consign-service|ts-inside-payment-service|ts-price-service|ts-config-service|ts-assurance-service|ts-food-map-service|ts-order-other-service|ts-train-service|ts-admin-basic-info-service|ts-news-service|ts-avatar-service|ts-order-other-mongo|ts-train-mongo|ts-travel-mongo|ts-auth-mongo|ts-ui-dashboard|ts-travel-service|ts-food-service|ts-consign-price-mongo|ts-config-mongo|ts-inside-payment-mongo|ts-order-mongo|ts-travel2-mongo|ts-preserve-mongo|ts-food-map-mongo|ts-notification-mongo|ts-ticket-office-mongo|ts-basic-service|ts-route-mongo|ts-contacts-mongo|ts-station-mongo|ts-security-mongo|ts-food-mongo|ts-assurance-mongo|ts-user-mongo|ts-consign-mongo|ts-preserve-other-mongo|ts-voucher-mysql|ts-voucher-service|ts-travel2-service|ts-payment-mongo|ts-auth-service|ts-verification-code-service|ts-consign-price-service|ts-ticketinfo-service|ts-admin-travel-service,ts-admin-basic-info-service|ts-admin-route-service|ts-admin-travel-service|ts-admin-user-service|ts-assurance-mongo|ts-assurance-service|ts-auth-mongo|ts-auth-service|ts-avatar-service|ts-basic-service|ts-cancel-service|ts-config-mongo|ts-config-service|ts-consign-mongo|ts-consign-price-mongo|ts-consign-price-service|ts-consign-service|ts-contacts-mongo|ts-contacts-service|ts-execute-service|ts-food-map-mongo|ts-food-map-service|ts-food-mongo|ts-food-service|ts-inside-payment-mongo|ts-inside-payment-service|ts-news-service|ts-notification-mongo|ts-notification-service|ts-order-mongo|ts-order-other-mongo|ts-order-other-service|ts-payment-mongo|ts-payment-service|ts-preserve-mongo|ts-preserve-other-mongo|ts-preserve-other-service|ts-preserve-service|ts-price-service|ts-rebook-service|ts-route-mongo|ts-route-plan-service|ts-route-service|ts-seat-service|ts-security-mongo|ts-security-service|ts-station-mongo|ts-station-service|ts-ticket-office-mongo|ts-ticketinfo-service|ts-train-mongo|ts-train-service|ts-travel-mongo|ts-travel-plan-service|ts-travel-service|ts-travel2-mongo|ts-travel2-service|ts-ui-dashboard|ts-user-mongo|ts-user-service|ts-verification-code-service|ts-voucher-mysql|ts-voucher-service,,,0.04025602340698242,0.009635210037231445,67,63,True,True,False,False,True,True
TrainTicket,ts-route-service,cpu,2,baro,tai nguyen,cpu,node,ts-assurance-service|ts-route-service|ts-cancel-service|ts-station-service|ts-route-plan-service|ts-execute-service|ts-admin-route-service|ts-preserve-service|ts-rebook-service|ts-admin-user-service|ts-preserve-other-service|ts-seat-service|ts-contacts-service|ts-travel-plan-service|ts-notification-service|ts-user-service|ts-security-service|ts-travel-service|ts-price-service|ts-travel2-service|ts-payment-service|ts-admin-order-service|ts-food-map-service|ts-food-service|ts-config-service|ts-consign-service|ts-ui-dashboard|ts-train-service|ts-inside-payment-service|ts-admin-travel-service|ts-order-other-service|ts-news-service|ts-ticket-office-mongo|ts-verification-code-service|ts-inside-payment-mongo|ts-order-service|ts-consign-mongo|ts-order-mongo|ts-user-mongo|ts-security-mongo|ts-order-other-mongo|ts-food-mongo|ts-admin-basic-info-service|ts-consign-price-mongo|ts-assurance-mongo|ts-consign-price-service|ts-payment-mongo|ts-food-map-mongo|ts-station-mongo|ts-contacts-mongo|ts-route-mongo|ts-travel2-mongo|ts-auth-mongo|ts-preserve-mongo|ts-notification-mongo|ts-preserve-other-mongo|ts-travel-mongo|ts-train-mongo|ts-basic-service|ts-config-mongo|ts-auth-service|ts-ticketinfo-service|ts-avatar-service|ts-voucher-mysql|ts-price-mongo|ts-voucher-service|ts-ticket-office-service,ts-cancel-service|ts-route-plan-service|ts-execute-service|ts-admin-route-service|ts-preserve-service|ts-rebook-service|ts-admin-user-service|ts-preserve-other-service|ts-seat-service|ts-contacts-service|ts-route-service|ts-station-service|ts-travel-plan-service|ts-notification-service|ts-user-service|ts-security-service|ts-payment-service|ts-food-map-service|ts-config-service|ts-consign-service|ts-train-service|ts-inside-payment-service|ts-assurance-service|ts-order-other-service|ts-price-service|ts-verification-code-service|ts-admin-basic-info-service|ts-order-other-mongo|ts-auth-mongo|ts-travel-service|ts-basic-service|ts-news-service|ts-train-mongo|ts-inside-payment-mongo|ts-config-mongo|ts-food-mongo|ts-travel-mongo|ts-preserve-mongo|ts-consign-price-mongo|ts-avatar-service|ts-ticket-office-mongo|ts-travel2-mongo|ts-food-map-mongo|ts-notification-mongo|ts-contacts-mongo|ts-food-service|ts-voucher-mysql|ts-preserve-other-mongo|ts-ui-dashboard|ts-order-mongo|ts-security-mongo|ts-travel2-service|ts-voucher-service|ts-payment-mongo|ts-consign-price-service|ts-station-mongo|ts-route-mongo|ts-assurance-mongo|ts-consign-mongo|ts-ticketinfo-service|ts-auth-service|ts-user-mongo|ts-admin-travel-service,ts-admin-basic-info-service|ts-admin-route-service|ts-admin-travel-service|ts-admin-user-service|ts-assurance-mongo|ts-assurance-service|ts-auth-mongo|ts-auth-service|ts-avatar-service|ts-basic-service|ts-cancel-service|ts-config-mongo|ts-config-service|ts-consign-mongo|ts-consign-price-mongo|ts-consign-price-service|ts-consign-service|ts-contacts-mongo|ts-contacts-service|ts-execute-service|ts-food-map-mongo|ts-food-map-service|ts-food-mongo|ts-food-service|ts-inside-payment-mongo|ts-inside-payment-service|ts-news-service|ts-notification-mongo|ts-notification-service|ts-order-mongo|ts-order-other-mongo|ts-order-other-service|ts-payment-mongo|ts-payment-service|ts-preserve-mongo|ts-preserve-other-mongo|ts-preserve-other-service|ts-preserve-service|ts-price-service|ts-rebook-service|ts-route-mongo|ts-route-plan-service|ts-route-service|ts-seat-service|ts-security-mongo|ts-security-service|ts-station-mongo|ts-station-service|ts-ticket-office-mongo|ts-ticketinfo-service|ts-train-mongo|ts-train-service|ts-travel-mongo|ts-travel-plan-service|ts-travel-service|ts-travel2-mongo|ts-travel2-service|ts-ui-dashboard|ts-user-mongo|ts-user-service|ts-verification-code-service|ts-voucher-mysql|ts-voucher-service,,,0.05250191688537598,0.011781930923461914,67,63,False,False,False,False,True,False
TrainTicket,ts-route-service,cpu,3,nsigma,tai nguyen,cpu,node,ts-route-service|ts-travel-service|ts-travel2-service|ts-admin-basic-info-service|ts-config-service|ts-preserve-service|ts-admin-travel-service|ts-station-service|ts-price-mongo|ts-food-service|ts-execute-service|ts-order-other-mongo|ts-inside-payment-service|ts-train-service|ts-order-mongo|ts-config-mongo|ts-ticket-office-mongo|ts-contacts-mongo|ts-security-mongo|ts-user-mongo|ts-food-map-mongo|ts-notification-mongo|ts-preserve-mongo|ts-preserve-other-mongo|ts-ticketinfo-service|ts-basic-service|ts-train-mongo|ts-ui-dashboard|ts-consign-service|ts-assurance-mongo|ts-travel-mongo|ts-auth-service|ts-payment-mongo|ts-verification-code-service|ts-order-service|ts-news-service|ts-seat-service|ts-user-service|ts-admin-order-service|ts-consign-price-service|ts-route-plan-service|ts-travel-plan-service|ts-auth-mongo|ts-order-other-service|ts-admin-route-service|ts-rebook-service|ts-admin-user-service|ts-security-service|ts-food-map-service|ts-notification-service|ts-price-service|ts-travel2-mongo|ts-cancel-service|ts-consign-mongo|ts-preserve-other-service|ts-inside-payment-mongo|ts-payment-service|ts-contacts-service|ts-avatar-service|ts-route-mongo|ts-station-mongo|ts-ticket-office-service|ts-assurance-service|ts-consign-price-mongo|ts-food-mongo|ts-food-mysql|ts-voucher-service|ts-voucher-mysql,ts-route-service|ts-admin-basic-info-service|ts-config-service|ts-inside-payment-service|ts-food-service|ts-travel-service|ts-admin-travel-service|ts-train-service|ts-ticketinfo-service|ts-order-other-service|ts-order-service|ts-notification-service|ts-payment-service|ts-contacts-service|ts-travel2-service|ts-consign-service|ts-basic-service|ts-order-mongo|ts-execute-service|ts-news-service|ts-travel-mongo|ts-ticket-office-mongo|ts-preserve-other-mongo|ts-user-service|ts-ticket-office-service|ts-notification-mongo|ts-route-mongo|ts-auth-service|ts-avatar-service|ts-config-mongo|ts-consign-mongo|ts-contacts-mongo|ts-food-map-mongo|ts-inside-payment-mongo|ts-assurance-mongo|ts-food-mysql|ts-food-map-service|ts-consign-price-mongo|ts-travel2-mongo|ts-travel-plan-service|ts-order-other-mongo|ts-train-mongo|ts-auth-mongo|ts-voucher-service|ts-security-service|ts-ui-dashboard|ts-station-service|ts-voucher-mysql|ts-price-mongo|ts-station-mongo|ts-payment-mongo|ts-cancel-service|ts-consign-price-service|ts-admin-route-service|ts-route-plan-service|ts-preserve-service|ts-admin-user-service|ts-rebook-service|ts-assurance-service|ts-seat-service|ts-price-service,ts-admin-basic-info-service|ts-admin-route-service|ts-admin-travel-service|ts-admin-user-service|ts-assurance-mongo|ts-assurance-service|ts-auth-mongo|ts-auth-service|ts-avatar-service|ts-basic-service|ts-cancel-service|ts-config-mongo|ts-config-service|ts-consign-mongo|ts-consign-price-mongo|ts-consign-price-service|ts-consign-service|ts-contacts-mongo|ts-contacts-service|ts-execute-service|ts-food-map-mongo|ts-food-map-service|ts-food-mysql|ts-food-service|ts-inside-payment-mongo|ts-inside-payment-service|ts-news-service|ts-notification-mongo|ts-notification-service|ts-order-mongo|ts-order-other-mongo|ts-order-other-service|ts-order-service|ts-payment-mongo|ts-payment-service|ts-preserve-other-mongo|ts-preserve-service|ts-price-mongo|ts-price-service|ts-rebook-service|ts-route-mongo|ts-route-plan-service|ts-route-service|ts-seat-service|ts-security-service|ts-station-mongo|ts-station-service|ts-ticket-office-mongo|ts-ticket-office-service|ts-ticketinfo-service|ts-train-mongo|ts-train-service|ts-travel-mongo|ts-travel-plan-service|ts-travel-service|ts-travel2-mongo|ts-travel2-service|ts-ui-dashboard|ts-user-service|ts-voucher-mysql|ts-voucher-service,,,0.0411829948425293,0.009186983108520508,68,61,True,True,True,True,True,True
TrainTicket,ts-route-service,cpu,3,baro,tai nguyen,cpu,node,ts-route-service|ts-travel-service|ts-admin-user-service|ts-order-service|ts-travel2-service|ts-admin-travel-service|ts-preserve-service|ts-admin-basic-info-service|ts-admin-route-service|ts-config-service|ts-user-service|ts-travel-plan-service|ts-price-service|ts-food-service|ts-price-mongo|ts-notification-service|ts-admin-order-service|ts-config-mongo|ts-security-mongo|ts-contacts-mongo|ts-station-service|ts-train-service|ts-food-map-mongo|ts-route-plan-service|ts-verification-code-service|ts-ticketinfo-service|ts-inside-payment-mongo|ts-user-mongo|ts-auth-mongo|ts-inside-payment-service|ts-seat-service|ts-ticket-office-mongo|ts-assurance-mongo|ts-rebook-service|ts-travel-mongo|ts-ui-dashboard|ts-order-mongo|ts-order-other-mongo|ts-preserve-other-service|ts-notification-mongo|ts-basic-service|ts-payment-service|ts-preserve-other-mongo|ts-contacts-service|ts-station-mongo|ts-preserve-mongo|ts-consign-service|ts-cancel-service|ts-train-mongo|ts-ticket-office-service|ts-execute-service|ts-security-service|ts-payment-mongo|ts-consign-price-service|ts-auth-service|ts-food-map-service|ts-news-service|ts-order-other-service|ts-travel2-mongo|ts-consign-mongo|ts-route-mongo|ts-assurance-service|ts-avatar-service|ts-consign-price-mongo|ts-food-mysql|ts-voucher-service|ts-voucher-mysql|ts-food-mongo,ts-route-service|ts-admin-basic-info-service|ts-config-service|ts-food-service|ts-admin-travel-service|ts-ticketinfo-service|ts-inside-payment-service|ts-travel-service|ts-train-service|ts-notification-service|ts-order-service|ts-contacts-service|ts-ticket-office-service|ts-payment-service|ts-consign-price-service|ts-food-map-service|ts-ticket-office-mongo|ts-order-other-service|ts-travel-mongo|ts-basic-service|ts-execute-service|ts-preserve-other-mongo|ts-travel-plan-service|ts-travel2-service|ts-order-mongo|ts-user-service|ts-route-mongo|ts-auth-service|ts-notification-mongo|ts-contacts-mongo|ts-food-map-mongo|ts-price-service|ts-inside-payment-mongo|ts-consign-price-mongo|ts-config-mongo|ts-order-other-mongo|ts-food-mysql|ts-assurance-mongo|ts-station-mongo|ts-consign-service|ts-consign-mongo|ts-avatar-service|ts-news-service|ts-voucher-service|ts-auth-mongo|ts-train-mongo|ts-payment-mongo|ts-security-service|ts-voucher-mysql|ts-cancel-service|ts-price-mongo|ts-travel2-mongo|ts-assurance-service|ts-preserve-service|ts-route-plan-service|ts-ui-dashboard|ts-station-service|ts-admin-route-service|ts-seat-service|ts-admin-user-service|ts-rebook-service,ts-admin-basic-info-service|ts-admin-route-service|ts-admin-travel-service|ts-admin-user-service|ts-assurance-mongo|ts-assurance-service|ts-auth-mongo|ts-auth-service|ts-avatar-service|ts-basic-service|ts-cancel-service|ts-config-mongo|ts-config-service|ts-consign-mongo|ts-consign-price-mongo|ts-consign-price-service|ts-consign-service|ts-contacts-mongo|ts-contacts-service|ts-execute-service|ts-food-map-mongo|ts-food-map-service|ts-food-mysql|ts-food-service|ts-inside-payment-mongo|ts-inside-payment-service|ts-news-service|ts-notification-mongo|ts-notification-service|ts-order-mongo|ts-order-other-mongo|ts-order-other-service|ts-order-service|ts-payment-mongo|ts-payment-service|ts-preserve-other-mongo|ts-preserve-service|ts-price-mongo|ts-price-service|ts-rebook-service|ts-route-mongo|ts-route-plan-service|ts-route-service|ts-seat-service|ts-security-service|ts-station-mongo|ts-station-service|ts-ticket-office-mongo|ts-ticket-office-service|ts-ticketinfo-service|ts-train-mongo|ts-train-service|ts-travel-mongo|ts-travel-plan-service|ts-travel-service|ts-travel2-mongo|ts-travel2-service|ts-ui-dashboard|ts-user-service|ts-voucher-mysql|ts-voucher-service,,,0.05116081237792969,0.011171102523803711,68,61,True,True,True,True,True,True
TrainTicket,ts-route-service,delay,1,nsigma,mang,latency-50,duong,ts-route-service|ts-travel-service|ts-travel2-service|ts-admin-travel-service|ts-order-service|ts-preserve-service|ts-seat-service|ts-basic-service|ts-food-service|ts-ui-dashboard|ts-ticketinfo-service|ts-preserve-other-mongo|ts-ticket-office-service|ts-consign-mongo|ts-price-service|ts-food-mongo|ts-security-service|ts-price-mongo|ts-config-service|ts-assurance-service|ts-user-service|ts-food-map-service|ts-admin-basic-info-service|ts-consign-price-service|ts-food-map-mongo|ts-payment-mongo|ts-travel-mongo|ts-order-other-service|ts-payment-service|ts-route-plan-service|ts-user-mongo|ts-assurance-mongo|ts-contacts-mongo|ts-ticket-office-mongo|ts-contacts-service|ts-news-service|ts-consign-price-mongo|ts-security-mongo|ts-train-mongo|ts-cancel-service|ts-notification-mongo|ts-inside-payment-mongo|ts-auth-mongo|ts-admin-user-service|ts-travel-plan-service|ts-route-mongo|ts-inside-payment-service|ts-verification-code-service|ts-order-mongo|ts-order-other-mongo|ts-admin-order-service|ts-notification-service|ts-preserve-other-service|ts-rebook-service|ts-consign-service|ts-config-mongo|ts-train-service|ts-station-mongo|ts-station-service|ts-execute-service|ts-admin-route-service|ts-preserve-mongo|ts-auth-service|ts-avatar-service|ts-voucher-service|ts-food-mysql|ts-voucher-mysql|ts-travel2-mongo,ts-route-service|ts-travel-service|ts-travel2-service|ts-admin-travel-service|ts-seat-service|ts-food-service|ts-preserve-service|ts-ui-dashboard|ts-security-service|ts-assurance-service|ts-consign-price-service|ts-order-other-service|ts-order-service|ts-inside-payment-service|ts-contacts-service|ts-price-service|ts-consign-service|ts-user-service|ts-train-service|ts-food-map-service|ts-admin-basic-info-service|ts-station-service|ts-config-service|ts-basic-service|ts-ticketinfo-service|ts-auth-service,ts-admin-basic-info-service|ts-admin-travel-service|ts-assurance-service|ts-auth-service|ts-basic-service|ts-config-service|ts-consign-price-service|ts-consign-service|ts-contacts-service|ts-food-map-service|ts-food-service|ts-inside-payment-service|ts-order-other-service|ts-order-service|ts-preserve-service|ts-price-service|ts-route-service|ts-seat-service|ts-security-service|ts-station-service|ts-ticketinfo-service|ts-train-service|ts-travel-service|ts-travel2-service|ts-ui-dashboard|ts-user-service,,,0.044085025787353516,0.004034996032714844,68,26,True,True,True,True,True,True
TrainTicket,ts-route-service,delay,1,baro,mang,latency-50,duong,ts-route-service|ts-travel-service|ts-travel2-service|ts-order-service|ts-basic-service|ts-seat-service|ts-food-service|ts-admin-basic-info-service|ts-ui-dashboard|ts-ticketinfo-service|ts-preserve-other-mongo|ts-security-service|ts-food-map-service|ts-ticket-office-service|ts-station-service|ts-assurance-service|ts-preserve-service|ts-consign-price-service|ts-cancel-service|ts-food-mongo|ts-price-service|ts-config-service|ts-consign-mongo|ts-admin-travel-service|ts-price-mongo|ts-user-service|ts-contacts-service|ts-train-mongo|ts-travel-plan-service|ts-verification-code-service|ts-news-service|ts-inside-payment-service|ts-order-other-service|ts-food-map-mongo|ts-notification-service|ts-order-other-mongo|ts-notification-mongo|ts-route-mongo|ts-travel-mongo|ts-user-mongo|ts-auth-mongo|ts-rebook-service|ts-consign-service|ts-payment-service|ts-payment-mongo|ts-preserve-mongo|ts-consign-price-mongo|ts-config-mongo|ts-train-service|ts-security-mongo|ts-ticket-office-mongo|ts-admin-route-service|ts-execute-service|ts-order-mongo|ts-assurance-mongo|ts-admin-order-service|ts-contacts-mongo|ts-route-plan-service|ts-voucher-service|ts-auth-service|ts-inside-payment-mongo|ts-preserve-other-service|ts-station-mongo|ts-avatar-service|ts-voucher-mysql|ts-food-mysql|ts-admin-user-service|ts-travel2-mongo,ts-route-service|ts-travel-service|ts-travel2-service|ts-seat-service|ts-food-service|ts-ui-dashboard|ts-security-service|ts-assurance-service|ts-consign-price-service|ts-order-service|ts-order-other-service|ts-contacts-service|ts-inside-payment-service|ts-admin-travel-service|ts-user-service|ts-consign-service|ts-preserve-service|ts-price-service|ts-ticketinfo-service|ts-station-service|ts-food-map-service|ts-train-service|ts-admin-basic-info-service|ts-config-service|ts-basic-service|ts-auth-service,ts-admin-basic-info-service|ts-admin-travel-service|ts-assurance-service|ts-auth-service|ts-basic-service|ts-config-service|ts-consign-price-service|ts-consign-service|ts-contacts-service|ts-food-map-service|ts-food-service|ts-inside-payment-service|ts-order-other-service|ts-order-service|ts-preserve-service|ts-price-service|ts-route-service|ts-seat-service|ts-security-service|ts-station-service|ts-ticketinfo-service|ts-train-service|ts-travel-service|ts-travel2-service|ts-ui-dashboard|ts-user-service,,,0.055006980895996094,0.0050580501556396484,68,26,True,True,True,True,True,True
TrainTicket,ts-route-service,delay,2,nsigma,mang,latency-50,duong,ts-route-service|ts-travel2-service|ts-basic-service|ts-seat-service|ts-travel-service|ts-ticketinfo-service|ts-food-service|ts-preserve-service|ts-ui-dashboard|ts-admin-basic-info-service|ts-rebook-service|ts-order-service|ts-order-other-service|ts-admin-travel-service|ts-food-map-mongo|ts-consign-price-mongo|ts-contacts-service|ts-assurance-mongo|ts-news-service|ts-train-service|ts-user-service|ts-preserve-other-service|ts-user-mongo|ts-auth-service|ts-contacts-mongo|ts-payment-mongo|ts-notification-mongo|ts-food-mongo|ts-security-mongo|ts-route-mongo|ts-price-mongo|ts-travel-plan-service|ts-payment-service|ts-admin-user-service|ts-route-plan-service|ts-food-map-service|ts-preserve-other-mongo|ts-preserve-mongo|ts-ticket-office-mongo|ts-notification-service|ts-inside-payment-service|ts-station-service|ts-verification-code-service|ts-cancel-service|ts-admin-order-service|ts-admin-route-service|ts-execute-service|ts-ticket-office-service|ts-security-service|ts-consign-price-service|ts-assurance-service|ts-consign-service|ts-travel-mongo|ts-config-service|ts-travel2-mongo|ts-config-mongo|ts-price-service|ts-order-mongo|ts-auth-mongo|ts-avatar-service|ts-inside-payment-mongo|ts-station-mongo|ts-order-other-mongo|ts-train-mongo|ts-voucher-service|ts-consign-mongo|ts-food-mysql,ts-route-service|ts-travel2-service|ts-seat-service|ts-travel-service|ts-food-service|ts-ui-dashboard|ts-train-service|ts-user-service|ts-admin-travel-service|ts-order-other-service|ts-contacts-service|ts-order-service|ts-station-service|ts-inside-payment-service|ts-config-service|ts-food-map-service|ts-basic-service|ts-auth-service|ts-ticketinfo-service|ts-assurance-service|ts-admin-basic-info-service|ts-price-service,ts-admin-basic-info-service|ts-admin-travel-service|ts-assurance-service|ts-auth-service|ts-basic-service|ts-config-service|ts-contacts-service|ts-food-map-service|ts-food-service|ts-inside-payment-service|ts-order-other-service|ts-order-service|ts-price-service|ts-route-service|ts-seat-service|ts-station-service|ts-ticketinfo-service|ts-train-service|ts-travel-service|ts-travel2-service|ts-ui-dashboard|ts-user-service,,,0.060775041580200195,0.003576040267944336,67,22,True,True,True,True,True,True
TrainTicket,ts-route-service,delay,2,baro,mang,latency-50,duong,ts-admin-route-service|ts-route-service|ts-seat-service|ts-travel2-service|ts-basic-service|ts-travel-service|ts-ticketinfo-service|ts-food-service|ts-order-service|ts-contacts-service|ts-ui-dashboard|ts-preserve-service|ts-rebook-service|ts-travel-plan-service|ts-admin-user-service|ts-route-plan-service|ts-admin-basic-info-service|ts-train-service|ts-ticket-office-mongo|ts-admin-travel-service|ts-order-other-service|ts-admin-order-service|ts-food-map-mongo|ts-inside-payment-mongo|ts-consign-price-mongo|ts-news-service|ts-verification-code-service|ts-consign-price-service|ts-user-mongo|ts-assurance-mongo|ts-payment-service|ts-food-map-service|ts-user-service|ts-cancel-service|ts-notification-service|ts-route-mongo|ts-auth-service|ts-config-mongo|ts-notification-mongo|ts-preserve-mongo|ts-preserve-other-mongo|ts-inside-payment-service|ts-ticket-office-service|ts-security-mongo|ts-food-mongo|ts-payment-mongo|ts-config-service|ts-contacts-mongo|ts-assurance-service|ts-preserve-other-service|ts-execute-service|ts-voucher-service|ts-station-service|ts-price-mongo|ts-consign-service|ts-security-service|ts-travel-mongo|ts-auth-mongo|ts-travel2-mongo|ts-price-service|ts-order-mongo|ts-station-mongo|ts-order-other-mongo|ts-train-mongo|ts-avatar-service|ts-consign-mongo|ts-food-mysql,ts-route-service|ts-seat-service|ts-travel2-service|ts-travel-service|ts-food-service|ts-ui-dashboard|ts-order-service|ts-train-service|ts-admin-travel-service|ts-user-service|ts-order-other-service|ts-contacts-service|ts-basic-service|ts-station-service|ts-auth-service|ts-config-service|ts-assurance-service|ts-inside-payment-service|ts-food-map-service|ts-price-service|ts-admin-basic-info-service|ts-ticketinfo-service,ts-admin-basic-info-service|ts-admin-travel-service|ts-assurance-service|ts-auth-service|ts-basic-service|ts-config-service|ts-contacts-service|ts-food-map-service|ts-food-service|ts-inside-payment-service|ts-order-other-service|ts-order-service|ts-price-service|ts-route-service|ts-seat-service|ts-station-service|ts-ticketinfo-service|ts-train-service|ts-travel-service|ts-travel2-service|ts-ui-dashboard|ts-user-service,,,0.0525209903717041,0.004336833953857422,67,22,False,True,True,True,True,True
TrainTicket,ts-route-service,delay,3,nsigma,mang,latency-50,duong,ts-route-service|ts-admin-travel-service|ts-travel2-service|ts-seat-service|ts-food-service|ts-travel-service|ts-basic-service|ts-contacts-service|ts-notification-mongo|ts-ui-dashboard|ts-ticketinfo-service|ts-admin-basic-info-service|ts-order-service|ts-inside-payment-service|ts-security-service|ts-ticket-office-service|ts-travel2-mongo|ts-config-service|ts-route-mongo|ts-price-service|ts-preserve-other-mongo|ts-preserve-mongo|ts-security-mongo|ts-food-mongo|ts-food-map-service|ts-travel-plan-service|ts-assurance-service|ts-preserve-other-service|ts-contacts-mongo|ts-user-mongo|ts-order-mongo|ts-auth-service|ts-train-mongo|ts-order-other-service|ts-consign-price-service|ts-news-service|ts-assurance-mongo|ts-food-map-mongo|ts-ticket-office-mongo|ts-admin-user-service|ts-admin-order-service|ts-consign-service|ts-payment-mongo|ts-config-mongo|ts-verification-code-service|ts-route-plan-service|ts-user-service|ts-rebook-service|ts-train-service|ts-admin-route-service|ts-station-mongo|ts-notification-service|ts-avatar-service|ts-cancel-service|ts-station-service|ts-order-other-mongo|ts-preserve-service|ts-consign-price-mongo|ts-execute-service|ts-payment-service|ts-price-mongo|ts-auth-mongo|ts-travel-mongo|ts-inside-payment-mongo|ts-consign-mongo|ts-voucher-mysql|ts-voucher-service|ts-food-mysql,ts-route-service|ts-admin-travel-service|ts-travel2-service|ts-seat-service|ts-food-service|ts-travel-service|ts-ui-dashboard|ts-contacts-service|ts-security-service|ts-order-other-service|ts-consign-price-service|ts-price-service|ts-order-service|ts-consign-service|ts-assurance-service|ts-train-service|ts-user-service|ts-admin-basic-info-service|ts-config-service|ts-auth-service|ts-food-map-service|ts-station-service|ts-basic-service|ts-ticketinfo-service,ts-admin-basic-info-service|ts-admin-travel-service|ts-assurance-service|ts-auth-service|ts-basic-service|ts-config-service|ts-consign-price-service|ts-consign-service|ts-contacts-service|ts-food-map-service|ts-food-service|ts-order-other-service|ts-order-service|ts-price-service|ts-route-service|ts-seat-service|ts-security-service|ts-station-service|ts-ticketinfo-service|ts-train-service|ts-travel-service|ts-travel2-service|ts-ui-dashboard|ts-user-service,,,0.04168081283569336,0.0038328170776367188,68,24,True,True,True,True,True,True
TrainTicket,ts-route-service,delay,3,baro,mang,latency-50,duong,ts-route-service|ts-travel2-service|ts-order-service|ts-seat-service|ts-basic-service|ts-food-service|ts-travel-service|ts-admin-basic-info-service|ts-ticketinfo-service|ts-contacts-service|ts-food-map-service|ts-inside-payment-service|ts-notification-mongo|ts-ui-dashboard|ts-ticket-office-service|ts-security-service|ts-auth-mongo|ts-preserve-mongo|ts-order-other-service|ts-user-mongo|ts-contacts-mongo|ts-train-mongo|ts-travel2-mongo|ts-preserve-other-mongo|ts-food-mongo|ts-route-mongo|ts-order-mongo|ts-assurance-service|ts-consign-price-service|ts-security-mongo|ts-admin-travel-service|ts-preserve-other-service|ts-config-service|ts-price-service|ts-consign-service|ts-verification-code-service|ts-station-service|ts-news-service|ts-food-map-mongo|ts-auth-service|ts-assurance-mongo|ts-price-mongo|ts-ticket-office-mongo|ts-user-service|ts-consign-price-mongo|ts-payment-service|ts-preserve-service|ts-route-plan-service|ts-config-mongo|ts-station-mongo|ts-avatar-service|ts-cancel-service|ts-notification-service|ts-payment-mongo|ts-admin-order-service|ts-execute-service|ts-rebook-service|ts-voucher-mysql|ts-order-other-mongo|ts-admin-route-service|ts-train-service|ts-food-mysql|ts-travel-mongo|ts-admin-user-service|ts-voucher-service|ts-inside-payment-mongo|ts-travel-plan-service|ts-consign-mongo,ts-route-service|ts-travel2-service|ts-seat-service|ts-food-service|ts-travel-service|ts-ui-dashboard|ts-security-service|ts-contacts-service|ts-order-other-service|ts-consign-price-service|ts-consign-service|ts-admin-travel-service|ts-price-service|ts-order-service|ts-assurance-service|ts-user-service|ts-admin-basic-info-service|ts-auth-service|ts-train-service|ts-config-service|ts-food-map-service|ts-station-service|ts-ticketinfo-service|ts-basic-service,ts-admin-basic-info-service|ts-admin-travel-service|ts-assurance-service|ts-auth-service|ts-basic-service|ts-config-service|ts-consign-price-service|ts-consign-service|ts-contacts-service|ts-food-map-service|ts-food-service|ts-order-other-service|ts-order-service|ts-price-service|ts-route-service|ts-seat-service|ts-security-service|ts-station-service|ts-ticketinfo-service|ts-train-service|ts-travel-service|ts-travel2-service|ts-ui-dashboard|ts-user-service,,,0.0528712272644043,0.0048639774322509766,68,24,True,True,True,True,True,True
TrainTicket,ts-route-service,disk,1,nsigma,tai nguyen,latency-50,duong,ts-route-service|ts-order-service|ts-station-service|ts-travel2-service|ts-admin-basic-info-service|ts-admin-travel-service|ts-security-mongo|ts-ticket-office-mongo|ts-travel-service|ts-auth-service|ts-contacts-service|ts-inside-payment-mongo|ts-food-map-service|ts-basic-service|ts-user-service|ts-execute-service|ts-payment-mongo|ts-rebook-service|ts-verification-code-service|ts-inside-payment-service|ts-config-mongo|ts-train-service|ts-preserve-other-service|ts-travel-mongo|ts-admin-order-service|ts-contacts-mongo|ts-consign-mongo|ts-notification-mongo|ts-ui-dashboard|ts-train-mongo|ts-payment-service|ts-order-other-service|ts-assurance-service|ts-assurance-mongo|ts-travel-plan-service|ts-consign-price-mongo|ts-config-service|ts-food-service|ts-price-mongo|ts-preserve-mongo|ts-ticketinfo-service|ts-cancel-service|ts-order-mongo|ts-station-mongo|ts-news-service|ts-preserve-service|ts-route-mongo|ts-consign-service|ts-consign-price-service|ts-security-service|ts-order-other-mongo|ts-price-service|ts-food-mongo|ts-food-map-mongo|ts-notification-service|ts-admin-user-service|ts-admin-route-service|ts-route-plan-service|ts-user-mongo|ts-travel2-mongo|ts-seat-service|ts-auth-mongo|ts-preserve-other-mongo|ts-avatar-service|ts-ticket-office-service|ts-voucher-service|ts-voucher-mysql|ts-food-mysql,ts-admin-travel-service|ts-auth-service|ts-food-service|ts-assurance-service|ts-ui-dashboard|ts-station-service|ts-food-map-service|ts-inside-payment-service|ts-admin-basic-info-service|ts-price-service|ts-basic-service|ts-ticketinfo-service|ts-travel-service|ts-config-service|ts-travel2-service|ts-order-other-service|ts-order-service,ts-admin-basic-info-service|ts-admin-travel-service|ts-assurance-service|ts-auth-service|ts-basic-service|ts-config-service|ts-food-map-service|ts-food-service|ts-inside-payment-service|ts-order-other-service|ts-order-service|ts-price-service|ts-station-service|ts-ticketinfo-service|ts-travel-service|ts-travel2-service|ts-ui-dashboard,,,0.0414736270904541,0.0029189586639404297,68,17,True,False,False,True,True,True
TrainTicket,ts-route-service,disk,1,baro,tai nguyen,latency-50,duong,ts-route-service|ts-travel-plan-service|ts-cancel-service|ts-execute-service|ts-route-plan-service|ts-contacts-service|ts-station-service|ts-order-service|ts-verification-code-service|ts-food-service|ts-travel2-service|ts-admin-basic-info-service|ts-auth-service|ts-order-other-service|ts-admin-travel-service|ts-inside-payment-service|ts-rebook-service|ts-ticketinfo-service|ts-preserve-other-service|ts-security-mongo|ts-basic-service|ts-ticket-office-mongo|ts-travel-service|ts-config-service|ts-inside-payment-mongo|ts-food-map-service|ts-user-mongo|ts-user-service|ts-route-mongo|ts-payment-service|ts-ui-dashboard|ts-payment-mongo|ts-travel-mongo|ts-train-service|ts-notification-mongo|ts-config-mongo|ts-consign-mongo|ts-assurance-mongo|ts-consign-service|ts-admin-order-service|ts-seat-service|ts-contacts-mongo|ts-price-service|ts-price-mongo|ts-assurance-service|ts-train-mongo|ts-consign-price-mongo|ts-security-service|ts-order-mongo|ts-station-mongo|ts-order-other-mongo|ts-preserve-mongo|ts-food-map-mongo|ts-preserve-service|ts-consign-price-service|ts-travel2-mongo|ts-notification-service|ts-news-service|ts-voucher-mysql|ts-admin-user-service|ts-food-mongo|ts-voucher-service|ts-auth-mongo|ts-preserve-other-mongo|ts-admin-route-service|ts-avatar-service|ts-ticket-office-service|ts-food-mysql,ts-admin-travel-service|ts-food-service|ts-order-service|ts-auth-service|ts-travel2-service|ts-assurance-service|ts-ui-dashboard|ts-travel-service|ts-price-service|ts-ticketinfo-service|ts-order-other-service|ts-basic-service|ts-food-map-service|ts-station-service|ts-admin-basic-info-service|ts-config-service|ts-inside-payment-service,ts-admin-basic-info-service|ts-admin-travel-service|ts-assurance-service|ts-auth-service|ts-basic-service|ts-config-service|ts-food-map-service|ts-food-service|ts-inside-payment-service|ts-order-other-service|ts-order-service|ts-price-service|ts-station-service|ts-ticketinfo-service|ts-travel-service|ts-travel2-service|ts-ui-dashboard,,,0.05169415473937988,0.003536224365234375,68,17,True,False,False,True,True,True
TrainTicket,ts-route-service,disk,2,nsigma,tai nguyen,latency-50,duong,ts-route-service|ts-seat-service|ts-food-map-service|ts-preserve-service|ts-auth-service|ts-consign-service|ts-food-service|ts-basic-service|ts-admin-basic-info-service|ts-order-service|ts-auth-mongo|ts-ticketinfo-service|ts-travel2-service|ts-admin-travel-service|ts-preserve-other-service|ts-contacts-service|ts-notification-mongo|ts-rebook-service|ts-station-service|ts-cancel-service|ts-travel-plan-service|ts-user-service|ts-ticket-office-mongo|ts-travel-service|ts-admin-route-service|ts-ui-dashboard|ts-verification-code-service|ts-assurance-mongo|ts-news-service|ts-order-other-service|ts-food-mongo|ts-price-mongo|ts-travel-mongo|ts-security-mongo|ts-payment-service|ts-config-service|ts-train-service|ts-preserve-mongo|ts-order-other-mongo|ts-consign-mongo|ts-route-plan-service|ts-consign-price-mongo|ts-food-map-mongo|ts-security-service|ts-preserve-other-mongo|ts-price-service|ts-assurance-service|ts-execute-service|ts-consign-price-service|ts-inside-payment-service|ts-config-mongo|ts-order-mongo|ts-notification-service|ts-contacts-mongo|ts-admin-order-service|ts-admin-user-service|ts-ticket-office-service|ts-inside-payment-mongo|ts-route-mongo|ts-user-mongo|ts-avatar-service|ts-station-mongo|ts-payment-mongo|ts-train-mongo|ts-travel2-mongo|ts-voucher-service|ts-food-mysql|ts-voucher-mysql,ts-seat-service|ts-route-service|ts-food-service|ts-user-service|ts-order-service|ts-travel-service|ts-station-service|ts-travel2-service|ts-auth-service|ts-order-other-service|ts-ui-dashboard|ts-basic-service|ts-consign-service|ts-admin-basic-info-service|ts-consign-price-service|ts-assurance-service|ts-ticketinfo-service|ts-train-service|ts-food-map-service|ts-price-service|ts-contacts-service|ts-config-service|ts-security-service|ts-admin-travel-service,ts-admin-basic-info-service|ts-admin-travel-service|ts-assurance-service|ts-auth-service|ts-basic-service|ts-config-service|ts-consign-price-service|ts-consign-service|ts-contacts-service|ts-food-map-service|ts-food-service|ts-order-other-service|ts-order-service|ts-price-service|ts-route-service|ts-seat-service|ts-security-service|ts-station-service|ts-ticketinfo-service|ts-train-service|ts-travel-service|ts-travel2-service|ts-ui-dashboard|ts-user-service,,,0.04242396354675293,0.003846883773803711,68,24,True,True,False,False,True,True
TrainTicket,ts-route-service,disk,2,baro,tai nguyen,latency-50,duong,ts-route-service|ts-notification-service|ts-seat-service|ts-food-map-service|ts-train-mongo|ts-ticket-office-mongo|ts-admin-order-service|ts-auth-mongo|ts-ticketinfo-service|ts-admin-basic-info-service|ts-auth-service|ts-basic-service|ts-price-service|ts-admin-travel-service|ts-preserve-service|ts-food-service|ts-ui-dashboard|ts-consign-service|ts-travel2-service|ts-admin-user-service|ts-route-plan-service|ts-order-service|ts-food-mongo|ts-contacts-service|ts-notification-mongo|ts-cancel-service|ts-preserve-other-service|ts-rebook-service|ts-station-service|ts-travel-plan-service|ts-admin-route-service|ts-user-service|ts-consign-price-service|ts-execute-service|ts-train-service|ts-travel-service|ts-news-service|ts-price-mongo|ts-preserve-mongo|ts-payment-service|ts-config-service|ts-verification-code-service|ts-order-other-service|ts-user-mongo|ts-assurance-mongo|ts-order-other-mongo|ts-travel-mongo|ts-preserve-other-mongo|ts-consign-price-mongo|ts-ticket-office-service|ts-security-mongo|ts-assurance-service|ts-security-service|ts-contacts-mongo|ts-food-map-mongo|ts-config-mongo|ts-consign-mongo|ts-inside-payment-service|ts-travel2-mongo|ts-order-mongo|ts-station-mongo|ts-food-mysql|ts-route-mongo|ts-voucher-service|ts-avatar-service|ts-inside-payment-mongo|ts-voucher-mysql|ts-payment-mongo,ts-seat-service|ts-route-service|ts-food-service|ts-order-service|ts-user-service|ts-consign-price-service|ts-consign-service|ts-auth-service|ts-travel2-service|ts-station-service|ts-travel-service|ts-order-other-service|ts-ui-dashboard|ts-basic-service|ts-admin-basic-info-service|ts-assurance-service|ts-contacts-service|ts-train-service|ts-ticketinfo-service|ts-food-map-service|ts-config-service|ts-price-service|ts-admin-travel-service|ts-security-service,ts-admin-basic-info-service|ts-admin-travel-service|ts-assurance-service|ts-auth-service|ts-basic-service|ts-config-service|ts-consign-price-service|ts-consign-service|ts-contacts-service|ts-food-map-service|ts-food-service|ts-order-other-service|ts-order-service|ts-price-service|ts-route-service|ts-seat-service|ts-security-service|ts-station-service|ts-ticketinfo-service|ts-train-service|ts-travel-service|ts-travel2-service|ts-ui-dashboard|ts-user-service,,,0.052883148193359375,0.004704952239990234,68,24,True,True,False,False,True,True
TrainTicket,ts-route-service,disk,3,nsigma,tai nguyen,cpu,node,ts-route-service|ts-food-service|ts-news-service|ts-admin-basic-info-service|ts-price-service|ts-assurance-service|ts-admin-user-service|ts-travel-service|ts-travel2-service|ts-admin-order-service|ts-execute-service|ts-consign-price-service|ts-notification-service|ts-order-other-service|ts-security-service|ts-user-service|ts-ticket-office-mongo|ts-travel2-mongo|ts-inside-payment-service|ts-cancel-service|ts-food-map-mongo|ts-preserve-other-mongo|ts-food-map-service|ts-train-mongo|ts-preserve-mongo|ts-config-mongo|ts-route-plan-service|ts-security-mongo|ts-contacts-mongo|ts-admin-route-service|ts-consign-price-mongo|ts-travel-plan-service|ts-notification-mongo|ts-payment-service|ts-auth-mongo|ts-rebook-service|ts-user-mongo|ts-config-service|ts-consign-service|ts-consign-mongo|ts-price-mongo|ts-seat-service|ts-preserve-other-service|ts-payment-mongo|ts-station-mongo|ts-train-service|ts-preserve-service|ts-basic-service|ts-contacts-service|ts-food-mongo|ts-verification-code-service|ts-travel-mongo|ts-ticket-office-service|ts-ticketinfo-service|ts-station-service|ts-route-mongo|ts-order-service|ts-assurance-mongo|ts-inside-payment-mongo|ts-order-other-mongo|ts-auth-service|ts-order-mongo|ts-admin-travel-service|ts-voucher-mysql|ts-avatar-service|ts-ui-dashboard|ts-voucher-service|ts-food-mysql,ts-notification-service|ts-admin-order-service|ts-route-service|ts-inside-payment-service|ts-cancel-service|ts-food-map-service|ts-admin-user-service|ts-admin-route-service|ts-travel-plan-service|ts-station-mongo|ts-consign-price-service|ts-rebook-service|ts-news-service|ts-ticket-office-service|ts-user-service|ts-food-service|ts-execute-service|ts-admin-basic-info-service|ts-order-mongo|ts-voucher-mysql|ts-price-service|ts-train-service|ts-consign-service|ts-avatar-service|ts-contacts-service|ts-travel-mongo|ts-price-mongo|ts-assurance-mongo|ts-travel2-mongo|ts-user-mongo|ts-food-mongo|ts-ui-dashboard|ts-payment-mongo|ts-order-other-mongo|ts-preserve-mongo|ts-food-map-mongo|ts-preserve-other-mongo|ts-auth-mongo|ts-contacts-mongo|ts-consign-mongo|ts-security-mongo|ts-notification-mongo|ts-route-mongo|ts-config-mongo|ts-train-mongo|ts-assurance-service|ts-inside-payment-mongo|ts-ticket-office-mongo|ts-voucher-service|ts-security-service|ts-verification-code-service|ts-food-mysql|ts-auth-service|ts-travel2-service|ts-order-service|ts-preserve-other-service|ts-seat-service|ts-travel-service|ts-order-other-service|ts-station-service|ts-basic-service|ts-ticketinfo-service,ts-admin-basic-info-service|ts-admin-order-service|ts-admin-route-service|ts-admin-user-service|ts-assurance-mongo|ts-assurance-service|ts-auth-mongo|ts-auth-service|ts-avatar-service|ts-basic-service|ts-cancel-service|ts-config-mongo|ts-consign-mongo|ts-consign-price-service|ts-consign-service|ts-contacts-mongo|ts-contacts-service|ts-execute-service|ts-food-map-mongo|ts-food-map-service|ts-food-mongo|ts-food-mysql|ts-food-service|ts-inside-payment-mongo|ts-inside-payment-service|ts-news-service|ts-notification-mongo|ts-notification-service|ts-order-mongo|ts-order-other-mongo|ts-order-other-service|ts-order-service|ts-payment-mongo|ts-preserve-mongo|ts-preserve-other-mongo|ts-preserve-other-service|ts-price-mongo|ts-price-service|ts-rebook-service|ts-route-mongo|ts-route-service|ts-seat-service|ts-security-mongo|ts-security-service|ts-station-mongo|ts-station-service|ts-ticket-office-mongo|ts-ticket-office-service|ts-ticketinfo-service|ts-train-mongo|ts-train-service|ts-travel-mongo|ts-travel-plan-service|ts-travel-service|ts-travel2-mongo|ts-travel2-service|ts-ui-dashboard|ts-user-mongo|ts-user-service|ts-verification-code-service|ts-voucher-mysql|ts-voucher-service,,,0.041303157806396484,0.026840925216674805,68,62,True,True,False,False,True,True
TrainTicket,ts-route-service,disk,3,baro,tai nguyen,cpu,node,ts-route-service|ts-avatar-service|ts-config-service|ts-news-service|ts-food-service|ts-admin-user-service|ts-admin-basic-info-service|ts-assurance-service|ts-admin-order-service|ts-price-service|ts-notification-service|ts-travel-service|ts-travel2-service|ts-execute-service|ts-consign-price-service|ts-order-other-service|ts-cancel-service|ts-user-service|ts-inside-payment-service|ts-train-mongo|ts-ticket-office-mongo|ts-preserve-other-service|ts-security-service|ts-voucher-mysql|ts-admin-route-service|ts-travel2-mongo|ts-food-map-service|ts-route-plan-service|ts-consign-service|ts-travel-plan-service|ts-verification-code-service|ts-food-map-mongo|ts-train-service|ts-rebook-service|ts-station-mongo|ts-config-mongo|ts-preserve-other-mongo|ts-consign-price-mongo|ts-preserve-mongo|ts-consign-mongo|ts-price-mongo|ts-notification-mongo|ts-security-mongo|ts-auth-mongo|ts-ticket-office-service|ts-contacts-mongo|ts-preserve-service|ts-seat-service|ts-admin-travel-service|ts-order-mongo|ts-payment-service|ts-route-mongo|ts-user-mongo|ts-order-service|ts-ui-dashboard|ts-order-other-mongo|ts-contacts-service|ts-ticketinfo-service|ts-payment-mongo|ts-station-service|ts-basic-service|ts-travel-mongo|ts-inside-payment-mongo|ts-food-mongo|ts-auth-service|ts-assurance-mongo|ts-voucher-service|ts-food-mysql,ts-admin-order-service|ts-notification-service|ts-admin-user-service|ts-cancel-service|ts-user-service|ts-inside-payment-service|ts-route-service|ts-voucher-mysql|ts-admin-route-service|ts-consign-price-service|ts-food-map-service|ts-execute-service|ts-consign-service|ts-travel-plan-service|ts-rebook-service|ts-station-mongo|ts-admin-basic-info-service|ts-ticket-office-service|ts-order-mongo|ts-preserve-other-mongo|ts-news-service|ts-user-mongo|ts-price-service|ts-auth-mongo|ts-payment-mongo|ts-order-other-mongo|ts-contacts-mongo|ts-price-mongo|ts-food-map-mongo|ts-food-service|ts-security-service|ts-travel2-mongo|ts-travel-mongo|ts-notification-mongo|ts-train-service|ts-security-mongo|ts-preserve-mongo|ts-avatar-service|ts-food-mongo|ts-assurance-mongo|ts-voucher-service|ts-contacts-service|ts-consign-mongo|ts-verification-code-service|ts-assurance-service|ts-inside-payment-mongo|ts-config-mongo|ts-route-mongo|ts-ui-dashboard|ts-order-service|ts-auth-service|ts-ticket-office-mongo|ts-train-mongo|ts-travel2-service|ts-preserve-other-service|ts-food-mysql|ts-seat-service|ts-travel-service|ts-order-other-service|ts-station-service|ts-basic-service|ts-ticketinfo-service,ts-admin-basic-info-service|ts-admin-order-service|ts-admin-route-service|ts-admin-user-service|ts-assurance-mongo|ts-assurance-service|ts-auth-mongo|ts-auth-service|ts-avatar-service|ts-basic-service|ts-cancel-service|ts-config-mongo|ts-consign-mongo|ts-consign-price-service|ts-consign-service|ts-contacts-mongo|ts-contacts-service|ts-execute-service|ts-food-map-mongo|ts-food-map-service|ts-food-mongo|ts-food-mysql|ts-food-service|ts-inside-payment-mongo|ts-inside-payment-service|ts-news-service|ts-notification-mongo|ts-notification-service|ts-order-mongo|ts-order-other-mongo|ts-order-other-service|ts-order-service|ts-payment-mongo|ts-preserve-mongo|ts-preserve-other-mongo|ts-preserve-other-service|ts-price-mongo|ts-price-service|ts-rebook-service|ts-route-mongo|ts-route-service|ts-seat-service|ts-security-mongo|ts-security-service|ts-station-mongo|ts-station-service|ts-ticket-office-mongo|ts-ticket-office-service|ts-ticketinfo-service|ts-train-mongo|ts-train-service|ts-travel-mongo|ts-travel-plan-service|ts-travel-service|ts-travel2-mongo|ts-travel2-service|ts-ui-dashboard|ts-user-mongo|ts-user-service|ts-verification-code-service|ts-voucher-mysql|ts-voucher-service,,,0.05365896224975586,0.01164698600769043,68,62,True,True,False,False,True,False
TrainTicket,ts-route-service,loss,1,nsigma,mang,latency-50,duong,ts-voucher-service|ts-route-service|ts-seat-service|ts-travel2-service|ts-avatar-service|ts-consign-service|ts-security-service|ts-consign-price-service|ts-payment-service|ts-food-map-service|ts-admin-basic-info-service|ts-food-service|ts-ui-dashboard|ts-travel2-mongo|ts-assurance-mongo|ts-preserve-other-mongo|ts-order-service|ts-travel-service|ts-inside-payment-mongo|ts-admin-user-service|ts-food-mongo|ts-preserve-mongo|ts-admin-order-service|ts-auth-mongo|ts-contacts-mongo|ts-user-service|ts-config-mongo|ts-consign-price-mongo|ts-train-service|ts-admin-route-service|ts-security-mongo|ts-user-mongo|ts-travel-plan-service|ts-route-plan-service|ts-station-service|ts-payment-mongo|ts-verification-code-service|ts-basic-service|ts-rebook-service|ts-price-mongo|ts-inside-payment-service|ts-news-service|ts-station-mongo|ts-config-service|ts-contacts-service|ts-auth-service|ts-ticket-office-mongo|ts-order-mongo|ts-notification-service|ts-admin-travel-service|ts-cancel-service|ts-price-service|ts-train-mongo|ts-assurance-service|ts-travel-mongo|ts-execute-service|ts-ticket-office-service|ts-order-other-mongo|ts-preserve-other-service|ts-order-other-service|ts-food-map-mongo|ts-ticketinfo-service|ts-route-mongo|ts-preserve-service|ts-consign-mongo|ts-notification-mongo|ts-voucher-mysql|ts-food-mysql,ts-consign-price-service|ts-travel2-service|ts-consign-service|ts-order-service|ts-travel-service|ts-ui-dashboard|ts-food-service|ts-seat-service|ts-route-service|ts-auth-service|ts-user-service|ts-assurance-service|ts-food-map-service|ts-contacts-service|ts-inside-payment-service|ts-admin-basic-info-service|ts-train-service|ts-basic-service|ts-order-other-service|ts-ticketinfo-service|ts-station-service|ts-price-service|ts-config-service|ts-admin-travel-service|ts-security-service,ts-admin-basic-info-service|ts-admin-travel-service|ts-assurance-service|ts-auth-service|ts-basic-service|ts-config-service|ts-consign-price-service|ts-consign-service|ts-contacts-service|ts-food-map-service|ts-food-service|ts-inside-payment-service|ts-order-other-service|ts-order-service|ts-price-service|ts-route-service|ts-seat-service|ts-security-service|ts-station-service|ts-ticketinfo-service|ts-train-service|ts-travel-service|ts-travel2-service|ts-ui-dashboard|ts-user-service,,,0.04260587692260742,0.0039980411529541016,68,25,False,True,False,False,True,True
TrainTicket,ts-route-service,loss,1,baro,mang,latency-50,duong,ts-voucher-service|ts-admin-user-service|ts-route-plan-service|ts-verification-code-service|ts-route-service|ts-contacts-service|ts-seat-service|ts-travel2-service|ts-consign-price-service|ts-security-service|ts-consign-service|ts-food-service|ts-admin-basic-info-service|ts-avatar-service|ts-user-service|ts-payment-service|ts-food-map-service|ts-order-service|ts-ui-dashboard|ts-travel-service|ts-basic-service|ts-rebook-service|ts-preserve-other-mongo|ts-travel2-mongo|ts-assurance-mongo|ts-inside-payment-mongo|ts-payment-mongo|ts-admin-route-service|ts-admin-order-service|ts-food-mongo|ts-train-service|ts-auth-mongo|ts-inside-payment-service|ts-preserve-mongo|ts-notification-service|ts-contacts-mongo|ts-config-mongo|ts-food-map-mongo|ts-station-service|ts-assurance-service|ts-price-service|ts-station-mongo|ts-user-mongo|ts-auth-service|ts-travel-plan-service|ts-security-mongo|ts-consign-price-mongo|ts-preserve-other-service|ts-admin-travel-service|ts-cancel-service|ts-order-mongo|ts-execute-service|ts-price-mongo|ts-ticket-office-mongo|ts-news-service|ts-ticketinfo-service|ts-config-service|ts-ticket-office-service|ts-travel-mongo|ts-voucher-mysql|ts-order-other-mongo|ts-train-mongo|ts-order-other-service|ts-route-mongo|ts-consign-mongo|ts-preserve-service|ts-notification-mongo|ts-food-mysql,ts-consign-price-service|ts-consign-service|ts-travel2-service|ts-order-service|ts-travel-service|ts-ui-dashboard|ts-user-service|ts-seat-service|ts-food-service|ts-assurance-service|ts-auth-service|ts-route-service|ts-contacts-service|ts-food-map-service|ts-admin-basic-info-service|ts-inside-payment-service|ts-ticketinfo-service|ts-train-service|ts-basic-service|ts-admin-travel-service|ts-station-service|ts-config-service|ts-order-other-service|ts-price-service|ts-security-service,ts-admin-basic-info-service|ts-admin-travel-service|ts-assurance-service|ts-auth-service|ts-basic-service|ts-config-service|ts-consign-price-service|ts-consign-service|ts-contacts-service|ts-food-map-service|ts-food-service|ts-inside-payment-service|ts-order-other-service|ts-order-service|ts-price-service|ts-route-service|ts-seat-service|ts-security-service|ts-station-service|ts-ticketinfo-service|ts-train-service|ts-travel-service|ts-travel2-service|ts-ui-dashboard|ts-user-service,,,0.05301499366760254,0.004939079284667969,68,25,False,True,False,False,False,True
TrainTicket,ts-route-service,loss,2,nsigma,mang,latency-50,duong,ts-voucher-service|ts-route-service|ts-travel2-service|ts-rebook-service|ts-cancel-service|ts-food-service|ts-station-service|ts-admin-route-service|ts-execute-service|ts-seat-service|ts-auth-service|ts-notification-service|ts-user-service|ts-price-service|ts-consign-price-service|ts-inside-payment-service|ts-food-mongo|ts-payment-service|ts-price-mongo|ts-security-mongo|ts-verification-code-service|ts-order-service|ts-ticketinfo-service|ts-assurance-service|ts-ui-dashboard|ts-contacts-mongo|ts-consign-service|ts-config-mongo|ts-contacts-service|ts-config-service|ts-admin-order-service|ts-security-service|ts-travel-mongo|ts-basic-service|ts-consign-mongo|ts-ticket-office-mongo|ts-admin-user-service|ts-order-mongo|ts-food-map-service|ts-news-service|ts-preserve-other-mongo|ts-preserve-other-service|ts-travel-plan-service|ts-notification-mongo|ts-admin-travel-service|ts-travel-service|ts-user-mongo|ts-route-mongo|ts-admin-basic-info-service|ts-assurance-mongo|ts-station-mongo|ts-route-plan-service|ts-order-other-mongo|ts-travel2-mongo|ts-train-service|ts-food-map-mongo|ts-preserve-service|ts-train-mongo|ts-consign-price-mongo|ts-avatar-service|ts-auth-mongo|ts-ticket-office-service|ts-order-other-service|ts-inside-payment-mongo|ts-payment-mongo|ts-food-mysql|ts-preserve-mongo|ts-voucher-mysql,ts-seat-service|ts-route-service|ts-consign-price-service|ts-food-service|ts-security-service|ts-ui-dashboard|ts-price-service|ts-user-service|ts-station-service|ts-consign-service|ts-order-service|ts-travel2-service|ts-auth-service|ts-travel-service|ts-inside-payment-service|ts-basic-service|ts-food-map-service|ts-order-other-service|ts-ticketinfo-service|ts-admin-basic-info-service|ts-train-service|ts-assurance-service|ts-config-service|ts-admin-travel-service,ts-admin-basic-info-service|ts-admin-travel-service|ts-assurance-service|ts-auth-service|ts-basic-service|ts-config-service|ts-consign-price-service|ts-consign-service|ts-food-map-service|ts-food-service|ts-inside-payment-service|ts-order-other-service|ts-order-service|ts-price-service|ts-route-service|ts-seat-service|ts-security-service|ts-station-service|ts-ticketinfo-service|ts-train-service|ts-travel-service|ts-travel2-service|ts-ui-dashboard|ts-user-service,,,0.04200911521911621,0.0037817955017089844,68,24,False,True,False,False,True,True
TrainTicket,ts-route-service,loss,2,baro,mang,latency-50,duong,ts-rebook-service|ts-voucher-service|ts-admin-user-service|ts-verification-code-service|ts-route-plan-service|ts-food-service|ts-route-service|ts-station-service|ts-travel2-service|ts-security-service|ts-cancel-service|ts-execute-service|ts-admin-route-service|ts-seat-service|ts-user-service|ts-auth-service|ts-config-service|ts-notification-service|ts-consign-price-service|ts-price-service|ts-preserve-other-service|ts-admin-travel-service|ts-food-mongo|ts-price-mongo|ts-inside-payment-service|ts-consign-service|ts-ui-dashboard|ts-travel-plan-service|ts-order-mongo|ts-basic-service|ts-ticketinfo-service|ts-food-map-service|ts-payment-service|ts-consign-mongo|ts-assurance-service|ts-contacts-service|ts-travel-mongo|ts-security-mongo|ts-config-mongo|ts-admin-basic-info-service|ts-contacts-mongo|ts-travel2-mongo|ts-ticket-office-mongo|ts-station-mongo|ts-order-service|ts-user-mongo|ts-notification-mongo|ts-preserve-other-mongo|ts-preserve-service|ts-assurance-mongo|ts-route-mongo|ts-travel-service|ts-consign-price-mongo|ts-train-service|ts-news-service|ts-food-map-mongo|ts-train-mongo|ts-auth-mongo|ts-avatar-service|ts-order-other-mongo|ts-order-other-service|ts-ticket-office-service|ts-payment-mongo|ts-inside-payment-mongo|ts-food-mysql|ts-voucher-mysql|ts-admin-order-service|ts-preserve-mongo,ts-security-service|ts-consign-price-service|ts-route-service|ts-consign-service|ts-seat-service|ts-food-service|ts-price-service|ts-ui-dashboard|ts-station-service|ts-order-service|ts-auth-service|ts-user-service|ts-travel2-service|ts-basic-service|ts-inside-payment-service|ts-travel-service|ts-food-map-service|ts-order-other-service|ts-ticketinfo-service|ts-config-service|ts-admin-basic-info-service|ts-assurance-service|ts-train-service|ts-admin-travel-service,ts-admin-basic-info-service|ts-admin-travel-service|ts-assurance-service|ts-auth-service|ts-basic-service|ts-config-service|ts-consign-price-service|ts-consign-service|ts-food-map-service|ts-food-service|ts-inside-payment-service|ts-order-other-service|ts-order-service|ts-price-service|ts-route-service|ts-seat-service|ts-security-service|ts-station-service|ts-ticketinfo-service|ts-train-service|ts-travel-service|ts-travel2-service|ts-ui-dashboard|ts-user-service,,,0.05313992500305176,0.004725933074951172,68,24,False,False,False,False,False,True
TrainTicket,ts-route-service,loss,3,nsigma,mang,workload,node,ts-ticket-office-mongo|ts-news-service|ts-preserve-other-mongo|ts-route-service|ts-travel-plan-service|ts-admin-order-service|ts-preserve-mongo|ts-notification-service|ts-execute-service|ts-admin-user-service|ts-rebook-service|ts-route-plan-service|ts-admin-route-service|ts-contacts-service|ts-notification-mongo|ts-auth-service|ts-station-mongo|ts-cancel-service|ts-order-other-service|ts-payment-mongo|ts-security-service|ts-config-service|ts-admin-travel-service|ts-user-service|ts-travel2-service|ts-ui-dashboard|ts-contacts-mongo|ts-food-mongo|ts-basic-service|ts-payment-service|ts-inside-payment-service|ts-food-map-mongo|ts-assurance-service|ts-travel-service|ts-admin-basic-info-service|ts-security-mongo|ts-train-service|ts-food-map-service|ts-verification-code-service|ts-food-service|ts-order-mongo|ts-consign-price-service|ts-consign-mongo|ts-preserve-other-service|ts-seat-service|ts-order-service|ts-consign-price-mongo|ts-price-mongo|ts-user-mongo|ts-price-service|ts-station-service|ts-preserve-service|ts-route-mongo|ts-ticketinfo-service|ts-consign-service|ts-travel-mongo|ts-assurance-mongo|ts-train-mongo|ts-travel2-mongo|ts-auth-mongo|ts-config-mongo|ts-inside-payment-mongo|ts-ticket-office-service|ts-order-other-mongo|ts-avatar-service|ts-food-mysql|ts-voucher-service,ts-security-service|ts-user-service|ts-contacts-service|ts-config-service|ts-admin-travel-service|ts-train-service|ts-food-service|ts-food-map-service|ts-order-other-service|ts-assurance-service|ts-seat-service|ts-order-service|ts-travel2-service|ts-inside-payment-service|ts-consign-price-service|ts-ticketinfo-service|ts-consign-service|ts-travel-service|ts-basic-service|ts-route-service|ts-admin-basic-info-service|ts-price-service|ts-ui-dashboard|ts-station-service|ts-auth-service,ts-admin-basic-info-service|ts-admin-travel-service|ts-assurance-service|ts-auth-service|ts-basic-service|ts-config-service|ts-consign-price-service|ts-consign-service|ts-contacts-service|ts-food-map-service|ts-food-service|ts-inside-payment-service|ts-order-other-service|ts-order-service|ts-price-service|ts-route-service|ts-seat-service|ts-security-service|ts-station-service|ts-ticketinfo-service|ts-train-service|ts-travel-service|ts-travel2-service|ts-ui-dashboard|ts-user-service,,,0.04098105430603027,0.004003047943115234,67,25,False,True,False,False,False,False
TrainTicket,ts-route-service,loss,3,baro,mang,workload,node,ts-route-service|ts-user-service|ts-config-service|ts-ticket-office-mongo|ts-admin-order-service|ts-payment-service|ts-notification-service|ts-news-service|ts-preserve-other-mongo|ts-admin-route-service|ts-admin-travel-service|ts-food-map-service|ts-rebook-service|ts-price-service|ts-ui-dashboard|ts-security-service|ts-execute-service|ts-travel-plan-service|ts-station-mongo|ts-route-plan-service|ts-preserve-mongo|ts-inside-payment-service|ts-cancel-service|ts-auth-service|ts-contacts-service|ts-admin-user-service|ts-notification-mongo|ts-basic-service|ts-verification-code-service|ts-food-map-mongo|ts-travel2-service|ts-payment-mongo|ts-order-other-service|ts-food-mongo|ts-contacts-mongo|ts-order-mongo|ts-preserve-other-service|ts-travel-service|ts-train-service|ts-seat-service|ts-admin-basic-info-service|ts-consign-service|ts-assurance-service|ts-food-service|ts-train-mongo|ts-order-service|ts-ticketinfo-service|ts-avatar-service|ts-preserve-service|ts-station-service|ts-consign-price-service|ts-security-mongo|ts-route-mongo|ts-assurance-mongo|ts-consign-mongo|ts-price-mongo|ts-travel-mongo|ts-config-mongo|ts-travel2-mongo|ts-user-mongo|ts-consign-price-mongo|ts-auth-mongo|ts-food-mysql|ts-ticket-office-service|ts-voucher-service|ts-order-other-mongo|ts-inside-payment-mongo,ts-contacts-service|ts-admin-travel-service|ts-user-service|ts-config-service|ts-security-service|ts-train-service|ts-order-other-service|ts-seat-service|ts-travel2-service|ts-travel-service|ts-assurance-service|ts-food-service|ts-order-service|ts-ticketinfo-service|ts-consign-price-service|ts-inside-payment-service|ts-admin-basic-info-service|ts-basic-service|ts-route-service|ts-price-service|ts-food-map-service|ts-auth-service|ts-ui-dashboard|ts-consign-service|ts-station-service,ts-admin-basic-info-service|ts-admin-travel-service|ts-assurance-service|ts-auth-service|ts-basic-service|ts-config-service|ts-consign-price-service|ts-consign-service|ts-contacts-service|ts-food-map-service|ts-food-service|ts-inside-payment-service|ts-order-other-service|ts-order-service|ts-price-service|ts-route-service|ts-seat-service|ts-security-service|ts-station-service|ts-ticketinfo-service|ts-train-service|ts-travel-service|ts-travel2-service|ts-ui-dashboard|ts-user-service,,,0.05144977569580078,0.0050067901611328125,67,25,True,True,False,False,True,False
TrainTicket,ts-route-service,mem,1,nsigma,tai nguyen,cpu,node,ts-admin-basic-info-service|ts-route-service|ts-admin-travel-service|ts-food-service|ts-travel2-service|ts-train-service|ts-ticketinfo-service|ts-basic-service|ts-travel-service|ts-admin-order-service|ts-payment-service|ts-seat-service|ts-price-service|ts-execute-service|ts-consign-service|ts-consign-price-service|ts-assurance-service|ts-admin-route-service|ts-station-service|ts-travel2-mongo|ts-contacts-service|ts-ui-dashboard|ts-user-service|ts-travel-mongo|ts-route-mongo|ts-auth-service|ts-order-other-service|ts-food-mongo|ts-contacts-mongo|ts-preserve-mongo|ts-user-mongo|ts-preserve-other-service|ts-admin-user-service|ts-order-other-mongo|ts-notification-mongo|ts-auth-mongo|ts-news-service|ts-security-mongo|ts-config-service|ts-payment-mongo|ts-ticket-office-mongo|ts-preserve-service|ts-inside-payment-service|ts-consign-mongo|ts-food-map-service|ts-travel-plan-service|ts-assurance-mongo|ts-food-map-mongo|ts-rebook-service|ts-order-mongo|ts-cancel-service|ts-route-plan-service|ts-consign-price-mongo|ts-preserve-other-mongo|ts-train-mongo|ts-security-service|ts-price-mongo|ts-order-service|ts-avatar-service|ts-voucher-mysql|ts-notification-service|ts-station-mongo|ts-inside-payment-mongo|ts-config-mongo|ts-ticket-office-service|ts-verification-code-service|ts-voucher-service|ts-food-mysql,ts-route-service|ts-travel2-service|ts-ticketinfo-service|ts-food-service|ts-user-service|ts-price-service|ts-admin-basic-info-service|ts-order-other-service|ts-basic-service|ts-admin-travel-service|ts-payment-service|ts-inside-payment-service|ts-admin-user-service|ts-cancel-service|ts-execute-service|ts-config-service|ts-news-service|ts-assurance-service|ts-avatar-service|ts-travel-mongo|ts-auth-service|ts-voucher-mysql|ts-consign-price-service|ts-admin-order-service|ts-seat-service|ts-station-mongo|ts-user-mongo|ts-order-other-mongo|ts-admin-route-service|ts-ticket-office-service|ts-verification-code-service|ts-preserve-other-service|ts-inside-payment-mongo|ts-notification-service|ts-assurance-mongo|ts-preserve-other-mongo|ts-travel-plan-service|ts-voucher-service|ts-order-mongo|ts-payment-mongo|ts-preserve-mongo|ts-ticket-office-mongo|ts-food-map-service|ts-consign-service|ts-ui-dashboard|ts-security-service|ts-consign-price-mongo|ts-travel-service|ts-security-mongo|ts-contacts-mongo|ts-station-service|ts-price-mongo|ts-notification-mongo|ts-travel2-mongo|ts-route-mongo|ts-food-mysql|ts-rebook-service|ts-config-mongo|ts-train-mongo,ts-admin-basic-info-service|ts-admin-order-service|ts-admin-route-service|ts-admin-travel-service|ts-admin-user-service|ts-assurance-mongo|ts-assurance-service|ts-auth-service|ts-avatar-service|ts-basic-service|ts-cancel-service|ts-config-mongo|ts-config-service|ts-consign-price-mongo|ts-consign-price-service|ts-consign-service|ts-contacts-mongo|ts-execute-service|ts-food-map-service|ts-food-mysql|ts-food-service|ts-inside-payment-mongo|ts-inside-payment-service|ts-news-service|ts-notification-mongo|ts-notification-service|ts-order-mongo|ts-order-other-mongo|ts-order-other-service|ts-payment-mongo|ts-payment-service|ts-preserve-mongo|ts-preserve-other-mongo|ts-preserve-other-service|ts-price-mongo|ts-price-service|ts-rebook-service|ts-route-mongo|ts-route-service|ts-seat-service|ts-security-mongo|ts-security-service|ts-station-mongo|ts-station-service|ts-ticket-office-mongo|ts-ticket-office-service|ts-ticketinfo-service|ts-train-mongo|ts-travel-mongo|ts-travel-plan-service|ts-travel-service|ts-travel2-mongo|ts-travel2-service|ts-ui-dashboard|ts-user-mongo|ts-user-service|ts-verification-code-service|ts-voucher-mysql|ts-voucher-service,,,0.05871701240539551,0.008691072463989258,68,59,False,False,True,True,True,True
TrainTicket,ts-route-service,mem,1,baro,tai nguyen,cpu,node,ts-cancel-service|ts-route-service|ts-admin-basic-info-service|ts-ticketinfo-service|ts-food-service|ts-basic-service|ts-train-service|ts-travel2-service|ts-price-service|ts-ui-dashboard|ts-payment-service|ts-contacts-service|ts-admin-order-service|ts-travel-service|ts-seat-service|ts-assurance-service|ts-admin-travel-service|ts-consign-price-service|ts-consign-service|ts-execute-service|ts-admin-route-service|ts-station-service|ts-user-service|ts-travel2-mongo|ts-price-mongo|ts-travel-mongo|ts-order-other-service|ts-contacts-mongo|ts-admin-user-service|ts-food-mongo|ts-auth-service|ts-verification-code-service|ts-travel-plan-service|ts-notification-mongo|ts-preserve-mongo|ts-auth-mongo|ts-preserve-other-service|ts-order-other-mongo|ts-assurance-mongo|ts-user-mongo|ts-food-map-mongo|ts-voucher-mysql|ts-config-service|ts-ticket-office-service|ts-ticket-office-mongo|ts-news-service|ts-inside-payment-service|ts-consign-mongo|ts-security-service|ts-food-map-service|ts-order-mongo|ts-preserve-service|ts-security-mongo|ts-route-mongo|ts-rebook-service|ts-preserve-other-mongo|ts-config-mongo|ts-payment-mongo|ts-train-mongo|ts-avatar-service|ts-consign-price-mongo|ts-notification-service|ts-voucher-service|ts-route-plan-service|ts-order-service|ts-station-mongo|ts-inside-payment-mongo|ts-food-mysql,ts-route-service|ts-price-service|ts-travel2-service|ts-admin-basic-info-service|ts-ticketinfo-service|ts-food-service|ts-user-service|ts-admin-travel-service|ts-basic-service|ts-order-other-service|ts-consign-price-service|ts-verification-code-service|ts-cancel-service|ts-travel-plan-service|ts-admin-user-service|ts-execute-service|ts-admin-order-service|ts-voucher-mysql|ts-ticket-office-service|ts-admin-route-service|ts-payment-service|ts-security-service|ts-inside-payment-service|ts-config-service|ts-assurance-service|ts-rebook-service|ts-user-mongo|ts-auth-service|ts-travel-mongo|ts-order-other-mongo|ts-avatar-service|ts-preserve-mongo|ts-notification-service|ts-voucher-service|ts-assurance-mongo|ts-security-mongo|ts-seat-service|ts-payment-mongo|ts-news-service|ts-station-mongo|ts-food-map-service|ts-ticket-office-mongo|ts-order-mongo|ts-preserve-other-mongo|ts-preserve-other-service|ts-ui-dashboard|ts-consign-service|ts-consign-price-mongo|ts-contacts-mongo|ts-inside-payment-mongo|ts-travel-service|ts-price-mongo|ts-food-mysql|ts-notification-mongo|ts-station-service|ts-route-mongo|ts-config-mongo|ts-travel2-mongo|ts-train-mongo,ts-admin-basic-info-service|ts-admin-order-service|ts-admin-route-service|ts-admin-travel-service|ts-admin-user-service|ts-assurance-mongo|ts-assurance-service|ts-auth-service|ts-avatar-service|ts-basic-service|ts-cancel-service|ts-config-mongo|ts-config-service|ts-consign-price-mongo|ts-consign-price-service|ts-consign-service|ts-contacts-mongo|ts-execute-service|ts-food-map-service|ts-food-mysql|ts-food-service|ts-inside-payment-mongo|ts-inside-payment-service|ts-news-service|ts-notification-mongo|ts-notification-service|ts-order-mongo|ts-order-other-mongo|ts-order-other-service|ts-payment-mongo|ts-payment-service|ts-preserve-mongo|ts-preserve-other-mongo|ts-preserve-other-service|ts-price-mongo|ts-price-service|ts-rebook-service|ts-route-mongo|ts-route-service|ts-seat-service|ts-security-mongo|ts-security-service|ts-station-mongo|ts-station-service|ts-ticket-office-mongo|ts-ticket-office-service|ts-ticketinfo-service|ts-train-mongo|ts-travel-mongo|ts-travel-plan-service|ts-travel-service|ts-travel2-mongo|ts-travel2-service|ts-ui-dashboard|ts-user-mongo|ts-user-service|ts-verification-code-service|ts-voucher-mysql|ts-voucher-service,,,0.05337119102478027,0.011121749877929688,68,59,False,False,True,True,True,True
TrainTicket,ts-route-service,mem,2,nsigma,tai nguyen,latency-50,duong,ts-route-service|ts-order-service|ts-food-service|ts-assurance-service|ts-contacts-service|ts-rebook-service|ts-cancel-service|ts-auth-service|ts-preserve-other-service|ts-user-service|ts-travel-plan-service|ts-station-service|ts-verification-code-service|ts-execute-service|ts-news-service|ts-contacts-mongo|ts-admin-order-service|ts-price-service|ts-admin-user-service|ts-preserve-other-mongo|ts-consign-price-service|ts-order-other-service|ts-basic-service|ts-admin-route-service|ts-inside-payment-service|ts-food-map-service|ts-notification-service|ts-travel2-service|ts-seat-service|ts-station-mongo|ts-notification-mongo|ts-order-other-mongo|ts-train-service|ts-admin-basic-info-service|ts-admin-travel-service|ts-ticket-office-mongo|ts-route-plan-service|ts-config-service|ts-payment-service|ts-ticket-office-service|ts-travel-service|ts-ticketinfo-service|ts-user-mongo|ts-preserve-mongo|ts-train-mongo|ts-consign-price-mongo|ts-preserve-service|ts-security-service|ts-auth-mongo|ts-payment-mongo|ts-price-mongo|ts-ui-dashboard|ts-config-mongo|ts-security-mongo|ts-consign-mongo|ts-food-map-mongo|ts-consign-service|ts-order-mongo|ts-voucher-service|ts-inside-payment-mongo|ts-travel-mongo|ts-food-mysql|ts-route-mongo|ts-assurance-mongo|ts-avatar-service|ts-food-mongo|ts-voucher-mysql|ts-travel2-mongo,ts-route-service|ts-food-service|ts-admin-travel-service|ts-auth-service|ts-ui-dashboard|ts-inside-payment-service|ts-consign-service|ts-seat-service|ts-consign-price-service|ts-travel-service|ts-security-service|ts-assurance-service|ts-admin-basic-info-service|ts-contacts-service|ts-travel2-service|ts-order-other-service|ts-ticketinfo-service|ts-station-service|ts-train-service|ts-config-service|ts-basic-service|ts-order-service|ts-price-service|ts-food-map-service,ts-admin-basic-info-service|ts-admin-travel-service|ts-assurance-service|ts-auth-service|ts-basic-service|ts-config-service|ts-consign-price-service|ts-consign-service|ts-contacts-service|ts-food-map-service|ts-food-service|ts-inside-payment-service|ts-order-other-service|ts-order-service|ts-price-service|ts-route-service|ts-seat-service|ts-security-service|ts-station-service|ts-ticketinfo-service|ts-train-service|ts-travel-service|ts-travel2-service|ts-ui-dashboard,,,0.04308605194091797,0.003859996795654297,68,24,True,True,True,True,True,True
TrainTicket,ts-route-service,mem,2,baro,tai nguyen,latency-50,duong,ts-route-service|ts-rebook-service|ts-user-service|ts-station-service|ts-order-service|ts-cancel-service|ts-auth-service|ts-travel-plan-service|ts-assurance-service|ts-food-service|ts-contacts-service|ts-preserve-other-service|ts-verification-code-service|ts-config-service|ts-admin-order-service|ts-news-service|ts-admin-user-service|ts-preserve-service|ts-notification-mongo|ts-contacts-mongo|ts-admin-travel-service|ts-admin-route-service|ts-preserve-other-mongo|ts-route-plan-service|ts-basic-service|ts-price-service|ts-inside-payment-service|ts-notification-service|ts-order-other-service|ts-station-mongo|ts-travel-service|ts-food-map-service|ts-travel2-service|ts-admin-basic-info-service|ts-seat-service|ts-security-service|ts-train-service|ts-payment-service|ts-food-mysql|ts-ui-dashboard|ts-avatar-service|ts-ticket-office-mongo|ts-order-other-mongo|ts-voucher-service|ts-ticket-office-service|ts-travel-mongo|ts-security-mongo|ts-train-mongo|ts-preserve-mongo|ts-consign-service|ts-route-mongo|ts-ticketinfo-service|ts-execute-service|ts-auth-mongo|ts-price-mongo|ts-consign-price-mongo|ts-config-mongo|ts-user-mongo|ts-order-mongo|ts-payment-mongo|ts-voucher-mysql|ts-food-map-mongo|ts-consign-price-service|ts-consign-mongo|ts-inside-payment-mongo|ts-assurance-mongo|ts-food-mongo|ts-travel2-mongo,ts-route-service|ts-food-service|ts-admin-travel-service|ts-travel-service|ts-consign-service|ts-ui-dashboard|ts-auth-service|ts-inside-payment-service|ts-admin-basic-info-service|ts-travel2-service|ts-security-service|ts-seat-service|ts-assurance-service|ts-station-service|ts-consign-price-service|ts-price-service|ts-basic-service|ts-order-service|ts-order-other-service|ts-contacts-service|ts-ticketinfo-service|ts-food-map-service|ts-config-service|ts-train-service,ts-admin-basic-info-service|ts-admin-travel-service|ts-assurance-service|ts-auth-service|ts-basic-service|ts-config-service|ts-consign-price-service|ts-consign-service|ts-contacts-service|ts-food-map-service|ts-food-service|ts-inside-payment-service|ts-order-other-service|ts-order-service|ts-price-service|ts-route-service|ts-seat-service|ts-security-service|ts-station-service|ts-ticketinfo-service|ts-train-service|ts-travel-service|ts-travel2-service|ts-ui-dashboard,,,0.054197072982788086,0.004731893539428711,68,24,True,True,True,True,True,True
TrainTicket,ts-route-service,mem,3,nsigma,tai nguyen,cpu,node,ts-route-service|ts-food-service|ts-admin-travel-service|ts-travel2-service|ts-rebook-service|ts-travel-plan-service|ts-basic-service|ts-station-service|ts-order-other-service|ts-order-service|ts-user-service|ts-assurance-service|ts-auth-service|ts-cancel-service|ts-preserve-other-service|ts-consign-service|ts-verification-code-service|ts-security-service|ts-ticketinfo-service|ts-notification-service|ts-seat-service|ts-price-service|ts-admin-route-service|ts-route-plan-service|ts-execute-service|ts-admin-order-service|ts-contacts-service|ts-ui-dashboard|ts-travel-service|ts-admin-user-service|ts-food-map-service|ts-preserve-service|ts-assurance-mongo|ts-train-service|ts-consign-mongo|ts-inside-payment-service|ts-news-service|ts-auth-mongo|ts-admin-basic-info-service|ts-user-mongo|ts-security-mongo|ts-price-mongo|ts-consign-price-mongo|ts-station-mongo|ts-consign-price-service|ts-notification-mongo|ts-travel-mongo|ts-preserve-mongo|ts-config-service|ts-config-mongo|ts-preserve-other-mongo|ts-food-map-mongo|ts-contacts-mongo|ts-ticket-office-mongo|ts-payment-mongo|ts-order-mongo|ts-route-mongo|ts-payment-service|ts-inside-payment-mongo|ts-train-mongo|ts-travel2-mongo|ts-order-other-mongo|ts-voucher-mysql|ts-food-mongo|ts-avatar-service|ts-ticket-office-service|ts-voucher-service|ts-food-mysql,ts-route-service|ts-rebook-service|ts-travel-plan-service|ts-admin-route-service|ts-notification-service|ts-route-plan-service|ts-execute-service|ts-admin-order-service|ts-cancel-service|ts-admin-user-service|ts-consign-service|ts-price-service|ts-user-service|ts-security-service|ts-food-service|ts-station-mongo|ts-order-service|ts-inside-payment-service|ts-admin-basic-info-service|ts-order-other-service|ts-preserve-other-service|ts-station-service|ts-order-mongo|ts-order-other-mongo|ts-consign-mongo|ts-voucher-mysql|ts-avatar-service|ts-ticketinfo-service|ts-preserve-other-mongo|ts-payment-mongo|ts-inside-payment-mongo|ts-ui-dashboard|ts-food-mongo|ts-travel-mongo|ts-consign-price-mongo|ts-notification-mongo|ts-food-map-mongo|ts-verification-code-service|ts-price-mongo|ts-preserve-service|ts-train-service|ts-travel2-mongo|ts-voucher-service|ts-contacts-mongo|ts-assurance-mongo|ts-ticket-office-mongo|ts-travel2-service|ts-route-mongo|ts-consign-price-service|ts-auth-service|ts-food-mysql|ts-train-mongo|ts-config-mongo|ts-ticket-office-service|ts-payment-service|ts-admin-travel-service|ts-assurance-service|ts-seat-service|ts-config-service,ts-admin-basic-info-service|ts-admin-order-service|ts-admin-route-service|ts-admin-travel-service|ts-admin-user-service|ts-assurance-mongo|ts-assurance-service|ts-auth-service|ts-avatar-service|ts-cancel-service|ts-config-mongo|ts-config-service|ts-consign-mongo|ts-consign-price-mongo|ts-consign-price-service|ts-consign-service|ts-contacts-mongo|ts-execute-service|ts-food-map-mongo|ts-food-mongo|ts-food-mysql|ts-food-service|ts-inside-payment-mongo|ts-inside-payment-service|ts-notification-mongo|ts-notification-service|ts-order-mongo|ts-order-other-mongo|ts-order-other-service|ts-order-service|ts-payment-mongo|ts-payment-service|ts-preserve-other-mongo|ts-preserve-other-service|ts-preserve-service|ts-price-mongo|ts-price-service|ts-rebook-service|ts-route-mongo|ts-route-plan-service|ts-route-service|ts-seat-service|ts-security-service|ts-station-mongo|ts-station-service|ts-ticket-office-mongo|ts-ticket-office-service|ts-ticketinfo-service|ts-train-mongo|ts-train-service|ts-travel-mongo|ts-travel-plan-service|ts-travel2-mongo|ts-travel2-service|ts-ui-dashboard|ts-user-service|ts-verification-code-service|ts-voucher-mysql|ts-voucher-service,,,0.04200172424316406,0.008567094802856445,68,59,True,True,True,True,True,True
TrainTicket,ts-route-service,mem,3,baro,tai nguyen,cpu,node,ts-route-service|ts-food-service|ts-travel2-service|ts-travel-plan-service|ts-consign-service|ts-basic-service|ts-rebook-service|ts-order-other-service|ts-order-service|ts-user-service|ts-auth-service|ts-preserve-other-service|ts-admin-order-service|ts-cancel-service|ts-admin-route-service|ts-station-service|ts-assurance-service|ts-verification-code-service|ts-admin-user-service|ts-notification-service|ts-execute-service|ts-security-service|ts-route-plan-service|ts-ticketinfo-service|ts-price-service|ts-seat-service|ts-contacts-service|ts-food-map-service|ts-ui-dashboard|ts-travel-service|ts-preserve-service|ts-inside-payment-service|ts-consign-mongo|ts-consign-price-service|ts-route-mongo|ts-assurance-mongo|ts-train-service|ts-config-service|ts-admin-basic-info-service|ts-station-mongo|ts-news-service|ts-auth-mongo|ts-config-mongo|ts-travel-mongo|ts-preserve-mongo|ts-notification-mongo|ts-consign-price-mongo|ts-price-mongo|ts-preserve-other-mongo|ts-admin-travel-service|ts-avatar-service|ts-security-mongo|ts-user-mongo|ts-food-mongo|ts-payment-service|ts-payment-mongo|ts-food-map-mongo|ts-ticket-office-mongo|ts-contacts-mongo|ts-voucher-mysql|ts-order-mongo|ts-order-other-mongo|ts-travel2-mongo|ts-ticket-office-service|ts-food-mysql|ts-inside-payment-mongo|ts-train-mongo|ts-voucher-service,ts-travel-plan-service|ts-route-service|ts-rebook-service|ts-admin-order-service|ts-admin-route-service|ts-admin-user-service|ts-notification-service|ts-execute-service|ts-route-plan-service|ts-cancel-service|ts-price-service|ts-security-service|ts-verification-code-service|ts-consign-service|ts-user-service|ts-inside-payment-service|ts-food-service|ts-order-other-service|ts-preserve-other-service|ts-order-service|ts-station-mongo|ts-consign-price-service|ts-preserve-service|ts-admin-basic-info-service|ts-station-service|ts-payment-service|ts-voucher-mysql|ts-consign-mongo|ts-food-mongo|ts-admin-travel-service|ts-avatar-service|ts-order-other-mongo|ts-payment-mongo|ts-ticket-office-service|ts-assurance-mongo|ts-food-mysql|ts-notification-mongo|ts-preserve-other-mongo|ts-travel-mongo|ts-order-mongo|ts-ui-dashboard|ts-price-mongo|ts-inside-payment-mongo|ts-voucher-service|ts-food-map-mongo|ts-travel2-mongo|ts-consign-price-mongo|ts-ticket-office-mongo|ts-ticketinfo-service|ts-contacts-mongo|ts-assurance-service|ts-auth-service|ts-route-mongo|ts-seat-service|ts-train-service|ts-travel2-service|ts-config-mongo|ts-train-mongo|ts-config-service,ts-admin-basic-info-service|ts-admin-order-service|ts-admin-route-service|ts-admin-travel-service|ts-admin-user-service|ts-assurance-mongo|ts-assurance-service|ts-auth-service|ts-avatar-service|ts-cancel-service|ts-config-mongo|ts-config-service|ts-consign-mongo|ts-consign-price-mongo|ts-consign-price-service|ts-consign-service|ts-contacts-mongo|ts-execute-service|ts-food-map-mongo|ts-food-mongo|ts-food-mysql|ts-food-service|ts-inside-payment-mongo|ts-inside-payment-service|ts-notification-mongo|ts-notification-service|ts-order-mongo|ts-order-other-mongo|ts-order-other-service|ts-order-service|ts-payment-mongo|ts-payment-service|ts-preserve-other-mongo|ts-preserve-other-service|ts-preserve-service|ts-price-mongo|ts-price-service|ts-rebook-service|ts-route-mongo|ts-route-plan-service|ts-route-service|ts-seat-service|ts-security-service|ts-station-mongo|ts-station-service|ts-ticket-office-mongo|ts-ticket-office-service|ts-ticketinfo-service|ts-train-mongo|ts-train-service|ts-travel-mongo|ts-travel-plan-service|ts-travel2-mongo|ts-travel2-service|ts-ui-dashboard|ts-user-service|ts-verification-code-service|ts-voucher-mysql|ts-voucher-service,,,0.05281805992126465,0.011128902435302734,68,59,True,True,False,False,True,True
TrainTicket,ts-route-service,socket,1,nsigma,tai nguyen,cpu,node,ts-route-service|ts-admin-travel-service|ts-travel2-service|ts-seat-service|ts-execute-service|ts-travel-service|ts-food-service|ts-basic-service|ts-admin-order-service|ts-admin-basic-info-service|ts-consign-price-service|ts-user-service|ts-ticketinfo-service|ts-ui-dashboard|ts-preserve-other-mongo|ts-notification-mongo|ts-consign-mongo|ts-assurance-service|ts-inside-payment-service|ts-travel-mongo|ts-contacts-mongo|ts-payment-service|ts-cancel-service|ts-consign-service|ts-order-other-service|ts-food-map-service|ts-train-service|ts-train-mongo|ts-travel-plan-service|ts-notification-service|ts-config-service|ts-route-plan-service|ts-preserve-service|ts-auth-service|ts-news-service|ts-order-mongo|ts-auth-mongo|ts-admin-route-service|ts-preserve-other-service|ts-price-service|ts-order-other-mongo|ts-assurance-mongo|ts-station-service|ts-order-service|ts-contacts-service|ts-security-service|ts-verification-code-service|ts-rebook-service|ts-admin-user-service|ts-food-map-mongo|ts-route-mongo|ts-ticket-office-mongo|ts-station-mongo|ts-preserve-mongo|ts-user-mongo|ts-price-mongo|ts-travel2-mongo|ts-payment-mongo|ts-food-mongo|ts-avatar-service|ts-ticket-office-service|ts-consign-price-mongo|ts-inside-payment-mongo|ts-security-mongo|ts-voucher-service|ts-food-mysql|ts-config-mongo,ts-route-service|ts-consign-price-service|ts-user-service|ts-admin-travel-service|ts-assurance-service|ts-food-map-service|ts-preserve-service|ts-consign-service|ts-cancel-service|ts-order-other-service|ts-preserve-other-service|ts-security-service|ts-verification-code-service|ts-config-service|ts-contacts-service|ts-inside-payment-service|ts-payment-service|ts-admin-basic-info-service|ts-ticketinfo-service|ts-admin-user-service|ts-order-other-mongo|ts-order-service|ts-ticket-office-service|ts-travel-plan-service|ts-rebook-service|ts-preserve-other-mongo|ts-news-service|ts-travel-mongo|ts-admin-order-service|ts-price-service|ts-station-mongo|ts-food-map-mongo|ts-admin-route-service|ts-payment-mongo|ts-contacts-mongo|ts-inside-payment-mongo|ts-consign-mongo|ts-voucher-service|ts-order-mongo|ts-execute-service|ts-assurance-mongo|ts-travel-service|ts-notification-mongo|ts-train-service|ts-train-mongo|ts-food-mysql|ts-price-mongo|ts-preserve-mongo|ts-station-service|ts-food-mongo|ts-auth-service|ts-consign-price-mongo|ts-avatar-service|ts-security-mongo|ts-seat-service|ts-basic-service|ts-notification-service|ts-route-mongo|ts-user-mongo|ts-ticket-office-mongo|ts-travel2-mongo|ts-ui-dashboard,ts-admin-basic-info-service|ts-admin-order-service|ts-admin-route-service|ts-admin-travel-service|ts-admin-user-service|ts-assurance-mongo|ts-assurance-service|ts-auth-service|ts-avatar-service|ts-basic-service|ts-cancel-service|ts-config-service|ts-consign-mongo|ts-consign-price-mongo|ts-consign-price-service|ts-consign-service|ts-contacts-mongo|ts-contacts-service|ts-execute-service|ts-food-map-mongo|ts-food-map-service|ts-food-mongo|ts-food-mysql|ts-inside-payment-mongo|ts-inside-payment-service|ts-news-service|ts-notification-mongo|ts-notification-service|ts-order-mongo|ts-order-other-mongo|ts-order-other-service|ts-order-service|ts-payment-mongo|ts-payment-service|ts-preserve-mongo|ts-preserve-other-mongo|ts-preserve-other-service|ts-preserve-service|ts-price-mongo|ts-price-service|ts-rebook-service|ts-route-mongo|ts-route-service|ts-seat-service|ts-security-mongo|ts-security-service|ts-station-mongo|ts-station-service|ts-ticket-office-mongo|ts-ticket-office-service|ts-ticketinfo-service|ts-train-mongo|ts-train-service|ts-travel-mongo|ts-travel-plan-service|ts-travel-service|ts-travel2-mongo|ts-ui-dashboard|ts-user-mongo|ts-user-service|ts-verification-code-service|ts-voucher-service,,,0.04191422462463379,0.00914311408996582,67,62,True,True,True,True,True,True
TrainTicket,ts-route-service,socket,1,baro,tai nguyen,cpu,node,ts-execute-service|ts-admin-user-service|ts-travel-plan-service|ts-route-service|ts-travel2-service|ts-notification-service|ts-user-service|ts-seat-service|ts-basic-service|ts-admin-basic-info-service|ts-travel-service|ts-food-service|ts-consign-price-service|ts-admin-order-service|ts-ticketinfo-service|ts-ui-dashboard|ts-admin-travel-service|ts-contacts-service|ts-train-mongo|ts-order-service|ts-assurance-service|ts-preserve-other-mongo|ts-consign-mongo|ts-food-map-service|ts-cancel-service|ts-notification-mongo|ts-travel-mongo|ts-inside-payment-service|ts-preserve-other-service|ts-contacts-mongo|ts-order-other-service|ts-verification-code-service|ts-consign-service|ts-train-service|ts-order-mongo|ts-rebook-service|ts-auth-service|ts-payment-service|ts-config-service|ts-food-map-mongo|ts-preserve-service|ts-auth-mongo|ts-route-plan-service|ts-price-service|ts-admin-route-service|ts-route-mongo|ts-food-mysql|ts-order-other-mongo|ts-security-service|ts-payment-mongo|ts-avatar-service|ts-station-service|ts-station-mongo|ts-voucher-service|ts-price-mongo|ts-ticket-office-service|ts-preserve-mongo|ts-news-service|ts-assurance-mongo|ts-ticket-office-mongo|ts-user-mongo|ts-travel2-mongo|ts-food-mongo|ts-consign-price-mongo|ts-inside-payment-mongo|ts-security-mongo|ts-config-mongo,ts-route-service|ts-consign-price-service|ts-user-service|ts-admin-travel-service|ts-admin-basic-info-service|ts-assurance-service|ts-cancel-service|ts-travel-plan-service|ts-preserve-other-service|ts-verification-code-service|ts-consign-service|ts-food-map-service|ts-admin-order-service|ts-rebook-service|ts-admin-user-service|ts-preserve-service|ts-payment-service|ts-admin-route-service|ts-config-service|ts-order-other-service|ts-execute-service|ts-inside-payment-service|ts-notification-service|ts-food-mysql|ts-order-other-mongo|ts-security-service|ts-preserve-other-mongo|ts-contacts-service|ts-voucher-service|ts-price-mongo|ts-food-map-mongo|ts-ticketinfo-service|ts-ticket-office-service|ts-news-service|ts-travel-mongo|ts-assurance-mongo|ts-contacts-mongo|ts-station-service|ts-order-service|ts-preserve-mongo|ts-consign-mongo|ts-notification-mongo|ts-food-mongo|ts-auth-service|ts-payment-mongo|ts-price-service|ts-train-mongo|ts-inside-payment-mongo|ts-travel2-mongo|ts-consign-price-mongo|ts-station-mongo|ts-train-service|ts-avatar-service|ts-ticket-office-mongo|ts-order-mongo|ts-user-mongo|ts-security-mongo|ts-route-mongo|ts-travel-service|ts-seat-service|ts-ui-dashboard|ts-basic-service,ts-admin-basic-info-service|ts-admin-order-service|ts-admin-route-service|ts-admin-travel-service|ts-admin-user-service|ts-assurance-mongo|ts-assurance-service|ts-auth-service|ts-avatar-service|ts-basic-service|ts-cancel-service|ts-config-service|ts-consign-mongo|ts-consign-price-mongo|ts-consign-price-service|ts-consign-service|ts-contacts-mongo|ts-contacts-service|ts-execute-service|ts-food-map-mongo|ts-food-map-service|ts-food-mongo|ts-food-mysql|ts-inside-payment-mongo|ts-inside-payment-service|ts-news-service|ts-notification-mongo|ts-notification-service|ts-order-mongo|ts-order-other-mongo|ts-order-other-service|ts-order-service|ts-payment-mongo|ts-payment-service|ts-preserve-mongo|ts-preserve-other-mongo|ts-preserve-other-service|ts-preserve-service|ts-price-mongo|ts-price-service|ts-rebook-service|ts-route-mongo|ts-route-service|ts-seat-service|ts-security-mongo|ts-security-service|ts-station-mongo|ts-station-service|ts-ticket-office-mongo|ts-ticket-office-service|ts-ticketinfo-service|ts-train-mongo|ts-train-service|ts-travel-mongo|ts-travel-plan-service|ts-travel-service|ts-travel2-mongo|ts-ui-dashboard|ts-user-mongo|ts-user-service|ts-verification-code-service|ts-voucher-service,,,0.07033085823059082,0.011409997940063477,67,62,False,False,True,True,False,True
TrainTicket,ts-route-service,socket,2,nsigma,tai nguyen,latency-50,duong,ts-route-service|ts-preserve-mongo|ts-notification-mongo|ts-admin-basic-info-service|ts-news-service|ts-ticket-office-mongo|ts-config-service|ts-rebook-service|ts-train-service|ts-preserve-service|ts-admin-order-service|ts-payment-service|ts-preserve-other-mongo|ts-admin-user-service|ts-notification-service|ts-station-mongo|ts-route-plan-service|ts-admin-route-service|ts-cancel-service|ts-execute-service|ts-ui-dashboard|ts-verification-code-service|ts-security-mongo|ts-consign-price-service|ts-order-service|ts-inside-payment-service|ts-auth-service|ts-user-mongo|ts-consign-service|ts-consign-price-mongo|ts-order-other-service|ts-contacts-service|ts-food-map-service|ts-assurance-service|ts-travel-service|ts-seat-service|ts-preserve-other-service|ts-station-service|ts-consign-mongo|ts-payment-mongo|ts-admin-travel-service|ts-price-service|ts-food-service|ts-contacts-mongo|ts-security-service|ts-travel2-service|ts-ticketinfo-service|ts-user-service|ts-travel-plan-service|ts-ticket-office-service|ts-price-mongo|ts-travel2-mongo|ts-basic-service|ts-auth-mongo|ts-food-map-mongo|ts-train-mongo|ts-order-other-mongo|ts-route-mongo|ts-travel-mongo|ts-inside-payment-mongo|ts-food-mongo|ts-config-mongo|ts-order-mongo|ts-assurance-mongo|ts-avatar-service|ts-voucher-service|ts-voucher-mysql,ts-route-service|ts-admin-travel-service|ts-auth-service|ts-food-service|ts-ui-dashboard|ts-travel-service|ts-inside-payment-service|ts-security-service|ts-contacts-service|ts-user-service|ts-seat-service|ts-travel2-service|ts-config-service|ts-assurance-service|ts-admin-basic-info-service|ts-consign-price-service|ts-order-service|ts-ticketinfo-service|ts-consign-service|ts-order-other-service|ts-basic-service|ts-train-service|ts-price-service|ts-station-service|ts-food-map-service,ts-admin-basic-info-service|ts-admin-travel-service|ts-assurance-service|ts-auth-service|ts-basic-service|ts-config-service|ts-consign-price-service|ts-consign-service|ts-contacts-service|ts-food-map-service|ts-food-service|ts-inside-payment-service|ts-order-other-service|ts-order-service|ts-price-service|ts-route-service|ts-seat-service|ts-security-service|ts-station-service|ts-ticketinfo-service|ts-train-service|ts-travel-service|ts-travel2-service|ts-ui-dashboard|ts-user-service,,,0.04233813285827637,0.00391387939453125,67,25,True,True,True,True,True,True
TrainTicket,ts-route-service,socket,2,baro,tai nguyen,latency-50,duong,ts-route-service|ts-config-service|ts-admin-user-service|ts-payment-service|ts-user-service|ts-news-service|ts-ticket-office-mongo|ts-preserve-mongo|ts-notification-mongo|ts-admin-basic-info-service|ts-notification-service|ts-preserve-service|ts-station-service|ts-preserve-other-mongo|ts-route-plan-service|ts-admin-route-service|ts-execute-service|ts-food-service|ts-travel-service|ts-rebook-service|ts-auth-service|ts-consign-service|ts-cancel-service|ts-train-service|ts-order-service|ts-inside-payment-service|ts-admin-travel-service|ts-verification-code-service|ts-station-mongo|ts-food-map-service|ts-consign-price-service|ts-basic-service|ts-security-service|ts-travel2-service|ts-price-service|ts-ticketinfo-service|ts-user-mongo|ts-consign-mongo|ts-order-other-service|ts-seat-service|ts-assurance-service|ts-ui-dashboard|ts-travel-plan-service|ts-security-mongo|ts-ticket-office-service|ts-avatar-service|ts-preserve-other-service|ts-voucher-service|ts-route-mongo|ts-travel-mongo|ts-payment-mongo|ts-consign-price-mongo|ts-contacts-service|ts-order-other-mongo|ts-price-mongo|ts-contacts-mongo|ts-travel2-mongo|ts-food-map-mongo|ts-train-mongo|ts-inside-payment-mongo|ts-order-mongo|ts-assurance-mongo|ts-config-mongo|ts-food-mongo|ts-auth-mongo|ts-voucher-mysql|ts-admin-order-service,ts-route-service|ts-food-service|ts-travel-service|ts-admin-travel-service|ts-ui-dashboard|ts-auth-service|ts-travel2-service|ts-order-service|ts-security-service|ts-inside-payment-service|ts-user-service|ts-seat-service|ts-admin-basic-info-service|ts-assurance-service|ts-consign-service|ts-consign-price-service|ts-station-service|ts-contacts-service|ts-basic-service|ts-config-service|ts-order-other-service|ts-train-service|ts-food-map-service|ts-price-service|ts-ticketinfo-service,ts-admin-basic-info-service|ts-admin-travel-service|ts-assurance-service|ts-auth-service|ts-basic-service|ts-config-service|ts-consign-price-service|ts-consign-service|ts-contacts-service|ts-food-map-service|ts-food-service|ts-inside-payment-service|ts-order-other-service|ts-order-service|ts-price-service|ts-route-service|ts-seat-service|ts-security-service|ts-station-service|ts-ticketinfo-service|ts-train-service|ts-travel-service|ts-travel2-service|ts-ui-dashboard|ts-user-service,,,0.05366206169128418,0.0049419403076171875,67,25,True,True,True,True,True,True
TrainTicket,ts-route-service,socket,3,nsigma,tai nguyen,latency-50,duong,ts-route-service|ts-admin-travel-service|ts-basic-service|ts-travel2-service|ts-ticketinfo-service|ts-seat-service|ts-auth-service|ts-food-service|ts-admin-user-service|ts-admin-route-service|ts-rebook-service|ts-notification-service|ts-admin-order-service|ts-execute-service|ts-verification-code-service|ts-travel-plan-service|ts-food-map-service|ts-route-plan-service|ts-travel-service|ts-cancel-service|ts-order-service|ts-ui-dashboard|ts-train-service|ts-assurance-service|ts-security-service|ts-consign-service|ts-auth-mongo|ts-config-service|ts-food-mongo|ts-payment-mongo|ts-inside-payment-mongo|ts-config-mongo|ts-security-mongo|ts-contacts-service|ts-inside-payment-service|ts-station-mongo|ts-travel2-mongo|ts-price-service|ts-order-mongo|ts-order-other-mongo|ts-notification-mongo|ts-route-mongo|ts-assurance-mongo|ts-preserve-service|ts-payment-service|ts-ticket-office-mongo|ts-news-service|ts-consign-price-mongo|ts-user-service|ts-contacts-mongo|ts-preserve-other-mongo|ts-travel-mongo|ts-consign-price-service|ts-preserve-mongo|ts-price-mongo|ts-order-other-service|ts-station-service|ts-admin-basic-info-service|ts-preserve-other-service|ts-train-mongo|ts-consign-mongo|ts-food-map-mongo|ts-avatar-service|ts-user-mongo|ts-ticket-office-service|ts-voucher-mysql|ts-food-mysql|ts-voucher-service,ts-route-service|ts-admin-travel-service|ts-seat-service|ts-food-service|ts-travel2-service|ts-travel-service|ts-ui-dashboard|ts-assurance-service|ts-train-service|ts-ticketinfo-service|ts-contacts-service|ts-order-service|ts-security-service|ts-basic-service|ts-food-map-service|ts-station-service|ts-auth-service|ts-user-service|ts-admin-basic-info-service|ts-order-other-service|ts-inside-payment-service|ts-consign-price-service|ts-config-service|ts-consign-service|ts-price-service,ts-admin-basic-info-service|ts-admin-travel-service|ts-assurance-service|ts-auth-service|ts-basic-service|ts-config-service|ts-consign-price-service|ts-consign-service|ts-contacts-service|ts-food-map-service|ts-food-service|ts-inside-payment-service|ts-order-other-service|ts-order-service|ts-price-service|ts-route-service|ts-seat-service|ts-security-service|ts-station-service|ts-ticketinfo-service|ts-train-service|ts-travel-service|ts-travel2-service|ts-ui-dashboard|ts-user-service,,,0.042594194412231445,0.0038831233978271484,68,25,True,True,True,True,True,True
TrainTicket,ts-route-service,socket,3,baro,tai nguyen,latency-50,duong,ts-route-service|ts-basic-service|ts-travel2-service|ts-seat-service|ts-ticketinfo-service|ts-admin-user-service|ts-notification-service|ts-rebook-service|ts-order-service|ts-food-service|ts-execute-service|ts-admin-route-service|ts-admin-order-service|ts-route-plan-service|ts-auth-service|ts-order-other-service|ts-travel-plan-service|ts-price-service|ts-verification-code-service|ts-consign-service|ts-security-service|ts-ui-dashboard|ts-travel-service|ts-food-map-service|ts-cancel-service|ts-inside-payment-service|ts-train-service|ts-assurance-service|ts-station-mongo|ts-contacts-service|ts-config-service|ts-payment-mongo|ts-food-mongo|ts-train-mongo|ts-auth-mongo|ts-inside-payment-mongo|ts-order-other-mongo|ts-config-mongo|ts-order-mongo|ts-security-mongo|ts-travel2-mongo|ts-station-service|ts-consign-price-service|ts-admin-travel-service|ts-assurance-mongo|ts-user-service|ts-notification-mongo|ts-consign-price-mongo|ts-payment-service|ts-preserve-other-mongo|ts-admin-basic-info-service|ts-route-mongo|ts-contacts-mongo|ts-price-mongo|ts-ticket-office-mongo|ts-news-service|ts-consign-mongo|ts-preserve-service|ts-travel-mongo|ts-preserve-mongo|ts-avatar-service|ts-preserve-other-service|ts-food-map-mongo|ts-ticket-office-service|ts-voucher-mysql|ts-user-mongo|ts-food-mysql|ts-voucher-service,ts-route-service|ts-seat-service|ts-food-service|ts-travel2-service|ts-travel-service|ts-ui-dashboard|ts-assurance-service|ts-train-service|ts-contacts-service|ts-ticketinfo-service|ts-security-service|ts-basic-service|ts-order-service|ts-auth-service|ts-user-service|ts-station-service|ts-food-map-service|ts-inside-payment-service|ts-config-service|ts-order-other-service|ts-admin-travel-service|ts-consign-service|ts-consign-price-service|ts-admin-basic-info-service|ts-price-service,ts-admin-basic-info-service|ts-admin-travel-service|ts-assurance-service|ts-auth-service|ts-basic-service|ts-config-service|ts-consign-price-service|ts-consign-service|ts-contacts-service|ts-food-map-service|ts-food-service|ts-inside-payment-service|ts-order-other-service|ts-order-service|ts-price-service|ts-route-service|ts-seat-service|ts-security-service|ts-station-service|ts-ticketinfo-service|ts-train-service|ts-travel-service|ts-travel2-service|ts-ui-dashboard|ts-user-service,,,0.053900718688964844,0.005177021026611328,68,25,True,True,True,True,True,True
TrainTicket,ts-train-service,cpu,1,nsigma,tai nguyen,latency-50,duong,ts-train-service|ts-price-service|ts-food-map-service|ts-admin-basic-info-service|ts-admin-travel-service|ts-config-service|ts-seat-service|ts-station-service|ts-basic-service|ts-admin-order-service|ts-travel2-service|ts-consign-price-service|ts-execute-service|ts-consign-price-mongo|ts-train-mongo|ts-travel-service|ts-travel-mongo|ts-order-service|ts-food-mongo|ts-inside-payment-service|ts-rebook-service|ts-contacts-service|ts-food-service|ts-ticketinfo-service|ts-preserve-other-mongo|ts-route-service|ts-preserve-mongo|ts-consign-mongo|ts-admin-user-service|ts-assurance-mongo|ts-cancel-service|ts-order-other-service|ts-order-mongo|ts-consign-service|ts-ticket-office-service|ts-contacts-mongo|ts-user-service|ts-verification-code-service|ts-travel2-mongo|ts-auth-service|ts-ui-dashboard|ts-security-service|ts-admin-route-service|ts-ticket-office-mongo|ts-config-mongo|ts-assurance-service|ts-payment-service|ts-route-plan-service|ts-news-service|ts-preserve-other-service|ts-travel-plan-service|ts-route-mongo|ts-notification-mongo|ts-notification-service|ts-station-mongo|ts-avatar-service|ts-preserve-service|ts-security-mongo|ts-auth-mongo|ts-price-mongo|ts-inside-payment-mongo|ts-food-map-mongo|ts-payment-mongo|ts-user-mongo|ts-order-other-mongo|ts-voucher-service|ts-food-mysql,ts-admin-travel-service|ts-train-service|ts-travel2-service|ts-seat-service|ts-travel-service|ts-order-service|ts-price-service|ts-config-service|ts-route-service|ts-station-service|ts-order-other-service|ts-admin-basic-info-service|ts-ui-dashboard|ts-consign-price-service|ts-food-service|ts-food-map-service|ts-ticketinfo-service|ts-basic-service|ts-auth-service,ts-admin-basic-info-service|ts-admin-travel-service|ts-auth-service|ts-basic-service|ts-config-service|ts-consign-price-service|ts-food-map-service|ts-food-service|ts-order-other-service|ts-order-service|ts-price-service|ts-route-service|ts-seat-service|ts-station-service|ts-ticketinfo-service|ts-train-service|ts-travel-service|ts-travel2-service|ts-ui-dashboard,,,0.04174637794494629,0.00310516357421875,67,19,True,True,False,True,True,True
TrainTicket,ts-train-service,cpu,1,baro,tai nguyen,latency-50,duong,ts-admin-route-service|ts-rebook-service|ts-execute-service|ts-route-plan-service|ts-train-service|ts-price-service|ts-order-service|ts-admin-basic-info-service|ts-food-map-service|ts-config-service|ts-admin-user-service|ts-cancel-service|ts-seat-service|ts-station-service|ts-basic-service|ts-consign-price-service|ts-travel2-service|ts-train-mongo|ts-admin-order-service|ts-ticketinfo-service|ts-travel-service|ts-config-mongo|ts-verification-code-service|ts-admin-travel-service|ts-route-service|ts-travel-plan-service|ts-notification-service|ts-consign-price-mongo|ts-preserve-other-service|ts-travel-mongo|ts-ui-dashboard|ts-food-mongo|ts-food-service|ts-inside-payment-service|ts-contacts-service|ts-auth-service|ts-preserve-other-mongo|ts-order-other-service|ts-preserve-mongo|ts-user-service|ts-consign-service|ts-order-mongo|ts-payment-service|ts-security-service|ts-travel2-mongo|ts-security-mongo|ts-avatar-service|ts-ticket-office-service|ts-consign-mongo|ts-preserve-service|ts-notification-mongo|ts-news-service|ts-ticket-office-mongo|ts-contacts-mongo|ts-assurance-mongo|ts-station-mongo|ts-food-map-mongo|ts-payment-mongo|ts-price-mongo|ts-assurance-service|ts-route-mongo|ts-voucher-service|ts-inside-payment-mongo|ts-order-other-mongo|ts-auth-mongo|ts-user-mongo|ts-food-mysql,ts-train-service|ts-travel2-service|ts-seat-service|ts-travel-service|ts-order-service|ts-price-service|ts-config-service|ts-consign-price-service|ts-route-service|ts-station-service|ts-order-other-service|ts-ticketinfo-service|ts-admin-basic-info-service|ts-ui-dashboard|ts-food-service|ts-basic-service|ts-auth-service|ts-food-map-service|ts-admin-travel-service,ts-admin-basic-info-service|ts-admin-travel-service|ts-auth-service|ts-basic-service|ts-config-service|ts-consign-price-service|ts-food-map-service|ts-food-service|ts-order-other-service|ts-order-service|ts-price-service|ts-route-service|ts-seat-service|ts-station-service|ts-ticketinfo-service|ts-train-service|ts-travel-service|ts-travel2-service|ts-ui-dashboard,,,0.05216813087463379,0.003847837448120117,67,19,False,True,True,True,False,True
TrainTicket,ts-train-service,cpu,2,nsigma,tai nguyen,latency-50,duong,ts-train-service|ts-admin-travel-service|ts-order-other-service|ts-auth-service|ts-seat-service|ts-basic-service|ts-ticketinfo-service|ts-user-service|ts-order-service|ts-assurance-mongo|ts-price-service|ts-security-service|ts-travel2-service|ts-ui-dashboard|ts-ticket-office-mongo|ts-food-service|ts-notification-mongo|ts-preserve-service|ts-travel-service|ts-route-service|ts-admin-order-service|ts-route-plan-service|ts-contacts-service|ts-news-service|ts-price-mongo|ts-admin-route-service|ts-station-service|ts-consign-service|ts-preserve-other-mongo|ts-payment-mongo|ts-auth-mongo|ts-config-service|ts-admin-user-service|ts-food-map-mongo|ts-preserve-mongo|ts-order-mongo|ts-rebook-service|ts-inside-payment-service|ts-admin-basic-info-service|ts-user-mongo|ts-contacts-mongo|ts-payment-service|ts-verification-code-service|ts-assurance-service|ts-station-mongo|ts-preserve-other-service|ts-notification-service|ts-avatar-service|ts-food-mongo|ts-travel-plan-service|ts-execute-service|ts-food-map-service|ts-consign-mongo|ts-cancel-service|ts-train-mongo|ts-consign-price-service|ts-inside-payment-mongo|ts-consign-price-mongo|ts-security-mongo|ts-travel-mongo|ts-travel2-mongo|ts-config-mongo|ts-route-mongo|ts-order-other-mongo|ts-food-mysql|ts-voucher-mysql|ts-ticket-office-service|ts-voucher-service,ts-train-service|ts-admin-travel-service|ts-seat-service|ts-order-service|ts-price-service|ts-travel2-service|ts-travel-service|ts-route-service|ts-order-other-service|ts-auth-service|ts-station-service|ts-contacts-service|ts-config-service|ts-ui-dashboard|ts-basic-service|ts-consign-service|ts-assurance-service|ts-consign-price-service|ts-ticketinfo-service|ts-user-service|ts-food-service|ts-admin-basic-info-service|ts-food-map-service|ts-security-service,ts-admin-basic-info-service|ts-admin-travel-service|ts-assurance-service|ts-auth-service|ts-basic-service|ts-config-service|ts-consign-price-service|ts-consign-service|ts-contacts-service|ts-food-map-service|ts-food-service|ts-order-other-service|ts-order-service|ts-price-service|ts-route-service|ts-seat-service|ts-security-service|ts-station-service|ts-ticketinfo-service|ts-train-service|ts-travel-service|ts-travel2-service|ts-ui-dashboard|ts-user-service,,,0.04363298416137695,0.003774881362915039,68,24,True,True,True,True,True,True
TrainTicket,ts-train-service,cpu,2,baro,tai nguyen,latency-50,duong,ts-train-service|ts-order-other-service|ts-auth-service|ts-seat-service|ts-price-service|ts-notification-service|ts-basic-service|ts-ticketinfo-service|ts-admin-user-service|ts-user-service|ts-contacts-service|ts-order-service|ts-rebook-service|ts-travel2-service|ts-admin-order-service|ts-assurance-mongo|ts-security-service|ts-ui-dashboard|ts-route-plan-service|ts-consign-mongo|ts-consign-service|ts-preserve-other-service|ts-preserve-service|ts-inside-payment-mongo|ts-auth-mongo|ts-food-mongo|ts-food-service|ts-cancel-service|ts-admin-travel-service|ts-ticket-office-mongo|ts-travel-service|ts-admin-basic-info-service|ts-admin-route-service|ts-verification-code-service|ts-notification-mongo|ts-preserve-other-mongo|ts-route-service|ts-price-mongo|ts-food-map-service|ts-news-service|ts-consign-price-service|ts-food-map-mongo|ts-station-service|ts-route-mongo|ts-execute-service|ts-preserve-mongo|ts-inside-payment-service|ts-payment-mongo|ts-config-service|ts-assurance-service|ts-order-mongo|ts-station-mongo|ts-ticket-office-service|ts-travel-plan-service|ts-avatar-service|ts-payment-service|ts-train-mongo|ts-user-mongo|ts-order-other-mongo|ts-contacts-mongo|ts-travel-mongo|ts-voucher-mysql|ts-security-mongo|ts-config-mongo|ts-travel2-mongo|ts-consign-price-mongo|ts-food-mysql|ts-voucher-service,ts-train-service|ts-seat-service|ts-travel2-service|ts-order-service|ts-price-service|ts-auth-service|ts-order-other-service|ts-travel-service|ts-route-service|ts-consign-price-service|ts-station-service|ts-contacts-service|ts-consign-service|ts-basic-service|ts-config-service|ts-ui-dashboard|ts-assurance-service|ts-user-service|ts-ticketinfo-service|ts-food-service|ts-admin-basic-info-service|ts-food-map-service|ts-admin-travel-service|ts-security-service,ts-admin-basic-info-service|ts-admin-travel-service|ts-assurance-service|ts-auth-service|ts-basic-service|ts-config-service|ts-consign-price-service|ts-consign-service|ts-contacts-service|ts-food-map-service|ts-food-service|ts-order-other-service|ts-order-service|ts-price-service|ts-route-service|ts-seat-service|ts-security-service|ts-station-service|ts-ticketinfo-service|ts-train-service|ts-travel-service|ts-travel2-service|ts-ui-dashboard|ts-user-service,,,0.055251121520996094,0.0047647953033447266,68,24,True,True,True,True,True,True
TrainTicket,ts-train-service,cpu,3,nsigma,tai nguyen,latency-50,duong,ts-train-service|ts-route-service|ts-seat-service|ts-basic-service|ts-order-service|ts-ticketinfo-service|ts-travel2-service|ts-inside-payment-service|ts-notification-mongo|ts-user-service|ts-payment-service|ts-security-service|ts-config-mongo|ts-train-mongo|ts-travel-service|ts-order-other-service|ts-station-service|ts-route-mongo|ts-consign-service|ts-auth-mongo|ts-ticket-office-service|ts-travel2-mongo|ts-price-service|ts-travel-plan-service|ts-verification-code-service|ts-food-service|ts-consign-price-mongo|ts-contacts-service|ts-station-mongo|ts-config-service|ts-travel-mongo|ts-consign-mongo|ts-route-plan-service|ts-preserve-service|ts-food-map-service|ts-ui-dashboard|ts-order-mongo|ts-preserve-mongo|ts-auth-service|ts-contacts-mongo|ts-cancel-service|ts-order-other-mongo|ts-assurance-service|ts-rebook-service|ts-news-service|ts-food-mongo|ts-assurance-mongo|ts-notification-service|ts-admin-basic-info-service|ts-admin-travel-service|ts-preserve-other-mongo|ts-execute-service|ts-preserve-other-service|ts-consign-price-service|ts-payment-mongo|ts-admin-user-service|ts-user-mongo|ts-ticket-office-mongo|ts-avatar-service|ts-admin-route-service|ts-admin-order-service|ts-security-mongo|ts-price-mongo|ts-inside-payment-mongo|ts-food-map-mongo|ts-voucher-service|ts-food-mysql|ts-voucher-mysql,ts-seat-service|ts-train-service|ts-user-service|ts-travel2-service|ts-inside-payment-service|ts-route-service|ts-travel-service|ts-food-service|ts-station-service|ts-contacts-service|ts-basic-service|ts-config-service|ts-price-service|ts-ui-dashboard|ts-assurance-service|ts-order-other-service|ts-order-service|ts-auth-service|ts-preserve-service|ts-food-map-service|ts-security-service|ts-ticketinfo-service|ts-consign-service|ts-admin-basic-info-service|ts-consign-price-service|ts-admin-travel-service,ts-admin-basic-info-service|ts-admin-travel-service|ts-assurance-service|ts-auth-service|ts-basic-service|ts-config-service|ts-consign-price-service|ts-consign-service|ts-contacts-service|ts-food-map-service|ts-food-service|ts-inside-payment-service|ts-order-other-service|ts-order-service|ts-preserve-service|ts-price-service|ts-route-service|ts-seat-service|ts-security-service|ts-station-service|ts-ticketinfo-service|ts-train-service|ts-travel-service|ts-travel2-service|ts-ui-dashboard|ts-user-service,,,0.06172990798950195,0.004143714904785156,68,26,True,True,False,False,True,True
TrainTicket,ts-train-service,cpu,3,baro,tai nguyen,latency-50,duong,ts-train-service|ts-route-service|ts-security-service|ts-contacts-service|ts-inside-payment-service|ts-seat-service|ts-basic-service|ts-ticket-office-service|ts-order-service|ts-ticketinfo-service|ts-travel2-service|ts-notification-mongo|ts-auth-mongo|ts-user-service|ts-train-mongo|ts-travel-service|ts-admin-basic-info-service|ts-order-other-service|ts-config-mongo|ts-food-mongo|ts-route-mongo|ts-news-service|ts-payment-service|ts-station-service|ts-food-service|ts-consign-service|ts-preserve-service|ts-consign-mongo|ts-config-service|ts-travel2-mongo|ts-payment-mongo|ts-travel-mongo|ts-ui-dashboard|ts-consign-price-mongo|ts-price-service|ts-auth-service|ts-station-mongo|ts-assurance-service|ts-food-map-service|ts-preserve-mongo|ts-contacts-mongo|ts-admin-travel-service|ts-order-mongo|ts-avatar-service|ts-ticket-office-mongo|ts-food-mysql|ts-preserve-other-mongo|ts-order-other-mongo|ts-assurance-mongo|ts-consign-price-service|ts-food-map-mongo|ts-user-mongo|ts-voucher-mysql|ts-inside-payment-mongo|ts-preserve-other-service|ts-admin-route-service|ts-security-mongo|ts-execute-service|ts-price-mongo|ts-admin-user-service|ts-voucher-service|ts-verification-code-service|ts-notification-service|ts-travel-plan-service|ts-admin-order-service|ts-route-plan-service|ts-rebook-service|ts-cancel-service,ts-seat-service|ts-train-service|ts-travel2-service|ts-user-service|ts-inside-payment-service|ts-travel-service|ts-route-service|ts-contacts-service|ts-security-service|ts-food-service|ts-station-service|ts-basic-service|ts-price-service|ts-consign-service|ts-order-service|ts-auth-service|ts-config-service|ts-assurance-service|ts-order-other-service|ts-ui-dashboard|ts-preserve-service|ts-consign-price-service|ts-food-map-service|ts-ticketinfo-service|ts-admin-basic-info-service|ts-admin-travel-service,ts-admin-basic-info-service|ts-admin-travel-service|ts-assurance-service|ts-auth-service|ts-basic-service|ts-config-service|ts-consign-price-service|ts-consign-service|ts-contacts-service|ts-food-map-service|ts-food-service|ts-inside-payment-service|ts-order-other-service|ts-order-service|ts-preserve-service|ts-price-service|ts-route-service|ts-seat-service|ts-security-service|ts-station-service|ts-ticketinfo-service|ts-train-service|ts-travel-service|ts-travel2-service|ts-ui-dashboard|ts-user-service,,,0.05528903007507324,0.005012035369873047,68,26,True,True,False,False,True,True
TrainTicket,ts-train-service,delay,1,nsigma,mang,latency-50,duong,ts-train-service|ts-admin-travel-service|ts-travel2-service|ts-travel-service|ts-seat-service|ts-basic-service|ts-ticketinfo-service|ts-ui-dashboard|ts-execute-service|ts-route-plan-service|ts-cancel-service|ts-preserve-other-service|ts-rebook-service|ts-admin-route-service|ts-notification-service|ts-preserve-service|ts-consign-service|ts-travel-plan-service|ts-train-mongo|ts-consign-price-service|ts-ticket-office-mongo|ts-admin-user-service|ts-user-mongo|ts-auth-service|ts-contacts-service|ts-user-service|ts-food-map-mongo|ts-consign-price-mongo|ts-inside-payment-service|ts-security-service|ts-order-service|ts-admin-order-service|ts-travel2-mongo|ts-ticket-office-service|ts-order-other-service|ts-admin-basic-info-service|ts-verification-code-service|ts-news-service|ts-food-map-service|ts-order-other-mongo|ts-food-mongo|ts-route-service|ts-travel-mongo|ts-assurance-service|ts-notification-mongo|ts-food-service|ts-assurance-mongo|ts-station-service|ts-station-mongo|ts-config-service|ts-auth-mongo|ts-security-mongo|ts-price-service|ts-price-mongo|ts-payment-service|ts-payment-mongo|ts-avatar-service|ts-preserve-other-mongo|ts-preserve-mongo|ts-config-mongo|ts-contacts-mongo|ts-order-mongo|ts-consign-mongo|ts-voucher-service|ts-voucher-mysql|ts-inside-payment-mongo|ts-food-mysql|ts-route-mongo,ts-admin-travel-service|ts-travel2-service|ts-travel-service|ts-train-service|ts-seat-service|ts-ui-dashboard|ts-contacts-service|ts-user-service|ts-route-service|ts-consign-price-service|ts-ticketinfo-service|ts-food-service|ts-consign-service|ts-assurance-service|ts-admin-basic-info-service|ts-price-service|ts-order-other-service|ts-security-service|ts-station-service|ts-order-service|ts-food-map-service|ts-basic-service|ts-auth-service|ts-config-service,ts-admin-basic-info-service|ts-admin-travel-service|ts-assurance-service|ts-auth-service|ts-basic-service|ts-config-service|ts-consign-price-service|ts-consign-service|ts-contacts-service|ts-food-map-service|ts-food-service|ts-order-other-service|ts-order-service|ts-price-service|ts-route-service|ts-seat-service|ts-security-service|ts-station-service|ts-ticketinfo-service|ts-train-service|ts-travel-service|ts-travel2-service|ts-ui-dashboard|ts-user-service,,,0.04262995719909668,0.0037882328033447266,68,24,True,True,False,True,True,True
TrainTicket,ts-train-service,delay,1,baro,mang,latency-50,duong,ts-route-plan-service|ts-cancel-service|ts-admin-route-service|ts-rebook-service|ts-train-service|ts-travel-plan-service|ts-verification-code-service|ts-travel2-service|ts-travel-service|ts-seat-service|ts-basic-service|ts-ticketinfo-service|ts-contacts-service|ts-ui-dashboard|ts-preserve-other-service|ts-execute-service|ts-admin-user-service|ts-train-mongo|ts-notification-service|ts-security-service|ts-auth-service|ts-ticket-office-mongo|ts-food-map-service|ts-admin-travel-service|ts-user-service|ts-preserve-service|ts-consign-service|ts-inside-payment-service|ts-admin-order-service|ts-order-service|ts-consign-price-service|ts-config-service|ts-user-mongo|ts-route-service|ts-admin-basic-info-service|ts-consign-price-mongo|ts-food-map-mongo|ts-order-other-service|ts-ticket-office-service|ts-travel2-mongo|ts-food-mongo|ts-news-service|ts-assurance-service|ts-price-service|ts-order-other-mongo|ts-food-service|ts-travel-mongo|ts-preserve-mongo|ts-voucher-mysql|ts-consign-mongo|ts-preserve-other-mongo|ts-contacts-mongo|ts-assurance-mongo|ts-payment-mongo|ts-notification-mongo|ts-station-mongo|ts-price-mongo|ts-auth-mongo|ts-station-service|ts-security-mongo|ts-avatar-service|ts-config-mongo|ts-voucher-service|ts-food-mysql|ts-order-mongo|ts-inside-payment-mongo|ts-payment-service|ts-route-mongo,ts-travel2-service|ts-train-service|ts-travel-service|ts-seat-service|ts-ui-dashboard|ts-admin-travel-service|ts-user-service|ts-contacts-service|ts-consign-service|ts-consign-price-service|ts-security-service|ts-route-service|ts-ticketinfo-service|ts-food-service|ts-assurance-service|ts-order-service|ts-admin-basic-info-service|ts-station-service|ts-order-other-service|ts-price-service|ts-food-map-service|ts-auth-service|ts-basic-service|ts-config-service,ts-admin-basic-info-service|ts-admin-travel-service|ts-assurance-service|ts-auth-service|ts-basic-service|ts-config-service|ts-consign-price-service|ts-consign-service|ts-contacts-service|ts-food-map-service|ts-food-service|ts-order-other-service|ts-order-service|ts-price-service|ts-route-service|ts-seat-service|ts-security-service|ts-station-service|ts-ticketinfo-service|ts-train-service|ts-travel-service|ts-travel2-service|ts-ui-dashboard|ts-user-service,,,0.05352902412414551,0.004781007766723633,68,24,False,True,False,True,False,True
TrainTicket,ts-train-service,delay,2,nsigma,mang,latency-50,duong,ts-train-service|ts-admin-travel-service|ts-travel2-service|ts-travel-service|ts-seat-service|ts-basic-service|ts-ticketinfo-service|ts-order-other-service|ts-ui-dashboard|ts-rebook-service|ts-auth-service|ts-cancel-service|ts-avatar-service|ts-travel-plan-service|ts-route-plan-service|ts-admin-order-service|ts-admin-route-service|ts-admin-user-service|ts-notification-service|ts-execute-service|ts-food-map-service|ts-route-service|ts-contacts-service|ts-preserve-mongo|ts-train-mongo|ts-security-service|ts-user-service|ts-preserve-other-mongo|ts-consign-service|ts-payment-mongo|ts-preserve-service|ts-travel-mongo|ts-notification-mongo|ts-consign-price-service|ts-payment-service|ts-travel2-mongo|ts-food-mongo|ts-verification-code-service|ts-order-other-mongo|ts-consign-price-mongo|ts-contacts-mongo|ts-food-service|ts-price-mongo|ts-inside-payment-service|ts-assurance-service|ts-ticket-office-mongo|ts-news-service|ts-assurance-mongo|ts-food-map-mongo|ts-order-service|ts-station-service|ts-inside-payment-mongo|ts-price-service|ts-preserve-other-service|ts-config-service|ts-admin-basic-info-service|ts-station-mongo|ts-order-mongo|ts-consign-mongo|ts-config-mongo|ts-user-mongo|ts-auth-mongo|ts-route-mongo|ts-security-mongo|ts-ticket-office-service|ts-voucher-service|ts-food-mysql,ts-admin-travel-service|ts-train-service|ts-travel2-service|ts-travel-service|ts-seat-service|ts-ui-dashboard|ts-order-other-service|ts-food-service|ts-auth-service|ts-assurance-service|ts-order-service|ts-food-map-service|ts-basic-service|ts-ticketinfo-service|ts-station-service|ts-route-service|ts-consign-price-service|ts-consign-service|ts-config-service|ts-admin-basic-info-service|ts-price-service,ts-admin-basic-info-service|ts-admin-travel-service|ts-assurance-service|ts-auth-service|ts-basic-service|ts-config-service|ts-consign-price-service|ts-consign-service|ts-food-map-service|ts-food-service|ts-order-other-service|ts-order-service|ts-price-service|ts-route-service|ts-seat-service|ts-station-service|ts-ticketinfo-service|ts-train-service|ts-travel-service|ts-travel2-service|ts-ui-dashboard,,,0.04060983657836914,0.0033762454986572266,67,21,True,True,False,True,True,True
TrainTicket,ts-train-service,delay,2,baro,mang,latency-50,duong,ts-train-service|ts-basic-service|ts-seat-service|ts-travel2-service|ts-travel-service|ts-ticketinfo-service|ts-order-other-service|ts-admin-route-service|ts-admin-order-service|ts-cancel-service|ts-consign-service|ts-travel-plan-service|ts-route-plan-service|ts-rebook-service|ts-admin-user-service|ts-price-service|ts-notification-service|ts-ui-dashboard|ts-avatar-service|ts-execute-service|ts-auth-service|ts-food-map-service|ts-config-service|ts-admin-travel-service|ts-contacts-service|ts-verification-code-service|ts-security-service|ts-payment-service|ts-route-service|ts-user-service|ts-travel-mongo|ts-preserve-mongo|ts-payment-mongo|ts-notification-mongo|ts-travel2-mongo|ts-preserve-other-mongo|ts-consign-price-service|ts-food-service|ts-config-mongo|ts-train-mongo|ts-price-mongo|ts-contacts-mongo|ts-preserve-service|ts-consign-price-mongo|ts-ticket-office-mongo|ts-inside-payment-service|ts-order-other-mongo|ts-preserve-other-service|ts-assurance-service|ts-news-service|ts-inside-payment-mongo|ts-food-mongo|ts-ticket-office-service|ts-order-service|ts-assurance-mongo|ts-station-service|ts-order-mongo|ts-admin-basic-info-service|ts-station-mongo|ts-user-mongo|ts-voucher-service|ts-consign-mongo|ts-food-map-mongo|ts-auth-mongo|ts-route-mongo|ts-food-mysql|ts-security-mongo,ts-train-service|ts-seat-service|ts-travel2-service|ts-travel-service|ts-ui-dashboard|ts-admin-travel-service|ts-order-other-service|ts-auth-service|ts-food-service|ts-assurance-service|ts-order-service|ts-food-map-service|ts-route-service|ts-station-service|ts-basic-service|ts-ticketinfo-service|ts-consign-price-service|ts-consign-service|ts-config-service|ts-admin-basic-info-service|ts-price-service,ts-admin-basic-info-service|ts-admin-travel-service|ts-assurance-service|ts-auth-service|ts-basic-service|ts-config-service|ts-consign-price-service|ts-consign-service|ts-food-map-service|ts-food-service|ts-order-other-service|ts-order-service|ts-price-service|ts-route-service|ts-seat-service|ts-station-service|ts-ticketinfo-service|ts-train-service|ts-travel-service|ts-travel2-service|ts-ui-dashboard,,,0.051396846771240234,0.00428009033203125,67,21,True,True,True,True,True,True
TrainTicket,ts-train-service,delay,3,nsigma,mang,latency-50,duong,ts-train-service|ts-seat-service|ts-travel2-service|ts-travel-service|ts-admin-travel-service|ts-basic-service|ts-ticketinfo-service|ts-food-map-service|ts-order-service|ts-ui-dashboard|ts-avatar-service|ts-assurance-mongo|ts-payment-mongo|ts-contacts-service|ts-security-mongo|ts-food-service|ts-news-service|ts-config-mongo|ts-price-mongo|ts-preserve-service|ts-user-mongo|ts-admin-basic-info-service|ts-route-service|ts-auth-service|ts-contacts-mongo|ts-travel2-mongo|ts-order-other-service|ts-assurance-service|ts-config-service|ts-consign-mongo|ts-train-mongo|ts-order-mongo|ts-cancel-service|ts-inside-payment-service|ts-ticket-office-service|ts-user-service|ts-consign-price-service|ts-preserve-other-service|ts-payment-service|ts-admin-user-service|ts-verification-code-service|ts-notification-service|ts-rebook-service|ts-travel-mongo|ts-admin-route-service|ts-travel-plan-service|ts-price-service|ts-consign-service|ts-security-service|ts-food-mongo|ts-execute-service|ts-preserve-mongo|ts-admin-order-service|ts-station-mongo|ts-inside-payment-mongo|ts-preserve-other-mongo|ts-route-plan-service|ts-station-service|ts-route-mongo|ts-order-other-mongo|ts-auth-mongo|ts-food-map-mongo|ts-ticket-office-mongo|ts-notification-mongo|ts-voucher-service|ts-voucher-mysql|ts-food-mysql|ts-consign-price-mongo,ts-train-service|ts-seat-service|ts-travel2-service|ts-travel-service|ts-admin-travel-service|ts-ui-dashboard|ts-order-service|ts-contacts-service|ts-auth-service|ts-order-other-service|ts-food-map-service|ts-assurance-service|ts-consign-price-service|ts-consign-service|ts-user-service|ts-config-service|ts-food-service|ts-inside-payment-service|ts-station-service|ts-basic-service|ts-admin-basic-info-service|ts-route-service|ts-ticketinfo-service|ts-price-service,ts-admin-basic-info-service|ts-admin-travel-service|ts-assurance-service|ts-auth-service|ts-basic-service|ts-config-service|ts-consign-price-service|ts-consign-service|ts-contacts-service|ts-food-map-service|ts-food-service|ts-inside-payment-service|ts-order-other-service|ts-order-service|ts-price-service|ts-route-service|ts-seat-service|ts-station-service|ts-ticketinfo-service|ts-train-service|ts-travel-service|ts-travel2-service|ts-ui-dashboard|ts-user-service,,,0.04195880889892578,0.0038132667541503906,68,24,True,True,True,True,True,True
TrainTicket,ts-train-service,delay,3,baro,mang,latency-50,duong,ts-train-service|ts-travel2-service|ts-seat-service|ts-travel-service|ts-basic-service|ts-ticketinfo-service|ts-ui-dashboard|ts-order-service|ts-food-map-service|ts-preserve-mongo|ts-avatar-service|ts-food-service|ts-admin-route-service|ts-admin-user-service|ts-price-service|ts-admin-travel-service|ts-assurance-mongo|ts-payment-mongo|ts-admin-order-service|ts-verification-code-service|ts-execute-service|ts-notification-service|ts-contacts-service|ts-security-mongo|ts-news-service|ts-price-mongo|ts-inside-payment-service|ts-config-mongo|ts-preserve-service|ts-food-mongo|ts-consign-price-service|ts-cancel-service|ts-auth-service|ts-route-service|ts-travel-mongo|ts-order-other-service|ts-travel-plan-service|ts-travel2-mongo|ts-ticket-office-service|ts-user-mongo|ts-user-service|ts-admin-basic-info-service|ts-contacts-mongo|ts-config-service|ts-consign-mongo|ts-preserve-other-service|ts-route-mongo|ts-notification-mongo|ts-payment-service|ts-rebook-service|ts-voucher-mysql|ts-assurance-service|ts-order-mongo|ts-station-mongo|ts-consign-service|ts-train-mongo|ts-security-service|ts-station-service|ts-voucher-service|ts-preserve-other-mongo|ts-inside-payment-mongo|ts-route-plan-service|ts-order-other-mongo|ts-ticket-office-mongo|ts-food-mysql|ts-auth-mongo|ts-food-map-mongo|ts-consign-price-mongo,ts-train-service|ts-travel2-service|ts-seat-service|ts-travel-service|ts-ui-dashboard|ts-admin-travel-service|ts-contacts-service|ts-consign-price-service|ts-order-service|ts-order-other-service|ts-auth-service|ts-user-service|ts-inside-payment-service|ts-assurance-service|ts-food-map-service|ts-consign-service|ts-config-service|ts-food-service|ts-route-service|ts-station-service|ts-admin-basic-info-service|ts-basic-service|ts-price-service|ts-ticketinfo-service,ts-admin-basic-info-service|ts-admin-travel-service|ts-assurance-service|ts-auth-service|ts-basic-service|ts-config-service|ts-consign-price-service|ts-consign-service|ts-contacts-service|ts-food-map-service|ts-food-service|ts-inside-payment-service|ts-order-other-service|ts-order-service|ts-price-service|ts-route-service|ts-seat-service|ts-station-service|ts-ticketinfo-service|ts-train-service|ts-travel-service|ts-travel2-service|ts-ui-dashboard|ts-user-service,,,0.05318617820739746,0.004817008972167969,68,24,True,True,True,True,True,True
TrainTicket,ts-train-service,disk,1,nsigma,tai nguyen,cpu,node,ts-train-service|ts-food-map-service|ts-admin-travel-service|ts-price-service|ts-basic-service|ts-travel-service|ts-route-service|ts-contacts-service|ts-ticketinfo-service|ts-rebook-service|ts-admin-basic-info-service|ts-auth-mongo|ts-inside-payment-service|ts-consign-service|ts-ui-dashboard|ts-food-service|ts-auth-service|ts-ticket-office-service|ts-payment-service|ts-preserve-other-mongo|ts-ticket-office-mongo|ts-travel-mongo|ts-travel2-mongo|ts-seat-service|ts-travel2-service|ts-food-mongo|ts-food-map-mongo|ts-user-service|ts-order-service|ts-consign-price-mongo|ts-user-mongo|ts-price-mongo|ts-travel-plan-service|ts-config-mongo|ts-consign-mongo|ts-verification-code-service|ts-assurance-mongo|ts-payment-mongo|ts-station-service|ts-route-plan-service|ts-security-mongo|ts-execute-service|ts-admin-route-service|ts-cancel-service|ts-notification-service|ts-news-service|ts-security-service|ts-station-mongo|ts-admin-order-service|ts-notification-mongo|ts-assurance-service|ts-consign-price-service|ts-inside-payment-mongo|ts-contacts-mongo|ts-preserve-service|ts-order-other-mongo|ts-preserve-mongo|ts-admin-user-service|ts-avatar-service|ts-order-other-service|ts-preserve-other-service|ts-train-mongo|ts-config-service|ts-route-mongo|ts-voucher-service|ts-voucher-mysql|ts-order-mongo,ts-train-service|ts-food-map-service|ts-ticket-office-service|ts-consign-service|ts-contacts-service|ts-preserve-other-mongo|ts-station-mongo|ts-rebook-service|ts-user-service|ts-ticketinfo-service|ts-auth-mongo|ts-payment-mongo|ts-security-service|ts-food-service|ts-basic-service|ts-travel-mongo|ts-cancel-service|ts-order-other-mongo|ts-consign-mongo|ts-auth-service|ts-route-plan-service|ts-travel2-mongo|ts-admin-order-service|ts-travel-plan-service|ts-avatar-service|ts-notification-service|ts-route-service|ts-route-mongo|ts-admin-basic-info-service|ts-news-service|ts-ui-dashboard|ts-train-mongo|ts-verification-code-service|ts-config-mongo|ts-assurance-mongo|ts-preserve-mongo|ts-price-mongo|ts-contacts-mongo|ts-travel2-service|ts-order-service|ts-user-mongo|ts-ticket-office-mongo|ts-voucher-service|ts-inside-payment-mongo|ts-voucher-mysql|ts-notification-mongo|ts-admin-user-service|ts-consign-price-mongo|ts-food-map-mongo|ts-food-mongo|ts-payment-service|ts-consign-price-service|ts-inside-payment-service|ts-preserve-other-service|ts-admin-travel-service|ts-assurance-service|ts-config-service|ts-order-other-service,ts-admin-basic-info-service|ts-admin-order-service|ts-admin-travel-service|ts-admin-user-service|ts-assurance-mongo|ts-assurance-service|ts-auth-mongo|ts-auth-service|ts-avatar-service|ts-basic-service|ts-cancel-service|ts-config-mongo|ts-config-service|ts-consign-mongo|ts-consign-price-mongo|ts-consign-price-service|ts-consign-service|ts-contacts-mongo|ts-contacts-service|ts-food-map-mongo|ts-food-map-service|ts-food-mongo|ts-food-service|ts-inside-payment-mongo|ts-inside-payment-service|ts-news-service|ts-notification-mongo|ts-notification-service|ts-order-other-mongo|ts-order-other-service|ts-order-service|ts-payment-mongo|ts-payment-service|ts-preserve-mongo|ts-preserve-other-mongo|ts-preserve-other-service|ts-price-mongo|ts-rebook-service|ts-route-mongo|ts-route-plan-service|ts-route-service|ts-security-service|ts-station-mongo|ts-ticket-office-mongo|ts-ticket-office-service|ts-ticketinfo-service|ts-train-mongo|ts-train-service|ts-travel-mongo|ts-travel-plan-service|ts-travel2-mongo|ts-travel2-service|ts-ui-dashboard|ts-user-mongo|ts-user-service|ts-verification-code-service|ts-voucher-mysql|ts-voucher-service,,,0.05990195274353027,0.008989810943603516,67,58,True,True,True,True,True,True
TrainTicket,ts-train-service,disk,1,baro,tai nguyen,cpu,node,ts-train-service|ts-admin-order-service|ts-travel-plan-service|ts-rebook-service|ts-food-map-service|ts-price-service|ts-admin-basic-info-service|ts-route-service|ts-contacts-service|ts-route-plan-service|ts-notification-service|ts-ticket-office-service|ts-verification-code-service|ts-basic-service|ts-travel-service|ts-config-service|ts-ticketinfo-service|ts-auth-mongo|ts-admin-route-service|ts-admin-user-service|ts-execute-service|ts-food-service|ts-cancel-service|ts-ui-dashboard|ts-payment-service|ts-inside-payment-service|ts-preserve-other-mongo|ts-security-service|ts-consign-service|ts-auth-service|ts-user-service|ts-contacts-mongo|ts-station-service|ts-ticket-office-mongo|ts-seat-service|ts-travel2-service|ts-order-service|ts-travel-mongo|ts-payment-mongo|ts-travel2-mongo|ts-consign-mongo|ts-assurance-mongo|ts-user-mongo|ts-food-map-mongo|ts-config-mongo|ts-price-mongo|ts-consign-price-service|ts-security-mongo|ts-food-mongo|ts-assurance-service|ts-consign-price-mongo|ts-preserve-service|ts-voucher-mysql|ts-admin-travel-service|ts-station-mongo|ts-news-service|ts-inside-payment-mongo|ts-avatar-service|ts-order-other-mongo|ts-route-mongo|ts-order-other-service|ts-preserve-mongo|ts-notification-mongo|ts-preserve-other-service|ts-train-mongo|ts-voucher-service|ts-order-mongo,ts-train-service|ts-ticket-office-service|ts-cancel-service|ts-food-map-service|ts-contacts-service|ts-preserve-other-mongo|ts-rebook-service|ts-consign-service|ts-user-service|ts-admin-order-service|ts-security-service|ts-inside-payment-service|ts-route-plan-service|ts-notification-service|ts-payment-mongo|ts-auth-mongo|ts-travel-plan-service|ts-food-service|ts-travel-mongo|ts-travel2-mongo|ts-consign-mongo|ts-verification-code-service|ts-auth-service|ts-ticketinfo-service|ts-admin-user-service|ts-voucher-mysql|ts-basic-service|ts-station-mongo|ts-avatar-service|ts-order-other-mongo|ts-config-mongo|ts-route-mongo|ts-admin-basic-info-service|ts-user-mongo|ts-price-mongo|ts-ui-dashboard|ts-contacts-mongo|ts-preserve-mongo|ts-route-service|ts-ticket-office-mongo|ts-voucher-service|ts-payment-service|ts-notification-mongo|ts-travel2-service|ts-train-mongo|ts-news-service|ts-inside-payment-mongo|ts-assurance-mongo|ts-food-mongo|ts-order-service|ts-food-map-mongo|ts-consign-price-service|ts-preserve-other-service|ts-assurance-service|ts-consign-price-mongo|ts-admin-travel-service|ts-config-service|ts-order-other-service,ts-admin-basic-info-service|ts-admin-order-service|ts-admin-travel-service|ts-admin-user-service|ts-assurance-mongo|ts-assurance-service|ts-auth-mongo|ts-auth-service|ts-avatar-service|ts-basic-service|ts-cancel-service|ts-config-mongo|ts-config-service|ts-consign-mongo|ts-consign-price-mongo|ts-consign-price-service|ts-consign-service|ts-contacts-mongo|ts-contacts-service|ts-food-map-mongo|ts-food-map-service|ts-food-mongo|ts-food-service|ts-inside-payment-mongo|ts-inside-payment-service|ts-news-service|ts-notification-mongo|ts-notification-service|ts-order-other-mongo|ts-order-other-service|ts-order-service|ts-payment-mongo|ts-payment-service|ts-preserve-mongo|ts-preserve-other-mongo|ts-preserve-other-service|ts-price-mongo|ts-rebook-service|ts-route-mongo|ts-route-plan-service|ts-route-service|ts-security-service|ts-station-mongo|ts-ticket-office-mongo|ts-ticket-office-service|ts-ticketinfo-service|ts-train-mongo|ts-train-service|ts-travel-mongo|ts-travel-plan-service|ts-travel2-mongo|ts-travel2-service|ts-ui-dashboard|ts-user-mongo|ts-user-service|ts-verification-code-service|ts-voucher-mysql|ts-voucher-service,,,0.053543806076049805,0.010740041732788086,67,58,True,True,True,True,True,True
TrainTicket,ts-train-service,disk,2,nsigma,tai nguyen,latency-50,duong,ts-train-service|ts-admin-basic-info-service|ts-seat-service|ts-admin-travel-service|ts-basic-service|ts-travel2-service|ts-ticketinfo-service|ts-price-service|ts-config-service|ts-consign-price-service|ts-security-service|ts-user-service|ts-order-service|ts-food-map-service|ts-contacts-service|ts-rebook-service|ts-food-map-mongo|ts-travel-service|ts-auth-service|ts-travel-plan-service|ts-notification-service|ts-admin-route-service|ts-admin-order-service|ts-food-service|ts-preserve-service|ts-preserve-other-service|ts-notification-mongo|ts-contacts-mongo|ts-order-other-service|ts-consign-service|ts-security-mongo|ts-assurance-mongo|ts-user-mongo|ts-ticket-office-mongo|ts-config-mongo|ts-consign-mongo|ts-food-mongo|ts-ui-dashboard|ts-assurance-service|ts-auth-mongo|ts-preserve-mongo|ts-station-service|ts-preserve-other-mongo|ts-inside-payment-service|ts-news-service|ts-cancel-service|ts-route-service|ts-price-mongo|ts-inside-payment-mongo|ts-payment-service|ts-consign-price-mongo|ts-route-mongo|ts-admin-user-service|ts-order-other-mongo|ts-verification-code-service|ts-order-mongo|ts-ticket-office-service|ts-execute-service|ts-travel-mongo|ts-route-plan-service|ts-avatar-service|ts-travel2-mongo|ts-train-mongo|ts-payment-mongo|ts-station-mongo|ts-voucher-service|ts-food-mysql|ts-voucher-mysql,ts-train-service|ts-seat-service|ts-config-service|ts-consign-price-service|ts-security-service|ts-consign-service|ts-price-service|ts-assurance-service|ts-travel-service|ts-inside-payment-service|ts-basic-service|ts-travel2-service|ts-auth-service|ts-food-service|ts-station-service|ts-order-service|ts-route-service|ts-order-other-service|ts-ui-dashboard|ts-food-map-service|ts-admin-basic-info-service|ts-contacts-service|ts-ticketinfo-service|ts-admin-travel-service,ts-admin-basic-info-service|ts-admin-travel-service|ts-assurance-service|ts-auth-service|ts-basic-service|ts-config-service|ts-consign-price-service|ts-consign-service|ts-contacts-service|ts-food-map-service|ts-food-service|ts-inside-payment-service|ts-order-other-service|ts-order-service|ts-price-service|ts-route-service|ts-seat-service|ts-security-service|ts-station-service|ts-ticketinfo-service|ts-train-service|ts-travel-service|ts-travel2-service|ts-ui-dashboard,,,0.04566502571105957,0.0038030147552490234,68,24,True,True,True,True,True,True
TrainTicket,ts-train-service,disk,2,baro,tai nguyen,latency-50,duong,ts-train-service|ts-admin-basic-info-service|ts-contacts-service|ts-seat-service|ts-admin-user-service|ts-security-service|ts-user-service|ts-travel2-service|ts-ticketinfo-service|ts-admin-travel-service|ts-basic-service|ts-admin-route-service|ts-config-service|ts-consign-price-service|ts-price-service|ts-notification-service|ts-food-map-mongo|ts-travel-plan-service|ts-consign-service|ts-travel-service|ts-rebook-service|ts-food-map-service|ts-auth-service|ts-order-service|ts-ui-dashboard|ts-preserve-other-service|ts-preserve-service|ts-consign-mongo|ts-food-service|ts-contacts-mongo|ts-admin-order-service|ts-notification-mongo|ts-assurance-mongo|ts-inside-payment-mongo|ts-security-mongo|ts-order-other-service|ts-assurance-service|ts-preserve-other-mongo|ts-station-service|ts-user-mongo|ts-route-plan-service|ts-preserve-mongo|ts-ticket-office-mongo|ts-inside-payment-service|ts-config-mongo|ts-food-mongo|ts-payment-service|ts-route-service|ts-auth-mongo|ts-verification-code-service|ts-news-service|ts-order-other-mongo|ts-execute-service|ts-cancel-service|ts-travel-mongo|ts-food-mysql|ts-route-mongo|ts-ticket-office-service|ts-consign-price-mongo|ts-avatar-service|ts-voucher-mysql|ts-price-mongo|ts-travel2-mongo|ts-voucher-service|ts-order-mongo|ts-station-mongo|ts-train-mongo|ts-payment-mongo,ts-train-service|ts-seat-service|ts-security-service|ts-config-service|ts-consign-price-service|ts-consign-service|ts-price-service|ts-order-service|ts-assurance-service|ts-inside-payment-service|ts-basic-service|ts-auth-service|ts-route-service|ts-admin-basic-info-service|ts-station-service|ts-travel2-service|ts-travel-service|ts-food-service|ts-order-other-service|ts-ui-dashboard|ts-contacts-service|ts-food-map-service|ts-ticketinfo-service|ts-admin-travel-service,ts-admin-basic-info-service|ts-admin-travel-service|ts-assurance-service|ts-auth-service|ts-basic-service|ts-config-service|ts-consign-price-service|ts-consign-service|ts-contacts-service|ts-food-map-service|ts-food-service|ts-inside-payment-service|ts-order-other-service|ts-order-service|ts-price-service|ts-route-service|ts-seat-service|ts-security-service|ts-station-service|ts-ticketinfo-service|ts-train-service|ts-travel-service|ts-travel2-service|ts-ui-dashboard,,,0.05672812461853027,0.004736900329589844,68,24,True,True,True,True,True,True
TrainTicket,ts-train-service,disk,3,nsigma,tai nguyen,latency-50,duong,ts-train-service|ts-food-map-service|ts-inside-payment-service|ts-seat-service|ts-food-service|ts-security-mongo|ts-price-service|ts-basic-service|ts-payment-service|ts-ui-dashboard|ts-auth-service|ts-config-service|ts-travel-service|ts-notification-service|ts-order-service|ts-rebook-service|ts-ticketinfo-service|ts-preserve-other-service|ts-admin-route-service|ts-consign-price-service|ts-food-map-mongo|ts-order-other-service|ts-user-service|ts-ticket-office-service|ts-travel-mongo|ts-travel-plan-service|ts-admin-order-service|ts-security-service|ts-travel2-service|ts-admin-basic-info-service|ts-auth-mongo|ts-assurance-service|ts-news-service|ts-notification-mongo|ts-preserve-other-mongo|ts-assurance-mongo|ts-consign-service|ts-travel2-mongo|ts-admin-user-service|ts-user-mongo|ts-admin-travel-service|ts-station-service|ts-consign-mongo|ts-contacts-service|ts-train-mongo|ts-consign-price-mongo|ts-price-mongo|ts-preserve-service|ts-verification-code-service|ts-execute-service|ts-cancel-service|ts-station-mongo|ts-config-mongo|ts-order-other-mongo|ts-route-mongo|ts-route-service|ts-route-plan-service|ts-payment-mongo|ts-avatar-service|ts-food-mongo|ts-order-mongo|ts-preserve-mongo|ts-inside-payment-mongo|ts-ticket-office-mongo|ts-contacts-mongo|ts-voucher-mysql|ts-food-mysql|ts-voucher-service,ts-seat-service|ts-train-service|ts-config-service|ts-order-other-service|ts-price-service|ts-travel-service|ts-consign-service|ts-travel2-service|ts-food-service|ts-food-map-service|ts-order-service|ts-ui-dashboard|ts-consign-price-service|ts-basic-service|ts-route-service|ts-auth-service|ts-admin-basic-info-service|ts-station-service|ts-ticketinfo-service|ts-admin-travel-service,ts-admin-basic-info-service|ts-admin-travel-service|ts-auth-service|ts-basic-service|ts-config-service|ts-consign-price-service|ts-consign-service|ts-food-map-service|ts-food-service|ts-order-other-service|ts-order-service|ts-price-service|ts-route-service|ts-seat-service|ts-station-service|ts-ticketinfo-service|ts-train-service|ts-travel-service|ts-travel2-service|ts-ui-dashboard,,,0.04186296463012695,0.0032958984375,68,20,True,True,False,False,True,True
TrainTicket,ts-train-service,disk,3,baro,tai nguyen,latency-50,duong,ts-train-service|ts-order-service|ts-inside-payment-service|ts-food-map-service|ts-admin-basic-info-service|ts-payment-service|ts-ticket-office-service|ts-seat-service|ts-travel-plan-service|ts-price-mongo|ts-food-service|ts-security-mongo|ts-basic-service|ts-ticketinfo-service|ts-price-service|ts-preserve-other-service|ts-ui-dashboard|ts-contacts-mongo|ts-security-service|ts-notification-service|ts-cancel-service|ts-consign-service|ts-config-service|ts-contacts-service|ts-rebook-service|ts-consign-price-service|ts-travel-service|ts-user-service|ts-auth-service|ts-travel-mongo|ts-admin-route-service|ts-travel2-service|ts-news-service|ts-food-map-mongo|ts-preserve-other-mongo|ts-order-other-service|ts-admin-order-service|ts-notification-mongo|ts-assurance-service|ts-travel2-mongo|ts-auth-mongo|ts-assurance-mongo|ts-voucher-mysql|ts-preserve-service|ts-consign-price-mongo|ts-admin-travel-service|ts-station-service|ts-consign-mongo|ts-train-mongo|ts-order-other-mongo|ts-station-mongo|ts-user-mongo|ts-route-mongo|ts-food-mysql|ts-config-mongo|ts-payment-mongo|ts-route-service|ts-order-mongo|ts-avatar-service|ts-route-plan-service|ts-food-mongo|ts-execute-service|ts-inside-payment-mongo|ts-preserve-mongo|ts-verification-code-service|ts-admin-user-service|ts-voucher-service|ts-ticket-office-mongo,ts-seat-service|ts-train-service|ts-consign-service|ts-consign-price-service|ts-config-service|ts-price-service|ts-travel2-service|ts-food-map-service|ts-travel-service|ts-order-other-service|ts-food-service|ts-order-service|ts-auth-service|ts-ui-dashboard|ts-basic-service|ts-route-service|ts-admin-basic-info-service|ts-station-service|ts-ticketinfo-service|ts-admin-travel-service,ts-admin-basic-info-service|ts-admin-travel-service|ts-auth-service|ts-basic-service|ts-config-service|ts-consign-price-service|ts-consign-service|ts-food-map-service|ts-food-service|ts-order-other-service|ts-order-service|ts-price-service|ts-route-service|ts-seat-service|ts-station-service|ts-ticketinfo-service|ts-train-service|ts-travel-service|ts-travel2-service|ts-ui-dashboard,,,0.05297684669494629,0.004050254821777344,68,20,True,True,False,False,True,True
TrainTicket,ts-train-service,loss,1,nsigma,mang,latency-50,duong,ts-train-service|ts-travel2-service|ts-seat-service|ts-train-mongo|ts-ticket-office-service|ts-inside-payment-service|ts-order-service|ts-user-service|ts-preserve-other-mongo|ts-basic-service|ts-security-service|ts-config-service|ts-travel-service|ts-ui-dashboard|ts-ticketinfo-service|ts-food-service|ts-price-mongo|ts-admin-order-service|ts-preserve-other-service|ts-route-plan-service|ts-contacts-mongo|ts-consign-service|ts-consign-price-mongo|ts-auth-service|ts-assurance-service|ts-food-mongo|ts-user-mongo|ts-travel-plan-service|ts-auth-mongo|ts-food-map-mongo|ts-admin-basic-info-service|ts-price-service|ts-rebook-service|ts-admin-travel-service|ts-news-service|ts-consign-price-service|ts-contacts-service|ts-order-other-service|ts-station-service|ts-travel2-mongo|ts-assurance-mongo|ts-cancel-service|ts-admin-route-service|ts-consign-mongo|ts-travel-mongo|ts-route-service|ts-payment-mongo|ts-payment-service|ts-order-mongo|ts-security-mongo|ts-execute-service|ts-preserve-service|ts-food-map-service|ts-notification-service|ts-station-mongo|ts-preserve-mongo|ts-verification-code-service|ts-admin-user-service|ts-inside-payment-mongo|ts-order-other-mongo|ts-avatar-service|ts-ticket-office-mongo|ts-route-mongo|ts-notification-mongo|ts-voucher-mysql|ts-voucher-service|ts-food-mysql|ts-config-mongo,ts-travel2-service|ts-user-service|ts-travel-service|ts-ui-dashboard|ts-train-service|ts-assurance-service|ts-seat-service|ts-auth-service|ts-price-service|ts-admin-basic-info-service|ts-ticketinfo-service|ts-station-service|ts-basic-service|ts-food-service|ts-food-map-service|ts-route-service|ts-order-other-service|ts-order-service|ts-config-service|ts-inside-payment-service|ts-consign-service|ts-consign-price-service|ts-admin-travel-service,ts-admin-basic-info-service|ts-admin-travel-service|ts-assurance-service|ts-auth-service|ts-basic-service|ts-config-service|ts-consign-price-service|ts-consign-service|ts-food-map-service|ts-food-service|ts-inside-payment-service|ts-order-other-service|ts-order-service|ts-price-service|ts-route-service|ts-seat-service|ts-station-service|ts-ticketinfo-service|ts-train-service|ts-travel-service|ts-travel2-service|ts-ui-dashboard|ts-user-service,,,0.04336214065551758,0.0038878917694091797,68,23,True,True,False,True,True,True
TrainTicket,ts-train-service,loss,1,baro,mang,latency-50,duong,ts-train-service|ts-travel2-service|ts-seat-service|ts-ticket-office-service|ts-inside-payment-service|ts-train-mongo|ts-user-service|ts-order-service|ts-preserve-other-mongo|ts-security-service|ts-basic-service|ts-price-service|ts-travel-service|ts-admin-basic-info-service|ts-ui-dashboard|ts-config-service|ts-ticketinfo-service|ts-price-mongo|ts-consign-price-mongo|ts-preserve-other-service|ts-user-mongo|ts-food-service|ts-food-map-mongo|ts-auth-service|ts-contacts-mongo|ts-assurance-service|ts-order-other-service|ts-auth-mongo|ts-food-map-service|ts-security-mongo|ts-consign-service|ts-preserve-service|ts-station-service|ts-payment-service|ts-route-service|ts-order-other-mongo|ts-travel2-mongo|ts-voucher-mysql|ts-admin-travel-service|ts-consign-price-service|ts-food-mongo|ts-avatar-service|ts-contacts-service|ts-travel-mongo|ts-food-mysql|ts-news-service|ts-consign-mongo|ts-station-mongo|ts-cancel-service|ts-assurance-mongo|ts-payment-mongo|ts-order-mongo|ts-admin-order-service|ts-preserve-mongo|ts-route-plan-service|ts-rebook-service|ts-execute-service|ts-notification-service|ts-voucher-service|ts-ticket-office-mongo|ts-travel-plan-service|ts-route-mongo|ts-admin-user-service|ts-inside-payment-mongo|ts-verification-code-service|ts-admin-route-service|ts-notification-mongo|ts-config-mongo,ts-travel2-service|ts-user-service|ts-travel-service|ts-ui-dashboard|ts-train-service|ts-assurance-service|ts-auth-service|ts-price-service|ts-seat-service|ts-station-service|ts-ticketinfo-service|ts-food-service|ts-basic-service|ts-order-service|ts-food-map-service|ts-inside-payment-service|ts-consign-service|ts-order-other-service|ts-consign-price-service|ts-route-service|ts-config-service|ts-admin-travel-service|ts-admin-basic-info-service,ts-admin-basic-info-service|ts-admin-travel-service|ts-assurance-service|ts-auth-service|ts-basic-service|ts-config-service|ts-consign-price-service|ts-consign-service|ts-food-map-service|ts-food-service|ts-inside-payment-service|ts-order-other-service|ts-order-service|ts-price-service|ts-route-service|ts-seat-service|ts-station-service|ts-ticketinfo-service|ts-train-service|ts-travel-service|ts-travel2-service|ts-ui-dashboard|ts-user-service,,,0.055792808532714844,0.0045719146728515625,68,23,True,True,False,True,True,True
TrainTicket,ts-train-service,loss,2,nsigma,mang,latency-50,duong,ts-train-service|ts-admin-travel-service|ts-inside-payment-service|ts-seat-service|ts-travel2-service|ts-payment-service|ts-travel-service|ts-preserve-mongo|ts-consign-price-service|ts-order-service|ts-ui-dashboard|ts-basic-service|ts-admin-basic-info-service|ts-ticketinfo-service|ts-order-other-service|ts-consign-mongo|ts-train-mongo|ts-station-service|ts-security-service|ts-food-map-mongo|ts-preserve-other-mongo|ts-ticket-office-mongo|ts-food-map-service|ts-auth-mongo|ts-food-mongo|ts-preserve-service|ts-contacts-mongo|ts-price-service|ts-route-mongo|ts-station-mongo|ts-ticket-office-service|ts-security-mongo|ts-consign-service|ts-news-service|ts-user-service|ts-price-mongo|ts-rebook-service|ts-food-service|ts-travel2-mongo|ts-config-service|ts-preserve-other-service|ts-user-mongo|ts-route-service|ts-config-mongo|ts-assurance-mongo|ts-admin-route-service|ts-contacts-service|ts-notification-service|ts-assurance-service|ts-admin-user-service|ts-auth-service|ts-inside-payment-mongo|ts-order-other-mongo|ts-admin-order-service|ts-route-plan-service|ts-cancel-service|ts-execute-service|ts-travel-plan-service|ts-notification-mongo|ts-travel-mongo|ts-order-mongo|ts-verification-code-service|ts-payment-mongo|ts-consign-price-mongo|ts-food-mysql|ts-voucher-service|ts-avatar-service,ts-admin-travel-service|ts-seat-service|ts-consign-price-service|ts-order-other-service|ts-travel-service|ts-train-service|ts-ui-dashboard|ts-travel2-service|ts-consign-service|ts-food-service|ts-order-service|ts-basic-service|ts-route-service|ts-auth-service|ts-station-service|ts-food-map-service|ts-config-service|ts-ticketinfo-service|ts-price-service|ts-admin-basic-info-service,ts-admin-basic-info-service|ts-admin-travel-service|ts-auth-service|ts-basic-service|ts-config-service|ts-consign-price-service|ts-consign-service|ts-food-map-service|ts-food-service|ts-order-other-service|ts-order-service|ts-price-service|ts-route-service|ts-seat-service|ts-station-service|ts-ticketinfo-service|ts-train-service|ts-travel-service|ts-travel2-service|ts-ui-dashboard,,,0.05984187126159668,0.0033948421478271484,67,20,True,True,False,True,True,True
TrainTicket,ts-train-service,loss,2,baro,mang,latency-50,duong,ts-train-service|ts-order-service|ts-seat-service|ts-inside-payment-service|ts-travel2-service|ts-admin-basic-info-service|ts-food-map-service|ts-payment-service|ts-food-service|ts-ui-dashboard|ts-consign-price-service|ts-route-mongo|ts-travel-service|ts-price-mongo|ts-preserve-mongo|ts-food-mongo|ts-food-map-mongo|ts-basic-service|ts-assurance-service|ts-station-service|ts-ticketinfo-service|ts-order-other-service|ts-rebook-service|ts-security-mongo|ts-contacts-mongo|ts-security-service|ts-preserve-service|ts-ticket-office-mongo|ts-preserve-other-mongo|ts-consign-mongo|ts-admin-travel-service|ts-user-service|ts-consign-service|ts-auth-mongo|ts-price-service|ts-train-mongo|ts-auth-service|ts-contacts-service|ts-config-mongo|ts-user-mongo|ts-ticket-office-service|ts-station-mongo|ts-travel2-mongo|ts-avatar-service|ts-route-service|ts-news-service|ts-order-other-mongo|ts-config-service|ts-assurance-mongo|ts-route-plan-service|ts-inside-payment-mongo|ts-execute-service|ts-preserve-other-service|ts-cancel-service|ts-travel-plan-service|ts-admin-user-service|ts-order-mongo|ts-food-mysql|ts-admin-route-service|ts-admin-order-service|ts-notification-mongo|ts-consign-price-mongo|ts-travel-mongo|ts-notification-service|ts-voucher-service|ts-payment-mongo|ts-verification-code-service,ts-seat-service|ts-consign-price-service|ts-order-other-service|ts-travel-service|ts-consign-service|ts-ui-dashboard|ts-train-service|ts-auth-service|ts-travel2-service|ts-order-service|ts-route-service|ts-food-service|ts-station-service|ts-basic-service|ts-food-map-service|ts-config-service|ts-ticketinfo-service|ts-price-service|ts-admin-travel-service|ts-admin-basic-info-service,ts-admin-basic-info-service|ts-admin-travel-service|ts-auth-service|ts-basic-service|ts-config-service|ts-consign-price-service|ts-consign-service|ts-food-map-service|ts-food-service|ts-order-other-service|ts-order-service|ts-price-service|ts-route-service|ts-seat-service|ts-station-service|ts-ticketinfo-service|ts-train-service|ts-travel-service|ts-travel2-service|ts-ui-dashboard,,,0.05215907096862793,0.0040438175201416016,67,20,True,True,False,False,True,False
TrainTicket,ts-train-service,loss,3,nsigma,mang,latency-50,duong,ts-train-service|ts-auth-service|ts-admin-travel-service|ts-admin-user-service|ts-travel2-service|ts-execute-service|ts-seat-service|ts-admin-order-service|ts-notification-service|ts-station-service|ts-preserve-other-mongo|ts-route-plan-service|ts-inside-payment-service|ts-basic-service|ts-contacts-service|ts-ticketinfo-service|ts-ticket-office-mongo|ts-ui-dashboard|ts-food-service|ts-consign-price-service|ts-consign-price-mongo|ts-food-map-service|ts-user-service|ts-verification-code-service|ts-consign-mongo|ts-travel2-mongo|ts-contacts-mongo|ts-route-mongo|ts-assurance-mongo|ts-travel-plan-service|ts-admin-basic-info-service|ts-travel-service|ts-assurance-service|ts-config-service|ts-order-service|ts-preserve-other-service|ts-security-mongo|ts-ticket-office-service|ts-news-service|ts-food-map-mongo|ts-consign-service|ts-auth-mongo|ts-cancel-service|ts-price-service|ts-preserve-mongo|ts-travel-mongo|ts-station-mongo|ts-notification-mongo|ts-order-mongo|ts-user-mongo|ts-admin-route-service|ts-rebook-service|ts-inside-payment-mongo|ts-security-service|ts-route-service|ts-payment-service|ts-order-other-service|ts-food-mongo|ts-payment-mongo|ts-train-mongo|ts-preserve-service|ts-config-mongo|ts-avatar-service|ts-order-other-mongo|ts-price-mongo|ts-voucher-mysql|ts-voucher-service|ts-food-mysql,ts-admin-travel-service|ts-seat-service|ts-ui-dashboard|ts-user-service|ts-travel-service|ts-order-service|ts-train-service|ts-travel2-service|ts-inside-payment-service|ts-auth-service|ts-contacts-service|ts-food-service|ts-order-other-service|ts-basic-service|ts-ticketinfo-service|ts-food-map-service|ts-price-service|ts-config-service|ts-station-service|ts-admin-basic-info-service|ts-consign-price-service|ts-assurance-service|ts-security-service|ts-route-service|ts-consign-service,ts-admin-basic-info-service|ts-admin-travel-service|ts-assurance-service|ts-auth-service|ts-basic-service|ts-config-service|ts-consign-price-service|ts-consign-service|ts-contacts-service|ts-food-map-service|ts-food-service|ts-inside-payment-service|ts-order-other-service|ts-order-service|ts-price-service|ts-route-service|ts-seat-service|ts-security-service|ts-station-service|ts-ticketinfo-service|ts-train-service|ts-travel-service|ts-travel2-service|ts-ui-dashboard|ts-user-service,,,0.042407989501953125,0.003921031951904297,68,25,True,True,False,True,True,True
TrainTicket,ts-train-service,loss,3,baro,mang,latency-50,duong,ts-admin-user-service|ts-execute-service|ts-cancel-service|ts-rebook-service|ts-train-service|ts-auth-service|ts-station-service|ts-contacts-service|ts-travel2-service|ts-seat-service|ts-route-plan-service|ts-notification-service|ts-admin-order-service|ts-verification-code-service|ts-config-service|ts-food-service|ts-admin-route-service|ts-basic-service|ts-ticketinfo-service|ts-travel-plan-service|ts-inside-payment-service|ts-user-service|ts-preserve-other-mongo|ts-ui-dashboard|ts-travel-service|ts-consign-price-mongo|ts-consign-price-service|ts-order-service|ts-assurance-service|ts-consign-mongo|ts-route-mongo|ts-food-map-service|ts-admin-travel-service|ts-security-mongo|ts-food-map-mongo|ts-ticket-office-mongo|ts-travel2-mongo|ts-contacts-mongo|ts-ticket-office-service|ts-preserve-mongo|ts-price-service|ts-admin-basic-info-service|ts-assurance-mongo|ts-security-service|ts-news-service|ts-auth-mongo|ts-preserve-other-service|ts-travel-mongo|ts-payment-service|ts-payment-mongo|ts-consign-service|ts-notification-mongo|ts-food-mysql|ts-user-mongo|ts-food-mongo|ts-preserve-service|ts-station-mongo|ts-config-mongo|ts-order-mongo|ts-price-mongo|ts-order-other-service|ts-inside-payment-mongo|ts-route-service|ts-order-other-mongo|ts-avatar-service|ts-voucher-mysql|ts-train-mongo|ts-voucher-service,ts-seat-service|ts-user-service|ts-ui-dashboard|ts-train-service|ts-travel-service|ts-order-service|ts-travel2-service|ts-inside-payment-service|ts-consign-price-service|ts-contacts-service|ts-food-service|ts-auth-service|ts-consign-service|ts-security-service|ts-basic-service|ts-order-other-service|ts-station-service|ts-price-service|ts-ticketinfo-service|ts-food-map-service|ts-config-service|ts-admin-travel-service|ts-route-service|ts-admin-basic-info-service|ts-assurance-service,ts-admin-basic-info-service|ts-admin-travel-service|ts-assurance-service|ts-auth-service|ts-basic-service|ts-config-service|ts-consign-price-service|ts-consign-service|ts-contacts-service|ts-food-map-service|ts-food-service|ts-inside-payment-service|ts-order-other-service|ts-order-service|ts-price-service|ts-route-service|ts-seat-service|ts-security-service|ts-station-service|ts-ticketinfo-service|ts-train-service|ts-travel-service|ts-travel2-service|ts-ui-dashboard|ts-user-service,,,0.05388975143432617,0.0049381256103515625,68,25,False,True,False,False,False,True
TrainTicket,ts-train-service,mem,1,nsigma,tai nguyen,latency-50,duong,ts-train-service|ts-route-service|ts-ticketinfo-service|ts-admin-route-service|ts-payment-service|ts-basic-service|ts-admin-basic-info-service|ts-inside-payment-service|ts-consign-service|ts-contacts-service|ts-seat-service|ts-rebook-service|ts-verification-code-service|ts-admin-user-service|ts-train-mongo|ts-execute-service|ts-travel-plan-service|ts-route-plan-service|ts-config-mongo|ts-user-mongo|ts-admin-travel-service|ts-travel2-service|ts-travel-service|ts-route-mongo|ts-order-mongo|ts-food-service|ts-order-service|ts-price-service|ts-config-service|ts-food-map-service|ts-admin-order-service|ts-order-other-mongo|ts-station-service|ts-preserve-mongo|ts-consign-price-service|ts-ticket-office-mongo|ts-security-service|ts-travel-mongo|ts-preserve-other-service|ts-preserve-other-mongo|ts-news-service|ts-ticket-office-service|ts-station-mongo|ts-notification-service|ts-auth-mongo|ts-order-other-service|ts-contacts-mongo|ts-voucher-service|ts-payment-mongo|ts-preserve-service|ts-cancel-service|ts-user-service|ts-food-map-mongo|ts-travel2-mongo|ts-consign-mongo|ts-price-mongo|ts-auth-service|ts-assurance-service|ts-security-mongo|ts-notification-mongo|ts-inside-payment-mongo|ts-ui-dashboard|ts-consign-price-mongo|ts-voucher-mysql|ts-food-mongo|ts-assurance-mongo|ts-food-mysql|ts-avatar-service,ts-train-service|ts-admin-travel-service|ts-consign-service|ts-travel2-service|ts-inside-payment-service|ts-auth-service|ts-admin-basic-info-service|ts-ui-dashboard|ts-seat-service|ts-travel-service|ts-consign-price-service|ts-order-other-service|ts-basic-service|ts-ticketinfo-service|ts-station-service|ts-route-service|ts-order-service|ts-price-service|ts-food-map-service|ts-config-service|ts-food-service,ts-admin-basic-info-service|ts-admin-travel-service|ts-auth-service|ts-basic-service|ts-config-service|ts-consign-price-service|ts-consign-service|ts-food-map-service|ts-food-service|ts-inside-payment-service|ts-order-other-service|ts-order-service|ts-price-service|ts-route-service|ts-seat-service|ts-station-service|ts-ticketinfo-service|ts-train-service|ts-travel-service|ts-travel2-service|ts-ui-dashboard,,,0.042359113693237305,0.0034608840942382812,68,21,True,True,True,True,True,True
TrainTicket,ts-train-service,mem,1,baro,tai nguyen,latency-50,duong,ts-train-service|ts-consign-price-service|ts-admin-basic-info-service|ts-route-service|ts-payment-service|ts-admin-route-service|ts-seat-service|ts-ticketinfo-service|ts-basic-service|ts-contacts-service|ts-inside-payment-service|ts-rebook-service|ts-consign-service|ts-config-service|ts-admin-travel-service|ts-execute-service|ts-verification-code-service|ts-cancel-service|ts-train-mongo|ts-admin-user-service|ts-travel2-service|ts-travel-plan-service|ts-user-mongo|ts-route-plan-service|ts-food-map-service|ts-order-mongo|ts-config-mongo|ts-travel-service|ts-station-service|ts-ticket-office-service|ts-notification-service|ts-voucher-mysql|ts-order-other-mongo|ts-route-mongo|ts-order-service|ts-admin-order-service|ts-price-service|ts-ticket-office-mongo|ts-voucher-service|ts-ui-dashboard|ts-preserve-other-service|ts-user-service|ts-consign-mongo|ts-food-service|ts-travel-mongo|ts-order-other-service|ts-auth-service|ts-security-service|ts-preserve-service|ts-station-mongo|ts-preserve-other-mongo|ts-payment-mongo|ts-news-service|ts-preserve-mongo|ts-auth-mongo|ts-consign-price-mongo|ts-food-mongo|ts-price-mongo|ts-assurance-service|ts-travel2-mongo|ts-security-mongo|ts-notification-mongo|ts-food-map-mongo|ts-contacts-mongo|ts-food-mysql|ts-inside-payment-mongo|ts-assurance-mongo|ts-avatar-service,ts-train-service|ts-admin-travel-service|ts-travel2-service|ts-admin-basic-info-service|ts-consign-service|ts-ui-dashboard|ts-inside-payment-service|ts-travel-service|ts-seat-service|ts-auth-service|ts-order-other-service|ts-basic-service|ts-station-service|ts-food-map-service|ts-route-service|ts-ticketinfo-service|ts-order-service|ts-config-service|ts-consign-price-service|ts-food-service|ts-price-service,ts-admin-basic-info-service|ts-admin-travel-service|ts-auth-service|ts-basic-service|ts-config-service|ts-consign-price-service|ts-consign-service|ts-food-map-service|ts-food-service|ts-inside-payment-service|ts-order-other-service|ts-order-service|ts-price-service|ts-route-service|ts-seat-service|ts-station-service|ts-ticketinfo-service|ts-train-service|ts-travel-service|ts-travel2-service|ts-ui-dashboard,,,0.053234100341796875,0.0041828155517578125,68,21,True,True,True,True,True,True
TrainTicket,ts-train-service,mem,2,nsigma,tai nguyen,workload,node,ts-train-service|ts-food-map-service|ts-auth-service|ts-basic-service|ts-security-service|ts-travel-plan-service|ts-consign-price-service|ts-admin-order-service|ts-price-service|ts-config-service|ts-user-service|ts-notification-service|ts-admin-user-service|ts-admin-route-service|ts-order-service|ts-admin-travel-service|ts-preserve-other-service|ts-travel-service|ts-rebook-service|ts-food-service|ts-news-service|ts-station-mongo|ts-route-plan-service|ts-admin-basic-info-service|ts-food-mongo|ts-route-service|ts-execute-service|ts-ticket-office-mongo|ts-travel2-service|ts-security-mongo|ts-seat-service|ts-consign-price-mongo|ts-travel2-mongo|ts-notification-mongo|ts-inside-payment-service|ts-preserve-other-mongo|ts-consign-mongo|ts-config-mongo|ts-verification-code-service|ts-food-map-mongo|ts-train-mongo|ts-user-mongo|ts-consign-service|ts-station-service|ts-preserve-mongo|ts-order-other-service|ts-preserve-service|ts-cancel-service|ts-assurance-service|ts-ticketinfo-service|ts-payment-service|ts-route-mongo|ts-price-mongo|ts-ui-dashboard|ts-inside-payment-mongo|ts-travel-mongo|ts-order-other-mongo|ts-payment-mongo|ts-auth-mongo|ts-contacts-mongo|ts-order-mongo|ts-contacts-service|ts-avatar-service|ts-assurance-mongo|ts-voucher-service|ts-voucher-mysql|ts-food-mysql|ts-ticket-office-service,ts-inside-payment-service|ts-assurance-service|ts-payment-service|ts-order-other-service|ts-auth-service|ts-consign-service|ts-ui-dashboard|ts-config-service|ts-travel2-service|ts-admin-travel-service|ts-consign-price-service|ts-food-service|ts-train-service|ts-route-service|ts-basic-service|ts-order-service|ts-seat-service|ts-admin-basic-info-service|ts-price-service|ts-station-service|ts-ticketinfo-service|ts-travel-service|ts-food-map-service,ts-admin-basic-info-service|ts-admin-travel-service|ts-assurance-service|ts-auth-service|ts-basic-service|ts-config-service|ts-consign-price-service|ts-consign-service|ts-food-map-service|ts-food-service|ts-inside-payment-service|ts-order-other-service|ts-order-service|ts-payment-service|ts-price-service|ts-route-service|ts-seat-service|ts-station-service|ts-ticketinfo-service|ts-train-service|ts-travel-service|ts-travel2-service|ts-ui-dashboard,,,0.04003190994262695,0.003659963607788086,68,23,True,True,False,False,True,False
TrainTicket,ts-train-service,mem,2,baro,tai nguyen,workload,node,ts-news-service|ts-train-service|ts-food-map-service|ts-order-service|ts-basic-service|ts-config-service|ts-admin-order-service|ts-security-service|ts-price-service|ts-travel-plan-service|ts-admin-route-service|ts-consign-price-service|ts-admin-user-service|ts-admin-travel-service|ts-travel-service|ts-user-service|ts-auth-service|ts-notification-service|ts-food-service|ts-preserve-other-service|ts-rebook-service|ts-food-mongo|ts-station-mongo|ts-route-plan-service|ts-admin-basic-info-service|ts-travel2-service|ts-execute-service|ts-travel2-mongo|ts-consign-service|ts-route-service|ts-order-other-service|ts-inside-payment-service|ts-consign-mongo|ts-preserve-service|ts-verification-code-service|ts-ticket-office-mongo|ts-security-mongo|ts-train-mongo|ts-assurance-service|ts-ui-dashboard|ts-notification-mongo|ts-assurance-mongo|ts-user-mongo|ts-route-mongo|ts-order-mongo|ts-seat-service|ts-price-mongo|ts-preserve-other-mongo|ts-payment-service|ts-preserve-mongo|ts-station-service|ts-consign-price-mongo|ts-voucher-mysql|ts-contacts-service|ts-payment-mongo|ts-config-mongo|ts-travel-mongo|ts-auth-mongo|ts-food-map-mongo|ts-order-other-mongo|ts-inside-payment-mongo|ts-ticketinfo-service|ts-avatar-service|ts-voucher-service|ts-contacts-mongo|ts-ticket-office-service|ts-food-mysql|ts-cancel-service,ts-inside-payment-service|ts-admin-travel-service|ts-consign-service|ts-food-service|ts-auth-service|ts-assurance-service|ts-ui-dashboard|ts-admin-basic-info-service|ts-seat-service|ts-order-other-service|ts-train-service|ts-payment-service|ts-travel2-service|ts-config-service|ts-route-service|ts-basic-service|ts-order-service|ts-ticketinfo-service|ts-consign-price-service|ts-price-service|ts-food-map-service|ts-travel-service|ts-station-service,ts-admin-basic-info-service|ts-admin-travel-service|ts-assurance-service|ts-auth-service|ts-basic-service|ts-config-service|ts-consign-price-service|ts-consign-service|ts-food-map-service|ts-food-service|ts-inside-payment-service|ts-order-other-service|ts-order-service|ts-payment-service|ts-price-service|ts-route-service|ts-seat-service|ts-station-service|ts-ticketinfo-service|ts-train-service|ts-travel-service|ts-travel2-service|ts-ui-dashboard,,,0.05168581008911133,0.005042076110839844,68,23,False,True,False,False,True,False
TrainTicket,ts-train-service,mem,3,nsigma,tai nguyen,cpu,node,ts-train-service|ts-admin-basic-info-service|ts-admin-travel-service|ts-consign-price-service|ts-travel-plan-service|ts-travel-service|ts-price-service|ts-admin-user-service|ts-basic-service|ts-food-service|ts-notification-service|ts-admin-route-service|ts-order-service|ts-security-service|ts-user-service|ts-rebook-service|ts-preserve-other-service|ts-auth-service|ts-admin-order-service|ts-travel2-service|ts-execute-service|ts-cancel-service|ts-ticketinfo-service|ts-station-service|ts-order-other-service|ts-seat-service|ts-route-plan-service|ts-verification-code-service|ts-assurance-service|ts-food-map-service|ts-inside-payment-service|ts-ui-dashboard|ts-consign-service|ts-user-mongo|ts-route-service|ts-contacts-mongo|ts-food-mongo|ts-preserve-mongo|ts-notification-mongo|ts-consign-mongo|ts-security-mongo|ts-food-map-mongo|ts-travel-mongo|ts-news-service|ts-config-service|ts-order-other-mongo|ts-contacts-service|ts-config-mongo|ts-assurance-mongo|ts-station-mongo|ts-route-mongo|ts-preserve-service|ts-payment-service|ts-auth-mongo|ts-ticket-office-mongo|ts-preserve-other-mongo|ts-price-mongo|ts-consign-price-mongo|ts-travel2-mongo|ts-train-mongo|ts-inside-payment-mongo|ts-order-mongo|ts-payment-mongo|ts-avatar-service|ts-voucher-service|ts-ticket-office-service|ts-voucher-mysql|ts-food-mysql,ts-train-service|ts-execute-service|ts-travel-plan-service|ts-admin-user-service|ts-notification-service|ts-admin-route-service|ts-cancel-service|ts-price-service|ts-admin-order-service|ts-route-plan-service|ts-rebook-service|ts-inside-payment-service|ts-consign-service|ts-consign-price-service|ts-user-service|ts-station-mongo|ts-order-other-service|ts-auth-service|ts-security-service|ts-food-service|ts-contacts-service|ts-ticketinfo-service|ts-preserve-other-service|ts-admin-basic-info-service|ts-order-other-mongo|ts-travel2-service|ts-station-service|ts-avatar-service|ts-news-service|ts-ui-dashboard|ts-payment-mongo|ts-order-mongo|ts-security-mongo|ts-preserve-other-mongo|ts-basic-service|ts-user-mongo|ts-consign-price-mongo|ts-food-map-mongo|ts-food-mongo|ts-notification-mongo|ts-voucher-service|ts-inside-payment-mongo|ts-preserve-mongo|ts-contacts-mongo|ts-assurance-mongo|ts-train-mongo|ts-route-service|ts-config-mongo|ts-travel2-mongo|ts-auth-mongo|ts-ticket-office-mongo|ts-travel-mongo|ts-voucher-mysql|ts-travel-service|ts-food-mysql|ts-route-mongo|ts-seat-service|ts-order-service|ts-ticket-office-service|ts-verification-code-service|ts-payment-service,ts-admin-basic-info-service|ts-admin-order-service|ts-admin-route-service|ts-admin-user-service|ts-assurance-mongo|ts-auth-mongo|ts-auth-service|ts-avatar-service|ts-basic-service|ts-cancel-service|ts-config-mongo|ts-consign-price-mongo|ts-consign-price-service|ts-consign-service|ts-contacts-mongo|ts-contacts-service|ts-execute-service|ts-food-map-mongo|ts-food-mongo|ts-food-mysql|ts-food-service|ts-inside-payment-mongo|ts-inside-payment-service|ts-news-service|ts-notification-mongo|ts-notification-service|ts-order-mongo|ts-order-other-mongo|ts-order-other-service|ts-order-service|ts-payment-mongo|ts-payment-service|ts-preserve-mongo|ts-preserve-other-mongo|ts-preserve-other-service|ts-price-service|ts-rebook-service|ts-route-mongo|ts-route-plan-service|ts-route-service|ts-seat-service|ts-security-mongo|ts-security-service|ts-station-mongo|ts-station-service|ts-ticket-office-mongo|ts-ticket-office-service|ts-ticketinfo-service|ts-train-mongo|ts-train-service|ts-travel-mongo|ts-travel-plan-service|ts-travel-service|ts-travel2-mongo|ts-travel2-service|ts-ui-dashboard|ts-user-mongo|ts-user-service|ts-verification-code-service|ts-voucher-mysql|ts-voucher-service,,,0.05958390235900879,0.009229183197021484,68,61,True,True,True,True,True,True
TrainTicket,ts-train-service,mem,3,baro,tai nguyen,cpu,node,ts-train-service|ts-execute-service|ts-consign-price-service|ts-food-map-service|ts-order-other-service|ts-admin-user-service|ts-travel-plan-service|ts-notification-service|ts-price-service|ts-cancel-service|ts-admin-order-service|ts-admin-route-service|ts-user-service|ts-travel-service|ts-basic-service|ts-travel2-service|ts-auth-service|ts-preserve-other-service|ts-order-service|ts-food-service|ts-route-plan-service|ts-admin-basic-info-service|ts-rebook-service|ts-security-service|ts-ticketinfo-service|ts-consign-service|ts-station-service|ts-seat-service|ts-assurance-service|ts-inside-payment-service|ts-verification-code-service|ts-ui-dashboard|ts-user-mongo|ts-notification-mongo|ts-preserve-mongo|ts-security-mongo|ts-food-mongo|ts-contacts-mongo|ts-order-other-mongo|ts-consign-mongo|ts-config-mongo|ts-food-map-mongo|ts-route-mongo|ts-travel-mongo|ts-contacts-service|ts-station-mongo|ts-auth-mongo|ts-assurance-mongo|ts-route-service|ts-config-service|ts-price-mongo|ts-admin-travel-service|ts-payment-service|ts-preserve-service|ts-news-service|ts-consign-price-mongo|ts-preserve-other-mongo|ts-ticket-office-mongo|ts-travel2-mongo|ts-train-mongo|ts-avatar-service|ts-voucher-service|ts-ticket-office-service|ts-payment-mongo|ts-order-mongo|ts-inside-payment-mongo|ts-voucher-mysql|ts-food-mysql,ts-execute-service|ts-admin-user-service|ts-train-service|ts-travel-plan-service|ts-notification-service|ts-cancel-service|ts-admin-order-service|ts-admin-route-service|ts-price-service|ts-route-plan-service|ts-rebook-service|ts-consign-price-service|ts-inside-payment-service|ts-consign-service|ts-security-service|ts-verification-code-service|ts-auth-service|ts-preserve-other-service|ts-contacts-service|ts-order-other-service|ts-station-mongo|ts-food-service|ts-user-service|ts-admin-basic-info-service|ts-order-other-mongo|ts-travel2-service|ts-ticketinfo-service|ts-avatar-service|ts-voucher-service|ts-station-service|ts-ticket-office-service|ts-user-mongo|ts-ui-dashboard|ts-food-mongo|ts-preserve-other-mongo|ts-consign-price-mongo|ts-payment-mongo|ts-preserve-mongo|ts-auth-mongo|ts-seat-service|ts-security-mongo|ts-travel2-mongo|ts-order-mongo|ts-ticket-office-mongo|ts-news-service|ts-contacts-mongo|ts-assurance-mongo|ts-notification-mongo|ts-food-map-mongo|ts-voucher-mysql|ts-travel-service|ts-basic-service|ts-inside-payment-mongo|ts-config-mongo|ts-route-service|ts-food-mysql|ts-order-service|ts-payment-service|ts-train-mongo|ts-travel-mongo|ts-route-mongo,ts-admin-basic-info-service|ts-admin-order-service|ts-admin-route-service|ts-admin-user-service|ts-assurance-mongo|ts-auth-mongo|ts-auth-service|ts-avatar-service|ts-basic-service|ts-cancel-service|ts-config-mongo|ts-consign-price-mongo|ts-consign-price-service|ts-consign-service|ts-contacts-mongo|ts-contacts-service|ts-execute-service|ts-food-map-mongo|ts-food-mongo|ts-food-mysql|ts-food-service|ts-inside-payment-mongo|ts-inside-payment-service|ts-news-service|ts-notification-mongo|ts-notification-service|ts-order-mongo|ts-order-other-mongo|ts-order-other-service|ts-order-service|ts-payment-mongo|ts-payment-service|ts-preserve-mongo|ts-preserve-other-mongo|ts-preserve-other-service|ts-price-service|ts-rebook-service|ts-route-mongo|ts-route-plan-service|ts-route-service|ts-seat-service|ts-security-mongo|ts-security-service|ts-station-mongo|ts-station-service|ts-ticket-office-mongo|ts-ticket-office-service|ts-ticketinfo-service|ts-train-mongo|ts-train-service|ts-travel-mongo|ts-travel-plan-service|ts-travel-service|ts-travel2-mongo|ts-travel2-service|ts-ui-dashboard|ts-user-mongo|ts-user-service|ts-verification-code-service|ts-voucher-mysql|ts-voucher-service,,,0.05403637886047363,0.0112152099609375,68,61,True,True,False,False,True,True
TrainTicket,ts-train-service,socket,1,nsigma,tai nguyen,cpu,node,ts-train-service|ts-travel2-service|ts-admin-user-service|ts-admin-travel-service|ts-seat-service|ts-basic-service|ts-travel-service|ts-food-service|ts-payment-service|ts-consign-service|ts-admin-basic-info-service|ts-food-map-service|ts-travel-mongo|ts-ui-dashboard|ts-consign-price-service|ts-config-service|ts-travel2-mongo|ts-preserve-mongo|ts-preserve-other-mongo|ts-food-map-mongo|ts-user-service|ts-contacts-mongo|ts-user-mongo|ts-route-plan-service|ts-news-service|ts-route-service|ts-food-mongo|ts-assurance-mongo|ts-cancel-service|ts-verification-code-service|ts-admin-route-service|ts-notification-mongo|ts-assurance-service|ts-price-mongo|ts-order-other-mongo|ts-ticketinfo-service|ts-preserve-other-service|ts-order-other-service|ts-ticket-office-service|ts-inside-payment-service|ts-station-service|ts-security-service|ts-consign-mongo|ts-price-service|ts-auth-service|ts-route-mongo|ts-contacts-service|ts-train-mongo|ts-travel-plan-service|ts-admin-order-service|ts-auth-mongo|ts-order-service|ts-order-mongo|ts-notification-service|ts-rebook-service|ts-config-mongo|ts-ticket-office-mongo|ts-station-mongo|ts-execute-service|ts-avatar-service|ts-preserve-service|ts-payment-mongo|ts-security-mongo|ts-inside-payment-mongo|ts-consign-price-mongo|ts-voucher-service|ts-food-mysql,ts-train-service|ts-payment-service|ts-admin-basic-info-service|ts-food-map-service|ts-food-service|ts-route-plan-service|ts-ticket-office-service|ts-consign-price-service|ts-price-service|ts-preserve-other-service|ts-security-service|ts-config-service|ts-consign-service|ts-station-mongo|ts-order-other-service|ts-station-service|ts-travel-service|ts-news-service|ts-travel2-service|ts-inside-payment-service|ts-rebook-service|ts-contacts-service|ts-assurance-mongo|ts-user-service|ts-avatar-service|ts-inside-payment-mongo|ts-contacts-mongo|ts-admin-route-service|ts-food-map-mongo|ts-execute-service|ts-food-mongo|ts-travel-mongo|ts-admin-order-service|ts-consign-mongo|ts-ticket-office-mongo|ts-seat-service|ts-payment-mongo|ts-route-service|ts-user-mongo|ts-preserve-other-mongo|ts-route-mongo|ts-order-service|ts-ticketinfo-service|ts-preserve-mongo|ts-basic-service|ts-auth-service|ts-voucher-service|ts-consign-price-mongo|ts-notification-mongo|ts-order-mongo|ts-config-mongo|ts-verification-code-service|ts-cancel-service|ts-auth-mongo|ts-price-mongo|ts-travel-plan-service|ts-preserve-service|ts-food-mysql|ts-admin-travel-service,ts-admin-basic-info-service|ts-admin-order-service|ts-admin-route-service|ts-admin-travel-service|ts-assurance-mongo|ts-auth-mongo|ts-auth-service|ts-avatar-service|ts-basic-service|ts-cancel-service|ts-config-mongo|ts-config-service|ts-consign-mongo|ts-consign-price-mongo|ts-consign-price-service|ts-consign-service|ts-contacts-mongo|ts-contacts-service|ts-execute-service|ts-food-map-mongo|ts-food-map-service|ts-food-mongo|ts-food-mysql|ts-food-service|ts-inside-payment-mongo|ts-inside-payment-service|ts-news-service|ts-notification-mongo|ts-order-mongo|ts-order-other-service|ts-order-service|ts-payment-mongo|ts-payment-service|ts-preserve-mongo|ts-preserve-other-mongo|ts-preserve-other-service|ts-preserve-service|ts-price-mongo|ts-price-service|ts-rebook-service|ts-route-mongo|ts-route-plan-service|ts-route-service|ts-seat-service|ts-security-service|ts-station-mongo|ts-station-service|ts-ticket-office-mongo|ts-ticket-office-service|ts-ticketinfo-service|ts-train-service|ts-travel-mongo|ts-travel-plan-service|ts-travel-service|ts-travel2-service|ts-user-mongo|ts-user-service|ts-verification-code-service|ts-voucher-service,,,0.04152107238769531,0.008534908294677734,67,59,True,True,True,True,True,True
TrainTicket,ts-train-service,socket,1,baro,tai nguyen,cpu,node,ts-admin-user-service|ts-route-plan-service|ts-admin-route-service|ts-execute-service|ts-travel-plan-service|ts-train-service|ts-travel2-service|ts-payment-service|ts-food-service|ts-seat-service|ts-ticketinfo-service|ts-basic-service|ts-assurance-service|ts-admin-travel-service|ts-travel-service|ts-admin-basic-info-service|ts-food-map-service|ts-train-mongo|ts-order-service|ts-ui-dashboard|ts-travel-mongo|ts-travel2-mongo|ts-user-mongo|ts-consign-price-service|ts-preserve-mongo|ts-user-service|ts-preserve-other-mongo|ts-config-service|ts-price-mongo|ts-food-map-mongo|ts-news-service|ts-order-other-service|ts-config-mongo|ts-security-service|ts-order-other-mongo|ts-contacts-mongo|ts-auth-service|ts-rebook-service|ts-ticket-office-service|ts-route-service|ts-assurance-mongo|ts-food-mongo|ts-notification-mongo|ts-price-service|ts-consign-service|ts-preserve-other-service|ts-station-service|ts-inside-payment-service|ts-contacts-service|ts-route-mongo|ts-auth-mongo|ts-inside-payment-mongo|ts-ticket-office-mongo|ts-station-mongo|ts-avatar-service|ts-verification-code-service|ts-admin-order-service|ts-order-mongo|ts-consign-mongo|ts-cancel-service|ts-preserve-service|ts-consign-price-mongo|ts-security-mongo|ts-notification-service|ts-payment-mongo|ts-voucher-service|ts-food-mysql,ts-train-service|ts-admin-basic-info-service|ts-payment-service|ts-food-map-service|ts-food-service|ts-route-plan-service|ts-security-service|ts-rebook-service|ts-ticket-office-service|ts-consign-price-service|ts-price-service|ts-config-service|ts-admin-route-service|ts-user-service|ts-food-map-mongo|ts-inside-payment-service|ts-execute-service|ts-inside-payment-mongo|ts-consign-service|ts-preserve-other-service|ts-admin-travel-service|ts-verification-code-service|ts-travel-service|ts-order-other-service|ts-admin-order-service|ts-news-service|ts-avatar-service|ts-assurance-mongo|ts-contacts-service|ts-station-mongo|ts-contacts-mongo|ts-station-service|ts-travel2-service|ts-ticket-office-mongo|ts-food-mongo|ts-cancel-service|ts-consign-mongo|ts-route-service|ts-consign-price-mongo|ts-user-mongo|ts-auth-mongo|ts-payment-mongo|ts-preserve-other-mongo|ts-travel-mongo|ts-voucher-service|ts-ticketinfo-service|ts-config-mongo|ts-travel-plan-service|ts-preserve-mongo|ts-route-mongo|ts-notification-mongo|ts-seat-service|ts-order-service|ts-order-mongo|ts-basic-service|ts-auth-service|ts-food-mysql|ts-preserve-service|ts-price-mongo,ts-admin-basic-info-service|ts-admin-order-service|ts-admin-route-service|ts-admin-travel-service|ts-assurance-mongo|ts-auth-mongo|ts-auth-service|ts-avatar-service|ts-basic-service|ts-cancel-service|ts-config-mongo|ts-config-service|ts-consign-mongo|ts-consign-price-mongo|ts-consign-price-service|ts-consign-service|ts-contacts-mongo|ts-contacts-service|ts-execute-service|ts-food-map-mongo|ts-food-map-service|ts-food-mongo|ts-food-mysql|ts-food-service|ts-inside-payment-mongo|ts-inside-payment-service|ts-news-service|ts-notification-mongo|ts-order-mongo|ts-order-other-service|ts-order-service|ts-payment-mongo|ts-payment-service|ts-preserve-mongo|ts-preserve-other-mongo|ts-preserve-other-service|ts-preserve-service|ts-price-mongo|ts-price-service|ts-rebook-service|ts-route-mongo|ts-route-plan-service|ts-route-service|ts-seat-service|ts-security-service|ts-station-mongo|ts-station-service|ts-ticket-office-mongo|ts-ticket-office-service|ts-ticketinfo-service|ts-train-service|ts-travel-mongo|ts-travel-plan-service|ts-travel-service|ts-travel2-service|ts-user-mongo|ts-user-service|ts-verification-code-service|ts-voucher-service,,,0.052394866943359375,0.010874271392822266,67,59,False,False,True,True,False,True
TrainTicket,ts-train-service,socket,2,nsigma,tai nguyen,latency-50,duong,ts-train-service|ts-travel2-service|ts-seat-service|ts-execute-service|ts-voucher-service|ts-notification-service|ts-station-service|ts-cancel-service|ts-basic-service|ts-travel-service|ts-contacts-service|ts-ticketinfo-service|ts-food-map-service|ts-order-service|ts-preserve-mongo|ts-ui-dashboard|ts-user-service|ts-admin-route-service|ts-admin-order-service|ts-admin-basic-info-service|ts-travel-plan-service|ts-config-service|ts-auth-service|ts-config-mongo|ts-ticket-office-mongo|ts-order-other-service|ts-ticket-office-service|ts-inside-payment-service|ts-travel-mongo|ts-price-mongo|ts-admin-user-service|ts-payment-mongo|ts-price-service|ts-notification-mongo|ts-assurance-service|ts-consign-service|ts-verification-code-service|ts-news-service|ts-food-service|ts-route-plan-service|ts-consign-mongo|ts-consign-price-service|ts-auth-mongo|ts-preserve-service|ts-train-mongo|ts-rebook-service|ts-security-service|ts-payment-service|ts-route-service|ts-route-mongo|ts-station-mongo|ts-inside-payment-mongo|ts-preserve-other-service|ts-food-mongo|ts-order-mongo|ts-travel2-mongo|ts-admin-travel-service|ts-security-mongo|ts-avatar-service|ts-preserve-other-mongo|ts-contacts-mongo|ts-order-other-mongo|ts-assurance-mongo|ts-user-mongo|ts-consign-price-mongo|ts-voucher-mysql|ts-food-mysql|ts-food-map-mongo,ts-train-service|ts-seat-service|ts-travel2-service|ts-contacts-service|ts-travel-service|ts-ui-dashboard|ts-config-service|ts-auth-service|ts-price-service|ts-user-service|ts-inside-payment-service|ts-basic-service|ts-food-service|ts-order-service|ts-security-service|ts-order-other-service|ts-assurance-service|ts-route-service|ts-station-service|ts-food-map-service|ts-admin-basic-info-service|ts-ticketinfo-service|ts-admin-travel-service|ts-consign-service,ts-admin-basic-info-service|ts-admin-travel-service|ts-assurance-service|ts-auth-service|ts-basic-service|ts-config-service|ts-consign-service|ts-contacts-service|ts-food-map-service|ts-food-service|ts-inside-payment-service|ts-order-other-service|ts-order-service|ts-price-service|ts-route-service|ts-seat-service|ts-security-service|ts-station-service|ts-ticketinfo-service|ts-train-service|ts-travel-service|ts-travel2-service|ts-ui-dashboard|ts-user-service,,,0.041976213455200195,0.0038030147552490234,68,24,True,True,True,True,True,True
TrainTicket,ts-train-service,socket,2,baro,tai nguyen,latency-50,duong,ts-execute-service|ts-verification-code-service|ts-train-service|ts-order-service|ts-seat-service|ts-station-service|ts-travel2-service|ts-user-service|ts-food-map-service|ts-notification-service|ts-cancel-service|ts-voucher-service|ts-basic-service|ts-ticketinfo-service|ts-contacts-service|ts-travel-service|ts-admin-route-service|ts-route-plan-service|ts-admin-order-service|ts-food-mongo|ts-admin-user-service|ts-rebook-service|ts-auth-service|ts-preserve-mongo|ts-config-service|ts-consign-price-service|ts-train-mongo|ts-ui-dashboard|ts-travel-mongo|ts-order-other-service|ts-consign-mongo|ts-news-service|ts-travel-plan-service|ts-price-service|ts-config-mongo|ts-security-service|ts-admin-basic-info-service|ts-ticket-office-service|ts-price-mongo|ts-consign-service|ts-inside-payment-service|ts-food-service|ts-assurance-service|ts-notification-mongo|ts-route-mongo|ts-ticket-office-mongo|ts-payment-mongo|ts-station-mongo|ts-route-service|ts-preserve-other-service|ts-voucher-mysql|ts-preserve-service|ts-auth-mongo|ts-payment-service|ts-travel2-mongo|ts-security-mongo|ts-contacts-mongo|ts-order-mongo|ts-inside-payment-mongo|ts-admin-travel-service|ts-preserve-other-mongo|ts-user-mongo|ts-assurance-mongo|ts-food-mysql|ts-order-other-mongo|ts-avatar-service|ts-food-map-mongo|ts-consign-price-mongo,ts-train-service|ts-seat-service|ts-travel2-service|ts-contacts-service|ts-travel-service|ts-config-service|ts-ui-dashboard|ts-price-service|ts-auth-service|ts-security-service|ts-inside-payment-service|ts-user-service|ts-order-service|ts-food-service|ts-basic-service|ts-assurance-service|ts-station-service|ts-order-other-service|ts-route-service|ts-admin-basic-info-service|ts-consign-service|ts-food-map-service|ts-ticketinfo-service|ts-admin-travel-service,ts-admin-basic-info-service|ts-admin-travel-service|ts-assurance-service|ts-auth-service|ts-basic-service|ts-config-service|ts-consign-service|ts-contacts-service|ts-food-map-service|ts-food-service|ts-inside-payment-service|ts-order-other-service|ts-order-service|ts-price-service|ts-route-service|ts-seat-service|ts-security-service|ts-station-service|ts-ticketinfo-service|ts-train-service|ts-travel-service|ts-travel2-service|ts-ui-dashboard|ts-user-service,,,0.053674936294555664,0.004790067672729492,68,24,False,True,True,True,True,True
TrainTicket,ts-train-service,socket,3,nsigma,tai nguyen,latency-50,duong,ts-train-service|ts-news-service|ts-payment-service|ts-config-mongo|ts-auth-mongo|ts-travel-mongo|ts-inside-payment-service|ts-preserve-service|ts-consign-mongo|ts-admin-user-service|ts-admin-route-service|ts-consign-service|ts-consign-price-mongo|ts-assurance-mongo|ts-config-service|ts-station-mongo|ts-payment-mongo|ts-travel-service|ts-security-service|ts-notification-mongo|ts-notification-service|ts-execute-service|ts-rebook-service|ts-cancel-service|ts-assurance-service|ts-admin-order-service|ts-user-mongo|ts-order-service|ts-contacts-mongo|ts-food-map-service|ts-basic-service|ts-ui-dashboard|ts-travel2-service|ts-train-mongo|ts-station-service|ts-travel-plan-service|ts-food-service|ts-seat-service|ts-admin-basic-info-service|ts-food-mongo|ts-price-service|ts-food-map-mongo|ts-auth-service|ts-security-mongo|ts-ticket-office-mongo|ts-user-service|ts-preserve-other-mongo|ts-preserve-mongo|ts-consign-price-service|ts-route-plan-service|ts-order-mongo|ts-admin-travel-service|ts-verification-code-service|ts-ticket-office-service|ts-preserve-other-service|ts-order-other-service|ts-ticketinfo-service|ts-contacts-service|ts-avatar-service|ts-price-mongo|ts-route-service|ts-inside-payment-mongo|ts-route-mongo|ts-travel2-mongo|ts-order-other-mongo|ts-voucher-service|ts-voucher-mysql|ts-food-mysql,ts-train-service|ts-admin-travel-service|ts-auth-service|ts-travel-service|ts-consign-price-service|ts-travel2-service|ts-ui-dashboard|ts-security-service|ts-seat-service|ts-assurance-service|ts-contacts-service|ts-admin-basic-info-service|ts-consign-service|ts-user-service|ts-order-other-service|ts-order-service|ts-basic-service|ts-ticketinfo-service|ts-price-service|ts-station-service|ts-food-service|ts-route-service|ts-food-map-service|ts-config-service,ts-admin-basic-info-service|ts-admin-travel-service|ts-assurance-service|ts-auth-service|ts-basic-service|ts-config-service|ts-consign-price-service|ts-consign-service|ts-contacts-service|ts-food-map-service|ts-food-service|ts-order-other-service|ts-order-service|ts-price-service|ts-route-service|ts-seat-service|ts-security-service|ts-station-service|ts-ticketinfo-service|ts-train-service|ts-travel-service|ts-travel2-service|ts-ui-dashboard|ts-user-service,,,0.04390883445739746,0.003803730010986328,68,24,True,True,True,True,True,True
TrainTicket,ts-train-service,socket,3,baro,tai nguyen,latency-50,duong,ts-consign-price-service|ts-train-service|ts-admin-basic-info-service|ts-station-mongo|ts-travel-service|ts-inside-payment-service|ts-news-service|ts-config-mongo|ts-preserve-service|ts-travel2-service|ts-payment-service|ts-admin-route-service|ts-travel-mongo|ts-admin-order-service|ts-order-service|ts-rebook-service|ts-admin-user-service|ts-auth-mongo|ts-consign-service|ts-ui-dashboard|ts-station-service|ts-payment-mongo|ts-execute-service|ts-cancel-service|ts-travel-plan-service|ts-security-service|ts-notification-service|ts-security-mongo|ts-config-service|ts-consign-mongo|ts-food-map-mongo|ts-basic-service|ts-ticketinfo-service|ts-admin-travel-service|ts-ticket-office-mongo|ts-train-mongo|ts-food-map-service|ts-route-plan-service|ts-consign-price-mongo|ts-preserve-other-service|ts-food-mongo|ts-verification-code-service|ts-food-service|ts-order-other-service|ts-price-service|ts-seat-service|ts-user-service|ts-ticket-office-service|ts-auth-service|ts-notification-mongo|ts-order-mongo|ts-user-mongo|ts-assurance-mongo|ts-assurance-service|ts-contacts-service|ts-contacts-mongo|ts-preserve-mongo|ts-price-mongo|ts-preserve-other-mongo|ts-voucher-service|ts-route-service|ts-inside-payment-mongo|ts-route-mongo|ts-travel2-mongo|ts-voucher-mysql|ts-order-other-mongo|ts-food-mysql|ts-avatar-service,ts-train-service|ts-travel-service|ts-travel2-service|ts-admin-travel-service|ts-auth-service|ts-ui-dashboard|ts-admin-basic-info-service|ts-security-service|ts-assurance-service|ts-contacts-service|ts-seat-service|ts-consign-service|ts-order-service|ts-order-other-service|ts-consign-price-service|ts-station-service|ts-basic-service|ts-food-map-service|ts-price-service|ts-route-service|ts-ticketinfo-service|ts-config-service|ts-user-service|ts-food-service,ts-admin-basic-info-service|ts-admin-travel-service|ts-assurance-service|ts-auth-service|ts-basic-service|ts-config-service|ts-consign-price-service|ts-consign-service|ts-contacts-service|ts-food-map-service|ts-food-service|ts-order-other-service|ts-order-service|ts-price-service|ts-route-service|ts-seat-service|ts-security-service|ts-station-service|ts-ticketinfo-service|ts-train-service|ts-travel-service|ts-travel2-service|ts-ui-dashboard|ts-user-service,,,0.05499696731567383,0.004690885543823242,68,24,False,False,True,True,True,True
TrainTicket,ts-travel-service,cpu,1,nsigma,tai nguyen,cpu,node,ts-inside-payment-service|ts-news-service|ts-user-mongo|ts-verification-code-service|ts-admin-order-service|ts-config-mongo|ts-admin-route-service|ts-order-other-mongo|ts-food-map-service|ts-travel-service|ts-route-plan-service|ts-payment-mongo|ts-travel2-service|ts-travel-plan-service|ts-rebook-service|ts-consign-service|ts-order-mongo|ts-notification-service|ts-consign-mongo|ts-contacts-mongo|ts-admin-user-service|ts-consign-price-mongo|ts-preserve-other-mongo|ts-security-mongo|ts-order-service|ts-station-mongo|ts-preserve-service|ts-preserve-mongo|ts-admin-travel-service|ts-travel2-mongo|ts-price-service|ts-payment-service|ts-consign-price-service|ts-contacts-service|ts-auth-service|ts-cancel-service|ts-seat-service|ts-train-mongo|ts-config-service|ts-station-service|ts-food-service|ts-route-mongo|ts-travel-mongo|ts-train-service|ts-inside-payment-mongo|ts-security-service|ts-notification-mongo|ts-assurance-mongo|ts-execute-service|ts-price-mongo|ts-admin-basic-info-service|ts-assurance-service|ts-preserve-other-service|ts-user-service|ts-order-other-service|ts-avatar-service|ts-ui-dashboard|ts-ticketinfo-service|ts-food-mongo|ts-basic-service|ts-food-map-mongo|ts-ticket-office-mongo|ts-ticket-office-service|ts-route-service|ts-auth-mongo|ts-voucher-mysql|ts-food-mysql|ts-voucher-service,ts-inside-payment-service|ts-admin-route-service|ts-food-map-service|ts-travel-plan-service|ts-travel-service|ts-rebook-service|ts-admin-order-service|ts-notification-service|ts-admin-user-service|ts-station-mongo|ts-contacts-service|ts-auth-service|ts-cancel-service|ts-consign-service|ts-config-service|ts-preserve-service|ts-execute-service|ts-admin-travel-service|ts-news-service|ts-admin-basic-info-service|ts-order-mongo|ts-ticket-office-service|ts-inside-payment-mongo|ts-verification-code-service|ts-contacts-mongo|ts-notification-mongo|ts-food-map-mongo|ts-price-service|ts-security-service|ts-consign-mongo|ts-food-mongo|ts-consign-price-service|ts-voucher-mysql|ts-order-other-service|ts-order-other-mongo|ts-avatar-service|ts-food-mysql|ts-security-mongo|ts-train-mongo|ts-ticket-office-mongo|ts-ui-dashboard|ts-preserve-other-mongo|ts-travel-mongo|ts-order-service|ts-user-mongo|ts-payment-mongo|ts-consign-price-mongo|ts-preserve-mongo|ts-auth-mongo|ts-price-mongo|ts-user-service|ts-config-mongo|ts-food-service|ts-travel2-service|ts-travel2-mongo|ts-route-mongo|ts-preserve-other-service|ts-assurance-service|ts-seat-service|ts-station-service|ts-route-service|ts-basic-service|ts-train-service|ts-ticketinfo-service,ts-admin-basic-info-service|ts-admin-order-service|ts-admin-route-service|ts-admin-travel-service|ts-admin-user-service|ts-assurance-service|ts-auth-mongo|ts-auth-service|ts-avatar-service|ts-basic-service|ts-cancel-service|ts-config-mongo|ts-config-service|ts-consign-mongo|ts-consign-price-mongo|ts-consign-price-service|ts-consign-service|ts-contacts-mongo|ts-contacts-service|ts-execute-service|ts-food-map-mongo|ts-food-map-service|ts-food-mongo|ts-food-mysql|ts-food-service|ts-inside-payment-mongo|ts-inside-payment-service|ts-news-service|ts-notification-mongo|ts-notification-service|ts-order-mongo|ts-order-other-mongo|ts-order-other-service|ts-order-service|ts-payment-mongo|ts-preserve-mongo|ts-preserve-other-mongo|ts-preserve-other-service|ts-preserve-service|ts-price-mongo|ts-price-service|ts-rebook-service|ts-route-mongo|ts-route-service|ts-seat-service|ts-security-mongo|ts-security-service|ts-station-mongo|ts-station-service|ts-ticket-office-mongo|ts-ticket-office-service|ts-ticketinfo-service|ts-train-mongo|ts-train-service|ts-travel-mongo|ts-travel-plan-service|ts-travel-service|ts-travel2-mongo|ts-travel2-service|ts-ui-dashboard|ts-user-mongo|ts-user-service|ts-verification-code-service|ts-voucher-mysql,,,0.04318714141845703,0.025233030319213867,68,64,False,False,False,False,False,False
TrainTicket,ts-travel-service,cpu,1,baro,tai nguyen,cpu,node,ts-travel-service|ts-voucher-service|ts-news-service|ts-admin-route-service|ts-admin-order-service|ts-contacts-service|ts-travel-plan-service|ts-verification-code-service|ts-food-service|ts-inside-payment-service|ts-travel2-service|ts-rebook-service|ts-admin-basic-info-service|ts-config-service|ts-config-mongo|ts-food-map-service|ts-auth-service|ts-cancel-service|ts-payment-mongo|ts-notification-service|ts-inside-payment-mongo|ts-user-mongo|ts-security-service|ts-travel-mongo|ts-consign-service|ts-route-plan-service|ts-admin-user-service|ts-user-service|ts-order-mongo|ts-voucher-mysql|ts-preserve-service|ts-price-service|ts-order-other-mongo|ts-route-mongo|ts-execute-service|ts-order-other-service|ts-consign-price-service|ts-payment-service|ts-ticket-office-mongo|ts-order-service|ts-contacts-mongo|ts-station-mongo|ts-train-mongo|ts-food-mongo|ts-security-mongo|ts-travel2-mongo|ts-ticket-office-service|ts-price-mongo|ts-preserve-mongo|ts-consign-price-mongo|ts-admin-travel-service|ts-notification-mongo|ts-preserve-other-mongo|ts-food-map-mongo|ts-consign-mongo|ts-preserve-other-service|ts-ui-dashboard|ts-seat-service|ts-train-service|ts-station-service|ts-assurance-service|ts-assurance-mongo|ts-food-mysql|ts-ticketinfo-service|ts-route-service|ts-basic-service|ts-avatar-service|ts-auth-mongo,ts-admin-route-service|ts-travel-service|ts-travel-plan-service|ts-admin-order-service|ts-inside-payment-service|ts-rebook-service|ts-cancel-service|ts-notification-service|ts-consign-service|ts-admin-user-service|ts-user-service|ts-food-map-service|ts-voucher-mysql|ts-verification-code-service|ts-preserve-service|ts-price-service|ts-execute-service|ts-consign-price-service|ts-auth-service|ts-contacts-service|ts-station-mongo|ts-config-service|ts-food-mongo|ts-ticket-office-service|ts-admin-basic-info-service|ts-contacts-mongo|ts-admin-travel-service|ts-inside-payment-mongo|ts-food-map-mongo|ts-order-mongo|ts-preserve-other-mongo|ts-security-mongo|ts-consign-mongo|ts-notification-mongo|ts-security-service|ts-news-service|ts-order-other-service|ts-order-service|ts-food-mysql|ts-avatar-service|ts-order-other-mongo|ts-consign-price-mongo|ts-ticket-office-mongo|ts-preserve-mongo|ts-user-mongo|ts-auth-mongo|ts-train-mongo|ts-payment-mongo|ts-ui-dashboard|ts-preserve-other-service|ts-travel-mongo|ts-price-mongo|ts-config-mongo|ts-travel2-service|ts-travel2-mongo|ts-route-mongo|ts-food-service|ts-station-service|ts-assurance-service|ts-seat-service|ts-route-service|ts-basic-service|ts-train-service|ts-ticketinfo-service,ts-admin-basic-info-service|ts-admin-order-service|ts-admin-route-service|ts-admin-travel-service|ts-admin-user-service|ts-assurance-service|ts-auth-mongo|ts-auth-service|ts-avatar-service|ts-basic-service|ts-cancel-service|ts-config-mongo|ts-config-service|ts-consign-mongo|ts-consign-price-mongo|ts-consign-price-service|ts-consign-service|ts-contacts-mongo|ts-contacts-service|ts-execute-service|ts-food-map-mongo|ts-food-map-service|ts-food-mongo|ts-food-mysql|ts-food-service|ts-inside-payment-mongo|ts-inside-payment-service|ts-news-service|ts-notification-mongo|ts-notification-service|ts-order-mongo|ts-order-other-mongo|ts-order-other-service|ts-order-service|ts-payment-mongo|ts-preserve-mongo|ts-preserve-other-mongo|ts-preserve-other-service|ts-preserve-service|ts-price-mongo|ts-price-service|ts-rebook-service|ts-route-mongo|ts-route-service|ts-seat-service|ts-security-mongo|ts-security-service|ts-station-mongo|ts-station-service|ts-ticket-office-mongo|ts-ticket-office-service|ts-ticketinfo-service|ts-train-mongo|ts-train-service|ts-travel-mongo|ts-travel-plan-service|ts-travel-service|ts-travel2-mongo|ts-travel2-service|ts-ui-dashboard|ts-user-mongo|ts-user-service|ts-verification-code-service|ts-voucher-mysql,,,0.05470395088195801,0.011901140213012695,68,64,True,True,False,False,True,True
TrainTicket,ts-travel-service,cpu,2,nsigma,tai nguyen,latency-50,duong,ts-travel-service|ts-user-service|ts-seat-service|ts-food-service|ts-admin-basic-info-service|ts-consign-price-mongo|ts-auth-service|ts-assurance-mongo|ts-security-service|ts-travel2-service|ts-food-mongo|ts-basic-service|ts-preserve-other-mongo|ts-user-mongo|ts-consign-price-service|ts-payment-mongo|ts-route-service|ts-ticketinfo-service|ts-ui-dashboard|ts-train-service|ts-consign-service|ts-order-other-service|ts-order-service|ts-admin-travel-service|ts-execute-service|ts-preserve-other-service|ts-inside-payment-service|ts-payment-service|ts-route-mongo|ts-admin-route-service|ts-train-mongo|ts-food-map-mongo|ts-order-mongo|ts-route-plan-service|ts-verification-code-service|ts-contacts-service|ts-admin-order-service|ts-preserve-service|ts-news-service|ts-price-service|ts-station-mongo|ts-assurance-service|ts-config-service|ts-admin-user-service|ts-station-service|ts-contacts-mongo|ts-cancel-service|ts-rebook-service|ts-ticket-office-service|ts-notification-service|ts-travel-plan-service|ts-order-other-mongo|ts-food-map-service|ts-security-mongo|ts-preserve-mongo|ts-avatar-service|ts-price-mongo|ts-consign-mongo|ts-voucher-service|ts-inside-payment-mongo|ts-travel-mongo|ts-ticket-office-mongo|ts-auth-mongo|ts-travel2-mongo|ts-notification-mongo|ts-config-mongo|ts-voucher-mysql,ts-travel-service|ts-seat-service|ts-food-service|ts-consign-price-service|ts-user-service|ts-consign-service|ts-order-other-service|ts-basic-service|ts-ui-dashboard|ts-route-service|ts-order-service|ts-config-service|ts-auth-service|ts-station-service|ts-train-service|ts-travel2-service|ts-food-map-service|ts-ticketinfo-service|ts-assurance-service|ts-security-service|ts-contacts-service|ts-price-service|ts-admin-basic-info-service|ts-admin-travel-service,ts-admin-basic-info-service|ts-admin-travel-service|ts-assurance-service|ts-auth-service|ts-basic-service|ts-config-service|ts-consign-price-service|ts-consign-service|ts-contacts-service|ts-food-map-service|ts-food-service|ts-order-other-service|ts-order-service|ts-price-service|ts-route-service|ts-seat-service|ts-security-service|ts-station-service|ts-ticketinfo-service|ts-train-service|ts-travel-service|ts-travel2-service|ts-ui-dashboard|ts-user-service,,,0.04382896423339844,0.003805875778198242,67,24,True,True,True,True,True,True
TrainTicket,ts-travel-service,cpu,2,baro,tai nguyen,latency-50,duong,ts-auth-service|ts-travel-service|ts-user-service|ts-notification-service|ts-admin-user-service|ts-seat-service|ts-admin-basic-info-service|ts-food-service|ts-consign-price-mongo|ts-admin-route-service|ts-food-mongo|ts-ticketinfo-service|ts-execute-service|ts-consign-price-service|ts-ui-dashboard|ts-rebook-service|ts-route-plan-service|ts-train-service|ts-route-service|ts-travel2-service|ts-payment-mongo|ts-security-service|ts-assurance-mongo|ts-notification-mongo|ts-user-mongo|ts-consign-service|ts-order-service|ts-admin-order-service|ts-basic-service|ts-preserve-other-mongo|ts-contacts-mongo|ts-cancel-service|ts-contacts-service|ts-order-other-service|ts-security-mongo|ts-payment-service|ts-price-service|ts-station-mongo|ts-preserve-other-service|ts-inside-payment-mongo|ts-verification-code-service|ts-travel-plan-service|ts-voucher-service|ts-ticket-office-service|ts-food-map-mongo|ts-avatar-service|ts-inside-payment-service|ts-station-service|ts-admin-travel-service|ts-news-service|ts-assurance-service|ts-food-map-service|ts-route-mongo|ts-order-mongo|ts-preserve-service|ts-config-service|ts-order-other-mongo|ts-preserve-mongo|ts-travel2-mongo|ts-consign-mongo|ts-train-mongo|ts-ticket-office-mongo|ts-travel-mongo|ts-price-mongo|ts-auth-mongo|ts-voucher-mysql|ts-config-mongo,ts-travel-service|ts-seat-service|ts-food-service|ts-consign-price-service|ts-consign-service|ts-user-service|ts-order-other-service|ts-auth-service|ts-basic-service|ts-order-service|ts-security-service|ts-ui-dashboard|ts-config-service|ts-route-service|ts-train-service|ts-travel2-service|ts-station-service|ts-contacts-service|ts-assurance-service|ts-food-map-service|ts-ticketinfo-service|ts-price-service|ts-admin-basic-info-service|ts-admin-travel-service,ts-admin-basic-info-service|ts-admin-travel-service|ts-assurance-service|ts-auth-service|ts-basic-service|ts-config-service|ts-consign-price-service|ts-consign-service|ts-contacts-service|ts-food-map-service|ts-food-service|ts-order-other-service|ts-order-service|ts-price-service|ts-route-service|ts-seat-service|ts-security-service|ts-station-service|ts-ticketinfo-service|ts-train-service|ts-travel-service|ts-travel2-service|ts-ui-dashboard|ts-user-service,,,0.05529499053955078,0.004720926284790039,67,24,False,False,True,True,True,True
TrainTicket,ts-travel-service,cpu,3,nsigma,tai nguyen,latency-50,duong,ts-travel-service|ts-seat-service|ts-food-service|ts-preserve-service|ts-food-map-service|ts-payment-service|ts-security-mongo|ts-station-service|ts-inside-payment-mongo|ts-price-mongo|ts-consign-price-mongo|ts-inside-payment-service|ts-news-service|ts-order-service|ts-ticket-office-service|ts-order-other-service|ts-payment-mongo|ts-travel-plan-service|ts-consign-price-service|ts-preserve-other-mongo|ts-security-service|ts-ticketinfo-service|ts-basic-service|ts-travel2-mongo|ts-price-service|ts-ui-dashboard|ts-config-service|ts-route-mongo|ts-train-service|ts-consign-service|ts-contacts-mongo|ts-assurance-service|ts-admin-travel-service|ts-notification-mongo|ts-user-service|ts-preserve-mongo|ts-preserve-other-service|ts-notification-service|ts-route-service|ts-auth-service|ts-travel-mongo|ts-contacts-service|ts-ticket-office-mongo|ts-train-mongo|ts-rebook-service|ts-route-plan-service|ts-station-mongo|ts-order-mongo|ts-travel2-service|ts-food-mongo|ts-admin-user-service|ts-consign-mongo|ts-user-mongo|ts-execute-service|ts-assurance-mongo|ts-avatar-service|ts-admin-route-service|ts-admin-basic-info-service|ts-admin-order-service|ts-verification-code-service|ts-auth-mongo|ts-order-other-mongo|ts-cancel-service|ts-config-mongo|ts-food-map-mongo|ts-voucher-mysql|ts-voucher-service|ts-food-mysql,ts-seat-service|ts-food-service|ts-travel-service|ts-order-service|ts-order-other-service|ts-basic-service|ts-train-service|ts-auth-service|ts-station-service|ts-route-service|ts-config-service|ts-user-service|ts-price-service|ts-ui-dashboard|ts-travel2-service|ts-ticketinfo-service|ts-assurance-service|ts-security-service|ts-contacts-service|ts-consign-service|ts-food-map-service|ts-admin-basic-info-service|ts-consign-price-service|ts-admin-travel-service,ts-admin-basic-info-service|ts-admin-travel-service|ts-assurance-service|ts-auth-service|ts-basic-service|ts-config-service|ts-consign-price-service|ts-consign-service|ts-contacts-service|ts-food-map-service|ts-food-service|ts-order-other-service|ts-order-service|ts-price-service|ts-route-service|ts-seat-service|ts-security-service|ts-station-service|ts-ticketinfo-service|ts-train-service|ts-travel-service|ts-travel2-service|ts-ui-dashboard|ts-user-service,,,0.043443918228149414,0.003818988800048828,68,24,True,True,False,False,True,True
TrainTicket,ts-travel-service,cpu,3,baro,tai nguyen,latency-50,duong,ts-food-service|ts-travel-service|ts-seat-service|ts-inside-payment-service|ts-food-map-service|ts-preserve-service|ts-payment-service|ts-ticket-office-service|ts-contacts-service|ts-price-mongo|ts-news-service|ts-price-service|ts-security-mongo|ts-inside-payment-mongo|ts-ui-dashboard|ts-station-service|ts-food-mongo|ts-admin-basic-info-service|ts-order-service|ts-user-service|ts-consign-price-mongo|ts-notification-mongo|ts-order-other-service|ts-contacts-mongo|ts-consign-price-service|ts-payment-mongo|ts-ticketinfo-service|ts-preserve-other-mongo|ts-route-mongo|ts-train-service|ts-basic-service|ts-consign-service|ts-travel-mongo|ts-travel2-mongo|ts-admin-travel-service|ts-security-service|ts-preserve-mongo|ts-ticket-office-mongo|ts-avatar-service|ts-route-service|ts-auth-service|ts-preserve-other-service|ts-user-mongo|ts-config-service|ts-order-mongo|ts-train-mongo|ts-consign-mongo|ts-station-mongo|ts-auth-mongo|ts-assurance-service|ts-travel2-service|ts-execute-service|ts-assurance-mongo|ts-travel-plan-service|ts-route-plan-service|ts-config-mongo|ts-verification-code-service|ts-order-other-mongo|ts-cancel-service|ts-admin-user-service|ts-admin-order-service|ts-admin-route-service|ts-food-map-mongo|ts-rebook-service|ts-voucher-service|ts-voucher-mysql|ts-notification-service|ts-food-mysql,ts-seat-service|ts-food-service|ts-travel-service|ts-order-service|ts-user-service|ts-order-other-service|ts-train-service|ts-basic-service|ts-ui-dashboard|ts-auth-service|ts-config-service|ts-route-service|ts-station-service|ts-price-service|ts-consign-service|ts-travel2-service|ts-ticketinfo-service|ts-admin-basic-info-service|ts-assurance-service|ts-contacts-service|ts-consign-price-service|ts-food-map-service|ts-admin-travel-service|ts-security-service,ts-admin-basic-info-service|ts-admin-travel-service|ts-assurance-service|ts-auth-service|ts-basic-service|ts-config-service|ts-consign-price-service|ts-consign-service|ts-contacts-service|ts-food-map-service|ts-food-service|ts-order-other-service|ts-order-service|ts-price-service|ts-route-service|ts-seat-service|ts-security-service|ts-station-service|ts-ticketinfo-service|ts-train-service|ts-travel-service|ts-travel2-service|ts-ui-dashboard|ts-user-service,,,0.05390000343322754,0.004819154739379883,68,24,False,False,False,False,True,True
TrainTicket,ts-travel-service,delay,1,nsigma,mang,latency-50,duong,ts-train-service|ts-seat-service|ts-route-service|ts-admin-travel-service|ts-travel-service|ts-order-service|ts-food-service|ts-ticketinfo-service|ts-travel-plan-service|ts-config-service|ts-ui-dashboard|ts-route-plan-service|ts-admin-user-service|ts-preserve-other-service|ts-execute-service|ts-admin-route-service|ts-cancel-service|ts-admin-order-service|ts-verification-code-service|ts-notification-service|ts-auth-service|ts-ticket-office-mongo|ts-rebook-service|ts-preserve-service|ts-security-service|ts-travel-mongo|ts-assurance-mongo|ts-price-mongo|ts-auth-mongo|ts-price-service|ts-consign-mongo|ts-notification-mongo|ts-admin-basic-info-service|ts-news-service|ts-preserve-mongo|ts-order-other-service|ts-consign-service|ts-consign-price-service|ts-contacts-service|ts-preserve-other-mongo|ts-station-service|ts-assurance-service|ts-config-mongo|ts-basic-service|ts-order-mongo|ts-ticket-office-service|ts-food-map-mongo|ts-inside-payment-service|ts-travel2-service|ts-inside-payment-mongo|ts-user-mongo|ts-order-other-mongo|ts-security-mongo|ts-consign-price-mongo|ts-contacts-mongo|ts-payment-mongo|ts-food-map-service|ts-food-mongo|ts-travel2-mongo|ts-user-service|ts-payment-service|ts-station-mongo|ts-train-mongo|ts-route-mongo|ts-avatar-service|ts-voucher-service|ts-food-mysql|ts-voucher-mysql,ts-seat-service|ts-admin-travel-service|ts-travel-service|ts-food-service|ts-config-service|ts-route-service|ts-train-service|ts-ticketinfo-service|ts-ui-dashboard|ts-order-service|ts-consign-price-service|ts-consign-service|ts-basic-service|ts-price-service|ts-travel2-service|ts-order-other-service|ts-food-map-service|ts-station-service|ts-admin-basic-info-service|ts-inside-payment-service|ts-auth-service,ts-admin-basic-info-service|ts-admin-travel-service|ts-auth-service|ts-basic-service|ts-config-service|ts-consign-price-service|ts-consign-service|ts-food-map-service|ts-food-service|ts-inside-payment-service|ts-order-other-service|ts-order-service|ts-price-service|ts-route-service|ts-seat-service|ts-station-service|ts-ticketinfo-service|ts-train-service|ts-travel-service|ts-travel2-service|ts-ui-dashboard,,,0.04303884506225586,0.003401041030883789,68,21,False,False,False,False,False,True
TrainTicket,ts-travel-service,delay,1,baro,mang,latency-50,duong,ts-travel-plan-service|ts-route-plan-service|ts-cancel-service|ts-verification-code-service|ts-rebook-service|ts-train-service|ts-route-service|ts-seat-service|ts-order-service|ts-travel-service|ts-food-service|ts-ticketinfo-service|ts-config-service|ts-preserve-other-service|ts-admin-route-service|ts-ui-dashboard|ts-admin-user-service|ts-execute-service|ts-auth-service|ts-admin-order-service|ts-notification-service|ts-admin-travel-service|ts-food-map-service|ts-travel-mongo|ts-ticket-office-mongo|ts-consign-price-service|ts-price-service|ts-security-service|ts-preserve-service|ts-assurance-mongo|ts-notification-mongo|ts-price-mongo|ts-consign-service|ts-food-mongo|ts-consign-mongo|ts-auth-mongo|ts-preserve-mongo|ts-admin-basic-info-service|ts-contacts-service|ts-station-service|ts-order-mongo|ts-order-other-service|ts-news-service|ts-inside-payment-service|ts-preserve-other-mongo|ts-payment-service|ts-ticket-office-service|ts-config-mongo|ts-basic-service|ts-travel2-service|ts-assurance-service|ts-user-mongo|ts-inside-payment-mongo|ts-voucher-mysql|ts-order-other-mongo|ts-voucher-service|ts-user-service|ts-security-mongo|ts-contacts-mongo|ts-avatar-service|ts-food-map-mongo|ts-train-mongo|ts-consign-price-mongo|ts-payment-mongo|ts-station-mongo|ts-travel2-mongo|ts-route-mongo|ts-food-mysql,ts-seat-service|ts-travel-service|ts-food-service|ts-config-service|ts-route-service|ts-consign-price-service|ts-train-service|ts-order-service|ts-consign-service|ts-ticketinfo-service|ts-ui-dashboard|ts-admin-travel-service|ts-travel2-service|ts-food-map-service|ts-basic-service|ts-price-service|ts-order-other-service|ts-station-service|ts-admin-basic-info-service|ts-inside-payment-service|ts-auth-service,ts-admin-basic-info-service|ts-admin-travel-service|ts-auth-service|ts-basic-service|ts-config-service|ts-consign-price-service|ts-consign-service|ts-food-map-service|ts-food-service|ts-inside-payment-service|ts-order-other-service|ts-order-service|ts-price-service|ts-route-service|ts-seat-service|ts-station-service|ts-ticketinfo-service|ts-train-service|ts-travel-service|ts-travel2-service|ts-ui-dashboard,,,0.053250789642333984,0.004188060760498047,68,21,False,False,False,False,False,True
TrainTicket,ts-travel-service,delay,2,nsigma,mang,latency-50,duong,ts-travel-service|ts-seat-service|ts-train-service|ts-route-service|ts-food-service|ts-ui-dashboard|ts-order-service|ts-ticketinfo-service|ts-config-service|ts-travel2-service|ts-consign-service|ts-notification-mongo|ts-auth-service|ts-auth-mongo|ts-user-mongo|ts-admin-travel-service|ts-preserve-service|ts-preserve-mongo|ts-contacts-mongo|ts-consign-mongo|ts-order-other-service|ts-train-mongo|ts-price-service|ts-ticket-office-mongo|ts-admin-route-service|ts-food-map-service|ts-basic-service|ts-consign-price-mongo|ts-food-map-mongo|ts-payment-service|ts-payment-mongo|ts-assurance-mongo|ts-admin-basic-info-service|ts-news-service|ts-food-mongo|ts-assurance-service|ts-route-plan-service|ts-consign-price-service|ts-inside-payment-service|ts-admin-user-service|ts-station-mongo|ts-contacts-service|ts-travel-plan-service|ts-preserve-other-mongo|ts-verification-code-service|ts-price-mongo|ts-order-mongo|ts-notification-service|ts-preserve-other-service|ts-security-mongo|ts-station-service|ts-cancel-service|ts-security-service|ts-admin-order-service|ts-rebook-service|ts-travel-mongo|ts-execute-service|ts-user-service|ts-order-other-mongo|ts-ticket-office-service|ts-route-mongo|ts-config-mongo|ts-inside-payment-mongo|ts-avatar-service|ts-travel2-mongo|ts-voucher-service|ts-food-mysql|ts-voucher-mysql,ts-travel-service|ts-seat-service|ts-food-service|ts-ticketinfo-service|ts-route-service|ts-order-service|ts-train-service|ts-ui-dashboard|ts-consign-service|ts-config-service|ts-order-other-service|ts-travel2-service|ts-consign-price-service|ts-price-service|ts-admin-travel-service|ts-auth-service|ts-food-map-service|ts-admin-basic-info-service|ts-station-service|ts-basic-service,ts-admin-basic-info-service|ts-admin-travel-service|ts-auth-service|ts-basic-service|ts-config-service|ts-consign-price-service|ts-consign-service|ts-food-map-service|ts-food-service|ts-order-other-service|ts-order-service|ts-price-service|ts-route-service|ts-seat-service|ts-station-service|ts-ticketinfo-service|ts-train-service|ts-travel-service|ts-travel2-service|ts-ui-dashboard,,,0.060443878173828125,0.00337982177734375,68,20,True,True,True,True,True,True
TrainTicket,ts-travel-service,delay,2,baro,mang,latency-50,duong,ts-travel-service|ts-seat-service|ts-train-service|ts-route-service|ts-food-service|ts-ui-dashboard|ts-ticketinfo-service|ts-order-service|ts-config-service|ts-admin-user-service|ts-user-mongo|ts-auth-service|ts-rebook-service|ts-auth-mongo|ts-travel2-service|ts-verification-code-service|ts-food-mongo|ts-price-service|ts-admin-travel-service|ts-basic-service|ts-price-mongo|ts-train-mongo|ts-preserve-service|ts-consign-service|ts-travel-plan-service|ts-notification-mongo|ts-cancel-service|ts-contacts-mongo|ts-security-mongo|ts-ticket-office-service|ts-food-map-mongo|ts-order-other-service|ts-ticket-office-mongo|ts-preserve-mongo|ts-payment-service|ts-admin-route-service|ts-consign-price-service|ts-route-plan-service|ts-consign-mongo|ts-consign-price-mongo|ts-notification-service|ts-preserve-other-mongo|ts-assurance-service|ts-execute-service|ts-inside-payment-service|ts-security-service|ts-station-mongo|ts-voucher-service|ts-assurance-mongo|ts-payment-mongo|ts-news-service|ts-travel-mongo|ts-travel2-mongo|ts-user-service|ts-admin-order-service|ts-admin-basic-info-service|ts-contacts-service|ts-order-mongo|ts-avatar-service|ts-food-map-service|ts-station-service|ts-preserve-other-service|ts-route-mongo|ts-inside-payment-mongo|ts-config-mongo|ts-order-other-mongo|ts-food-mysql|ts-voucher-mysql,ts-travel-service|ts-seat-service|ts-food-service|ts-route-service|ts-order-service|ts-ticketinfo-service|ts-train-service|ts-ui-dashboard|ts-consign-service|ts-config-service|ts-auth-service|ts-consign-price-service|ts-order-other-service|ts-admin-travel-service|ts-price-service|ts-travel2-service|ts-food-map-service|ts-admin-basic-info-service|ts-station-service|ts-basic-service,ts-admin-basic-info-service|ts-admin-travel-service|ts-auth-service|ts-basic-service|ts-config-service|ts-consign-price-service|ts-consign-service|ts-food-map-service|ts-food-service|ts-order-other-service|ts-order-service|ts-price-service|ts-route-service|ts-seat-service|ts-station-service|ts-ticketinfo-service|ts-train-service|ts-travel-service|ts-travel2-service|ts-ui-dashboard,,,0.05414295196533203,0.004047870635986328,68,20,True,True,True,True,True,True
TrainTicket,ts-travel-service,delay,3,nsigma,mang,latency-50,duong,ts-travel-service|ts-train-service|ts-route-service|ts-seat-service|ts-admin-travel-service|ts-food-service|ts-order-service|ts-ui-dashboard|ts-voucher-service|ts-ticket-office-mongo|ts-payment-service|ts-consign-mongo|ts-consign-price-mongo|ts-ticket-office-service|ts-ticketinfo-service|ts-inside-payment-service|ts-travel-mongo|ts-consign-price-service|ts-preserve-other-service|ts-config-service|ts-travel2-mongo|ts-config-mongo|ts-user-mongo|ts-admin-basic-info-service|ts-inside-payment-mongo|ts-security-mongo|ts-train-mongo|ts-preserve-mongo|ts-assurance-service|ts-order-other-service|ts-consign-service|ts-contacts-service|ts-security-service|ts-payment-mongo|ts-news-service|ts-preserve-other-mongo|ts-user-service|ts-assurance-mongo|ts-route-mongo|ts-verification-code-service|ts-avatar-service|ts-execute-service|ts-admin-user-service|ts-cancel-service|ts-price-service|ts-notification-mongo|ts-notification-service|ts-contacts-mongo|ts-travel-plan-service|ts-station-mongo|ts-preserve-service|ts-auth-service|ts-station-service|ts-admin-route-service|ts-food-mongo|ts-order-mongo|ts-rebook-service|ts-admin-order-service|ts-route-plan-service|ts-travel2-service|ts-auth-mongo|ts-food-map-mongo|ts-basic-service|ts-food-map-service|ts-price-mongo|ts-order-other-mongo|ts-food-mysql|ts-voucher-mysql,ts-travel-service|ts-seat-service|ts-admin-travel-service|ts-food-service|ts-train-service|ts-order-service|ts-inside-payment-service|ts-security-service|ts-ui-dashboard|ts-consign-service|ts-order-other-service|ts-assurance-service|ts-user-service|ts-consign-price-service|ts-ticketinfo-service|ts-config-service|ts-food-map-service|ts-price-service|ts-contacts-service|ts-route-service|ts-admin-basic-info-service|ts-travel2-service|ts-auth-service|ts-station-service|ts-basic-service,ts-admin-basic-info-service|ts-admin-travel-service|ts-assurance-service|ts-auth-service|ts-basic-service|ts-config-service|ts-consign-price-service|ts-consign-service|ts-contacts-service|ts-food-map-service|ts-food-service|ts-inside-payment-service|ts-order-other-service|ts-order-service|ts-price-service|ts-route-service|ts-seat-service|ts-security-service|ts-station-service|ts-ticketinfo-service|ts-train-service|ts-travel-service|ts-travel2-service|ts-ui-dashboard|ts-user-service,,,0.04338812828063965,0.003938198089599609,68,25,True,True,True,True,True,True
TrainTicket,ts-travel-service,delay,3,baro,mang,latency-50,duong,ts-travel-service|ts-train-service|ts-seat-service|ts-admin-travel-service|ts-route-service|ts-food-service|ts-order-service|ts-ui-dashboard|ts-admin-basic-info-service|ts-voucher-service|ts-ticket-office-service|ts-payment-service|ts-inside-payment-service|ts-ticketinfo-service|ts-ticket-office-mongo|ts-consign-price-mongo|ts-consign-mongo|ts-payment-mongo|ts-config-service|ts-inside-payment-mongo|ts-travel-mongo|ts-config-mongo|ts-food-map-service|ts-price-service|ts-auth-mongo|ts-consign-price-service|ts-train-mongo|ts-preserve-mongo|ts-preserve-other-service|ts-preserve-other-mongo|ts-travel2-mongo|ts-security-mongo|ts-consign-service|ts-user-mongo|ts-assurance-service|ts-avatar-service|ts-news-service|ts-preserve-service|ts-order-other-service|ts-route-mongo|ts-security-service|ts-user-service|ts-notification-mongo|ts-station-mongo|ts-contacts-mongo|ts-food-mysql|ts-assurance-mongo|ts-contacts-service|ts-execute-service|ts-travel2-service|ts-auth-service|ts-station-service|ts-admin-user-service|ts-order-mongo|ts-food-mongo|ts-cancel-service|ts-admin-order-service|ts-route-plan-service|ts-admin-route-service|ts-basic-service|ts-food-map-mongo|ts-price-mongo|ts-travel-plan-service|ts-rebook-service|ts-notification-service|ts-voucher-mysql|ts-order-other-mongo|ts-verification-code-service,ts-travel-service|ts-seat-service|ts-admin-travel-service|ts-food-service|ts-inside-payment-service|ts-ticketinfo-service|ts-train-service|ts-consign-price-service|ts-order-service|ts-assurance-service|ts-ui-dashboard|ts-consign-service|ts-order-other-service|ts-user-service|ts-food-map-service|ts-config-service|ts-travel2-service|ts-price-service|ts-route-service|ts-auth-service|ts-contacts-service|ts-admin-basic-info-service|ts-basic-service|ts-station-service|ts-security-service,ts-admin-basic-info-service|ts-admin-travel-service|ts-assurance-service|ts-auth-service|ts-basic-service|ts-config-service|ts-consign-price-service|ts-consign-service|ts-contacts-service|ts-food-map-service|ts-food-service|ts-inside-payment-service|ts-order-other-service|ts-order-service|ts-price-service|ts-route-service|ts-seat-service|ts-security-service|ts-station-service|ts-ticketinfo-service|ts-train-service|ts-travel-service|ts-travel2-service|ts-ui-dashboard|ts-user-service,,,0.054877281188964844,0.004957914352416992,68,25,True,True,True,True,True,True
TrainTicket,ts-travel-service,disk,1,nsigma,tai nguyen,latency-50,duong,ts-travel-service|ts-admin-route-service|ts-travel-plan-service|ts-admin-user-service|ts-notification-service|ts-route-plan-service|ts-admin-order-service|ts-execute-service|ts-verification-code-service|ts-rebook-service|ts-price-service|ts-food-map-service|ts-security-service|ts-ui-dashboard|ts-order-service|ts-assurance-service|ts-user-service|ts-route-mongo|ts-consign-price-service|ts-food-service|ts-basic-service|ts-consign-mongo|ts-auth-service|ts-consign-service|ts-train-service|ts-payment-mongo|ts-preserve-service|ts-admin-basic-info-service|ts-seat-service|ts-station-service|ts-ticketinfo-service|ts-preserve-other-mongo|ts-consign-price-mongo|ts-food-mongo|ts-cancel-service|ts-preserve-mongo|ts-config-service|ts-food-map-mongo|ts-notification-mongo|ts-travel2-mongo|ts-route-service|ts-order-other-service|ts-contacts-service|ts-user-mongo|ts-security-mongo|ts-payment-service|ts-auth-mongo|ts-news-service|ts-ticket-office-mongo|ts-contacts-mongo|ts-travel2-service|ts-station-mongo|ts-preserve-other-service|ts-order-mongo|ts-assurance-mongo|ts-admin-travel-service|ts-inside-payment-service|ts-inside-payment-mongo|ts-config-mongo|ts-order-other-mongo|ts-travel-mongo|ts-price-mongo|ts-train-mongo|ts-avatar-service|ts-voucher-service|ts-voucher-mysql|ts-food-mysql|ts-ticket-office-service,ts-security-service|ts-station-service|ts-config-service|ts-price-service|ts-basic-service|ts-user-service|ts-admin-travel-service|ts-food-service|ts-seat-service|ts-auth-service|ts-food-map-service|ts-ui-dashboard|ts-order-other-service|ts-train-service|ts-ticketinfo-service|ts-route-service|ts-admin-basic-info-service|ts-assurance-service|ts-travel2-service|ts-consign-service|ts-consign-price-service|ts-inside-payment-service|ts-contacts-service|ts-order-service,ts-admin-basic-info-service|ts-admin-travel-service|ts-assurance-service|ts-auth-service|ts-basic-service|ts-config-service|ts-consign-price-service|ts-consign-service|ts-contacts-service|ts-food-map-service|ts-food-service|ts-inside-payment-service|ts-order-other-service|ts-order-service|ts-price-service|ts-route-service|ts-seat-service|ts-security-service|ts-station-service|ts-ticketinfo-service|ts-train-service|ts-travel2-service|ts-ui-dashboard|ts-user-service,,,0.04420113563537598,0.0037832260131835938,68,24,True,False,False,False,True,False
TrainTicket,ts-travel-service,disk,1,baro,tai nguyen,latency-50,duong,ts-travel-service|ts-travel-plan-service|ts-admin-user-service|ts-admin-order-service|ts-rebook-service|ts-admin-route-service|ts-notification-service|ts-route-plan-service|ts-execute-service|ts-admin-basic-info-service|ts-ticketinfo-service|ts-admin-travel-service|ts-food-service|ts-verification-code-service|ts-price-service|ts-food-map-service|ts-cancel-service|ts-security-service|ts-auth-mongo|ts-ui-dashboard|ts-basic-service|ts-seat-service|ts-route-mongo|ts-assurance-service|ts-order-service|ts-user-service|ts-consign-service|ts-inside-payment-service|ts-route-service|ts-consign-price-service|ts-payment-service|ts-consign-mongo|ts-station-service|ts-consign-price-mongo|ts-payment-mongo|ts-auth-service|ts-config-service|ts-train-service|ts-preserve-service|ts-food-map-mongo|ts-food-mongo|ts-security-mongo|ts-preserve-other-mongo|ts-notification-mongo|ts-preserve-other-service|ts-preserve-mongo|ts-contacts-service|ts-ticket-office-mongo|ts-user-mongo|ts-order-other-service|ts-travel2-mongo|ts-contacts-mongo|ts-station-mongo|ts-assurance-mongo|ts-voucher-mysql|ts-voucher-service|ts-config-mongo|ts-order-mongo|ts-price-mongo|ts-travel2-service|ts-inside-payment-mongo|ts-news-service|ts-order-other-mongo|ts-travel-mongo|ts-avatar-service|ts-train-mongo|ts-food-mysql|ts-ticket-office-service,ts-admin-travel-service|ts-food-service|ts-station-service|ts-price-service|ts-config-service|ts-user-service|ts-seat-service|ts-order-service|ts-basic-service|ts-consign-price-service|ts-auth-service|ts-consign-service|ts-train-service|ts-order-other-service|ts-assurance-service|ts-ui-dashboard|ts-food-map-service|ts-route-service|ts-contacts-service|ts-admin-basic-info-service|ts-travel2-service|ts-ticketinfo-service|ts-inside-payment-service|ts-security-service,ts-admin-basic-info-service|ts-admin-travel-service|ts-assurance-service|ts-auth-service|ts-basic-service|ts-config-service|ts-consign-price-service|ts-consign-service|ts-contacts-service|ts-food-map-service|ts-food-service|ts-inside-payment-service|ts-order-other-service|ts-order-service|ts-price-service|ts-route-service|ts-seat-service|ts-security-service|ts-station-service|ts-ticketinfo-service|ts-train-service|ts-travel2-service|ts-ui-dashboard|ts-user-service,,,0.05625605583190918,0.0048160552978515625,68,24,True,False,False,True,True,True
TrainTicket,ts-travel-service,disk,2,nsigma,tai nguyen,cpu,node,ts-travel-service|ts-consign-price-service|ts-travel2-service|ts-admin-basic-info-service|ts-ticketinfo-service|ts-seat-service|ts-inside-payment-service|ts-security-service|ts-food-service|ts-assurance-service|ts-ticket-office-service|ts-contacts-mongo|ts-order-other-mongo|ts-user-service|ts-station-service|ts-cancel-service|ts-rebook-service|ts-config-service|ts-preserve-service|ts-consign-service|ts-food-map-service|ts-travel2-mongo|ts-contacts-service|ts-user-mongo|ts-food-map-mongo|ts-verification-code-service|ts-consign-price-mongo|ts-assurance-mongo|ts-payment-mongo|ts-train-service|ts-config-mongo|ts-price-mongo|ts-travel-mongo|ts-preserve-other-mongo|ts-inside-payment-mongo|ts-notification-service|ts-admin-travel-service|ts-auth-mongo|ts-notification-mongo|ts-price-service|ts-admin-user-service|ts-route-mongo|ts-consign-mongo|ts-ui-dashboard|ts-admin-route-service|ts-order-other-service|ts-security-mongo|ts-order-mongo|ts-order-service|ts-news-service|ts-travel-plan-service|ts-train-mongo|ts-preserve-mongo|ts-route-service|ts-preserve-other-service|ts-admin-order-service|ts-basic-service|ts-execute-service|ts-ticket-office-mongo|ts-food-mongo|ts-avatar-service|ts-auth-service|ts-station-mongo|ts-route-plan-service|ts-voucher-service|ts-food-mysql|ts-payment-service|ts-voucher-mysql,ts-consign-price-service|ts-ticket-office-service|ts-consign-service|ts-food-service|ts-food-map-service|ts-travel2-service|ts-train-service|ts-config-service|ts-travel-service|ts-ticketinfo-service|ts-assurance-service|ts-station-service|ts-inside-payment-service|ts-admin-travel-service|ts-route-service|ts-news-service|ts-verification-code-service|ts-ui-dashboard|ts-security-service|ts-auth-service|ts-inside-payment-mongo|ts-train-mongo|ts-voucher-service|ts-travel-mongo|ts-contacts-service|ts-consign-mongo|ts-food-mongo|ts-consign-price-mongo|ts-security-mongo|ts-preserve-mongo|ts-contacts-mongo|ts-order-mongo|ts-food-map-mongo|ts-food-mysql|ts-order-other-mongo|ts-notification-mongo|ts-config-mongo|ts-payment-mongo|ts-user-mongo|ts-auth-mongo|ts-ticket-office-mongo|ts-route-mongo|ts-travel2-mongo|ts-preserve-other-mongo|ts-admin-basic-info-service|ts-price-mongo|ts-seat-service|ts-basic-service|ts-order-service|ts-user-service|ts-cancel-service|ts-voucher-mysql|ts-preserve-other-service|ts-rebook-service|ts-preserve-service|ts-route-plan-service|ts-admin-route-service|ts-admin-order-service|ts-notification-service|ts-travel-plan-service|ts-price-service|ts-admin-user-service,ts-admin-basic-info-service|ts-admin-order-service|ts-admin-route-service|ts-admin-travel-service|ts-admin-user-service|ts-assurance-service|ts-auth-mongo|ts-auth-service|ts-basic-service|ts-cancel-service|ts-config-mongo|ts-config-service|ts-consign-mongo|ts-consign-price-mongo|ts-consign-price-service|ts-consign-service|ts-contacts-mongo|ts-contacts-service|ts-food-map-mongo|ts-food-map-service|ts-food-mongo|ts-food-mysql|ts-food-service|ts-inside-payment-mongo|ts-inside-payment-service|ts-news-service|ts-notification-mongo|ts-notification-service|ts-order-mongo|ts-order-other-mongo|ts-order-service|ts-payment-mongo|ts-preserve-mongo|ts-preserve-other-mongo|ts-preserve-other-service|ts-preserve-service|ts-price-mongo|ts-price-service|ts-rebook-service|ts-route-mongo|ts-route-plan-service|ts-route-service|ts-seat-service|ts-security-mongo|ts-security-service|ts-station-service|ts-ticket-office-mongo|ts-ticket-office-service|ts-ticketinfo-service|ts-train-mongo|ts-train-service|ts-travel-mongo|ts-travel-plan-service|ts-travel-service|ts-travel2-mongo|ts-travel2-service|ts-ui-dashboard|ts-user-mongo|ts-user-service|ts-verification-code-service|ts-voucher-mysql|ts-voucher-service,,,0.04187202453613281,0.009074926376342773,68,62,True,True,False,False,True,False
TrainTicket,ts-travel-service,disk,2,baro,tai nguyen,cpu,node,ts-travel-service|ts-food-map-service|ts-price-service|ts-config-service|ts-consign-price-service|ts-travel2-service|ts-food-service|ts-assurance-service|ts-consign-service|ts-inside-payment-service|ts-ticket-office-service|ts-train-service|ts-security-service|ts-seat-service|ts-ticketinfo-service|ts-admin-travel-service|ts-station-service|ts-food-map-mongo|ts-order-other-mongo|ts-contacts-mongo|ts-ui-dashboard|ts-cancel-service|ts-travel2-mongo|ts-rebook-service|ts-assurance-mongo|ts-user-service|ts-consign-price-mongo|ts-order-mongo|ts-user-mongo|ts-preserve-service|ts-config-mongo|ts-travel-mongo|ts-contacts-service|ts-price-mongo|ts-admin-basic-info-service|ts-preserve-other-mongo|ts-route-mongo|ts-payment-mongo|ts-notification-mongo|ts-order-other-service|ts-auth-mongo|ts-inside-payment-mongo|ts-preserve-mongo|ts-verification-code-service|ts-ticket-office-mongo|ts-route-service|ts-food-mysql|ts-news-service|ts-order-service|ts-security-mongo|ts-admin-route-service|ts-auth-service|ts-train-mongo|ts-consign-mongo|ts-basic-service|ts-notification-service|ts-voucher-service|ts-preserve-other-service|ts-avatar-service|ts-route-plan-service|ts-admin-order-service|ts-admin-user-service|ts-travel-plan-service|ts-food-mongo|ts-execute-service|ts-station-mongo|ts-payment-service|ts-voucher-mysql,ts-food-map-service|ts-config-service|ts-assurance-service|ts-consign-service|ts-consign-price-service|ts-inside-payment-service|ts-ticket-office-service|ts-train-service|ts-food-service|ts-travel2-service|ts-travel-service|ts-station-service|ts-security-service|ts-ticketinfo-service|ts-rebook-service|ts-contacts-service|ts-verification-code-service|ts-admin-travel-service|ts-route-service|ts-food-mysql|ts-price-service|ts-admin-route-service|ts-news-service|ts-cancel-service|ts-inside-payment-mongo|ts-preserve-service|ts-ui-dashboard|ts-voucher-service|ts-preserve-other-service|ts-food-map-mongo|ts-payment-mongo|ts-route-plan-service|ts-auth-service|ts-travel-mongo|ts-order-mongo|ts-security-mongo|ts-consign-mongo|ts-train-mongo|ts-food-mongo|ts-admin-order-service|ts-order-other-mongo|ts-ticket-office-mongo|ts-basic-service|ts-consign-price-mongo|ts-order-service|ts-preserve-mongo|ts-config-mongo|ts-notification-mongo|ts-preserve-other-mongo|ts-user-mongo|ts-travel2-mongo|ts-seat-service|ts-user-service|ts-contacts-mongo|ts-notification-service|ts-auth-mongo|ts-price-mongo|ts-travel-plan-service|ts-route-mongo|ts-admin-user-service|ts-admin-basic-info-service|ts-voucher-mysql,ts-admin-basic-info-service|ts-admin-order-service|ts-admin-route-service|ts-admin-travel-service|ts-admin-user-service|ts-assurance-service|ts-auth-mongo|ts-auth-service|ts-basic-service|ts-cancel-service|ts-config-mongo|ts-config-service|ts-consign-mongo|ts-consign-price-mongo|ts-consign-price-service|ts-consign-service|ts-contacts-mongo|ts-contacts-service|ts-food-map-mongo|ts-food-map-service|ts-food-mongo|ts-food-mysql|ts-food-service|ts-inside-payment-mongo|ts-inside-payment-service|ts-news-service|ts-notification-mongo|ts-notification-service|ts-order-mongo|ts-order-other-mongo|ts-order-service|ts-payment-mongo|ts-preserve-mongo|ts-preserve-other-mongo|ts-preserve-other-service|ts-preserve-service|ts-price-mongo|ts-price-service|ts-rebook-service|ts-route-mongo|ts-route-plan-service|ts-route-service|ts-seat-service|ts-security-mongo|ts-security-service|ts-station-service|ts-ticket-office-mongo|ts-ticket-office-service|ts-ticketinfo-service|ts-train-mongo|ts-train-service|ts-travel-mongo|ts-travel-plan-service|ts-travel-service|ts-travel2-mongo|ts-travel2-service|ts-ui-dashboard|ts-user-mongo|ts-user-service|ts-verification-code-service|ts-voucher-mysql|ts-voucher-service,,,0.07390809059143066,0.011628150939941406,68,62,True,True,False,False,True,False
TrainTicket,ts-travel-service,disk,3,nsigma,tai nguyen,latency-50,duong,ts-travel-service|ts-route-plan-service|ts-cancel-service|ts-preserve-other-service|ts-execute-service|ts-consign-price-service|ts-admin-travel-service|ts-avatar-service|ts-config-service|ts-food-map-service|ts-admin-route-service|ts-rebook-service|ts-food-service|ts-travel-plan-service|ts-preserve-service|ts-admin-user-service|ts-travel2-service|ts-config-mongo|ts-ticketinfo-service|ts-user-service|ts-ticket-office-mongo|ts-inside-payment-service|ts-contacts-mongo|ts-admin-basic-info-service|ts-admin-order-service|ts-ui-dashboard|ts-security-service|ts-notification-service|ts-route-service|ts-payment-service|ts-seat-service|ts-train-mongo|ts-price-mongo|ts-user-mongo|ts-order-mongo|ts-assurance-service|ts-contacts-service|ts-order-service|ts-food-mongo|ts-security-mongo|ts-preserve-mongo|ts-route-mongo|ts-order-other-mongo|ts-notification-mongo|ts-travel-mongo|ts-inside-payment-mongo|ts-food-map-mongo|ts-station-service|ts-station-mongo|ts-preserve-other-mongo|ts-news-service|ts-basic-service|ts-consign-price-mongo|ts-order-other-service|ts-price-service|ts-assurance-mongo|ts-auth-service|ts-consign-service|ts-consign-mongo|ts-auth-mongo|ts-verification-code-service|ts-train-service|ts-payment-mongo|ts-travel2-mongo|ts-voucher-service|ts-ticket-office-service|ts-food-mysql|ts-voucher-mysql,ts-consign-price-service|ts-admin-travel-service|ts-food-service|ts-travel-service|ts-ui-dashboard|ts-ticketinfo-service|ts-food-map-service|ts-price-service|ts-config-service|ts-order-service|ts-assurance-service|ts-travel2-service|ts-train-service|ts-route-service|ts-basic-service|ts-auth-service|ts-admin-basic-info-service|ts-station-service|ts-inside-payment-service,ts-admin-basic-info-service|ts-admin-travel-service|ts-assurance-service|ts-auth-service|ts-basic-service|ts-config-service|ts-consign-price-service|ts-food-map-service|ts-food-service|ts-inside-payment-service|ts-order-service|ts-price-service|ts-route-service|ts-station-service|ts-ticketinfo-service|ts-train-service|ts-travel-service|ts-travel2-service|ts-ui-dashboard,,,0.041748046875,0.0030651092529296875,68,19,True,True,False,False,True,True
TrainTicket,ts-travel-service,disk,3,baro,tai nguyen,latency-50,duong,ts-travel-service|ts-rebook-service|ts-avatar-service|ts-admin-route-service|ts-admin-order-service|ts-preserve-service|ts-route-plan-service|ts-execute-service|ts-price-service|ts-preserve-other-service|ts-cancel-service|ts-order-service|ts-config-service|ts-travel-plan-service|ts-security-service|ts-user-service|ts-admin-basic-info-service|ts-consign-price-service|ts-admin-user-service|ts-notification-service|ts-food-service|ts-ui-dashboard|ts-contacts-mongo|ts-food-map-service|ts-order-mongo|ts-auth-service|ts-contacts-service|ts-route-service|ts-config-mongo|ts-user-mongo|ts-order-other-mongo|ts-payment-service|ts-food-mongo|ts-ticketinfo-service|ts-train-mongo|ts-preserve-other-mongo|ts-inside-payment-service|ts-ticket-office-mongo|ts-travel2-service|ts-assurance-mongo|ts-seat-service|ts-train-service|ts-route-mongo|ts-notification-mongo|ts-basic-service|ts-assurance-service|ts-security-mongo|ts-preserve-mongo|ts-inside-payment-mongo|ts-price-mongo|ts-food-map-mongo|ts-travel-mongo|ts-auth-mongo|ts-verification-code-service|ts-station-mongo|ts-station-service|ts-order-other-service|ts-consign-mongo|ts-news-service|ts-payment-mongo|ts-consign-price-mongo|ts-consign-service|ts-voucher-service|ts-admin-travel-service|ts-ticket-office-service|ts-travel2-mongo|ts-food-mysql|ts-voucher-mysql,ts-consign-price-service|ts-food-service|ts-travel-service|ts-ui-dashboard|ts-ticketinfo-service|ts-order-service|ts-food-map-service|ts-travel2-service|ts-price-service|ts-config-service|ts-assurance-service|ts-auth-service|ts-basic-service|ts-train-service|ts-route-service|ts-station-service|ts-admin-travel-service|ts-inside-payment-service|ts-admin-basic-info-service,ts-admin-basic-info-service|ts-admin-travel-service|ts-assurance-service|ts-auth-service|ts-basic-service|ts-config-service|ts-consign-price-service|ts-food-map-service|ts-food-service|ts-inside-payment-service|ts-order-service|ts-price-service|ts-route-service|ts-station-service|ts-ticketinfo-service|ts-train-service|ts-travel-service|ts-travel2-service|ts-ui-dashboard,,,0.053330183029174805,0.003907203674316406,68,19,True,True,False,False,True,True
TrainTicket,ts-travel-service,loss,1,nsigma,mang,latency-50,duong,ts-order-other-service|ts-travel-service|ts-execute-service|ts-food-service|ts-admin-route-service|ts-admin-user-service|ts-rebook-service|ts-preserve-service|ts-travel-plan-service|ts-admin-order-service|ts-cancel-service|ts-order-service|ts-notification-service|ts-route-plan-service|ts-inside-payment-service|ts-inside-payment-mongo|ts-security-service|ts-assurance-service|ts-seat-service|ts-ui-dashboard|ts-preserve-other-service|ts-train-service|ts-ticket-office-mongo|ts-travel2-service|ts-notification-mongo|ts-consign-service|ts-config-service|ts-travel-mongo|ts-contacts-service|ts-ticketinfo-service|ts-security-mongo|ts-config-mongo|ts-station-service|ts-consign-price-service|ts-preserve-other-mongo|ts-news-service|ts-basic-service|ts-payment-mongo|ts-route-service|ts-user-service|ts-food-map-mongo|ts-station-mongo|ts-price-mongo|ts-travel2-mongo|ts-preserve-mongo|ts-order-mongo|ts-admin-basic-info-service|ts-order-other-mongo|ts-payment-service|ts-food-map-service|ts-verification-code-service|ts-auth-service|ts-admin-travel-service|ts-price-service|ts-contacts-mongo|ts-user-mongo|ts-assurance-mongo|ts-consign-mongo|ts-consign-price-mongo|ts-auth-mongo|ts-food-mongo|ts-train-mongo|ts-route-mongo|ts-avatar-service|ts-ticket-office-service|ts-food-mysql|ts-voucher-service|ts-voucher-mysql,ts-travel-service|ts-preserve-service|ts-order-service|ts-food-service|ts-train-service|ts-order-other-service|ts-assurance-service|ts-contacts-service|ts-inside-payment-service|ts-ticketinfo-service|ts-security-service|ts-ui-dashboard|ts-auth-service|ts-basic-service|ts-seat-service|ts-food-map-service|ts-travel2-service|ts-route-service|ts-station-service|ts-admin-travel-service|ts-admin-basic-info-service|ts-user-service|ts-config-service|ts-price-service,ts-admin-basic-info-service|ts-admin-travel-service|ts-assurance-service|ts-auth-service|ts-basic-service|ts-config-service|ts-contacts-service|ts-food-map-service|ts-food-service|ts-inside-payment-service|ts-order-other-service|ts-order-service|ts-preserve-service|ts-price-service|ts-route-service|ts-seat-service|ts-security-service|ts-station-service|ts-ticketinfo-service|ts-train-service|ts-travel-service|ts-travel2-service|ts-ui-dashboard|ts-user-service,,,0.0422060489654541,0.003840923309326172,68,24,False,False,True,True,True,True
TrainTicket,ts-travel-service,loss,1,baro,mang,latency-50,duong,ts-order-other-service|ts-order-service|ts-admin-route-service|ts-preserve-service|ts-admin-user-service|ts-execute-service|ts-rebook-service|ts-travel-plan-service|ts-admin-order-service|ts-food-service|ts-travel-service|ts-notification-service|ts-cancel-service|ts-contacts-service|ts-route-plan-service|ts-seat-service|ts-security-service|ts-inside-payment-service|ts-news-service|ts-inside-payment-mongo|ts-preserve-other-service|ts-consign-price-service|ts-assurance-service|ts-user-service|ts-train-service|ts-consign-service|ts-verification-code-service|ts-order-other-mongo|ts-ticket-office-mongo|ts-ui-dashboard|ts-travel-mongo|ts-notification-mongo|ts-travel2-service|ts-config-mongo|ts-security-mongo|ts-config-service|ts-basic-service|ts-preserve-other-mongo|ts-ticketinfo-service|ts-food-map-service|ts-station-service|ts-route-service|ts-payment-mongo|ts-preserve-mongo|ts-food-map-mongo|ts-auth-service|ts-station-mongo|ts-travel2-mongo|ts-admin-travel-service|ts-price-mongo|ts-consign-price-mongo|ts-train-mongo|ts-payment-service|ts-admin-basic-info-service|ts-consign-mongo|ts-order-mongo|ts-price-service|ts-contacts-mongo|ts-user-mongo|ts-auth-mongo|ts-avatar-service|ts-food-mongo|ts-ticket-office-service|ts-route-mongo|ts-assurance-mongo|ts-food-mysql|ts-voucher-mysql|ts-voucher-service,ts-travel-service|ts-seat-service|ts-food-service|ts-order-service|ts-preserve-service|ts-security-service|ts-train-service|ts-contacts-service|ts-order-other-service|ts-ticketinfo-service|ts-assurance-service|ts-inside-payment-service|ts-auth-service|ts-ui-dashboard|ts-basic-service|ts-route-service|ts-station-service|ts-food-map-service|ts-admin-travel-service|ts-travel2-service|ts-config-service|ts-admin-basic-info-service|ts-user-service|ts-price-service,ts-admin-basic-info-service|ts-admin-travel-service|ts-assurance-service|ts-auth-service|ts-basic-service|ts-config-service|ts-contacts-service|ts-food-map-service|ts-food-service|ts-inside-payment-service|ts-order-other-service|ts-order-service|ts-preserve-service|ts-price-service|ts-route-service|ts-seat-service|ts-security-service|ts-station-service|ts-ticketinfo-service|ts-train-service|ts-travel-service|ts-travel2-service|ts-ui-dashboard|ts-user-service,,,0.053379058837890625,0.004744768142700195,68,24,False,False,True,True,False,True
TrainTicket,ts-travel-service,loss,2,nsigma,mang,latency-50,duong,ts-preserve-service|ts-admin-travel-service|ts-route-plan-service|ts-food-service|ts-admin-order-service|ts-station-service|ts-admin-route-service|ts-food-map-service|ts-seat-service|ts-user-service|ts-ui-dashboard|ts-train-mongo|ts-security-service|ts-travel-service|ts-consign-price-service|ts-cancel-service|ts-rebook-service|ts-travel2-service|ts-auth-service|ts-consign-mongo|ts-price-service|ts-ticket-office-service|ts-order-other-service|ts-verification-code-service|ts-admin-user-service|ts-route-mongo|ts-inside-payment-service|ts-notification-mongo|ts-food-mongo|ts-food-map-mongo|ts-contacts-service|ts-train-service|ts-order-service|ts-ticketinfo-service|ts-travel-plan-service|ts-price-mongo|ts-notification-service|ts-travel2-mongo|ts-preserve-mongo|ts-ticket-office-mongo|ts-assurance-service|ts-route-service|ts-consign-service|ts-station-mongo|ts-admin-basic-info-service|ts-config-service|ts-preserve-other-service|ts-execute-service|ts-assurance-mongo|ts-consign-price-mongo|ts-news-service|ts-basic-service|ts-travel-mongo|ts-auth-mongo|ts-order-other-mongo|ts-order-mongo|ts-payment-mongo|ts-avatar-service|ts-config-mongo|ts-payment-service|ts-user-mongo|ts-preserve-other-mongo|ts-contacts-mongo|ts-inside-payment-mongo|ts-security-mongo|ts-voucher-mysql|ts-voucher-service|ts-food-mysql,ts-admin-travel-service|ts-preserve-service|ts-seat-service|ts-security-service|ts-travel-service|ts-consign-price-service|ts-inside-payment-service|ts-user-service|ts-ticketinfo-service|ts-food-service|ts-contacts-service|ts-order-service|ts-ui-dashboard|ts-train-service|ts-consign-service|ts-auth-service|ts-config-service|ts-assurance-service|ts-travel2-service|ts-food-map-service|ts-order-other-service|ts-price-service|ts-admin-basic-info-service|ts-route-service|ts-basic-service|ts-station-service,ts-admin-basic-info-service|ts-admin-travel-service|ts-assurance-service|ts-auth-service|ts-basic-service|ts-config-service|ts-consign-price-service|ts-consign-service|ts-contacts-service|ts-food-map-service|ts-food-service|ts-inside-payment-service|ts-order-other-service|ts-order-service|ts-preserve-service|ts-price-service|ts-route-service|ts-seat-service|ts-security-service|ts-station-service|ts-ticketinfo-service|ts-train-service|ts-travel-service|ts-travel2-service|ts-ui-dashboard|ts-user-service,,,0.04356884956359863,0.004094123840332031,68,26,False,False,False,True,False,True
TrainTicket,ts-travel-service,loss,2,baro,mang,latency-50,duong,ts-route-plan-service|ts-cancel-service|ts-admin-order-service|ts-verification-code-service|ts-execute-service|ts-station-service|ts-seat-service|ts-food-service|ts-auth-service|ts-admin-route-service|ts-food-map-service|ts-user-service|ts-train-service|ts-price-service|ts-travel2-service|ts-admin-user-service|ts-rebook-service|ts-security-service|ts-config-service|ts-preserve-service|ts-travel-plan-service|ts-notification-service|ts-travel-service|ts-ui-dashboard|ts-assurance-service|ts-order-service|ts-train-mongo|ts-consign-price-service|ts-basic-service|ts-ticketinfo-service|ts-route-mongo|ts-preserve-other-service|ts-contacts-service|ts-ticket-office-service|ts-order-other-service|ts-inside-payment-service|ts-consign-mongo|ts-price-mongo|ts-admin-basic-info-service|ts-notification-mongo|ts-preserve-mongo|ts-food-map-mongo|ts-travel2-mongo|ts-food-mongo|ts-route-service|ts-consign-service|ts-consign-price-mongo|ts-voucher-mysql|ts-admin-travel-service|ts-station-mongo|ts-avatar-service|ts-ticket-office-mongo|ts-config-mongo|ts-order-mongo|ts-order-other-mongo|ts-travel-mongo|ts-news-service|ts-auth-mongo|ts-assurance-mongo|ts-payment-service|ts-payment-mongo|ts-contacts-mongo|ts-inside-payment-mongo|ts-preserve-other-mongo|ts-voucher-service|ts-user-mongo|ts-security-mongo|ts-food-mysql,ts-seat-service|ts-security-service|ts-travel-service|ts-consign-price-service|ts-user-service|ts-train-service|ts-contacts-service|ts-order-service|ts-inside-payment-service|ts-food-service|ts-ticketinfo-service|ts-ui-dashboard|ts-consign-service|ts-assurance-service|ts-travel2-service|ts-auth-service|ts-config-service|ts-food-map-service|ts-price-service|ts-order-other-service|ts-preserve-service|ts-admin-basic-info-service|ts-route-service|ts-admin-travel-service|ts-basic-service|ts-station-service,ts-admin-basic-info-service|ts-admin-travel-service|ts-assurance-service|ts-auth-service|ts-basic-service|ts-config-service|ts-consign-price-service|ts-consign-service|ts-contacts-service|ts-food-map-service|ts-food-service|ts-inside-payment-service|ts-order-other-service|ts-order-service|ts-preserve-service|ts-price-service|ts-route-service|ts-seat-service|ts-security-service|ts-station-service|ts-ticketinfo-service|ts-train-service|ts-travel-service|ts-travel2-service|ts-ui-dashboard|ts-user-service,,,0.0557560920715332,0.0050890445709228516,68,26,False,False,False,False,False,True
TrainTicket,ts-travel-service,loss,3,nsigma,mang,latency-50,duong,ts-admin-travel-service|ts-travel-service|ts-seat-service|ts-food-service|ts-payment-service|ts-admin-basic-info-service|ts-inside-payment-service|ts-order-service|ts-user-service|ts-travel2-service|ts-security-service|ts-consign-service|ts-config-service|ts-consign-price-service|ts-ticket-office-mongo|ts-ticketinfo-service|ts-ui-dashboard|ts-train-service|ts-order-other-service|ts-route-service|ts-station-mongo|ts-news-service|ts-preserve-other-service|ts-contacts-service|ts-consign-mongo|ts-basic-service|ts-food-map-mongo|ts-station-service|ts-assurance-service|ts-food-mongo|ts-price-service|ts-security-mongo|ts-payment-mongo|ts-route-plan-service|ts-rebook-service|ts-admin-user-service|ts-preserve-other-mongo|ts-verification-code-service|ts-admin-route-service|ts-travel-plan-service|ts-admin-order-service|ts-execute-service|ts-order-mongo|ts-preserve-service|ts-user-mongo|ts-notification-mongo|ts-ticket-office-service|ts-cancel-service|ts-consign-price-mongo|ts-food-map-service|ts-notification-service|ts-travel-mongo|ts-auth-service|ts-contacts-mongo|ts-config-mongo|ts-travel2-mongo|ts-inside-payment-mongo|ts-price-mongo|ts-route-mongo|ts-assurance-mongo|ts-order-other-mongo|ts-train-mongo|ts-avatar-service|ts-preserve-mongo|ts-voucher-service|ts-auth-mongo|ts-voucher-mysql,ts-admin-travel-service|ts-travel-service|ts-seat-service|ts-food-service|ts-security-service|ts-user-service|ts-order-other-service|ts-ticketinfo-service|ts-consign-price-service|ts-consign-service|ts-order-service|ts-contacts-service|ts-ui-dashboard|ts-travel2-service|ts-food-map-service|ts-assurance-service|ts-route-service|ts-config-service|ts-basic-service|ts-train-service|ts-station-service|ts-inside-payment-service|ts-auth-service|ts-price-service|ts-admin-basic-info-service,ts-admin-basic-info-service|ts-admin-travel-service|ts-assurance-service|ts-auth-service|ts-basic-service|ts-config-service|ts-consign-price-service|ts-consign-service|ts-contacts-service|ts-food-map-service|ts-food-service|ts-inside-payment-service|ts-order-other-service|ts-order-service|ts-price-service|ts-route-service|ts-seat-service|ts-security-service|ts-station-service|ts-ticketinfo-service|ts-train-service|ts-travel-service|ts-travel2-service|ts-ui-dashboard|ts-user-service,,,0.044963836669921875,0.020384788513183594,67,25,False,False,False,True,True,True
TrainTicket,ts-travel-service,loss,3,baro,mang,latency-50,duong,ts-travel-service|ts-seat-service|ts-order-service|ts-food-service|ts-payment-service|ts-admin-basic-info-service|ts-user-service|ts-travel2-mongo|ts-inside-payment-service|ts-food-mongo|ts-admin-route-service|ts-route-plan-service|ts-travel-plan-service|ts-admin-travel-service|ts-admin-user-service|ts-travel2-service|ts-config-service|ts-rebook-service|ts-notification-service|ts-user-mongo|ts-consign-service|ts-price-service|ts-execute-service|ts-verification-code-service|ts-admin-order-service|ts-ui-dashboard|ts-route-service|ts-order-other-service|ts-station-mongo|ts-security-service|ts-train-service|ts-consign-price-service|ts-ticket-office-mongo|ts-ticketinfo-service|ts-contacts-service|ts-preserve-service|ts-cancel-service|ts-basic-service|ts-consign-mongo|ts-station-service|ts-preserve-other-service|ts-food-map-mongo|ts-news-service|ts-order-mongo|ts-preserve-other-mongo|ts-inside-payment-mongo|ts-assurance-service|ts-notification-mongo|ts-preserve-mongo|ts-ticket-office-service|ts-food-map-service|ts-travel-mongo|ts-payment-mongo|ts-auth-service|ts-avatar-service|ts-security-mongo|ts-contacts-mongo|ts-config-mongo|ts-voucher-service|ts-consign-price-mongo|ts-train-mongo|ts-price-mongo|ts-route-mongo|ts-order-other-mongo|ts-assurance-mongo|ts-voucher-mysql|ts-auth-mongo,ts-travel-service|ts-seat-service|ts-food-service|ts-user-service|ts-consign-service|ts-order-other-service|ts-consign-price-service|ts-order-service|ts-contacts-service|ts-ticketinfo-service|ts-ui-dashboard|ts-assurance-service|ts-admin-travel-service|ts-travel2-service|ts-inside-payment-service|ts-route-service|ts-food-map-service|ts-config-service|ts-basic-service|ts-station-service|ts-train-service|ts-price-service|ts-auth-service|ts-security-service|ts-admin-basic-info-service,ts-admin-basic-info-service|ts-admin-travel-service|ts-assurance-service|ts-auth-service|ts-basic-service|ts-config-service|ts-consign-price-service|ts-consign-service|ts-contacts-service|ts-food-map-service|ts-food-service|ts-inside-payment-service|ts-order-other-service|ts-order-service|ts-price-service|ts-route-service|ts-seat-service|ts-security-service|ts-station-service|ts-ticketinfo-service|ts-train-service|ts-travel-service|ts-travel2-service|ts-ui-dashboard|ts-user-service,,,0.056704044342041016,0.004954099655151367,67,25,True,True,True,True,True,True
TrainTicket,ts-travel-service,mem,1,nsigma,tai nguyen,cpu,node,ts-travel-service|ts-admin-travel-service|ts-admin-basic-info-service|ts-seat-service|ts-basic-service|ts-user-service|ts-route-service|ts-admin-user-service|ts-inside-payment-service|ts-payment-service|ts-train-service|ts-order-service|ts-route-plan-service|ts-food-service|ts-execute-service|ts-consign-price-service|ts-travel2-service|ts-auth-service|ts-preserve-service|ts-ui-dashboard|ts-food-mongo|ts-food-map-service|ts-config-service|ts-security-service|ts-food-map-mongo|ts-ticketinfo-service|ts-travel-plan-service|ts-payment-mongo|ts-notification-mongo|ts-order-other-service|ts-preserve-other-service|ts-consign-price-mongo|ts-assurance-service|ts-auth-mongo|ts-price-service|ts-preserve-mongo|ts-order-mongo|ts-contacts-service|ts-news-service|ts-rebook-service|ts-notification-service|ts-user-mongo|ts-station-service|ts-consign-mongo|ts-ticket-office-service|ts-preserve-other-mongo|ts-price-mongo|ts-admin-route-service|ts-travel-mongo|ts-verification-code-service|ts-cancel-service|ts-train-mongo|ts-consign-service|ts-admin-order-service|ts-config-mongo|ts-inside-payment-mongo|ts-contacts-mongo|ts-assurance-mongo|ts-route-mongo|ts-travel2-mongo|ts-security-mongo|ts-order-other-mongo|ts-ticket-office-mongo|ts-avatar-service|ts-voucher-mysql|ts-food-mysql|ts-voucher-service|ts-station-mongo,ts-travel-service|ts-user-service|ts-food-service|ts-travel2-service|ts-preserve-other-service|ts-food-map-service|ts-payment-service|ts-execute-service|ts-order-mongo|ts-seat-service|ts-consign-price-service|ts-order-other-service|ts-travel-mongo|ts-news-service|ts-basic-service|ts-consign-service|ts-assurance-service|ts-train-mongo|ts-contacts-service|ts-admin-basic-info-service|ts-avatar-service|ts-config-mongo|ts-route-mongo|ts-security-service|ts-train-service|ts-order-other-mongo|ts-route-service|ts-station-service|ts-inside-payment-mongo|ts-voucher-mysql|ts-notification-mongo|ts-payment-mongo|ts-contacts-mongo|ts-assurance-mongo|ts-ticket-office-service|ts-ui-dashboard|ts-order-service|ts-food-mongo|ts-preserve-other-mongo|ts-security-mongo|ts-consign-price-mongo|ts-ticket-office-mongo|ts-travel2-mongo|ts-food-map-mongo|ts-price-mongo|ts-preserve-mongo|ts-user-mongo|ts-food-mysql|ts-auth-mongo|ts-route-plan-service|ts-inside-payment-service|ts-cancel-service|ts-notification-service|ts-price-service|ts-admin-travel-service|ts-admin-user-service|ts-travel-plan-service|ts-rebook-service|ts-admin-route-service|ts-verification-code-service|ts-admin-order-service,ts-admin-basic-info-service|ts-admin-order-service|ts-admin-route-service|ts-admin-travel-service|ts-admin-user-service|ts-assurance-mongo|ts-assurance-service|ts-auth-mongo|ts-avatar-service|ts-basic-service|ts-cancel-service|ts-config-mongo|ts-consign-price-mongo|ts-consign-price-service|ts-consign-service|ts-contacts-mongo|ts-contacts-service|ts-execute-service|ts-food-map-mongo|ts-food-map-service|ts-food-mongo|ts-food-mysql|ts-food-service|ts-inside-payment-mongo|ts-inside-payment-service|ts-news-service|ts-notification-mongo|ts-notification-service|ts-order-mongo|ts-order-other-mongo|ts-order-other-service|ts-order-service|ts-payment-mongo|ts-payment-service|ts-preserve-mongo|ts-preserve-other-mongo|ts-preserve-other-service|ts-price-mongo|ts-price-service|ts-rebook-service|ts-route-mongo|ts-route-plan-service|ts-route-service|ts-seat-service|ts-security-mongo|ts-security-service|ts-station-service|ts-ticket-office-mongo|ts-ticket-office-service|ts-train-mongo|ts-train-service|ts-travel-mongo|ts-travel-plan-service|ts-travel-service|ts-travel2-mongo|ts-travel2-service|ts-ui-dashboard|ts-user-mongo|ts-user-service|ts-verification-code-service|ts-voucher-mysql,,,0.04370903968811035,0.008755922317504883,68,61,True,True,True,True,True,True
TrainTicket,ts-travel-service,mem,1,baro,tai nguyen,cpu,node,ts-travel-service|ts-admin-basic-info-service|ts-seat-service|ts-admin-user-service|ts-food-service|ts-basic-service|ts-travel-plan-service|ts-route-service|ts-user-service|ts-admin-travel-service|ts-inside-payment-service|ts-payment-service|ts-train-service|ts-execute-service|ts-order-service|ts-consign-price-service|ts-route-plan-service|ts-config-service|ts-travel2-service|ts-rebook-service|ts-preserve-service|ts-security-service|ts-notification-service|ts-auth-service|ts-ui-dashboard|ts-food-map-service|ts-admin-route-service|ts-contacts-service|ts-food-map-mongo|ts-security-mongo|ts-food-mongo|ts-travel-mongo|ts-ticketinfo-service|ts-admin-order-service|ts-verification-code-service|ts-cancel-service|ts-notification-mongo|ts-order-other-service|ts-price-mongo|ts-preserve-mongo|ts-preserve-other-service|ts-payment-mongo|ts-user-mongo|ts-order-mongo|ts-consign-price-mongo|ts-config-mongo|ts-assurance-service|ts-ticket-office-service|ts-assurance-mongo|ts-price-service|ts-station-service|ts-auth-mongo|ts-route-mongo|ts-news-service|ts-ticket-office-mongo|ts-train-mongo|ts-order-other-mongo|ts-consign-mongo|ts-avatar-service|ts-inside-payment-mongo|ts-voucher-mysql|ts-contacts-mongo|ts-preserve-other-mongo|ts-travel2-mongo|ts-consign-service|ts-food-mysql|ts-station-mongo|ts-voucher-service,ts-travel-service|ts-user-service|ts-food-service|ts-travel2-service|ts-execute-service|ts-preserve-other-service|ts-food-map-service|ts-payment-service|ts-order-mongo|ts-assurance-service|ts-contacts-service|ts-ticket-office-service|ts-seat-service|ts-price-service|ts-route-mongo|ts-order-other-service|ts-order-service|ts-travel-mongo|ts-order-other-mongo|ts-assurance-mongo|ts-train-mongo|ts-avatar-service|ts-inside-payment-mongo|ts-voucher-mysql|ts-cancel-service|ts-notification-mongo|ts-consign-price-service|ts-security-mongo|ts-route-plan-service|ts-basic-service|ts-payment-mongo|ts-config-mongo|ts-inside-payment-service|ts-food-map-mongo|ts-consign-service|ts-food-mysql|ts-route-service|ts-train-service|ts-ticket-office-mongo|ts-admin-basic-info-service|ts-news-service|ts-user-mongo|ts-consign-price-mongo|ts-food-mongo|ts-contacts-mongo|ts-price-mongo|ts-security-service|ts-travel2-mongo|ts-station-service|ts-preserve-mongo|ts-ui-dashboard|ts-preserve-other-mongo|ts-admin-user-service|ts-auth-mongo|ts-admin-travel-service|ts-verification-code-service|ts-notification-service|ts-rebook-service|ts-travel-plan-service|ts-admin-order-service|ts-admin-route-service,ts-admin-basic-info-service|ts-admin-order-service|ts-admin-route-service|ts-admin-travel-service|ts-admin-user-service|ts-assurance-mongo|ts-assurance-service|ts-auth-mongo|ts-avatar-service|ts-basic-service|ts-cancel-service|ts-config-mongo|ts-consign-price-mongo|ts-consign-price-service|ts-consign-service|ts-contacts-mongo|ts-contacts-service|ts-execute-service|ts-food-map-mongo|ts-food-map-service|ts-food-mongo|ts-food-mysql|ts-food-service|ts-inside-payment-mongo|ts-inside-payment-service|ts-news-service|ts-notification-mongo|ts-notification-service|ts-order-mongo|ts-order-other-mongo|ts-order-other-service|ts-order-service|ts-payment-mongo|ts-payment-service|ts-preserve-mongo|ts-preserve-other-mongo|ts-preserve-other-service|ts-price-mongo|ts-price-service|ts-rebook-service|ts-route-mongo|ts-route-plan-service|ts-route-service|ts-seat-service|ts-security-mongo|ts-security-service|ts-station-service|ts-ticket-office-mongo|ts-ticket-office-service|ts-train-mongo|ts-train-service|ts-travel-mongo|ts-travel-plan-service|ts-travel-service|ts-travel2-mongo|ts-travel2-service|ts-ui-dashboard|ts-user-mongo|ts-user-service|ts-verification-code-service|ts-voucher-mysql,,,0.055520057678222656,0.01125025749206543,68,61,True,True,True,True,True,True
TrainTicket,ts-travel-service,mem,2,nsigma,tai nguyen,latency-50,duong,ts-train-service|ts-travel-service|ts-admin-user-service|ts-basic-service|ts-food-service|ts-order-other-service|ts-seat-service|ts-admin-basic-info-service|ts-consign-price-service|ts-order-service|ts-payment-service|ts-route-service|ts-admin-travel-service|ts-user-service|ts-route-plan-service|ts-inside-payment-service|ts-ticketinfo-service|ts-station-service|ts-travel2-service|ts-preserve-service|ts-ui-dashboard|ts-ticket-office-service|ts-consign-service|ts-config-service|ts-security-service|ts-travel-mongo|ts-food-mongo|ts-route-mongo|ts-consign-mongo|ts-payment-mongo|ts-assurance-service|ts-train-mongo|ts-security-mongo|ts-station-mongo|ts-news-service|ts-preserve-other-service|ts-inside-payment-mongo|ts-config-mongo|ts-price-service|ts-notification-service|ts-travel2-mongo|ts-auth-service|ts-contacts-service|ts-cancel-service|ts-preserve-other-mongo|ts-food-map-service|ts-order-mongo|ts-verification-code-service|ts-contacts-mongo|ts-admin-order-service|ts-execute-service|ts-admin-route-service|ts-consign-price-mongo|ts-rebook-service|ts-travel-plan-service|ts-notification-mongo|ts-user-mongo|ts-price-mongo|ts-preserve-mongo|ts-ticket-office-mongo|ts-order-other-mongo|ts-assurance-mongo|ts-auth-mongo|ts-voucher-service|ts-avatar-service|ts-voucher-mysql|ts-food-mysql|ts-food-map-mongo,ts-seat-service|ts-food-service|ts-travel-service|ts-basic-service|ts-route-service|ts-ticketinfo-service|ts-station-service|ts-order-other-service|ts-train-service|ts-travel2-service|ts-ui-dashboard|ts-order-service|ts-auth-service|ts-config-service|ts-admin-basic-info-service|ts-food-map-service|ts-consign-price-service|ts-price-service|ts-consign-service|ts-admin-travel-service,ts-admin-basic-info-service|ts-admin-travel-service|ts-auth-service|ts-basic-service|ts-config-service|ts-consign-price-service|ts-consign-service|ts-food-map-service|ts-food-service|ts-order-other-service|ts-order-service|ts-price-service|ts-route-service|ts-seat-service|ts-station-service|ts-ticketinfo-service|ts-train-service|ts-travel-service|ts-travel2-service|ts-ui-dashboard,,,0.04156994819641113,0.0032830238342285156,68,20,False,False,False,False,True,True
TrainTicket,ts-travel-service,mem,2,baro,tai nguyen,latency-50,duong,ts-travel-service|ts-train-service|ts-seat-service|ts-inside-payment-service|ts-admin-basic-info-service|ts-order-other-service|ts-admin-user-service|ts-food-service|ts-travel2-service|ts-payment-service|ts-consign-price-service|ts-order-service|ts-basic-service|ts-route-service|ts-route-plan-service|ts-user-service|ts-admin-travel-service|ts-station-service|ts-ticketinfo-service|ts-ticket-office-service|ts-preserve-service|ts-ui-dashboard|ts-travel-mongo|ts-consign-service|ts-route-mongo|ts-news-service|ts-station-mongo|ts-security-service|ts-config-service|ts-payment-mongo|ts-cancel-service|ts-food-mongo|ts-inside-payment-mongo|ts-consign-mongo|ts-security-mongo|ts-assurance-service|ts-price-service|ts-config-mongo|ts-train-mongo|ts-assurance-mongo|ts-user-mongo|ts-preserve-other-service|ts-auth-service|ts-order-mongo|ts-preserve-other-mongo|ts-food-map-service|ts-voucher-service|ts-travel2-mongo|ts-contacts-mongo|ts-ticket-office-mongo|ts-contacts-service|ts-notification-mongo|ts-consign-price-mongo|ts-admin-route-service|ts-notification-service|ts-verification-code-service|ts-price-mongo|ts-preserve-mongo|ts-auth-mongo|ts-rebook-service|ts-avatar-service|ts-travel-plan-service|ts-voucher-mysql|ts-order-other-mongo|ts-admin-order-service|ts-execute-service|ts-food-mysql|ts-food-map-mongo,ts-seat-service|ts-travel-service|ts-food-service|ts-basic-service|ts-route-service|ts-ticketinfo-service|ts-order-other-service|ts-station-service|ts-consign-price-service|ts-order-service|ts-travel2-service|ts-train-service|ts-ui-dashboard|ts-auth-service|ts-consign-service|ts-config-service|ts-price-service|ts-admin-basic-info-service|ts-food-map-service|ts-admin-travel-service,ts-admin-basic-info-service|ts-admin-travel-service|ts-auth-service|ts-basic-service|ts-config-service|ts-consign-price-service|ts-consign-service|ts-food-map-service|ts-food-service|ts-order-other-service|ts-order-service|ts-price-service|ts-route-service|ts-seat-service|ts-station-service|ts-ticketinfo-service|ts-train-service|ts-travel-service|ts-travel2-service|ts-ui-dashboard,,,0.05244016647338867,0.003991127014160156,68,20,True,True,False,False,True,True
TrainTicket,ts-travel-service,mem,3,nsigma,tai nguyen,cpu,node,ts-travel-service|ts-food-service|ts-admin-travel-service|ts-basic-service|ts-consign-price-service|ts-rebook-service|ts-execute-service|ts-route-service|ts-notification-service|ts-payment-service|ts-security-service|ts-admin-route-service|ts-avatar-service|ts-travel-mongo|ts-news-service|ts-admin-basic-info-service|ts-payment-mongo|ts-admin-user-service|ts-travel-plan-service|ts-cancel-service|ts-consign-price-mongo|ts-ticket-office-mongo|ts-order-service|ts-inside-payment-mongo|ts-assurance-service|ts-consign-mongo|ts-admin-order-service|ts-food-map-service|ts-assurance-mongo|ts-config-service|ts-notification-mongo|ts-security-mongo|ts-train-service|ts-route-plan-service|ts-contacts-service|ts-contacts-mongo|ts-preserve-other-service|ts-seat-service|ts-route-mongo|ts-config-mongo|ts-travel2-mongo|ts-verification-code-service|ts-user-service|ts-order-mongo|ts-food-map-mongo|ts-train-mongo|ts-ui-dashboard|ts-auth-mongo|ts-price-mongo|ts-station-mongo|ts-preserve-other-mongo|ts-user-mongo|ts-station-service|ts-auth-service|ts-consign-service|ts-price-service|ts-ticketinfo-service|ts-travel2-service|ts-preserve-service|ts-inside-payment-service|ts-ticket-office-service|ts-order-other-service|ts-order-other-mongo|ts-preserve-mongo|ts-food-mongo|ts-food-mysql|ts-voucher-service|ts-voucher-mysql,ts-payment-service|ts-rebook-service|ts-travel-plan-service|ts-cancel-service|ts-notification-service|ts-admin-user-service|ts-execute-service|ts-assurance-service|ts-config-service|ts-travel-service|ts-route-plan-service|ts-contacts-service|ts-admin-route-service|ts-admin-order-service|ts-consign-price-service|ts-food-map-service|ts-station-mongo|ts-news-service|ts-price-service|ts-admin-basic-info-service|ts-ticket-office-service|ts-consign-service|ts-inside-payment-service|ts-admin-travel-service|ts-auth-service|ts-security-service|ts-consign-price-mongo|ts-food-mysql|ts-order-mongo|ts-user-mongo|ts-consign-mongo|ts-inside-payment-mongo|ts-ticket-office-mongo|ts-voucher-service|ts-assurance-mongo|ts-contacts-mongo|ts-order-other-mongo|ts-travel-mongo|ts-user-service|ts-train-mongo|ts-security-mongo|ts-preserve-mongo|ts-food-map-mongo|ts-travel2-mongo|ts-route-mongo|ts-payment-mongo|ts-ui-dashboard|ts-voucher-mysql|ts-avatar-service|ts-preserve-other-service|ts-notification-mongo|ts-config-mongo|ts-price-mongo|ts-auth-mongo|ts-preserve-other-mongo|ts-preserve-service|ts-order-other-service|ts-seat-service|ts-train-service|ts-food-service|ts-order-service|ts-station-service|ts-basic-service|ts-ticketinfo-service|ts-route-service,ts-admin-basic-info-service|ts-admin-order-service|ts-admin-route-service|ts-admin-travel-service|ts-admin-user-service|ts-assurance-mongo|ts-assurance-service|ts-auth-mongo|ts-auth-service|ts-avatar-service|ts-basic-service|ts-cancel-service|ts-config-mongo|ts-config-service|ts-consign-mongo|ts-consign-price-mongo|ts-consign-price-service|ts-consign-service|ts-contacts-mongo|ts-contacts-service|ts-execute-service|ts-food-map-mongo|ts-food-map-service|ts-food-mysql|ts-food-service|ts-inside-payment-mongo|ts-inside-payment-service|ts-news-service|ts-notification-mongo|ts-notification-service|ts-order-mongo|ts-order-other-mongo|ts-order-other-service|ts-order-service|ts-payment-mongo|ts-payment-service|ts-preserve-mongo|ts-preserve-other-mongo|ts-preserve-other-service|ts-preserve-service|ts-price-mongo|ts-price-service|ts-rebook-service|ts-route-mongo|ts-route-plan-service|ts-route-service|ts-seat-service|ts-security-mongo|ts-security-service|ts-station-mongo|ts-station-service|ts-ticket-office-mongo|ts-ticket-office-service|ts-ticketinfo-service|ts-train-mongo|ts-train-service|ts-travel-mongo|ts-travel-plan-service|ts-travel-service|ts-travel2-mongo|ts-ui-dashboard|ts-user-mongo|ts-user-service|ts-voucher-mysql|ts-voucher-service,,,0.04304170608520508,0.009454965591430664,68,65,True,True,False,False,True,False
TrainTicket,ts-travel-service,mem,3,baro,tai nguyen,cpu,node,ts-travel-service|ts-consign-price-service|ts-admin-travel-service|ts-basic-service|ts-food-service|ts-admin-route-service|ts-rebook-service|ts-route-service|ts-execute-service|ts-notification-service|ts-config-service|ts-payment-service|ts-security-service|ts-avatar-service|ts-cancel-service|ts-news-service|ts-preserve-other-service|ts-travel-mongo|ts-admin-user-service|ts-ui-dashboard|ts-admin-basic-info-service|ts-assurance-service|ts-payment-mongo|ts-seat-service|ts-admin-order-service|ts-travel-plan-service|ts-route-plan-service|ts-inside-payment-mongo|ts-order-service|ts-user-service|ts-ticket-office-mongo|ts-consign-mongo|ts-contacts-service|ts-consign-price-mongo|ts-price-service|ts-train-service|ts-station-mongo|ts-travel2-service|ts-price-mongo|ts-auth-service|ts-order-mongo|ts-food-mysql|ts-route-mongo|ts-assurance-mongo|ts-train-mongo|ts-notification-mongo|ts-security-mongo|ts-ticket-office-service|ts-user-mongo|ts-station-service|ts-preserve-service|ts-config-mongo|ts-food-map-service|ts-contacts-mongo|ts-consign-service|ts-voucher-mysql|ts-travel2-mongo|ts-preserve-other-mongo|ts-voucher-service|ts-inside-payment-service|ts-auth-mongo|ts-ticketinfo-service|ts-order-other-service|ts-food-map-mongo|ts-preserve-mongo|ts-order-other-mongo|ts-verification-code-service|ts-food-mongo,ts-payment-service|ts-rebook-service|ts-cancel-service|ts-admin-user-service|ts-execute-service|ts-notification-service|ts-assurance-service|ts-travel-plan-service|ts-route-plan-service|ts-security-service|ts-user-service|ts-admin-route-service|ts-config-service|ts-admin-order-service|ts-station-mongo|ts-travel-service|ts-preserve-other-service|ts-contacts-service|ts-auth-service|ts-food-mysql|ts-consign-price-service|ts-price-service|ts-ticket-office-service|ts-admin-basic-info-service|ts-food-map-service|ts-contacts-mongo|ts-voucher-mysql|ts-news-service|ts-assurance-mongo|ts-ticket-office-mongo|ts-voucher-service|ts-inside-payment-service|ts-user-mongo|ts-train-mongo|ts-config-mongo|ts-inside-payment-mongo|ts-consign-price-mongo|ts-order-other-mongo|ts-consign-service|ts-admin-travel-service|ts-preserve-mongo|ts-order-mongo|ts-route-mongo|ts-security-mongo|ts-consign-mongo|ts-food-map-mongo|ts-travel2-mongo|ts-travel-mongo|ts-price-mongo|ts-payment-mongo|ts-auth-mongo|ts-avatar-service|ts-preserve-other-mongo|ts-preserve-service|ts-ui-dashboard|ts-notification-mongo|ts-order-other-service|ts-seat-service|ts-food-service|ts-train-service|ts-order-service|ts-station-service|ts-basic-service|ts-route-service|ts-ticketinfo-service,ts-admin-basic-info-service|ts-admin-order-service|ts-admin-route-service|ts-admin-travel-service|ts-admin-user-service|ts-assurance-mongo|ts-assurance-service|ts-auth-mongo|ts-auth-service|ts-avatar-service|ts-basic-service|ts-cancel-service|ts-config-mongo|ts-config-service|ts-consign-mongo|ts-consign-price-mongo|ts-consign-price-service|ts-consign-service|ts-contacts-mongo|ts-contacts-service|ts-execute-service|ts-food-map-mongo|ts-food-map-service|ts-food-mysql|ts-food-service|ts-inside-payment-mongo|ts-inside-payment-service|ts-news-service|ts-notification-mongo|ts-notification-service|ts-order-mongo|ts-order-other-mongo|ts-order-other-service|ts-order-service|ts-payment-mongo|ts-payment-service|ts-preserve-mongo|ts-preserve-other-mongo|ts-preserve-other-service|ts-preserve-service|ts-price-mongo|ts-price-service|ts-rebook-service|ts-route-mongo|ts-route-plan-service|ts-route-service|ts-seat-service|ts-security-mongo|ts-security-service|ts-station-mongo|ts-station-service|ts-ticket-office-mongo|ts-ticket-office-service|ts-ticketinfo-service|ts-train-mongo|ts-train-service|ts-travel-mongo|ts-travel-plan-service|ts-travel-service|ts-travel2-mongo|ts-ui-dashboard|ts-user-mongo|ts-user-service|ts-voucher-mysql|ts-voucher-service,,,0.05436897277832031,0.012076854705810547,68,65,True,True,False,False,True,False
TrainTicket,ts-travel-service,socket,1,nsigma,tai nguyen,latency-50,duong,ts-travel-service|ts-food-service|ts-preserve-other-service|ts-order-service|ts-config-service|ts-admin-basic-info-service|ts-route-service|ts-station-service|ts-verification-code-service|ts-admin-travel-service|ts-auth-service|ts-travel-plan-service|ts-payment-service|ts-contacts-mongo|ts-ticket-office-mongo|ts-admin-order-service|ts-food-map-mongo|ts-ui-dashboard|ts-consign-price-service|ts-route-mongo|ts-consign-service|ts-security-mongo|ts-seat-service|ts-user-mongo|ts-execute-service|ts-order-mongo|ts-payment-mongo|ts-order-other-service|ts-consign-price-mongo|ts-train-service|ts-food-map-service|ts-notification-service|ts-travel2-service|ts-news-service|ts-preserve-service|ts-assurance-service|ts-travel2-mongo|ts-basic-service|ts-ticketinfo-service|ts-security-service|ts-user-service|ts-admin-route-service|ts-assurance-mongo|ts-cancel-service|ts-travel-mongo|ts-rebook-service|ts-contacts-service|ts-admin-user-service|ts-train-mongo|ts-station-mongo|ts-price-service|ts-price-mongo|ts-auth-mongo|ts-inside-payment-service|ts-consign-mongo|ts-route-plan-service|ts-inside-payment-mongo|ts-preserve-mongo|ts-food-mongo|ts-config-mongo|ts-preserve-other-mongo|ts-avatar-service|ts-voucher-mysql|ts-notification-mongo|ts-voucher-service|ts-order-other-mongo|ts-food-mysql|ts-ticket-office-service,ts-food-service|ts-travel-service|ts-auth-service|ts-route-service|ts-ui-dashboard|ts-consign-price-service|ts-config-service|ts-travel2-service|ts-admin-basic-info-service|ts-assurance-service|ts-consign-service|ts-train-service|ts-station-service|ts-price-service|ts-food-map-service|ts-order-service|ts-ticketinfo-service|ts-admin-travel-service|ts-basic-service,ts-admin-basic-info-service|ts-admin-travel-service|ts-assurance-service|ts-auth-service|ts-basic-service|ts-config-service|ts-consign-price-service|ts-consign-service|ts-food-map-service|ts-food-service|ts-order-service|ts-price-service|ts-route-service|ts-station-service|ts-ticketinfo-service|ts-train-service|ts-travel-service|ts-travel2-service|ts-ui-dashboard,,,0.04123401641845703,0.003467082977294922,68,19,True,True,False,True,True,True
TrainTicket,ts-travel-service,socket,1,baro,tai nguyen,latency-50,duong,ts-execute-service|ts-admin-route-service|ts-route-plan-service|ts-travel-service|ts-food-service|ts-order-service|ts-config-service|ts-preserve-other-service|ts-price-service|ts-auth-service|ts-admin-basic-info-service|ts-user-service|ts-route-service|ts-seat-service|ts-preserve-service|ts-admin-travel-service|ts-station-service|ts-consign-price-service|ts-ui-dashboard|ts-travel-plan-service|ts-verification-code-service|ts-order-other-service|ts-consign-service|ts-security-service|ts-train-service|ts-train-mongo|ts-payment-service|ts-user-mongo|ts-food-map-mongo|ts-cancel-service|ts-route-mongo|ts-contacts-mongo|ts-admin-order-service|ts-notification-service|ts-security-mongo|ts-admin-user-service|ts-rebook-service|ts-consign-price-mongo|ts-travel2-service|ts-price-mongo|ts-order-mongo|ts-ticket-office-mongo|ts-notification-mongo|ts-ticketinfo-service|ts-station-mongo|ts-assurance-service|ts-food-mongo|ts-preserve-other-mongo|ts-payment-mongo|ts-inside-payment-service|ts-consign-mongo|ts-avatar-service|ts-travel2-mongo|ts-basic-service|ts-travel-mongo|ts-food-map-service|ts-contacts-service|ts-assurance-mongo|ts-news-service|ts-preserve-mongo|ts-auth-mongo|ts-inside-payment-mongo|ts-voucher-mysql|ts-config-mongo|ts-voucher-service|ts-food-mysql|ts-order-other-mongo|ts-ticket-office-service,ts-food-service|ts-travel-service|ts-auth-service|ts-route-service|ts-ui-dashboard|ts-travel2-service|ts-assurance-service|ts-admin-basic-info-service|ts-config-service|ts-order-service|ts-station-service|ts-train-service|ts-food-map-service|ts-price-service|ts-admin-travel-service|ts-ticketinfo-service|ts-basic-service|ts-consign-service|ts-consign-price-service,ts-admin-basic-info-service|ts-admin-travel-service|ts-assurance-service|ts-auth-service|ts-basic-service|ts-config-service|ts-consign-price-service|ts-consign-service|ts-food-map-service|ts-food-service|ts-order-service|ts-price-service|ts-route-service|ts-station-service|ts-ticketinfo-service|ts-train-service|ts-travel-service|ts-travel2-service|ts-ui-dashboard,,,0.051731109619140625,0.003859281539916992,68,19,False,True,False,True,False,True
TrainTicket,ts-travel-service,socket,2,nsigma,tai nguyen,latency-50,duong,ts-preserve-other-mongo|ts-news-service|ts-notification-mongo|ts-admin-basic-info-service|ts-travel-service|ts-payment-service|ts-consign-service|ts-contacts-service|ts-cancel-service|ts-travel-plan-service|ts-admin-order-service|ts-route-plan-service|ts-ticket-office-mongo|ts-station-mongo|ts-admin-route-service|ts-preserve-mongo|ts-assurance-service|ts-notification-service|ts-preserve-service|ts-food-map-service|ts-execute-service|ts-config-service|ts-consign-price-service|ts-user-mongo|ts-verification-code-service|ts-admin-user-service|ts-inside-payment-service|ts-price-service|ts-rebook-service|ts-ticket-office-service|ts-travel2-mongo|ts-food-service|ts-preserve-other-service|ts-seat-service|ts-route-mongo|ts-admin-travel-service|ts-order-other-mongo|ts-assurance-mongo|ts-basic-service|ts-user-service|ts-ui-dashboard|ts-ticketinfo-service|ts-order-other-service|ts-order-service|ts-auth-service|ts-security-service|ts-payment-mongo|ts-price-mongo|ts-auth-mongo|ts-contacts-mongo|ts-travel2-service|ts-station-service|ts-food-map-mongo|ts-security-mongo|ts-route-service|ts-travel-mongo|ts-train-mongo|ts-train-service|ts-consign-mongo|ts-inside-payment-mongo|ts-config-mongo|ts-consign-price-mongo|ts-food-mongo|ts-voucher-mysql|ts-voucher-service|ts-avatar-service|ts-order-mongo,ts-travel-service|ts-assurance-service|ts-food-service|ts-admin-travel-service|ts-auth-service|ts-seat-service|ts-inside-payment-service|ts-contacts-service|ts-ui-dashboard|ts-admin-basic-info-service|ts-security-service|ts-travel2-service|ts-ticketinfo-service|ts-consign-service|ts-consign-price-service|ts-order-other-service|ts-basic-service|ts-order-service|ts-station-service|ts-route-service|ts-price-service|ts-train-service|ts-food-map-service|ts-config-service,ts-admin-basic-info-service|ts-admin-travel-service|ts-assurance-service|ts-auth-service|ts-basic-service|ts-config-service|ts-consign-price-service|ts-consign-service|ts-contacts-service|ts-food-map-service|ts-food-service|ts-inside-payment-service|ts-order-other-service|ts-order-service|ts-price-service|ts-route-service|ts-seat-service|ts-security-service|ts-station-service|ts-ticketinfo-service|ts-train-service|ts-travel-service|ts-travel2-service|ts-ui-dashboard,,,0.04126906394958496,0.0038568973541259766,67,24,False,False,True,True,False,True
TrainTicket,ts-travel-service,socket,2,baro,tai nguyen,latency-50,duong,ts-price-service|ts-travel-service|ts-rebook-service|ts-news-service|ts-train-service|ts-travel-plan-service|ts-preserve-other-mongo|ts-cancel-service|ts-admin-basic-info-service|ts-assurance-service|ts-notification-mongo|ts-payment-service|ts-consign-service|ts-admin-order-service|ts-notification-service|ts-food-service|ts-admin-route-service|ts-admin-user-service|ts-station-mongo|ts-execute-service|ts-preserve-service|ts-ticketinfo-service|ts-route-plan-service|ts-config-service|ts-contacts-service|ts-verification-code-service|ts-voucher-mysql|ts-basic-service|ts-admin-travel-service|ts-preserve-mongo|ts-ticket-office-mongo|ts-seat-service|ts-user-service|ts-inside-payment-service|ts-ticket-office-service|ts-travel-mongo|ts-preserve-other-service|ts-travel2-mongo|ts-food-map-service|ts-order-other-mongo|ts-route-mongo|ts-inside-payment-mongo|ts-user-mongo|ts-travel2-service|ts-order-other-service|ts-security-service|ts-auth-mongo|ts-consign-price-service|ts-train-mongo|ts-assurance-mongo|ts-order-service|ts-auth-service|ts-avatar-service|ts-station-service|ts-route-service|ts-food-map-mongo|ts-voucher-service|ts-security-mongo|ts-price-mongo|ts-payment-mongo|ts-ui-dashboard|ts-contacts-mongo|ts-consign-mongo|ts-config-mongo|ts-food-mongo|ts-consign-price-mongo|ts-order-mongo,ts-travel-service|ts-food-service|ts-assurance-service|ts-admin-travel-service|ts-seat-service|ts-travel2-service|ts-auth-service|ts-admin-basic-info-service|ts-contacts-service|ts-ui-dashboard|ts-inside-payment-service|ts-consign-service|ts-order-other-service|ts-station-service|ts-basic-service|ts-consign-price-service|ts-security-service|ts-route-service|ts-train-service|ts-food-map-service|ts-ticketinfo-service|ts-config-service|ts-order-service|ts-price-service,ts-admin-basic-info-service|ts-admin-travel-service|ts-assurance-service|ts-auth-service|ts-basic-service|ts-config-service|ts-consign-price-service|ts-consign-service|ts-contacts-service|ts-food-map-service|ts-food-service|ts-inside-payment-service|ts-order-other-service|ts-order-service|ts-price-service|ts-route-service|ts-seat-service|ts-security-service|ts-station-service|ts-ticketinfo-service|ts-train-service|ts-travel-service|ts-travel2-service|ts-ui-dashboard,,,0.05211997032165527,0.004730701446533203,67,24,False,False,True,True,True,True
TrainTicket,ts-travel-service,socket,3,nsigma,tai nguyen,latency-50,duong,ts-travel-service|ts-admin-travel-service|ts-travel-plan-service|ts-seat-service|ts-admin-order-service|ts-food-service|ts-admin-user-service|ts-admin-route-service|ts-route-plan-service|ts-cancel-service|ts-execute-service|ts-notification-service|ts-rebook-service|ts-consign-service|ts-verification-code-service|ts-inside-payment-mongo|ts-ui-dashboard|ts-station-service|ts-assurance-mongo|ts-payment-mongo|ts-basic-service|ts-route-service|ts-security-service|ts-consign-mongo|ts-assurance-service|ts-ticketinfo-service|ts-auth-service|ts-config-mongo|ts-travel2-service|ts-food-mongo|ts-news-service|ts-train-mongo|ts-train-service|ts-inside-payment-service|ts-food-map-mongo|ts-station-mongo|ts-consign-price-mongo|ts-preserve-service|ts-preserve-other-service|ts-travel-mongo|ts-ticket-office-mongo|ts-payment-service|ts-contacts-service|ts-consign-price-service|ts-order-other-service|ts-preserve-other-mongo|ts-contacts-mongo|ts-preserve-mongo|ts-food-map-service|ts-price-service|ts-travel2-mongo|ts-user-mongo|ts-notification-mongo|ts-order-mongo|ts-order-service|ts-user-service|ts-admin-basic-info-service|ts-price-mongo|ts-security-mongo|ts-route-mongo|ts-avatar-service|ts-config-service|ts-auth-mongo|ts-voucher-service|ts-ticket-office-service|ts-voucher-mysql|ts-food-mysql|ts-order-other-mongo,ts-travel-service|ts-admin-travel-service|ts-seat-service|ts-food-service|ts-station-service|ts-basic-service|ts-route-service|ts-auth-service|ts-ticketinfo-service|ts-assurance-service|ts-ui-dashboard|ts-train-service|ts-order-other-service|ts-travel2-service|ts-admin-basic-info-service|ts-contacts-service|ts-food-map-service|ts-consign-service|ts-consign-price-service|ts-security-service|ts-config-service|ts-order-service|ts-user-service|ts-price-service,ts-admin-basic-info-service|ts-admin-travel-service|ts-assurance-service|ts-auth-service|ts-basic-service|ts-config-service|ts-consign-price-service|ts-consign-service|ts-contacts-service|ts-food-map-service|ts-food-service|ts-order-other-service|ts-order-service|ts-price-service|ts-route-service|ts-seat-service|ts-security-service|ts-station-service|ts-ticketinfo-service|ts-train-service|ts-travel-service|ts-travel2-service|ts-ui-dashboard|ts-user-service,,,0.04231405258178711,0.003900766372680664,68,24,True,True,True,True,True,True
TrainTicket,ts-travel-service,socket,3,baro,tai nguyen,latency-50,duong,ts-travel-service|ts-admin-order-service|ts-route-plan-service|ts-admin-route-service|ts-travel-plan-service|ts-admin-user-service|ts-rebook-service|ts-notification-service|ts-execute-service|ts-food-service|ts-cancel-service|ts-seat-service|ts-contacts-service|ts-security-service|ts-food-map-service|ts-price-service|ts-inside-payment-service|ts-inside-payment-mongo|ts-assurance-service|ts-auth-service|ts-station-service|ts-consign-service|ts-ticketinfo-service|ts-route-service|ts-verification-code-service|ts-basic-service|ts-payment-mongo|ts-travel2-service|ts-assurance-mongo|ts-ui-dashboard|ts-order-other-service|ts-consign-mongo|ts-preserve-other-service|ts-config-mongo|ts-news-service|ts-train-mongo|ts-train-service|ts-food-mongo|ts-preserve-service|ts-station-mongo|ts-config-service|ts-consign-price-service|ts-admin-basic-info-service|ts-travel-mongo|ts-preserve-other-mongo|ts-food-map-mongo|ts-consign-price-mongo|ts-payment-service|ts-avatar-service|ts-order-service|ts-user-service|ts-contacts-mongo|ts-ticket-office-mongo|ts-preserve-mongo|ts-voucher-service|ts-user-mongo|ts-travel2-mongo|ts-route-mongo|ts-price-mongo|ts-security-mongo|ts-admin-travel-service|ts-order-mongo|ts-notification-mongo|ts-auth-mongo|ts-ticket-office-service|ts-voucher-mysql|ts-food-mysql|ts-order-other-mongo,ts-travel-service|ts-food-service|ts-seat-service|ts-station-service|ts-basic-service|ts-auth-service|ts-route-service|ts-order-other-service|ts-security-service|ts-ui-dashboard|ts-train-service|ts-assurance-service|ts-ticketinfo-service|ts-contacts-service|ts-admin-basic-info-service|ts-travel2-service|ts-food-map-service|ts-consign-service|ts-consign-price-service|ts-user-service|ts-config-service|ts-order-service|ts-admin-travel-service|ts-price-service,ts-admin-basic-info-service|ts-admin-travel-service|ts-assurance-service|ts-auth-service|ts-basic-service|ts-config-service|ts-consign-price-service|ts-consign-service|ts-contacts-service|ts-food-map-service|ts-food-service|ts-order-other-service|ts-order-service|ts-price-service|ts-route-service|ts-seat-service|ts-security-service|ts-station-service|ts-ticketinfo-service|ts-train-service|ts-travel-service|ts-travel2-service|ts-ui-dashboard|ts-user-service,,,0.05362510681152344,0.004873037338256836,68,24,True,True,True,True,True,True
TrainTicket,ts-auth-service,cpu,1,circa,tai nguyen,latency-50,duong,ts-admin-basic-info-service|ts-admin-route-service|ts-admin-travel-service|ts-admin-user-service|ts-assurance-mongo|ts-assurance-service|ts-auth-mongo|ts-avatar-service|ts-basic-service|ts-cancel-service|ts-config-mongo|ts-config-service|ts-consign-mongo|ts-consign-price-mongo|ts-consign-price-service|ts-consign-service|ts-contacts-mongo|ts-contacts-service|ts-execute-service|ts-food-map-mongo|ts-food-map-service|ts-food-mongo|ts-food-mysql|ts-food-service|ts-inside-payment-mongo|ts-inside-payment-service|ts-news-service|ts-notification-mongo|ts-notification-service|ts-order-other-service|ts-order-service|ts-payment-mongo|ts-payment-service|ts-preserve-mongo|ts-preserve-other-mongo|ts-preserve-other-service|ts-preserve-service|ts-price-mongo|ts-price-service|ts-rebook-service|ts-route-mongo|ts-route-plan-service|ts-route-service|ts-seat-service|ts-security-mongo|ts-security-service|ts-station-mongo|ts-station-service|ts-ticket-office-mongo|ts-ticket-office-service|ts-ticketinfo-service|ts-train-mongo|ts-travel-plan-service|ts-travel-service|ts-travel2-mongo|ts-travel2-service|ts-ui-dashboard|ts-user-service|ts-verification-code-service|ts-voucher-mysql|ts-voucher-service|ts-admin-order-service|ts-auth-service|ts-order-mongo|ts-order-other-mongo|ts-train-service|ts-travel-mongo|ts-user-mongo,ts-ui-dashboard|ts-auth-service|ts-train-service|ts-travel2-service|ts-food-service|ts-ticketinfo-service|ts-config-service|ts-station-service|ts-route-service|ts-admin-basic-info-service|ts-inside-payment-service|ts-price-service|ts-order-service|ts-order-other-service|ts-seat-service|ts-basic-service|ts-food-map-service|ts-travel-service|ts-consign-price-service,ts-admin-basic-info-service|ts-auth-service|ts-basic-service|ts-config-service|ts-consign-price-service|ts-food-map-service|ts-food-service|ts-inside-payment-service|ts-order-other-service|ts-order-service|ts-price-service|ts-route-service|ts-seat-service|ts-station-service|ts-ticketinfo-service|ts-train-service|ts-travel-service|ts-travel2-service|ts-ui-dashboard,FALLBACK,,28.086872100830078,0.29544711112976074,68,19,False,False,False,False,False,True
TrainTicket,ts-auth-service,cpu,1,pc_randomwalk,tai nguyen,latency-50,duong,ts-admin-basic-info-service|ts-admin-route-service|ts-admin-travel-service|ts-admin-user-service|ts-assurance-mongo|ts-assurance-service|ts-auth-mongo|ts-avatar-service|ts-basic-service|ts-cancel-service|ts-config-mongo|ts-config-service|ts-consign-mongo|ts-consign-price-mongo|ts-consign-price-service|ts-consign-service|ts-contacts-mongo|ts-contacts-service|ts-execute-service|ts-food-map-mongo|ts-food-map-service|ts-food-mongo|ts-food-mysql|ts-food-service|ts-inside-payment-mongo|ts-inside-payment-service|ts-news-service|ts-notification-mongo|ts-notification-service|ts-order-other-service|ts-order-service|ts-payment-mongo|ts-payment-service|ts-preserve-mongo|ts-preserve-other-mongo|ts-preserve-other-service|ts-preserve-service|ts-price-mongo|ts-price-service|ts-rebook-service|ts-route-mongo|ts-route-plan-service|ts-route-service|ts-seat-service|ts-security-mongo|ts-security-service|ts-station-mongo|ts-station-service|ts-ticket-office-mongo|ts-ticket-office-service|ts-ticketinfo-service|ts-train-mongo|ts-travel-plan-service|ts-travel-service|ts-travel2-mongo|ts-travel2-service|ts-ui-dashboard|ts-user-service|ts-verification-code-service|ts-voucher-mysql|ts-voucher-service|ts-admin-order-service|ts-auth-service|ts-order-mongo|ts-order-other-mongo|ts-train-service|ts-travel-mongo|ts-user-mongo,ts-consign-price-service|ts-order-service|ts-route-service|ts-station-service|ts-train-service|ts-travel-service|ts-travel2-service|ts-basic-service|ts-inside-payment-service|ts-admin-basic-info-service|ts-auth-service|ts-config-service|ts-food-map-service|ts-food-service|ts-order-other-service|ts-price-service|ts-seat-service|ts-ticketinfo-service|ts-ui-dashboard,ts-admin-basic-info-service|ts-auth-service|ts-basic-service|ts-config-service|ts-consign-price-service|ts-food-map-service|ts-food-service|ts-inside-payment-service|ts-order-other-service|ts-order-service|ts-price-service|ts-route-service|ts-seat-service|ts-station-service|ts-ticketinfo-service|ts-train-service|ts-travel-service|ts-travel2-service|ts-ui-dashboard,FALLBACK,,30.3660409450531,0.3869507312774658,68,19,False,False,False,False,False,False
