scenario,target,fault,metric,B,C,causal_pre,causal_post,assoc_pre,assoc_post,causal_deg,assoc_deg
carts_cpu,carts,cpu,cpu,front-end,catalogue,7.8033065760761255,7.606230390365511,7.847021906499188,7.627835525802684,-0.19707618571061492,-0.2191863806965042
carts_cpu,carts,cpu,cpu,front-end,user,7.806133196176285,7.6100053339118485,7.781509340489561,7.545477801727298,-0.19612786226443646,-0.2360315387622629
carts_cpu,carts,cpu,cpu,front-end,orders,7.8033065760761255,7.606230390365511,7.869895885066764,7.7630785291529625,-0.19707618571061492,-0.10681735591380193
carts_cpu,carts,cpu,cpu,front-end,payment,7.8033065760761255,7.606230390365511,7.663723972339426,7.3588424178546035,-0.19707618571061492,-0.30488155448482246
carts_cpu,carts,cpu,cpu,front-end,shipping,7.8033065760761255,7.606230390365511,7.847021906499188,7.627835525802684,-0.19707618571061492,-0.2191863806965042
carts_cpu,carts,cpu,cpu,catalogue,front-end,9.163299852916644,11.447805084136519,9.117790161644958,11.255965797947901,2.2845052312198746,2.138175636302943
carts_cpu,carts,cpu,cpu,catalogue,user,9.170550227069365,11.449194237784987,9.124525527799825,11.25627929522642,2.278644010715622,2.131753767426595
carts_cpu,carts,cpu,cpu,catalogue,orders,9.163299852916644,11.447805084136519,9.13978360315235,11.281750773986115,2.2845052312198746,2.141967170833764
carts_cpu,carts,cpu,cpu,catalogue,payment,9.163299852916644,11.447805084136519,9.117790161644958,11.255965797947901,2.2845052312198746,2.138175636302943
carts_cpu,carts,cpu,cpu,catalogue,shipping,9.163299852916644,11.447805084136519,9.117790161644958,11.255965797947901,2.2845052312198746,2.138175636302943
carts_cpu,carts,cpu,cpu,user,front-end,8.360286266841067,6.863826323229516,8.153230882446746,6.762309725657882,-1.4964599436115513,-1.3909211567888633
carts_cpu,carts,cpu,cpu,user,catalogue,8.360286266841067,6.863826323229516,8.36294564613272,6.868703662104815,-1.4964599436115513,-1.494241984027905
carts_cpu,carts,cpu,cpu,user,orders,8.360286266841067,6.863826323229516,8.385757798242025,6.940346135170216,-1.4964599436115513,-1.445411663071809
carts_cpu,carts,cpu,cpu,user,payment,8.360286266841067,6.863826323229516,8.104544772959873,6.976466993216393,-1.4964599436115513,-1.1280777797434798
carts_cpu,carts,cpu,cpu,user,shipping,8.360286266841067,6.863826323229516,8.420093102728925,7.050115184855178,-1.4964599436115513,-1.3699779178737472
carts_cpu,carts,cpu,cpu,orders,front-end,17.835983433310794,21.760522227947895,17.67970837777802,22.39170565342101,3.924538794637101,4.7119972756429895
carts_cpu,carts,cpu,cpu,orders,catalogue,17.835983433310794,21.760522227947895,17.80859201302635,21.82165419472844,3.924538794637101,4.0130621817020895
carts_cpu,carts,cpu,cpu,orders,user,17.85225759018301,21.76804806089132,17.583624187949876,21.702389556680966,3.915790470708309,4.11876536873109
carts_cpu,carts,cpu,cpu,orders,payment,17.835983433310794,21.760522227947895,17.835983433310794,21.760522227947895,3.924538794637101,3.924538794637101
carts_cpu,carts,cpu,cpu,orders,shipping,17.835983433310794,21.760522227947895,18.515444131266115,22.400371967336344,3.924538794637101,3.8849278360702293
carts_cpu,carts,cpu,cpu,payment,front-end,6.934735470910056,7.3616890922339735,6.802574608553545,7.198629067085603,0.4269536213239178,0.396054458532058
carts_cpu,carts,cpu,cpu,payment,catalogue,6.934735470910056,7.3616890922339735,6.925854164188664,7.3984524279899935,0.4269536213239178,0.47259826380132974
carts_cpu,carts,cpu,cpu,payment,user,6.909495365532275,7.35472325190559,6.584485696567347,7.405158453043762,0.44522788637331434,0.8206727564764149
carts_cpu,carts,cpu,cpu,payment,orders,6.934735470910056,7.3616890922339735,6.925854164188664,7.3984524279899935,0.4269536213239178,0.47259826380132974
carts_cpu,carts,cpu,cpu,payment,shipping,6.934735470910056,7.3616890922339735,6.922678361814059,7.307750166340927,0.4269536213239178,0.3850718045268682
carts_cpu,carts,cpu,cpu,shipping,front-end,28.142869515884605,36.947443171989654,28.142168194964455,36.94170281138761,8.804573656105049,8.799534616423152
carts_cpu,carts,cpu,cpu,shipping,catalogue,28.142869515884605,36.947443171989654,28.142168194964455,36.94170281138761,8.804573656105049,8.799534616423152
carts_cpu,carts,cpu,cpu,shipping,user,28.162739921672525,36.97611274454706,27.88445955532251,36.924364750953345,8.813372822874534,9.039905195630833
carts_cpu,carts,cpu,cpu,shipping,orders,28.142869515884605,36.947443171989654,26.54720777319644,34.836780288597126,8.804573656105049,8.289572515400685
carts_cpu,carts,cpu,cpu,shipping,payment,28.142869515884605,36.947443171989654,28.179136646379632,37.17426818139309,8.804573656105049,8.995131535013456
carts_cpu,carts,cpu,mem,front-end,catalogue,3.78980406318892,4.0916930932460716,3.841289127800281,4.062918031919624,0.3018890300571515,0.22162890411934288
carts_cpu,carts,cpu,mem,front-end,user,3.78980406318892,4.0916930932460716,3.841289127800281,4.062918031919624,0.3018890300571515,0.22162890411934288
carts_cpu,carts,cpu,mem,front-end,orders,3.78980406318892,4.0916930932460716,3.8054462250567944,4.1641231438692206,0.3018890300571515,0.35867691881242614
carts_cpu,carts,cpu,mem,front-end,payment,3.78980406318892,4.0916930932460716,3.843825833659879,4.088051791519646,0.3018890300571515,0.2442259578597672
carts_cpu,carts,cpu,mem,front-end,shipping,3.78980406318892,4.0916930932460716,3.827311005764082,4.049067972653094,0.3018890300571515,0.22175696688901203
carts_cpu,carts,cpu,mem,catalogue,front-end,0.22642795624492762,0.6284552512921678,0.22642795624492762,0.6284552512921678,0.4020272950472402,0.4020272950472402
carts_cpu,carts,cpu,mem,catalogue,user,0.22642795624492762,0.6284552512921678,0.08801093525035959,0.17790541988698666,0.4020272950472402,0.08989448463662707
carts_cpu,carts,cpu,mem,catalogue,orders,0.22642795624492762,0.6284552512921678,0.22642795624492762,0.6284552512921678,0.4020272950472402,0.4020272950472402
carts_cpu,carts,cpu,mem,catalogue,payment,0.22642795624492762,0.6284552512921678,0.16181120784129513,0.30033997148965474,0.4020272950472402,0.13852876364835962
carts_cpu,carts,cpu,mem,catalogue,shipping,0.22642795624492762,0.6284552512921678,0.22642795624492762,0.6284552512921678,0.4020272950472402,0.4020272950472402
carts_cpu,carts,cpu,mem,user,front-end,0.3848290012488648,0.9868373247234696,0.3848290012488648,0.9868373247234696,0.6020083234746048,0.6020083234746048
carts_cpu,carts,cpu,mem,user,catalogue,0.3848290012488648,0.9868373247234696,0.15459183726428133,0.2512570723012744,0.6020083234746048,0.09666523503699309
carts_cpu,carts,cpu,mem,user,orders,0.3848290012488648,0.9868373247234696,0.3848290012488648,0.9868373247234696,0.6020083234746048,0.6020083234746048
carts_cpu,carts,cpu,mem,user,payment,0.3848290012488648,0.9868373247234696,0.2661147206563292,0.41297954585972924,0.6020083234746048,0.14686482520340005
carts_cpu,carts,cpu,mem,user,shipping,0.3848290012488648,0.9868373247234696,0.3848290012488648,0.9868373247234696,0.6020083234746048,0.6020083234746048
carts_cpu,carts,cpu,mem,orders,front-end,0.054463626309994115,0.08976065729170296,0.054379138397182954,0.09032191431081629,0.035297030981708846,0.03594277591363334
carts_cpu,carts,cpu,mem,orders,catalogue,0.054463626309994115,0.08976065729170296,0.05472602221497739,0.08973032857674364,0.035297030981708846,0.03500430636176625
carts_cpu,carts,cpu,mem,orders,user,0.054463626309994115,0.08976065729170296,0.05472602221497739,0.08973032857674364,0.035297030981708846,0.03500430636176625
carts_cpu,carts,cpu,mem,orders,payment,0.054463626309994115,0.08976065729170296,0.05472602221497739,0.08973032857674364,0.035297030981708846,0.03500430636176625
carts_cpu,carts,cpu,mem,orders,shipping,0.054463626309994115,0.08976065729170296,0.046755361035595855,0.09556657348857124,0.035297030981708846,0.048811212452975386
carts_cpu,carts,cpu,mem,payment,front-end,0.4808519116567662,1.5026937274114636,0.48088542246496707,1.503155125153863,1.0218418157546973,1.022269702688896
carts_cpu,carts,cpu,mem,payment,catalogue,0.4808519116567662,1.5026937274114636,0.4125817713030387,0.4023874314481242,1.0218418157546973,-0.01019433985491447
carts_cpu,carts,cpu,mem,payment,user,0.4808519116567662,1.5026937274114636,0.3635706937977628,0.35629911279505844,1.0218418157546973,-0.007271581002704364
carts_cpu,carts,cpu,mem,payment,orders,0.4808519116567662,1.5026937274114636,0.4808519116567662,1.5026937274114636,1.0218418157546973,1.0218418157546973
carts_cpu,carts,cpu,mem,payment,shipping,0.4808519116567662,1.5026937274114636,0.4808519116567662,1.5026937274114636,1.0218418157546973,1.0218418157546973
carts_cpu,carts,cpu,mem,shipping,front-end,0.05516174104111349,0.028386195272691213,0.0547097335967728,0.028314414388488765,-0.026775545768422275,-0.026395319208284036
carts_cpu,carts,cpu,mem,shipping,catalogue,0.05516174104111349,0.028386195272691213,0.055191624482540586,0.028337548269205277,-0.026775545768422275,-0.02685407621333531
carts_cpu,carts,cpu,mem,shipping,user,0.05516174104111349,0.028386195272691213,0.055191624482540586,0.028337548269205277,-0.026775545768422275,-0.02685407621333531
carts_cpu,carts,cpu,mem,shipping,orders,0.05516174104111349,0.028386195272691213,0.04776667167058479,0.05461271589849418,-0.026775545768422275,0.006846044227909388
carts_cpu,carts,cpu,mem,shipping,payment,0.05516174104111349,0.028386195272691213,0.055191624482540586,0.028337548269205277,-0.026775545768422275,-0.02685407621333531
carts_cpu,carts,cpu,cpu,front-end,catalogue,5.96411261997444,10.790855525462081,6.158325570264436,10.51585026110666,4.826742905487642,4.357524690842224
carts_cpu,carts,cpu,cpu,front-end,user,5.96411261997444,10.790855525462081,6.049165989414435,10.332122196233872,4.826742905487642,4.282956206819437
carts_cpu,carts,cpu,cpu,front-end,orders,5.96411261997444,10.790855525462081,6.202100483438806,10.519867652864091,4.826742905487642,4.317767169425285
carts_cpu,carts,cpu,cpu,front-end,payment,5.96411261997444,10.790855525462081,5.9766408558487525,10.727227280426364,4.826742905487642,4.7505864245776115
carts_cpu,carts,cpu,cpu,front-end,shipping,5.96411261997444,10.790855525462081,6.18964558061753,10.517646401842674,4.826742905487642,4.328000821225144
carts_cpu,carts,cpu,cpu,catalogue,front-end,10.72295742954539,8.123514693512686,10.869583134672997,8.209512205342154,-2.599442736032705,-2.6600709293308427
carts_cpu,carts,cpu,cpu,catalogue,user,10.72295742954539,8.123514693512686,10.823402080596157,8.06028446411209,-2.599442736032705,-2.7631176164840667
carts_cpu,carts,cpu,cpu,catalogue,orders,10.72295742954539,8.123514693512686,10.959771639449324,8.068519396530375,-2.599442736032705,-2.8912522429189487
carts_cpu,carts,cpu,cpu,catalogue,payment,10.72295742954539,8.123514693512686,10.619893267472543,8.110338164614603,-2.599442736032705,-2.5095551028579397
carts_cpu,carts,cpu,cpu,catalogue,shipping,10.72295742954539,8.123514693512686,10.935255252441584,8.102207823214764,-2.599442736032705,-2.83304742922682
carts_cpu,carts,cpu,cpu,user,front-end,6.761226813925322,7.55378471220889,6.874286502205755,7.334412163905448,0.7925578982835679,0.46012566169969293
carts_cpu,carts,cpu,cpu,user,catalogue,6.761226813925322,7.55378471220889,6.857378674136571,7.479432386979902,0.7925578982835679,0.6220537128433312
carts_cpu,carts,cpu,cpu,user,orders,6.761226813925322,7.55378471220889,6.947145239711448,7.5917383168647765,0.7925578982835679,0.6445930771533286
carts_cpu,carts,cpu,cpu,user,payment,6.761226813925322,7.55378471220889,6.870229935822013,7.523856069137425,0.7925578982835679,0.6536261333154121
carts_cpu,carts,cpu,cpu,user,shipping,6.761226813925322,7.55378471220889,6.947145239711448,7.5917383168647765,0.7925578982835679,0.6445930771533286
carts_cpu,carts,cpu,cpu,orders,front-end,30.872774108862934,33.90086001735888,30.826473175326857,33.48654420348364,3.028085908495946,2.660071028156782
carts_cpu,carts,cpu,cpu,orders,catalogue,30.872774108862934,33.90086001735888,30.800970541562865,33.76843073178642,3.028085908495946,2.9674601902235516
carts_cpu,carts,cpu,cpu,orders,user,30.872774108862934,33.90086001735888,30.872774108862934,33.90086001735888,3.028085908495946,3.028085908495946
carts_cpu,carts,cpu,cpu,orders,payment,30.872774108862934,33.90086001735888,30.872774108862934,33.90086001735888,3.028085908495946,3.028085908495946
carts_cpu,carts,cpu,cpu,orders,shipping,30.872774108862934,33.90086001735888,30.342581274942066,34.77567264333125,3.028085908495946,4.4330913683891815
carts_cpu,carts,cpu,cpu,payment,front-end,9.356074922555724,8.158008917378924,9.289261958074846,8.964231299993154,-1.1980660051768002,-0.3250306580816922
carts_cpu,carts,cpu,cpu,payment,catalogue,9.356074922555724,8.158008917378924,9.264867004085653,8.177209463859686,-1.1980660051768002,-1.0876575402259672
carts_cpu,carts,cpu,cpu,payment,user,9.356074922555724,8.158008917378924,9.370223028655609,8.081908824812187,-1.1980660051768002,-1.2883142038434219
carts_cpu,carts,cpu,cpu,payment,orders,9.356074922555724,8.158008917378924,9.356074922555724,8.158008917378924,-1.1980660051768002,-1.1980660051768002
carts_cpu,carts,cpu,cpu,payment,shipping,9.356074922555724,8.158008917378924,9.201973298863503,9.731502698661691,-1.1980660051768002,0.5295293997981876
carts_cpu,carts,cpu,cpu,shipping,front-end,37.59346228796246,46.34762889986297,37.59346228796246,46.34762889986297,8.754166611900509,8.754166611900509
carts_cpu,carts,cpu,cpu,shipping,catalogue,37.59346228796246,46.34762889986297,37.59346228796246,46.34762889986297,8.754166611900509,8.754166611900509
carts_cpu,carts,cpu,cpu,shipping,user,37.59346228796246,46.34762889986297,37.59346228796246,46.34762889986297,8.754166611900509,8.754166611900509
carts_cpu,carts,cpu,cpu,shipping,orders,37.59346228796246,46.34762889986297,36.52302790165857,44.07736345359788,8.754166611900509,7.55433555193931
carts_cpu,carts,cpu,cpu,shipping,payment,37.59346228796246,46.34762889986297,36.63503735032705,48.31750321233954,8.754166611900509,11.682465862012485
carts_cpu,carts,cpu,mem,front-end,catalogue,3.934364273661376,3.3672302212958325,3.938552085120042,3.374253661198733,-0.5671340523655437,-0.5642984239213091
carts_cpu,carts,cpu,mem,front-end,user,3.934364273661376,3.3672302212958325,3.7706087678057782,3.688703332066102,-0.5671340523655437,-0.08190543573967624
carts_cpu,carts,cpu,mem,front-end,orders,3.934364273661376,3.3672302212958325,3.933528174518171,3.4133064457363846,-0.5671340523655437,-0.5202217287817863
carts_cpu,carts,cpu,mem,front-end,payment,3.934364273661376,3.3672302212958325,3.925128473978893,3.378562879505214,-0.5671340523655437,-0.5465655944736789
carts_cpu,carts,cpu,mem,front-end,shipping,3.934364273661376,3.3672302212958325,3.8488060787522675,3.4908943476691996,-0.5671340523655437,-0.35791173108306795
carts_cpu,carts,cpu,mem,catalogue,front-end,0.1405882334479806,0.7644111508457891,0.1405882334479806,0.7644111508457891,0.6238229173978085,0.6238229173978085
carts_cpu,carts,cpu,mem,catalogue,user,0.1405882334479806,0.7644111508457891,0.10426682874856129,0.5446453873283505,0.6238229173978085,0.44037855857978925
carts_cpu,carts,cpu,mem,catalogue,orders,0.1405882334479806,0.7644111508457891,0.11589282349997124,0.6224967770276625,0.6238229173978085,0.5066039535276913
carts_cpu,carts,cpu,mem,catalogue,payment,0.1405882334479806,0.7644111508457891,0.09946512218807983,0.7908180712581477,0.6238229173978085,0.691352949070068
carts_cpu,carts,cpu,mem,catalogue,shipping,0.1405882334479806,0.7644111508457891,0.12306850492650959,0.665648363246544,0.6238229173978085,0.5425798583200344
carts_cpu,carts,cpu,mem,user,front-end,0.3095270332529095,0.8086575869020176,0.31191681648788594,0.784277901686179,0.49913055364910813,0.472361085198293
carts_cpu,carts,cpu,mem,user,catalogue,0.3095270332529095,0.8086575869020176,0.21917933774186393,0.6054934458205282,0.49913055364910813,0.3863141080786643
carts_cpu,carts,cpu,mem,user,orders,0.3095270332529095,0.8086575869020176,0.23816792979230528,0.5211091755112596,0.49913055364910813,0.2829412457189543
carts_cpu,carts,cpu,mem,user,payment,0.3095270332529095,0.8086575869020176,0.2634079929759161,0.8302709875615325,0.49913055364910813,0.5668629945856164
carts_cpu,carts,cpu,mem,user,shipping,0.3095270332529095,0.8086575869020176,0.22605972989814227,0.5262025084796238,0.49913055364910813,0.30014277858148153
carts_cpu,carts,cpu,mem,orders,front-end,0.11337962163968215,0.14532023130555044,0.11278362666204354,0.14448505038985612,0.031940609665868286,0.03170142372781258
carts_cpu,carts,cpu,mem,orders,catalogue,0.11337962163968215,0.14532023130555044,0.07908349107068478,0.18993009497396324,0.031940609665868286,0.11084660390327845
carts_cpu,carts,cpu,mem,orders,user,0.11337962163968215,0.14532023130555044,0.07794742917910173,0.08965642765156837,0.031940609665868286,0.011708998472466634
carts_cpu,carts,cpu,mem,orders,payment,0.11337962163968215,0.14532023130555044,0.0995252968108689,0.15337747774385974,0.031940609665868286,0.05385218093299084
carts_cpu,carts,cpu,mem,orders,shipping,0.11337962163968215,0.14532023130555044,0.06884304935937548,0.060548001008623106,0.031940609665868286,-0.008295048350752371
carts_cpu,carts,cpu,mem,payment,front-end,0.9478687611293302,0.9404401781517403,0.9465352847089794,0.9526654254395225,-0.007428582977589859,0.006130140730543077
carts_cpu,carts,cpu,mem,payment,catalogue,0.9478687611293302,0.9404401781517403,0.7670733095595418,4.369938090516583,-0.007428582977589859,3.602864780957041
carts_cpu,carts,cpu,mem,payment,user,0.9478687611293302,0.9404401781517403,0.9067976081432659,1.5195011193898607,-0.007428582977589859,0.6127035112465947
carts_cpu,carts,cpu,mem,payment,orders,0.9478687611293302,0.9404401781517403,0.8848107900283984,0.9590260514572388,-0.007428582977589859,0.0742152614288405
carts_cpu,carts,cpu,mem,payment,shipping,0.9478687611293302,0.9404401781517403,0.9253824371436206,1.0364279531260403,-0.007428582977589859,0.11104551598241974
carts_cpu,carts,cpu,mem,shipping,front-end,0.05815506103545724,0.07805547977376683,0.055798347106439904,0.07698293326799763,0.019900418738309583,0.021184586161557724
carts_cpu,carts,cpu,mem,shipping,catalogue,0.05815506103545724,0.07805547977376683,0.042497949604262966,0.08345965417603057,0.019900418738309583,0.04096170457176761
carts_cpu,carts,cpu,mem,shipping,user,0.05815506103545724,0.07805547977376683,0.03582920830640512,0.05094548947196428,0.019900418738309583,0.015116281165559159
carts_cpu,carts,cpu,mem,shipping,orders,0.05815506103545724,0.07805547977376683,0.029509437310055064,0.027042693421463475,0.019900418738309583,-0.0024667438885915896
carts_cpu,carts,cpu,mem,shipping,payment,0.05815506103545724,0.07805547977376683,0.05220854983569032,0.08248352968906866,0.019900418738309583,0.03027497985337834
carts_cpu,carts,cpu,cpu,front-end,catalogue,7.0285961130530605,7.973412304112519,6.917756275448619,7.949725144404908,0.9448161910594584,1.0319688689562891
carts_cpu,carts,cpu,cpu,front-end,user,7.0285961130530605,7.976499285223017,7.068931500290438,7.980017616683928,0.9479031721699567,0.9110861163934905
carts_cpu,carts,cpu,cpu,front-end,orders,7.0285961130530605,7.976499285223017,6.948381707257714,7.949679963571198,0.9479031721699567,1.0012982563134836
carts_cpu,carts,cpu,cpu,front-end,payment,7.0285961130530605,7.976499285223017,7.079105588612501,8.02030105373487,0.9479031721699567,0.9411954651223695
carts_cpu,carts,cpu,cpu,front-end,shipping,7.0285961130530605,7.976499285223017,7.079105588612501,8.02030105373487,0.9479031721699567,0.9411954651223695
carts_cpu,carts,cpu,cpu,catalogue,front-end,7.462680812087752,8.461416186445286,7.528740988457174,8.228415809452718,0.9987353743575333,0.6996748209955443
carts_cpu,carts,cpu,cpu,catalogue,user,7.462680812087752,8.461416186445286,7.521861531695341,8.542181973179973,0.9987353743575333,1.0203204414846319
carts_cpu,carts,cpu,cpu,catalogue,orders,7.462680812087752,8.461416186445286,7.522946500444223,8.508738760511708,0.9987353743575333,0.9857922600674849
carts_cpu,carts,cpu,cpu,catalogue,payment,7.462680812087752,8.461416186445286,7.533144098103478,8.579271910881227,0.9987353743575333,1.0461278127777485
carts_cpu,carts,cpu,cpu,catalogue,shipping,7.462680812087752,8.461416186445286,7.3723429656880235,12.036236970865142,0.9987353743575333,4.663894005177118
carts_cpu,carts,cpu,cpu,user,front-end,7.849576278759231,8.28285584735507,7.853947916862941,8.292887421137817,0.4332795685958386,0.4389395042748756
carts_cpu,carts,cpu,cpu,user,catalogue,7.849576278759231,8.280571941911312,7.8761900414292025,8.381327920493598,0.43099566315208104,0.5051378790643959
carts_cpu,carts,cpu,cpu,user,orders,7.849576278759231,8.28285584735507,7.884993114668975,8.407151811156453,0.4332795685958386,0.5221586964874776
carts_cpu,carts,cpu,cpu,user,payment,7.849576278759231,8.28285584735507,7.8608642691987365,8.301232953433269,0.4332795685958386,0.44036868423453246
carts_cpu,carts,cpu,cpu,user,shipping,7.849576278759231,8.28285584735507,7.884993114668975,8.407151811156453,0.4332795685958386,0.5221586964874776
carts_cpu,carts,cpu,cpu,orders,front-end,34.61071416215449,34.90037905100281,36.60355282363321,39.29256064032218,0.2896648888483213,2.689007816688971
carts_cpu,carts,cpu,cpu,orders,catalogue,34.61071416215449,34.89815702527131,34.15751664105324,34.63846300382028,0.2874428631168229,0.4809463627670354
carts_cpu,carts,cpu,cpu,orders,user,34.61071416215449,34.90037905100281,34.41816943334669,35.05208219222523,0.2896648888483213,0.6339127588785374
carts_cpu,carts,cpu,cpu,orders,payment,34.61071416215449,34.90037905100281,34.36616731406117,34.76489479973497,0.2896648888483213,0.39872748567379546
carts_cpu,carts,cpu,cpu,orders,shipping,34.61071416215449,34.90037905100281,34.41816943334669,35.05208219222523,0.2896648888483213,0.6339127588785374
carts_cpu,carts,cpu,cpu,payment,front-end,9.08827414853249,8.384049484715133,9.08827414853249,8.384049484715133,-0.7042246638173566,-0.7042246638173566
carts_cpu,carts,cpu,cpu,payment,catalogue,9.08827414853249,8.392601221166357,9.08827414853249,8.392601221166357,-0.6956729273661324,-0.6956729273661324
carts_cpu,carts,cpu,cpu,payment,user,9.08827414853249,8.384049484715133,9.045498579205725,8.334212253290712,-0.7042246638173566,-0.7112863259150135
carts_cpu,carts,cpu,cpu,payment,orders,9.08827414853249,8.384049484715133,9.029513419722335,8.352972846395716,-0.7042246638173566,-0.6765405733266192
carts_cpu,carts,cpu,cpu,payment,shipping,9.08827414853249,8.384049484715133,9.015456612261694,11.380887566628266,-0.7042246638173566,2.3654309543665715
carts_cpu,carts,cpu,cpu,shipping,front-end,16.787550012539032,33.659247290696875,16.828632629160044,33.65401387520121,16.871697278157843,16.825381246041164
carts_cpu,carts,cpu,cpu,shipping,catalogue,16.787550012539032,33.64120701554712,16.48988729138547,34.59222161624449,16.853657003008085,18.102334324859015
carts_cpu,carts,cpu,cpu,shipping,user,16.787550012539032,33.659247290696875,16.828632629160044,33.65401387520121,16.871697278157843,16.825381246041164
carts_cpu,carts,cpu,cpu,shipping,orders,16.787550012539032,33.659247290696875,16.828632629160044,33.65401387520121,16.871697278157843,16.825381246041164
carts_cpu,carts,cpu,cpu,shipping,payment,16.787550012539032,33.659247290696875,16.989621623657975,33.985791246616884,16.871697278157843,16.99616962295891
carts_cpu,carts,cpu,mem,front-end,catalogue,3.497553100397467,3.548481929628908,3.5173049894171236,3.9966646604936664,0.05092882923144071,0.47935967107654287
carts_cpu,carts,cpu,mem,front-end,user,3.497553100397467,3.548481929628908,3.558512034271218,3.501196867553501,0.05092882923144071,-0.057315166717717414
carts_cpu,carts,cpu,mem,front-end,orders,3.497553100397467,3.548481929628908,3.5487334430932576,3.4605753792546476,0.05092882923144071,-0.08815806383860991
carts_cpu,carts,cpu,mem,front-end,payment,3.497553100397467,3.548481929628908,3.560365468737666,3.467945930323572,0.05092882923144071,-0.09241953841409423
carts_cpu,carts,cpu,mem,front-end,shipping,3.497553100397467,3.548481929628908,3.560365468737666,3.467945930323572,0.05092882923144071,-0.09241953841409423
carts_cpu,carts,cpu,mem,catalogue,front-end,0.1401198733484314,0.6811308048800195,0.13973789517712437,0.680523885492095,0.5410109315315881,0.5407859903149705
carts_cpu,carts,cpu,mem,catalogue,user,0.1401198733484314,0.6811308048800195,0.10686637361155482,0.6237058599515731,0.5410109315315881,0.5168394863400183
carts_cpu,carts,cpu,mem,catalogue,orders,0.1401198733484314,0.6811308048800195,0.1401198733484314,0.6811308048800195,0.5410109315315881,0.5410109315315881
carts_cpu,carts,cpu,mem,catalogue,payment,0.1401198733484314,0.6811308048800195,0.13058013819048278,0.6485385361251788,0.5410109315315881,0.517958397934696
carts_cpu,carts,cpu,mem,catalogue,shipping,0.1401198733484314,0.6811308048800195,0.1401198733484314,0.6811308048800195,0.5410109315315881,0.5410109315315881
carts_cpu,carts,cpu,mem,user,front-end,0.5753077063939297,0.8446375589111037,0.575091893041892,0.8452394529285449,0.269329852517174,0.27014755988665284
carts_cpu,carts,cpu,mem,user,catalogue,0.5753077063939297,0.8446375589111037,0.41103180263542705,1.3410930747925691,0.269329852517174,0.9300612721571421
carts_cpu,carts,cpu,mem,user,orders,0.5753077063939297,0.8446375589111037,0.5753077063939297,0.8446375589111037,0.269329852517174,0.269329852517174
carts_cpu,carts,cpu,mem,user,payment,0.5753077063939297,0.8446375589111037,0.5347711748576492,0.7084899012274579,0.269329852517174,0.17371872636980867
carts_cpu,carts,cpu,mem,user,shipping,0.5753077063939297,0.8446375589111037,0.5753077063939297,0.8446375589111037,0.269329852517174,0.269329852517174
carts_cpu,carts,cpu,mem,orders,front-end,0.08370543795584506,0.0473172128812303,0.08416121263049979,0.04740451382274457,-0.03638822507461476,-0.03675669880775522
carts_cpu,carts,cpu,mem,orders,catalogue,0.08370543795584506,0.0473172128812303,0.08370543795584506,0.0473172128812303,-0.03638822507461476,-0.03638822507461476
carts_cpu,carts,cpu,mem,orders,user,0.08370543795584506,0.0473172128812303,0.08370543795584506,0.0473172128812303,-0.03638822507461476,-0.03638822507461476
carts_cpu,carts,cpu,mem,orders,payment,0.08370543795584506,0.0473172128812303,0.08370543795584506,0.0473172128812303,-0.03638822507461476,-0.03638822507461476
carts_cpu,carts,cpu,mem,orders,shipping,0.08370543795584506,0.0473172128812303,0.08043303207356566,0.03056775110407982,-0.03638822507461476,-0.04986528096948584
carts_cpu,carts,cpu,mem,payment,front-end,0.24488824099538356,0.41504137116319606,0.24488824099538356,0.41504137116319606,0.1701531301678125,0.1701531301678125
carts_cpu,carts,cpu,mem,payment,catalogue,0.24488824099538356,0.41504137116319606,0.23540551626253636,0.4846840840074814,0.1701531301678125,0.24927856774494506
carts_cpu,carts,cpu,mem,payment,user,0.24488824099538356,0.41504137116319606,0.2399142620067826,0.28884290222291736,0.1701531301678125,0.04892864021613477
carts_cpu,carts,cpu,mem,payment,orders,0.24488824099538356,0.41504137116319606,0.24488824099538356,0.41504137116319606,0.1701531301678125,0.1701531301678125
carts_cpu,carts,cpu,mem,payment,shipping,0.24488824099538356,0.41504137116319606,0.24488824099538356,0.41504137116319606,0.1701531301678125,0.1701531301678125
carts_cpu,carts,cpu,mem,shipping,front-end,0.11958693214166921,0.07899005130259822,0.11958850125468778,0.07896471956247715,-0.040596880839070995,-0.040623781692210634
carts_cpu,carts,cpu,mem,shipping,catalogue,0.11958693214166921,0.07899005130259822,0.11958850125468778,0.07896471956247715,-0.040596880839070995,-0.040623781692210634
carts_cpu,carts,cpu,mem,shipping,user,0.11958693214166921,0.07899005130259822,0.11958850125468778,0.07896471956247715,-0.040596880839070995,-0.040623781692210634
carts_cpu,carts,cpu,mem,shipping,orders,0.11958693214166921,0.07899005130259822,0.10710592514095664,0.06787634924275428,-0.040596880839070995,-0.03922957589820236
carts_cpu,carts,cpu,mem,shipping,payment,0.11958693214166921,0.07899005130259822,0.11958850125468778,0.07896471956247715,-0.040596880839070995,-0.040623781692210634
carts_delay,carts,delay,cpu,front-end,catalogue,7.159851500304819,9.540279300402158,7.127297472207641,11.997774386532582,2.3804278000973396,4.87047691432494
carts_delay,carts,delay,cpu,front-end,user,7.159851500304819,9.540279300402158,7.095060672684653,11.32328115051067,2.3804278000973396,4.228220477826017
carts_delay,carts,delay,cpu,front-end,orders,7.159851500304819,9.540279300402158,7.0518412718489385,12.030901100671782,2.3804278000973396,4.979059828822844
carts_delay,carts,delay,cpu,front-end,payment,7.159851500304819,9.540279300402158,7.0988491005221945,11.88238000808714,2.3804278000973396,4.783530907564945
carts_delay,carts,delay,cpu,front-end,shipping,7.159851500304819,9.540279300402158,7.118217739853454,12.24658519825661,2.3804278000973396,5.128367458403157
carts_delay,carts,delay,cpu,catalogue,front-end,8.002314194081286,10.392182828878635,8.251182750631726,12.562929192280933,2.389868634797349,4.311746441649207
carts_delay,carts,delay,cpu,catalogue,user,8.002314194081286,10.392182828878635,8.240924580115024,12.827990118305893,2.389868634797349,4.587065538190869
carts_delay,carts,delay,cpu,catalogue,orders,8.002314194081286,10.392182828878635,8.240924580115024,12.827990118305893,2.389868634797349,4.587065538190869
carts_delay,carts,delay,cpu,catalogue,payment,8.002314194081286,10.392182828878635,8.241005709774809,12.81389165224992,2.389868634797349,4.572885942475111
carts_delay,carts,delay,cpu,catalogue,shipping,8.002314194081286,10.392182828878635,8.250531194407918,12.653461980481012,2.389868634797349,4.402930786073094
carts_delay,carts,delay,cpu,user,front-end,6.260384142430482,14.46149402778543,6.292426088390589,15.044078101412053,8.201109885354947,8.751652013021463
carts_delay,carts,delay,cpu,user,catalogue,6.260384142430482,14.46149402778543,6.352979287140624,15.601242145814473,8.201109885354947,9.248262858673849
carts_delay,carts,delay,cpu,user,orders,6.260384142430482,14.46149402778543,6.35860568424674,15.539753252890437,8.201109885354947,9.181147568643697
carts_delay,carts,delay,cpu,user,payment,6.260384142430482,14.46149402778543,6.21604703573055,14.934806839921944,8.201109885354947,8.718759804191393
carts_delay,carts,delay,cpu,user,shipping,6.260384142430482,14.46149402778543,6.293951419257334,15.212834504476952,8.201109885354947,8.918883085219619
carts_delay,carts,delay,cpu,orders,front-end,30.276884151228156,37.50465046564549,29.814199164363046,34.615531548708745,7.227766314417334,4.801332384345699
carts_delay,carts,delay,cpu,orders,catalogue,30.276884151228156,37.50465046564549,30.276884151228156,37.50465046564549,7.227766314417334,7.227766314417334
carts_delay,carts,delay,cpu,orders,user,30.276884151228156,37.50465046564549,30.212964979569236,36.20707110085808,7.227766314417334,5.994106121288844
carts_delay,carts,delay,cpu,orders,payment,30.276884151228156,37.50465046564549,29.845250927298313,35.64525007218672,7.227766314417334,5.799999144888407
carts_delay,carts,delay,cpu,orders,shipping,30.276884151228156,37.50465046564549,30.276884151228156,37.50465046564549,7.227766314417334,7.227766314417334
carts_delay,carts,delay,cpu,payment,front-end,9.945155083645739,10.350440754543525,9.921397696758724,10.093078238793925,0.40528567089778633,0.171680542035201
carts_delay,carts,delay,cpu,payment,catalogue,9.945155083645739,10.350440754543525,9.90822656108941,10.53628275665562,0.40528567089778633,0.6280561955662094
carts_delay,carts,delay,cpu,payment,user,9.945155083645739,10.350440754543525,9.840218143226432,9.249097923672197,0.40528567089778633,-0.5911202195542344
carts_delay,carts,delay,cpu,payment,orders,9.945155083645739,10.350440754543525,9.81864070005182,10.301425512123929,0.40528567089778633,0.48278481207210966
carts_delay,carts,delay,cpu,payment,shipping,9.945155083645739,10.350440754543525,9.906985560971004,10.525508442268924,0.40528567089778633,0.6185228812979204
carts_delay,carts,delay,cpu,shipping,front-end,35.07623745088467,59.290853950714286,35.39430935383521,64.24305499942844,24.214616499829617,28.848745645593226
carts_delay,carts,delay,cpu,shipping,catalogue,35.07623745088467,59.290853950714286,35.05792152384831,59.391736252703865,24.214616499829617,24.333814728855558
carts_delay,carts,delay,cpu,shipping,user,35.07623745088467,59.290853950714286,34.77821402542281,46.03618864059835,24.214616499829617,11.257974615175534
carts_delay,carts,delay,cpu,shipping,orders,35.07623745088467,59.290853950714286,35.39430935383521,64.24305499942844,24.214616499829617,28.848745645593226
carts_delay,carts,delay,cpu,shipping,payment,35.07623745088467,59.290853950714286,35.342657010255735,63.358747850342176,24.214616499829617,28.01609084008644
carts_delay,carts,delay,mem,front-end,catalogue,3.667851646081874,4.047029370556503,3.667851646081874,4.047029370556503,0.37917772447462905,0.37917772447462905
carts_delay,carts,delay,mem,front-end,user,3.667851646081874,4.047029370556503,3.671584867728565,4.083157977448476,0.37917772447462905,0.4115731097199107
carts_delay,carts,delay,mem,front-end,orders,3.667851646081874,4.047029370556503,3.667851646081874,4.047029370556503,0.37917772447462905,0.37917772447462905
carts_delay,carts,delay,mem,front-end,payment,3.667851646081874,4.047029370556503,3.667851646081874,4.047029370556503,0.37917772447462905,0.37917772447462905
carts_delay,carts,delay,mem,front-end,shipping,3.667851646081874,4.047029370556503,3.6682479507341723,4.0523235450133,0.37917772447462905,0.3840755942791274
carts_delay,carts,delay,mem,catalogue,front-end,0.2088240026325265,0.6288604939029738,0.20817556624139583,0.6081126295910102,0.4200364912704473,0.3999370633496144
carts_delay,carts,delay,mem,catalogue,user,0.2088240026325265,0.6288604939029738,0.1351781169776905,0.1442840213647577,0.4200364912704473,0.00910590438706721
carts_delay,carts,delay,mem,catalogue,orders,0.2088240026325265,0.6288604939029738,0.2113469405145982,0.4047258386711701,0.4200364912704473,0.19337889815657192
carts_delay,carts,delay,mem,catalogue,payment,0.2088240026325265,0.6288604939029738,0.20817556624139583,0.6081126295910102,0.4200364912704473,0.3999370633496144
carts_delay,carts,delay,mem,catalogue,shipping,0.2088240026325265,0.6288604939029738,0.14126394208224888,0.4371848625630775,0.4200364912704473,0.29592092048082863
carts_delay,carts,delay,mem,user,front-end,0.5095751983257817,1.8704136121401094,0.5085361544046368,1.865567542694368,1.3608384138143277,1.3570313882897311
carts_delay,carts,delay,mem,user,catalogue,0.5095751983257817,1.8704136121401094,0.2964863990074186,0.8243000689139995,1.3608384138143277,0.527813669906581
carts_delay,carts,delay,mem,user,orders,0.5095751983257817,1.8704136121401094,0.5104233428151339,1.8590990074153004,1.3608384138143277,1.3486756646001665
carts_delay,carts,delay,mem,user,payment,0.5095751983257817,1.8704136121401094,0.5095751983257817,1.8704136121401094,1.3608384138143277,1.3608384138143277
carts_delay,carts,delay,mem,user,shipping,0.5095751983257817,1.8704136121401094,0.19094505913074922,1.4418936497446628,1.3608384138143277,1.2509485906139135
carts_delay,carts,delay,mem,orders,front-end,0.043105645807954944,0.12682887393851935,0.0430919708527696,0.1256868344516444,0.0837232281305644,0.08259486359887482
carts_delay,carts,delay,mem,orders,catalogue,0.043105645807954944,0.12682887393851935,0.03862198317170382,0.08835231254023286,0.0837232281305644,0.04973032936852904
carts_delay,carts,delay,mem,orders,user,0.043105645807954944,0.12682887393851935,0.0430774246305997,0.12427852712658743,0.0837232281305644,0.08120110249598773
carts_delay,carts,delay,mem,orders,payment,0.043105645807954944,0.12682887393851935,0.0430919708527696,0.1256868344516444,0.0837232281305644,0.08259486359887482
carts_delay,carts,delay,mem,orders,shipping,0.043105645807954944,0.12682887393851935,0.0430919708527696,0.1256868344516444,0.0837232281305644,0.08259486359887482
carts_delay,carts,delay,mem,payment,front-end,0.7614715692693731,1.2892889340050446,0.7614715692693731,1.2892889340050446,0.5278173647356715,0.5278173647356715
carts_delay,carts,delay,mem,payment,catalogue,0.7614715692693731,1.2892889340050446,0.7614715692693731,1.2892889340050446,0.5278173647356715,0.5278173647356715
carts_delay,carts,delay,mem,payment,user,0.7614715692693731,1.2892889340050446,0.7614715692693731,1.2892889340050446,0.5278173647356715,0.5278173647356715
carts_delay,carts,delay,mem,payment,orders,0.7614715692693731,1.2892889340050446,0.7614715692693731,1.2892889340050446,0.5278173647356715,0.5278173647356715
carts_delay,carts,delay,mem,payment,shipping,0.7614715692693731,1.2892889340050446,0.7614715692693731,1.2892889340050446,0.5278173647356715,0.5278173647356715
carts_delay,carts,delay,mem,shipping,front-end,0.15436654902563623,0.137599235089934,0.15314069832929833,0.13621707038303785,-0.016767313935702244,-0.016923627946260483
carts_delay,carts,delay,mem,shipping,catalogue,0.15436654902563623,0.137599235089934,0.09182573350642652,0.16381507893584382,-0.016767313935702244,0.0719893454294173
carts_delay,carts,delay,mem,shipping,user,0.15436654902563623,0.137599235089934,0.05262513261201721,0.359001748031112,-0.016767313935702244,0.3063766154190948
carts_delay,carts,delay,mem,shipping,orders,0.15436654902563623,0.137599235089934,0.15436654902563623,0.137599235089934,-0.016767313935702244,-0.016767313935702244
carts_delay,carts,delay,mem,shipping,payment,0.15436654902563623,0.137599235089934,0.15436654902563623,0.137599235089934,-0.016767313935702244,-0.016767313935702244
carts_delay,carts,delay,cpu,front-end,catalogue,10.357500403372168,5.709376642123924,10.474884536734761,5.626946076721868,-4.648123761248244,-4.847938460012893
carts_delay,carts,delay,cpu,front-end,user,10.357500403372168,5.709376642123924,10.494999226669682,5.690725643770525,-4.648123761248244,-4.804273582899157
carts_delay,carts,delay,cpu,front-end,orders,10.357500403372168,5.709376642123924,10.491822508526772,5.765194913017372,-4.648123761248244,-4.7266275955094
carts_delay,carts,delay,cpu,front-end,payment,10.357500403372168,5.709376642123924,10.260773855706987,6.325353130952008,-4.648123761248244,-3.9354207247549784
carts_delay,carts,delay,cpu,front-end,shipping,10.357500403372168,5.709376642123924,10.491822508526772,5.765194913017372,-4.648123761248244,-4.7266275955094
carts_delay,carts,delay,cpu,catalogue,front-end,7.392467668912435,12.429532313466074,7.835332749500136,14.413705714254146,5.03706464455364,6.57837296475401
carts_delay,carts,delay,cpu,catalogue,user,7.392467668912435,12.429532313466074,7.856992004669978,14.460922045837831,5.03706464455364,6.603930041167853
carts_delay,carts,delay,cpu,catalogue,orders,7.392467668912435,12.429532313466074,7.861219408911177,14.503894100697698,5.03706464455364,6.642674691786521
carts_delay,carts,delay,cpu,catalogue,payment,7.392467668912435,12.429532313466074,7.864925136588968,14.43155951605486,5.03706464455364,6.566634379465891
carts_delay,carts,delay,cpu,catalogue,shipping,7.392467668912435,12.429532313466074,7.861219408911177,14.503894100697698,5.03706464455364,6.642674691786521
carts_delay,carts,delay,cpu,user,front-end,10.906650051426196,6.518682834220598,10.913521751549654,7.313061164013594,-4.387967217205598,-3.60046058753606
carts_delay,carts,delay,cpu,user,catalogue,10.906650051426196,6.518682834220598,10.913341155759475,7.265064522799189,-4.387967217205598,-3.648276632960287
carts_delay,carts,delay,cpu,user,orders,10.906650051426196,6.518682834220598,11.090524377883616,6.854532167014519,-4.387967217205598,-4.235992210869097
carts_delay,carts,delay,cpu,user,payment,10.906650051426196,6.518682834220598,10.91317009792804,7.384526808707283,-4.387967217205598,-3.5286432892207573
carts_delay,carts,delay,cpu,user,shipping,10.906650051426196,6.518682834220598,10.91317009792804,7.384526808707283,-4.387967217205598,-3.5286432892207573
carts_delay,carts,delay,cpu,orders,front-end,65.9845217421454,74.19265584911454,66.22710648509073,84.1524802581735,8.20813410696914,17.925373773082768
carts_delay,carts,delay,cpu,orders,catalogue,65.9845217421454,74.19265584911454,66.22710648509073,84.1524802581735,8.20813410696914,17.925373773082768
carts_delay,carts,delay,cpu,orders,user,65.9845217421454,74.19265584911454,65.92757401802426,72.25137169333185,8.20813410696914,6.323797675307588
carts_delay,carts,delay,cpu,orders,payment,65.9845217421454,74.19265584911454,66.22710648509073,84.1524802581735,8.20813410696914,17.925373773082768
carts_delay,carts,delay,cpu,orders,shipping,65.9845217421454,74.19265584911454,44.22382718525692,37.83217577751849,8.20813410696914,-6.391651407738429
carts_delay,carts,delay,cpu,payment,front-end,7.592875433516509,12.035270132765229,7.531220512391059,12.146384401469021,4.4423946992487195,4.615163889077962
carts_delay,carts,delay,cpu,payment,catalogue,7.592875433516509,12.035270132765229,7.685643407751399,12.261023550653864,4.4423946992487195,4.575380142902465
carts_delay,carts,delay,cpu,payment,user,7.592875433516509,12.035270132765229,7.689226596132263,12.344676010108635,4.4423946992487195,4.655449413976372
carts_delay,carts,delay,cpu,payment,orders,7.592875433516509,12.035270132765229,7.689226596132263,12.344676010108635,4.4423946992487195,4.655449413976372
carts_delay,carts,delay,cpu,payment,shipping,7.592875433516509,12.035270132765229,7.689226596132263,12.344676010108635,4.4423946992487195,4.655449413976372
carts_delay,carts,delay,cpu,shipping,front-end,62.991758467197435,90.19489403524337,62.991758467197435,90.19489403524337,27.20313556804593,27.20313556804593
carts_delay,carts,delay,cpu,shipping,catalogue,62.991758467197435,90.19489403524337,62.991758467197435,90.19489403524337,27.20313556804593,27.20313556804593
carts_delay,carts,delay,cpu,shipping,user,62.991758467197435,90.19489403524337,62.991758467197435,90.19489403524337,27.20313556804593,27.20313556804593
carts_delay,carts,delay,cpu,shipping,orders,62.991758467197435,90.19489403524337,51.196341127270564,52.7737144676489,27.20313556804593,1.5773733403783368
carts_delay,carts,delay,cpu,shipping,payment,62.991758467197435,90.19489403524337,62.991758467197435,90.19489403524337,27.20313556804593,27.20313556804593
carts_delay,carts,delay,mem,front-end,catalogue,3.7968948232717086,3.3840918919064142,3.787609956844424,4.2696221815798845,-0.41280293136529433,0.48201222473546057
carts_delay,carts,delay,mem,front-end,user,3.7968948232717086,3.3840918919064142,3.7882830573935116,4.33889485279387,-0.41280293136529433,0.5506117954003584
carts_delay,carts,delay,mem,front-end,orders,3.7968948232717086,3.3840918919064142,3.822633836153771,3.5493972885842417,-0.41280293136529433,-0.2732365475695291
carts_delay,carts,delay,mem,front-end,payment,3.7968948232717086,3.3840918919064142,3.6966577910452445,3.5723456678313315,-0.41280293136529433,-0.12431212321391305
carts_delay,carts,delay,mem,front-end,shipping,3.7968948232717086,3.3840918919064142,3.7863116468109013,3.829663596073914,-0.41280293136529433,0.04335194926301256
carts_delay,carts,delay,mem,catalogue,front-end,0.3206319875723529,1.0357959080565275,0.3160601296845187,1.0374989901776166,0.7151639204841747,0.7214388604930979
carts_delay,carts,delay,mem,catalogue,user,0.3206319875723529,1.0357959080565275,0.3190806264964437,0.9965794122946937,0.7151639204841747,0.67749878579825
carts_delay,carts,delay,mem,catalogue,orders,0.3206319875723529,1.0357959080565275,0.3206319875723529,1.0357959080565275,0.7151639204841747,0.7151639204841747
carts_delay,carts,delay,mem,catalogue,payment,0.3206319875723529,1.0357959080565275,0.3108123800360874,1.0783569927705576,0.7151639204841747,0.7675446127344703
carts_delay,carts,delay,mem,catalogue,shipping,0.3206319875723529,1.0357959080565275,0.3019502182975404,0.8986534591079388,0.7151639204841747,0.5967032408103985
carts_delay,carts,delay,mem,user,front-end,0.1304896465413339,0.43514998081607786,0.130030646939409,0.42861221285825846,0.3046603342747439,0.29858156591884943
carts_delay,carts,delay,mem,user,catalogue,0.1304896465413339,0.43514998081607786,0.13082687578867117,0.41123367735985533,0.3046603342747439,0.28040680157118414
carts_delay,carts,delay,mem,user,orders,0.1304896465413339,0.43514998081607786,0.13064726700735615,0.42793974709224925,0.3046603342747439,0.29729248008489306
carts_delay,carts,delay,mem,user,payment,0.1304896465413339,0.43514998081607786,0.1090978061827965,0.4959688729408816,0.3046603342747439,0.3868710667580851
carts_delay,carts,delay,mem,user,shipping,0.1304896465413339,0.43514998081607786,0.09725032019703342,0.31081455831790267,0.3046603342747439,0.21356423812086925
carts_delay,carts,delay,mem,orders,front-end,0.08769989423624087,0.12626588560346552,0.08769615299696058,0.1262358996451515,0.03856599136722465,0.03853974664819092
carts_delay,carts,delay,mem,orders,catalogue,0.08769989423624087,0.12626588560346552,0.08769989423624087,0.12626588560346552,0.03856599136722465,0.03856599136722465
carts_delay,carts,delay,mem,orders,user,0.08769989423624087,0.12626588560346552,0.08769989423624087,0.12626588560346552,0.03856599136722465,0.03856599136722465
carts_delay,carts,delay,mem,orders,payment,0.08769989423624087,0.12626588560346552,0.08967263049372849,0.11235614799926029,0.03856599136722465,0.022683517505531797
carts_delay,carts,delay,mem,orders,shipping,0.08769989423624087,0.12626588560346552,0.08616803614990716,0.13612833406390884,0.03856599136722465,0.04996029791400168
carts_delay,carts,delay,mem,payment,front-end,0.6797969007599454,1.4366364969313938,0.6612606503623297,1.4271887668923005,0.7568395961714485,0.7659281165299707
carts_delay,carts,delay,mem,payment,catalogue,0.6797969007599454,1.4366364969313938,0.6997695609919378,1.6047857952503715,0.7568395961714485,0.9050162342584337
carts_delay,carts,delay,mem,payment,user,0.6797969007599454,1.4366364969313938,0.5061217459075006,2.2210542383959866,0.7568395961714485,1.7149324924884861
carts_delay,carts,delay,mem,payment,orders,0.6797969007599454,1.4366364969313938,0.650418987064209,1.4649241852122206,0.7568395961714485,0.8145051981480116
carts_delay,carts,delay,mem,payment,shipping,0.6797969007599454,1.4366364969313938,0.4212526922565644,1.5845731883974508,0.7568395961714485,1.1633204961408863
carts_delay,carts,delay,mem,shipping,front-end,0.04381668890466,0.052003940619854964,0.04207823815724241,0.05171624564898793,0.008187251715194965,0.009638007491745516
carts_delay,carts,delay,mem,shipping,catalogue,0.04381668890466,0.052003940619854964,0.03980667939547594,0.014400237085086124,0.008187251715194965,-0.02540644231038982
carts_delay,carts,delay,mem,shipping,user,0.04381668890466,0.052003940619854964,0.026753280442372913,0.04000285713497724,0.008187251715194965,0.013249576692604327
carts_delay,carts,delay,mem,shipping,orders,0.04381668890466,0.052003940619854964,0.04379838168412044,0.05409413425233429,0.008187251715194965,0.01029575256821385
carts_delay,carts,delay,mem,shipping,payment,0.04381668890466,0.052003940619854964,0.020651072822078186,0.07301013282972516,0.008187251715194965,0.052359060007646965
carts_delay,carts,delay,cpu,front-end,catalogue,6.875551313011874,10.032320090244596,6.829690627937252,10.560417732476028,3.156768777232722,3.7307271045387758
carts_delay,carts,delay,cpu,front-end,user,6.875551313011874,10.049333019645486,6.880393395158994,11.72773460734951,3.173781706633612,4.847341212190515
carts_delay,carts,delay,cpu,front-end,orders,6.875551313011874,10.032320090244596,6.75845669419434,12.123729425585283,3.156768777232722,5.365272731390943
carts_delay,carts,delay,cpu,front-end,payment,6.875551313011874,10.032320090244596,6.905462408197511,12.189481801990292,3.156768777232722,5.28401939379278
carts_delay,carts,delay,cpu,front-end,shipping,6.875551313011874,10.04326732984048,6.833206809377115,12.71689690836267,3.1677160168286065,5.883690098985555
carts_delay,carts,delay,cpu,catalogue,front-end,5.85558921102039,9.98929617947078,5.9993607112328835,10.40160137110321,4.133706968450391,4.402240659870326
carts_delay,carts,delay,cpu,catalogue,user,5.85558921102039,9.992549471698888,6.104554577432797,11.474326402585715,4.1369602606784985,5.3697718251529185
carts_delay,carts,delay,cpu,catalogue,orders,5.85558921102039,9.98929617947078,6.113258100071514,11.596062666346452,4.133706968450391,5.482804566274938
carts_delay,carts,delay,cpu,catalogue,payment,5.85558921102039,9.98929617947078,6.13238912160435,11.540567299348364,4.133706968450391,5.4081781777440145
carts_delay,carts,delay,cpu,catalogue,shipping,5.85558921102039,10.009103651162507,6.037084757841262,11.995752312737944,4.153514440142117,5.958667554896682
carts_delay,carts,delay,cpu,user,front-end,8.08716498852734,11.705233178866893,8.042977150235302,12.974980743217928,3.618068190339553,4.9320035929826265
carts_delay,carts,delay,cpu,user,catalogue,8.08716498852734,11.705233178866893,8.036173042978403,13.281214850306473,3.618068190339553,5.24504180732807
carts_delay,carts,delay,cpu,user,orders,8.08716498852734,11.705233178866893,8.03070234522555,13.499554545662592,3.618068190339553,5.468852200437043
carts_delay,carts,delay,cpu,user,payment,8.08716498852734,11.705233178866893,8.03070234522555,13.499554545662592,3.618068190339553,5.468852200437043
carts_delay,carts,delay,cpu,user,shipping,8.08716498852734,11.726474423705138,8.03070234522555,13.532800592858946,3.6393094351777986,5.502098247633397
carts_delay,carts,delay,cpu,orders,front-end,23.296035032621116,21.73548696264885,24.13897237137128,17.232449512782456,-1.560548069972267,-6.906522858588826
carts_delay,carts,delay,cpu,orders,catalogue,23.296035032621116,21.73548696264885,23.327431176765675,22.370189924526432,-1.560548069972267,-0.9572412522392426
carts_delay,carts,delay,cpu,orders,user,23.296035032621116,21.761603224085345,23.327431176765675,22.38959653764781,-1.5344318085357713,-0.9378346391178631
carts_delay,carts,delay,cpu,orders,payment,23.296035032621116,21.73548696264885,25.403993990876376,22.02591161490569,-1.560548069972267,-3.378082375970685
carts_delay,carts,delay,cpu,orders,shipping,23.296035032621116,21.722022000488327,24.954349204820932,19.39116363400408,-1.5740130321327896,-5.563185570816852
carts_delay,carts,delay,cpu,payment,front-end,9.718082285377301,11.240474645856668,9.718082285377301,11.240474645856668,1.5223923604793672,1.5223923604793672
carts_delay,carts,delay,cpu,payment,catalogue,9.718082285377301,11.240474645856668,9.719163670619244,11.1649714914871,1.5223923604793672,1.4458078208678558
carts_delay,carts,delay,cpu,payment,user,9.718082285377301,11.201277663373787,9.718082285377301,11.201277663373787,1.483195377996486,1.483195377996486
carts_delay,carts,delay,cpu,payment,orders,9.718082285377301,11.240474645856668,9.572521149591916,11.454507127083511,1.5223923604793672,1.8819859774915955
carts_delay,carts,delay,cpu,payment,shipping,9.718082285377301,11.248245015285418,9.743814836597974,12.138894515654146,1.5301627299081169,2.395079679056172
carts_delay,carts,delay,cpu,shipping,front-end,32.59375436562589,43.96610377326823,33.501621484850425,36.06548494692483,11.37234940764234,2.5638634620744085
carts_delay,carts,delay,cpu,shipping,catalogue,32.59375436562589,43.96610377326823,32.64543344294045,37.08922861360011,11.37234940764234,4.443795170659662
carts_delay,carts,delay,cpu,shipping,user,32.59375436562589,44.03336575659511,32.72278066623433,46.64287084682965,11.439611390969219,13.920090180595324
carts_delay,carts,delay,cpu,shipping,orders,32.59375436562589,43.96610377326823,27.223602594765477,28.69752441882355,11.37234940764234,1.473921824058074
carts_delay,carts,delay,cpu,shipping,payment,32.59375436562589,43.96610377326823,33.30893787725065,41.52832209584399,11.37234940764234,8.21938421859334
carts_delay,carts,delay,mem,front-end,catalogue,3.365214197046609,3.532815021793582,3.208266968091231,3.565389422695598,0.1676008247469727,0.3571224546043674
carts_delay,carts,delay,mem,front-end,user,3.365214197046609,3.532815021793582,3.2773863247547013,4.20640107016975,0.1676008247469727,0.9290147454150484
carts_delay,carts,delay,mem,front-end,orders,3.365214197046609,3.532815021793582,3.365214197046609,3.532815021793582,0.1676008247469727,0.1676008247469727
carts_delay,carts,delay,mem,front-end,payment,3.365214197046609,3.532815021793582,3.3415192251936467,3.6747212592389062,0.1676008247469727,0.3332020340452595
carts_delay,carts,delay,mem,front-end,shipping,3.365214197046609,3.532815021793582,3.365214197046609,3.532815021793582,0.1676008247469727,0.1676008247469727
carts_delay,carts,delay,mem,catalogue,front-end,0.3982295992527944,0.4499866455804984,0.39435058916563936,0.4117740424528362,0.051757046327704004,0.017423453287196855
carts_delay,carts,delay,mem,catalogue,user,0.3982295992527944,0.4499866455804984,0.38475327537456955,0.3548641541215721,0.051757046327704004,-0.029889121252997475
carts_delay,carts,delay,mem,catalogue,orders,0.3982295992527944,0.4499866455804984,0.4117661091769753,0.38449408729096163,0.051757046327704004,-0.027272021886013686
carts_delay,carts,delay,mem,catalogue,payment,0.3982295992527944,0.4499866455804984,0.35942987168244933,0.31688322821920645,0.051757046327704004,-0.042546643463242884
carts_delay,carts,delay,mem,catalogue,shipping,0.3982295992527944,0.4499866455804984,0.24654002696643768,4.096616825399628,0.051757046327704004,3.8500767984331903
carts_delay,carts,delay,mem,user,front-end,0.08390774109210818,0.36729772503918845,0.08373136242732825,0.3614378402198329,0.28338998394708026,0.2777064777925046
carts_delay,carts,delay,mem,user,catalogue,0.08390774109210818,0.36729772503918845,0.08575883898590078,0.34423699565053506,0.28338998394708026,0.25847815666463425
carts_delay,carts,delay,mem,user,orders,0.08390774109210818,0.36729772503918845,0.08529506895940309,0.354771858309074,0.28338998394708026,0.2694767893496709
carts_delay,carts,delay,mem,user,payment,0.08390774109210818,0.36729772503918845,0.09046110201281891,0.3352694626463186,0.28338998394708026,0.24480836063349964
carts_delay,carts,delay,mem,user,shipping,0.08390774109210818,0.36729772503918845,0.08562202523331373,0.28127020736880864,0.28338998394708026,0.1956481821354949
carts_delay,carts,delay,mem,orders,front-end,0.03251113239725858,0.04137168920517656,0.03251113239725858,0.04137168920517656,0.008860556807917981,0.008860556807917981
carts_delay,carts,delay,mem,orders,catalogue,0.03251113239725858,0.04137168920517656,0.034847110030022034,0.03942386979428486,0.008860556807917981,0.004576759764262826
carts_delay,carts,delay,mem,orders,user,0.03251113239725858,0.04137168920517656,0.033149096713343526,0.03902863146288257,0.008860556807917981,0.005879534749539041
carts_delay,carts,delay,mem,orders,payment,0.03251113239725858,0.04137168920517656,0.03251113239725858,0.04137168920517656,0.008860556807917981,0.008860556807917981
carts_delay,carts,delay,mem,orders,shipping,0.03251113239725858,0.04137168920517656,0.03251012517029319,0.05129471530925008,0.008860556807917981,0.01878459013895689
carts_delay,carts,delay,mem,payment,front-end,0.4158100978028502,0.6411020635998841,0.4053372341064693,0.632169391733177,0.22529196579703387,0.22683215762670766
carts_delay,carts,delay,mem,payment,catalogue,0.4158100978028502,0.6411020635998841,0.3489444696249355,0.5580859966009745,0.22529196579703387,0.20914152697603894
carts_delay,carts,delay,mem,payment,user,0.4158100978028502,0.6411020635998841,0.39253883653485344,0.4259721091107025,0.22529196579703387,0.03343327257584905
carts_delay,carts,delay,mem,payment,orders,0.4158100978028502,0.6411020635998841,0.4158100978028502,0.6411020635998841,0.22529196579703387,0.22529196579703387
carts_delay,carts,delay,mem,payment,shipping,0.4158100978028502,0.6411020635998841,0.3874342360660763,1.4638733006416669,0.22529196579703387,1.0764390645755906
carts_delay,carts,delay,mem,shipping,front-end,0.00746519646224368,0.16700432603869567,0.007476819170710726,0.1665547861269807,0.159539129576452,0.15907796695626997
carts_delay,carts,delay,mem,shipping,catalogue,0.00746519646224368,0.16700432603869567,0.005918167764371569,0.16306192062521851,0.159539129576452,0.15714375286084695
carts_delay,carts,delay,mem,shipping,user,0.00746519646224368,0.16700432603869567,0.007419842054596519,0.16217632214092825,0.159539129576452,0.15475648008633172
carts_delay,carts,delay,mem,shipping,orders,0.00746519646224368,0.16700432603869567,0.007435254041423275,0.16597777391577884,0.159539129576452,0.15854251987435555
carts_delay,carts,delay,mem,shipping,payment,0.00746519646224368,0.16700432603869567,0.007802790296675103,0.16277253523860202,0.159539129576452,0.15496974494192692
carts_disk,carts,disk,cpu,front-end,catalogue,8.072889246374729,6.237952960234262,8.164980722871245,6.352124015353946,-1.8349362861404668,-1.812856707517299
carts_disk,carts,disk,cpu,front-end,user,8.072889246374729,6.237952960234262,8.199262419729052,6.165975902439165,-1.8349362861404668,-2.0332865172898877
carts_disk,carts,disk,cpu,front-end,orders,8.072889246374729,6.237952960234262,8.144839138939108,6.306531517898422,-1.8349362861404668,-1.8383076210406868
carts_disk,carts,disk,cpu,front-end,payment,8.072889246374729,6.237952960234262,8.11473696031214,6.2508307981850475,-1.8349362861404668,-1.8639061621270923
carts_disk,carts,disk,cpu,front-end,shipping,8.072889246374729,6.237952960234262,8.221388843526203,6.205114939058423,-1.8349362861404668,-2.0162739044677798
carts_disk,carts,disk,cpu,catalogue,front-end,7.6169247007980685,7.977735369634953,7.667773508743117,8.276204148403378,0.3608106688368844,0.608430639660261
carts_disk,carts,disk,cpu,catalogue,user,7.6169247007980685,7.977735369634953,7.713805719706585,8.2785907291449,0.3608106688368844,0.5647850094383156
carts_disk,carts,disk,cpu,catalogue,orders,7.6169247007980685,7.977735369634953,7.691067549387379,8.244281092663854,0.3608106688368844,0.5532135432764758
carts_disk,carts,disk,cpu,catalogue,payment,7.6169247007980685,7.977735369634953,7.614018956015059,8.443013861292986,0.3608106688368844,0.8289949052779271
carts_disk,carts,disk,cpu,catalogue,shipping,7.6169247007980685,7.977735369634953,7.69330007548258,8.28878294116965,0.3608106688368844,0.5954828656870701
carts_disk,carts,disk,cpu,user,front-end,10.834655260157435,7.1434424774576994,10.816400224143353,7.267320684305191,-3.6912127826997354,-3.5490795398381616
carts_disk,carts,disk,cpu,user,catalogue,10.834655260157435,7.1434424774576994,10.833249795785562,7.3404448902167125,-3.6912127826997354,-3.4928049055688497
carts_disk,carts,disk,cpu,user,orders,10.834655260157435,7.1434424774576994,10.804335053525488,7.096912727053375,-3.6912127826997354,-3.7074223264721127
carts_disk,carts,disk,cpu,user,payment,10.834655260157435,7.1434424774576994,10.625079536201826,7.362972825545808,-3.6912127826997354,-3.2621067106560178
carts_disk,carts,disk,cpu,user,shipping,10.834655260157435,7.1434424774576994,10.833691342801302,7.265208285744253,-3.6912127826997354,-3.5684830570570494
carts_disk,carts,disk,cpu,orders,front-end,15.491755620827899,24.037240712224044,15.733023329140854,24.21051448160407,8.545485091396145,8.477491152463214
carts_disk,carts,disk,cpu,orders,catalogue,15.491755620827899,24.037240712224044,15.729890238626302,23.974091705547345,8.545485091396145,8.244201466921043
carts_disk,carts,disk,cpu,orders,user,15.491755620827899,24.037240712224044,15.72104123271853,24.23098340214124,8.545485091396145,8.509942169422711
carts_disk,carts,disk,cpu,orders,payment,15.491755620827899,24.037240712224044,15.822379696045013,24.15127244583963,8.545485091396145,8.328892749794617
carts_disk,carts,disk,cpu,orders,shipping,15.491755620827899,24.037240712224044,15.7089620246955,23.67709077836895,8.545485091396145,7.968128753673449
carts_disk,carts,disk,cpu,payment,front-end,6.49421155498289,6.697376361687112,6.446491469850381,6.786745881260785,0.20316480670422177,0.34025441141040424
carts_disk,carts,disk,cpu,payment,catalogue,6.49421155498289,6.697376361687112,6.530933340723412,6.798887816744161,0.20316480670422177,0.2679544760207486
carts_disk,carts,disk,cpu,payment,user,6.49421155498289,6.697376361687112,6.322445399461732,6.7016094107517725,0.20316480670422177,0.3791640112900403
carts_disk,carts,disk,cpu,payment,orders,6.49421155498289,6.697376361687112,6.478672915552242,6.73212089235712,0.20316480670422177,0.2534479768048783
carts_disk,carts,disk,cpu,payment,shipping,6.49421155498289,6.697376361687112,6.347305465499827,6.739706892776205,0.20316480670422177,0.3924014272763783
carts_disk,carts,disk,cpu,shipping,front-end,37.452961487209556,42.710330635009015,37.460496332995724,42.68838730463208,5.257369147799459,5.227890971636356
carts_disk,carts,disk,cpu,shipping,catalogue,37.452961487209556,42.710330635009015,37.460496332995724,42.68838730463208,5.257369147799459,5.227890971636356
carts_disk,carts,disk,cpu,shipping,user,37.452961487209556,42.710330635009015,37.460496332995724,42.68838730463208,5.257369147799459,5.227890971636356
carts_disk,carts,disk,cpu,shipping,orders,37.452961487209556,42.710330635009015,36.3813582798559,45.10191479147233,5.257369147799459,8.72055651161643
carts_disk,carts,disk,cpu,shipping,payment,37.452961487209556,42.710330635009015,38.598652521456565,43.9829646735186,5.257369147799459,5.384312152062037
carts_disk,carts,disk,mem,front-end,catalogue,3.7023807930478556,3.665585985943011,3.7023807930478556,3.665585985943011,-0.03679480710484473,-0.03679480710484473
carts_disk,carts,disk,mem,front-end,user,3.7023807930478556,3.665585985943011,3.6863076163414012,3.8955976045179366,-0.03679480710484473,0.20928998817653532
carts_disk,carts,disk,mem,front-end,orders,3.7023807930478556,3.665585985943011,3.7023807930478556,3.665585985943011,-0.03679480710484473,-0.03679480710484473
carts_disk,carts,disk,mem,front-end,payment,3.7023807930478556,3.665585985943011,3.7023807930478556,3.665585985943011,-0.03679480710484473,-0.03679480710484473
carts_disk,carts,disk,mem,front-end,shipping,3.7023807930478556,3.665585985943011,3.7030043144927958,3.6561628592904656,-0.03679480710484473,-0.046841455202330184
carts_disk,carts,disk,mem,catalogue,front-end,0.34579729368914636,0.7899920497651371,0.34579729368914636,0.7899920497651371,0.4441947560759908,0.4441947560759908
carts_disk,carts,disk,mem,catalogue,user,0.34579729368914636,0.7899920497651371,0.15966978051133723,0.33417283739487763,0.4441947560759908,0.1745030568835404
carts_disk,carts,disk,mem,catalogue,orders,0.34579729368914636,0.7899920497651371,0.30982264434643575,0.5737133675139785,0.4441947560759908,0.26389072316754275
carts_disk,carts,disk,mem,catalogue,payment,0.34579729368914636,0.7899920497651371,0.33686674168954306,0.826771614789102,0.4441947560759908,0.48990487309955894
carts_disk,carts,disk,mem,catalogue,shipping,0.34579729368914636,0.7899920497651371,0.309071670058767,0.7921336481249865,0.4441947560759908,0.48306197806621953
carts_disk,carts,disk,mem,user,front-end,0.6349205564965459,2.373581458766432,0.6392334576332852,2.383401237135676,1.7386609022698862,1.7441677795023909
carts_disk,carts,disk,mem,user,catalogue,0.6349205564965459,2.373581458766432,0.26538639837444294,1.085474137104091,1.7386609022698862,0.8200877387296481
carts_disk,carts,disk,mem,user,orders,0.6349205564965459,2.373581458766432,0.5175944739030877,1.769621973253616,1.7386609022698862,1.2520274993505285
carts_disk,carts,disk,mem,user,payment,0.6349205564965459,2.373581458766432,0.5831078722836137,2.464323146920654,1.7386609022698862,1.8812152746370403
carts_disk,carts,disk,mem,user,shipping,0.6349205564965459,2.373581458766432,0.5920821647019556,2.3778806243421053,1.7386609022698862,1.7857984596401497
carts_disk,carts,disk,mem,orders,front-end,0.056962535808864526,0.09412764435792238,0.05809835350525931,0.09400777417816417,0.03716510854905786,0.035909420672904854
carts_disk,carts,disk,mem,orders,catalogue,0.056962535808864526,0.09412764435792238,0.05408537785403445,0.07988908449290036,0.03716510854905786,0.025803706638865907
carts_disk,carts,disk,mem,orders,user,0.056962535808864526,0.09412764435792238,0.04821280527709233,0.0838505402165143,0.03716510854905786,0.03563773493942196
carts_disk,carts,disk,mem,orders,payment,0.056962535808864526,0.09412764435792238,0.05979209760453893,0.10162762057612548,0.03716510854905786,0.041835522971586554
carts_disk,carts,disk,mem,orders,shipping,0.056962535808864526,0.09412764435792238,0.058260114358139034,0.09403545019062792,0.03716510854905786,0.03577533583248889
carts_disk,carts,disk,mem,payment,front-end,1.0945233660026703,0.6402599511388213,1.1201856071444316,0.6334395642443377,-0.454263414863849,-0.48674604290009393
carts_disk,carts,disk,mem,payment,catalogue,1.0945233660026703,0.6402599511388213,1.1196304045027952,1.0082420698334744,-0.454263414863849,-0.11138833466932074
carts_disk,carts,disk,mem,payment,user,1.0945233660026703,0.6402599511388213,1.1050397788068653,1.4354982560053309,-0.454263414863849,0.33045847719846555
carts_disk,carts,disk,mem,payment,orders,1.0945233660026703,0.6402599511388213,1.0963734829067846,0.9413874145368213,-0.454263414863849,-0.15498606836996331
carts_disk,carts,disk,mem,payment,shipping,1.0945233660026703,0.6402599511388213,1.1224633684061929,0.6326051275420278,-0.454263414863849,-0.4898582408641651
carts_disk,carts,disk,mem,shipping,front-end,0.06803460822740381,0.06221968331773225,0.06738878046585509,0.06195378748882632,-0.005814924909671566,-0.005434992977028763
carts_disk,carts,disk,mem,shipping,catalogue,0.06803460822740381,0.06221968331773225,0.06298410011232443,0.0903126055332766,-0.005814924909671566,0.027328505420952165
carts_disk,carts,disk,mem,shipping,user,0.06803460822740381,0.06221968331773225,0.06121057681619344,0.13921307604291083,-0.005814924909671566,0.0780024992267174
carts_disk,carts,disk,mem,shipping,orders,0.06803460822740381,0.06221968331773225,0.06882377524274345,0.060947336517989274,-0.005814924909671566,-0.00787643872475418
carts_disk,carts,disk,mem,shipping,payment,0.06803460822740381,0.06221968331773225,0.06935611721553335,0.0622543643448292,-0.005814924909671566,-0.0071017528707041505
carts_disk,carts,disk,cpu,front-end,catalogue,11.696900005243034,8.702908205863896,11.711390069973765,8.707789028697697,-2.9939917993791383,-3.0036010412760685
carts_disk,carts,disk,cpu,front-end,user,11.696900005243034,8.702908205863896,11.624601837907326,8.684674559733011,-2.9939917993791383,-2.9399272781743147
carts_disk,carts,disk,cpu,front-end,orders,11.696900005243034,8.702908205863896,11.617264299874748,8.802982589706213,-2.9939917993791383,-2.814281710168535
carts_disk,carts,disk,cpu,front-end,payment,11.696900005243034,8.702908205863896,11.705065355764315,7.988891761288326,-2.9939917993791383,-3.716173594475989
carts_disk,carts,disk,cpu,front-end,shipping,11.696900005243034,8.702908205863896,11.682582429200805,8.72405981802711,-2.9939917993791383,-2.958522611173695
carts_disk,carts,disk,cpu,catalogue,front-end,8.005901565841015,12.902821485124255,8.357610876200395,12.954638502698145,4.89691991928324,4.59702762649775
carts_disk,carts,disk,cpu,catalogue,user,8.005901565841015,12.902821485124255,8.247332264237443,12.85271209346915,4.89691991928324,4.6053798292317065
carts_disk,carts,disk,cpu,catalogue,orders,8.005901565841015,12.902821485124255,8.357610876200395,12.954638502698145,4.89691991928324,4.59702762649775
carts_disk,carts,disk,cpu,catalogue,payment,8.005901565841015,12.902821485124255,8.188555927545169,11.622458155084136,4.89691991928324,3.433902227538967
carts_disk,carts,disk,cpu,catalogue,shipping,8.005901565841015,12.902821485124255,8.35240375127665,12.959545126846347,4.89691991928324,4.607141375569697
carts_disk,carts,disk,cpu,user,front-end,5.7968737543742,8.090065708623339,5.890131431832584,7.936423189018292,2.2931919542491386,2.046291757185708
carts_disk,carts,disk,cpu,user,catalogue,5.7968737543742,8.090065708623339,5.923007979023865,7.654677268600916,2.2931919542491386,1.7316692895770514
carts_disk,carts,disk,cpu,user,orders,5.7968737543742,8.090065708623339,5.976668050529474,7.994716564423852,2.2931919542491386,2.018048513894378
carts_disk,carts,disk,cpu,user,payment,5.7968737543742,8.090065708623339,5.927750037870062,7.643767897705735,2.2931919542491386,1.7160178598356728
carts_disk,carts,disk,cpu,user,shipping,5.7968737543742,8.090065708623339,5.950545631682154,7.955689675582376,2.2931919542491386,2.0051440439002226
carts_disk,carts,disk,cpu,orders,front-end,27.788258825564387,33.28310250267321,27.63710262711958,34.04525498796714,5.494843677108822,6.408152360847559
carts_disk,carts,disk,cpu,orders,catalogue,27.788258825564387,33.28310250267321,27.788258825564387,33.28310250267321,5.494843677108822,5.494843677108822
carts_disk,carts,disk,cpu,orders,user,27.788258825564387,33.28310250267321,27.788258825564387,33.28310250267321,5.494843677108822,5.494843677108822
carts_disk,carts,disk,cpu,orders,payment,27.788258825564387,33.28310250267321,27.849355005828226,34.85271758693845,5.494843677108822,7.0033625811102205
carts_disk,carts,disk,cpu,orders,shipping,27.788258825564387,33.28310250267321,27.788258825564387,33.28310250267321,5.494843677108822,5.494843677108822
carts_disk,carts,disk,cpu,payment,front-end,6.443946071343801,12.97178575675361,6.461139132586393,12.86177860168712,6.527839685409809,6.400639469100728
carts_disk,carts,disk,cpu,payment,catalogue,6.443946071343801,12.97178575675361,6.347125136876815,12.092578707757404,6.527839685409809,5.745453570880589
carts_disk,carts,disk,cpu,payment,user,6.443946071343801,12.97178575675361,6.423179534105284,12.959667645557818,6.527839685409809,6.536488111452535
carts_disk,carts,disk,cpu,payment,orders,6.443946071343801,12.97178575675361,6.430337603337039,12.96160159064518,6.527839685409809,6.531263987308142
carts_disk,carts,disk,cpu,payment,shipping,6.443946071343801,12.97178575675361,6.368029513029814,12.997069831912537,6.527839685409809,6.629040318882723
carts_disk,carts,disk,cpu,shipping,front-end,44.676922454905785,48.21115223592544,44.16061829627488,49.57383662046892,3.534229781019654,5.413218324194034
carts_disk,carts,disk,cpu,shipping,catalogue,44.676922454905785,48.21115223592544,44.61885613795558,48.28629550549617,3.534229781019654,3.667439367540588
carts_disk,carts,disk,cpu,shipping,user,44.676922454905785,48.21115223592544,44.36250127794682,47.369638132440926,3.534229781019654,3.0071368544941066
carts_disk,carts,disk,cpu,shipping,orders,44.676922454905785,48.21115223592544,44.58573468483593,48.03268594206624,3.534229781019654,3.4469512572303103
carts_disk,carts,disk,cpu,shipping,payment,44.676922454905785,48.21115223592544,44.17009741067757,54.66248399957918,3.534229781019654,10.49238658890161
carts_disk,carts,disk,mem,front-end,catalogue,3.2767924932756904,3.309861387715733,3.205759747923731,3.6593320212212004,0.03306889444004257,0.4535722732974694
carts_disk,carts,disk,mem,front-end,user,3.2767924932756904,3.309861387715733,3.283859173241894,3.4440156594350846,0.03306889444004257,0.16015648619319078
carts_disk,carts,disk,mem,front-end,orders,3.2767924932756904,3.309861387715733,3.2816845258780725,3.3368179288662954,0.03306889444004257,0.05513340298822289
carts_disk,carts,disk,mem,front-end,payment,3.2767924932756904,3.309861387715733,3.2767924932756904,3.309861387715733,0.03306889444004257,0.03306889444004257
carts_disk,carts,disk,mem,front-end,shipping,3.2767924932756904,3.309861387715733,3.255834767878368,3.364913293793471,0.03306889444004257,0.10907852591510281
carts_disk,carts,disk,mem,catalogue,front-end,0.30907372408176326,1.0374360659595543,0.30995031323247874,1.0408041573035633,0.728362341877791,0.7308538440710846
carts_disk,carts,disk,mem,catalogue,user,0.30907372408176326,1.0374360659595543,0.20156139447283766,0.29656363023308513,0.728362341877791,0.09500223576024747
carts_disk,carts,disk,mem,catalogue,orders,0.30907372408176326,1.0374360659595543,0.1712659918481457,0.9175327893803903,0.728362341877791,0.7462667975322446
carts_disk,carts,disk,mem,catalogue,payment,0.30907372408176326,1.0374360659595543,0.30599502927028915,1.0376683651981422,0.728362341877791,0.7316733359278531
carts_disk,carts,disk,mem,catalogue,shipping,0.30907372408176326,1.0374360659595543,0.19608549878864542,0.8514221648271927,0.728362341877791,0.6553366660385472
carts_disk,carts,disk,mem,user,front-end,0.3927137256302137,1.8729782952529739,0.3903189921943206,1.8732998962161653,1.48026456962276,1.4829809040218447
carts_disk,carts,disk,mem,user,catalogue,0.3927137256302137,1.8729782952529739,0.2746718725366647,1.2089528076490317,1.48026456962276,0.934280935112367
carts_disk,carts,disk,mem,user,orders,0.3927137256302137,1.8729782952529739,0.20543152425952332,1.7055496542354873,1.48026456962276,1.500118129975964
carts_disk,carts,disk,mem,user,payment,0.3927137256302137,1.8729782952529739,0.3918852938926582,1.8721436423993394,1.48026456962276,1.4802583485066811
carts_disk,carts,disk,mem,user,shipping,0.3927137256302137,1.8729782952529739,0.20771525389534257,1.6109332909595284,1.48026456962276,1.4032180370641858
carts_disk,carts,disk,mem,orders,front-end,0.14103762540849032,0.10499196521059238,0.14058192235759198,0.10526688449931686,-0.03604566019789794,-0.035315037858275125
carts_disk,carts,disk,mem,orders,catalogue,0.14103762540849032,0.10499196521059238,0.09498347880334841,0.18855871918494585,-0.03604566019789794,0.09357524038159744
carts_disk,carts,disk,mem,orders,user,0.14103762540849032,0.10499196521059238,0.08033336650696862,0.43196639621682975,-0.03604566019789794,0.3516330297098611
carts_disk,carts,disk,mem,orders,payment,0.14103762540849032,0.10499196521059238,0.14092548477491637,0.10507147460553669,-0.03604566019789794,-0.03585401016937968
carts_disk,carts,disk,mem,orders,shipping,0.14103762540849032,0.10499196521059238,0.0740467830961551,0.07750276246485267,-0.03604566019789794,0.0034559793686975704
carts_disk,carts,disk,mem,payment,front-end,1.3366387513163231,1.8227520955772305,1.3366387513163231,1.8227520955772305,0.48611334426090735,0.48611334426090735
carts_disk,carts,disk,mem,payment,catalogue,1.3366387513163231,1.8227520955772305,1.3366387513163231,1.8227520955772305,0.48611334426090735,0.48611334426090735
carts_disk,carts,disk,mem,payment,user,1.3366387513163231,1.8227520955772305,1.3366387513163231,1.8227520955772305,0.48611334426090735,0.48611334426090735
carts_disk,carts,disk,mem,payment,orders,1.3366387513163231,1.8227520955772305,1.3366387513163231,1.8227520955772305,0.48611334426090735,0.48611334426090735
carts_disk,carts,disk,mem,payment,shipping,1.3366387513163231,1.8227520955772305,1.3366387513163231,1.8227520955772305,0.48611334426090735,0.48611334426090735
carts_disk,carts,disk,mem,shipping,front-end,0.1253813658340849,0.09671927970268321,0.12263286885831179,0.09742354944700712,-0.0286620861314017,-0.025209319411304665
carts_disk,carts,disk,mem,shipping,catalogue,0.1253813658340849,0.09671927970268321,0.08233351344530061,0.1176942765335246,-0.0286620861314017,0.03536076308822399
carts_disk,carts,disk,mem,shipping,user,0.1253813658340849,0.09671927970268321,0.0629836214373268,0.3322297239660128,-0.0286620861314017,0.26924610252868597
carts_disk,carts,disk,mem,shipping,orders,0.1253813658340849,0.09671927970268321,0.05862670326779183,0.05947791035941008,-0.0286620861314017,0.0008512070916182474
carts_disk,carts,disk,mem,shipping,payment,0.1253813658340849,0.09671927970268321,0.12537624031175829,0.09656268245275004,-0.0286620861314017,-0.028813557859008243
carts_disk,carts,disk,cpu,front-end,catalogue,10.663050796316318,7.666219804850701,10.601016176134067,7.606564355546909,-2.9968309914656173,-2.994451820587158
carts_disk,carts,disk,cpu,front-end,user,10.663050796316318,7.666219804850701,10.474618544768466,7.730180386143867,-2.9968309914656173,-2.7444381586245994
carts_disk,carts,disk,cpu,front-end,orders,10.663050796316318,7.666219804850701,10.562354579109435,7.650105776541906,-2.9968309914656173,-2.912248802567529
carts_disk,carts,disk,cpu,front-end,payment,10.663050796316318,7.666219804850701,10.549399942943316,7.341186061542558,-2.9968309914656173,-3.2082138814007575
carts_disk,carts,disk,cpu,front-end,shipping,10.663050796316318,7.666219804850701,10.561049655703107,7.765166149314381,-2.9968309914656173,-2.7958835063887255
carts_disk,carts,disk,cpu,catalogue,front-end,7.222109815015276,12.515625838413044,7.581258047269078,12.907231449868142,5.293516023397768,5.325973402599065
carts_disk,carts,disk,cpu,catalogue,user,7.222109815015276,12.515625838413044,7.577695220690081,12.867807856594757,5.293516023397768,5.290112635904676
carts_disk,carts,disk,cpu,catalogue,orders,7.222109815015276,12.515625838413044,7.3427523017429746,12.69656365329325,5.293516023397768,5.353811351550275
carts_disk,carts,disk,cpu,catalogue,payment,7.222109815015276,12.515625838413044,7.557260716686881,12.324430315893688,5.293516023397768,4.767169599206807
carts_disk,carts,disk,cpu,catalogue,shipping,7.222109815015276,12.515625838413044,7.61305912484304,12.912165752695204,5.293516023397768,5.299106627852164
carts_disk,carts,disk,cpu,user,front-end,11.031787155642098,10.601013331329662,11.147447603232546,10.641092843816834,-0.4307738243124355,-0.5063547594157125
carts_disk,carts,disk,cpu,user,catalogue,11.031787155642098,10.601013331329662,11.096968075726497,10.529760814024867,-0.4307738243124355,-0.5672072617016308
carts_disk,carts,disk,cpu,user,orders,11.031787155642098,10.601013331329662,11.07861719172102,11.121140717975928,-0.4307738243124355,0.042523526254907296
carts_disk,carts,disk,cpu,user,payment,11.031787155642098,10.601013331329662,10.634760255083133,10.088068109148384,-0.4307738243124355,-0.5466921459347489
carts_disk,carts,disk,cpu,user,shipping,11.031787155642098,10.601013331329662,11.000776091986335,11.011345187550171,-0.4307738243124355,0.010569095563836228
carts_disk,carts,disk,cpu,orders,front-end,19.78305922626618,21.770795088329674,19.68801277403733,21.612087280566698,1.987735862063495,1.9240745065293687
carts_disk,carts,disk,cpu,orders,catalogue,19.78305922626618,21.770795088329674,19.42508305935221,23.566016856103396,1.987735862063495,4.140933796751185
carts_disk,carts,disk,cpu,orders,user,19.78305922626618,21.770795088329674,19.77506200057325,22.066736422037366,1.987735862063495,2.2916744214641156
carts_disk,carts,disk,cpu,orders,payment,19.78305922626618,21.770795088329674,19.87231426028985,23.038323035878893,1.987735862063495,3.1660087755890416
carts_disk,carts,disk,cpu,orders,shipping,19.78305922626618,21.770795088329674,19.788539166383746,21.703395588797072,1.987735862063495,1.914856422413326
carts_disk,carts,disk,cpu,payment,front-end,10.20081669587387,16.209127491302468,10.213394260402914,16.187411716670795,6.0083107954285975,5.97401745626788
carts_disk,carts,disk,cpu,payment,catalogue,10.20081669587387,16.209127491302468,10.286206405195355,15.501647536164775,6.0083107954285975,5.21544113096942
carts_disk,carts,disk,cpu,payment,user,10.20081669587387,16.209127491302468,9.76118061425819,15.900822603069473,6.0083107954285975,6.139641988811283
carts_disk,carts,disk,cpu,payment,orders,10.20081669587387,16.209127491302468,10.22277495485565,15.743871500811126,6.0083107954285975,5.521096545955476
carts_disk,carts,disk,cpu,payment,shipping,10.20081669587387,16.209127491302468,10.226145572076868,16.21239457664888,6.0083107954285975,5.986249004572011
carts_disk,carts,disk,cpu,shipping,front-end,45.596940226517894,77.89751932437264,45.70441615397359,77.38627116547916,32.300579097854744,31.68185501150557
carts_disk,carts,disk,cpu,shipping,catalogue,45.596940226517894,77.89751932437264,45.70441615397359,77.38627116547916,32.300579097854744,31.68185501150557
carts_disk,carts,disk,cpu,shipping,user,45.596940226517894,77.89751932437264,45.56714952345361,79.55472208757973,32.300579097854744,33.987572564126125
carts_disk,carts,disk,cpu,shipping,orders,45.596940226517894,77.89751932437264,45.70441615397359,77.38627116547916,32.300579097854744,31.68185501150557
carts_disk,carts,disk,cpu,shipping,payment,45.596940226517894,77.89751932437264,45.70441615397359,77.38627116547916,32.300579097854744,31.68185501150557
carts_disk,carts,disk,mem,front-end,catalogue,3.5353621424190664,3.51805530244236,3.4807174073530502,3.7860131369073793,-0.017306839976706456,0.30529572955432904
carts_disk,carts,disk,mem,front-end,user,3.5353621424190664,3.51805530244236,3.536107740890251,3.585194881253541,-0.017306839976706456,0.04908714036328998
carts_disk,carts,disk,mem,front-end,orders,3.5353621424190664,3.51805530244236,3.5348575454083973,3.5810658777551416,-0.017306839976706456,0.046208332346744374
carts_disk,carts,disk,mem,front-end,payment,3.5353621424190664,3.51805530244236,3.5353621424190664,3.51805530244236,-0.017306839976706456,-0.017306839976706456
carts_disk,carts,disk,mem,front-end,shipping,3.5353621424190664,3.51805530244236,3.5359501427033,3.7121212023791323,-0.017306839976706456,0.17617105967583235
carts_disk,carts,disk,mem,catalogue,front-end,0.2516961303802846,0.7599566378616219,0.24462483738763868,0.751360172500675,0.5082605074813373,0.5067353351130364
carts_disk,carts,disk,mem,catalogue,user,0.2516961303802846,0.7599566378616219,0.1358008239965166,0.4105396207315879,0.5082605074813373,0.2747387967350713
carts_disk,carts,disk,mem,catalogue,orders,0.2516961303802846,0.7599566378616219,0.14677835092367464,0.3506691125502501,0.5082605074813373,0.20389076162657543
carts_disk,carts,disk,mem,catalogue,payment,0.2516961303802846,0.7599566378616219,0.25045762604599225,0.7555297861902455,0.5082605074813373,0.5050721601442532
carts_disk,carts,disk,mem,catalogue,shipping,0.2516961303802846,0.7599566378616219,0.13578588618704063,0.21700073812752443,0.5082605074813373,0.0812148519404838
carts_disk,carts,disk,mem,user,front-end,1.1833391834069027,2.3578940972337112,1.1758858481443746,2.345206484493449,1.1745549138268085,1.1693206363490745
carts_disk,carts,disk,mem,user,catalogue,1.1833391834069027,2.3578940972337112,0.8904062590552844,0.9775152893227723,1.1745549138268085,0.08710903026748795
carts_disk,carts,disk,mem,user,orders,1.1833391834069027,2.3578940972337112,0.37931227510573123,0.36856081803030366,1.1745549138268085,-0.010751457075427573
carts_disk,carts,disk,mem,user,payment,1.1833391834069027,2.3578940972337112,1.132893401188793,2.1998524094064087,1.1745549138268085,1.0669590082176157
carts_disk,carts,disk,mem,user,shipping,1.1833391834069027,2.3578940972337112,0.31601226769634017,1.3090431441482453,1.1745549138268085,0.9930308764519051
carts_disk,carts,disk,mem,orders,front-end,0.1839081217381314,0.43186119429372394,0.1831879365556641,0.4303741608562944,0.24795307255559254,0.24718622430063028
carts_disk,carts,disk,mem,orders,catalogue,0.1839081217381314,0.43186119429372394,0.14182143839801234,0.20904206295297265,0.24795307255559254,0.0672206245549603
carts_disk,carts,disk,mem,orders,user,0.1839081217381314,0.43186119429372394,0.06486400595885103,0.08894117697734724,0.24795307255559254,0.024077171018496213
carts_disk,carts,disk,mem,orders,payment,0.1839081217381314,0.43186119429372394,0.17730914039367743,0.41121379715547046,0.24795307255559254,0.23390465676179303
carts_disk,carts,disk,mem,orders,shipping,0.1839081217381314,0.43186119429372394,0.06829947289881924,0.13747664459113176,0.24795307255559254,0.06917717169231252
carts_disk,carts,disk,mem,payment,front-end,0.4081020748533169,0.6381039903060967,0.4081020748533169,0.6381039903060967,0.23000191545277976,0.23000191545277976
carts_disk,carts,disk,mem,payment,catalogue,0.4081020748533169,0.6381039903060967,0.40242226928148056,0.6089913419442026,0.23000191545277976,0.206569072662722
carts_disk,carts,disk,mem,payment,user,0.4081020748533169,0.6381039903060967,0.2883498100996006,0.3703959211564694,0.23000191545277976,0.08204611105686882
carts_disk,carts,disk,mem,payment,orders,0.4081020748533169,0.6381039903060967,0.31637418124103084,0.3802378645750062,0.23000191545277976,0.06386368333397535
carts_disk,carts,disk,mem,payment,shipping,0.4081020748533169,0.6381039903060967,0.29106878807800324,0.23426870988618917,0.23000191545277976,-0.05680007819181407
carts_disk,carts,disk,mem,shipping,front-end,0.10286877635365423,0.32686546099207575,0.10243637130289372,0.3257058285904056,0.22399668463842154,0.22326945728751185
carts_disk,carts,disk,mem,shipping,catalogue,0.10286877635365423,0.32686546099207575,0.07901134066739648,0.21677741276525195,0.22399668463842154,0.13776607209785546
carts_disk,carts,disk,mem,shipping,user,0.10286877635365423,0.32686546099207575,0.02834710653949258,0.14241969610680438,0.22399668463842154,0.11407258956731181
carts_disk,carts,disk,mem,shipping,orders,0.10286877635365423,0.32686546099207575,0.035082687734232974,0.1198750068294524,0.22399668463842154,0.08479231909521942
carts_disk,carts,disk,mem,shipping,payment,0.10286877635365423,0.32686546099207575,0.09884108931424351,0.3143340372469387,0.22399668463842154,0.2154929479326952
carts_loss,carts,loss,cpu,front-end,catalogue,7.285445946755723,10.42679744409759,7.260180601637534,10.52315799138577,3.1413514973418666,3.2629773897482357
carts_loss,carts,loss,cpu,front-end,user,7.285445946755723,10.42679744409759,7.319965761657808,10.42352656434213,3.1413514973418666,3.1035608026843216
carts_loss,carts,loss,cpu,front-end,orders,7.285445946755723,10.42679744409759,7.3142397288144245,10.48467994060312,3.1413514973418666,3.170440211788696
carts_loss,carts,loss,cpu,front-end,payment,7.285445946755723,10.42679744409759,7.290901606483059,10.381511541050935,3.1413514973418666,3.090609934567876
carts_loss,carts,loss,cpu,front-end,shipping,7.285445946755723,10.42679744409759,7.2291078745659805,10.487588025571016,3.1413514973418666,3.2584801510050356
carts_loss,carts,loss,cpu,catalogue,front-end,7.488462919230218,6.912216431027743,7.508259496232521,7.240066991945164,-0.5762464882024751,-0.26819250428735675
carts_loss,carts,loss,cpu,catalogue,user,7.488462919230218,6.912216431027743,7.498787515901231,7.189956671557045,-0.5762464882024751,-0.30883084434418606
carts_loss,carts,loss,cpu,catalogue,orders,7.488462919230218,6.912216431027743,7.583525828614225,7.172108941500865,-0.5762464882024751,-0.41141688711335966
carts_loss,carts,loss,cpu,catalogue,payment,7.488462919230218,6.912216431027743,7.5658916269427205,7.193950457239364,-0.5762464882024751,-0.3719411697033568
carts_loss,carts,loss,cpu,catalogue,shipping,7.488462919230218,6.912216431027743,7.583525828614225,7.172108941500865,-0.5762464882024751,-0.41141688711335966
carts_loss,carts,loss,cpu,user,front-end,9.71503261922194,8.087361932159224,9.732862646602165,8.018084025502095,-1.6276706870627162,-1.71477862110007
carts_loss,carts,loss,cpu,user,catalogue,9.71503261922194,8.087361932159224,9.653763082396564,8.23188687401918,-1.6276706870627162,-1.421876208377384
carts_loss,carts,loss,cpu,user,orders,9.71503261922194,8.087361932159224,9.726917438576274,8.091842680933777,-1.6276706870627162,-1.6350747576424975
carts_loss,carts,loss,cpu,user,payment,9.71503261922194,8.087361932159224,9.726917438576274,8.091842680933777,-1.6276706870627162,-1.6350747576424975
carts_loss,carts,loss,cpu,user,shipping,9.71503261922194,8.087361932159224,9.726917438576274,8.091842680933777,-1.6276706870627162,-1.6350747576424975
carts_loss,carts,loss,cpu,orders,front-end,15.135118410356144,19.972067568090488,15.135118410356144,19.972067568090488,4.8369491577343435,4.8369491577343435
carts_loss,carts,loss,cpu,orders,catalogue,15.135118410356144,19.972067568090488,15.135118410356144,19.972067568090488,4.8369491577343435,4.8369491577343435
carts_loss,carts,loss,cpu,orders,user,15.135118410356144,19.972067568090488,15.135118410356144,19.972067568090488,4.8369491577343435,4.8369491577343435
carts_loss,carts,loss,cpu,orders,payment,15.135118410356144,19.972067568090488,15.135118410356144,19.972067568090488,4.8369491577343435,4.8369491577343435
carts_loss,carts,loss,cpu,orders,shipping,15.135118410356144,19.972067568090488,15.135118410356144,19.972067568090488,4.8369491577343435,4.8369491577343435
carts_loss,carts,loss,cpu,payment,front-end,8.91452840330414,8.506802526170471,8.946284163741623,7.938077612188269,-0.40772587713366804,-1.0082065515533545
carts_loss,carts,loss,cpu,payment,catalogue,8.91452840330414,8.506802526170471,8.958840364241533,8.07373232846751,-0.40772587713366804,-0.8851080357740226
carts_loss,carts,loss,cpu,payment,user,8.91452840330414,8.506802526170471,9.026050688516657,8.08087083971585,-0.40772587713366804,-0.945179848800807
carts_loss,carts,loss,cpu,payment,orders,8.91452840330414,8.506802526170471,9.026050688516657,8.08087083971585,-0.40772587713366804,-0.945179848800807
carts_loss,carts,loss,cpu,payment,shipping,8.91452840330414,8.506802526170471,8.904230152210422,8.01022254676532,-0.40772587713366804,-0.8940076054451023
carts_loss,carts,loss,cpu,shipping,front-end,44.41753779411365,56.74227117068044,44.5280242568686,50.623587593175486,12.32473337656679,6.095563336306888
carts_loss,carts,loss,cpu,shipping,catalogue,44.41753779411365,56.74227117068044,44.41753779411365,56.74227117068044,12.32473337656679,12.32473337656679
carts_loss,carts,loss,cpu,shipping,user,44.41753779411365,56.74227117068044,44.41753779411365,56.74227117068044,12.32473337656679,12.32473337656679
carts_loss,carts,loss,cpu,shipping,orders,44.41753779411365,56.74227117068044,44.41753779411365,56.74227117068044,12.32473337656679,12.32473337656679
carts_loss,carts,loss,cpu,shipping,payment,44.41753779411365,56.74227117068044,45.30361798879561,53.17883206868097,12.32473337656679,7.87521407988536
carts_loss,carts,loss,mem,front-end,catalogue,3.8066562287474968,3.4088090924057535,3.6855907496378695,3.9278425412562594,-0.3978471363417433,0.24225179161838994
carts_loss,carts,loss,mem,front-end,user,3.8066562287474968,3.4088090924057535,3.810827023603631,3.5846785460182757,-0.3978471363417433,-0.22614847758535506
carts_loss,carts,loss,mem,front-end,orders,3.8066562287474968,3.4088090924057535,3.8172919392302114,3.475246023121232,-0.3978471363417433,-0.3420459161089795
carts_loss,carts,loss,mem,front-end,payment,3.8066562287474968,3.4088090924057535,3.8027275776025595,3.437861320598037,-0.3978471363417433,-0.3648662570045227
carts_loss,carts,loss,mem,front-end,shipping,3.8066562287474968,3.4088090924057535,3.8017396004111683,3.4308392992760077,-0.3978471363417433,-0.3709003011351606
carts_loss,carts,loss,mem,catalogue,front-end,0.1761949758681572,0.6176578432018401,0.1820790628217373,0.6157585132825618,0.44146286733368295,0.4336794504608245
carts_loss,carts,loss,mem,catalogue,user,0.1761949758681572,0.6176578432018401,0.15886221278967347,0.4618240784779237,0.44146286733368295,0.30296186568825023
carts_loss,carts,loss,mem,catalogue,orders,0.1761949758681572,0.6176578432018401,0.13884983345862856,0.43869877009585534,0.44146286733368295,0.2998489366372268
carts_loss,carts,loss,mem,catalogue,payment,0.1761949758681572,0.6176578432018401,0.1762243422997575,0.6022923334697262,0.44146286733368295,0.42606799116996874
carts_loss,carts,loss,mem,catalogue,shipping,0.1761949758681572,0.6176578432018401,0.17621173853555216,0.6159941859532639,0.44146286733368295,0.4397824474177118
carts_loss,carts,loss,mem,user,front-end,0.30426051391718867,0.81546545991399,0.30130400063454266,0.8065277558837864,0.5112049459968013,0.5052237552492438
carts_loss,carts,loss,mem,user,catalogue,0.30426051391718867,0.81546545991399,0.29298058192520715,0.6583846311794073,0.5112049459968013,0.3654040492542001
carts_loss,carts,loss,mem,user,orders,0.30426051391718867,0.81546545991399,0.17873023106420233,0.4016809193065003,0.5112049459968013,0.22295068824229797
carts_loss,carts,loss,mem,user,payment,0.30426051391718867,0.81546545991399,0.30514568249713336,0.8066300133817751,0.5112049459968013,0.5014843308846417
carts_loss,carts,loss,mem,user,shipping,0.30426051391718867,0.81546545991399,0.30514568249713336,0.8066300133817751,0.5112049459968013,0.5014843308846417
carts_loss,carts,loss,mem,orders,front-end,0.07703782378738014,0.13678705973485358,0.07681375422643513,0.13677716389425296,0.059749235947473445,0.059963409667817824
carts_loss,carts,loss,mem,orders,catalogue,0.07703782378738014,0.13678705973485358,0.07321007745416926,0.09053628542897546,0.059749235947473445,0.017326207974806204
carts_loss,carts,loss,mem,orders,user,0.07703782378738014,0.13678705973485358,0.05350204468841333,0.040171281741463095,0.059749235947473445,-0.013330762946950236
carts_loss,carts,loss,mem,orders,payment,0.07703782378738014,0.13678705973485358,0.07703782378738014,0.13678705973485358,0.059749235947473445,0.059749235947473445
carts_loss,carts,loss,mem,orders,shipping,0.07703782378738014,0.13678705973485358,0.0771494104179685,0.13675518316795537,0.059749235947473445,0.05960577274998688
carts_loss,carts,loss,mem,payment,front-end,0.5139396568209229,0.411448338237646,0.5115705536449867,0.4113911194781428,-0.10249131858327692,-0.10017943416684394
carts_loss,carts,loss,mem,payment,catalogue,0.5139396568209229,0.411448338237646,0.505430817480868,0.32731395938516267,-0.10249131858327692,-0.17811685809570538
carts_loss,carts,loss,mem,payment,user,0.5139396568209229,0.411448338237646,0.5139396568209229,0.411448338237646,-0.10249131858327692,-0.10249131858327692
carts_loss,carts,loss,mem,payment,orders,0.5139396568209229,0.411448338237646,0.5139396568209229,0.411448338237646,-0.10249131858327692,-0.10249131858327692
carts_loss,carts,loss,mem,payment,shipping,0.5139396568209229,0.411448338237646,0.48915078795629024,0.40358878165592355,-0.10249131858327692,-0.0855620063003667
carts_loss,carts,loss,mem,shipping,front-end,0.05454688269571461,0.010412565588743967,0.05454688269571461,0.010412565588743967,-0.04413431710697064,-0.04413431710697064
carts_loss,carts,loss,mem,shipping,catalogue,0.05454688269571461,0.010412565588743967,0.05454688269571461,0.010412565588743967,-0.04413431710697064,-0.04413431710697064
carts_loss,carts,loss,mem,shipping,user,0.05454688269571461,0.010412565588743967,0.05454688269571461,0.010412565588743967,-0.04413431710697064,-0.04413431710697064
carts_loss,carts,loss,mem,shipping,orders,0.05454688269571461,0.010412565588743967,0.054675867049774354,0.010547576945289776,-0.04413431710697064,-0.044128290104484574
carts_loss,carts,loss,mem,shipping,payment,0.05454688269571461,0.010412565588743967,0.052669673347281634,0.010859231630202023,-0.04413431710697064,-0.04181044171707961
carts_loss,carts,loss,cpu,front-end,catalogue,11.181772511787386,9.987204437656485,11.202838758846827,10.131323893184083,-1.1945680741309008,-1.0715148656627438
carts_loss,carts,loss,cpu,front-end,user,11.181772511787386,9.987204437656485,11.202838758846827,10.131323893184083,-1.1945680741309008,-1.0715148656627438
carts_loss,carts,loss,cpu,front-end,orders,11.181772511787386,9.987204437656485,11.025533105438734,9.854566319915337,-1.1945680741309008,-1.1709667855233974
carts_loss,carts,loss,cpu,front-end,payment,11.181772511787386,9.987204437656485,11.203935261760925,10.127763254737241,-1.1945680741309008,-1.0761720070236844
carts_loss,carts,loss,cpu,front-end,shipping,11.181772511787386,9.987204437656485,11.139584443365807,9.93225135652906,-1.1945680741309008,-1.2073330868367478
carts_loss,carts,loss,cpu,catalogue,front-end,9.715128571005497,7.745031515377601,9.860882556189965,7.439111184455204,-1.970097055627896,-2.4217713717347618
carts_loss,carts,loss,cpu,catalogue,user,9.715128571005497,7.745031515377601,9.593014736696665,7.456786871476003,-1.970097055627896,-2.136227865220662
carts_loss,carts,loss,cpu,catalogue,orders,9.715128571005497,7.745031515377601,9.860882556189965,7.439111184455204,-1.970097055627896,-2.4217713717347618
carts_loss,carts,loss,cpu,catalogue,payment,9.715128571005497,7.745031515377601,9.737445691489452,7.51570133265166,-1.970097055627896,-2.2217443588377916
carts_loss,carts,loss,cpu,catalogue,shipping,9.715128571005497,7.745031515377601,9.860882556189965,7.439111184455204,-1.970097055627896,-2.4217713717347618
carts_loss,carts,loss,cpu,user,front-end,10.142118969955348,8.085147123466987,10.142147617821749,8.099997894739722,-2.056971846488361,-2.0421497230820265
carts_loss,carts,loss,cpu,user,catalogue,10.142118969955348,8.085147123466987,9.874979803321919,7.8753252148825466,-2.056971846488361,-1.9996545884393724
carts_loss,carts,loss,cpu,user,orders,10.142118969955348,8.085147123466987,10.142147617821749,8.099997894739722,-2.056971846488361,-2.0421497230820265
carts_loss,carts,loss,cpu,user,payment,10.142118969955348,8.085147123466987,9.516872421706307,7.932089364193501,-2.056971846488361,-1.584783057512806
carts_loss,carts,loss,cpu,user,shipping,10.142118969955348,8.085147123466987,10.142147617821749,8.099997894739722,-2.056971846488361,-2.0421497230820265
carts_loss,carts,loss,cpu,orders,front-end,46.95171425147588,135.81260478384894,47.08225807299915,123.67689499829308,88.86089053237306,76.59463692529393
carts_loss,carts,loss,cpu,orders,catalogue,46.95171425147588,135.81260478384894,46.95171425147588,135.81260478384894,88.86089053237306,88.86089053237306
carts_loss,carts,loss,cpu,orders,user,46.95171425147588,135.81260478384894,46.95171425147588,135.81260478384894,88.86089053237306,88.86089053237306
carts_loss,carts,loss,cpu,orders,payment,46.95171425147588,135.81260478384894,46.95171425147588,135.81260478384894,88.86089053237306,88.86089053237306
carts_loss,carts,loss,cpu,orders,shipping,46.95171425147588,135.81260478384894,37.34892247527608,77.18587758236971,88.86089053237306,39.83695510709363
carts_loss,carts,loss,cpu,payment,front-end,9.686282113961818,8.6340058714391,9.880409940499508,8.572462628562414,-1.0522762425227175,-1.3079473119370935
carts_loss,carts,loss,cpu,payment,catalogue,9.686282113961818,8.6340058714391,9.72698202379011,8.493692416907592,-1.0522762425227175,-1.2332896068825185
carts_loss,carts,loss,cpu,payment,user,9.686282113961818,8.6340058714391,9.339762053290084,8.518009095089843,-1.0522762425227175,-0.821752958200241
carts_loss,carts,loss,cpu,payment,orders,9.686282113961818,8.6340058714391,9.881371512615557,8.576011050386501,-1.0522762425227175,-1.3053604622290553
carts_loss,carts,loss,cpu,payment,shipping,9.686282113961818,8.6340058714391,9.881371512615557,8.576011050386501,-1.0522762425227175,-1.3053604622290553
carts_loss,carts,loss,cpu,shipping,front-end,56.71325768981511,114.50849161797971,56.57122624240765,111.2870817769116,57.795233928164606,54.71585553450396
carts_loss,carts,loss,cpu,shipping,catalogue,56.71325768981511,114.50849161797971,56.71325768981511,114.50849161797971,57.795233928164606,57.795233928164606
carts_loss,carts,loss,cpu,shipping,user,56.71325768981511,114.50849161797971,56.71325768981511,114.50849161797971,57.795233928164606,57.795233928164606
carts_loss,carts,loss,cpu,shipping,orders,56.71325768981511,114.50849161797971,44.27775377190775,76.54788773273086,57.795233928164606,32.27013396082311
carts_loss,carts,loss,cpu,shipping,payment,56.71325768981511,114.50849161797971,56.71325768981511,114.50849161797971,57.795233928164606,57.795233928164606
carts_loss,carts,loss,mem,front-end,catalogue,3.6228852594144776,3.5667853768952296,3.612953331896202,3.574736083407698,-0.05609988251924802,-0.03821724848850394
carts_loss,carts,loss,mem,front-end,user,3.6228852594144776,3.5667853768952296,3.621866264530825,3.6574474836461346,-0.05609988251924802,0.03558121911530954
carts_loss,carts,loss,mem,front-end,orders,3.6228852594144776,3.5667853768952296,3.6216643756583102,3.6768083936403033,-0.05609988251924802,0.05514401798199309
carts_loss,carts,loss,mem,front-end,payment,3.6228852594144776,3.5667853768952296,3.6143704423443737,3.584257844118135,-0.05609988251924802,-0.030112598226238685
carts_loss,carts,loss,mem,front-end,shipping,3.6228852594144776,3.5667853768952296,3.622701531757966,3.6099750116216476,-0.05609988251924802,-0.012726520136318253
carts_loss,carts,loss,mem,catalogue,front-end,3.563943595174445,3.5777185535789666,3.5260286354757024,3.1015136833703583,0.013774958404521698,-0.4245149521053442
carts_loss,carts,loss,mem,catalogue,user,3.563943595174445,3.5777185535789666,1.8892774615021892,6.16385974917945,0.013774958404521698,4.27458228767726
carts_loss,carts,loss,mem,catalogue,orders,3.563943595174445,3.5777185535789666,1.9252935388362271,6.352892508658657,0.013774958404521698,4.42759896982243
carts_loss,carts,loss,mem,catalogue,payment,3.563943595174445,3.5777185535789666,1.845093313964512,4.948946525878917,0.013774958404521698,3.1038532119144047
carts_loss,carts,loss,mem,catalogue,shipping,3.563943595174445,3.5777185535789666,2.024340214127954,3.4241274456709685,0.013774958404521698,1.3997872315430144
carts_loss,carts,loss,mem,user,front-end,5.435199834442263,12.758306180645441,5.417206638609787,12.470884570865143,7.323106346203178,7.053677932255357
carts_loss,carts,loss,mem,user,catalogue,5.435199834442263,12.758306180645441,2.646197383064031,9.222945378235762,7.323106346203178,6.576747995171731
carts_loss,carts,loss,mem,user,orders,5.435199834442263,12.758306180645441,0.8651108335266741,1.2466411852770647,7.323106346203178,0.38153035175039063
carts_loss,carts,loss,mem,user,payment,5.435199834442263,12.758306180645441,3.637137408249554,14.140024342672794,7.323106346203178,10.50288693442324
carts_loss,carts,loss,mem,user,shipping,5.435199834442263,12.758306180645441,0.8973857322283251,3.517939331679744,7.323106346203178,2.620553599451419
carts_loss,carts,loss,mem,orders,front-end,0.743726078394901,2.044840608373028,0.7390247591383726,1.9995572850660153,1.3011145299781273,1.2605325259276428
carts_loss,carts,loss,mem,orders,catalogue,0.743726078394901,2.044840608373028,0.3747151816769311,1.4881169407617758,1.3011145299781273,1.1134017590848448
carts_loss,carts,loss,mem,orders,user,0.743726078394901,2.044840608373028,0.11610230053401753,0.18485154039336985,1.3011145299781273,0.06874923985935232
carts_loss,carts,loss,mem,orders,payment,0.743726078394901,2.044840608373028,0.5359050972111173,2.2689204336608793,1.3011145299781273,1.7330153364497618
carts_loss,carts,loss,mem,orders,shipping,0.743726078394901,2.044840608373028,0.16169671240398137,0.6090354264593368,1.3011145299781273,0.44733871405535547
carts_loss,carts,loss,mem,payment,front-end,10.967070798418844,5.441954003615783,11.022478487675981,6.2649840358873945,-5.52511679480306,-4.757494451788586
carts_loss,carts,loss,mem,payment,catalogue,10.967070798418844,5.441954003615783,5.072377972034035,14.641093246840514,-5.52511679480306,9.568715274806479
carts_loss,carts,loss,mem,payment,user,10.967070798418844,5.441954003615783,9.04098601194176,28.79285334881927,-5.52511679480306,19.75186733687751
carts_loss,carts,loss,mem,payment,orders,10.967070798418844,5.441954003615783,8.691748624147367,29.671401410681735,-5.52511679480306,20.979652786534366
carts_loss,carts,loss,mem,payment,shipping,10.967070798418844,5.441954003615783,9.385335264543532,22.032500444387974,-5.52511679480306,12.647165179844443
carts_loss,carts,loss,mem,shipping,front-end,0.4856137867180205,0.9606448953977624,0.4861285884047769,0.9355322485813503,0.4750311086797419,0.4494036601765734
carts_loss,carts,loss,mem,shipping,catalogue,0.4856137867180205,0.9606448953977624,0.25063153764621454,0.6099674956170851,0.4750311086797419,0.35933595797087053
carts_loss,carts,loss,mem,shipping,user,0.4856137867180205,0.9606448953977624,0.07978643397942702,0.3292627115650099,0.4750311086797419,0.24947627758558288
carts_loss,carts,loss,mem,shipping,orders,0.4856137867180205,0.9606448953977624,0.10677663223552841,0.33716701833054713,0.4750311086797419,0.23039038609501872
carts_loss,carts,loss,mem,shipping,payment,0.4856137867180205,0.9606448953977624,0.34317115438702295,1.101681775964682,0.4750311086797419,0.758510621577659
carts_loss,carts,loss,cpu,front-end,catalogue,7.563006933714145,10.34440556344611,7.761085771208327,11.091608678266123,2.7813986297319646,3.330522907057796
carts_loss,carts,loss,cpu,front-end,user,7.563006933714145,10.346703260626098,7.7387643641300725,10.937200718522785,2.7836963269119535,3.1984363543927126
carts_loss,carts,loss,cpu,front-end,orders,7.571547027189969,10.343902103120223,7.732351567642107,11.147963509970914,2.772355075930254,3.415611942328807
carts_loss,carts,loss,cpu,front-end,payment,7.563006933714145,10.34440556344611,7.757581265615718,10.780560639126287,2.7813986297319646,3.0229793735105694
carts_loss,carts,loss,cpu,front-end,shipping,7.563006933714145,10.34440556344611,7.686095322573239,11.034723577707645,2.7813986297319646,3.3486282551344058
carts_loss,carts,loss,cpu,catalogue,front-end,13.051252233556335,5.3417748908273825,13.051252233556335,5.3417748908273825,-7.7094773427289525,-7.7094773427289525
carts_loss,carts,loss,cpu,catalogue,user,13.051252233556335,5.34842817587786,12.887517305983238,5.64263842521051,-7.702824057678475,-7.244878880772728
carts_loss,carts,loss,cpu,catalogue,orders,13.014828036528073,5.339874646851674,13.016749465594495,5.308545906008253,-7.674953389676399,-7.708203559586242
carts_loss,carts,loss,cpu,catalogue,payment,13.051252233556335,5.3417748908273825,12.973441289420434,5.586550169817251,-7.7094773427289525,-7.386891119603183
carts_loss,carts,loss,cpu,catalogue,shipping,13.051252233556335,5.3417748908273825,12.959424101525963,5.420814909211278,-7.7094773427289525,-7.538609192314685
carts_loss,carts,loss,cpu,user,front-end,11.919799044845927,10.576697193050911,12.392915408544445,10.290180096618002,-1.3431018517950157,-2.102735311926443
carts_loss,carts,loss,cpu,user,catalogue,11.919799044845927,10.576697193050911,12.254123484639337,10.353662642935245,-1.3431018517950157,-1.900460841704092
carts_loss,carts,loss,cpu,user,orders,11.924924535804108,10.573366794597689,12.266551186003925,11.21969095832236,-1.3515577412064186,-1.0468602276815648
carts_loss,carts,loss,cpu,user,payment,11.919799044845927,10.576697193050911,11.001199110008681,10.074019158934307,-1.3431018517950157,-0.9271799510743737
carts_loss,carts,loss,cpu,user,shipping,11.919799044845927,10.576697193050911,12.127212385242968,10.541739540778822,-1.3431018517950157,-1.585472844464146
carts_loss,carts,loss,cpu,orders,front-end,27.045416469517125,30.73541113917021,26.770311001335358,31.292404833708687,3.6899946696530854,4.522093832373329
carts_loss,carts,loss,cpu,orders,catalogue,27.045416469517125,30.73541113917021,26.823077881076294,31.53661571709423,3.6899946696530854,4.7135378360179345
carts_loss,carts,loss,cpu,orders,user,27.045416469517125,30.76328747306735,26.16345837789772,30.999657952350063,3.7178710035502256,4.836199574452344
carts_loss,carts,loss,cpu,orders,payment,27.045416469517125,30.73541113917021,25.587694088500857,32.30013232790585,3.6899946696530854,6.712438239404992
carts_loss,carts,loss,cpu,orders,shipping,27.045416469517125,30.73541113917021,26.35023689716353,30.948867580161753,3.6899946696530854,4.598630682998223
carts_loss,carts,loss,cpu,payment,front-end,8.313965488836988,9.90246960530559,8.405261457293287,9.558280051166923,1.5885041164686022,1.153018593873636
carts_loss,carts,loss,cpu,payment,catalogue,8.313965488836988,9.90246960530559,8.385733392807172,9.879361559122252,1.5885041164686022,1.49362816631508
carts_loss,carts,loss,cpu,payment,user,8.313965488836988,9.911654601642336,7.808037821562655,9.278760679544456,1.597689112805348,1.4707228579818015
carts_loss,carts,loss,cpu,payment,orders,8.266158335700728,9.920112649992724,8.226042785321084,10.978781106086663,1.6539543142919957,2.7527383207655785
carts_loss,carts,loss,cpu,payment,shipping,8.313965488836988,9.90246960530559,8.06243578089476,9.55975529739039,1.5885041164686022,1.4973195164956312
carts_loss,carts,loss,cpu,shipping,front-end,42.03493526662089,58.81604553774598,42.84540133573981,55.890863443602356,16.781110271125087,13.045462107862548
carts_loss,carts,loss,cpu,shipping,catalogue,42.03493526662089,58.81604553774598,41.439606486765726,60.11798297957834,16.781110271125087,18.678376492812617
carts_loss,carts,loss,cpu,shipping,user,42.03493526662089,58.81714423342008,41.70976962687665,57.830859483226384,16.78220896679919,16.121089856349734
carts_loss,carts,loss,cpu,shipping,orders,42.026131580112605,58.881919256371006,41.89868028781836,60.77484767721375,16.8557876762584,18.87616738939539
carts_loss,carts,loss,cpu,shipping,payment,42.03493526662089,58.81604553774598,41.27539397542893,58.24904025533748,16.781110271125087,16.97364627990855
carts_loss,carts,loss,mem,front-end,catalogue,3.3706193821786403,3.2801197894691736,3.3692707254388297,3.281653946257275,-0.09049959270946673,-0.08761677918155453
carts_loss,carts,loss,mem,front-end,user,3.3706193821786403,3.2801197894691736,3.374783169875152,3.2980827319235497,-0.09049959270946673,-0.07670043795160231
carts_loss,carts,loss,mem,front-end,orders,3.3706193821786403,3.2801197894691736,3.3706193821786403,3.2801197894691736,-0.09049959270946673,-0.09049959270946673
carts_loss,carts,loss,mem,front-end,payment,3.3706193821786403,3.2801197894691736,3.374341573806991,3.451167598461138,-0.09049959270946673,0.07682602465414679
carts_loss,carts,loss,mem,front-end,shipping,3.3706193821786403,3.2801197894691736,3.376196338616249,3.279077498532981,-0.09049959270946673,-0.09711884008326788
carts_loss,carts,loss,mem,catalogue,front-end,0.6883409258672224,2.9468297350023644,0.6895430907335725,2.914114280054535,2.258488809135142,2.2245711893209625
carts_loss,carts,loss,mem,catalogue,user,0.6883409258672224,2.9468297350023644,0.5059381995843194,1.3792206751669358,2.258488809135142,0.8732824755826164
carts_loss,carts,loss,mem,catalogue,orders,0.6883409258672224,2.9468297350023644,0.6339303102128689,2.420709133590499,2.258488809135142,1.78677882337763
carts_loss,carts,loss,mem,catalogue,payment,0.6883409258672224,2.9468297350023644,0.5839910292090812,1.8718986825910406,2.258488809135142,1.2879076533819593
carts_loss,carts,loss,mem,catalogue,shipping,0.6883409258672224,2.9468297350023644,0.518361116750186,2.2187478123828748,2.258488809135142,1.7003866956326887
carts_loss,carts,loss,mem,user,front-end,1.4148704930291014,3.1995612526979613,1.416360983190041,3.167995109848369,1.78469075966886,1.751634126658328
carts_loss,carts,loss,mem,user,catalogue,1.4148704930291014,3.1995612526979613,0.9589725331120504,0.35188103016831995,1.78469075966886,-0.6070915029437305
carts_loss,carts,loss,mem,user,orders,1.4148704930291014,3.1995612526979613,1.4015405838773858,2.881084508319301,1.78469075966886,1.479543924441915
carts_loss,carts,loss,mem,user,payment,1.4148704930291014,3.1995612526979613,0.5133327689595845,1.4436821566513385,1.78469075966886,0.930349387691754
carts_loss,carts,loss,mem,user,shipping,1.4148704930291014,3.1995612526979613,0.18164105205554007,1.6629113898810597,1.78469075966886,1.4812703378255196
carts_loss,carts,loss,mem,orders,front-end,0.12710826015732898,0.34422719596797513,0.1276849713440704,0.33924566025707,0.21711893581064615,0.2115606889129996
carts_loss,carts,loss,mem,orders,catalogue,0.12710826015732898,0.34422719596797513,0.10250691113044391,0.18101034750402353,0.21711893581064615,0.07850343637357962
carts_loss,carts,loss,mem,orders,user,0.12710826015732898,0.34422719596797513,0.12239017064456804,0.28166120612322953,0.21711893581064615,0.1592710354786615
carts_loss,carts,loss,mem,orders,payment,0.12710826015732898,0.34422719596797513,0.12767321320627228,0.33849874358287024,0.21711893581064615,0.21082553037659796
carts_loss,carts,loss,mem,orders,shipping,0.12710826015732898,0.34422719596797513,0.12450873035382617,0.3214522997749447,0.21711893581064615,0.19694356942111854
carts_loss,carts,loss,mem,payment,front-end,0.24691372760361516,0.7343642259420138,0.24362399601259507,0.7245005810668044,0.4874504983383986,0.48087658505420927
carts_loss,carts,loss,mem,payment,catalogue,0.24691372760361516,0.7343642259420138,0.201354588334677,0.4504048663122142,0.4874504983383986,0.2490502779775372
carts_loss,carts,loss,mem,payment,user,0.24691372760361516,0.7343642259420138,0.09067146513119594,0.382043817952366,0.4874504983383986,0.2913723528211701
carts_loss,carts,loss,mem,payment,orders,0.24691372760361516,0.7343642259420138,0.2487853973935371,0.7276305102970071,0.4874504983383986,0.47884511290347
carts_loss,carts,loss,mem,payment,shipping,0.24691372760361516,0.7343642259420138,0.08372731576975376,0.537210676129506,0.4874504983383986,0.45348336035975223
carts_loss,carts,loss,mem,shipping,front-end,0.271744089856074,0.30610444745751575,0.272493667202575,0.29824764617914234,0.03436035760144174,0.025753978976567338
carts_loss,carts,loss,mem,shipping,catalogue,0.271744089856074,0.30610444745751575,0.19550130257123682,0.2206848387353127,0.03436035760144174,0.02518353616407587
carts_loss,carts,loss,mem,shipping,user,0.271744089856074,0.30610444745751575,0.035112844167466975,0.3083244574726883,0.03436035760144174,0.2732116133052213
carts_loss,carts,loss,mem,shipping,orders,0.271744089856074,0.30610444745751575,0.27098457640242096,0.2638704495861911,0.03436035760144174,-0.00711412681622986
carts_loss,carts,loss,mem,shipping,payment,0.271744089856074,0.30610444745751575,0.09141837770385267,0.45548208101749005,0.03436035760144174,0.36406370331363735
carts_mem,carts,mem,cpu,front-end,catalogue,8.72430655418612,9.497316721793373,9.000924290589445,9.469130797304533,0.7730101676072536,0.468206506715088
carts_mem,carts,mem,cpu,front-end,user,8.695842633076053,9.498591320256432,8.586824188172473,9.338414565519878,0.8027486871803795,0.7515903773474051
carts_mem,carts,mem,cpu,front-end,orders,8.72430655418612,9.497316721793373,8.622038770187364,9.410829713253243,0.7730101676072536,0.7887909430658784
carts_mem,carts,mem,cpu,front-end,payment,8.72430655418612,9.497316721793373,8.96213852951261,9.461263555440132,0.7730101676072536,0.4991250259275226
carts_mem,carts,mem,cpu,front-end,shipping,8.72430655418612,9.497316721793373,8.85176609807867,9.883576910942445,0.7730101676072536,1.0318108128637746
carts_mem,carts,mem,cpu,catalogue,front-end,7.832119083023049,7.290853460388837,7.709377330918256,7.276505136247892,-0.5412656226342127,-0.432872194670364
carts_mem,carts,mem,cpu,catalogue,user,7.831932146944136,7.291076612650003,7.831291493039935,7.293626165454779,-0.540855534294133,-0.537665327585156
carts_mem,carts,mem,cpu,catalogue,orders,7.821713361499125,7.291309822068967,8.001662786488662,7.443839564729609,-0.530403539430158,-0.5578232217590529
carts_mem,carts,mem,cpu,catalogue,payment,7.821713361499125,7.291309822068967,7.730875247573417,7.283255669968565,-0.530403539430158,-0.4476195776048524
carts_mem,carts,mem,cpu,catalogue,shipping,7.821713361499125,7.291309822068967,7.8916908798596825,7.420769685987205,-0.530403539430158,-0.4709211938724778
carts_mem,carts,mem,cpu,user,front-end,10.018699101353942,9.43461098475294,9.538471290609944,9.304423348945281,-0.5840881166010021,-0.23404794166466303
carts_mem,carts,mem,cpu,user,catalogue,10.011476885350913,9.42920057906394,10.008503306889374,9.4323415059691,-0.5822763062869729,-0.5761618009202731
carts_mem,carts,mem,cpu,user,orders,10.011476885350913,9.42920057906394,10.011476885350913,9.42920057906394,-0.5822763062869729,-0.5822763062869729
carts_mem,carts,mem,cpu,user,payment,10.011476885350913,9.42920057906394,9.843232797662452,9.04410607503671,-0.5822763062869729,-0.7991267226257417
carts_mem,carts,mem,cpu,user,shipping,10.011476885350913,9.42920057906394,10.011476885350913,9.42920057906394,-0.5822763062869729,-0.5822763062869729
carts_mem,carts,mem,cpu,orders,front-end,57.34654861013239,128.73127125619501,62.5771720423901,117.51780133666799,71.38472264606263,54.94062929427788
carts_mem,carts,mem,cpu,orders,catalogue,57.249338190183494,128.50048878264516,56.911269665379606,126.14738700535494,71.25115059246167,69.23611733997534
carts_mem,carts,mem,cpu,orders,user,57.387135884429064,128.65379188783024,57.237516603588304,129.0172473623429,71.26665600340118,71.77973075875461
carts_mem,carts,mem,cpu,orders,payment,57.249338190183494,128.50048878264516,57.386169928955056,129.53275864421636,71.25115059246167,72.1465887152613
carts_mem,carts,mem,cpu,orders,shipping,57.249338190183494,128.50048878264516,42.61322973373177,56.43959087272253,71.25115059246167,13.826361138990762
carts_mem,carts,mem,cpu,payment,front-end,11.900572547228464,13.550742772932242,11.900572547228464,13.550742772932242,1.6501702257037785,1.6501702257037785
carts_mem,carts,mem,cpu,payment,catalogue,11.897116011623435,13.528572315993397,11.852674568067547,13.581568924695302,1.6314563043699621,1.7288943566277553
carts_mem,carts,mem,cpu,payment,user,11.920026916734116,13.535098827150097,11.576462896791766,13.360455742691734,1.6150719104159812,1.7839928458999683
carts_mem,carts,mem,cpu,payment,orders,11.897116011623435,13.528572315993397,11.897116011623435,13.528572315993397,1.6314563043699621,1.6314563043699621
carts_mem,carts,mem,cpu,payment,shipping,11.897116011623435,13.528572315993397,11.897116011623435,13.528572315993397,1.6314563043699621,1.6314563043699621
carts_mem,carts,mem,cpu,shipping,front-end,69.54056664606196,156.92346570119113,70.17811506625482,143.13023064411837,87.38289905512917,72.95211557786355
carts_mem,carts,mem,cpu,shipping,catalogue,69.45293355643123,156.6248740955522,70.25445135257884,154.20601789725396,87.17194053912097,83.95156654467512
carts_mem,carts,mem,cpu,shipping,user,69.34070465045372,156.16357670096986,69.34070465045372,156.16357670096986,86.82287205051614,86.82287205051614
carts_mem,carts,mem,cpu,shipping,orders,69.45293355643123,156.6248740955522,43.43941787302501,76.89767663632104,87.17194053912097,33.45825876329603
carts_mem,carts,mem,cpu,shipping,payment,69.45293355643123,156.6248740955522,69.45293355643123,156.6248740955522,87.17194053912097,87.17194053912097
carts_mem,carts,mem,mem,front-end,catalogue,4.115708345669907,3.282220395847505,3.790496197603335,3.3544566840277317,-0.8334879498224015,-0.43603951357560344
carts_mem,carts,mem,mem,front-end,user,4.115708345669907,3.282220395847505,4.093685692345226,4.105832319439377,-0.8334879498224015,0.012146627094150375
carts_mem,carts,mem,mem,front-end,orders,4.115708345669907,3.282220395847505,4.08546244887849,3.877124383492326,-0.8334879498224015,-0.2083380653861635
carts_mem,carts,mem,mem,front-end,payment,4.115708345669907,3.282220395847505,3.9788073164603173,3.2037245737165154,-0.8334879498224015,-0.7750827427438018
carts_mem,carts,mem,mem,front-end,shipping,4.115708345669907,3.282220395847505,4.115708345669907,3.282220395847505,-0.8334879498224015,-0.8334879498224015
carts_mem,carts,mem,mem,catalogue,front-end,4.313918197439032,2.298613623333618,4.1230012015771065,2.3159872944165194,-2.0153045741054143,-1.807013907160587
carts_mem,carts,mem,mem,catalogue,user,4.313918197439032,2.298613623333618,2.7722057949884795,9.741648361598093,-2.0153045741054143,6.969442566609613
carts_mem,carts,mem,mem,catalogue,orders,4.313918197439032,2.298613623333618,2.263063091009993,7.798943409192844,-2.0153045741054143,5.53588031818285
carts_mem,carts,mem,mem,catalogue,payment,4.313918197439032,2.298613623333618,1.8647988971619167,3.7124046420299086,-2.0153045741054143,1.847605744867992
carts_mem,carts,mem,mem,catalogue,shipping,4.313918197439032,2.298613623333618,4.173053041513461,0.44265668142647213,-2.0153045741054143,-3.7303963600869885
carts_mem,carts,mem,mem,user,front-end,5.6119486983585665,14.310291976489669,5.449388184779149,14.038255377101837,8.698343278131102,8.588867192322688
carts_mem,carts,mem,mem,user,catalogue,5.6119486983585665,14.310291976489669,3.1013990568642997,12.554091166131196,8.698343278131102,9.452692109266895
carts_mem,carts,mem,mem,user,orders,5.6119486983585665,14.310291976489669,1.2120307440585396,2.7992194508243537,8.698343278131102,1.5871887067658141
carts_mem,carts,mem,mem,user,payment,5.6119486983585665,14.310291976489669,3.8727157520337596,15.337229757277541,8.698343278131102,11.464514005243782
carts_mem,carts,mem,mem,user,shipping,5.6119486983585665,14.310291976489669,3.42564995549005,6.708430930748575,8.698343278131102,3.282780975258525
carts_mem,carts,mem,mem,orders,front-end,0.7400008283427988,1.884054672802606,0.7211701461538603,1.8505932573503254,1.1440538444598072,1.129423111196465
carts_mem,carts,mem,mem,orders,catalogue,0.7400008283427988,1.884054672802606,0.34591973946689447,1.5769518637297995,1.1440538444598072,1.231032124262905
carts_mem,carts,mem,mem,orders,user,0.7400008283427988,1.884054672802606,0.1533987544245855,0.3938348568514445,1.1440538444598072,0.24043610242685898
carts_mem,carts,mem,mem,orders,payment,0.7400008283427988,1.884054672802606,0.47822978542359496,2.092347411239205,1.1440538444598072,1.6141176258156102
carts_mem,carts,mem,mem,orders,shipping,0.7400008283427988,1.884054672802606,0.4854226874578965,0.76557227702056,1.1440538444598072,0.28014958956266345
carts_mem,carts,mem,mem,payment,front-end,14.54969026540236,4.523081028293039,12.904389082167544,5.759046630180175,-10.02660923710932,-7.145342451987369
carts_mem,carts,mem,mem,payment,catalogue,14.54969026540236,4.523081028293039,6.423426309849502,10.464374168796132,-10.02660923710932,4.04094785894663
carts_mem,carts,mem,mem,payment,user,14.54969026540236,4.523081028293039,11.465322728029719,33.497889879099176,-10.02660923710932,22.032567151069458
carts_mem,carts,mem,mem,payment,orders,14.54969026540236,4.523081028293039,9.775785257619653,31.334959846323578,-10.02660923710932,21.559174588703925
carts_mem,carts,mem,mem,payment,shipping,14.54969026540236,4.523081028293039,14.357348246922447,6.56885444824297,-10.02660923710932,-7.788493798679477
carts_mem,carts,mem,mem,shipping,front-end,0.3823415347631487,0.9642863832852008,0.3823415347631487,0.9642863832852008,0.5819448485220521,0.5819448485220521
carts_mem,carts,mem,mem,shipping,catalogue,0.3823415347631487,0.9642863832852008,0.3800211956573004,0.9325252359882216,0.5819448485220521,0.5525040403309212
carts_mem,carts,mem,mem,shipping,user,0.3823415347631487,0.9642863832852008,0.2810700126854973,0.19931957853390864,0.5819448485220521,-0.08175043415158867
carts_mem,carts,mem,mem,shipping,orders,0.3823415347631487,0.9642863832852008,0.31987909227008443,0.392535338471882,0.5819448485220521,0.07265624620179756
carts_mem,carts,mem,mem,shipping,payment,0.3823415347631487,0.9642863832852008,0.38402502960651064,0.9715223772137153,0.5819448485220521,0.5874973476072046
carts_mem,carts,mem,cpu,front-end,catalogue,9.923523609961855,8.217433605833758,9.923523609961855,8.217433605833758,-1.7060900041280966,-1.7060900041280966
carts_mem,carts,mem,cpu,front-end,user,9.923523609961855,8.217433605833758,9.932596143765425,8.187464701297163,-1.7060900041280966,-1.7451314424682618
carts_mem,carts,mem,cpu,front-end,orders,9.923523609961855,8.217433605833758,9.923523609961855,8.217433605833758,-1.7060900041280966,-1.7060900041280966
carts_mem,carts,mem,cpu,front-end,payment,9.923523609961855,8.217433605833758,9.923523609961855,8.217433605833758,-1.7060900041280966,-1.7060900041280966
carts_mem,carts,mem,cpu,front-end,shipping,9.923523609961855,8.217433605833758,9.923523609961855,8.217433605833758,-1.7060900041280966,-1.7060900041280966
carts_mem,carts,mem,cpu,catalogue,front-end,6.7088636962937835,6.7953063910205795,6.81494804465925,7.143563405379583,0.086442694726796,0.3286153607203328
carts_mem,carts,mem,cpu,catalogue,user,6.7088636962937835,6.7953063910205795,6.77667982773587,7.248379171739434,0.086442694726796,0.4716993440035644
carts_mem,carts,mem,cpu,catalogue,orders,6.7088636962937835,6.7953063910205795,6.822812559290671,7.180464284498266,0.086442694726796,0.35765172520759414
carts_mem,carts,mem,cpu,catalogue,payment,6.7088636962937835,6.7953063910205795,6.816636415474631,7.146795265751014,0.086442694726796,0.3301588502763835
carts_mem,carts,mem,cpu,catalogue,shipping,6.7088636962937835,6.7953063910205795,6.793980366042677,7.101075402015428,0.086442694726796,0.30709503597275045
carts_mem,carts,mem,cpu,user,front-end,7.177965467875083,11.778876388135009,7.681150418596613,10.586657815740292,4.600910920259926,2.905507397143679
carts_mem,carts,mem,cpu,user,catalogue,7.177965467875083,11.778876388135009,7.666259944680075,10.527476593598571,4.600910920259926,2.8612166489184965
carts_mem,carts,mem,cpu,user,orders,7.177965467875083,11.778876388135009,7.657050912404221,10.64240040937799,4.600910920259926,2.985349496973768
carts_mem,carts,mem,cpu,user,payment,7.177965467875083,11.778876388135009,7.68644958797277,10.619615892033622,4.600910920259926,2.933166304060852
carts_mem,carts,mem,cpu,user,shipping,7.177965467875083,11.778876388135009,7.64272690319965,10.674753829561597,4.600910920259926,3.0320269263619473
carts_mem,carts,mem,cpu,orders,front-end,63.85365703269663,76.03112711764426,64.61267788942897,73.01879634784628,12.177470084947629,8.40611845841731
carts_mem,carts,mem,cpu,orders,catalogue,63.85365703269663,76.03112711764426,64.64185264143393,74.28840291482211,12.177470084947629,9.646550273388186
carts_mem,carts,mem,cpu,orders,user,63.85365703269663,76.03112711764426,64.47887729934966,72.42595234395634,12.177470084947629,7.947075044606677
carts_mem,carts,mem,cpu,orders,payment,63.85365703269663,76.03112711764426,64.61267788942897,73.01879634784628,12.177470084947629,8.40611845841731
carts_mem,carts,mem,cpu,orders,shipping,63.85365703269663,76.03112711764426,64.3661660502461,74.52099818443112,12.177470084947629,10.154832134185028
carts_mem,carts,mem,cpu,payment,front-end,10.265869682357083,10.858718745355148,10.265869682357083,10.858718745355148,0.5928490629980647,0.5928490629980647
carts_mem,carts,mem,cpu,payment,catalogue,10.265869682357083,10.858718745355148,10.282945804905617,10.838835184101466,0.5928490629980647,0.5558893791958486
carts_mem,carts,mem,cpu,payment,user,10.265869682357083,10.858718745355148,10.265869682357083,10.858718745355148,0.5928490629980647,0.5928490629980647
carts_mem,carts,mem,cpu,payment,orders,10.265869682357083,10.858718745355148,10.265869682357083,10.858718745355148,0.5928490629980647,0.5928490629980647
carts_mem,carts,mem,cpu,payment,shipping,10.265869682357083,10.858718745355148,10.318944239930348,11.01846384740837,0.5928490629980647,0.6995196074780221
carts_mem,carts,mem,cpu,shipping,front-end,25.501092633579432,22.354726093802213,25.501092633579432,22.354726093802213,-3.146366539777219,-3.146366539777219
carts_mem,carts,mem,cpu,shipping,catalogue,25.501092633579432,22.354726093802213,25.500528048631715,22.875942932858365,-3.146366539777219,-2.6245851157733497
carts_mem,carts,mem,cpu,shipping,user,25.501092633579432,22.354726093802213,25.499587357576424,22.259873364959713,-3.146366539777219,-3.2397139926167107
carts_mem,carts,mem,cpu,shipping,orders,25.501092633579432,22.354726093802213,25.435157868927206,21.795367555968227,-3.146366539777219,-3.6397903129589793
carts_mem,carts,mem,cpu,shipping,payment,25.501092633579432,22.354726093802213,25.33410100631665,22.60352936486986,-3.146366539777219,-2.73057164144679
carts_mem,carts,mem,mem,front-end,catalogue,3.4118379952445115,3.585890056128318,3.443455170722777,3.578109083241216,0.17405206088380654,0.13465391251843917
carts_mem,carts,mem,mem,front-end,user,3.4118379952445115,3.585890056128318,3.443455170722777,3.578109083241216,0.17405206088380654,0.13465391251843917
carts_mem,carts,mem,mem,front-end,orders,3.4118379952445115,3.585890056128318,3.443455170722777,3.578109083241216,0.17405206088380654,0.13465391251843917
carts_mem,carts,mem,mem,front-end,payment,3.4118379952445115,3.585890056128318,3.443455170722777,3.578109083241216,0.17405206088380654,0.13465391251843917
carts_mem,carts,mem,mem,front-end,shipping,3.4118379952445115,3.585890056128318,3.443455170722777,3.578109083241216,0.17405206088380654,0.13465391251843917
carts_mem,carts,mem,mem,catalogue,front-end,1.0622756429921265,1.4483134564560958,1.062153648211239,1.4527675171503933,0.38603781346396926,0.3906138689391543
carts_mem,carts,mem,mem,catalogue,user,1.0622756429921265,1.4483134564560958,1.0092223587801012,0.9029649277261945,0.38603781346396926,-0.10625743105390673
carts_mem,carts,mem,mem,catalogue,orders,1.0622756429921265,1.4483134564560958,0.9510108643227911,1.3855077184773543,0.38603781346396926,0.4344968541545632
carts_mem,carts,mem,mem,catalogue,payment,1.0622756429921265,1.4483134564560958,0.746088388031596,1.168897052182525,0.38603781346396926,0.422808664150929
carts_mem,carts,mem,mem,catalogue,shipping,1.0622756429921265,1.4483134564560958,1.062153648211239,1.4527675171503933,0.38603781346396926,0.3906138689391543
carts_mem,carts,mem,mem,user,front-end,0.15988821520882768,0.49457527350225006,0.15935033068926704,0.4976019224896183,0.3346870582934224,0.33825159180035125
carts_mem,carts,mem,mem,user,catalogue,0.15988821520882768,0.49457527350225006,0.16014555116824702,0.4450152346857711,0.3346870582934224,0.28486968351752406
carts_mem,carts,mem,mem,user,orders,0.15988821520882768,0.49457527350225006,0.1447470716893253,0.4842194176368152,0.3346870582934224,0.3394723459474899
carts_mem,carts,mem,mem,user,payment,0.15988821520882768,0.49457527350225006,0.15935033068926704,0.4976019224896183,0.3346870582934224,0.33825159180035125
carts_mem,carts,mem,mem,user,shipping,0.15988821520882768,0.49457527350225006,0.1474143465309178,0.20204666440097577,0.3346870582934224,0.054632317870057956
carts_mem,carts,mem,mem,orders,front-end,0.04377082032983062,0.07188402531064159,0.04377082032983062,0.07188402531064159,0.028113204980810963,0.028113204980810963
carts_mem,carts,mem,mem,orders,catalogue,0.04377082032983062,0.07188402531064159,0.03730223813661324,0.07080902898017175,0.028113204980810963,0.0335067908435585
carts_mem,carts,mem,mem,orders,user,0.04377082032983062,0.07188402531064159,0.03875528074640593,0.0775580653367396,0.028113204980810963,0.03880278459033367
carts_mem,carts,mem,mem,orders,payment,0.04377082032983062,0.07188402531064159,0.04415427893156445,0.07034677560739361,0.028113204980810963,0.02619249667582916
carts_mem,carts,mem,mem,orders,shipping,0.04377082032983062,0.07188402531064159,0.042731970713733226,0.09323583724868888,0.028113204980810963,0.05050386653495565
carts_mem,carts,mem,mem,payment,front-end,0.625523352305296,0.7512151700331909,0.6281543108737366,0.7462719038842444,0.12569181772789495,0.11811759301050773
carts_mem,carts,mem,mem,payment,catalogue,0.625523352305296,0.7512151700331909,0.45047821725109055,0.46178603498803017,0.12569181772789495,0.011307817736939618
carts_mem,carts,mem,mem,payment,user,0.625523352305296,0.7512151700331909,0.6281543108737366,0.7462719038842444,0.12569181772789495,0.11811759301050773
carts_mem,carts,mem,mem,payment,orders,0.625523352305296,0.7512151700331909,0.62646144388476,0.7301042297818967,0.12569181772789495,0.10364278589713671
carts_mem,carts,mem,mem,payment,shipping,0.625523352305296,0.7512151700331909,0.6281543108737366,0.7462719038842444,0.12569181772789495,0.11811759301050773
carts_mem,carts,mem,mem,shipping,front-end,0.013172128633267232,0.11108221403307973,0.013103355298859538,0.11119298881249091,0.0979100853998125,0.09808963351363137
carts_mem,carts,mem,mem,shipping,catalogue,0.013172128633267232,0.11108221403307973,0.013103355298859538,0.11119298881249091,0.0979100853998125,0.09808963351363137
carts_mem,carts,mem,mem,shipping,user,0.013172128633267232,0.11108221403307973,0.01206715967501202,0.10085178006620098,0.0979100853998125,0.08878462039118895
carts_mem,carts,mem,mem,shipping,orders,0.013172128633267232,0.11108221403307973,0.012243919113533265,0.11033635428083727,0.0979100853998125,0.09809243516730401
carts_mem,carts,mem,mem,shipping,payment,0.013172128633267232,0.11108221403307973,0.013103355298859538,0.11119298881249091,0.0979100853998125,0.09808963351363137
carts_mem,carts,mem,cpu,front-end,catalogue,7.85683583763576,6.838176172929905,8.186795238979325,7.318562646820419,-1.0186596647058552,-0.8682325921589067
carts_mem,carts,mem,cpu,front-end,user,7.85683583763576,6.838176172929905,8.079797666323643,6.973604509987013,-1.0186596647058552,-1.1061931563366292
carts_mem,carts,mem,cpu,front-end,orders,7.85683583763576,6.838176172929905,7.073688781880537,7.911918524098224,-1.0186596647058552,0.8382297422176874
carts_mem,carts,mem,cpu,front-end,payment,7.85683583763576,6.838176172929905,8.149664558291246,7.011747850151527,-1.0186596647058552,-1.137916708139719
carts_mem,carts,mem,cpu,front-end,shipping,7.85683583763576,6.838176172929905,7.3272328128020705,7.118545217267666,-1.0186596647058552,-0.2086875955344043
carts_mem,carts,mem,cpu,catalogue,front-end,8.958363690633764,14.941169873413665,8.94301062846756,15.036675548951417,5.9828061827799015,6.093664920483857
carts_mem,carts,mem,cpu,catalogue,user,8.958363690633764,14.941169873413665,8.875054107491138,15.022335295616848,5.9828061827799015,6.14728118812571
carts_mem,carts,mem,cpu,catalogue,orders,8.958363690633764,14.941169873413665,8.958363690633764,14.941169873413665,5.9828061827799015,5.9828061827799015
carts_mem,carts,mem,cpu,catalogue,payment,8.958363690633764,14.941169873413665,8.841326262459999,14.568902441933012,5.9828061827799015,5.727576179473013
carts_mem,carts,mem,cpu,catalogue,shipping,8.958363690633764,14.941169873413665,8.958363690633764,14.941169873413665,5.9828061827799015,5.9828061827799015
carts_mem,carts,mem,cpu,user,front-end,8.484390415529715,7.752938514242401,8.522593112957342,7.735906597868977,-0.731451901287314,-0.7866865150883644
carts_mem,carts,mem,cpu,user,catalogue,8.484390415529715,7.752938514242401,8.478816390260665,7.748993794762299,-0.731451901287314,-0.7298225954983657
carts_mem,carts,mem,cpu,user,orders,8.484390415529715,7.752938514242401,8.565172771190888,7.723554545326616,-0.731451901287314,-0.8416182258642717
carts_mem,carts,mem,cpu,user,payment,8.484390415529715,7.752938514242401,8.530779111656948,7.608313622818443,-0.731451901287314,-0.9224654888385047
carts_mem,carts,mem,cpu,user,shipping,8.484390415529715,7.752938514242401,8.565172771190888,7.723554545326616,-0.731451901287314,-0.8416182258642717
carts_mem,carts,mem,cpu,orders,front-end,54.78092559008455,118.6429751096922,54.37215759146618,113.18963779495468,63.86204951960765,58.8174802034885
carts_mem,carts,mem,cpu,orders,catalogue,54.78092559008455,118.6429751096922,54.78092559008455,118.6429751096922,63.86204951960765,63.86204951960765
carts_mem,carts,mem,cpu,orders,user,54.78092559008455,118.6429751096922,54.78092559008455,118.6429751096922,63.86204951960765,63.86204951960765
carts_mem,carts,mem,cpu,orders,payment,54.78092559008455,118.6429751096922,54.78092559008455,118.6429751096922,63.86204951960765,63.86204951960765
carts_mem,carts,mem,cpu,orders,shipping,54.78092559008455,118.6429751096922,32.566417469487185,67.81038302610345,63.86204951960765,35.24396555661627
carts_mem,carts,mem,cpu,payment,front-end,9.223841731255797,10.995935986952137,9.203735006056267,11.006057144058543,1.7720942556963397,1.8023221380022765
carts_mem,carts,mem,cpu,payment,catalogue,9.223841731255797,10.995935986952137,9.176960419257886,10.416775130184682,1.7720942556963397,1.2398147109267956
carts_mem,carts,mem,cpu,payment,user,9.223841731255797,10.995935986952137,9.16994345276095,10.980144408797832,1.7720942556963397,1.8102009560368817
carts_mem,carts,mem,cpu,payment,orders,9.223841731255797,10.995935986952137,9.203735006056267,11.006057144058543,1.7720942556963397,1.8023221380022765
carts_mem,carts,mem,cpu,payment,shipping,9.223841731255797,10.995935986952137,9.203735006056267,11.006057144058543,1.7720942556963397,1.8023221380022765
carts_mem,carts,mem,cpu,shipping,front-end,79.33955838099264,142.07170066687544,80.78204436802267,133.13537715063347,62.7321422858828,52.353332782610806
carts_mem,carts,mem,cpu,shipping,catalogue,79.33955838099264,142.07170066687544,79.33955838099264,142.07170066687544,62.7321422858828,62.7321422858828
carts_mem,carts,mem,cpu,shipping,user,79.33955838099264,142.07170066687544,79.33955838099264,142.07170066687544,62.7321422858828,62.7321422858828
carts_mem,carts,mem,cpu,shipping,orders,79.33955838099264,142.07170066687544,43.532588902186276,77.27082176272249,62.7321422858828,33.738232860536215
carts_mem,carts,mem,cpu,shipping,payment,79.33955838099264,142.07170066687544,79.33955838099264,142.07170066687544,62.7321422858828,62.7321422858828
carts_mem,carts,mem,mem,front-end,catalogue,12.270374561332082,8.629995138517529,7.8744110158995895,6.554961767652931,-3.6403794228145525,-1.3194492482466584
carts_mem,carts,mem,mem,front-end,user,12.270374561332082,8.629995138517529,8.946742714776592,13.29685140137348,-3.6403794228145525,4.350108686596888
carts_mem,carts,mem,mem,front-end,orders,12.270374561332082,8.629995138517529,4.126044124947012,4.016186783956041,-3.6403794228145525,-0.10985734099097133
carts_mem,carts,mem,mem,front-end,payment,12.270374561332082,8.629995138517529,11.025737536721879,4.426925817101637,-3.6403794228145525,-6.598811719620242
carts_mem,carts,mem,mem,front-end,shipping,12.270374561332082,8.629995138517529,4.323468053545743,3.840723874868811,-3.6403794228145525,-0.4827441786769322
carts_mem,carts,mem,mem,catalogue,front-end,6.603036827399146,0.8661062255321853,6.234903264662134,2.3209952183285116,-5.736930601866961,-3.9139080463336224
carts_mem,carts,mem,mem,catalogue,user,6.603036827399146,0.8661062255321853,1.9685048969979808,8.932358343100587,-5.736930601866961,6.963853446102606
carts_mem,carts,mem,mem,catalogue,orders,6.603036827399146,0.8661062255321853,5.509044776182432,2.1419816602023833,-5.736930601866961,-3.367063115980049
carts_mem,carts,mem,mem,catalogue,payment,6.603036827399146,0.8661062255321853,8.893754544248624,7.352725018757325,-5.736930601866961,-1.5410295254912993
carts_mem,carts,mem,mem,catalogue,shipping,6.603036827399146,0.8661062255321853,5.465593094065358,2.889930471132857,-5.736930601866961,-2.5756626229325015
carts_mem,carts,mem,mem,user,front-end,6.413284534250637,9.037035667627364,7.20240041518269,11.463752010597336,2.623751133376728,4.261351595414646
carts_mem,carts,mem,mem,user,catalogue,6.413284534250637,9.037035667627364,2.891064688617878,9.767216935453787,2.623751133376728,6.876152246835909
carts_mem,carts,mem,mem,user,orders,6.413284534250637,9.037035667627364,6.781419843289535,11.553885004680556,2.623751133376728,4.772465161391021
carts_mem,carts,mem,mem,user,payment,6.413284534250637,9.037035667627364,9.886313627635067,15.556361575198673,2.623751133376728,5.6700479475636065
carts_mem,carts,mem,mem,user,shipping,6.413284534250637,9.037035667627364,6.780010948902823,12.18302269740731,2.623751133376728,5.403011748504487
carts_mem,carts,mem,mem,orders,front-end,11.033936478990128,5.991049576689292,4.226247256311091,3.542767182813163,-5.042886902300836,-0.6834800734979285
carts_mem,carts,mem,mem,orders,catalogue,11.033936478990128,5.991049576689292,6.3574367668469955,5.21669949378034,-5.042886902300836,-1.1407372730666552
carts_mem,carts,mem,mem,orders,user,11.033936478990128,5.991049576689292,7.465027158896442,13.024963954697025,-5.042886902300836,5.559936795800583
carts_mem,carts,mem,mem,orders,payment,11.033936478990128,5.991049576689292,10.234824671632605,2.239948214502684,-5.042886902300836,-7.994876457129921
carts_mem,carts,mem,mem,orders,shipping,11.033936478990128,5.991049576689292,0.4663307035640852,1.1069997800639848,-5.042886902300836,0.6406690764998997
carts_mem,carts,mem,mem,payment,front-end,11.210137553420747,9.615619733349098,11.526753292243972,8.185839102647506,-1.5945178200716494,-3.3409141895964662
carts_mem,carts,mem,mem,payment,catalogue,11.210137553420747,9.615619733349098,8.760581063386724,9.032001550950946,-1.5945178200716494,0.27142048756422277
carts_mem,carts,mem,mem,payment,user,11.210137553420747,9.615619733349098,9.807822796674586,15.055175951935015,-1.5945178200716494,5.247353155260429
carts_mem,carts,mem,mem,payment,orders,11.210137553420747,9.615619733349098,11.436799103589607,8.015997414157255,-1.5945178200716494,-3.420801689432352
carts_mem,carts,mem,mem,payment,shipping,11.210137553420747,9.615619733349098,11.349968962841752,7.549966769816777,-1.5945178200716494,-3.8000021930249748
carts_mem,carts,mem,mem,shipping,front-end,10.930820609607641,7.393716794825236,4.554682163666781,3.442249375100422,-3.537103814782405,-1.112432788566359
carts_mem,carts,mem,mem,shipping,catalogue,10.930820609607641,7.393716794825236,6.288835737361362,6.600089777540943,-3.537103814782405,0.31125404017958136
carts_mem,carts,mem,mem,shipping,user,10.930820609607641,7.393716794825236,7.255424269999406,14.906043298431019,-3.537103814782405,7.650619028431613
carts_mem,carts,mem,mem,shipping,orders,10.930820609607641,7.393716794825236,0.598683784614554,1.392863513882938,-3.537103814782405,0.794179729268384
carts_mem,carts,mem,mem,shipping,payment,10.930820609607641,7.393716794825236,10.32620601993313,2.0536393043575147,-3.537103814782405,-8.272566715575614
carts_socket,carts,socket,cpu,front-end,catalogue,8.689381418015971,8.628833102635973,8.283447980127617,8.62794935135009,-0.060548315379998385,0.3445013712224725
carts_socket,carts,socket,cpu,front-end,user,8.703853330504545,8.63459888979784,8.425367559726062,8.654772672499128,-0.06925444070670572,0.2294051127730654
carts_socket,carts,socket,cpu,front-end,orders,8.695772723357871,8.63225679391914,8.551034426125955,8.559560705068538,-0.06351592943873108,0.008526278942582621
carts_socket,carts,socket,cpu,front-end,payment,8.689381418015971,8.628833102635973,8.582116963600587,8.742949863642254,-0.060548315379998385,0.16083290004166706
carts_socket,carts,socket,cpu,front-end,shipping,8.689381418015971,8.628833102635973,8.67781426013599,8.648415023635444,-0.060548315379998385,-0.029399236500546877
carts_socket,carts,socket,cpu,catalogue,front-end,7.047617547614801,7.828966576632193,6.856493859298088,8.048534037664172,0.7813490290173917,1.1920401783660841
carts_socket,carts,socket,cpu,catalogue,user,7.064444458328836,7.829558411467118,7.003232960799745,7.829671307400362,0.7651139531382816,0.8264383466006171
carts_socket,carts,socket,cpu,catalogue,orders,7.049908076511199,7.833755482613852,7.056225993376092,7.842105930822604,0.7838474061026526,0.785879937446512
carts_socket,carts,socket,cpu,catalogue,payment,7.047617547614801,7.828966576632193,7.055513648569506,7.840204391182793,0.7813490290173917,0.7846907426132868
carts_socket,carts,socket,cpu,catalogue,shipping,7.047617547614801,7.828966576632193,7.044241073124099,7.876506399337871,0.7813490290173917,0.832265326213772
carts_socket,carts,socket,cpu,user,front-end,8.112992364359638,6.96921269047392,8.044597165269487,6.975646523587439,-1.1437796738857182,-1.0689506416820471
carts_socket,carts,socket,cpu,user,catalogue,8.112992364359638,6.96921269047392,8.330230454898766,6.690554638404085,-1.1437796738857182,-1.6396758164946812
carts_socket,carts,socket,cpu,user,orders,8.086322319744593,6.964181580026191,8.220543326349587,6.949182497027116,-1.122140739718402,-1.2713608293224707
carts_socket,carts,socket,cpu,user,payment,8.112992364359638,6.96921269047392,8.208327211618952,6.757568178080761,-1.1437796738857182,-1.4507590335381915
carts_socket,carts,socket,cpu,user,shipping,8.112992364359638,6.96921269047392,8.376368012406967,6.7908819858382,-1.1437796738857182,-1.5854860265687671
carts_socket,carts,socket,cpu,orders,front-end,10.575315035714594,13.275024321382187,10.502932033675487,13.35704872884602,2.699709285667593,2.854116695170534
carts_socket,carts,socket,cpu,orders,catalogue,10.575315035714594,13.275024321382187,10.769586786346293,13.14937408607238,2.699709285667593,2.379787299726086
carts_socket,carts,socket,cpu,orders,user,10.588223229910783,13.284032173524468,10.506238895755349,13.052416211980589,2.6958089436136845,2.54617731622524
carts_socket,carts,socket,cpu,orders,payment,10.575315035714594,13.275024321382187,10.32761877579094,13.460302050523218,2.699709285667593,3.132683274732278
carts_socket,carts,socket,cpu,orders,shipping,10.575315035714594,13.275024321382187,10.773839925610504,13.202874104697834,2.699709285667593,2.4290341790873295
carts_socket,carts,socket,cpu,payment,front-end,9.097324872367677,8.606471251611334,9.215096668781154,8.684276328514203,-0.49085362075634364,-0.5308203402669509
carts_socket,carts,socket,cpu,payment,catalogue,9.097324872367677,8.606471251611334,9.14725869151029,8.672707362252456,-0.49085362075634364,-0.4745513292578334
carts_socket,carts,socket,cpu,payment,user,9.066206790327103,8.616447086383944,9.011089945623512,8.424814583157241,-0.44975970394315823,-0.5862753624662709
carts_socket,carts,socket,cpu,payment,orders,9.10757940498912,8.606214817194303,8.87203960038842,9.657975408709662,-0.5013645877948179,0.7859358083212413
carts_socket,carts,socket,cpu,payment,shipping,9.097324872367677,8.606471251611334,8.591856193011724,8.551772844661267,-0.49085362075634364,-0.040083348350457015
carts_socket,carts,socket,cpu,shipping,front-end,32.498182761275416,30.271000461112656,32.808442150525515,29.899917349803438,-2.2271823001627595,-2.908524800722077
carts_socket,carts,socket,cpu,shipping,catalogue,32.498182761275416,30.271000461112656,32.86959243637775,30.84096362945841,-2.2271823001627595,-2.0286288069193397
carts_socket,carts,socket,cpu,shipping,user,32.58068970236842,30.33922915253019,32.87417861567598,29.97333183263281,-2.2414605498382265,-2.9008467830431712
carts_socket,carts,socket,cpu,shipping,orders,32.53514189915489,30.3127039041575,32.58643349083566,32.03334106537516,-2.222437994997385,-0.5530924254604983
carts_socket,carts,socket,cpu,shipping,payment,32.498182761275416,30.271000461112656,33.16793363205124,30.56729788058139,-2.2271823001627595,-2.6006357514698486
carts_socket,carts,socket,mem,front-end,catalogue,3.7148986759745912,3.5062626199294717,3.5824284596873883,3.8620744464680863,-0.20863605604511948,0.27964598678069796
carts_socket,carts,socket,mem,front-end,user,3.7148986759745912,3.5062626199294717,3.741444751883008,3.484039114551746,-0.20863605604511948,-0.25740563733126187
carts_socket,carts,socket,mem,front-end,orders,3.7148986759745912,3.5062626199294717,3.7321310627024102,3.484953496606707,-0.20863605604511948,-0.2471775660957034
carts_socket,carts,socket,mem,front-end,payment,3.7148986759745912,3.5062626199294717,3.7321310627024102,3.484953496606707,-0.20863605604511948,-0.2471775660957034
carts_socket,carts,socket,mem,front-end,shipping,3.7148986759745912,3.5062626199294717,3.7321310627024102,3.484953496606707,-0.20863605604511948,-0.2471775660957034
carts_socket,carts,socket,mem,catalogue,front-end,0.07212498196749571,0.09044263266690254,0.0707628335468049,0.09314600001118932,0.01831765069940683,0.022383166464384416
carts_socket,carts,socket,mem,catalogue,user,0.07212498196749571,0.09044263266690254,0.07212498196749571,0.09044263266690254,0.01831765069940683,0.01831765069940683
carts_socket,carts,socket,mem,catalogue,orders,0.07212498196749571,0.09044263266690254,0.0691948477211822,0.08851600046675662,0.01831765069940683,0.019321152745574416
carts_socket,carts,socket,mem,catalogue,payment,0.07212498196749571,0.09044263266690254,0.07212498196749571,0.09044263266690254,0.01831765069940683,0.01831765069940683
carts_socket,carts,socket,mem,catalogue,shipping,0.07212498196749571,0.09044263266690254,0.07213474812028205,0.09304036341316539,0.01831765069940683,0.020905615292883345
carts_socket,carts,socket,mem,user,front-end,0.31615657797585167,0.23828930956698016,0.317451138494492,0.2443476809839737,-0.07786726840887151,-0.07310345751051833
carts_socket,carts,socket,mem,user,catalogue,0.31615657797585167,0.23828930956698016,0.31827474713683934,0.24148053282186796,-0.07786726840887151,-0.07679421431497138
carts_socket,carts,socket,mem,user,orders,0.31615657797585167,0.23828930956698016,0.31827474713683934,0.24148053282186796,-0.07786726840887151,-0.07679421431497138
carts_socket,carts,socket,mem,user,payment,0.31615657797585167,0.23828930956698016,0.3150608377545938,0.20060108547240366,-0.07786726840887151,-0.11445975228219016
carts_socket,carts,socket,mem,user,shipping,0.31615657797585167,0.23828930956698016,0.31827474713683934,0.24148053282186796,-0.07786726840887151,-0.07679421431497138
carts_socket,carts,socket,mem,orders,front-end,0.010451926369676262,0.010959052999266502,0.010451926369676262,0.010959052999266502,0.0005071266295902394,0.0005071266295902394
carts_socket,carts,socket,mem,orders,catalogue,0.010451926369676262,0.010959052999266502,0.010679866763796002,0.010089468526769868,0.0005071266295902394,-0.0005903982370261338
carts_socket,carts,socket,mem,orders,user,0.010451926369676262,0.010959052999266502,0.010451926369676262,0.010959052999266502,0.0005071266295902394,0.0005071266295902394
carts_socket,carts,socket,mem,orders,payment,0.010451926369676262,0.010959052999266502,0.010451926369676262,0.010959052999266502,0.0005071266295902394,0.0005071266295902394
carts_socket,carts,socket,mem,orders,shipping,0.010451926369676262,0.010959052999266502,0.010662817495697257,0.009265087883082376,0.0005071266295902394,-0.001397729612614881
carts_socket,carts,socket,mem,payment,front-end,0.17789101013970882,0.6094095955378567,0.17789101013970882,0.6094095955378567,0.43151858539814786,0.43151858539814786
carts_socket,carts,socket,mem,payment,catalogue,0.17789101013970882,0.6094095955378567,0.17789101013970882,0.6094095955378567,0.43151858539814786,0.43151858539814786
carts_socket,carts,socket,mem,payment,user,0.17789101013970882,0.6094095955378567,0.17663607846433246,0.6025257931701401,0.43151858539814786,0.4258897147058076
carts_socket,carts,socket,mem,payment,orders,0.17789101013970882,0.6094095955378567,0.17789101013970882,0.6094095955378567,0.43151858539814786,0.43151858539814786
carts_socket,carts,socket,mem,payment,shipping,0.17789101013970882,0.6094095955378567,0.17789101013970882,0.6094095955378567,0.43151858539814786,0.43151858539814786
carts_socket,carts,socket,mem,shipping,front-end,0.02348069419248907,0.044706393804643356,0.02348069419248907,0.044706393804643356,0.021225699612154286,0.021225699612154286
carts_socket,carts,socket,mem,shipping,catalogue,0.02348069419248907,0.044706393804643356,0.023097317836296156,0.04250806747886963,0.021225699612154286,0.01941074964257347
carts_socket,carts,socket,mem,shipping,user,0.02348069419248907,0.044706393804643356,0.02348069419248907,0.044706393804643356,0.021225699612154286,0.021225699612154286
carts_socket,carts,socket,mem,shipping,orders,0.02348069419248907,0.044706393804643356,0.02316856468306815,0.04301745677450547,0.021225699612154286,0.01984889209143732
carts_socket,carts,socket,mem,shipping,payment,0.02348069419248907,0.044706393804643356,0.02348069419248907,0.044706393804643356,0.021225699612154286,0.021225699612154286
carts_socket,carts,socket,cpu,front-end,catalogue,7.095636687914444,11.669118669249004,7.200039131800434,11.768864684428152,4.5734819813345595,4.568825552627718
carts_socket,carts,socket,cpu,front-end,user,7.095636687914444,11.669118669249004,7.188332525784473,11.761296356120024,4.5734819813345595,4.572963830335551
carts_socket,carts,socket,cpu,front-end,orders,7.095636687914444,11.669118669249004,7.129382949774719,11.51342426211959,4.5734819813345595,4.384041312344872
carts_socket,carts,socket,cpu,front-end,payment,7.095636687914444,11.669118669249004,7.198799509839265,11.769275349613086,4.5734819813345595,4.57047583977382
carts_socket,carts,socket,cpu,front-end,shipping,7.095636687914444,11.669118669249004,7.179935585471166,11.747160285242447,4.5734819813345595,4.567224699771281
carts_socket,carts,socket,cpu,catalogue,front-end,8.817901656601176,8.954905360464553,8.82970916114842,8.930076079224733,0.13700370386337646,0.10036691807631293
carts_socket,carts,socket,cpu,catalogue,user,8.817901656601176,8.954905360464553,8.741772488338102,8.988364322968092,0.13700370386337646,0.24659183462999046
carts_socket,carts,socket,cpu,catalogue,orders,8.817901656601176,8.954905360464553,8.670056676465583,9.446175959616188,0.13700370386337646,0.7761192831506047
carts_socket,carts,socket,cpu,catalogue,payment,8.817901656601176,8.954905360464553,8.82970916114842,8.930076079224733,0.13700370386337646,0.10036691807631293
carts_socket,carts,socket,cpu,catalogue,shipping,8.817901656601176,8.954905360464553,8.766672543830683,9.147904909497484,0.13700370386337646,0.38123236566680063
carts_socket,carts,socket,cpu,user,front-end,9.357695230556118,7.609765491363567,9.491970682646365,7.815054182526236,-1.7479297391925508,-1.6769165001201287
carts_socket,carts,socket,cpu,user,catalogue,9.357695230556118,7.609765491363567,9.447596483787152,7.787886200995961,-1.7479297391925508,-1.659710282791191
carts_socket,carts,socket,cpu,user,orders,9.357695230556118,7.609765491363567,9.075656691313187,8.161561413127957,-1.7479297391925508,-0.9140952781852292
carts_socket,carts,socket,cpu,user,payment,9.357695230556118,7.609765491363567,9.469221964285515,7.6135080679889775,-1.7479297391925508,-1.8557138962965372
carts_socket,carts,socket,cpu,user,shipping,9.357695230556118,7.609765491363567,9.05912604144373,8.131228204328272,-1.7479297391925508,-0.9278978371154576
carts_socket,carts,socket,cpu,orders,front-end,15.504428324030489,15.718777298099978,15.433486101636454,14.597769134413447,0.21434897406948927,-0.8357169672230071
carts_socket,carts,socket,cpu,orders,catalogue,15.504428324030489,15.718777298099978,15.519536707335135,16.948382824072393,0.21434897406948927,1.4288461167372581
carts_socket,carts,socket,cpu,orders,user,15.504428324030489,15.718777298099978,15.572047131221753,15.991980312363129,0.21434897406948927,0.419933181141376
carts_socket,carts,socket,cpu,orders,payment,15.504428324030489,15.718777298099978,15.26092272803552,17.213334544188847,0.21434897406948927,1.952411816153326
carts_socket,carts,socket,cpu,orders,shipping,15.504428324030489,15.718777298099978,13.286098576937889,12.310911347863364,0.21434897406948927,-0.9751872290745247
carts_socket,carts,socket,cpu,payment,front-end,12.787422368615214,16.160072452596456,12.790952141547491,16.184792986706604,3.3726500839812417,3.3938408451591133
carts_socket,carts,socket,cpu,payment,catalogue,12.787422368615214,16.160072452596456,12.787422368615214,16.160072452596456,3.3726500839812417,3.3726500839812417
carts_socket,carts,socket,cpu,payment,user,12.787422368615214,16.160072452596456,12.838436367829908,16.070710806762904,3.3726500839812417,3.232274438932995
carts_socket,carts,socket,cpu,payment,orders,12.787422368615214,16.160072452596456,12.546069463682391,16.687273382267787,3.3726500839812417,4.141203918585395
carts_socket,carts,socket,cpu,payment,shipping,12.787422368615214,16.160072452596456,12.425257304118995,16.57630701820023,3.3726500839812417,4.151049714081234
carts_socket,carts,socket,cpu,shipping,front-end,45.83363339980655,57.966240933163796,45.904853699075446,57.29343926918937,12.132607533357245,11.388585570113925
carts_socket,carts,socket,cpu,shipping,catalogue,45.83363339980655,57.966240933163796,45.91784617826129,61.58301118908278,12.132607533357245,15.66516501082149
carts_socket,carts,socket,cpu,shipping,user,45.83363339980655,57.966240933163796,44.74828235527416,58.8998929620039,12.132607533357245,14.151610606729733
carts_socket,carts,socket,cpu,shipping,orders,45.83363339980655,57.966240933163796,37.20923140031711,39.090983447760685,12.132607533357245,1.8817520474435767
carts_socket,carts,socket,cpu,shipping,payment,45.83363339980655,57.966240933163796,45.50617554620954,65.46255452905915,12.132607533357245,19.956378982849607
carts_socket,carts,socket,mem,front-end,catalogue,3.448701834914415,3.686994423479665,3.496778730249501,3.7572187244853237,0.23829258856524982,0.26043999423582287
carts_socket,carts,socket,mem,front-end,user,3.448701834914415,3.686994423479665,3.5095542804562183,4.038848445606889,0.23829258856524982,0.5292941651506706
carts_socket,carts,socket,mem,front-end,orders,3.448701834914415,3.686994423479665,3.4895418265035936,3.703508272301513,0.23829258856524982,0.21396644579791957
carts_socket,carts,socket,mem,front-end,payment,3.448701834914415,3.686994423479665,3.4895418265035936,3.703508272301513,0.23829258856524982,0.21396644579791957
carts_socket,carts,socket,mem,front-end,shipping,3.448701834914415,3.686994423479665,3.4895418265035936,3.703508272301513,0.23829258856524982,0.21396644579791957
carts_socket,carts,socket,mem,catalogue,front-end,0.18675798036458185,0.5961695530872344,0.1869410194942949,0.5959270975535331,0.40941157272265255,0.40898607805923826
carts_socket,carts,socket,mem,catalogue,user,0.18675798036458185,0.5961695530872344,0.0960613927543971,0.8700292018123631,0.40941157272265255,0.773967809057966
carts_socket,carts,socket,mem,catalogue,orders,0.18675798036458185,0.5961695530872344,0.181263058278532,0.5790219364992417,0.40941157272265255,0.3977588782207097
carts_socket,carts,socket,mem,catalogue,payment,0.18675798036458185,0.5961695530872344,0.17131279260746177,0.5810153527905674,0.40941157272265255,0.4097025601831056
carts_socket,carts,socket,mem,catalogue,shipping,0.18675798036458185,0.5961695530872344,0.18675798036458185,0.5961695530872344,0.40941157272265255,0.40941157272265255
carts_socket,carts,socket,mem,user,front-end,0.3119177211701719,1.3945788212196017,0.31051422034546233,1.393553176720712,1.08266110004943,1.0830389563752498
carts_socket,carts,socket,mem,user,catalogue,0.3119177211701719,1.3945788212196017,0.13829335128954226,1.5052597815027906,1.08266110004943,1.3669664302132483
carts_socket,carts,socket,mem,user,orders,0.3119177211701719,1.3945788212196017,0.26599756829328935,1.2737841340336917,1.08266110004943,1.0077865657404024
carts_socket,carts,socket,mem,user,payment,0.3119177211701719,1.3945788212196017,0.2692476999804677,0.8665658724364681,1.08266110004943,0.5973181724560004
carts_socket,carts,socket,mem,user,shipping,0.3119177211701719,1.3945788212196017,0.3119177211701719,1.3945788212196017,1.08266110004943,1.08266110004943
carts_socket,carts,socket,mem,orders,front-end,0.10982696773570336,0.13657356308441476,0.10982759856872357,0.13645511353616555,0.026746595348711405,0.02662751496744198
carts_socket,carts,socket,mem,orders,catalogue,0.10982696773570336,0.13657356308441476,0.09837255362355357,0.16411585578812127,0.026746595348711405,0.0657433021645677
carts_socket,carts,socket,mem,orders,user,0.10982696773570336,0.13657356308441476,0.09335601833061195,0.11623696873075892,0.026746595348711405,0.022880950400146968
carts_socket,carts,socket,mem,orders,payment,0.10982696773570336,0.13657356308441476,0.10982759856872357,0.13645511353616555,0.026746595348711405,0.02662751496744198
carts_socket,carts,socket,mem,orders,shipping,0.10982696773570336,0.13657356308441476,0.11055907257682628,0.27907401017903466,0.026746595348711405,0.16851493760220837
carts_socket,carts,socket,mem,payment,front-end,0.09436513143441487,0.6843031130522792,0.09436513143441487,0.6843031130522792,0.5899379816178644,0.5899379816178644
carts_socket,carts,socket,mem,payment,catalogue,0.09436513143441487,0.6843031130522792,0.08914249841754737,0.7080099529463937,0.5899379816178644,0.6188674545288463
carts_socket,carts,socket,mem,payment,user,0.09436513143441487,0.6843031130522792,0.08533225844709742,0.5438678281528371,0.5899379816178644,0.45853556970573967
carts_socket,carts,socket,mem,payment,orders,0.09436513143441487,0.6843031130522792,0.09436513143441487,0.6843031130522792,0.5899379816178644,0.5899379816178644
carts_socket,carts,socket,mem,payment,shipping,0.09436513143441487,0.6843031130522792,0.09436513143441487,0.6843031130522792,0.5899379816178644,0.5899379816178644
carts_socket,carts,socket,mem,shipping,front-end,0.016942710070733884,0.06762629382005156,0.016938763737356664,0.06766676309796074,0.050683583749317675,0.05072799936060408
carts_socket,carts,socket,mem,shipping,catalogue,0.016942710070733884,0.06762629382005156,0.016938763737356664,0.06766676309796074,0.050683583749317675,0.05072799936060408
carts_socket,carts,socket,mem,shipping,user,0.016942710070733884,0.06762629382005156,0.016938763737356664,0.06766676309796074,0.050683583749317675,0.05072799936060408
carts_socket,carts,socket,mem,shipping,orders,0.016942710070733884,0.06762629382005156,0.01603610942498768,0.07399726597339745,0.050683583749317675,0.057961156548409776
carts_socket,carts,socket,mem,shipping,payment,0.016942710070733884,0.06762629382005156,0.016938763737356664,0.06766676309796074,0.050683583749317675,0.05072799936060408
carts_socket,carts,socket,cpu,front-end,catalogue,8.865447657369588,7.937727335125756,8.928243450314664,7.888266829477401,-0.9277203222438315,-1.0399766208372627
carts_socket,carts,socket,cpu,front-end,user,8.865447657369588,7.937727335125756,8.71852357819067,8.17186027546709,-0.9277203222438315,-0.5466633027235801
carts_socket,carts,socket,cpu,front-end,orders,8.865447657369588,7.937727335125756,8.808323836749707,12.325258134185834,-0.9277203222438315,3.5169342974361264
carts_socket,carts,socket,cpu,front-end,payment,8.865447657369588,7.937727335125756,8.54898193238059,8.645954366600936,-0.9277203222438315,0.09697243422034596
carts_socket,carts,socket,cpu,front-end,shipping,8.865447657369588,7.937727335125756,8.937954404947938,11.09400955255482,-0.9277203222438315,2.1560551476068817
carts_socket,carts,socket,cpu,catalogue,front-end,7.2813153297213455,13.85644042801931,7.326856352559003,13.9698472498811,6.575125098297964,6.642990897322098
carts_socket,carts,socket,cpu,catalogue,user,7.2813153297213455,13.85644042801931,7.26319577236208,13.837818796538961,6.575125098297964,6.574623024176882
carts_socket,carts,socket,cpu,catalogue,orders,7.2813153297213455,13.85644042801931,7.250633560203931,13.155346389077069,6.575125098297964,5.904712828873138
carts_socket,carts,socket,cpu,catalogue,payment,7.2813153297213455,13.85644042801931,7.3303617500500104,13.279019906137055,6.575125098297964,5.948658156087045
carts_socket,carts,socket,cpu,catalogue,shipping,7.2813153297213455,13.85644042801931,7.334940795894967,13.236707507876122,6.575125098297964,5.901766711981155
carts_socket,carts,socket,cpu,user,front-end,10.760747621071406,8.352536783134044,10.481102718739553,8.687134672937114,-2.4082108379373626,-1.7939680458024387
carts_socket,carts,socket,cpu,user,catalogue,10.760747621071406,8.352536783134044,10.730300964222454,8.344641527839038,-2.4082108379373626,-2.385659436383417
carts_socket,carts,socket,cpu,user,orders,10.760747621071406,8.352536783134044,10.773661927006208,9.336893332123921,-2.4082108379373626,-1.4367685948822864
carts_socket,carts,socket,cpu,user,payment,10.760747621071406,8.352536783134044,10.091752151550308,8.033147191269618,-2.4082108379373626,-2.0586049602806895
carts_socket,carts,socket,cpu,user,shipping,10.760747621071406,8.352536783134044,10.922837080979713,9.496504545606713,-2.4082108379373626,-1.4263325353729996
carts_socket,carts,socket,cpu,orders,front-end,15.542093043460204,22.514146641231683,15.701662283438184,22.210928993290707,6.972053597771479,6.509266709852524
carts_socket,carts,socket,cpu,orders,catalogue,15.542093043460204,22.514146641231683,15.704455726567293,23.437566598289035,6.972053597771479,7.733110871721742
carts_socket,carts,socket,cpu,orders,user,15.542093043460204,22.514146641231683,15.427162133159628,22.169756404919845,6.972053597771479,6.7425942717602165
carts_socket,carts,socket,cpu,orders,payment,15.542093043460204,22.514146641231683,15.707211305695019,22.448521587931282,6.972053597771479,6.741310282236263
carts_socket,carts,socket,cpu,orders,shipping,15.542093043460204,22.514146641231683,13.247539037668776,25.07490239093524,6.972053597771479,11.827363353266463
carts_socket,carts,socket,cpu,payment,front-end,6.452671649031562,11.275329124260713,6.020789926362855,11.366682662446411,4.822657475229151,5.345892736083557
carts_socket,carts,socket,cpu,payment,catalogue,6.452671649031562,11.275329124260713,6.417908832372018,10.638581594382448,4.822657475229151,4.220672762010429
carts_socket,carts,socket,cpu,payment,user,6.452671649031562,11.275329124260713,6.295153570516419,10.864968396253834,4.822657475229151,4.569814825737415
carts_socket,carts,socket,cpu,payment,orders,6.452671649031562,11.275329124260713,6.4610173094676675,11.283003761664641,4.822657475229151,4.821986452196974
carts_socket,carts,socket,cpu,payment,shipping,6.452671649031562,11.275329124260713,6.449583476683765,11.021322809232704,4.822657475229151,4.571739332548939
carts_socket,carts,socket,cpu,shipping,front-end,24.441132441884907,37.71668740115162,23.899260589397358,37.36939756601549,13.27555495926671,13.470136976618136
carts_socket,carts,socket,cpu,shipping,catalogue,24.441132441884907,37.71668740115162,24.2103148394857,37.687220906723766,13.27555495926671,13.476906067238065
carts_socket,carts,socket,cpu,shipping,user,24.441132441884907,37.71668740115162,24.518524603757676,37.3831435785477,13.27555495926671,12.864618974790027
carts_socket,carts,socket,cpu,shipping,orders,24.441132441884907,37.71668740115162,22.290101062899204,39.89784738709379,13.27555495926671,17.607746324194586
carts_socket,carts,socket,cpu,shipping,payment,24.441132441884907,37.71668740115162,24.496195467446956,37.27683887420687,13.27555495926671,12.78064340675991
carts_socket,carts,socket,mem,front-end,catalogue,3.359960923259005,3.697197564134619,3.4211556921101045,3.691148284588618,0.3372366408756142,0.2699925924785136
carts_socket,carts,socket,mem,front-end,user,3.359960923259005,3.697197564134619,3.3213895698911275,4.108202496794792,0.3372366408756142,0.7868129269036648
carts_socket,carts,socket,mem,front-end,orders,3.359960923259005,3.697197564134619,3.4211556921101045,3.691148284588618,0.3372366408756142,0.2699925924785136
carts_socket,carts,socket,mem,front-end,payment,3.359960923259005,3.697197564134619,3.4238789948639763,4.399086897557671,0.3372366408756142,0.9752079026936951
carts_socket,carts,socket,mem,front-end,shipping,3.359960923259005,3.697197564134619,3.412500111466553,3.7948069578819417,0.3372366408756142,0.3823068464153887
carts_socket,carts,socket,mem,catalogue,front-end,0.9791659773299731,0.7962577448374404,0.9791659773299731,0.7962577448374404,-0.18290823249253274,-0.18290823249253274
carts_socket,carts,socket,mem,catalogue,user,0.9791659773299731,0.7962577448374404,0.9791659773299731,0.7962577448374404,-0.18290823249253274,-0.18290823249253274
carts_socket,carts,socket,mem,catalogue,orders,0.9791659773299731,0.7962577448374404,0.616464868039472,2.470815277943178,-0.18290823249253274,1.8543504099037058
carts_socket,carts,socket,mem,catalogue,payment,0.9791659773299731,0.7962577448374404,0.9791659773299731,0.7962577448374404,-0.18290823249253274,-0.18290823249253274
carts_socket,carts,socket,mem,catalogue,shipping,0.9791659773299731,0.7962577448374404,0.9791659773299731,0.7962577448374404,-0.18290823249253274,-0.18290823249253274
carts_socket,carts,socket,mem,user,front-end,0.15654543061400536,1.097276663413758,0.16283574175610585,1.0865186999945415,0.9407312327997527,0.9236829582384357
carts_socket,carts,socket,mem,user,catalogue,0.15654543061400536,1.097276663413758,0.1555362538666857,1.1085737618829898,0.9407312327997527,0.9530375080163042
carts_socket,carts,socket,mem,user,orders,0.15654543061400536,1.097276663413758,0.1555362538666857,1.1085737618829898,0.9407312327997527,0.9530375080163042
carts_socket,carts,socket,mem,user,payment,0.15654543061400536,1.097276663413758,0.1519899207928488,0.7266377637975457,0.9407312327997527,0.574647843004697
carts_socket,carts,socket,mem,user,shipping,0.15654543061400536,1.097276663413758,0.1502194674201241,0.8346185210818008,0.9407312327997527,0.6843990536616766
carts_socket,carts,socket,mem,orders,front-end,0.07150830817016109,0.24299745973646983,0.07150830817016109,0.24299745973646983,0.17148915156630873,0.17148915156630873
carts_socket,carts,socket,mem,orders,catalogue,0.07150830817016109,0.24299745973646983,0.05093190227807193,0.2536896928528034,0.17148915156630873,0.20275779057473148
carts_socket,carts,socket,mem,orders,user,0.07150830817016109,0.24299745973646983,0.07150830817016109,0.24299745973646983,0.17148915156630873,0.17148915156630873
carts_socket,carts,socket,mem,orders,payment,0.07150830817016109,0.24299745973646983,0.07150830817016109,0.24299745973646983,0.17148915156630873,0.17148915156630873
carts_socket,carts,socket,mem,orders,shipping,0.07150830817016109,0.24299745973646983,0.07150830817016109,0.24299745973646983,0.17148915156630873,0.17148915156630873
carts_socket,carts,socket,mem,payment,front-end,0.08746667723043675,0.7549350018290278,0.08807679227565,0.7545959122989849,0.6674683245985911,0.6665191200233349
carts_socket,carts,socket,mem,payment,catalogue,0.08746667723043675,0.7549350018290278,0.08888768860431427,0.7543234568476102,0.6674683245985911,0.6654357682432959
carts_socket,carts,socket,mem,payment,user,0.08746667723043675,0.7549350018290278,0.08641044103732629,0.7258403031373879,0.6674683245985911,0.6394298621000616
carts_socket,carts,socket,mem,payment,orders,0.08746667723043675,0.7549350018290278,0.08888768860431427,0.7543234568476102,0.6674683245985911,0.6654357682432959
carts_socket,carts,socket,mem,payment,shipping,0.08746667723043675,0.7549350018290278,0.05927666407353145,0.5988309027428499,0.6674683245985911,0.5395542386693184
carts_socket,carts,socket,mem,shipping,front-end,0.023261282723645735,0.11793042155372739,0.023033457145206566,0.11703839925484733,0.09466913883008166,0.09400494210964076
carts_socket,carts,socket,mem,shipping,catalogue,0.023261282723645735,0.11793042155372739,0.023261282723645735,0.11793042155372739,0.09466913883008166,0.09466913883008166
carts_socket,carts,socket,mem,shipping,user,0.023261282723645735,0.11793042155372739,0.023242596250447032,0.09714067527006329,0.09466913883008166,0.07389807901961626
carts_socket,carts,socket,mem,shipping,orders,0.023261282723645735,0.11793042155372739,0.023261282723645735,0.11793042155372739,0.09466913883008166,0.09466913883008166
carts_socket,carts,socket,mem,shipping,payment,0.023261282723645735,0.11793042155372739,0.01789248874553139,0.07279384449700031,0.09466913883008166,0.05490135575146892
catalogue_cpu,catalogue,cpu,cpu,front-end,user,9.095249356436447,8.620289162096077,9.663920279223296,8.438048448395557,-0.47496019434037073,-1.2258718308277388
catalogue_cpu,catalogue,cpu,cpu,front-end,carts,9.095249356436447,8.620289162096077,9.155028894274647,8.41602760989424,-0.47496019434037073,-0.7390012843804072
catalogue_cpu,catalogue,cpu,cpu,front-end,orders,9.095249356436447,8.608910416476144,9.328687834070701,10.053473795454137,-0.4863389399603033,0.7247859613834358
catalogue_cpu,catalogue,cpu,cpu,front-end,payment,9.095249356436447,8.620289162096077,10.9330746045467,8.663636865499571,-0.47496019434037073,-2.269437739047129
catalogue_cpu,catalogue,cpu,cpu,front-end,shipping,9.095249356436447,8.620289162096077,11.280643695187212,7.6939498651277995,-0.47496019434037073,-3.5866938300594127
catalogue_cpu,catalogue,cpu,cpu,user,front-end,29.435284603784677,11.760743772199003,74.11776709823764,14.44015091883836,-17.674540831585674,-59.67761617939928
catalogue_cpu,catalogue,cpu,cpu,user,carts,26.00823995077591,12.325379568314954,14.073403641998658,11.414136624234207,-13.682860382460955,-2.659267017764451
catalogue_cpu,catalogue,cpu,cpu,user,orders,26.00823995077591,12.327335193048002,92.47165140275345,24.833895432514346,-13.680904757727907,-67.63775597023911
catalogue_cpu,catalogue,cpu,cpu,user,payment,26.00823995077591,12.325379568314954,76.12357280160754,15.108023769629822,-13.682860382460955,-61.01554903197771
catalogue_cpu,catalogue,cpu,cpu,user,shipping,26.00823995077591,12.325379568314954,198.12896703262547,29.799193464427077,-13.682860382460955,-168.3297735681984
catalogue_cpu,catalogue,cpu,cpu,carts,front-end,28.16094574683609,10.315411014522466,50.839686201677125,12.085878643668396,-17.845534732313624,-38.75380755800873
catalogue_cpu,catalogue,cpu,cpu,carts,user,25.104153585149554,11.239342635023954,15.358228104725482,10.882129601321425,-13.8648109501256,-4.476098503404057
catalogue_cpu,catalogue,cpu,cpu,carts,orders,25.104153585149554,11.232808138346183,69.73382305726514,21.88086897759284,-13.871345446803371,-47.8529540796723
catalogue_cpu,catalogue,cpu,cpu,carts,payment,25.104153585149554,11.239342635023954,56.50383829041571,17.08264698837751,-13.8648109501256,-39.421191302038196
catalogue_cpu,catalogue,cpu,cpu,carts,shipping,25.104153585149554,11.239342635023954,138.9177108716598,25.59230787321355,-13.8648109501256,-113.32540299844626
catalogue_cpu,catalogue,cpu,cpu,orders,front-end,35.22253865610699,23.32211515675993,49.61788497870265,20.574154537277455,-11.90042349934706,-29.043730441425193
catalogue_cpu,catalogue,cpu,cpu,orders,user,32.08841352819027,23.89703378067101,20.792934478074685,25.518930914070957,-8.191379747519264,4.725996435996272
catalogue_cpu,catalogue,cpu,cpu,orders,carts,32.08841352819027,23.89703378067101,24.249014628825037,22.430782010414692,-8.191379747519264,-1.8182326184103452
catalogue_cpu,catalogue,cpu,cpu,orders,payment,32.08841352819027,23.89703378067101,52.81910738574124,29.32755575003714,-8.191379747519264,-23.491551635704102
catalogue_cpu,catalogue,cpu,cpu,orders,shipping,32.08841352819027,23.89703378067101,113.71099767186917,21.706661077957236,-8.191379747519264,-92.00433659391193
catalogue_cpu,catalogue,cpu,cpu,payment,front-end,18.516256457257228,13.469487110108991,21.020935380636473,14.604574437930387,-5.046769347148237,-6.416360942706087
catalogue_cpu,catalogue,cpu,cpu,payment,user,18.205079389561302,14.465838167004778,13.696424607726183,12.342527894277126,-3.739241222556524,-1.353896713449057
catalogue_cpu,catalogue,cpu,cpu,payment,carts,18.205079389561302,14.465838167004778,13.590412957007992,13.895837338744258,-3.739241222556524,0.30542438173626607
catalogue_cpu,catalogue,cpu,cpu,payment,orders,18.205079389561302,14.467727105400776,21.405073397621734,19.262848371407806,-3.737352284160526,-2.1422250262139286
catalogue_cpu,catalogue,cpu,cpu,payment,shipping,18.205079389561302,14.465838167004778,28.301720784929195,22.56270094723194,-3.739241222556524,-5.739019837697256
catalogue_cpu,catalogue,cpu,cpu,shipping,front-end,62.88343312390039,99.29948100375766,77.72482994426983,86.55311262102843,36.416047879857274,8.828282676758604
catalogue_cpu,catalogue,cpu,cpu,shipping,user,52.71832480574618,98.88327269581328,50.028931741711524,98.76146151991288,46.1649478900671,48.73252977820136
catalogue_cpu,catalogue,cpu,cpu,shipping,carts,52.71832480574618,98.88327269581328,52.36571920774502,91.77524889819391,46.1649478900671,39.409529690448885
catalogue_cpu,catalogue,cpu,cpu,shipping,orders,52.71832480574618,98.90960668518981,69.71748939933823,82.9659898420283,46.191281879443636,13.248500442690073
catalogue_cpu,catalogue,cpu,cpu,shipping,payment,52.71832480574618,98.88327269581328,52.94611846799599,111.06325961945282,46.1649478900671,58.117141151456835
catalogue_cpu,catalogue,cpu,mem,front-end,user,74.33622504641926,4.3186316460829905,73.80920076498157,3.9469397320194624,-70.01759340033627,-69.86226103296211
catalogue_cpu,catalogue,cpu,mem,front-end,carts,74.33622504641926,4.3186316460829905,82.7759069519303,4.521883493906081,-70.01759340033627,-78.25402345802422
catalogue_cpu,catalogue,cpu,mem,front-end,orders,74.33622504641926,4.3186316460829905,112.71781777391242,10.632903910802016,-70.01759340033627,-102.0849138631104
catalogue_cpu,catalogue,cpu,mem,front-end,payment,74.33622504641926,4.3186316460829905,79.986561730589,4.122029565936152,-70.01759340033627,-75.86453216465286
catalogue_cpu,catalogue,cpu,mem,front-end,shipping,74.33622504641926,4.3186316460829905,110.09247613199402,10.774931741015003,-70.01759340033627,-99.31754439097901
catalogue_cpu,catalogue,cpu,mem,user,front-end,1.189868696269636,1.003981203918658,2.124142481204144,0.8937100548093179,-0.18588749235097812,-1.230432426394826
catalogue_cpu,catalogue,cpu,mem,user,carts,1.1649093136693038,1.007660674293909,2.0303985508681266,1.2482703106145565,-0.1572486393753949,-0.7821282402535701
catalogue_cpu,catalogue,cpu,mem,user,orders,1.1649093136693038,1.007660674293909,4.157554866831351,2.841230555753136,-0.1572486393753949,-1.316324311078215
catalogue_cpu,catalogue,cpu,mem,user,payment,1.1649093136693038,1.007660674293909,1.6700945103030198,0.8237342054955009,-0.1572486393753949,-0.8463603048075189
catalogue_cpu,catalogue,cpu,mem,user,shipping,1.1649093136693038,1.007660674293909,3.8760953847925905,2.8735421095863694,-0.1572486393753949,-1.0025532752062212
catalogue_cpu,catalogue,cpu,mem,carts,front-end,0.053333944814898955,0.060854136672850334,0.05723122046479078,0.057164344468180806,0.007520191857951379,-6.687599660997606e-05
catalogue_cpu,catalogue,cpu,mem,carts,user,0.05214590551149498,0.060873820247667555,0.03844617250901171,0.04776697478300763,0.008727914736172578,0.00932080227399592
catalogue_cpu,catalogue,cpu,mem,carts,orders,0.05214590551149498,0.060873820247667555,0.08548852106412402,0.09704614160495682,0.008727914736172578,0.0115576205408328
catalogue_cpu,catalogue,cpu,mem,carts,payment,0.05214590551149498,0.060873820247667555,0.018406940680450255,0.01609499762171087,0.008727914736172578,-0.002311943058739385
catalogue_cpu,catalogue,cpu,mem,carts,shipping,0.05214590551149498,0.060873820247667555,0.069922289413159,0.09812403466447357,0.008727914736172578,0.028201745251314567
catalogue_cpu,catalogue,cpu,mem,orders,front-end,0.10100793957710674,0.13615731904009817,0.10100793957710674,0.13615731904009817,0.03514937946299143,0.03514937946299143
catalogue_cpu,catalogue,cpu,mem,orders,user,0.10517080426893748,0.14063890806319732,0.10517080426893748,0.14063890806319732,0.03546810379425984,0.03546810379425984
catalogue_cpu,catalogue,cpu,mem,orders,carts,0.10517080426893748,0.14063890806319732,0.10517080426893748,0.14063890806319732,0.03546810379425984,0.03546810379425984
catalogue_cpu,catalogue,cpu,mem,orders,payment,0.10517080426893748,0.14063890806319732,0.10517080426893748,0.14063890806319732,0.03546810379425984,0.03546810379425984
catalogue_cpu,catalogue,cpu,mem,orders,shipping,0.10517080426893748,0.14063890806319732,0.10517080426893748,0.14063890806319732,0.03546810379425984,0.03546810379425984
catalogue_cpu,catalogue,cpu,mem,payment,front-end,4.9715424326392945,4.315282850775773,4.977134150022498,3.6382071096850357,-0.6562595818635213,-1.3389270403374622
catalogue_cpu,catalogue,cpu,mem,payment,user,4.882750331531966,4.332495497172891,2.9750596981229886,2.9194708970628596,-0.550254834359075,-0.05558880106012909
catalogue_cpu,catalogue,cpu,mem,payment,carts,4.882750331531966,4.332495497172891,1.6767110913007617,0.8087299599005744,-0.550254834359075,-0.8679811314001873
catalogue_cpu,catalogue,cpu,mem,payment,orders,4.882750331531966,4.332495497172891,8.418138242947263,7.32648196491957,-0.550254834359075,-1.0916562780276928
catalogue_cpu,catalogue,cpu,mem,payment,shipping,4.882750331531966,4.332495497172891,7.278998886599745,7.407262614458386,-0.550254834359075,0.12826372785864049
catalogue_cpu,catalogue,cpu,mem,shipping,front-end,0.10947605946789281,0.0232080359795456,0.11420905238670102,0.023681086836657154,-0.08626802348834721,-0.09052796555004387
catalogue_cpu,catalogue,cpu,mem,shipping,user,0.10689880644689533,0.02320274824249958,0.10864310542244612,0.030406443833551566,-0.08369605820439574,-0.07823666158889456
catalogue_cpu,catalogue,cpu,mem,shipping,carts,0.10689880644689533,0.02320274824249958,0.10766868596810239,0.07693364405560764,-0.08369605820439574,-0.03073504191249475
catalogue_cpu,catalogue,cpu,mem,shipping,orders,0.10689880644689533,0.02320274824249958,0.11335085012619184,0.0038331269068581377,-0.08369605820439574,-0.1095177232193337
catalogue_cpu,catalogue,cpu,mem,shipping,payment,0.10689880644689533,0.02320274824249958,0.10794710009399745,0.05834228786233632,-0.08369605820439574,-0.04960481223166113
catalogue_cpu,catalogue,cpu,cpu,front-end,user,11.232328068971261,10.411287751325709,12.38822642623548,10.197678842846864,-0.8210403176455525,-2.190547583388616
catalogue_cpu,catalogue,cpu,cpu,front-end,carts,11.232328068971261,10.411287751325709,13.920037423393783,11.245354477162657,-0.8210403176455525,-2.674682946231126
catalogue_cpu,catalogue,cpu,cpu,front-end,orders,11.232328068971261,10.411287751325709,13.822100525226725,11.32303905345367,-0.8210403176455525,-2.4990614717730555
catalogue_cpu,catalogue,cpu,cpu,front-end,payment,11.232328068971261,10.411287751325709,13.088994307764509,11.353892016150235,-0.8210403176455525,-1.7351022916142735
catalogue_cpu,catalogue,cpu,cpu,front-end,shipping,11.232328068971261,10.411287751325709,14.06122412096035,10.915174188519519,-0.8210403176455525,-3.1460499324408318
catalogue_cpu,catalogue,cpu,cpu,user,front-end,37.462381486987766,11.488659030902927,95.37422820676836,14.250046579488027,-25.97372245608484,-81.12418162728034
catalogue_cpu,catalogue,cpu,cpu,user,carts,29.01488225947236,11.806108959770402,131.95735779961538,38.0425698350525,-17.208773299701956,-93.91478796456289
catalogue_cpu,catalogue,cpu,cpu,user,orders,29.01488225947236,11.806108959770402,230.55278350510724,36.41618483097459,-17.208773299701956,-194.13659867413264
catalogue_cpu,catalogue,cpu,cpu,user,payment,29.01488225947236,11.806108959770402,58.76650054713791,15.976035461976803,-17.208773299701956,-42.7904650851611
catalogue_cpu,catalogue,cpu,cpu,user,shipping,29.01488225947236,11.806108959770402,223.7342482215844,30.907569454773622,-17.208773299701956,-192.8266787668108
catalogue_cpu,catalogue,cpu,cpu,carts,front-end,49.20433091453311,35.25774440681042,95.63679849802499,31.22776625753761,-13.946586507722692,-64.40903224048738
catalogue_cpu,catalogue,cpu,cpu,carts,user,41.47145337630377,35.394679959736386,46.89224107491932,41.77976411904113,-6.076773416567384,-5.112476955878186
catalogue_cpu,catalogue,cpu,cpu,carts,orders,41.47145337630377,35.394679959736386,272.31555055640365,26.464205788405987,-6.076773416567384,-245.85134476799766
catalogue_cpu,catalogue,cpu,cpu,carts,payment,41.47145337630377,35.394679959736386,121.13846016613282,38.71093612686277,-6.076773416567384,-82.42752403927005
catalogue_cpu,catalogue,cpu,cpu,carts,shipping,41.47145337630377,35.394679959736386,289.613745981523,23.167334126194657,-6.076773416567384,-266.44641185532834
catalogue_cpu,catalogue,cpu,cpu,orders,front-end,101.58413549183886,109.54173091659558,173.94799872218718,97.75395822193683,7.957595424756718,-76.19404050025035
catalogue_cpu,catalogue,cpu,cpu,orders,user,84.12308869598589,109.16504385497039,65.4613099547057,120.47123744699712,25.041955158984507,55.009927492291425
catalogue_cpu,catalogue,cpu,cpu,orders,carts,84.12308869598589,109.16504385497039,196.3725128242061,105.19531649569474,25.041955158984507,-91.17719632851136
catalogue_cpu,catalogue,cpu,cpu,orders,payment,84.12308869598589,109.16504385497039,113.89860552805808,109.64580356989492,25.041955158984507,-4.252801958163161
catalogue_cpu,catalogue,cpu,cpu,orders,shipping,84.12308869598589,109.16504385497039,395.09567153672697,53.93675302162884,25.041955158984507,-341.15891851509815
catalogue_cpu,catalogue,cpu,cpu,payment,front-end,14.374197619295314,13.378491571119113,20.051114095934192,14.390468430193911,-0.995706048176201,-5.660645665740281
catalogue_cpu,catalogue,cpu,cpu,payment,user,14.408494643758877,13.789799134923195,11.676906172466156,11.791499996187618,-0.6186955088356818,0.11459382372146187
catalogue_cpu,catalogue,cpu,cpu,payment,carts,14.408494643758877,13.789799134923195,25.474095038756506,23.63194737364186,-0.6186955088356818,-1.842147665114645
catalogue_cpu,catalogue,cpu,cpu,payment,orders,14.408494643758877,13.789799134923195,32.24780654350358,21.977315875011598,-0.6186955088356818,-10.27049066849198
catalogue_cpu,catalogue,cpu,cpu,payment,shipping,14.408494643758877,13.789799134923195,31.98761312859586,19.906710194107106,-0.6186955088356818,-12.080902934488755
catalogue_cpu,catalogue,cpu,cpu,shipping,front-end,54.98246490404124,46.98961805949208,90.09610588576508,40.68122507679862,-7.992846844549156,-49.414880808966466
catalogue_cpu,catalogue,cpu,cpu,shipping,user,41.342176469298536,46.740950921082046,37.28427749515199,56.30567100069504,5.39877445178351,19.021393505543053
catalogue_cpu,catalogue,cpu,cpu,shipping,carts,41.342176469298536,46.740950921082046,77.6499879032755,45.56358442282448,5.39877445178351,-32.08640348045102
catalogue_cpu,catalogue,cpu,cpu,shipping,orders,41.342176469298536,46.740950921082046,119.44812016604575,22.995060642047456,5.39877445178351,-96.45305952399829
catalogue_cpu,catalogue,cpu,cpu,shipping,payment,41.342176469298536,46.740950921082046,48.55426210807492,52.43651665492458,5.39877445178351,3.8822545468496585
catalogue_cpu,catalogue,cpu,mem,front-end,user,85.23593794438447,3.754253258132424,81.79767678116556,15.544536912109377,-81.48168468625205,-66.25313986905618
catalogue_cpu,catalogue,cpu,mem,front-end,carts,85.23593794438447,3.754253258132424,103.05476137071258,28.389033625324394,-81.48168468625205,-74.66572774538818
catalogue_cpu,catalogue,cpu,mem,front-end,orders,85.23593794438447,3.754253258132424,95.76651975784355,16.98346210856647,-81.48168468625205,-78.78305764927708
catalogue_cpu,catalogue,cpu,mem,front-end,payment,85.23593794438447,3.754253258132424,92.71421681275294,4.782068940546207,-81.48168468625205,-87.93214787220673
catalogue_cpu,catalogue,cpu,mem,front-end,shipping,85.23593794438447,3.754253258132424,106.56751255283584,17.074706624864188,-81.48168468625205,-89.49280592797165
catalogue_cpu,catalogue,cpu,mem,user,front-end,1.158411441983845,4.978921890645462,2.614917539465758,5.724327903564634,3.820510448661617,3.1094103640988764
catalogue_cpu,catalogue,cpu,mem,user,carts,1.1524225304904707,4.979041313757648,3.126320069556385,3.9104117816218324,3.826618783267177,0.7840917120654476
catalogue_cpu,catalogue,cpu,mem,user,orders,1.1524225304904707,4.979041313757648,2.8447439745501675,1.1122182292235343,3.826618783267177,-1.7325257453266332
catalogue_cpu,catalogue,cpu,mem,user,payment,1.1524225304904707,4.979041313757648,1.9856118913421312,3.5610877497347935,3.826618783267177,1.5754758583926622
catalogue_cpu,catalogue,cpu,mem,user,shipping,1.1524225304904707,4.979041313757648,3.5164256037165145,1.2974367968871299,3.826618783267177,-2.2189888068293846
catalogue_cpu,catalogue,cpu,mem,carts,front-end,0.21343907113324612,0.9419043721061973,0.24255348495993448,0.9520294131751055,0.7284653009729511,0.709475928215171
catalogue_cpu,catalogue,cpu,mem,carts,user,0.2072595042998875,0.9419157414169923,0.1835443325852653,0.6756307594785959,0.7346562371171048,0.49208642689333054
catalogue_cpu,catalogue,cpu,mem,carts,orders,0.2072595042998875,0.9419157414169923,0.12854091050509855,0.49754236092584697,0.7346562371171048,0.3690014504207484
catalogue_cpu,catalogue,cpu,mem,carts,payment,0.2072595042998875,0.9419157414169923,0.10759520757905501,0.7609702489825858,0.7346562371171048,0.6533750414035308
catalogue_cpu,catalogue,cpu,mem,carts,shipping,0.2072595042998875,0.9419157414169923,0.062075835767809874,0.2614596212738584,0.7346562371171048,0.19938378550604854
catalogue_cpu,catalogue,cpu,mem,orders,front-end,0.1514813329466164,0.45372820037844025,0.1752243619851101,0.45785499610278374,0.30224686743182383,0.28263063411767364
catalogue_cpu,catalogue,cpu,mem,orders,user,0.14730427659023296,0.4538947222955474,0.12385800042711528,0.23145407453254704,0.30659044570531446,0.10759607410543176
catalogue_cpu,catalogue,cpu,mem,orders,carts,0.14730427659023296,0.4538947222955474,0.1086503583529827,0.18378052526280234,0.30659044570531446,0.07513016690981963
catalogue_cpu,catalogue,cpu,mem,orders,payment,0.14730427659023296,0.4538947222955474,0.07097222690674103,0.3026905425413707,0.30659044570531446,0.23171831563462963
catalogue_cpu,catalogue,cpu,mem,orders,shipping,0.14730427659023296,0.4538947222955474,0.12349056284795862,0.11256264485973175,0.30659044570531446,-0.01092791798822687
catalogue_cpu,catalogue,cpu,mem,payment,front-end,4.957778888724348,5.199347956801544,6.5933109468786295,5.710798095923808,0.24156906807719647,-0.8825128509548215
catalogue_cpu,catalogue,cpu,mem,payment,user,4.818973251910752,5.20460936123539,3.9265005166304983,3.7762490651503464,0.3856361093246372,-0.15025145148015184
catalogue_cpu,catalogue,cpu,mem,payment,carts,4.818973251910752,5.20460936123539,3.4756262568118914,17.62153027735835,0.3856361093246372,14.145904020546459
catalogue_cpu,catalogue,cpu,mem,payment,orders,4.818973251910752,5.20460936123539,3.045927289573648,8.350843550845045,0.3856361093246372,5.304916261271398
catalogue_cpu,catalogue,cpu,mem,payment,shipping,4.818973251910752,5.20460936123539,4.575986735504368,10.814412609582376,0.3856361093246372,6.2384258740780085
catalogue_cpu,catalogue,cpu,mem,shipping,front-end,0.12346075109068957,0.4376359463962408,0.14109543652732084,0.44452627842492715,0.31417519530555127,0.3034308418976063
catalogue_cpu,catalogue,cpu,mem,shipping,user,0.11993883604009181,0.43769059311209846,0.10801754880031533,0.28621429888673544,0.31775175707200665,0.1781967500864201
catalogue_cpu,catalogue,cpu,mem,shipping,carts,0.11993883604009181,0.43769059311209846,0.03692290745076849,0.12855569179359908,0.31775175707200665,0.09163278434283059
catalogue_cpu,catalogue,cpu,mem,shipping,orders,0.11993883604009181,0.43769059311209846,0.07994475019028625,0.16570486862099815,0.31775175707200665,0.08576011843071189
catalogue_cpu,catalogue,cpu,mem,shipping,payment,0.11993883604009181,0.43769059311209846,0.07870810286132299,0.3294827633755934,0.31775175707200665,0.25077466051427044
catalogue_cpu,catalogue,cpu,cpu,front-end,user,8.496275547586242,7.309001321033028,8.423131438599759,7.100556495514095,-1.187274226553214,-1.3225749430856641
catalogue_cpu,catalogue,cpu,cpu,front-end,carts,8.514114373480858,7.268161597894916,8.49055685783405,7.466598550930803,-1.245952775585942,-1.023958306903248
catalogue_cpu,catalogue,cpu,cpu,front-end,orders,8.50505583124491,7.310516999081266,8.530628828033665,7.354782769954922,-1.1945388321636434,-1.1758460580787427
catalogue_cpu,catalogue,cpu,cpu,front-end,payment,8.496275547586242,7.309001321033028,8.52196982480302,7.353071123501745,-1.187274226553214,-1.1688987013012744
catalogue_cpu,catalogue,cpu,cpu,front-end,shipping,8.496275547586242,7.309001321033028,8.402261958668324,7.610076188339386,-1.187274226553214,-0.7921857703289383
catalogue_cpu,catalogue,cpu,cpu,user,front-end,8.720484030640979,8.98961032350965,8.798240231773159,9.002092226922723,0.2691262928686715,0.20385199514956476
catalogue_cpu,catalogue,cpu,cpu,user,carts,8.752908791138333,9.001229814469278,8.900335218731716,9.28156061226452,0.24832102333094497,0.38122539353280516
catalogue_cpu,catalogue,cpu,cpu,user,orders,8.73238277858875,8.989685068991934,8.877453107288376,9.271414698269343,0.2573022904031834,0.3939615909809664
catalogue_cpu,catalogue,cpu,cpu,user,payment,8.720484030640979,8.98961032350965,8.868371923252768,9.270572849914311,0.2691262928686715,0.4022009266615427
catalogue_cpu,catalogue,cpu,cpu,user,shipping,8.720484030640979,8.98961032350965,8.868371923252768,9.270572849914311,0.2691262928686715,0.4022009266615427
catalogue_cpu,catalogue,cpu,cpu,carts,front-end,22.694660401828333,30.423228958072574,24.288859102775252,32.50746322501625,7.728568556244241,8.218604122241
catalogue_cpu,catalogue,cpu,cpu,carts,user,22.694660401828333,30.423228958072574,24.297194146753277,31.896282970955745,7.728568556244241,7.599088824202468
catalogue_cpu,catalogue,cpu,cpu,carts,orders,22.665442686068538,30.386882197711486,24.307813778591576,31.877282252224433,7.721439511642949,7.569468473632856
catalogue_cpu,catalogue,cpu,cpu,carts,payment,22.694660401828333,30.423228958072574,24.297194146753277,31.896282970955745,7.728568556244241,7.599088824202468
catalogue_cpu,catalogue,cpu,cpu,carts,shipping,22.694660401828333,30.423228958072574,24.297194146753277,31.896282970955745,7.728568556244241,7.599088824202468
catalogue_cpu,catalogue,cpu,cpu,orders,front-end,26.70096337793219,32.92695770203142,26.70096337793219,32.92695770203142,6.225994324099233,6.225994324099233
catalogue_cpu,catalogue,cpu,cpu,orders,user,26.70096337793219,32.92695770203142,26.70096337793219,32.92695770203142,6.225994324099233,6.225994324099233
catalogue_cpu,catalogue,cpu,cpu,orders,carts,26.63218740932569,33.09516872481529,26.63218740932569,33.09516872481529,6.462981315489596,6.462981315489596
catalogue_cpu,catalogue,cpu,cpu,orders,payment,26.70096337793219,32.92695770203142,26.659840845988448,33.69275372496593,6.225994324099233,7.032912878977484
catalogue_cpu,catalogue,cpu,cpu,orders,shipping,26.70096337793219,32.92695770203142,26.70096337793219,32.92695770203142,6.225994324099233,6.225994324099233
catalogue_cpu,catalogue,cpu,cpu,payment,front-end,7.499561031122427,7.283427764674667,7.508151737651987,7.279341923081957,-0.21613326644776,-0.22880981457003013
catalogue_cpu,catalogue,cpu,cpu,payment,user,7.499561031122427,7.283427764674667,7.508151737651987,7.279341923081957,-0.21613326644776,-0.22880981457003013
catalogue_cpu,catalogue,cpu,cpu,payment,carts,7.516901807605657,7.314956989407735,7.52457768022678,7.313303269037949,-0.20194481819792198,-0.21127441118883095
catalogue_cpu,catalogue,cpu,cpu,payment,orders,7.50285332999857,7.285820135242189,7.453552933771449,7.422217833747384,-0.2170331947563806,-0.03133510002406492
catalogue_cpu,catalogue,cpu,cpu,payment,shipping,7.499561031122427,7.283427764674667,7.508151737651987,7.279341923081957,-0.21613326644776,-0.22880981457003013
catalogue_cpu,catalogue,cpu,cpu,shipping,front-end,33.68865555497407,50.9819290754398,33.49352161753202,52.19134915303694,17.293273520465732,18.69782753550492
catalogue_cpu,catalogue,cpu,cpu,shipping,user,33.68865555497407,50.9819290754398,33.68865555497407,50.9819290754398,17.293273520465732,17.293273520465732
catalogue_cpu,catalogue,cpu,cpu,shipping,carts,33.4491021200035,50.575828142352705,33.4491021200035,50.575828142352705,17.126726022349203,17.126726022349203
catalogue_cpu,catalogue,cpu,cpu,shipping,orders,33.72752487754765,50.99963599825664,33.72752487754765,50.99963599825664,17.272111120708992,17.272111120708992
catalogue_cpu,catalogue,cpu,cpu,shipping,payment,33.68865555497407,50.9819290754398,33.68865555497407,50.9819290754398,17.293273520465732,17.293273520465732
catalogue_cpu,catalogue,cpu,mem,front-end,user,3.474914880361748,3.6922162349723746,3.475813694428883,3.651335627054417,0.2173013546106266,0.17552193262553395
catalogue_cpu,catalogue,cpu,mem,front-end,carts,3.474914880361748,3.6922162349723746,3.4749747641828908,3.633129914716155,0.2173013546106266,0.15815515053326434
catalogue_cpu,catalogue,cpu,mem,front-end,orders,3.474914880361748,3.6922162349723746,3.475813694428883,3.651335627054417,0.2173013546106266,0.17552193262553395
catalogue_cpu,catalogue,cpu,mem,front-end,payment,3.474914880361748,3.6922162349723746,3.475813694428883,3.651335627054417,0.2173013546106266,0.17552193262553395
catalogue_cpu,catalogue,cpu,mem,front-end,shipping,3.474914880361748,3.6922162349723746,3.475813694428883,3.651335627054417,0.2173013546106266,0.17552193262553395
catalogue_cpu,catalogue,cpu,mem,user,front-end,0.695392246093315,1.057022601611106,0.695392246093315,1.057022601611106,0.361630355517791,0.361630355517791
catalogue_cpu,catalogue,cpu,mem,user,carts,0.695392246093315,1.057022601611106,0.695392246093315,1.057022601611106,0.361630355517791,0.361630355517791
catalogue_cpu,catalogue,cpu,mem,user,orders,0.695392246093315,1.057022601611106,0.6848173526989977,0.9873866668913169,0.361630355517791,0.30256931419231925
catalogue_cpu,catalogue,cpu,mem,user,payment,0.695392246093315,1.057022601611106,0.6293520566834716,0.5823261563988703,0.361630355517791,-0.047025900284601296
catalogue_cpu,catalogue,cpu,mem,user,shipping,0.695392246093315,1.057022601611106,0.5664879426996823,1.3574383482860826,0.361630355517791,0.7909504055864003
catalogue_cpu,catalogue,cpu,mem,carts,front-end,0.23020119331146383,0.9745924007292677,0.22978062007659475,0.9745863829697345,0.7443912074178038,0.7448057628931398
catalogue_cpu,catalogue,cpu,mem,carts,user,0.23020119331146383,0.9745924007292677,0.23020119331146383,0.9745924007292677,0.7443912074178038,0.7443912074178038
catalogue_cpu,catalogue,cpu,mem,carts,orders,0.23020119331146383,0.9745924007292677,0.23020119331146383,0.9745924007292677,0.7443912074178038,0.7443912074178038
catalogue_cpu,catalogue,cpu,mem,carts,payment,0.23020119331146383,0.9745924007292677,0.23020119331146383,0.9745924007292677,0.7443912074178038,0.7443912074178038
catalogue_cpu,catalogue,cpu,mem,carts,shipping,0.23020119331146383,0.9745924007292677,0.23020119331146383,0.9745924007292677,0.7443912074178038,0.7443912074178038
catalogue_cpu,catalogue,cpu,mem,orders,front-end,0.0434338395511887,0.08483284435190125,0.04342358311597473,0.08508254183705467,0.04139900480071255,0.04165895872107994
catalogue_cpu,catalogue,cpu,mem,orders,user,0.0434338395511887,0.08483284435190125,0.04149417255263643,0.08007195154337808,0.04139900480071255,0.03857777899074165
catalogue_cpu,catalogue,cpu,mem,orders,carts,0.0434338395511887,0.08483284435190125,0.04342358311597473,0.08508254183705467,0.04139900480071255,0.04165895872107994
catalogue_cpu,catalogue,cpu,mem,orders,payment,0.0434338395511887,0.08483284435190125,0.04342358311597473,0.08508254183705467,0.04139900480071255,0.04165895872107994
catalogue_cpu,catalogue,cpu,mem,orders,shipping,0.0434338395511887,0.08483284435190125,0.03164438086618141,0.1419898733453062,0.04139900480071255,0.11034549247912478
catalogue_cpu,catalogue,cpu,mem,payment,front-end,0.30231313679916916,0.8396259985280075,0.3001144753792592,0.8369098128910765,0.5373128617288383,0.5367953375118173
catalogue_cpu,catalogue,cpu,mem,payment,user,0.30231313679916916,0.8396259985280075,0.22509229651541643,0.4886351482592269,0.5373128617288383,0.2635428517438104
catalogue_cpu,catalogue,cpu,mem,payment,carts,0.30231313679916916,0.8396259985280075,0.3001144753792592,0.8369098128910765,0.5373128617288383,0.5367953375118173
catalogue_cpu,catalogue,cpu,mem,payment,orders,0.30231313679916916,0.8396259985280075,0.3001144753792592,0.8369098128910765,0.5373128617288383,0.5367953375118173
catalogue_cpu,catalogue,cpu,mem,payment,shipping,0.30231313679916916,0.8396259985280075,0.2825299604494269,0.8609069479632194,0.5373128617288383,0.5783769875137925
catalogue_cpu,catalogue,cpu,mem,shipping,front-end,0.022218084622699363,0.05385995316659497,0.022067781736730154,0.05355281019745543,0.031641868543895606,0.031485028460725276
catalogue_cpu,catalogue,cpu,mem,shipping,user,0.022218084622699363,0.05385995316659497,0.02166018350984824,0.06708334792123519,0.031641868543895606,0.04542316441138695
catalogue_cpu,catalogue,cpu,mem,shipping,carts,0.022218084622699363,0.05385995316659497,0.022067781736730154,0.05355281019745543,0.031641868543895606,0.031485028460725276
catalogue_cpu,catalogue,cpu,mem,shipping,orders,0.022218084622699363,0.05385995316659497,0.01801906258780032,0.08438436495548503,0.031641868543895606,0.0663653023676847
catalogue_cpu,catalogue,cpu,mem,shipping,payment,0.022218084622699363,0.05385995316659497,0.022429474356613816,0.05734120689985499,0.031641868543895606,0.034911732543241175
catalogue_delay,catalogue,delay,cpu,front-end,user,9.817176347221787,8.131707639674321,9.817531576955542,8.100232033407584,-1.6854687075474661,-1.7172995435479574
catalogue_delay,catalogue,delay,cpu,front-end,carts,9.817176347221787,8.131707639674321,9.818564982791752,8.158126711984421,-1.6854687075474661,-1.6604382708073313
catalogue_delay,catalogue,delay,cpu,front-end,orders,9.817176347221787,8.131707639674321,9.648008319650735,8.159057987176462,-1.6854687075474661,-1.488950332474273
catalogue_delay,catalogue,delay,cpu,front-end,payment,9.817176347221787,8.131707639674321,9.824801794148708,8.159415292093188,-1.6854687075474661,-1.6653865020555205
catalogue_delay,catalogue,delay,cpu,front-end,shipping,9.817176347221787,8.131707639674321,9.787261758867425,8.145202248789667,-1.6854687075474661,-1.6420595100777575
catalogue_delay,catalogue,delay,cpu,user,front-end,6.614378392213849,8.285716649477543,6.740775252026103,8.573766851908875,1.6713382572636934,1.8329915998827717
catalogue_delay,catalogue,delay,cpu,user,carts,6.614378392213849,8.285716649477543,6.812013091734262,8.62368318304068,1.6713382572636934,1.811670091306417
catalogue_delay,catalogue,delay,cpu,user,orders,6.614378392213849,8.285716649477543,6.630892096781372,8.267206156151648,1.6713382572636934,1.6363140593702763
catalogue_delay,catalogue,delay,cpu,user,payment,6.614378392213849,8.285716649477543,6.519485234813399,8.859678247011527,1.6713382572636934,2.340193012198127
catalogue_delay,catalogue,delay,cpu,user,shipping,6.614378392213849,8.285716649477543,6.810193274805862,8.628221434327193,1.6713382572636934,1.8180281595213312
catalogue_delay,catalogue,delay,cpu,carts,front-end,6.457908378204426,6.953353131341224,6.6670918217039885,7.083340584316783,0.49544475313679825,0.41624876261279464
catalogue_delay,catalogue,delay,cpu,carts,user,6.457908378204426,6.953353131341224,6.6618272605279305,7.063460604187168,0.49544475313679825,0.4016333436592374
catalogue_delay,catalogue,delay,cpu,carts,orders,6.457908378204426,6.953353131341224,6.679325691797096,7.060141104245946,0.49544475313679825,0.3808154124488503
catalogue_delay,catalogue,delay,cpu,carts,payment,6.457908378204426,6.953353131341224,6.660632706756477,7.20629386931538,0.49544475313679825,0.5456611625589032
catalogue_delay,catalogue,delay,cpu,carts,shipping,6.457908378204426,6.953353131341224,6.656088045941461,7.133395467348075,0.49544475313679825,0.4773074214066142
catalogue_delay,catalogue,delay,cpu,orders,front-end,8.93959651484426,9.86721124350569,8.810219520062757,10.179903657121212,0.92761472866143,1.3696841370584547
catalogue_delay,catalogue,delay,cpu,orders,user,8.93959651484426,9.86721124350569,8.781465673790091,9.467356946016043,0.92761472866143,0.6858912722259518
catalogue_delay,catalogue,delay,cpu,orders,carts,8.93959651484426,9.86721124350569,8.983701319600303,9.978432713804489,0.92761472866143,0.9947313942041855
catalogue_delay,catalogue,delay,cpu,orders,payment,8.93959651484426,9.86721124350569,8.908006050220587,9.975254689617438,0.92761472866143,1.0672486393968512
catalogue_delay,catalogue,delay,cpu,orders,shipping,8.93959651484426,9.86721124350569,8.990091702780008,9.951028769015105,0.92761472866143,0.9609370662350969
catalogue_delay,catalogue,delay,cpu,payment,front-end,8.359256663355277,10.64495574377047,8.36178219777359,10.643734352711528,2.2856990804151938,2.2819521549379385
catalogue_delay,catalogue,delay,cpu,payment,user,8.359256663355277,10.64495574377047,8.132505355042204,10.815690139397061,2.2856990804151938,2.6831847843548573
catalogue_delay,catalogue,delay,cpu,payment,carts,8.359256663355277,10.64495574377047,8.373978077060222,10.635920154538303,2.2856990804151938,2.2619420774780803
catalogue_delay,catalogue,delay,cpu,payment,orders,8.359256663355277,10.64495574377047,8.319140083875407,10.638132361705367,2.2856990804151938,2.3189922778299596
catalogue_delay,catalogue,delay,cpu,payment,shipping,8.359256663355277,10.64495574377047,8.383068828466977,10.93157591805346,2.2856990804151938,2.548507089586483
catalogue_delay,catalogue,delay,cpu,shipping,front-end,7.408152203688012,12.89009270707265,7.423663028431488,12.93668317907197,5.481940503384639,5.513020150640482
catalogue_delay,catalogue,delay,cpu,shipping,user,7.408152203688012,12.89009270707265,7.4256803076464015,12.911517743119816,5.481940503384639,5.485837435473415
catalogue_delay,catalogue,delay,cpu,shipping,carts,7.408152203688012,12.89009270707265,7.429583288383785,12.873299063977825,5.481940503384639,5.44371577559404
catalogue_delay,catalogue,delay,cpu,shipping,orders,7.408152203688012,12.89009270707265,7.4256803076464015,12.911517743119816,5.481940503384639,5.485837435473415
catalogue_delay,catalogue,delay,cpu,shipping,payment,7.408152203688012,12.89009270707265,7.233324785469455,12.845807102420729,5.481940503384639,5.612482316951273
catalogue_delay,catalogue,delay,mem,front-end,user,5.385349273852044,3.295219169218039,5.404939806091007,3.2761900162448314,-2.090130104634005,-2.1287497898461756
catalogue_delay,catalogue,delay,mem,front-end,carts,5.385349273852044,3.295219169218039,5.404939806091007,3.2761900162448314,-2.090130104634005,-2.1287497898461756
catalogue_delay,catalogue,delay,mem,front-end,orders,5.385349273852044,3.295219169218039,5.404939806091007,3.2761900162448314,-2.090130104634005,-2.1287497898461756
catalogue_delay,catalogue,delay,mem,front-end,payment,5.385349273852044,3.295219169218039,5.355825482318635,3.2287263599986424,-2.090130104634005,-2.1270991223199927
catalogue_delay,catalogue,delay,mem,front-end,shipping,5.385349273852044,3.295219169218039,5.404939806091007,3.2761900162448314,-2.090130104634005,-2.1287497898461756
catalogue_delay,catalogue,delay,mem,user,front-end,0.13033486846773942,0.1723568892127024,0.12863281961665063,0.16395137455109435,0.04202202074496297,0.03531855493444372
catalogue_delay,catalogue,delay,mem,user,carts,0.13033486846773942,0.1723568892127024,0.11679103285337745,0.10428215058742638,0.04202202074496297,-0.01250888226595108
catalogue_delay,catalogue,delay,mem,user,orders,0.13033486846773942,0.1723568892127024,0.12845645597141872,0.15955595403613534,0.04202202074496297,0.031099498064716624
catalogue_delay,catalogue,delay,mem,user,payment,0.13033486846773942,0.1723568892127024,0.12800348645394974,0.17040205994470725,0.04202202074496297,0.04239857349075751
catalogue_delay,catalogue,delay,mem,user,shipping,0.13033486846773942,0.1723568892127024,0.12708322755719031,0.7466771695481801,0.04202202074496297,0.6195939419909897
catalogue_delay,catalogue,delay,mem,carts,front-end,0.02076225352083218,0.04230615375960271,0.02076225352083218,0.04230615375960271,0.021543900238770532,0.021543900238770532
catalogue_delay,catalogue,delay,mem,carts,user,0.02076225352083218,0.04230615375960271,0.01799988415973041,0.032673204340485734,0.021543900238770532,0.014673320180755324
catalogue_delay,catalogue,delay,mem,carts,orders,0.02076225352083218,0.04230615375960271,0.02068716337610541,0.04176517499876772,0.021543900238770532,0.021078011622662315
catalogue_delay,catalogue,delay,mem,carts,payment,0.02076225352083218,0.04230615375960271,0.020770606867881004,0.042780539996530864,0.021543900238770532,0.02200993312864986
catalogue_delay,catalogue,delay,mem,carts,shipping,0.02076225352083218,0.04230615375960271,0.01897728646021974,0.15936428446292725,0.021543900238770532,0.1403869980027075
catalogue_delay,catalogue,delay,mem,orders,front-end,0.007348541852413293,0.00890595475686996,0.007426368866102208,0.008911749315228578,0.0015574129044566669,0.0014853804491263695
catalogue_delay,catalogue,delay,mem,orders,user,0.007348541852413293,0.00890595475686996,0.007428071733730945,0.00940114885619753,0.0015574129044566669,0.001973077122466584
catalogue_delay,catalogue,delay,mem,orders,carts,0.007348541852413293,0.00890595475686996,0.00734925124125648,0.00916062981664602,0.0015574129044566669,0.0018113785753895396
catalogue_delay,catalogue,delay,mem,orders,payment,0.007348541852413293,0.00890595475686996,0.007170559146474829,0.009114096299113326,0.0015574129044566669,0.0019435371526384977
catalogue_delay,catalogue,delay,mem,orders,shipping,0.007348541852413293,0.00890595475686996,0.0072700540867663066,0.02374577595505797,0.0015574129044566669,0.016475721868291663
catalogue_delay,catalogue,delay,mem,payment,front-end,0.11811955189109746,0.28242926147903896,0.1267384612294748,0.2772207475131795,0.1643097095879415,0.1504822862837047
catalogue_delay,catalogue,delay,mem,payment,user,0.11811955189109746,0.28242926147903896,0.11275029313481187,0.2603666608245387,0.1643097095879415,0.1476163676897268
catalogue_delay,catalogue,delay,mem,payment,carts,0.11811955189109746,0.28242926147903896,0.11823469063869782,0.2653811810506845,0.1643097095879415,0.14714649041198666
catalogue_delay,catalogue,delay,mem,payment,orders,0.11811955189109746,0.28242926147903896,0.12583088936004133,0.28955179009902204,0.1643097095879415,0.1637209007389807
catalogue_delay,catalogue,delay,mem,payment,shipping,0.11811955189109746,0.28242926147903896,0.11700527302692006,0.3454622244432539,0.1643097095879415,0.22845695141633388
catalogue_delay,catalogue,delay,mem,shipping,front-end,0.0008084092771850575,0.018134641761465307,0.000773282343401007,0.018122082332847244,0.01732623248428025,0.01734879998944624
catalogue_delay,catalogue,delay,mem,shipping,user,0.0008084092771850575,0.018134641761465307,0.0008223919367840094,0.01827877037481581,0.01732623248428025,0.0174563784380318
catalogue_delay,catalogue,delay,mem,shipping,carts,0.0008084092771850575,0.018134641761465307,0.0008253868603108204,0.018519328800268176,0.01732623248428025,0.017693941939957356
catalogue_delay,catalogue,delay,mem,shipping,orders,0.0008084092771850575,0.018134641761465307,0.0008210373325706944,0.018177764374028703,0.01732623248428025,0.01735672704145801
catalogue_delay,catalogue,delay,mem,shipping,payment,0.0008084092771850575,0.018134641761465307,0.0007800867384980969,0.018116670956649195,0.01732623248428025,0.0173365842181511
catalogue_delay,catalogue,delay,cpu,front-end,user,8.912959064313817,7.73184045920917,8.992530822761061,7.897155692890505,-1.181118605104647,-1.0953751298705567
catalogue_delay,catalogue,delay,cpu,front-end,carts,8.912959064313817,7.73184045920917,8.99139939528237,7.892565163436957,-1.181118605104647,-1.0988342318454132
catalogue_delay,catalogue,delay,cpu,front-end,orders,8.912959064313817,7.73184045920917,8.992530822761061,7.897155692890505,-1.181118605104647,-1.0953751298705567
catalogue_delay,catalogue,delay,cpu,front-end,payment,8.912959064313817,7.73184045920917,8.992530822761061,7.897155692890505,-1.181118605104647,-1.0953751298705567
catalogue_delay,catalogue,delay,cpu,front-end,shipping,8.912959064313817,7.73184045920917,8.992530822761061,7.897155692890505,-1.181118605104647,-1.0953751298705567
catalogue_delay,catalogue,delay,cpu,user,front-end,8.464548673147345,8.41143075735269,8.478744404343473,8.410794309672507,-0.053117915794654635,-0.06795009467096591
catalogue_delay,catalogue,delay,cpu,user,carts,8.464548673147345,8.49176654873942,8.305343747509289,8.546373473132544,0.027217875592075558,0.24102972562325498
catalogue_delay,catalogue,delay,cpu,user,orders,8.464548673147345,8.49176654873942,8.476237983174641,8.479663113820783,0.027217875592075558,0.003425130646141028
catalogue_delay,catalogue,delay,cpu,user,payment,8.464548673147345,8.49176654873942,8.107248733347285,7.8912189718967545,0.027217875592075558,-0.21602976145053088
catalogue_delay,catalogue,delay,cpu,user,shipping,8.464548673147345,8.49176654873942,8.094517558791274,8.52098837292658,0.027217875592075558,0.4264708141353051
catalogue_delay,catalogue,delay,cpu,carts,front-end,8.936859486797262,8.743358717065156,9.039767101004923,8.78530589168376,-0.19350076973210584,-0.25446120932116223
catalogue_delay,catalogue,delay,cpu,carts,user,8.936859486797262,8.745692644541892,8.996364297134663,8.89649868074013,-0.19116684225537028,-0.09986561639453306
catalogue_delay,catalogue,delay,cpu,carts,orders,8.936859486797262,8.745692644541892,9.02732545762963,8.814011565008624,-0.19116684225537028,-0.21331389262100586
catalogue_delay,catalogue,delay,cpu,carts,payment,8.936859486797262,8.745692644541892,9.037912445216863,8.790834569796983,-0.19116684225537028,-0.2470778754198797
catalogue_delay,catalogue,delay,cpu,carts,shipping,8.936859486797262,8.745692644541892,8.908038444251067,8.921265975906223,-0.19116684225537028,0.013227531655156
catalogue_delay,catalogue,delay,cpu,orders,front-end,52.93249212726599,64.53119572344428,52.93249212726599,64.53119572344428,11.598703596178296,11.598703596178296
catalogue_delay,catalogue,delay,cpu,orders,user,52.93249212726599,64.53036206759863,52.58999524408847,63.09069068838967,11.597869940332643,10.5006954443012
catalogue_delay,catalogue,delay,cpu,orders,carts,52.93249212726599,64.53036206759863,52.81386809019024,65.65766771838727,11.597869940332643,12.843799628197033
catalogue_delay,catalogue,delay,cpu,orders,payment,52.93249212726599,64.53036206759863,52.2945892901283,61.785237130793305,11.597869940332643,9.490647840665005
catalogue_delay,catalogue,delay,cpu,orders,shipping,52.93249212726599,64.53036206759863,41.94206777606802,50.25707034637665,11.597869940332643,8.315002570308629
catalogue_delay,catalogue,delay,cpu,payment,front-end,8.05267840381107,7.993063921221172,8.052791813002196,7.926517264682609,-0.05961448258989854,-0.1262745483195875
catalogue_delay,catalogue,delay,cpu,payment,user,8.05267840381107,8.047893745905688,7.871836036498246,7.590437197857851,-0.004784657905382517,-0.2813988386403956
catalogue_delay,catalogue,delay,cpu,payment,carts,8.05267840381107,8.047893745905688,8.052791813002196,7.9826348611537545,-0.004784657905382517,-0.07015695184844173
catalogue_delay,catalogue,delay,cpu,payment,orders,8.05267840381107,8.047893745905688,8.044966540231583,7.984295527137193,-0.004784657905382517,-0.060671013094389714
catalogue_delay,catalogue,delay,cpu,payment,shipping,8.05267840381107,8.047893745905688,7.660040495934808,8.48011329088234,-0.004784657905382517,0.8200727949475315
catalogue_delay,catalogue,delay,cpu,shipping,front-end,44.32638551040847,43.94560573829248,44.810527113046106,46.07304720683978,-0.3807797721159929,1.2625200937936754
catalogue_delay,catalogue,delay,cpu,shipping,user,44.32638551040847,43.9459794209387,43.898025025902285,42.27693307074526,-0.3804060894697727,-1.621091955157027
catalogue_delay,catalogue,delay,cpu,shipping,carts,44.32638551040847,43.9459794209387,44.031845385212215,49.921542400658076,-0.3804060894697727,5.889697015445861
catalogue_delay,catalogue,delay,cpu,shipping,orders,44.32638551040847,43.9459794209387,40.46801540088668,37.731202941519186,-0.3804060894697727,-2.736812459367492
catalogue_delay,catalogue,delay,cpu,shipping,payment,44.32638551040847,43.9459794209387,44.769022944764885,45.15840369738102,-0.3804060894697727,0.3893807526161339
catalogue_delay,catalogue,delay,mem,front-end,user,3.5514459910790532,3.624083248020142,3.5514459910790532,3.624083248020142,0.07263725694108869,0.07263725694108869
catalogue_delay,catalogue,delay,mem,front-end,carts,3.5514459910790532,3.624083248020142,3.576138072986711,3.638960290894567,0.07263725694108869,0.06282221790785592
catalogue_delay,catalogue,delay,mem,front-end,orders,3.5514459910790532,3.624083248020142,3.5514459910790532,3.624083248020142,0.07263725694108869,0.07263725694108869
catalogue_delay,catalogue,delay,mem,front-end,payment,3.5514459910790532,3.624083248020142,3.529812388372459,3.6556042654891145,0.07263725694108869,0.12579187711665574
catalogue_delay,catalogue,delay,mem,front-end,shipping,3.5514459910790532,3.624083248020142,3.515499715986853,3.692889529195744,0.07263725694108869,0.17738981320889113
catalogue_delay,catalogue,delay,mem,user,front-end,0.4847380960128503,0.7096520897767504,0.4892999629368515,0.6922092713548528,0.22491399376390014,0.20290930841800126
catalogue_delay,catalogue,delay,mem,user,carts,0.4847380960128503,0.7096520897767504,0.4644463411029814,0.5317445618656332,0.22491399376390014,0.06729822076265185
catalogue_delay,catalogue,delay,mem,user,orders,0.4847380960128503,0.7096520897767504,0.4892999629368515,0.6922092713548528,0.22491399376390014,0.20290930841800126
catalogue_delay,catalogue,delay,mem,user,payment,0.4847380960128503,0.7096520897767504,0.4892999629368515,0.6922092713548528,0.22491399376390014,0.20290930841800126
catalogue_delay,catalogue,delay,mem,user,shipping,0.4847380960128503,0.7096520897767504,0.4847924408430463,0.5972644222045658,0.22491399376390014,0.11247198136151948
catalogue_delay,catalogue,delay,mem,carts,front-end,0.013470331568532438,0.016781909322745484,0.013458819284873531,0.016570006628905197,0.0033115777542130458,0.0031111873440316656
catalogue_delay,catalogue,delay,mem,carts,user,0.013470331568532438,0.016781909322745484,0.010950063002138005,0.007893790281258611,0.0033115777542130458,-0.003056272720879393
catalogue_delay,catalogue,delay,mem,carts,orders,0.013470331568532438,0.016781909322745484,0.013470331568532438,0.016781909322745484,0.0033115777542130458,0.0033115777542130458
catalogue_delay,catalogue,delay,mem,carts,payment,0.013470331568532438,0.016781909322745484,0.013470331568532438,0.016781909322745484,0.0033115777542130458,0.0033115777542130458
catalogue_delay,catalogue,delay,mem,carts,shipping,0.013470331568532438,0.016781909322745484,0.01125627106114951,0.005874914846651495,0.0033115777542130458,-0.005381356214498016
catalogue_delay,catalogue,delay,mem,orders,front-end,0.054970018122173246,0.1263532375710356,0.054970018122173246,0.1263532375710356,0.07138321944886233,0.07138321944886233
catalogue_delay,catalogue,delay,mem,orders,user,0.054970018122173246,0.1263532375710356,0.054970018122173246,0.1263532375710356,0.07138321944886233,0.07138321944886233
catalogue_delay,catalogue,delay,mem,orders,carts,0.054970018122173246,0.1263532375710356,0.054970018122173246,0.1263532375710356,0.07138321944886233,0.07138321944886233
catalogue_delay,catalogue,delay,mem,orders,payment,0.054970018122173246,0.1263532375710356,0.038116590927068546,0.13851386555107656,0.07138321944886233,0.10039727462400802
catalogue_delay,catalogue,delay,mem,orders,shipping,0.054970018122173246,0.1263532375710356,0.054970018122173246,0.1263532375710356,0.07138321944886233,0.07138321944886233
catalogue_delay,catalogue,delay,mem,payment,front-end,0.22730492900115146,0.22754465878801045,0.23006988006921622,0.2229256868204545,0.00023972978685898871,-0.007144193248761727
catalogue_delay,catalogue,delay,mem,payment,user,0.22730492900115146,0.22754465878801045,0.22643726080585247,0.22427029442416402,0.00023972978685898871,-0.002166966381688451
catalogue_delay,catalogue,delay,mem,payment,carts,0.22730492900115146,0.22754465878801045,0.22643726080585247,0.22427029442416402,0.00023972978685898871,-0.002166966381688451
catalogue_delay,catalogue,delay,mem,payment,orders,0.22730492900115146,0.22754465878801045,0.20208758126764506,0.6179010361048886,0.00023972978685898871,0.4158134548372435
catalogue_delay,catalogue,delay,mem,payment,shipping,0.22730492900115146,0.22754465878801045,0.22643726080585247,0.22427029442416402,0.00023972978685898871,-0.002166966381688451
catalogue_delay,catalogue,delay,mem,shipping,front-end,0.03646698200794952,0.06991946594394671,0.0365975814725759,0.06894915180696595,0.033452483935997195,0.032351570334390053
catalogue_delay,catalogue,delay,mem,shipping,user,0.03646698200794952,0.06991946594394671,0.03534790638498606,0.06307402862641717,0.033452483935997195,0.02772612224143111
catalogue_delay,catalogue,delay,mem,shipping,carts,0.03646698200794952,0.06991946594394671,0.032408563476291466,0.051606105905842574,0.033452483935997195,0.019197542429551108
catalogue_delay,catalogue,delay,mem,shipping,orders,0.03646698200794952,0.06991946594394671,0.03646698200794952,0.06991946594394671,0.033452483935997195,0.033452483935997195
catalogue_delay,catalogue,delay,mem,shipping,payment,0.03646698200794952,0.06991946594394671,0.03646698200794952,0.06991946594394671,0.033452483935997195,0.033452483935997195
catalogue_delay,catalogue,delay,cpu,front-end,user,9.118277268852356,12.937117646877342,9.042452621224589,11.610905801129217,3.8188403780249853,2.568453179904628
catalogue_delay,catalogue,delay,cpu,front-end,carts,9.118277268852356,12.937117646877342,9.061813970535265,12.976216863532791,3.8188403780249853,3.9144028929975256
catalogue_delay,catalogue,delay,cpu,front-end,orders,9.118277268852356,12.937117646877342,9.103524971507358,12.816177793455866,3.8188403780249853,3.7126528219485078
catalogue_delay,catalogue,delay,cpu,front-end,payment,9.118277268852356,12.937117646877342,9.118277268852356,12.937117646877342,3.8188403780249853,3.8188403780249853
catalogue_delay,catalogue,delay,cpu,front-end,shipping,9.118277268852356,12.937117646877342,9.118277268852356,12.937117646877342,3.8188403780249853,3.8188403780249853
catalogue_delay,catalogue,delay,cpu,user,front-end,6.364722664366569,141.83994047142713,6.349736025681682,138.90363608483915,135.47521780706055,132.55390005915746
catalogue_delay,catalogue,delay,cpu,user,carts,6.364722664366569,141.83994047142713,6.364722664366569,141.83994047142713,135.47521780706055,135.47521780706055
catalogue_delay,catalogue,delay,cpu,user,orders,6.364722664366569,141.83994047142713,6.364722664366569,141.83994047142713,135.47521780706055,135.47521780706055
catalogue_delay,catalogue,delay,cpu,user,payment,6.364722664366569,141.83994047142713,6.219044469831994,134.30606761599918,135.47521780706055,128.08702314616718
catalogue_delay,catalogue,delay,cpu,user,shipping,6.364722664366569,141.83994047142713,6.364722664366569,141.83994047142713,135.47521780706055,135.47521780706055
catalogue_delay,catalogue,delay,cpu,carts,front-end,44.84526705012881,337.96591272280307,45.11505826169906,391.3426359014848,293.12064567267424,346.22757763978575
catalogue_delay,catalogue,delay,cpu,carts,user,44.84526705012881,337.96591272280307,45.14333550870232,409.84721730999024,293.12064567267424,364.70388180128793
catalogue_delay,catalogue,delay,cpu,carts,orders,44.84526705012881,337.96591272280307,31.081517360225362,212.22715208911555,293.12064567267424,181.14563472889017
catalogue_delay,catalogue,delay,cpu,carts,payment,44.84526705012881,337.96591272280307,45.14333550870232,409.84721730999024,293.12064567267424,364.70388180128793
catalogue_delay,catalogue,delay,cpu,carts,shipping,44.84526705012881,337.96591272280307,44.52675373944694,327.24814892520516,293.12064567267424,282.72139518575824
catalogue_delay,catalogue,delay,cpu,orders,front-end,45.08618110750196,330.2871207420717,45.025943505114306,307.12117665897244,285.20093963456975,262.09523315385815
catalogue_delay,catalogue,delay,cpu,orders,user,45.08618110750196,330.2871207420717,45.08618110750196,330.2871207420717,285.20093963456975,285.20093963456975
catalogue_delay,catalogue,delay,cpu,orders,carts,45.08618110750196,330.2871207420717,32.30640942325003,75.69720173868927,285.20093963456975,43.39079231543924
catalogue_delay,catalogue,delay,cpu,orders,payment,45.08618110750196,330.2871207420717,45.08618110750196,330.2871207420717,285.20093963456975,285.20093963456975
catalogue_delay,catalogue,delay,cpu,orders,shipping,45.08618110750196,330.2871207420717,41.38475972770787,203.8920892107261,285.20093963456975,162.50732948301822
catalogue_delay,catalogue,delay,cpu,payment,front-end,16.921598586717785,17.057834842196637,17.0084839649702,19.403361820610574,0.13623625547885254,2.394877855640374
catalogue_delay,catalogue,delay,cpu,payment,user,16.921598586717785,17.057834842196637,16.399247354486896,10.067581227279726,0.13623625547885254,-6.3316661272071695
catalogue_delay,catalogue,delay,cpu,payment,carts,16.921598586717785,17.057834842196637,17.0084839649702,19.403361820610574,0.13623625547885254,2.394877855640374
catalogue_delay,catalogue,delay,cpu,payment,orders,16.921598586717785,17.057834842196637,17.0084839649702,19.403361820610574,0.13623625547885254,2.394877855640374
catalogue_delay,catalogue,delay,cpu,payment,shipping,16.921598586717785,17.057834842196637,17.0084839649702,19.403361820610574,0.13623625547885254,2.394877855640374
catalogue_delay,catalogue,delay,cpu,shipping,front-end,51.498804841589184,170.9371665324218,51.498804841589184,170.9371665324218,119.43836169083261,119.43836169083261
catalogue_delay,catalogue,delay,cpu,shipping,user,51.498804841589184,170.9371665324218,51.498804841589184,170.9371665324218,119.43836169083261,119.43836169083261
catalogue_delay,catalogue,delay,cpu,shipping,carts,51.498804841589184,170.9371665324218,48.660408558262446,107.80451041130144,119.43836169083261,59.14410185303899
catalogue_delay,catalogue,delay,cpu,shipping,orders,51.498804841589184,170.9371665324218,41.12760090554188,104.98476575097662,119.43836169083261,63.85716484543474
catalogue_delay,catalogue,delay,cpu,shipping,payment,51.498804841589184,170.9371665324218,51.498804841589184,170.9371665324218,119.43836169083261,119.43836169083261
catalogue_delay,catalogue,delay,mem,front-end,user,7.895596123339324,11.161993606121406,5.8998684351707755,16.46798088020365,3.2663974827820823,10.568112445032876
catalogue_delay,catalogue,delay,mem,front-end,carts,7.895596123339324,11.161993606121406,5.691088202734517,11.045832523308077,3.2663974827820823,5.35474432057356
catalogue_delay,catalogue,delay,mem,front-end,orders,7.895596123339324,11.161993606121406,6.1034747385433334,10.320026859120343,3.2663974827820823,4.21655212057701
catalogue_delay,catalogue,delay,mem,front-end,payment,7.895596123339324,11.161993606121406,7.713955839617594,10.430464334027615,3.2663974827820823,2.7165084944100215
catalogue_delay,catalogue,delay,mem,front-end,shipping,7.895596123339324,11.161993606121406,5.07488896158281,10.222422752916925,3.2663974827820823,5.147533791334115
catalogue_delay,catalogue,delay,mem,user,front-end,6.72776276736026,8.763311755796446,6.7601123243970465,16.306089585423372,2.0355489884361857,9.545977261026326
catalogue_delay,catalogue,delay,mem,user,carts,6.72776276736026,8.763311755796446,3.298378056757011,8.867570193350494,2.0355489884361857,5.5691921365934824
catalogue_delay,catalogue,delay,mem,user,orders,6.72776276736026,8.763311755796446,7.069613243787,10.807604553357857,2.0355489884361857,3.737991309570857
catalogue_delay,catalogue,delay,mem,user,payment,6.72776276736026,8.763311755796446,7.265368355175463,15.063021585810606,2.0355489884361857,7.797653230635143
catalogue_delay,catalogue,delay,mem,user,shipping,6.72776276736026,8.763311755796446,6.681644465270234,11.246878563891752,2.0355489884361857,4.565234098621517
catalogue_delay,catalogue,delay,mem,carts,front-end,3.9296837351200264,1.6921207961497777,3.9916085067968767,8.280805980905786,-2.2375629389702487,4.289197474108909
catalogue_delay,catalogue,delay,mem,carts,user,3.9296837351200264,1.6921207961497777,2.3968160824095213,6.528045699587211,-2.2375629389702487,4.13122961717769
catalogue_delay,catalogue,delay,mem,carts,orders,3.9296837351200264,1.6921207961497777,3.550454366689778,1.5209719747737729,-2.2375629389702487,-2.029482391916005
catalogue_delay,catalogue,delay,mem,carts,payment,3.9296837351200264,1.6921207961497777,5.885468046549929,6.272380748390416,-2.2375629389702487,0.38691270184048765
catalogue_delay,catalogue,delay,mem,carts,shipping,3.9296837351200264,1.6921207961497777,3.3375185282762745,1.8397060105684464,-2.2375629389702487,-1.497812517707828
catalogue_delay,catalogue,delay,mem,orders,front-end,9.170482922553337,3.947295863132057,4.373098287416786,15.644713755175795,-5.22318705942128,11.271615467759009
catalogue_delay,catalogue,delay,mem,orders,user,9.170482922553337,3.947295863132057,6.079501223864057,11.032825668583786,-5.22318705942128,4.95332444471973
catalogue_delay,catalogue,delay,mem,orders,carts,9.170482922553337,3.947295863132057,6.225467930251416,4.345105869324396,-5.22318705942128,-1.8803620609270206
catalogue_delay,catalogue,delay,mem,orders,payment,9.170482922553337,3.947295863132057,9.176282583234519,4.225189035088108,-5.22318705942128,-4.951093548146411
catalogue_delay,catalogue,delay,mem,orders,shipping,9.170482922553337,3.947295863132057,1.4549291341963553,0.1672188836307559,-5.22318705942128,-1.2877102505655993
catalogue_delay,catalogue,delay,mem,payment,front-end,8.284788972910274,8.83468272580341,8.621421700673851,10.221240173156735,0.5498937528931354,1.599818472482884
catalogue_delay,catalogue,delay,mem,payment,user,8.284788972910274,8.83468272580341,7.744966837794635,12.636045143633604,0.5498937528931354,4.891078305838969
catalogue_delay,catalogue,delay,mem,payment,carts,8.284788972910274,8.83468272580341,7.353307640344768,8.800892300968325,0.5498937528931354,1.4475846606235567
catalogue_delay,catalogue,delay,mem,payment,orders,8.284788972910274,8.83468272580341,8.329286000799422,8.800567131230357,0.5498937528931354,0.4712811304309348
catalogue_delay,catalogue,delay,mem,payment,shipping,8.284788972910274,8.83468272580341,8.544693392542428,8.563069302534446,0.5498937528931354,0.018375909992018435
catalogue_delay,catalogue,delay,mem,shipping,front-end,8.13339990403228,4.032836415722051,4.0193349969732015,16.65848371276296,-4.10056348831023,12.639148715789757
catalogue_delay,catalogue,delay,mem,shipping,user,8.13339990403228,4.032836415722051,5.176222477908051,11.873705182482109,-4.10056348831023,6.697482704574058
catalogue_delay,catalogue,delay,mem,shipping,carts,8.13339990403228,4.032836415722051,4.928822639175637,4.541181687775212,-4.10056348831023,-0.3876409514004253
catalogue_delay,catalogue,delay,mem,shipping,orders,8.13339990403228,4.032836415722051,1.4035098406168396,0.6860365379465991,-4.10056348831023,-0.7174733026702405
catalogue_delay,catalogue,delay,mem,shipping,payment,8.13339990403228,4.032836415722051,8.073447873799342,3.2069504510743014,-4.10056348831023,-4.866497422725041
catalogue_disk,catalogue,disk,cpu,front-end,user,12.820479069305266,10.254121658007561,9.749120623850832,10.014923565783784,-2.5663574112977052,0.26580294193295195
catalogue_disk,catalogue,disk,cpu,front-end,carts,12.820479069305266,10.254121658007561,9.180980798294339,10.917624197379174,-2.5663574112977052,1.7366433990848353
catalogue_disk,catalogue,disk,cpu,front-end,orders,12.820479069305266,10.254121658007561,10.53155610487146,10.353737334242313,-2.5663574112977052,-0.17781877062914653
catalogue_disk,catalogue,disk,cpu,front-end,payment,12.820479069305266,10.254121658007561,10.24630324940747,10.783320503658762,-2.5663574112977052,0.5370172542512925
catalogue_disk,catalogue,disk,cpu,front-end,shipping,12.820479069305266,10.254121658007561,10.489699732259158,11.526376639387959,-2.5663574112977052,1.0366769071288005
catalogue_disk,catalogue,disk,cpu,user,front-end,22.887874072841637,11.907194755987973,98.38895019929129,20.456869991490045,-10.980679316853664,-77.93208020780125
catalogue_disk,catalogue,disk,cpu,user,carts,22.887874072841637,11.907194755987973,23.589481227749985,12.350580459968036,-10.980679316853664,-11.23890076778195
catalogue_disk,catalogue,disk,cpu,user,orders,22.887874072841637,11.907194755987973,29.132519380754363,10.845161794910856,-10.980679316853664,-18.28735758584351
catalogue_disk,catalogue,disk,cpu,user,payment,22.887874072841637,11.907194755987973,58.63108300058805,13.2541656122666,-10.980679316853664,-45.376917388321445
catalogue_disk,catalogue,disk,cpu,user,shipping,22.887874072841637,11.907194755987973,42.858723858028355,16.722623695468293,-10.980679316853664,-26.136100162560062
catalogue_disk,catalogue,disk,cpu,carts,front-end,18.806737675442246,10.467784117367648,67.54778741105608,20.359063692414896,-8.338953558074598,-47.188723718641185
catalogue_disk,catalogue,disk,cpu,carts,user,18.806737675442246,10.467784117367648,25.318647564390872,11.314824919913013,-8.338953558074598,-14.003822644477859
catalogue_disk,catalogue,disk,cpu,carts,orders,18.806737675442246,10.467784117367648,38.65744788358621,10.678334465519248,-8.338953558074598,-27.97911341806696
catalogue_disk,catalogue,disk,cpu,carts,payment,18.806737675442246,10.467784117367648,55.230222262894976,14.338667154984316,-8.338953558074598,-40.89155510791066
catalogue_disk,catalogue,disk,cpu,carts,shipping,18.806737675442246,10.467784117367648,44.05845755010825,15.379801412331828,-8.338953558074598,-28.67865613777642
catalogue_disk,catalogue,disk,cpu,orders,front-end,31.05789509378184,14.103861415997274,62.04038807812078,22.45896824674461,-16.954033677784565,-39.58141983137617
catalogue_disk,catalogue,disk,cpu,orders,user,31.05789509378184,14.103861415997274,13.466300855311243,11.8836736113399,-16.954033677784565,-1.5826272439713431
catalogue_disk,catalogue,disk,cpu,orders,carts,31.05789509378184,14.103861415997274,23.766060904463636,12.498441208064355,-16.954033677784565,-11.267619696399281
catalogue_disk,catalogue,disk,cpu,orders,payment,31.05789509378184,14.103861415997274,34.701219910272776,17.300185558140296,-16.954033677784565,-17.40103435213248
catalogue_disk,catalogue,disk,cpu,orders,shipping,31.05789509378184,14.103861415997274,24.65385889987219,17.39318332888125,-16.954033677784565,-7.260675570990941
catalogue_disk,catalogue,disk,cpu,payment,front-end,16.58156110239189,11.682848475381359,22.17943048963848,14.92119033143267,-4.898712627010532,-7.25824015820581
catalogue_disk,catalogue,disk,cpu,payment,user,16.58156110239189,11.682848475381359,12.461524768020244,9.914397972497438,-4.898712627010532,-2.5471267955228054
catalogue_disk,catalogue,disk,cpu,payment,carts,16.58156110239189,11.682848475381359,15.451711604048764,11.139075068992934,-4.898712627010532,-4.31263653505583
catalogue_disk,catalogue,disk,cpu,payment,orders,16.58156110239189,11.682848475381359,13.52636342489258,11.70361464820742,-4.898712627010532,-1.8227487766851596
catalogue_disk,catalogue,disk,cpu,payment,shipping,16.58156110239189,11.682848475381359,14.621679226244396,12.47071436088072,-4.898712627010532,-2.150964865363676
catalogue_disk,catalogue,disk,cpu,shipping,front-end,13.417045742820907,12.940418437895291,18.810737894518535,16.50138527923053,-0.476627304925616,-2.309352615288006
catalogue_disk,catalogue,disk,cpu,shipping,user,13.417045742820907,12.940418437895291,8.451289074831935,11.556402028605879,-0.476627304925616,3.1051129537739435
catalogue_disk,catalogue,disk,cpu,shipping,carts,13.417045742820907,12.940418437895291,10.857280443636784,11.24859859398202,-0.476627304925616,0.39131815034523676
catalogue_disk,catalogue,disk,cpu,shipping,orders,13.417045742820907,12.940418437895291,8.312408534557541,11.432952032794178,-0.476627304925616,3.1205434982366373
catalogue_disk,catalogue,disk,cpu,shipping,payment,13.417045742820907,12.940418437895291,12.766327888953446,12.131576403364171,-0.476627304925616,-0.6347514855892751
catalogue_disk,catalogue,disk,mem,front-end,user,42.797673435723624,43.935417348069016,42.797673435723624,43.935417348069016,1.1377439123453925,1.1377439123453925
catalogue_disk,catalogue,disk,mem,front-end,carts,42.797673435723624,43.935417348069016,42.797673435723624,43.935417348069016,1.1377439123453925,1.1377439123453925
catalogue_disk,catalogue,disk,mem,front-end,orders,42.797673435723624,43.935417348069016,42.797673435723624,43.935417348069016,1.1377439123453925,1.1377439123453925
catalogue_disk,catalogue,disk,mem,front-end,payment,42.797673435723624,43.935417348069016,36.0834529070016,162.05781485188052,1.1377439123453925,125.97436194487892
catalogue_disk,catalogue,disk,mem,front-end,shipping,42.797673435723624,43.935417348069016,41.886026506222265,50.56892747887078,1.1377439123453925,8.682900972648518
catalogue_disk,catalogue,disk,mem,user,front-end,0.25099970398157684,0.39614235600827635,0.365644269382289,0.5137024715517713,0.14514265202669951,0.1480582021694823
catalogue_disk,catalogue,disk,mem,user,carts,0.25099970398157684,0.39614235600827635,0.2445658777314179,0.2411172499684853,0.14514265202669951,-0.0034486277629326156
catalogue_disk,catalogue,disk,mem,user,orders,0.25099970398157684,0.39614235600827635,0.30163725406710423,0.5229433323264199,0.14514265202669951,0.22130607825931564
catalogue_disk,catalogue,disk,mem,user,payment,0.25099970398157684,0.39614235600827635,0.365644269382289,0.5137024715517713,0.14514265202669951,0.1480582021694823
catalogue_disk,catalogue,disk,mem,user,shipping,0.25099970398157684,0.39614235600827635,0.365644269382289,0.5137024715517713,0.14514265202669951,0.1480582021694823
catalogue_disk,catalogue,disk,mem,carts,front-end,0.24906059820894136,0.5792892240066067,0.7349774635926182,0.9675788506930497,0.3302286257976653,0.23260138710043154
catalogue_disk,catalogue,disk,mem,carts,user,0.24906059820894136,0.5792892240066067,0.5363263848649034,0.2789348127760495,0.3302286257976653,-0.2573915720888539
catalogue_disk,catalogue,disk,mem,carts,orders,0.24906059820894136,0.5792892240066067,0.40931665873362844,1.0377676640752962,0.3302286257976653,0.6284510053416678
catalogue_disk,catalogue,disk,mem,carts,payment,0.24906059820894136,0.5792892240066067,0.7349774635926182,0.9675788506930497,0.3302286257976653,0.23260138710043154
catalogue_disk,catalogue,disk,mem,carts,shipping,0.24906059820894136,0.5792892240066067,0.7354567800105425,0.9360358219494184,0.3302286257976653,0.20057904193887588
catalogue_disk,catalogue,disk,mem,orders,front-end,0.00964857216394432,0.013802502677189408,0.015431614067891876,0.010650389565402875,0.004153930513245089,-0.004781224502489001
catalogue_disk,catalogue,disk,mem,orders,user,0.00964857216394432,0.013802502677189408,0.014820699929689785,0.016895800877015428,0.004153930513245089,0.002075100947325643
catalogue_disk,catalogue,disk,mem,orders,carts,0.00964857216394432,0.013802502677189408,0.00772029848895562,0.02142557562900765,0.004153930513245089,0.01370527714005203
catalogue_disk,catalogue,disk,mem,orders,payment,0.00964857216394432,0.013802502677189408,0.015431614067891876,0.010650389565402875,0.004153930513245089,-0.004781224502489001
catalogue_disk,catalogue,disk,mem,orders,shipping,0.00964857216394432,0.013802502677189408,0.015500251209659576,0.010866488634888174,0.004153930513245089,-0.004633762574771402
catalogue_disk,catalogue,disk,mem,payment,front-end,0.19086947365050916,0.8170249234472862,0.15597094986675916,0.9010658188645887,0.626155449796777,0.7450948689978295
catalogue_disk,catalogue,disk,mem,payment,user,0.19086947365050916,0.8170249234472862,0.19086947365050916,0.8170249234472862,0.626155449796777,0.626155449796777
catalogue_disk,catalogue,disk,mem,payment,carts,0.19086947365050916,0.8170249234472862,0.19086947365050916,0.8170249234472862,0.626155449796777,0.626155449796777
catalogue_disk,catalogue,disk,mem,payment,orders,0.19086947365050916,0.8170249234472862,0.19086947365050916,0.8170249234472862,0.626155449796777,0.626155449796777
catalogue_disk,catalogue,disk,mem,payment,shipping,0.19086947365050916,0.8170249234472862,0.19282941974075785,0.8120259677664533,0.626155449796777,0.6191965480256955
catalogue_disk,catalogue,disk,mem,shipping,front-end,0.0009244771787347811,0.0009492827846557464,0.0009221231128716574,0.0010671488146901489,2.4805605920965234e-05,0.00014502570181849147
catalogue_disk,catalogue,disk,mem,shipping,user,0.0009244771787347811,0.0009492827846557464,0.0009311425050876632,0.0009698778453333676,2.4805605920965234e-05,3.873534024570436e-05
catalogue_disk,catalogue,disk,mem,shipping,carts,0.0009244771787347811,0.0009492827846557464,0.0009273528820714441,0.0009150470798812235,2.4805605920965234e-05,-1.2305802190220607e-05
catalogue_disk,catalogue,disk,mem,shipping,orders,0.0009244771787347811,0.0009492827846557464,0.0009265842858403792,0.0009690106915073044,2.4805605920965234e-05,4.242640566692521e-05
catalogue_disk,catalogue,disk,mem,shipping,payment,0.0009244771787347811,0.0009492827846557464,0.0009313838999682795,0.000864126721948742,2.4805605920965234e-05,-6.725717801953752e-05
catalogue_disk,catalogue,disk,cpu,front-end,user,6.500473136745846,7.861723431657075,6.500473136745846,7.861723431657075,1.3612502949112288,1.3612502949112288
catalogue_disk,catalogue,disk,cpu,front-end,carts,6.494900983516175,7.861317771006407,6.243529536952193,7.801394217606939,1.3664167874902322,1.5578646806547463
catalogue_disk,catalogue,disk,cpu,front-end,orders,6.494900983516175,7.861317771006407,6.167322214718454,8.321118432380459,1.3664167874902322,2.1537962176620047
catalogue_disk,catalogue,disk,cpu,front-end,payment,6.494900983516175,7.861317771006407,6.494900983516175,7.861317771006407,1.3664167874902322,1.3664167874902322
catalogue_disk,catalogue,disk,cpu,front-end,shipping,6.494900983516175,7.861317771006407,6.447804672039846,7.835481181674586,1.3664167874902322,1.3876765096347405
catalogue_disk,catalogue,disk,cpu,user,front-end,9.884668097471717,10.267632726838897,9.884668097471717,10.267632726838897,0.38296462936718,0.38296462936718
catalogue_disk,catalogue,disk,cpu,user,carts,9.884668097471717,10.267632726838897,9.884668097471717,10.267632726838897,0.38296462936718,0.38296462936718
catalogue_disk,catalogue,disk,cpu,user,orders,9.884668097471717,10.267632726838897,9.884668097471717,10.267632726838897,0.38296462936718,0.38296462936718
catalogue_disk,catalogue,disk,cpu,user,payment,9.884668097471717,10.267632726838897,9.440727084397745,9.904232541862779,0.38296462936718,0.46350545746503435
catalogue_disk,catalogue,disk,cpu,user,shipping,9.884668097471717,10.267632726838897,10.02375951602307,10.44044116254585,0.38296462936718,0.4166816465227807
catalogue_disk,catalogue,disk,cpu,carts,front-end,46.907766551933925,120.48768172961186,47.24146467572282,111.9944399715425,73.57991517767795,64.75297529581968
catalogue_disk,catalogue,disk,cpu,carts,user,46.95087447322403,120.45735754787023,46.95087447322403,120.45735754787023,73.5064830746462,73.5064830746462
catalogue_disk,catalogue,disk,cpu,carts,orders,46.907766551933925,120.48768172961186,34.266042854433216,80.72301986076745,73.57991517767795,46.456977006334235
catalogue_disk,catalogue,disk,cpu,carts,payment,46.907766551933925,120.48768172961186,46.907766551933925,120.48768172961186,73.57991517767795,73.57991517767795
catalogue_disk,catalogue,disk,cpu,carts,shipping,46.907766551933925,120.48768172961186,44.070926433310056,97.06766308659326,73.57991517767795,52.9967366532832
catalogue_disk,catalogue,disk,cpu,orders,front-end,44.81613260020259,123.63545256465464,47.08643043549224,115.75870083286155,78.81931996445205,68.67227039736932
catalogue_disk,catalogue,disk,cpu,orders,user,44.85758884343584,123.69581565051952,44.85758884343584,123.69581565051952,78.83822680708369,78.83822680708369
catalogue_disk,catalogue,disk,cpu,orders,carts,44.81613260020259,123.63545256465464,32.17365926436985,52.24275741413407,78.81931996445205,20.069098149764216
catalogue_disk,catalogue,disk,cpu,orders,payment,44.81613260020259,123.63545256465464,44.81613260020259,123.63545256465464,78.81931996445205,78.81931996445205
catalogue_disk,catalogue,disk,cpu,orders,shipping,44.81613260020259,123.63545256465464,34.876740786897344,82.68874153739428,78.81931996445205,47.812000750496935
catalogue_disk,catalogue,disk,cpu,payment,front-end,8.639306681669567,10.758772715342081,8.682753186981433,10.718815843863075,2.1194660336725146,2.036062656881642
catalogue_disk,catalogue,disk,cpu,payment,user,8.601038052847587,10.74070571965773,8.478392836504918,10.706378284710041,2.1396676668101424,2.227985448205123
catalogue_disk,catalogue,disk,cpu,payment,carts,8.639306681669567,10.758772715342081,8.682753186981433,10.718815843863075,2.1194660336725146,2.036062656881642
catalogue_disk,catalogue,disk,cpu,payment,orders,8.639306681669567,10.758772715342081,8.682753186981433,10.718815843863075,2.1194660336725146,2.036062656881642
catalogue_disk,catalogue,disk,cpu,payment,shipping,8.639306681669567,10.758772715342081,8.682753186981433,10.718815843863075,2.1194660336725146,2.036062656881642
catalogue_disk,catalogue,disk,cpu,shipping,front-end,71.5847419705291,125.13193044652917,71.26010167701214,118.02493774787976,53.54718847600007,46.76483607086762
catalogue_disk,catalogue,disk,cpu,shipping,user,71.65009704047802,125.25645936399476,72.15047456495908,127.06517644738821,53.60636232351675,54.91470188242913
catalogue_disk,catalogue,disk,cpu,shipping,carts,71.5847419705291,125.13193044652917,65.06863041587843,52.72534489409054,53.54718847600007,-12.343285521787891
catalogue_disk,catalogue,disk,cpu,shipping,orders,71.5847419705291,125.13193044652917,52.83952217772768,60.14888168606942,53.54718847600007,7.309359508341743
catalogue_disk,catalogue,disk,cpu,shipping,payment,71.5847419705291,125.13193044652917,71.5847419705291,125.13193044652917,53.54718847600007,53.54718847600007
catalogue_disk,catalogue,disk,mem,front-end,user,10.813104514118098,7.502457307411898,8.218561609446914,16.074122878666707,-3.3106472067062,7.855561269219793
catalogue_disk,catalogue,disk,mem,front-end,carts,10.813104514118098,7.502457307411898,6.381749580937687,5.894636881736067,-3.3106472067062,-0.4871126992016208
catalogue_disk,catalogue,disk,mem,front-end,orders,10.813104514118098,7.502457307411898,3.9402076956393493,4.263661052230764,-3.3106472067062,0.3234533565914144
catalogue_disk,catalogue,disk,mem,front-end,payment,10.813104514118098,7.502457307411898,10.791303057186303,6.088512653870382,-3.3106472067062,-4.7027904033159205
catalogue_disk,catalogue,disk,mem,front-end,shipping,10.813104514118098,7.502457307411898,3.867219953892133,3.9530238415853307,-3.3106472067062,0.08580388769319791
catalogue_disk,catalogue,disk,mem,user,front-end,6.907285296415126,11.894920126795954,7.603104979166801,14.705727815276612,4.987634830380828,7.102622836109811
catalogue_disk,catalogue,disk,mem,user,carts,6.907285296415126,11.894920126795954,4.0130491394533845,13.672801371761755,4.987634830380828,9.65975223230837
catalogue_disk,catalogue,disk,mem,user,orders,6.907285296415126,11.894920126795954,6.911272063937031,14.391179320950293,4.987634830380828,7.479907257013262
catalogue_disk,catalogue,disk,mem,user,payment,6.907285296415126,11.894920126795954,11.473114307876916,19.70942851787052,4.987634830380828,8.236314209993605
catalogue_disk,catalogue,disk,mem,user,shipping,6.907285296415126,11.894920126795954,7.282786960057097,14.883980219111914,4.987634830380828,7.601193259054817
catalogue_disk,catalogue,disk,mem,carts,front-end,6.526285788509736,2.13290007097315,5.260145728080507,2.3401577386621097,-4.393385717536587,-2.919987989418397
catalogue_disk,catalogue,disk,mem,carts,user,6.526285788509736,2.13290007097315,2.3423823998502815,12.749907934193102,-4.393385717536587,10.40752553434282
catalogue_disk,catalogue,disk,mem,carts,orders,6.526285788509736,2.13290007097315,3.7767167873012606,1.054129779949904,-4.393385717536587,-2.7225870073513567
catalogue_disk,catalogue,disk,mem,carts,payment,6.526285788509736,2.13290007097315,8.183606593459716,4.174129472489794,-4.393385717536587,-4.0094771209699225
catalogue_disk,catalogue,disk,mem,carts,shipping,6.526285788509736,2.13290007097315,4.29839930214627,1.736487012360371,-4.393385717536587,-2.561912289785899
catalogue_disk,catalogue,disk,mem,orders,front-end,10.659943638264037,5.5904375858429844,4.098499343573284,3.9179065952101495,-5.069506052421053,-0.18059274836313444
catalogue_disk,catalogue,disk,mem,orders,user,10.659943638264037,5.5904375858429844,6.762788983035037,15.663999923890898,-5.069506052421053,8.901210940855862
catalogue_disk,catalogue,disk,mem,orders,carts,10.659943638264037,5.5904375858429844,4.599893261695977,3.4522863926088427,-5.069506052421053,-1.147606869087134
catalogue_disk,catalogue,disk,mem,orders,payment,10.659943638264037,5.5904375858429844,10.308146738824957,2.5693577171386934,-5.069506052421053,-7.738789021686264
catalogue_disk,catalogue,disk,mem,orders,shipping,10.659943638264037,5.5904375858429844,1.3122208575287553,1.2796652202580743,-5.069506052421053,-0.032555637270681004
catalogue_disk,catalogue,disk,mem,payment,front-end,12.37707100930378,10.214635209258992,12.608794646647729,9.685624679625372,-2.162435800044788,-2.923169967022357
catalogue_disk,catalogue,disk,mem,payment,user,12.37707100930378,10.214635209258992,10.936078497248394,17.955590381854098,-2.162435800044788,7.019511884605704
catalogue_disk,catalogue,disk,mem,payment,carts,12.37707100930378,10.214635209258992,11.617520957567137,9.168438395512913,-2.162435800044788,-2.4490825620542243
catalogue_disk,catalogue,disk,mem,payment,orders,12.37707100930378,10.214635209258992,12.67495130234027,9.469962578265653,-2.162435800044788,-3.2049887240746173
catalogue_disk,catalogue,disk,mem,payment,shipping,12.37707100930378,10.214635209258992,12.654193735116563,9.554048443717903,-2.162435800044788,-3.1001452913986594
catalogue_disk,catalogue,disk,mem,shipping,front-end,11.101799497871436,7.252069976795609,3.6492592796343883,3.8139457419268914,-3.849729521075827,0.16468646229250306
catalogue_disk,catalogue,disk,mem,shipping,user,11.101799497871436,7.252069976795609,7.569561007410158,16.620840560318186,-3.849729521075827,9.051279552908028
catalogue_disk,catalogue,disk,mem,shipping,carts,11.101799497871436,7.252069976795609,5.489421634494759,5.232102598853407,-3.849729521075827,-0.25731903564135195
catalogue_disk,catalogue,disk,mem,shipping,orders,11.101799497871436,7.252069976795609,1.0807171444750192,1.9193910668861847,-3.849729521075827,0.8386739224111655
catalogue_disk,catalogue,disk,mem,shipping,payment,11.101799497871436,7.252069976795609,10.895467518243919,5.171615082482803,-3.849729521075827,-5.723852435761116
catalogue_disk,catalogue,disk,cpu,front-end,user,6.618218394071201,7.26813045317741,6.618218394071201,7.26813045317741,0.6499120591062084,0.6499120591062084
catalogue_disk,catalogue,disk,cpu,front-end,carts,6.618218394071201,7.26813045317741,6.5751313585196645,7.161870015069617,0.6499120591062084,0.5867386565499526
catalogue_disk,catalogue,disk,cpu,front-end,orders,6.618218394071201,7.26813045317741,6.572719480467567,7.807042546724424,0.6499120591062084,1.2343230662568567
catalogue_disk,catalogue,disk,cpu,front-end,payment,6.618218394071201,7.26813045317741,6.612373849138908,7.254042288394198,0.6499120591062084,0.64166843925529
catalogue_disk,catalogue,disk,cpu,front-end,shipping,6.618218394071201,7.26813045317741,6.457937052776722,7.349268319304613,0.6499120591062084,0.8913312665278914
catalogue_disk,catalogue,disk,cpu,user,front-end,6.177724903311995,11.090497212304458,6.177724903311995,11.090497212304458,4.912772308992462,4.912772308992462
catalogue_disk,catalogue,disk,cpu,user,carts,6.177724903311995,11.090497212304458,6.195255091387007,10.84282604381671,4.912772308992462,4.647570952429704
catalogue_disk,catalogue,disk,cpu,user,orders,6.177724903311995,11.090497212304458,6.046841667423018,11.56933419193261,4.912772308992462,5.522492524509592
catalogue_disk,catalogue,disk,cpu,user,payment,6.177724903311995,11.090497212304458,6.094694225010695,10.927164673615247,4.912772308992462,4.8324704486045515
catalogue_disk,catalogue,disk,cpu,user,shipping,6.177724903311995,11.090497212304458,6.205460032027918,11.078662257843131,4.912772308992462,4.873202225815214
catalogue_disk,catalogue,disk,cpu,carts,front-end,23.75129763566621,30.49031716638886,24.433897317177447,30.254994749792097,6.739019530722651,5.82109743261465
catalogue_disk,catalogue,disk,cpu,carts,user,23.75129763566621,30.49031716638886,24.63271374805518,29.574666855753527,6.739019530722651,4.941953107698346
catalogue_disk,catalogue,disk,cpu,carts,orders,23.75129763566621,30.49031716638886,24.584374099089928,31.30798303654872,6.739019530722651,6.723608937458792
catalogue_disk,catalogue,disk,cpu,carts,payment,23.75129763566621,30.49031716638886,24.5838265379216,31.080219982349032,6.739019530722651,6.496393444427433
catalogue_disk,catalogue,disk,cpu,carts,shipping,23.75129763566621,30.49031716638886,21.466655258279772,26.64109040685464,6.739019530722651,5.174435148574869
catalogue_disk,catalogue,disk,cpu,orders,front-end,15.354958221414613,32.04941621548299,15.286731612506685,31.78028888531986,16.69445799406838,16.493557272813174
catalogue_disk,catalogue,disk,cpu,orders,user,15.354958221414613,32.04941621548299,15.21501207678407,31.402639637104073,16.69445799406838,16.187627560320003
catalogue_disk,catalogue,disk,cpu,orders,carts,15.354958221414613,32.04941621548299,15.435799910857998,31.927611939333683,16.69445799406838,16.491812028475685
catalogue_disk,catalogue,disk,cpu,orders,payment,15.354958221414613,32.04941621548299,14.76578127638174,30.626142481926866,16.69445799406838,15.860361205545127
catalogue_disk,catalogue,disk,cpu,orders,shipping,15.354958221414613,32.04941621548299,14.491212663150577,29.238642934951365,16.69445799406838,14.747430271800788
catalogue_disk,catalogue,disk,cpu,payment,front-end,9.372388163080497,11.674687094944971,9.381408954541625,11.62163693546655,2.302298931864474,2.2402279809249244
catalogue_disk,catalogue,disk,cpu,payment,user,9.372388163080497,11.674687094944971,9.383097550392943,11.544893984158588,2.302298931864474,2.1617964337656446
catalogue_disk,catalogue,disk,cpu,payment,carts,9.372388163080497,11.674687094944971,9.377789175140473,11.649096256085087,2.302298931864474,2.2713070809446148
catalogue_disk,catalogue,disk,cpu,payment,orders,9.372388163080497,11.674687094944971,9.047559967373807,13.750221983360152,2.302298931864474,4.702662015986345
catalogue_disk,catalogue,disk,cpu,payment,shipping,9.372388163080497,11.674687094944971,9.472936240216331,11.557040679469937,2.302298931864474,2.084104439253606
catalogue_disk,catalogue,disk,cpu,shipping,front-end,39.68387113497088,62.12687746677901,40.01264197362615,60.118057077235356,22.443006331808128,20.105415103609204
catalogue_disk,catalogue,disk,cpu,shipping,user,39.68387113497088,62.12687746677901,40.069208438071286,57.38859573173832,22.443006331808128,17.319387293667035
catalogue_disk,catalogue,disk,cpu,shipping,carts,39.68387113497088,62.12687746677901,35.18101114904603,47.36525486605584,22.443006331808128,12.184243717009814
catalogue_disk,catalogue,disk,cpu,shipping,orders,39.68387113497088,62.12687746677901,38.89645849302437,66.51622310908817,22.443006331808128,27.619764616063804
catalogue_disk,catalogue,disk,cpu,shipping,payment,39.68387113497088,62.12687746677901,39.72241206070669,59.21870868798914,22.443006331808128,19.496296627282454
catalogue_disk,catalogue,disk,mem,front-end,user,3.966481589924374,3.572911365112498,3.966481589924374,3.572911365112498,-0.3935702248118762,-0.3935702248118762
catalogue_disk,catalogue,disk,mem,front-end,carts,3.966481589924374,3.572911365112498,3.966481589924374,3.572911365112498,-0.3935702248118762,-0.3935702248118762
catalogue_disk,catalogue,disk,mem,front-end,orders,3.966481589924374,3.572911365112498,3.966481589924374,3.572911365112498,-0.3935702248118762,-0.3935702248118762
catalogue_disk,catalogue,disk,mem,front-end,payment,3.966481589924374,3.572911365112498,3.966481589924374,3.572911365112498,-0.3935702248118762,-0.3935702248118762
catalogue_disk,catalogue,disk,mem,front-end,shipping,3.966481589924374,3.572911365112498,3.966481589924374,3.572911365112498,-0.3935702248118762,-0.3935702248118762
catalogue_disk,catalogue,disk,mem,user,front-end,0.5731917735528704,1.3765280585149622,0.571065802190226,1.3726903091719842,0.8033362849620918,0.8016245069817582
catalogue_disk,catalogue,disk,mem,user,carts,0.5731917735528704,1.3765280585149622,0.3237634699129467,0.5845116337925946,0.8033362849620918,0.26074816387964794
catalogue_disk,catalogue,disk,mem,user,orders,0.5731917735528704,1.3765280585149622,0.47119866737379307,1.331694240949482,0.8033362849620918,0.860495573575689
catalogue_disk,catalogue,disk,mem,user,payment,0.5731917735528704,1.3765280585149622,0.5123375120187499,1.577326182080978,0.8033362849620918,1.0649886700622282
catalogue_disk,catalogue,disk,mem,user,shipping,0.5731917735528704,1.3765280585149622,0.24977096959648343,0.4240554804622771,0.8033362849620918,0.17428451086579366
catalogue_disk,catalogue,disk,mem,carts,front-end,0.4821952112408639,0.9563786669149708,0.4821238162064899,0.9557390697661937,0.47418345567410686,0.4736152535597038
catalogue_disk,catalogue,disk,mem,carts,user,0.4821952112408639,0.9563786669149708,0.2514854554910884,0.20095428071026422,0.47418345567410686,-0.050531174780824195
catalogue_disk,catalogue,disk,mem,carts,orders,0.4821952112408639,0.9563786669149708,0.4375364226175867,0.9244016022814978,0.47418345567410686,0.48686517966391113
catalogue_disk,catalogue,disk,mem,carts,payment,0.4821952112408639,0.9563786669149708,0.44540186608863896,1.1677560437554195,0.47418345567410686,0.7223541776667806
catalogue_disk,catalogue,disk,mem,carts,shipping,0.4821952112408639,0.9563786669149708,0.24520753309668392,0.2788966142498401,0.47418345567410686,0.033689081153156164
catalogue_disk,catalogue,disk,mem,orders,front-end,0.07419346157974177,0.05809208053395518,0.07419346157974177,0.05809208053395518,-0.016101381045786588,-0.016101381045786588
catalogue_disk,catalogue,disk,mem,orders,user,0.07419346157974177,0.05809208053395518,0.06414217992321933,0.08075266046226243,-0.016101381045786588,0.0166104805390431
catalogue_disk,catalogue,disk,mem,orders,carts,0.07419346157974177,0.05809208053395518,0.06474377812256261,0.06914044860978139,-0.016101381045786588,0.004396670487218771
catalogue_disk,catalogue,disk,mem,orders,payment,0.07419346157974177,0.05809208053395518,0.07419346157974177,0.05809208053395518,-0.016101381045786588,-0.016101381045786588
catalogue_disk,catalogue,disk,mem,orders,shipping,0.07419346157974177,0.05809208053395518,0.06162689286913669,0.07842838432851956,-0.016101381045786588,0.016801491459382874
catalogue_disk,catalogue,disk,mem,payment,front-end,0.38665800829916175,1.266447026009417,0.38665800829916175,1.266447026009417,0.8797890177102552,0.8797890177102552
catalogue_disk,catalogue,disk,mem,payment,user,0.38665800829916175,1.266447026009417,0.3038514961294333,1.2657602461975321,0.8797890177102552,0.9619087500680988
catalogue_disk,catalogue,disk,mem,payment,carts,0.38665800829916175,1.266447026009417,0.3191624586838662,1.300059390769619,0.8797890177102552,0.9808969320857528
catalogue_disk,catalogue,disk,mem,payment,orders,0.38665800829916175,1.266447026009417,0.38665800829916175,1.266447026009417,0.8797890177102552,0.8797890177102552
catalogue_disk,catalogue,disk,mem,payment,shipping,0.38665800829916175,1.266447026009417,0.31639271635766003,1.3794485941406813,0.8797890177102552,1.0630558777830212
catalogue_disk,catalogue,disk,mem,shipping,front-end,0.10798712401153343,0.21234232835864983,0.10798712401153343,0.21234232835864983,0.1043552043471164,0.1043552043471164
catalogue_disk,catalogue,disk,mem,shipping,user,0.10798712401153343,0.21234232835864983,0.05393521539186094,0.0629110973497689,0.1043552043471164,0.008975881957907952
catalogue_disk,catalogue,disk,mem,shipping,carts,0.10798712401153343,0.21234232835864983,0.06126695307923169,0.06339118467307978,0.1043552043471164,0.002124231593848086
catalogue_disk,catalogue,disk,mem,shipping,orders,0.10798712401153343,0.21234232835864983,0.08652890377613488,0.20440494669574805,0.1043552043471164,0.11787604291961316
catalogue_disk,catalogue,disk,mem,shipping,payment,0.10798712401153343,0.21234232835864983,0.09902503556227046,0.2587514176670329,0.1043552043471164,0.15972638210476245
catalogue_loss,catalogue,loss,cpu,front-end,user,9.820233832171755,43.40426406570573,9.649378263771634,36.565714769667714,33.58403023353398,26.91633650589608
catalogue_loss,catalogue,loss,cpu,front-end,carts,9.820233832171755,43.40426406570573,9.651314579757576,36.31236758550802,33.58403023353398,26.661053005750446
catalogue_loss,catalogue,loss,cpu,front-end,orders,9.820233832171755,43.40426406570573,9.911985649060782,49.05047288132738,33.58403023353398,39.1384872322666
catalogue_loss,catalogue,loss,cpu,front-end,payment,9.820233832171755,43.40426406570573,9.857482392696154,48.87986169749432,33.58403023353398,39.022379304798164
catalogue_loss,catalogue,loss,cpu,front-end,shipping,9.820233832171755,43.40426406570573,9.828915535561181,50.31948877948045,33.58403023353398,40.49057324391927
catalogue_loss,catalogue,loss,cpu,user,front-end,7.249753118424701,619.2600687771912,7.316641123145626,656.7318970887775,612.0103156587666,649.4152559656319
catalogue_loss,catalogue,loss,cpu,user,carts,7.249753118424701,699.8041546321772,7.379953964135148,777.6008305225205,692.5544015137525,770.2208765583854
catalogue_loss,catalogue,loss,cpu,user,orders,7.249753118424701,699.8041546321772,7.519876286512241,743.619072626886,692.5544015137525,736.0991963403737
catalogue_loss,catalogue,loss,cpu,user,payment,7.249753118424701,699.8041546321772,7.380471216179696,775.6532479180462,692.5544015137525,768.2727767018665
catalogue_loss,catalogue,loss,cpu,user,shipping,7.249753118424701,699.8041546321772,7.370558700417142,773.9549945934118,692.5544015137525,766.5844358929946
catalogue_loss,catalogue,loss,cpu,carts,front-end,7.790308733657534,448.14237480154287,7.679459452640487,422.7993703012796,440.35206606788535,415.1199108486391
catalogue_loss,catalogue,loss,cpu,carts,user,7.790308733657534,477.90264096749945,7.790308733657534,477.90264096749945,470.1123322338419,470.1123322338419
catalogue_loss,catalogue,loss,cpu,carts,orders,7.790308733657534,477.5082007406417,7.790308733657534,477.5082007406417,469.7178920069842,469.7178920069842
catalogue_loss,catalogue,loss,cpu,carts,payment,7.790308733657534,477.5082007406417,7.798267343197672,465.8496698175476,469.7178920069842,458.0514024743499
catalogue_loss,catalogue,loss,cpu,carts,shipping,7.790308733657534,477.5082007406417,7.806854849790492,474.5452391765169,469.7178920069842,466.73838432672636
catalogue_loss,catalogue,loss,cpu,orders,front-end,13.400214714514972,353.75234907965046,13.420954494044052,325.1329406091967,340.3521343651355,311.7119861151526
catalogue_loss,catalogue,loss,cpu,orders,user,13.400214714514972,374.15101061651484,13.010503530340072,233.82385475375025,360.7507959019999,220.8133512234102
catalogue_loss,catalogue,loss,cpu,orders,carts,13.400214714514972,373.9962896605124,13.400214714514972,373.9962896605124,360.59607494599743,360.59607494599743
catalogue_loss,catalogue,loss,cpu,orders,payment,13.400214714514972,373.9962896605124,13.400214714514972,373.9962896605124,360.59607494599743,360.59607494599743
catalogue_loss,catalogue,loss,cpu,orders,shipping,13.400214714514972,373.9962896605124,13.04917401270433,359.9361446735122,360.59607494599743,346.8869706608079
catalogue_loss,catalogue,loss,cpu,payment,front-end,7.874446251281897,69.18799456666983,7.853451197155708,80.26208274421474,61.31354831538793,72.40863154705903
catalogue_loss,catalogue,loss,cpu,payment,user,7.874446251281897,73.26783487332999,7.905216692661686,87.40566822933144,65.39338862204809,79.50045153666976
catalogue_loss,catalogue,loss,cpu,payment,carts,7.874446251281897,73.24563958805558,7.9240881191694434,83.35884849689629,65.37119333677369,75.43476037772685
catalogue_loss,catalogue,loss,cpu,payment,orders,7.874446251281897,73.24563958805558,7.907912517248906,87.99596221834302,65.37119333677369,80.08804970109412
catalogue_loss,catalogue,loss,cpu,payment,shipping,7.874446251281897,73.24563958805558,7.895090029386337,87.71908862248478,65.37119333677369,79.82399859309844
catalogue_loss,catalogue,loss,cpu,shipping,front-end,14.536146770202047,116.29699496244127,16.387212990292934,85.22361608277386,101.76084819223922,68.83640309248092
catalogue_loss,catalogue,loss,cpu,shipping,user,14.536146770202047,119.71748416837839,14.53602383109594,92.62825715135449,105.18133739817634,78.09223332025854
catalogue_loss,catalogue,loss,cpu,shipping,carts,14.536146770202047,119.66509512401129,14.56158196847599,91.61711771713661,105.12894835380924,77.05553574866062
catalogue_loss,catalogue,loss,cpu,shipping,orders,14.536146770202047,119.66509512401129,14.443569962601662,94.29105531676139,105.12894835380924,79.84748535415973
catalogue_loss,catalogue,loss,cpu,shipping,payment,14.536146770202047,119.66509512401129,14.611140968035025,113.1241435351201,105.12894835380924,98.51300256708507
catalogue_loss,catalogue,loss,mem,front-end,user,3.8802500419478183,48.40968077548348,3.974883271068657,44.32483574202116,44.52943073353566,40.3499524709525
catalogue_loss,catalogue,loss,mem,front-end,carts,3.8802500419478183,48.40968077548348,3.8924001125480245,44.11894882660389,44.52943073353566,40.226548714055866
catalogue_loss,catalogue,loss,mem,front-end,orders,3.8802500419478183,48.40968077548348,3.9587711401121815,44.39526334501395,44.52943073353566,40.43649220490177
catalogue_loss,catalogue,loss,mem,front-end,payment,3.8802500419478183,48.40968077548348,3.967327722007477,48.270256092042956,44.52943073353566,44.30292837003548
catalogue_loss,catalogue,loss,mem,front-end,shipping,3.8802500419478183,48.40968077548348,3.990944593995743,44.141946186358375,44.52943073353566,40.15100159236263
catalogue_loss,catalogue,loss,mem,user,front-end,0.5546577796784015,1.066243033282068,0.5494399245912416,1.963367492498321,0.5115852536036666,1.4139275679070795
catalogue_loss,catalogue,loss,mem,user,carts,0.5546577796784015,1.066243033282068,0.5546906635138047,1.0940090820311732,0.5115852536036666,0.5393184185173685
catalogue_loss,catalogue,loss,mem,user,orders,0.5546577796784015,1.066243033282068,0.5524209019418677,0.9674334138147946,0.5115852536036666,0.415012511872927
catalogue_loss,catalogue,loss,mem,user,payment,0.5546577796784015,1.066243033282068,0.5546906635138047,1.0940090820311732,0.5115852536036666,0.5393184185173685
catalogue_loss,catalogue,loss,mem,user,shipping,0.5546577796784015,1.066243033282068,0.4729888440221713,1.1717730978233791,0.5115852536036666,0.6987842538012079
catalogue_loss,catalogue,loss,mem,carts,front-end,0.0046956226728467115,0.02961979496055029,0.004833505252859635,0.02125531276135484,0.024924172287703578,0.016421807508495204
catalogue_loss,catalogue,loss,mem,carts,user,0.0046956226728467115,0.02961979496055029,0.004872907503820048,0.014481983786824172,0.024924172287703578,0.009609076283004125
catalogue_loss,catalogue,loss,mem,carts,orders,0.0046956226728467115,0.02961979496055029,0.004872907503820048,0.014481983786824172,0.024924172287703578,0.009609076283004125
catalogue_loss,catalogue,loss,mem,carts,payment,0.0046956226728467115,0.02961979496055029,0.004853761797850732,0.01935264318962718,0.024924172287703578,0.01449888139177645
catalogue_loss,catalogue,loss,mem,carts,shipping,0.0046956226728467115,0.02961979496055029,0.004872907503820048,0.014481983786824172,0.024924172287703578,0.009609076283004125
catalogue_loss,catalogue,loss,mem,orders,front-end,0.022064234484911304,0.07475789529332938,0.021974799628640438,0.11066935411727147,0.05269366080841807,0.08869455448863103
catalogue_loss,catalogue,loss,mem,orders,user,0.022064234484911304,0.07475789529332938,0.02172207718654612,0.07487126651229234,0.05269366080841807,0.05314918932574622
catalogue_loss,catalogue,loss,mem,orders,carts,0.022064234484911304,0.07475789529332938,0.022060568768524944,0.07820218518147001,0.05269366080841807,0.05614161641294507
catalogue_loss,catalogue,loss,mem,orders,payment,0.022064234484911304,0.07475789529332938,0.022060568768524944,0.07820218518147001,0.05269366080841807,0.05614161641294507
catalogue_loss,catalogue,loss,mem,orders,shipping,0.022064234484911304,0.07475789529332938,0.017536154570952624,0.08170462337173545,0.05269366080841807,0.06416846880078284
catalogue_loss,catalogue,loss,mem,payment,front-end,0.029978383510228353,1.5577893728567327,0.030301408654113113,1.574181940761777,1.5278109893465044,1.5438805321076638
catalogue_loss,catalogue,loss,mem,payment,user,0.029978383510228353,1.5577893728567327,0.03035022011873951,1.5646001867545136,1.5278109893465044,1.534249966635774
catalogue_loss,catalogue,loss,mem,payment,carts,0.029978383510228353,1.5577893728567327,0.030362994421453824,1.5647263208277706,1.5278109893465044,1.5343633264063168
catalogue_loss,catalogue,loss,mem,payment,orders,0.029978383510228353,1.5577893728567327,0.03035022011873951,1.5646001867545136,1.5278109893465044,1.534249966635774
catalogue_loss,catalogue,loss,mem,payment,shipping,0.029978383510228353,1.5577893728567327,0.030347473013134757,1.5646030484393725,1.5278109893465044,1.5342555754262377
catalogue_loss,catalogue,loss,mem,shipping,front-end,0.018214121951870794,0.01106765885609335,0.018116413734627326,0.04588732144976551,-0.007146463095777444,0.027770907715138186
catalogue_loss,catalogue,loss,mem,shipping,user,0.018214121951870794,0.01106765885609335,0.01733409854618639,0.03129623981644204,-0.007146463095777444,0.013962141270255652
catalogue_loss,catalogue,loss,mem,shipping,carts,0.018214121951870794,0.01106765885609335,0.018214121951870794,0.01106765885609335,-0.007146463095777444,-0.007146463095777444
catalogue_loss,catalogue,loss,mem,shipping,orders,0.018214121951870794,0.01106765885609335,0.017105919388824657,0.0456846518598601,-0.007146463095777444,0.028578732471035442
catalogue_loss,catalogue,loss,mem,shipping,payment,0.018214121951870794,0.01106765885609335,0.018214285085816143,0.012321200357563082,-0.007146463095777444,-0.00589308472825306
catalogue_loss,catalogue,loss,cpu,front-end,user,11.378728733789274,31.572076513920937,8.55979172604592,14.821195737090347,20.193347780131663,6.2614040110444265
catalogue_loss,catalogue,loss,cpu,front-end,carts,11.378728733789274,31.572076513920937,12.733594044008411,33.34323358610089,20.193347780131663,20.609639542092474
catalogue_loss,catalogue,loss,cpu,front-end,orders,11.378728733789274,31.572076513920937,9.193420504849305,18.23154469735581,20.193347780131663,9.038124192506507
catalogue_loss,catalogue,loss,cpu,front-end,payment,11.378728733789274,31.572076513920937,10.559952406445698,22.68819646034649,20.193347780131663,12.128244053900792
catalogue_loss,catalogue,loss,cpu,front-end,shipping,11.378728733789274,31.572076513920937,12.177957601519557,34.26305537634798,20.193347780131663,22.08509777482842
catalogue_loss,catalogue,loss,cpu,user,front-end,31.4346085254111,101.04535527463956,68.57845783275651,267.48427960814365,69.61074674922847,198.90582177538715
catalogue_loss,catalogue,loss,cpu,user,carts,31.4346085254111,99.42322372315404,114.43458963633297,513.6290615798216,67.98861519774294,399.1944719434886
catalogue_loss,catalogue,loss,cpu,user,orders,31.4346085254111,99.42322372315404,50.5743014004736,188.3738802119441,67.98861519774294,137.7995788114705
catalogue_loss,catalogue,loss,cpu,user,payment,31.4346085254111,99.42322372315404,47.31658165380686,183.9181255163585,67.98861519774294,136.60154386255164
catalogue_loss,catalogue,loss,cpu,user,shipping,31.4346085254111,99.42322372315404,114.44490204669052,517.6576368293896,67.98861519774294,403.2127347826991
catalogue_loss,catalogue,loss,cpu,carts,front-end,62.4892851863437,154.16779393597884,118.32886958175894,387.96761620773924,91.67850874963514,269.6387466259803
catalogue_loss,catalogue,loss,cpu,carts,user,62.4892851863437,149.24846115840643,89.96913301670939,273.41989220240134,86.75917597206274,183.45075918569194
catalogue_loss,catalogue,loss,cpu,carts,orders,62.4892851863437,149.24846115840643,70.709045419666,152.1104305324917,86.75917597206274,81.40138511282571
catalogue_loss,catalogue,loss,cpu,carts,payment,62.4892851863437,149.24846115840643,143.7440513107362,539.8249369292628,86.75917597206274,396.08088561852657
catalogue_loss,catalogue,loss,cpu,carts,shipping,62.4892851863437,149.24846115840643,187.29914686687505,777.3808349542862,86.75917597206274,590.0816880874112
catalogue_loss,catalogue,loss,cpu,orders,front-end,33.96180494061946,131.6894353445853,40.417457515264296,142.2907219775454,97.72763040396583,101.8732644622811
catalogue_loss,catalogue,loss,cpu,orders,user,33.96180494061946,128.08205030202504,19.003772796885837,38.79079989009167,94.12024536140558,19.787027093205833
catalogue_loss,catalogue,loss,cpu,orders,carts,33.96180494061946,128.08205030202504,62.38970437011942,277.92644737866914,94.12024536140558,215.5367430085497
catalogue_loss,catalogue,loss,cpu,orders,payment,33.96180494061946,128.08205030202504,34.816441374907576,122.89631477474072,94.12024536140558,88.07987339983313
catalogue_loss,catalogue,loss,cpu,orders,shipping,33.96180494061946,128.08205030202504,66.63260824500166,318.2951005188009,94.12024536140558,251.66249227379922
catalogue_loss,catalogue,loss,cpu,payment,front-end,13.127384381755578,27.791255473132807,18.30931509516869,41.941838664017524,14.66387109137723,23.632523568848836
catalogue_loss,catalogue,loss,cpu,payment,user,13.127384381755578,27.419390824690566,10.443556499701765,16.984809949365797,14.292006442934989,6.5412534496640315
catalogue_loss,catalogue,loss,cpu,payment,carts,13.127384381755578,27.419390824690566,22.36183779338454,64.73855825654611,14.292006442934989,42.376720463161575
catalogue_loss,catalogue,loss,cpu,payment,orders,13.127384381755578,27.419390824690566,15.709356343432232,29.551279471171622,14.292006442934989,13.84192312773939
catalogue_loss,catalogue,loss,cpu,payment,shipping,13.127384381755578,27.419390824690566,21.921310482244316,62.51216382436825,14.292006442934989,40.590853342123935
catalogue_loss,catalogue,loss,cpu,shipping,front-end,50.87119620622362,108.36984245994066,50.982881463058604,100.43993240484991,57.498646253717034,49.45705094179131
catalogue_loss,catalogue,loss,cpu,shipping,user,50.87119620622362,106.13548782810594,42.082829792876595,59.23789607850314,55.264291621882315,17.155066285626546
catalogue_loss,catalogue,loss,cpu,shipping,carts,50.87119620622362,106.13548782810594,61.48453169938133,196.46308054312428,55.264291621882315,134.97854884374294
catalogue_loss,catalogue,loss,cpu,shipping,orders,50.87119620622362,106.13548782810594,48.51270396406959,99.58477326570137,55.264291621882315,51.072069301631785
catalogue_loss,catalogue,loss,cpu,shipping,payment,50.87119620622362,106.13548782810594,50.94679688398818,98.14731952816854,55.264291621882315,47.20052264418036
catalogue_loss,catalogue,loss,mem,front-end,user,37.72498953411364,31.612732748119605,37.72498953411364,31.612732748119605,-6.112256785994035,-6.112256785994035
catalogue_loss,catalogue,loss,mem,front-end,carts,37.72498953411364,31.612732748119605,37.72498953411364,31.612732748119605,-6.112256785994035,-6.112256785994035
catalogue_loss,catalogue,loss,mem,front-end,orders,37.72498953411364,31.612732748119605,37.72498953411364,31.612732748119605,-6.112256785994035,-6.112256785994035
catalogue_loss,catalogue,loss,mem,front-end,payment,37.72498953411364,31.612732748119605,37.72498953411364,31.612732748119605,-6.112256785994035,-6.112256785994035
catalogue_loss,catalogue,loss,mem,front-end,shipping,37.72498953411364,31.612732748119605,37.72498953411364,31.612732748119605,-6.112256785994035,-6.112256785994035
catalogue_loss,catalogue,loss,mem,user,front-end,1.0140918544893178,3.5357836523652124,1.333955408852711,2.024036633543931,2.521691797875895,0.6900812246912198
catalogue_loss,catalogue,loss,mem,user,carts,1.0140918544893178,3.5357836523652124,0.9801846422965468,0.1371605902781579,2.521691797875895,-0.8430240520183889
catalogue_loss,catalogue,loss,mem,user,orders,1.0140918544893178,3.5357836523652124,0.48364304421500703,0.5426723732355723,2.521691797875895,0.059029329020565235
catalogue_loss,catalogue,loss,mem,user,payment,1.0140918544893178,3.5357836523652124,0.7100103981096771,2.0527953684854676,2.521691797875895,1.3427849703757904
catalogue_loss,catalogue,loss,mem,user,shipping,1.0140918544893178,3.5357836523652124,0.5370953764691994,1.7187452700872838,2.521691797875895,1.1816498936180846
catalogue_loss,catalogue,loss,mem,carts,front-end,0.29484812808129385,1.1519467161677754,0.3291384851069121,0.8671152524894372,0.8570985880864816,0.5379767673825251
catalogue_loss,catalogue,loss,mem,carts,user,0.29484812808129385,1.1519467161677754,0.20459664823572254,0.4410343677809221,0.8570985880864816,0.23643771954519954
catalogue_loss,catalogue,loss,mem,carts,orders,0.29484812808129385,1.1519467161677754,0.21092724218745376,0.5059626168778485,0.8570985880864816,0.29503537469039476
catalogue_loss,catalogue,loss,mem,carts,payment,0.29484812808129385,1.1519467161677754,0.22655724085325507,0.8712339125770016,0.8570985880864816,0.6446766717237464
catalogue_loss,catalogue,loss,mem,carts,shipping,0.29484812808129385,1.1519467161677754,0.18963748105769634,0.08718526007801021,0.8570985880864816,-0.10245222097968613
catalogue_loss,catalogue,loss,mem,orders,front-end,0.04737956908745447,0.14525612382323014,0.05798765242561098,0.08595814247264089,0.09787655473577567,0.02797049004702991
catalogue_loss,catalogue,loss,mem,orders,user,0.04737956908745447,0.14525612382323014,0.020760315444187664,0.0217260251659174,0.09787655473577567,0.0009657097217297371
catalogue_loss,catalogue,loss,mem,orders,carts,0.04737956908745447,0.14525612382323014,0.043236053364004004,0.021515322574195923,0.09787655473577567,-0.02172073078980808
catalogue_loss,catalogue,loss,mem,orders,payment,0.04737956908745447,0.14525612382323014,0.034842000411607066,0.09706082339645883,0.09787655473577567,0.06221882298485176
catalogue_loss,catalogue,loss,mem,orders,shipping,0.04737956908745447,0.14525612382323014,0.02594463816829068,0.07703377979626803,0.09787655473577567,0.051089141627977355
catalogue_loss,catalogue,loss,mem,payment,front-end,0.9600739211579433,2.8012111269385263,0.9856398941539047,2.728514694936582,1.841137205780583,1.7428748007826775
catalogue_loss,catalogue,loss,mem,payment,user,0.9600739211579433,2.8012111269385263,0.5949017221199808,2.2568693731485157,1.841137205780583,1.6619676510285348
catalogue_loss,catalogue,loss,mem,payment,carts,0.9600739211579433,2.8012111269385263,0.7705442172888064,2.225331892149265,1.841137205780583,1.4547876748604585
catalogue_loss,catalogue,loss,mem,payment,orders,0.9600739211579433,2.8012111269385263,0.6992645376773684,2.388701766243144,1.841137205780583,1.6894372285657755
catalogue_loss,catalogue,loss,mem,payment,shipping,0.9600739211579433,2.8012111269385263,0.4942926276409591,2.867420291141878,1.841137205780583,2.373127663500919
catalogue_loss,catalogue,loss,mem,shipping,front-end,0.09930251735220093,0.4006381399695109,0.11232077661857995,0.33326869823188277,0.30133562261731,0.22094792161330282
catalogue_loss,catalogue,loss,mem,shipping,user,0.09930251735220093,0.4006381399695109,0.042050205113386904,0.1827203888957354,0.30133562261731,0.14067018378234852
catalogue_loss,catalogue,loss,mem,shipping,carts,0.09930251735220093,0.4006381399695109,0.07861824906858948,0.1684707034564536,0.30133562261731,0.08985245438786411
catalogue_loss,catalogue,loss,mem,shipping,orders,0.09930251735220093,0.4006381399695109,0.058516104372804315,0.21072810917082316,0.30133562261731,0.15221200479801883
catalogue_loss,catalogue,loss,mem,shipping,payment,0.09930251735220093,0.4006381399695109,0.047987162779792945,0.3347772875273054,0.30133562261731,0.2867901247475125
catalogue_loss,catalogue,loss,cpu,front-end,user,5.97344527218955,40.934280820326144,5.995386822873616,40.54077155159082,34.96083554813659,34.54538472871721
catalogue_loss,catalogue,loss,cpu,front-end,carts,5.97344527218955,40.934280820326144,6.0453955982205425,45.84883372096421,34.96083554813659,39.803438122743664
catalogue_loss,catalogue,loss,cpu,front-end,orders,5.97344527218955,40.36708077183044,5.927273145975634,45.81648015006474,34.39363549964089,39.88920700408911
catalogue_loss,catalogue,loss,cpu,front-end,payment,5.97344527218955,40.934280820326144,6.06981861432245,48.96758461639871,34.96083554813659,42.89776600207626
catalogue_loss,catalogue,loss,cpu,front-end,shipping,5.97344527218955,40.934280820326144,6.057365473203298,48.096794983116055,34.96083554813659,42.03942950991276
catalogue_loss,catalogue,loss,cpu,user,front-end,8.425555891802453,795.1665273806449,8.286339307128872,743.7191979419581,786.7409714888424,735.4328586348292
catalogue_loss,catalogue,loss,cpu,user,carts,8.425555891802453,786.4827217019555,8.374378187093466,766.3906015402686,778.057165810153,758.0162233531751
catalogue_loss,catalogue,loss,cpu,user,orders,8.425555891802453,784.6063872617858,8.352805097350505,755.7327832253383,776.1808313699834,747.3799781279878
catalogue_loss,catalogue,loss,cpu,user,payment,8.425555891802453,786.4827217019555,8.425555891802453,786.4827217019555,778.057165810153,778.057165810153
catalogue_loss,catalogue,loss,cpu,user,shipping,8.425555891802453,786.4827217019555,8.162179692484814,759.5160630370046,778.057165810153,751.3538833445198
catalogue_loss,catalogue,loss,cpu,carts,front-end,18.15229879399093,605.9047849792386,17.556237453618863,494.47746279348604,587.7524861852477,476.9212253398672
catalogue_loss,catalogue,loss,cpu,carts,user,18.15229879399093,604.993622790775,18.183202772879667,486.78278342457446,586.8413239967841,468.5995806516948
catalogue_loss,catalogue,loss,cpu,carts,orders,18.15229879399093,603.7953002040356,18.15229879399093,603.7953002040356,585.6430014100447,585.6430014100447
catalogue_loss,catalogue,loss,cpu,carts,payment,18.15229879399093,604.993622790775,18.26407794231531,492.8689795831489,586.8413239967841,474.60490164083365
catalogue_loss,catalogue,loss,cpu,carts,shipping,18.15229879399093,604.993622790775,18.15229879399093,604.993622790775,586.8413239967841,586.8413239967841
catalogue_loss,catalogue,loss,cpu,orders,front-end,24.743865965172986,493.6445378633228,24.612704066797598,366.2805312627644,468.9006718981498,341.66782719596677
catalogue_loss,catalogue,loss,cpu,orders,user,24.743865965172986,490.9660201774328,24.52996488255361,256.3243591387199,466.22215421225985,231.7943942561663
catalogue_loss,catalogue,loss,cpu,orders,carts,24.743865965172986,490.9660201774328,24.743865965172986,490.9660201774328,466.22215421225985,466.22215421225985
catalogue_loss,catalogue,loss,cpu,orders,payment,24.743865965172986,490.9660201774328,24.743865965172986,490.9660201774328,466.22215421225985,466.22215421225985
catalogue_loss,catalogue,loss,cpu,orders,shipping,24.743865965172986,490.9660201774328,17.6892889101983,323.56442068377754,466.22215421225985,305.87513177357926
catalogue_loss,catalogue,loss,cpu,payment,front-end,11.262369888420912,70.67057180723545,11.26815822257724,81.21446303351351,59.408201918814534,69.94630481093627
catalogue_loss,catalogue,loss,cpu,payment,user,11.262369888420912,70.9061507402973,11.26815822257724,81.5765683313343,59.64378085187639,70.30841010875706
catalogue_loss,catalogue,loss,cpu,payment,carts,11.262369888420912,70.9061507402973,11.17178532461999,73.41028697518747,59.64378085187639,62.238501650567486
catalogue_loss,catalogue,loss,cpu,payment,orders,11.262369888420912,70.68778044035562,11.26815822257724,81.32907061573495,59.42541055193471,70.06091239315771
catalogue_loss,catalogue,loss,cpu,payment,shipping,11.262369888420912,70.9061507402973,11.26815822257724,81.5765683313343,59.64378085187639,70.30841010875706
catalogue_loss,catalogue,loss,cpu,shipping,front-end,31.392978290607893,181.12200702399969,31.289560502152554,149.64259540729867,149.7290287333918,118.35303490514612
catalogue_loss,catalogue,loss,cpu,shipping,user,31.392978290607893,179.83353729414685,31.08990018060127,24.366858579927538,148.44055900353897,-6.7230416006737315
catalogue_loss,catalogue,loss,cpu,shipping,carts,31.392978290607893,179.83353729414685,31.392978290607893,179.83353729414685,148.44055900353897,148.44055900353897
catalogue_loss,catalogue,loss,cpu,shipping,orders,31.392978290607893,179.5514840203011,23.407202414740944,55.61849064119026,148.15850572969322,32.21128822644932
catalogue_loss,catalogue,loss,cpu,shipping,payment,31.392978290607893,179.83353729414685,31.392978290607893,179.83353729414685,148.44055900353897,148.44055900353897
catalogue_loss,catalogue,loss,mem,front-end,user,4.015438340962864,38.618352408451,3.9938327576927586,37.9885244569214,34.602914067488136,33.99469169922864
catalogue_loss,catalogue,loss,mem,front-end,carts,4.015438340962864,38.618352408451,4.015438340962864,38.618352408451,34.602914067488136,34.602914067488136
catalogue_loss,catalogue,loss,mem,front-end,orders,4.015438340962864,38.618352408451,4.015438340962864,38.618352408451,34.602914067488136,34.602914067488136
catalogue_loss,catalogue,loss,mem,front-end,payment,4.015438340962864,38.618352408451,4.013026544910817,38.636204876710494,34.602914067488136,34.62317833179968
catalogue_loss,catalogue,loss,mem,front-end,shipping,4.015438340962864,38.618352408451,4.015438340962864,38.618352408451,34.602914067488136,34.602914067488136
catalogue_loss,catalogue,loss,mem,user,front-end,0.3060219510571553,1.1123542746085788,0.30303611755027926,0.5946740208200839,0.8063323235514235,0.29163790326980465
catalogue_loss,catalogue,loss,mem,user,carts,0.3060219510571553,1.1123542746085788,0.3059295061384586,0.9819595584283268,0.8063323235514235,0.6760300522898682
catalogue_loss,catalogue,loss,mem,user,orders,0.3060219510571553,1.1123542746085788,0.3059295061384586,0.9819595584283268,0.8063323235514235,0.6760300522898682
catalogue_loss,catalogue,loss,mem,user,payment,0.3060219510571553,1.1123542746085788,0.2309123046649806,0.9853585041569751,0.8063323235514235,0.7544461994919945
catalogue_loss,catalogue,loss,mem,user,shipping,0.3060219510571553,1.1123542746085788,0.3059295061384586,0.9819595584283268,0.8063323235514235,0.6760300522898682
catalogue_loss,catalogue,loss,mem,carts,front-end,0.4626757824467924,0.5220093528399172,0.4626757824467924,0.5220093528399172,0.05933357039312481,0.05933357039312481
catalogue_loss,catalogue,loss,mem,carts,user,0.4626757824467924,0.5220093528399172,0.4626757824467924,0.5220093528399172,0.05933357039312481,0.05933357039312481
catalogue_loss,catalogue,loss,mem,carts,orders,0.4626757824467924,0.5220093528399172,0.38121381435013024,0.22728714166206512,0.05933357039312481,-0.15392667268806512
catalogue_loss,catalogue,loss,mem,carts,payment,0.4626757824467924,0.5220093528399172,0.4626757824467924,0.5220093528399172,0.05933357039312481,0.05933357039312481
catalogue_loss,catalogue,loss,mem,carts,shipping,0.4626757824467924,0.5220093528399172,0.4626757824467924,0.5220093528399172,0.05933357039312481,0.05933357039312481
catalogue_loss,catalogue,loss,mem,orders,front-end,0.02767425162163721,0.0672800781741078,0.027984965394143597,0.08838925080459079,0.039605826552470594,0.06040428541044719
catalogue_loss,catalogue,loss,mem,orders,user,0.02767425162163721,0.0672800781741078,0.027984965394143597,0.08838925080459079,0.039605826552470594,0.06040428541044719
catalogue_loss,catalogue,loss,mem,orders,carts,0.02767425162163721,0.0672800781741078,0.022425197417017356,0.07144384161403636,0.039605826552470594,0.049018644197019
catalogue_loss,catalogue,loss,mem,orders,payment,0.02767425162163721,0.0672800781741078,0.027984965394143597,0.08838925080459079,0.039605826552470594,0.06040428541044719
catalogue_loss,catalogue,loss,mem,orders,shipping,0.02767425162163721,0.0672800781741078,0.027984965394143597,0.08838925080459079,0.039605826552470594,0.06040428541044719
catalogue_loss,catalogue,loss,mem,payment,front-end,0.62751643688439,0.8825839181417973,0.6282632032415301,1.134819672594064,0.2550674812574073,0.506556469352534
catalogue_loss,catalogue,loss,mem,payment,user,0.62751643688439,0.8825839181417973,0.5501010570570221,1.745701740794146,0.2550674812574073,1.195600683737124
catalogue_loss,catalogue,loss,mem,payment,carts,0.62751643688439,0.8825839181417973,0.6284803428659341,0.6876044758145519,0.2550674812574073,0.059124132948617736
catalogue_loss,catalogue,loss,mem,payment,orders,0.62751643688439,0.8825839181417973,0.6284803428659341,0.6876044758145519,0.2550674812574073,0.059124132948617736
catalogue_loss,catalogue,loss,mem,payment,shipping,0.62751643688439,0.8825839181417973,0.6284803428659341,0.6876044758145519,0.2550674812574073,0.059124132948617736
catalogue_loss,catalogue,loss,mem,shipping,front-end,0.023032356479296797,0.024418486145172846,0.023032356479296797,0.024418486145172846,0.0013861296658760486,0.0013861296658760486
catalogue_loss,catalogue,loss,mem,shipping,user,0.023032356479296797,0.024418486145172846,0.023032356479296797,0.024418486145172846,0.0013861296658760486,0.0013861296658760486
catalogue_loss,catalogue,loss,mem,shipping,carts,0.023032356479296797,0.024418486145172846,0.023032356479296797,0.024418486145172846,0.0013861296658760486,0.0013861296658760486
catalogue_loss,catalogue,loss,mem,shipping,orders,0.023032356479296797,0.024418486145172846,0.023032356479296797,0.024418486145172846,0.0013861296658760486,0.0013861296658760486
catalogue_loss,catalogue,loss,mem,shipping,payment,0.023032356479296797,0.024418486145172846,0.023032356479296797,0.024418486145172846,0.0013861296658760486,0.0013861296658760486
catalogue_mem,catalogue,mem,cpu,front-end,user,7.866412566138363,11.4843520345047,7.707487663262504,11.366224151206593,3.6179394683663375,3.658736487944089
catalogue_mem,catalogue,mem,cpu,front-end,carts,7.866412566138363,11.481928146989494,7.866412566138363,11.481928146989494,3.615515580851131,3.615515580851131
catalogue_mem,catalogue,mem,cpu,front-end,orders,7.866412566138363,11.481928146989494,7.810985346247937,11.583259114060514,3.615515580851131,3.7722737678125773
catalogue_mem,catalogue,mem,cpu,front-end,payment,7.866412566138363,11.481928146989494,7.866412566138363,11.481928146989494,3.615515580851131,3.615515580851131
catalogue_mem,catalogue,mem,cpu,front-end,shipping,7.866412566138363,11.481928146989494,7.56742699408223,11.64948182228294,3.615515580851131,4.08205482820071
catalogue_mem,catalogue,mem,cpu,user,front-end,6.9546474547199395,9.522401311419513,6.912871199059296,9.267805577372695,2.5677538566995732,2.3549343783133985
catalogue_mem,catalogue,mem,cpu,user,carts,6.9546474547199395,9.522401311419513,7.055795893821242,9.3467483935201,2.5677538566995732,2.290952499698858
catalogue_mem,catalogue,mem,cpu,user,orders,6.9546474547199395,9.522401311419513,7.113162597780227,9.300046275870619,2.5677538566995732,2.1868836780903917
catalogue_mem,catalogue,mem,cpu,user,payment,6.9546474547199395,9.522401311419513,7.113162597780227,9.300046275870619,2.5677538566995732,2.1868836780903917
catalogue_mem,catalogue,mem,cpu,user,shipping,6.9546474547199395,9.522401311419513,7.146367226579676,9.347571361042755,2.5677538566995732,2.2012041344630795
catalogue_mem,catalogue,mem,cpu,carts,front-end,67.08296147813178,67.17924630308862,67.08296147813178,67.17924630308862,0.09628482495683954,0.09628482495683954
catalogue_mem,catalogue,mem,cpu,carts,user,67.08296147813178,67.16053395083689,70.11553311271187,78.30026391869416,0.07757247270511414,8.184730805982284
catalogue_mem,catalogue,mem,cpu,carts,orders,67.08296147813178,67.17924630308862,67.08296147813178,67.17924630308862,0.09628482495683954,0.09628482495683954
catalogue_mem,catalogue,mem,cpu,carts,payment,67.08296147813178,67.17924630308862,67.08296147813178,67.17924630308862,0.09628482495683954,0.09628482495683954
catalogue_mem,catalogue,mem,cpu,carts,shipping,67.08296147813178,67.17924630308862,67.08296147813178,67.17924630308862,0.09628482495683954,0.09628482495683954
catalogue_mem,catalogue,mem,cpu,orders,front-end,20.723409775791485,17.324195999083226,20.64990884483183,18.148538328398057,-3.399213776708258,-2.5013705164337736
catalogue_mem,catalogue,mem,cpu,orders,user,20.723409775791485,17.33367631987091,20.723409775791485,17.33367631987091,-3.389733455920574,-3.389733455920574
catalogue_mem,catalogue,mem,cpu,orders,carts,20.723409775791485,17.324195999083226,20.723409775791485,17.324195999083226,-3.399213776708258,-3.399213776708258
catalogue_mem,catalogue,mem,cpu,orders,payment,20.723409775791485,17.324195999083226,20.708640098484818,18.12430505324281,-3.399213776708258,-2.584335045242007
catalogue_mem,catalogue,mem,cpu,orders,shipping,20.723409775791485,17.324195999083226,20.472212196774212,13.534479874836789,-3.399213776708258,-6.937732321937423
catalogue_mem,catalogue,mem,cpu,payment,front-end,8.607018392316464,9.714129580370642,8.607018392316464,9.714129580370642,1.1071111880541782,1.1071111880541782
catalogue_mem,catalogue,mem,cpu,payment,user,8.607018392316464,9.715466313082747,8.607018392316464,9.715466313082747,1.1084479207662827,1.1084479207662827
catalogue_mem,catalogue,mem,cpu,payment,carts,8.607018392316464,9.714129580370642,8.607018392316464,9.714129580370642,1.1071111880541782,1.1071111880541782
catalogue_mem,catalogue,mem,cpu,payment,orders,8.607018392316464,9.714129580370642,8.587505558786553,9.814304518370228,1.1071111880541782,1.2267989595836752
catalogue_mem,catalogue,mem,cpu,payment,shipping,8.607018392316464,9.714129580370642,8.607018392316464,9.714129580370642,1.1071111880541782,1.1071111880541782
catalogue_mem,catalogue,mem,cpu,shipping,front-end,39.113115891891496,42.27725321662312,37.54759587434096,49.23836940399213,3.1641373247316267,11.690773529651167
catalogue_mem,catalogue,mem,cpu,shipping,user,39.113115891891496,42.274037916136145,38.58089949927436,42.29264738881301,3.1609220242446483,3.7117478895386498
catalogue_mem,catalogue,mem,cpu,shipping,carts,39.113115891891496,42.27725321662312,39.406208713856024,41.72461437318709,3.1641373247316267,2.318405659331063
catalogue_mem,catalogue,mem,cpu,shipping,orders,39.113115891891496,42.27725321662312,35.14009577605833,32.4446400377354,3.1641373247316267,-2.6954557383229343
catalogue_mem,catalogue,mem,cpu,shipping,payment,39.113115891891496,42.27725321662312,39.406208713856024,41.72461437318709,3.1641373247316267,2.318405659331063
catalogue_mem,catalogue,mem,mem,front-end,user,3.651390395792321,3.4839563002643543,3.7151887862164688,3.5057591663946472,-0.1674340955279665,-0.2094296198218215
catalogue_mem,catalogue,mem,mem,front-end,carts,3.651390395792321,3.4839563002643543,3.6783052417000186,3.506521626113531,-0.1674340955279665,-0.17178361558648758
catalogue_mem,catalogue,mem,mem,front-end,orders,3.651390395792321,3.4839563002643543,3.7222278870945362,3.4988438662262977,-0.1674340955279665,-0.2233840208682385
catalogue_mem,catalogue,mem,mem,front-end,payment,3.651390395792321,3.4839563002643543,3.554696736577904,13.546361771177578,-0.1674340955279665,9.991665034599674
catalogue_mem,catalogue,mem,mem,front-end,shipping,3.651390395792321,3.4839563002643543,3.67095742126188,3.564566958513457,-0.1674340955279665,-0.1063904627484229
catalogue_mem,catalogue,mem,mem,user,front-end,0.28862028323651967,0.8069666475773599,0.28737778366725675,0.8104919784812991,0.5183463643408402,0.5231141948140423
catalogue_mem,catalogue,mem,mem,user,carts,0.28862028323651967,0.8069666475773599,0.28737778366725675,0.8104919784812991,0.5183463643408402,0.5231141948140423
catalogue_mem,catalogue,mem,mem,user,orders,0.28862028323651967,0.8069666475773599,0.256576543576233,0.9275788387994767,0.5183463643408402,0.6710022952232437
catalogue_mem,catalogue,mem,mem,user,payment,0.28862028323651967,0.8069666475773599,0.28737778366725675,0.8104919784812991,0.5183463643408402,0.5231141948140423
catalogue_mem,catalogue,mem,mem,user,shipping,0.28862028323651967,0.8069666475773599,0.28737778366725675,0.8104919784812991,0.5183463643408402,0.5231141948140423
catalogue_mem,catalogue,mem,mem,carts,front-end,0.24618567829656304,0.12972689301519869,0.2430653556652093,0.12706830731017138,-0.11645878528136436,-0.11599704835503791
catalogue_mem,catalogue,mem,mem,carts,user,0.24618567829656304,0.12972689301519869,0.2505740936662659,0.1184068650142944,-0.11645878528136436,-0.13216722865197147
catalogue_mem,catalogue,mem,mem,carts,orders,0.24618567829656304,0.12972689301519869,0.2505740936662659,0.1184068650142944,-0.11645878528136436,-0.13216722865197147
catalogue_mem,catalogue,mem,mem,carts,payment,0.24618567829656304,0.12972689301519869,0.20436431946721573,2.145033566996518,-0.11645878528136436,1.9406692475293021
catalogue_mem,catalogue,mem,mem,carts,shipping,0.24618567829656304,0.12972689301519869,0.21911538679371384,0.35863880734507464,-0.11645878528136436,0.1395234205513608
catalogue_mem,catalogue,mem,mem,orders,front-end,0.0922883901151119,0.1490415975234692,0.09197178761902709,0.1492753149326144,0.056753207408357306,0.0573035273135873
catalogue_mem,catalogue,mem,mem,orders,user,0.0922883901151119,0.1490415975234692,0.08805271000097754,0.19741469868124517,0.056753207408357306,0.10936198868026763
catalogue_mem,catalogue,mem,mem,orders,carts,0.0922883901151119,0.1490415975234692,0.0922883901151119,0.1490415975234692,0.056753207408357306,0.056753207408357306
catalogue_mem,catalogue,mem,mem,orders,payment,0.0922883901151119,0.1490415975234692,0.08250403995477494,0.6018846400024651,0.056753207408357306,0.5193806000476902
catalogue_mem,catalogue,mem,mem,orders,shipping,0.0922883901151119,0.1490415975234692,0.07957966388264358,0.21190583308730676,0.056753207408357306,0.13232616920466317
catalogue_mem,catalogue,mem,mem,payment,front-end,0.09458854037467672,1.2738013550194707,0.0892559909718705,1.2697314416450358,1.179212814644794,1.1804754506731654
catalogue_mem,catalogue,mem,mem,payment,user,0.09458854037467672,1.2738013550194707,0.09450587882521234,1.2739695599683223,1.179212814644794,1.1794636811431098
catalogue_mem,catalogue,mem,mem,payment,carts,0.09458854037467672,1.2738013550194707,0.0669108745352632,1.2879945441317044,1.179212814644794,1.2210836695964413
catalogue_mem,catalogue,mem,mem,payment,orders,0.09458854037467672,1.2738013550194707,0.07715349216106464,1.3356541143004823,1.179212814644794,1.2585006221394177
catalogue_mem,catalogue,mem,mem,payment,shipping,0.09458854037467672,1.2738013550194707,0.07713683135295124,1.2043970222909377,1.179212814644794,1.1272601909379865
catalogue_mem,catalogue,mem,mem,shipping,front-end,0.02728017913285268,0.06331897658500268,0.02724057219972094,0.06277967406891334,0.03603879745215001,0.0355391018691924
catalogue_mem,catalogue,mem,mem,shipping,user,0.02728017913285268,0.06331897658500268,0.0272918001641441,0.0633761835592574,0.03603879745215001,0.03608438339511331
catalogue_mem,catalogue,mem,mem,shipping,carts,0.02728017913285268,0.06331897658500268,0.027658345697430593,0.06741891156644113,0.03603879745215001,0.039760565869010535
catalogue_mem,catalogue,mem,mem,shipping,orders,0.02728017913285268,0.06331897658500268,0.021346624911121232,0.07827148138906485,0.03603879745215001,0.056924856477943625
catalogue_mem,catalogue,mem,mem,shipping,payment,0.02728017913285268,0.06331897658500268,0.025452218062697478,0.11310878808767821,0.03603879745215001,0.08765657002498073
catalogue_mem,catalogue,mem,cpu,front-end,user,5.890248596373869,6.350894162664171,5.814947280004751,6.18400286601601,0.4606455662903022,0.36905558601125854
catalogue_mem,catalogue,mem,cpu,front-end,carts,5.890248596373869,6.350894162664171,5.732293982297524,5.619239793676803,0.4606455662903022,-0.11305418862072081
catalogue_mem,catalogue,mem,cpu,front-end,orders,5.890248596373869,6.350894162664171,5.891635139371841,6.368471430945184,0.4606455662903022,0.47683629157334284
catalogue_mem,catalogue,mem,cpu,front-end,payment,5.890248596373869,6.350894162664171,5.890248596373869,6.350894162664171,0.4606455662903022,0.4606455662903022
catalogue_mem,catalogue,mem,cpu,front-end,shipping,5.895580558240143,6.3511877227318045,5.895580558240143,6.3511877227318045,0.4556071644916617,0.4556071644916617
catalogue_mem,catalogue,mem,cpu,user,front-end,8.572963070599616,6.747485348923029,8.539164699730577,6.68464111641723,-1.8254777216765872,-1.8545235833133473
catalogue_mem,catalogue,mem,cpu,user,carts,8.572963070599616,6.747485348923029,8.544024802102369,6.640542121971038,-1.8254777216765872,-1.9034826801313312
catalogue_mem,catalogue,mem,cpu,user,orders,8.572963070599616,6.747485348923029,8.518796036299191,6.942274208787783,-1.8254777216765872,-1.5765218275114083
catalogue_mem,catalogue,mem,cpu,user,payment,8.572963070599616,6.747485348923029,8.417350672009572,6.60313117519359,-1.8254777216765872,-1.8142194968159826
catalogue_mem,catalogue,mem,cpu,user,shipping,8.581380933279469,6.746950376817491,8.513691836047744,6.912207300057394,-1.834430556461978,-1.601484535990351
catalogue_mem,catalogue,mem,cpu,carts,front-end,6.389201222003568,11.094031685907671,6.282539309127857,10.58385785849702,4.704830463904103,4.301318549369162
catalogue_mem,catalogue,mem,cpu,carts,user,6.389201222003568,11.094031685907671,6.35452650050475,11.022460455131098,4.704830463904103,4.667933954626347
catalogue_mem,catalogue,mem,cpu,carts,orders,6.389201222003568,11.094031685907671,6.391783308887112,11.120016420493279,4.704830463904103,4.728233111606167
catalogue_mem,catalogue,mem,cpu,carts,payment,6.389201222003568,11.094031685907671,6.389201222003568,11.094031685907671,4.704830463904103,4.704830463904103
catalogue_mem,catalogue,mem,cpu,carts,shipping,6.395636349099382,11.094121809559764,6.404977029574531,11.311341064344012,4.6984854604603825,4.906364034769481
catalogue_mem,catalogue,mem,cpu,orders,front-end,15.94306648359794,17.55507350526642,15.94319668728119,17.54655474970259,1.6120070216684805,1.6033580624213997
catalogue_mem,catalogue,mem,cpu,orders,user,15.94306648359794,17.55507350526642,16.047356130235443,17.69696005291526,1.6120070216684805,1.649603922679816
catalogue_mem,catalogue,mem,cpu,orders,carts,15.94306648359794,17.55507350526642,15.950354453579452,17.498050164942587,1.6120070216684805,1.5476957113631347
catalogue_mem,catalogue,mem,cpu,orders,payment,15.94306648359794,17.55507350526642,16.115577095195,17.50432940543653,1.6120070216684805,1.3887523102415287
catalogue_mem,catalogue,mem,cpu,orders,shipping,15.964418293133194,17.55681758586852,12.61872528958406,22.49054838043212,1.5923992927353243,9.87182309084806
catalogue_mem,catalogue,mem,cpu,payment,front-end,9.085797765272877,7.835545923905627,9.085797765272877,7.835545923905627,-1.25025184136725,-1.25025184136725
catalogue_mem,catalogue,mem,cpu,payment,user,9.085797765272877,7.835545923905627,8.951656016818387,7.468764518873316,-1.25025184136725,-1.4828914979450705
catalogue_mem,catalogue,mem,cpu,payment,carts,9.085797765272877,7.835545923905627,9.085797765272877,7.835545923905627,-1.25025184136725,-1.25025184136725
catalogue_mem,catalogue,mem,cpu,payment,orders,9.085797765272877,7.835545923905627,9.215197270437308,7.953538794309553,-1.25025184136725,-1.2616584761277547
catalogue_mem,catalogue,mem,cpu,payment,shipping,9.079465588625645,7.838698657535042,9.194133885096424,8.08997736471357,-1.2407669310906027,-1.104156520382853
catalogue_mem,catalogue,mem,cpu,shipping,front-end,15.499176975407936,21.41386154012323,15.51631028492071,21.4936726320945,5.914684564715293,5.977362347173791
catalogue_mem,catalogue,mem,cpu,shipping,user,15.499176975407936,21.41386154012323,15.447316612021078,21.57845690381882,5.914684564715293,6.131140291797744
catalogue_mem,catalogue,mem,cpu,shipping,carts,15.499176975407936,21.41386154012323,15.493164422414019,21.682346806425326,5.914684564715293,6.189182384011307
catalogue_mem,catalogue,mem,cpu,shipping,orders,15.499176975407936,21.41386154012323,13.202277810420728,22.151954098365792,5.914684564715293,8.949676287945064
catalogue_mem,catalogue,mem,cpu,shipping,payment,15.499176975407936,21.41386154012323,15.354497522015839,21.337155685474524,5.914684564715293,5.9826581634586855
catalogue_mem,catalogue,mem,mem,front-end,user,3.439878184921826,3.5636862787905157,3.4033260957715217,3.662238317433171,0.12380809386868963,0.2589122216616495
catalogue_mem,catalogue,mem,mem,front-end,carts,3.439878184921826,3.5636862787905157,3.4405426899622347,3.564226056113321,0.12380809386868963,0.12368336615108655
catalogue_mem,catalogue,mem,mem,front-end,orders,3.439878184921826,3.5636862787905157,3.444878371983167,3.543600556315849,0.12380809386868963,0.09872218433268198
catalogue_mem,catalogue,mem,mem,front-end,payment,3.439878184921826,3.5636862787905157,3.312997566874102,4.579414660826844,0.12380809386868963,1.2664170939527417
catalogue_mem,catalogue,mem,mem,front-end,shipping,3.439878184921826,3.5636862787905157,3.444878371983167,3.543600556315849,0.12380809386868963,0.09872218433268198
catalogue_mem,catalogue,mem,mem,user,front-end,0.2695672933920145,0.5962816274057977,0.2628153424167897,0.5892471835113082,0.3267143340137832,0.3264318410945185
catalogue_mem,catalogue,mem,mem,user,carts,0.2695672933920145,0.5962816274057977,0.2645900377414614,0.566153484518059,0.3267143340137832,0.30156344677659763
catalogue_mem,catalogue,mem,mem,user,orders,0.2695672933920145,0.5962816274057977,0.270194262749746,0.5924960064062103,0.3267143340137832,0.32230174365646425
catalogue_mem,catalogue,mem,mem,user,payment,0.2695672933920145,0.5962816274057977,0.17999563278804773,0.22267618889257013,0.3267143340137832,0.0426805561045224
catalogue_mem,catalogue,mem,mem,user,shipping,0.2695672933920145,0.5962816274057977,0.270194262749746,0.5924960064062103,0.3267143340137832,0.32230174365646425
catalogue_mem,catalogue,mem,mem,carts,front-end,0.00897381385560501,0.008479034247549623,0.009006537369539637,0.008050335501760767,-0.0004947796080553863,-0.0009562018677788699
catalogue_mem,catalogue,mem,mem,carts,user,0.00897381385560501,0.008479034247549623,0.009157722288198295,0.0055973974713627635,-0.0004947796080553863,-0.0035603248168355316
catalogue_mem,catalogue,mem,mem,carts,orders,0.00897381385560501,0.008479034247549623,0.009039216294762916,0.008076546179970678,-0.0004947796080553863,-0.0009626701147922388
catalogue_mem,catalogue,mem,mem,carts,payment,0.00897381385560501,0.008479034247549623,0.009059225499895445,0.00793755584434584,-0.0004947796080553863,-0.0011216696555496047
catalogue_mem,catalogue,mem,mem,carts,shipping,0.00897381385560501,0.008479034247549623,0.009039216294762916,0.008076546179970678,-0.0004947796080553863,-0.0009626701147922388
catalogue_mem,catalogue,mem,mem,orders,front-end,0.06440221421801182,0.05859279318550686,0.0645062492805561,0.05880040888987632,-0.005809421032504959,-0.005705840390679777
catalogue_mem,catalogue,mem,mem,orders,user,0.06440221421801182,0.05859279318550686,0.0645062492805561,0.05880040888987632,-0.005809421032504959,-0.005705840390679777
catalogue_mem,catalogue,mem,mem,orders,carts,0.06440221421801182,0.05859279318550686,0.0645062492805561,0.05880040888987632,-0.005809421032504959,-0.005705840390679777
catalogue_mem,catalogue,mem,mem,orders,payment,0.06440221421801182,0.05859279318550686,0.0645062492805561,0.05880040888987632,-0.005809421032504959,-0.005705840390679777
catalogue_mem,catalogue,mem,mem,orders,shipping,0.06440221421801182,0.05859279318550686,0.03155490373133799,0.07043522513717107,-0.005809421032504959,0.03888032140583308
catalogue_mem,catalogue,mem,mem,payment,front-end,0.18260458240327454,0.7101409186683831,0.17225970270807203,0.7035522002155314,0.5275363362651087,0.5312924975074594
catalogue_mem,catalogue,mem,mem,payment,user,0.18260458240327454,0.7101409186683831,0.1214478389338637,0.4665639537975071,0.5275363362651087,0.3451161148636434
catalogue_mem,catalogue,mem,mem,payment,carts,0.18260458240327454,0.7101409186683831,0.175715903634491,0.6899219407363094,0.5275363362651087,0.5142060371018184
catalogue_mem,catalogue,mem,mem,payment,orders,0.18260458240327454,0.7101409186683831,0.1827160088676508,0.707726056778685,0.5275363362651087,0.5250100479110342
catalogue_mem,catalogue,mem,mem,payment,shipping,0.18260458240327454,0.7101409186683831,0.1827160088676508,0.707726056778685,0.5275363362651087,0.5250100479110342
catalogue_mem,catalogue,mem,mem,shipping,front-end,0.12905992263558141,0.26195576832568296,0.12905992263558141,0.26195576832568296,0.13289584569010154,0.13289584569010154
catalogue_mem,catalogue,mem,mem,shipping,user,0.12905992263558141,0.26195576832568296,0.12905992263558141,0.26195576832568296,0.13289584569010154,0.13289584569010154
catalogue_mem,catalogue,mem,mem,shipping,carts,0.12905992263558141,0.26195576832568296,0.12905992263558141,0.26195576832568296,0.13289584569010154,0.13289584569010154
catalogue_mem,catalogue,mem,mem,shipping,orders,0.12905992263558141,0.26195576832568296,0.06422755250071813,0.1978122156730316,0.13289584569010154,0.13358466317231346
catalogue_mem,catalogue,mem,mem,shipping,payment,0.12905992263558141,0.26195576832568296,0.12905992263558141,0.26195576832568296,0.13289584569010154,0.13289584569010154
catalogue_mem,catalogue,mem,cpu,front-end,user,6.472902034620999,7.372132761704267,6.1022949300891485,7.750997859265957,0.8992307270832685,1.6487029291768085
catalogue_mem,catalogue,mem,cpu,front-end,carts,6.472902034620999,7.372132761704267,6.403398368101406,7.639967011545556,0.8992307270832685,1.2365686434441496
catalogue_mem,catalogue,mem,cpu,front-end,orders,6.472902034620999,7.372132761704267,6.489343472495371,7.638462496096434,0.8992307270832685,1.149119023601063
catalogue_mem,catalogue,mem,cpu,front-end,payment,6.472902034620999,7.372132761704267,6.410162409492613,7.904074355668704,0.8992307270832685,1.493911946176091
catalogue_mem,catalogue,mem,cpu,front-end,shipping,6.472902034620999,7.372132761704267,6.489343472495371,7.638462496096434,0.8992307270832685,1.149119023601063
catalogue_mem,catalogue,mem,cpu,user,front-end,8.858544588732348,12.271047581102778,8.673809002835464,12.512534801556388,3.4125029923704293,3.8387257987209242
catalogue_mem,catalogue,mem,cpu,user,carts,8.858544588732348,12.271047581102778,8.578015396016582,12.645139568881852,3.4125029923704293,4.06712417286527
catalogue_mem,catalogue,mem,cpu,user,orders,8.858544588732348,12.271047581102778,8.904502061933227,12.338312378309007,3.4125029923704293,3.43381031637578
catalogue_mem,catalogue,mem,cpu,user,payment,8.858544588732348,12.271047581102778,8.792661215207827,12.515902029649753,3.4125029923704293,3.723240814441926
catalogue_mem,catalogue,mem,cpu,user,shipping,8.858544588732348,12.271047581102778,8.904502061933227,12.338312378309007,3.4125029923704293,3.43381031637578
catalogue_mem,catalogue,mem,cpu,carts,front-end,22.3367292315093,15.005720561100949,21.74117812563222,15.186701672315703,-7.33100867040835,-6.554476453316518
catalogue_mem,catalogue,mem,cpu,carts,user,22.3367292315093,15.005720561100949,21.155319206610717,19.593921168804723,-7.33100867040835,-1.5613980378059935
catalogue_mem,catalogue,mem,cpu,carts,orders,22.3367292315093,15.005720561100949,22.340691865604295,15.018974253395163,-7.33100867040835,-7.321717612209133
catalogue_mem,catalogue,mem,cpu,carts,payment,22.3367292315093,15.005720561100949,22.244760167695105,15.03963254771737,-7.33100867040835,-7.205127619977736
catalogue_mem,catalogue,mem,cpu,carts,shipping,22.3367292315093,15.005720561100949,22.340691865604295,15.018974253395163,-7.33100867040835,-7.321717612209133
catalogue_mem,catalogue,mem,cpu,orders,front-end,37.09243928669481,41.56981507079635,37.369234379657456,41.36872841330498,4.47737578410154,3.9994940336475224
catalogue_mem,catalogue,mem,cpu,orders,user,37.09243928669481,41.56981507079635,37.369234379657456,41.36872841330498,4.47737578410154,3.9994940336475224
catalogue_mem,catalogue,mem,cpu,orders,carts,37.09243928669481,41.56981507079635,37.369234379657456,41.36872841330498,4.47737578410154,3.9994940336475224
catalogue_mem,catalogue,mem,cpu,orders,payment,37.09243928669481,41.56981507079635,37.369234379657456,41.36872841330498,4.47737578410154,3.9994940336475224
catalogue_mem,catalogue,mem,cpu,orders,shipping,37.09243928669481,41.56981507079635,22.27650647483099,23.772561185641123,4.47737578410154,1.4960547108101352
catalogue_mem,catalogue,mem,cpu,payment,front-end,8.082963114367656,7.517039999492944,7.906965252386032,7.788718551837668,-0.5659231148747121,-0.11824670054836339
catalogue_mem,catalogue,mem,cpu,payment,user,8.082963114367656,7.517039999492944,7.960569279099805,7.954444882369703,-0.5659231148747121,-0.0061243967301019
catalogue_mem,catalogue,mem,cpu,payment,carts,8.082963114367656,7.517039999492944,7.970645496514596,7.480353784094918,-0.5659231148747121,-0.49029171241967795
catalogue_mem,catalogue,mem,cpu,payment,orders,8.082963114367656,7.517039999492944,7.96219111963573,7.485099514734374,-0.5659231148747121,-0.4770916049013554
catalogue_mem,catalogue,mem,cpu,payment,shipping,8.082963114367656,7.517039999492944,7.96219111963573,7.485099514734374,-0.5659231148747121,-0.4770916049013554
catalogue_mem,catalogue,mem,cpu,shipping,front-end,80.58444980170229,108.24546121763807,80.6472567582074,108.18793679011434,27.661011415935775,27.54068003190693
catalogue_mem,catalogue,mem,cpu,shipping,user,80.58444980170229,108.24546121763807,80.6472567582074,108.18793679011434,27.661011415935775,27.54068003190693
catalogue_mem,catalogue,mem,cpu,shipping,carts,80.58444980170229,108.24546121763807,80.6472567582074,108.18793679011434,27.661011415935775,27.54068003190693
catalogue_mem,catalogue,mem,cpu,shipping,orders,80.58444980170229,108.24546121763807,48.14074407802216,63.96388720598497,27.661011415935775,15.823143127962808
catalogue_mem,catalogue,mem,cpu,shipping,payment,80.58444980170229,108.24546121763807,80.6472567582074,108.18793679011434,27.661011415935775,27.54068003190693
catalogue_mem,catalogue,mem,mem,front-end,user,3.813412669834207,3.40138921119283,3.819728875291617,3.4133852600476717,-0.4120234586413769,-0.40634361524394524
catalogue_mem,catalogue,mem,mem,front-end,carts,3.813412669834207,3.40138921119283,3.737400601114782,3.424968716537914,-0.4120234586413769,-0.3124318845768679
catalogue_mem,catalogue,mem,mem,front-end,orders,3.813412669834207,3.40138921119283,3.8174586698541226,3.4137371833774264,-0.4120234586413769,-0.40372148647669626
catalogue_mem,catalogue,mem,mem,front-end,payment,3.813412669834207,3.40138921119283,3.819728875291617,3.4133852600476717,-0.4120234586413769,-0.40634361524394524
catalogue_mem,catalogue,mem,mem,front-end,shipping,3.813412669834207,3.40138921119283,3.819198285301676,3.4231541732911777,-0.4120234586413769,-0.3960441120104985
catalogue_mem,catalogue,mem,mem,user,front-end,0.17078251260007554,1.9756747064786644,0.17078251260007554,1.9756747064786644,1.804892193878589,1.804892193878589
catalogue_mem,catalogue,mem,mem,user,carts,0.17078251260007554,1.9756747064786644,0.1666508994941248,1.967454357085701,1.804892193878589,1.8008034575915763
catalogue_mem,catalogue,mem,mem,user,orders,0.17078251260007554,1.9756747064786644,0.1660789896885877,1.8930605829272407,1.804892193878589,1.726981593238653
catalogue_mem,catalogue,mem,mem,user,payment,0.17078251260007554,1.9756747064786644,0.17143187003800703,1.8570297713344452,1.804892193878589,1.6855979012964382
catalogue_mem,catalogue,mem,mem,user,shipping,0.17078251260007554,1.9756747064786644,0.1602647787806593,1.9728130102297676,1.804892193878589,1.8125482314491084
catalogue_mem,catalogue,mem,mem,carts,front-end,0.08278839596722913,0.06087793967122576,0.09918463637740248,0.06257102556041766,-0.02191045629600337,-0.03661361081698482
catalogue_mem,catalogue,mem,mem,carts,user,0.08278839596722913,0.06087793967122576,0.08173662026160367,0.44820600826102064,-0.02191045629600337,0.366469387999417
catalogue_mem,catalogue,mem,mem,carts,orders,0.08278839596722913,0.06087793967122576,0.0826656387692834,0.06084957140164617,-0.02191045629600337,-0.021816067367637228
catalogue_mem,catalogue,mem,mem,carts,payment,0.08278839596722913,0.06087793967122576,0.0897929626737457,0.07033016539119825,-0.02191045629600337,-0.019462797282547448
catalogue_mem,catalogue,mem,mem,carts,shipping,0.08278839596722913,0.06087793967122576,0.08139236997357716,0.06512787362620565,-0.02191045629600337,-0.01626449634737151
catalogue_mem,catalogue,mem,mem,orders,front-end,0.09794532766537406,0.09339766432172887,0.09791922208624296,0.09339136179917334,-0.004547663343645189,-0.004527860287069613
catalogue_mem,catalogue,mem,mem,orders,user,0.09794532766537406,0.09339766432172887,0.08591173199448329,0.3435050733268249,-0.004547663343645189,0.2575933413323416
catalogue_mem,catalogue,mem,mem,orders,carts,0.09794532766537406,0.09339766432172887,0.09792661246651377,0.09339522261364597,-0.004547663343645189,-0.004531389852867801
catalogue_mem,catalogue,mem,mem,orders,payment,0.09794532766537406,0.09339766432172887,0.09792661246651377,0.09339522261364597,-0.004547663343645189,-0.004531389852867801
catalogue_mem,catalogue,mem,mem,orders,shipping,0.09794532766537406,0.09339766432172887,0.09811296361844041,0.09332482326139654,-0.004547663343645189,-0.004788140357043863
catalogue_mem,catalogue,mem,mem,payment,front-end,0.15308068608625497,0.9614157570730588,0.15333470579021444,0.9616429054144076,0.8083350709868038,0.8083081996241931
catalogue_mem,catalogue,mem,mem,payment,user,0.15308068608625497,0.9614157570730588,0.13921334450256972,0.8119116216812768,0.8083350709868038,0.6726982771787071
catalogue_mem,catalogue,mem,mem,payment,carts,0.15308068608625497,0.9614157570730588,0.15059878314472838,0.9577684523973056,0.8083350709868038,0.8071696692525772
catalogue_mem,catalogue,mem,mem,payment,orders,0.15308068608625497,0.9614157570730588,0.15333470579021444,0.9616429054144076,0.8083350709868038,0.8083081996241931
catalogue_mem,catalogue,mem,mem,payment,shipping,0.15308068608625497,0.9614157570730588,0.12409138065467046,0.9604755339329937,0.8083350709868038,0.8363841532783232
catalogue_mem,catalogue,mem,mem,shipping,front-end,0.2596828657509527,0.0864883461925204,0.2590457287666221,0.09123880047481105,-0.1731945195584323,-0.16780692829181104
catalogue_mem,catalogue,mem,mem,shipping,user,0.2596828657509527,0.0864883461925204,0.20917287082188796,1.1644365468797948,-0.1731945195584323,0.9552636760579069
catalogue_mem,catalogue,mem,mem,shipping,carts,0.2596828657509527,0.0864883461925204,0.2553070794482205,0.09200877520731456,-0.1731945195584323,-0.16329830424090597
catalogue_mem,catalogue,mem,mem,shipping,orders,0.2596828657509527,0.0864883461925204,0.259638576688142,0.08940452504852586,-0.1731945195584323,-0.17023405163961614
catalogue_mem,catalogue,mem,mem,shipping,payment,0.2596828657509527,0.0864883461925204,0.2514002259278453,0.25339596087226146,-0.1731945195584323,0.001995734944416183
catalogue_socket,catalogue,socket,cpu,front-end,user,7.46325720760817,7.56976441266124,7.472897927221768,7.437714534460241,0.10650720505306932,-0.035183392761527266
catalogue_socket,catalogue,socket,cpu,front-end,carts,7.46325720760817,7.56976441266124,7.438268635601249,7.4686131718324775,0.10650720505306932,0.03034453623122868
catalogue_socket,catalogue,socket,cpu,front-end,orders,7.46325720760817,7.56976441266124,7.472897927221768,7.437714534460241,0.10650720505306932,-0.035183392761527266
catalogue_socket,catalogue,socket,cpu,front-end,payment,7.46325720760817,7.56976441266124,7.472897927221768,7.437714534460241,0.10650720505306932,-0.035183392761527266
catalogue_socket,catalogue,socket,cpu,front-end,shipping,7.46325720760817,7.56976441266124,7.472759581753209,7.321876504579509,0.10650720505306932,-0.15088307717369975
catalogue_socket,catalogue,socket,cpu,user,front-end,8.29901048147474,7.458894136286955,8.29901048147474,7.458894136286955,-0.8401163451877851,-0.8401163451877851
catalogue_socket,catalogue,socket,cpu,user,carts,8.29901048147474,7.458894136286955,8.29901048147474,7.458894136286955,-0.8401163451877851,-0.8401163451877851
catalogue_socket,catalogue,socket,cpu,user,orders,8.29901048147474,7.458894136286955,8.227086622741004,7.587126590144531,-0.8401163451877851,-0.6399600325964725
catalogue_socket,catalogue,socket,cpu,user,payment,8.29901048147474,7.458894136286955,8.298887093835502,7.458816078234008,-0.8401163451877851,-0.8400710156014934
catalogue_socket,catalogue,socket,cpu,user,shipping,8.29901048147474,7.458894136286955,8.29901048147474,7.458894136286955,-0.8401163451877851,-0.8401163451877851
catalogue_socket,catalogue,socket,cpu,carts,front-end,22.118385684359836,16.178327169001843,21.969796999858996,16.459577591838183,-5.940058515357993,-5.510219408020813
catalogue_socket,catalogue,socket,cpu,carts,user,22.118385684359836,16.178327169001843,21.955717766249915,16.21663779719348,-5.940058515357993,-5.739079969056434
catalogue_socket,catalogue,socket,cpu,carts,orders,22.118385684359836,16.178327169001843,22.49749041486179,15.113683606894806,-5.940058515357993,-7.383806807966984
catalogue_socket,catalogue,socket,cpu,carts,payment,22.118385684359836,16.178327169001843,21.955717766249915,16.21663779719348,-5.940058515357993,-5.739079969056434
catalogue_socket,catalogue,socket,cpu,carts,shipping,22.118385684359836,16.178327169001843,21.907680234938486,16.48606147690475,-5.940058515357993,-5.421618758033734
catalogue_socket,catalogue,socket,cpu,orders,front-end,8.788527201108545,9.790300256884775,8.788527201108545,9.790300256884775,1.0017730557762299,1.0017730557762299
catalogue_socket,catalogue,socket,cpu,orders,user,8.788527201108545,9.790300256884775,8.678847545033396,9.73186837179357,1.0017730557762299,1.053020826760175
catalogue_socket,catalogue,socket,cpu,orders,carts,8.788527201108545,9.790300256884775,8.742452141754663,9.653731942617943,1.0017730557762299,0.9112798008632801
catalogue_socket,catalogue,socket,cpu,orders,payment,8.788527201108545,9.790300256884775,8.255840198985174,10.355955816014612,1.0017730557762299,2.100115617029438
catalogue_socket,catalogue,socket,cpu,orders,shipping,8.788527201108545,9.790300256884775,8.727208054842741,9.786396274846362,1.0017730557762299,1.0591882200036213
catalogue_socket,catalogue,socket,cpu,payment,front-end,15.192964682686123,9.85163726506496,15.192964682686123,9.85163726506496,-5.341327417621162,-5.341327417621162
catalogue_socket,catalogue,socket,cpu,payment,user,15.192964682686123,9.85163726506496,15.192838288582832,9.851472598716029,-5.341327417621162,-5.341365689866803
catalogue_socket,catalogue,socket,cpu,payment,carts,15.192964682686123,9.85163726506496,15.192964682686123,9.85163726506496,-5.341327417621162,-5.341327417621162
catalogue_socket,catalogue,socket,cpu,payment,orders,15.192964682686123,9.85163726506496,14.18779254623147,11.196513054313112,-5.341327417621162,-2.991279491918359
catalogue_socket,catalogue,socket,cpu,payment,shipping,15.192964682686123,9.85163726506496,15.192964682686123,9.85163726506496,-5.341327417621162,-5.341327417621162
catalogue_socket,catalogue,socket,cpu,shipping,front-end,7.856302642681033,7.275872518433614,7.91369594298276,7.211579355384378,-0.5804301242474192,-0.7021165875983817
catalogue_socket,catalogue,socket,cpu,shipping,user,7.856302642681033,7.275872518433614,7.898220291756898,7.291967355870681,-0.5804301242474192,-0.606252935886217
catalogue_socket,catalogue,socket,cpu,shipping,carts,7.856302642681033,7.275872518433614,7.849141131121241,7.33681043497299,-0.5804301242474192,-0.5123306961482514
catalogue_socket,catalogue,socket,cpu,shipping,orders,7.856302642681033,7.275872518433614,7.783524536706501,7.307652233082118,-0.5804301242474192,-0.47587230362438326
catalogue_socket,catalogue,socket,cpu,shipping,payment,7.856302642681033,7.275872518433614,7.898220291756898,7.291967355870681,-0.5804301242474192,-0.606252935886217
catalogue_socket,catalogue,socket,mem,front-end,user,3.69550975218817,3.7690938555998352,3.6173073544243284,3.7958067442982366,0.07358410341166532,0.17849938987390823
catalogue_socket,catalogue,socket,mem,front-end,carts,3.69550975218817,3.7690938555998352,3.6669675400877106,3.770464850343611,0.07358410341166532,0.10349731025590048
catalogue_socket,catalogue,socket,mem,front-end,orders,3.69550975218817,3.7690938555998352,3.668296461891246,3.763679378934331,0.07358410341166532,0.09538291704308488
catalogue_socket,catalogue,socket,mem,front-end,payment,3.69550975218817,3.7690938555998352,3.693268571856427,4.0567379549068905,0.07358410341166532,0.3634693830504636
catalogue_socket,catalogue,socket,mem,front-end,shipping,3.69550975218817,3.7690938555998352,3.69550975218817,3.7690938555998352,0.07358410341166532,0.07358410341166532
catalogue_socket,catalogue,socket,mem,user,front-end,0.10585305935364377,0.12137809318175845,0.10480108121265334,0.11531903004914731,0.015525033828114682,0.01051794883649397
catalogue_socket,catalogue,socket,mem,user,carts,0.10585305935364377,0.12137809318175845,0.10116114937563166,0.12068245877297763,0.015525033828114682,0.019521309397345976
catalogue_socket,catalogue,socket,mem,user,orders,0.10585305935364377,0.12137809318175845,0.10664048581609717,0.12026540587425884,0.015525033828114682,0.013624920058161669
catalogue_socket,catalogue,socket,mem,user,payment,0.10585305935364377,0.12137809318175845,0.10664048581609717,0.12026540587425884,0.015525033828114682,0.013624920058161669
catalogue_socket,catalogue,socket,mem,user,shipping,0.10585305935364377,0.12137809318175845,0.10664048581609717,0.12026540587425884,0.015525033828114682,0.013624920058161669
catalogue_socket,catalogue,socket,mem,carts,front-end,0.15190288174687902,0.5048834160472417,0.15204828238422508,0.49981769853729724,0.3529805343003627,0.34776941615307216
catalogue_socket,catalogue,socket,mem,carts,user,0.15190288174687902,0.5048834160472417,0.14716310428399826,0.4614278711824219,0.3529805343003627,0.31426476689842364
catalogue_socket,catalogue,socket,mem,carts,orders,0.15190288174687902,0.5048834160472417,0.1509485002799715,0.5089175220389586,0.3529805343003627,0.35796902175898704
catalogue_socket,catalogue,socket,mem,carts,payment,0.15190288174687902,0.5048834160472417,0.14938666026170322,0.6038930953396263,0.3529805343003627,0.4545064350779231
catalogue_socket,catalogue,socket,mem,carts,shipping,0.15190288174687902,0.5048834160472417,0.15190288174687902,0.5048834160472417,0.3529805343003627,0.3529805343003627
catalogue_socket,catalogue,socket,mem,orders,front-end,0.014384163234546665,0.011163262170617028,0.014407973312733106,0.011620263663322517,-0.0032209010639296376,-0.002787709649410589
catalogue_socket,catalogue,socket,mem,orders,user,0.014384163234546665,0.011163262170617028,0.014384163234546665,0.011163262170617028,-0.0032209010639296376,-0.0032209010639296376
catalogue_socket,catalogue,socket,mem,orders,carts,0.014384163234546665,0.011163262170617028,0.014259489681484161,0.013138630807802618,-0.0032209010639296376,-0.0011208588736815427
catalogue_socket,catalogue,socket,mem,orders,payment,0.014384163234546665,0.011163262170617028,0.014383277620600165,0.010257140861189031,-0.0032209010639296376,-0.004126136759411134
catalogue_socket,catalogue,socket,mem,orders,shipping,0.014384163234546665,0.011163262170617028,0.014317787125843544,0.011118531194395891,-0.0032209010639296376,-0.003199255931447653
catalogue_socket,catalogue,socket,mem,payment,front-end,0.07700835745514094,0.8842168174511259,0.07766658931244033,0.8862158606346648,0.807208459995985,0.8085492713222245
catalogue_socket,catalogue,socket,mem,payment,user,0.07700835745514094,0.8842168174511259,0.07705848122431148,0.8842551161079928,0.807208459995985,0.8071966348836813
catalogue_socket,catalogue,socket,mem,payment,carts,0.07700835745514094,0.8842168174511259,0.0776157835532736,0.9011276406093119,0.807208459995985,0.8235118570560384
catalogue_socket,catalogue,socket,mem,payment,orders,0.07700835745514094,0.8842168174511259,0.07718777171698267,0.8839390206426783,0.807208459995985,0.8067512489256956
catalogue_socket,catalogue,socket,mem,payment,shipping,0.07700835745514094,0.8842168174511259,0.075466952278745,0.8832171851490946,0.807208459995985,0.8077502328703496
catalogue_socket,catalogue,socket,mem,shipping,front-end,0.004352674702733448,0.0013255476043772477,0.004352674702733448,0.0013255476043772477,-0.0030271270983562,-0.0030271270983562
catalogue_socket,catalogue,socket,mem,shipping,user,0.004352674702733448,0.0013255476043772477,0.004352674702733448,0.0013255476043772477,-0.0030271270983562,-0.0030271270983562
catalogue_socket,catalogue,socket,mem,shipping,carts,0.004352674702733448,0.0013255476043772477,0.004352674702733448,0.0013255476043772477,-0.0030271270983562,-0.0030271270983562
catalogue_socket,catalogue,socket,mem,shipping,orders,0.004352674702733448,0.0013255476043772477,0.004357122225410088,0.001225283570462994,-0.0030271270983562,-0.0031318386549470936
catalogue_socket,catalogue,socket,mem,shipping,payment,0.004352674702733448,0.0013255476043772477,0.0044286144033242,0.013754358461525933,-0.0030271270983562,0.009325744058201732
catalogue_socket,catalogue,socket,cpu,front-end,user,6.3516298335502706,8.23810912713302,6.393646976676344,8.101524855171,1.8864792935827497,1.7078778784946564
catalogue_socket,catalogue,socket,cpu,front-end,carts,6.3516298335502706,8.21149251060569,6.354203934115205,8.064709325999221,1.8598626770554203,1.7105053918840163
catalogue_socket,catalogue,socket,cpu,front-end,orders,6.3516298335502706,8.21149251060569,6.399077326380855,8.12072765987007,1.8598626770554203,1.7216503334892153
catalogue_socket,catalogue,socket,cpu,front-end,payment,6.3516298335502706,8.21149251060569,6.165297433320567,8.127941700236818,1.8598626770554203,1.962644266916251
catalogue_socket,catalogue,socket,cpu,front-end,shipping,6.3516298335502706,8.21149251060569,6.381136570234437,8.137787361884909,1.8598626770554203,1.7566507916504719
catalogue_socket,catalogue,socket,cpu,user,front-end,9.6765460967149,10.765669231599263,9.627373630193327,10.712288255620848,1.089123134884364,1.0849146254275208
catalogue_socket,catalogue,socket,cpu,user,carts,9.6765460967149,10.765669231599263,9.422733227606498,10.806301311508406,1.089123134884364,1.383568083901908
catalogue_socket,catalogue,socket,cpu,user,orders,9.6765460967149,10.765669231599263,9.635247014463147,11.075778735659659,1.089123134884364,1.4405317211965123
catalogue_socket,catalogue,socket,cpu,user,payment,9.6765460967149,10.765669231599263,9.555447118169045,10.60474611688701,1.089123134884364,1.0492989987179655
catalogue_socket,catalogue,socket,cpu,user,shipping,9.6765460967149,10.765669231599263,9.401421964833089,11.010449381029936,1.089123134884364,1.609027416196847
catalogue_socket,catalogue,socket,cpu,carts,front-end,12.16254845625837,9.616951184378033,12.141393702963667,9.486160926039457,-2.5455972718803377,-2.65523277692421
catalogue_socket,catalogue,socket,cpu,carts,user,12.16254845625837,9.500441314375697,12.195653959452226,9.37688034885826,-2.6621071418826734,-2.8187736105939667
catalogue_socket,catalogue,socket,cpu,carts,orders,12.16254845625837,9.616951184378033,12.112228072139036,9.421087631128445,-2.5455972718803377,-2.6911404410105906
catalogue_socket,catalogue,socket,cpu,carts,payment,12.16254845625837,9.616951184378033,12.150025355250532,9.73981543250255,-2.5455972718803377,-2.410209922747983
catalogue_socket,catalogue,socket,cpu,carts,shipping,12.16254845625837,9.616951184378033,12.133689106129943,10.127330748594508,-2.5455972718803377,-2.0063583575354347
catalogue_socket,catalogue,socket,cpu,orders,front-end,19.38168373672139,16.24182305687583,19.396067963969944,16.25732255103935,-3.139860679845558,-3.138745412930593
catalogue_socket,catalogue,socket,cpu,orders,user,19.38168373672139,16.298987028721452,19.035776462869155,16.810235753831957,-3.0826967079999363,-2.2255407090371975
catalogue_socket,catalogue,socket,cpu,orders,carts,19.38168373672139,16.24182305687583,19.396067963969944,16.25732255103935,-3.139860679845558,-3.138745412930593
catalogue_socket,catalogue,socket,cpu,orders,payment,19.38168373672139,16.24182305687583,19.396067963969944,16.25732255103935,-3.139860679845558,-3.138745412930593
catalogue_socket,catalogue,socket,cpu,orders,shipping,19.38168373672139,16.24182305687583,19.00953683929365,15.436206317213575,-3.139860679845558,-3.5733305220800737
catalogue_socket,catalogue,socket,cpu,payment,front-end,10.601310383076452,8.451124877378556,10.21393533647481,8.012652346163266,-2.1501855056978965,-2.201282990311544
catalogue_socket,catalogue,socket,cpu,payment,user,10.601310383076452,8.406072937824485,10.37496707783455,8.103922446626575,-2.1952374452519674,-2.2710446312079746
catalogue_socket,catalogue,socket,cpu,payment,carts,10.601310383076452,8.451124877378556,10.539898339075247,8.383322407977571,-2.1501855056978965,-2.1565759310976755
catalogue_socket,catalogue,socket,cpu,payment,orders,10.601310383076452,8.451124877378556,10.578074999065427,8.277779773634165,-2.1501855056978965,-2.3002952254312614
catalogue_socket,catalogue,socket,cpu,payment,shipping,10.601310383076452,8.451124877378556,10.578074999065427,8.277779773634165,-2.1501855056978965,-2.3002952254312614
catalogue_socket,catalogue,socket,cpu,shipping,front-end,25.050296143603042,22.567799491034705,25.123603490369295,22.938519500466438,-2.4824966525683365,-2.185083989902857
catalogue_socket,catalogue,socket,cpu,shipping,user,25.050296143603042,22.43679190420566,25.496804368437964,24.294670116407506,-2.6135042393973826,-1.2021342520304579
catalogue_socket,catalogue,socket,cpu,shipping,carts,25.050296143603042,22.567799491034705,27.13138283015456,24.947920389733007,-2.4824966525683365,-2.183462440421554
catalogue_socket,catalogue,socket,cpu,shipping,orders,25.050296143603042,22.567799491034705,23.687610164628882,19.948013327315632,-2.4824966525683365,-3.7395968373132504
catalogue_socket,catalogue,socket,cpu,shipping,payment,25.050296143603042,22.567799491034705,25.106452537174796,22.718252613122996,-2.4824966525683365,-2.3881999240518006
catalogue_socket,catalogue,socket,mem,front-end,user,3.323834503090121,3.279602343778594,3.3499954886982346,3.237281720418027,-0.044232159311526686,-0.11271376828020774
catalogue_socket,catalogue,socket,mem,front-end,carts,3.323834503090121,3.279602343778594,3.376985963296227,3.283449917890406,-0.044232159311526686,-0.09353604540582117
catalogue_socket,catalogue,socket,mem,front-end,orders,3.323834503090121,3.279602343778594,3.359885989940524,3.2780400300828445,-0.044232159311526686,-0.0818459598576795
catalogue_socket,catalogue,socket,mem,front-end,payment,3.323834503090121,3.279602343778594,3.359885989940524,3.2780400300828445,-0.044232159311526686,-0.0818459598576795
catalogue_socket,catalogue,socket,mem,front-end,shipping,3.323834503090121,3.279602343778594,3.359885989940524,3.2780400300828445,-0.044232159311526686,-0.0818459598576795
catalogue_socket,catalogue,socket,mem,user,front-end,0.17712108233030197,1.3114658847610032,0.17732508038615238,1.309601343660596,1.1343448024307012,1.1322762632744436
catalogue_socket,catalogue,socket,mem,user,carts,0.17712108233030197,1.3114658847610032,0.17712108233030197,1.3114658847610032,1.1343448024307012,1.1343448024307012
catalogue_socket,catalogue,socket,mem,user,orders,0.17712108233030197,1.3114658847610032,0.1497680473810201,1.4329256493134985,1.1343448024307012,1.2831576019324784
catalogue_socket,catalogue,socket,mem,user,payment,0.17712108233030197,1.3114658847610032,0.1677711945192562,1.2123063716991134,1.1343448024307012,1.0445351771798572
catalogue_socket,catalogue,socket,mem,user,shipping,0.17712108233030197,1.3114658847610032,0.13211322748190418,1.4850974324496513,1.1343448024307012,1.3529842049677472
catalogue_socket,catalogue,socket,mem,carts,front-end,0.22074383409665543,0.11193645744842701,0.21924272873804976,0.1187985121462158,-0.10880737664822843,-0.10044421659183396
catalogue_socket,catalogue,socket,mem,carts,user,0.22074383409665543,0.11193645744842701,0.2211128552972295,0.1112534919867254,-0.10880737664822843,-0.10985936331050408
catalogue_socket,catalogue,socket,mem,carts,orders,0.22074383409665543,0.11193645744842701,0.2211128552972295,0.1112534919867254,-0.10880737664822843,-0.10985936331050408
catalogue_socket,catalogue,socket,mem,carts,payment,0.22074383409665543,0.11193645744842701,0.2211128552972295,0.1112534919867254,-0.10880737664822843,-0.10985936331050408
catalogue_socket,catalogue,socket,mem,carts,shipping,0.22074383409665543,0.11193645744842701,0.2211128552972295,0.1112534919867254,-0.10880737664822843,-0.10985936331050408
catalogue_socket,catalogue,socket,mem,orders,front-end,0.05327177896364754,0.10882999213227848,0.05327177896364754,0.10882999213227848,0.05555821316863094,0.05555821316863094
catalogue_socket,catalogue,socket,mem,orders,user,0.05327177896364754,0.10882999213227848,0.03712611055253718,0.2757456684977012,0.05555821316863094,0.23861955794516404
catalogue_socket,catalogue,socket,mem,orders,carts,0.05327177896364754,0.10882999213227848,0.05327177896364754,0.10882999213227848,0.05555821316863094,0.05555821316863094
catalogue_socket,catalogue,socket,mem,orders,payment,0.05327177896364754,0.10882999213227848,0.052497033573092974,0.11374171625481218,0.05555821316863094,0.061244682681719204
catalogue_socket,catalogue,socket,mem,orders,shipping,0.05327177896364754,0.10882999213227848,0.045807164295252986,0.10500490940013388,0.05555821316863094,0.05919774510488089
catalogue_socket,catalogue,socket,mem,payment,front-end,0.1977885680755682,0.8134412634934399,0.19411871385243448,0.813346762821651,0.6156526954178717,0.6192280489692165
catalogue_socket,catalogue,socket,mem,payment,user,0.1977885680755682,0.8134412634934399,0.16599222682978768,0.42793384576955174,0.6156526954178717,0.2619416189397641
catalogue_socket,catalogue,socket,mem,payment,carts,0.1977885680755682,0.8134412634934399,0.19411871385243448,0.813346762821651,0.6156526954178717,0.6192280489692165
catalogue_socket,catalogue,socket,mem,payment,orders,0.1977885680755682,0.8134412634934399,0.17401494086628666,0.8491974875397363,0.6156526954178717,0.6751825466734497
catalogue_socket,catalogue,socket,mem,payment,shipping,0.1977885680755682,0.8134412634934399,0.18108961393925657,0.8835483223419837,0.6156526954178717,0.7024587084027271
catalogue_socket,catalogue,socket,mem,shipping,front-end,0.01044343149154458,0.023280536307560332,0.01044343149154458,0.023280536307560332,0.012837104816015752,0.012837104816015752
catalogue_socket,catalogue,socket,mem,shipping,user,0.01044343149154458,0.023280536307560332,0.009023769878424648,0.09082315203085224,0.012837104816015752,0.08179938215242759
catalogue_socket,catalogue,socket,mem,shipping,carts,0.01044343149154458,0.023280536307560332,0.01044343149154458,0.023280536307560332,0.012837104816015752,0.012837104816015752
catalogue_socket,catalogue,socket,mem,shipping,orders,0.01044343149154458,0.023280536307560332,0.008580783653392068,0.015818788057335283,0.012837104816015752,0.007238004403943215
catalogue_socket,catalogue,socket,mem,shipping,payment,0.01044343149154458,0.023280536307560332,0.009764244879267409,0.03010483501133205,0.012837104816015752,0.020340590132064643
catalogue_socket,catalogue,socket,cpu,front-end,user,10.193300962314764,8.620070063735408,10.168265926034776,8.605118223377817,-1.5732308985793555,-1.5631477026569591
catalogue_socket,catalogue,socket,cpu,front-end,carts,10.193300962314764,8.620070063735408,10.193300962314764,8.620070063735408,-1.5732308985793555,-1.5732308985793555
catalogue_socket,catalogue,socket,cpu,front-end,orders,10.193300962314764,8.620070063735408,10.193300962314764,8.620070063735408,-1.5732308985793555,-1.5732308985793555
catalogue_socket,catalogue,socket,cpu,front-end,payment,10.193300962314764,8.620070063735408,10.193300962314764,8.620070063735408,-1.5732308985793555,-1.5732308985793555
catalogue_socket,catalogue,socket,cpu,front-end,shipping,10.193300962314764,8.620070063735408,10.193300962314764,8.620070063735408,-1.5732308985793555,-1.5732308985793555
catalogue_socket,catalogue,socket,cpu,user,front-end,7.040937951170251,6.379331920772752,6.964913116811898,6.392165035359302,-0.6616060303974987,-0.5727480814525965
catalogue_socket,catalogue,socket,cpu,user,carts,7.040937951170251,6.379331920772752,6.999468776624496,7.502174806712059,-0.6616060303974987,0.5027060300875634
catalogue_socket,catalogue,socket,cpu,user,orders,7.040937951170251,6.379331920772752,7.025153303094045,7.061875956220668,-0.6616060303974987,0.03672265312662226
catalogue_socket,catalogue,socket,cpu,user,payment,7.040937951170251,6.379331920772752,6.955968473470632,6.485170569668199,-0.6616060303974987,-0.470797903802433
catalogue_socket,catalogue,socket,cpu,user,shipping,7.040937951170251,6.379331920772752,7.055693863089246,6.395448999501344,-0.6616060303974987,-0.6602448635879021
catalogue_socket,catalogue,socket,cpu,carts,front-end,7.973472285925724,16.682746332902433,8.065258039522373,16.383890288697707,8.70927404697671,8.318632249175334
catalogue_socket,catalogue,socket,cpu,carts,user,7.973472285925724,16.682746332902433,7.930138121971655,16.4077648570576,8.70927404697671,8.477626735085945
catalogue_socket,catalogue,socket,cpu,carts,orders,7.973472285925724,16.682746332902433,8.078626284593295,19.123657885274227,8.70927404697671,11.045031600680932
catalogue_socket,catalogue,socket,cpu,carts,payment,7.973472285925724,16.682746332902433,8.065258039522373,16.383890288697707,8.70927404697671,8.318632249175334
catalogue_socket,catalogue,socket,cpu,carts,shipping,7.973472285925724,16.682746332902433,8.238446985627466,16.168618407828117,8.70927404697671,7.930171422200651
catalogue_socket,catalogue,socket,cpu,orders,front-end,13.814612638491647,25.855152862527742,13.814612638491647,25.855152862527742,12.040540224036095,12.040540224036095
catalogue_socket,catalogue,socket,cpu,orders,user,13.814612638491647,25.855152862527742,13.767325583005846,25.773372334947357,12.040540224036095,12.006046751941511
catalogue_socket,catalogue,socket,cpu,orders,carts,13.814612638491647,25.855152862527742,13.88003578282716,25.32272866426416,12.040540224036095,11.442692881437
catalogue_socket,catalogue,socket,cpu,orders,payment,13.814612638491647,25.855152862527742,13.841050799060534,25.791331929395184,12.040540224036095,11.95028113033465
catalogue_socket,catalogue,socket,cpu,orders,shipping,13.814612638491647,25.855152862527742,12.224379931391079,34.46613061884061,12.040540224036095,22.24175068744953
catalogue_socket,catalogue,socket,cpu,payment,front-end,13.151972843722994,10.015589879574307,13.113080318538033,9.930466270735627,-3.1363829641486873,-3.1826140478024065
catalogue_socket,catalogue,socket,cpu,payment,user,13.151972843722994,10.015589879574307,12.799639670939007,10.31772087583896,-3.1363829641486873,-2.4819187951000465
catalogue_socket,catalogue,socket,cpu,payment,carts,13.151972843722994,10.015589879574307,13.113080318538033,9.930466270735627,-3.1363829641486873,-3.1826140478024065
catalogue_socket,catalogue,socket,cpu,payment,orders,13.151972843722994,10.015589879574307,13.068346445743645,10.451182063178178,-3.1363829641486873,-2.6171643825654662
catalogue_socket,catalogue,socket,cpu,payment,shipping,13.151972843722994,10.015589879574307,13.112891007468901,9.924579764784504,-3.1363829641486873,-3.1883112426843976
catalogue_socket,catalogue,socket,cpu,shipping,front-end,21.869149225082886,36.46433705687509,21.926950498823654,36.50450208375292,14.595187831792202,14.577551584929264
catalogue_socket,catalogue,socket,cpu,shipping,user,21.869149225082886,36.46433705687509,21.926950498823654,36.50450208375292,14.595187831792202,14.577551584929264
catalogue_socket,catalogue,socket,cpu,shipping,carts,21.869149225082886,36.46433705687509,21.9066883583982,32.14419186230003,14.595187831792202,10.237503503901834
catalogue_socket,catalogue,socket,cpu,shipping,orders,21.869149225082886,36.46433705687509,20.409328224939042,57.61124384701076,14.595187831792202,37.20191562207172
catalogue_socket,catalogue,socket,cpu,shipping,payment,21.869149225082886,36.46433705687509,21.92998425017062,36.51040224592721,14.595187831792202,14.58041799575659
catalogue_socket,catalogue,socket,mem,front-end,user,3.5113538130371573,3.1358165593089784,3.515477217146156,3.216066897128713,-0.3755372537281789,-0.2994103200174427
catalogue_socket,catalogue,socket,mem,front-end,carts,3.5113538130371573,3.1358165593089784,3.5113538130371573,3.1358165593089784,-0.3755372537281789,-0.3755372537281789
catalogue_socket,catalogue,socket,mem,front-end,orders,3.5113538130371573,3.1358165593089784,3.5060313222872987,3.588644817204018,-0.3755372537281789,0.08261349491671943
catalogue_socket,catalogue,socket,mem,front-end,payment,3.5113538130371573,3.1358165593089784,3.5113538130371573,3.1358165593089784,-0.3755372537281789,-0.3755372537281789
catalogue_socket,catalogue,socket,mem,front-end,shipping,3.5113538130371573,3.1358165593089784,3.5113538130371573,3.1358165593089784,-0.3755372537281789,-0.3755372537281789
catalogue_socket,catalogue,socket,mem,user,front-end,0.3178528013854478,0.9608107900673896,0.3227510048990139,0.9591397566017744,0.6429579886819418,0.6363887517027604
catalogue_socket,catalogue,socket,mem,user,carts,0.3178528013854478,0.9608107900673896,0.3153425533360611,0.7362514906561276,0.6429579886819418,0.4209089373200665
catalogue_socket,catalogue,socket,mem,user,orders,0.3178528013854478,0.9608107900673896,0.31593494457914956,0.5769178919656458,0.6429579886819418,0.26098294738649624
catalogue_socket,catalogue,socket,mem,user,payment,0.3178528013854478,0.9608107900673896,0.3194238695525611,0.9565771813420236,0.6429579886819418,0.6371533117894626
catalogue_socket,catalogue,socket,mem,user,shipping,0.3178528013854478,0.9608107900673896,0.3194238695525611,0.9565771813420236,0.6429579886819418,0.6371533117894626
catalogue_socket,catalogue,socket,mem,carts,front-end,0.016832277456830493,0.24261168759909008,0.016832277456830493,0.24261168759909008,0.22577941014225958,0.22577941014225958
catalogue_socket,catalogue,socket,mem,carts,user,0.016832277456830493,0.24261168759909008,0.01482992401763138,0.23057874522448032,0.22577941014225958,0.21574882120684893
catalogue_socket,catalogue,socket,mem,carts,orders,0.016832277456830493,0.24261168759909008,0.016832277456830493,0.24261168759909008,0.22577941014225958,0.22577941014225958
catalogue_socket,catalogue,socket,mem,carts,payment,0.016832277456830493,0.24261168759909008,0.016194958685229487,0.17245813410084337,0.22577941014225958,0.15626317541561388
catalogue_socket,catalogue,socket,mem,carts,shipping,0.016832277456830493,0.24261168759909008,0.014887696785945734,0.16664301077050286,0.22577941014225958,0.15175531398455713
catalogue_socket,catalogue,socket,mem,orders,front-end,0.09792916887703179,0.9275314392922838,0.09774119471631101,0.9279091231405346,0.8296022704152519,0.8301679284242236
catalogue_socket,catalogue,socket,mem,orders,user,0.09792916887703179,0.9275314392922838,0.0974929050086557,0.9109722612835026,0.8296022704152519,0.8134793562748469
catalogue_socket,catalogue,socket,mem,orders,carts,0.09792916887703179,0.9275314392922838,0.09792916887703179,0.9275314392922838,0.8296022704152519,0.8296022704152519
catalogue_socket,catalogue,socket,mem,orders,payment,0.09792916887703179,0.9275314392922838,0.09792916887703179,0.9275314392922838,0.8296022704152519,0.8296022704152519
catalogue_socket,catalogue,socket,mem,orders,shipping,0.09792916887703179,0.9275314392922838,0.09792916887703179,0.9275314392922838,0.8296022704152519,0.8296022704152519
catalogue_socket,catalogue,socket,mem,payment,front-end,0.15240317523683908,2.2379354046205417,0.152319376498447,2.237787844839322,2.085532229383703,2.085468468340875
catalogue_socket,catalogue,socket,mem,payment,user,0.15240317523683908,2.2379354046205417,0.152319376498447,2.237787844839322,2.085532229383703,2.085468468340875
catalogue_socket,catalogue,socket,mem,payment,carts,0.15240317523683908,2.2379354046205417,0.14071046603014928,1.7428938611349272,2.085532229383703,1.602183395104778
catalogue_socket,catalogue,socket,mem,payment,orders,0.15240317523683908,2.2379354046205417,0.152319376498447,2.237787844839322,2.085532229383703,2.085468468340875
catalogue_socket,catalogue,socket,mem,payment,shipping,0.15240317523683908,2.2379354046205417,0.11283684951728604,1.3534591450804532,2.085532229383703,1.2406222955631672
catalogue_socket,catalogue,socket,mem,shipping,front-end,0.008998890879596396,0.13280397945609018,0.009002535984654064,0.13277559018131505,0.12380508857649379,0.12377305419666099
catalogue_socket,catalogue,socket,mem,shipping,user,0.008998890879596396,0.13280397945609018,0.009002535984654064,0.13277559018131505,0.12380508857649379,0.12377305419666099
catalogue_socket,catalogue,socket,mem,shipping,carts,0.008998890879596396,0.13280397945609018,0.008237729470723362,0.084694332673306,0.12380508857649379,0.07645660320258264
catalogue_socket,catalogue,socket,mem,shipping,orders,0.008998890879596396,0.13280397945609018,0.009002535984654064,0.13277559018131505,0.12380508857649379,0.12377305419666099
catalogue_socket,catalogue,socket,mem,shipping,payment,0.008998890879596396,0.13280397945609018,0.007825485030715153,0.06446732571794367,0.12380508857649379,0.056641840687228516
orders_cpu,orders,cpu,cpu,front-end,catalogue,6.250208398584249,7.870069787380732,6.2288839617646845,7.9584265671798775,1.6198613887964832,1.729542605415193
orders_cpu,orders,cpu,cpu,front-end,user,6.250208398584249,7.870069787380732,6.25034178030601,7.9486631113959945,1.6198613887964832,1.6983213310899847
orders_cpu,orders,cpu,cpu,front-end,carts,6.250208398584249,7.870069787380732,6.227377499179977,7.948898185196963,1.6198613887964832,1.7215206860169863
orders_cpu,orders,cpu,cpu,front-end,payment,6.250208398584249,7.870069787380732,6.243567889004353,7.894819703814229,1.6198613887964832,1.6512518148098758
orders_cpu,orders,cpu,cpu,front-end,shipping,6.250208398584249,7.870069787380732,6.2288839617646845,7.9584265671798775,1.6198613887964832,1.729542605415193
orders_cpu,orders,cpu,cpu,catalogue,front-end,6.331295571706979,10.351946907562185,6.38990140925776,10.541796541930871,4.020651335855206,4.151895132673111
orders_cpu,orders,cpu,cpu,catalogue,user,6.331295571706979,10.351946907562185,6.38990140925776,10.541796541930871,4.020651335855206,4.151895132673111
orders_cpu,orders,cpu,cpu,catalogue,carts,6.331295571706979,10.351946907562185,6.3604665352781184,10.5485843636556,4.020651335855206,4.188117828377481
orders_cpu,orders,cpu,cpu,catalogue,payment,6.331295571706979,10.351946907562185,6.38990140925776,10.541796541930871,4.020651335855206,4.151895132673111
orders_cpu,orders,cpu,cpu,catalogue,shipping,6.331295571706979,10.351946907562185,6.38990140925776,10.541796541930871,4.020651335855206,4.151895132673111
orders_cpu,orders,cpu,cpu,user,front-end,8.855871751124758,7.553043021439667,8.878289700516081,7.7160828765957366,-1.302828729685091,-1.1622068239203447
orders_cpu,orders,cpu,cpu,user,catalogue,8.855871751124758,7.553043021439667,8.875660961879033,7.688906504296869,-1.302828729685091,-1.1867544575821638
orders_cpu,orders,cpu,cpu,user,carts,8.855871751124758,7.553043021439667,8.839505927201817,7.517286463311345,-1.302828729685091,-1.3222194638904714
orders_cpu,orders,cpu,cpu,user,payment,8.855871751124758,7.553043021439667,8.87810905212549,7.742500301705449,-1.302828729685091,-1.1356087504200412
orders_cpu,orders,cpu,cpu,user,shipping,8.855871751124758,7.553043021439667,8.837015978318476,8.432389558698903,-1.302828729685091,-0.40462641961957324
orders_cpu,orders,cpu,cpu,carts,front-end,8.73662667662992,8.356052517206805,8.776406847045283,8.015087511395748,-0.380574159423114,-0.7613193356495351
orders_cpu,orders,cpu,cpu,carts,catalogue,8.73662667662992,8.356052517206805,8.777576728203128,7.995028700932429,-0.380574159423114,-0.7825480272706988
orders_cpu,orders,cpu,cpu,carts,user,8.73662667662992,8.356052517206805,8.766634294168208,7.856236225960102,-0.380574159423114,-0.9103980682081056
orders_cpu,orders,cpu,cpu,carts,payment,8.73662667662992,8.356052517206805,8.793277368640494,8.005598115417909,-0.380574159423114,-0.7876792532225849
orders_cpu,orders,cpu,cpu,carts,shipping,8.73662667662992,8.356052517206805,8.793277368640494,8.005598115417909,-0.380574159423114,-0.7876792532225849
orders_cpu,orders,cpu,cpu,payment,front-end,7.240483320981253,10.96959967637257,7.385768824583624,10.94293816300668,3.729116355391316,3.557169338423056
orders_cpu,orders,cpu,cpu,payment,catalogue,7.240483320981253,10.96959967637257,7.390402041236699,10.98258051918924,3.729116355391316,3.5921784779525403
orders_cpu,orders,cpu,cpu,payment,user,7.240483320981253,10.96959967637257,7.388249057640901,10.97313355407227,3.729116355391316,3.5848844964313686
orders_cpu,orders,cpu,cpu,payment,carts,7.240483320981253,10.96959967637257,7.390402041236699,10.98258051918924,3.729116355391316,3.5921784779525403
orders_cpu,orders,cpu,cpu,payment,shipping,7.240483320981253,10.96959967637257,7.390048557061729,11.182276874258555,3.729116355391316,3.792228317196826
orders_cpu,orders,cpu,cpu,shipping,front-end,13.077919765529538,14.585430073775846,13.077919765529538,14.585430073775846,1.5075103082463084,1.5075103082463084
orders_cpu,orders,cpu,cpu,shipping,catalogue,13.077919765529538,14.585430073775846,13.077919765529538,14.585430073775846,1.5075103082463084,1.5075103082463084
orders_cpu,orders,cpu,cpu,shipping,user,13.077919765529538,14.585430073775846,13.06344813472687,14.449598291687918,1.5075103082463084,1.3861501569610475
orders_cpu,orders,cpu,cpu,shipping,carts,13.077919765529538,14.585430073775846,13.077919765529538,14.585430073775846,1.5075103082463084,1.5075103082463084
orders_cpu,orders,cpu,cpu,shipping,payment,13.077919765529538,14.585430073775846,13.097663370724824,14.577354491288933,1.5075103082463084,1.4796911205641088
orders_cpu,orders,cpu,mem,front-end,catalogue,3.552461652071459,3.8057593100661236,3.552461652071459,3.8057593100661236,0.2532976579946644,0.2532976579946644
orders_cpu,orders,cpu,mem,front-end,user,3.552461652071459,3.8057593100661236,3.5329040243599783,3.9591222552798206,0.2532976579946644,0.42621823091984234
orders_cpu,orders,cpu,mem,front-end,carts,3.552461652071459,3.8057593100661236,3.552461652071459,3.8057593100661236,0.2532976579946644,0.2532976579946644
orders_cpu,orders,cpu,mem,front-end,payment,3.552461652071459,3.8057593100661236,3.552461652071459,3.8057593100661236,0.2532976579946644,0.2532976579946644
orders_cpu,orders,cpu,mem,front-end,shipping,3.552461652071459,3.8057593100661236,3.552461652071459,3.8057593100661236,0.2532976579946644,0.2532976579946644
orders_cpu,orders,cpu,mem,catalogue,front-end,0.26805846542979617,0.8404628790002218,0.26711709715220505,0.830308552328056,0.5724044135704256,0.563191455175851
orders_cpu,orders,cpu,mem,catalogue,user,0.26805846542979617,0.8404628790002218,0.20176097136158905,0.1929814421291536,0.5724044135704256,-0.00877952923243544
orders_cpu,orders,cpu,mem,catalogue,carts,0.26805846542979617,0.8404628790002218,0.26540097979757676,0.7829414313397189,0.5724044135704256,0.5175404515421422
orders_cpu,orders,cpu,mem,catalogue,payment,0.26805846542979617,0.8404628790002218,0.2269850867979287,0.778017624378506,0.5724044135704256,0.5510325375805772
orders_cpu,orders,cpu,mem,catalogue,shipping,0.26805846542979617,0.8404628790002218,0.26426201642331354,3.4664817123603475,0.5724044135704256,3.202219695937034
orders_cpu,orders,cpu,mem,user,front-end,0.21240327160587247,0.8097718062326672,0.21098601508657616,0.805638045864635,0.5973685346267947,0.594652030778059
orders_cpu,orders,cpu,mem,user,catalogue,0.21240327160587247,0.8097718062326672,0.17978274341073797,0.541799531965668,0.5973685346267947,0.36201678855493
orders_cpu,orders,cpu,mem,user,carts,0.21240327160587247,0.8097718062326672,0.20626537718873209,0.7449528905557186,0.5973685346267947,0.5386875133669865
orders_cpu,orders,cpu,mem,user,payment,0.21240327160587247,0.8097718062326672,0.1257483481492705,0.753450626566443,0.5973685346267947,0.6277022784171725
orders_cpu,orders,cpu,mem,user,shipping,0.21240327160587247,0.8097718062326672,0.21034776616432804,2.120255911304944,0.5973685346267947,1.9099081451406161
orders_cpu,orders,cpu,mem,carts,front-end,0.004083414130624502,0.010044592111763374,0.004069998359351616,0.010012390686812698,0.005961177981138872,0.005942392327461082
orders_cpu,orders,cpu,mem,carts,catalogue,0.004083414130624502,0.010044592111763374,0.0039584276659747186,0.008743851163448006,0.005961177981138872,0.004785423497473287
orders_cpu,orders,cpu,mem,carts,user,0.004083414130624502,0.010044592111763374,0.003644827248027206,0.006887319731599426,0.005961177981138872,0.00324249248357222
orders_cpu,orders,cpu,mem,carts,payment,0.004083414130624502,0.010044592111763374,0.003983498782729995,0.009875801989427616,0.005961177981138872,0.0058923032066976215
orders_cpu,orders,cpu,mem,carts,shipping,0.004083414130624502,0.010044592111763374,0.00436932763697336,0.13625064948090043,0.005961177981138872,0.13188132184392706
orders_cpu,orders,cpu,mem,payment,front-end,0.6380985011389319,0.41943191341357766,0.6380196470458221,0.41956642022353197,-0.2186665877253542,-0.21845322682229018
orders_cpu,orders,cpu,mem,payment,catalogue,0.6380985011389319,0.41943191341357766,0.630368741278395,0.6122352776385629,-0.2186665877253542,-0.018133463639832148
orders_cpu,orders,cpu,mem,payment,user,0.6380985011389319,0.41943191341357766,0.4714933415234737,2.0804966192641148,-0.2186665877253542,1.6090032777406411
orders_cpu,orders,cpu,mem,payment,carts,0.6380985011389319,0.41943191341357766,0.6542518040092627,0.46688624085490404,-0.2186665877253542,-0.1873655631543587
orders_cpu,orders,cpu,mem,payment,shipping,0.6380985011389319,0.41943191341357766,0.6310156054447745,8.570296762136447,-0.2186665877253542,7.939281156691672
orders_cpu,orders,cpu,mem,shipping,front-end,0.001141038903077465,0.08538516615933882,0.0011419961120144643,0.08538543221996768,0.08424412725626135,0.08424343610795322
orders_cpu,orders,cpu,mem,shipping,catalogue,0.001141038903077465,0.08538516615933882,0.0011333719330907063,0.08558335140106225,0.08424412725626135,0.08444997946797154
orders_cpu,orders,cpu,mem,shipping,user,0.001141038903077465,0.08538516615933882,0.001120594562391716,0.08565313665303478,0.08424412725626135,0.08453254209064306
orders_cpu,orders,cpu,mem,shipping,carts,0.001141038903077465,0.08538516615933882,0.0011060324404885313,0.08569424889097385,0.08424412725626135,0.08458821645048532
orders_cpu,orders,cpu,mem,shipping,payment,0.001141038903077465,0.08538516615933882,0.001107273366337135,0.08540029244528607,0.08424412725626135,0.08429301907894894
orders_cpu,orders,cpu,cpu,front-end,catalogue,10.778202734222555,10.273723180578976,10.676233845550156,10.227345143830208,-0.5044795536435789,-0.4488887017199481
orders_cpu,orders,cpu,cpu,front-end,user,10.778202734222555,10.273723180578976,10.732332450118705,10.335137695838931,-0.5044795536435789,-0.3971947542797736
orders_cpu,orders,cpu,cpu,front-end,carts,10.778202734222555,10.273723180578976,10.732332450118705,10.335137695838931,-0.5044795536435789,-0.3971947542797736
orders_cpu,orders,cpu,cpu,front-end,payment,10.778202734222555,10.273723180578976,10.732332450118705,10.335137695838931,-0.5044795536435789,-0.3971947542797736
orders_cpu,orders,cpu,cpu,front-end,shipping,10.778202734222555,10.273723180578976,10.732332450118705,10.335137695838931,-0.5044795536435789,-0.3971947542797736
orders_cpu,orders,cpu,cpu,catalogue,front-end,6.8868986768615965,8.505109098505963,7.103917574847611,8.43460530974754,1.618210421644367,1.3306877348999295
orders_cpu,orders,cpu,cpu,catalogue,user,6.8868986768615965,8.505109098505963,6.99934530071601,8.20767151513232,1.618210421644367,1.20832621441631
orders_cpu,orders,cpu,cpu,catalogue,carts,6.8868986768615965,8.505109098505963,7.154951570994343,8.514675254332838,1.618210421644367,1.359723683338495
orders_cpu,orders,cpu,cpu,catalogue,payment,6.8868986768615965,8.505109098505963,7.1745285720207965,8.426127722816615,1.618210421644367,1.2515991507958182
orders_cpu,orders,cpu,cpu,catalogue,shipping,6.8868986768615965,8.505109098505963,7.1745285720207965,8.426127722816615,1.618210421644367,1.2515991507958182
orders_cpu,orders,cpu,cpu,user,front-end,11.815299444555171,9.639249042682922,11.815299444555171,9.639249042682922,-2.1760504018722493,-2.1760504018722493
orders_cpu,orders,cpu,cpu,user,catalogue,11.815299444555171,9.639249042682922,11.703459324005902,9.234807599341623,-2.1760504018722493,-2.4686517246642783
orders_cpu,orders,cpu,cpu,user,carts,11.815299444555171,9.639249042682922,11.729879381758991,9.712089516604937,-2.1760504018722493,-2.017789865154054
orders_cpu,orders,cpu,cpu,user,payment,11.815299444555171,9.639249042682922,11.816686373775719,9.51523617487508,-2.1760504018722493,-2.301450198900639
orders_cpu,orders,cpu,cpu,user,shipping,11.815299444555171,9.639249042682922,11.815299444555171,9.639249042682922,-2.1760504018722493,-2.1760504018722493
orders_cpu,orders,cpu,cpu,carts,front-end,10.561772314969918,12.179871650056873,10.657059903411701,12.219601643238644,1.6180993350869546,1.5625417398269423
orders_cpu,orders,cpu,cpu,carts,catalogue,10.561772314969918,12.179871650056873,10.635668609400119,12.340404709055894,1.6180993350869546,1.7047360996557757
orders_cpu,orders,cpu,cpu,carts,user,10.561772314969918,12.179871650056873,10.52801156503339,12.29349888444868,1.6180993350869546,1.7654873194152891
orders_cpu,orders,cpu,cpu,carts,payment,10.561772314969918,12.179871650056873,10.657059903411701,12.219601643238644,1.6180993350869546,1.5625417398269423
orders_cpu,orders,cpu,cpu,carts,shipping,10.561772314969918,12.179871650056873,10.254595681786112,13.816826146107545,1.6180993350869546,3.5622304643214324
orders_cpu,orders,cpu,cpu,payment,front-end,8.292205652855495,9.871426288225678,8.34805533338194,9.88213750856541,1.5792206353701825,1.534082175183471
orders_cpu,orders,cpu,cpu,payment,catalogue,8.292205652855495,9.871426288225678,8.34805533338194,9.88213750856541,1.5792206353701825,1.534082175183471
orders_cpu,orders,cpu,cpu,payment,user,8.292205652855495,9.871426288225678,8.329751885295913,9.791321218268479,1.5792206353701825,1.4615693329725659
orders_cpu,orders,cpu,cpu,payment,carts,8.292205652855495,9.871426288225678,8.34805533338194,9.88213750856541,1.5792206353701825,1.534082175183471
orders_cpu,orders,cpu,cpu,payment,shipping,8.292205652855495,9.871426288225678,8.120875849134908,10.087792725061416,1.5792206353701825,1.9669168759265077
orders_cpu,orders,cpu,cpu,shipping,front-end,22.786731961120626,21.94997335288783,22.786731961120626,21.94997335288783,-0.8367586082327954,-0.8367586082327954
orders_cpu,orders,cpu,cpu,shipping,catalogue,22.786731961120626,21.94997335288783,22.786731961120626,21.94997335288783,-0.8367586082327954,-0.8367586082327954
orders_cpu,orders,cpu,cpu,shipping,user,22.786731961120626,21.94997335288783,22.786731961120626,21.94997335288783,-0.8367586082327954,-0.8367586082327954
orders_cpu,orders,cpu,cpu,shipping,carts,22.786731961120626,21.94997335288783,22.50249861292279,24.646820660421977,-0.8367586082327954,2.1443220474991875
orders_cpu,orders,cpu,cpu,shipping,payment,22.786731961120626,21.94997335288783,20.937685678444677,22.49495558450199,-0.8367586082327954,1.5572699060573143
orders_cpu,orders,cpu,mem,front-end,catalogue,3.3225362568729384,3.7591002576397754,3.1250757578111568,3.9034116922770417,0.436564000766837,0.7783359344658849
orders_cpu,orders,cpu,mem,front-end,user,3.3225362568729384,3.7591002576397754,3.315305287851881,3.853907714372763,0.436564000766837,0.5386024265208822
orders_cpu,orders,cpu,mem,front-end,carts,3.3225362568729384,3.7591002576397754,3.269552853753712,3.64732290345383,0.436564000766837,0.37777004970011774
orders_cpu,orders,cpu,mem,front-end,payment,3.3225362568729384,3.7591002576397754,3.3225362568729384,3.7591002576397754,0.436564000766837,0.436564000766837
orders_cpu,orders,cpu,mem,front-end,shipping,3.3225362568729384,3.7591002576397754,3.3262808539818036,3.7644339078854165,0.436564000766837,0.4381530539036129
orders_cpu,orders,cpu,mem,catalogue,front-end,0.21623967620169726,0.3795698102425011,0.19914549329804374,0.3696822365958995,0.16333013404080382,0.17053674329785576
orders_cpu,orders,cpu,mem,catalogue,user,0.21623967620169726,0.3795698102425011,0.1544197115824437,0.14913418899851022,0.16333013404080382,-0.005285522583933472
orders_cpu,orders,cpu,mem,catalogue,carts,0.21623967620169726,0.3795698102425011,0.15097462046438517,0.5640949984750872,0.16333013404080382,0.413120378010702
orders_cpu,orders,cpu,mem,catalogue,payment,0.21623967620169726,0.3795698102425011,0.21623967620169726,0.3795698102425011,0.16333013404080382,0.16333013404080382
orders_cpu,orders,cpu,mem,catalogue,shipping,0.21623967620169726,0.3795698102425011,0.21794947871581435,0.3769549008079099,0.16333013404080382,0.15900542209209553
orders_cpu,orders,cpu,mem,user,front-end,0.24762573072111463,0.7648906432217043,0.24548915382168954,0.7633823294465928,0.5172649125005897,0.5178931756249032
orders_cpu,orders,cpu,mem,user,catalogue,0.24762573072111463,0.7648906432217043,0.22628500570900878,0.6769972478149447,0.5172649125005897,0.45071224210593597
orders_cpu,orders,cpu,mem,user,carts,0.24762573072111463,0.7648906432217043,0.11384682884745989,1.3387622023339907,0.5172649125005897,1.2249153734865308
orders_cpu,orders,cpu,mem,user,payment,0.24762573072111463,0.7648906432217043,0.23288715146218275,0.7345361797318702,0.5172649125005897,0.5016490282696875
orders_cpu,orders,cpu,mem,user,shipping,0.24762573072111463,0.7648906432217043,0.24762573072111463,0.7648906432217043,0.5172649125005897,0.5172649125005897
orders_cpu,orders,cpu,mem,carts,front-end,0.12921304452654228,0.5164464766388188,0.12711029602564966,0.5143725119678557,0.38723343211227657,0.38726221594220606
orders_cpu,orders,cpu,mem,carts,catalogue,0.12921304452654228,0.5164464766388188,0.11510804152968632,0.539811982734167,0.38723343211227657,0.42470394120448063
orders_cpu,orders,cpu,mem,carts,user,0.12921304452654228,0.5164464766388188,0.05612046855135373,0.7326466964431211,0.38723343211227657,0.6765262278917673
orders_cpu,orders,cpu,mem,carts,payment,0.12921304452654228,0.5164464766388188,0.12639878965764956,0.5321678473927559,0.38723343211227657,0.40576905773510635
orders_cpu,orders,cpu,mem,carts,shipping,0.12921304452654228,0.5164464766388188,0.12921304452654228,0.5164464766388188,0.38723343211227657,0.38723343211227657
orders_cpu,orders,cpu,mem,payment,front-end,1.044540445977573,0.9793464185432454,1.0725735948540256,0.9945463009348626,-0.06519402743432745,-0.07802729391916297
orders_cpu,orders,cpu,mem,payment,catalogue,1.044540445977573,0.9793464185432454,1.0725735948540256,0.9945463009348626,-0.06519402743432745,-0.07802729391916297
orders_cpu,orders,cpu,mem,payment,user,1.044540445977573,0.9793464185432454,0.9864940448087157,0.5041696680649211,-0.06519402743432745,-0.4823243767437946
orders_cpu,orders,cpu,mem,payment,carts,1.044540445977573,0.9793464185432454,1.026153605169755,1.5437461886025292,-0.06519402743432745,0.5175925834327741
orders_cpu,orders,cpu,mem,payment,shipping,1.044540445977573,0.9793464185432454,1.0725735948540256,0.9945463009348626,-0.06519402743432745,-0.07802729391916297
orders_cpu,orders,cpu,mem,shipping,front-end,0.02181928333155291,0.012605632469495958,0.021839314588712723,0.012623000958782155,-0.00921365086205695,-0.009216313629930568
orders_cpu,orders,cpu,mem,shipping,catalogue,0.02181928333155291,0.012605632469495958,0.02181871958676055,0.012066880908018492,-0.00921365086205695,-0.009751838678742058
orders_cpu,orders,cpu,mem,shipping,user,0.02181928333155291,0.012605632469495958,0.02181928333155291,0.012605632469495958,-0.00921365086205695,-0.00921365086205695
orders_cpu,orders,cpu,mem,shipping,carts,0.02181928333155291,0.012605632469495958,0.02181928333155291,0.012605632469495958,-0.00921365086205695,-0.00921365086205695
orders_cpu,orders,cpu,mem,shipping,payment,0.02181928333155291,0.012605632469495958,0.02181928333155291,0.012605632469495958,-0.00921365086205695,-0.00921365086205695
orders_cpu,orders,cpu,cpu,front-end,catalogue,6.032230101665443,8.828491876565966,5.766933396642935,8.554521496548235,2.7962617749005227,2.7875880999052995
orders_cpu,orders,cpu,cpu,front-end,user,6.0340504471092675,8.832120403489531,5.944150246097139,8.911426920920352,2.798069956380264,2.9672766748232133
orders_cpu,orders,cpu,cpu,front-end,carts,6.042864569107205,8.829066778557113,5.952105881600317,8.961177166716562,2.7862022094499084,3.009071285116245
orders_cpu,orders,cpu,cpu,front-end,payment,6.032230101665443,8.828491876565966,5.9938224729021155,8.81861532355438,2.7962617749005227,2.8247928506522637
orders_cpu,orders,cpu,cpu,front-end,shipping,6.032230101665443,8.828491876565966,5.9576760226384815,8.983739750783846,2.7962617749005227,3.026063728145364
orders_cpu,orders,cpu,cpu,catalogue,front-end,8.718164363710018,10.687445182950825,8.292862416432726,9.807584670967662,1.9692808192408062,1.5147222545349361
orders_cpu,orders,cpu,cpu,catalogue,user,8.727342586479034,10.6885068880467,8.727342586479034,10.6885068880467,1.9611643015676652,1.9611643015676652
orders_cpu,orders,cpu,cpu,catalogue,carts,8.736195248324696,10.689699502078959,8.538914828319747,10.844683093259588,1.9535042537542626,2.305768264939841
orders_cpu,orders,cpu,cpu,catalogue,payment,8.718164363710018,10.687445182950825,8.718164363710018,10.687445182950825,1.9692808192408062,1.9692808192408062
orders_cpu,orders,cpu,cpu,catalogue,shipping,8.718164363710018,10.687445182950825,8.62071561720828,10.993322342193663,1.9692808192408062,2.372606724985383
orders_cpu,orders,cpu,cpu,user,front-end,8.160137105384376,8.713032862778114,8.32472364640142,8.973734177495276,0.5528957573937383,0.6490105310938556
orders_cpu,orders,cpu,cpu,user,catalogue,8.160137105384376,8.713032862778114,8.371386509903683,8.865123473494895,0.5528957573937383,0.49373696359121233
orders_cpu,orders,cpu,cpu,user,carts,8.178160184121165,8.711237741035657,8.378768518907805,8.884638628947961,0.5330775569144919,0.5058701100401564
orders_cpu,orders,cpu,cpu,user,payment,8.160137105384376,8.713032862778114,8.043843079236002,9.038433573470716,0.5528957573937383,0.9945904942347141
orders_cpu,orders,cpu,cpu,user,shipping,8.160137105384376,8.713032862778114,8.294146919268751,9.015179737076783,0.5528957573937383,0.7210328178080321
orders_cpu,orders,cpu,cpu,carts,front-end,20.8936809328795,16.262315806075595,21.054746696663475,16.954190375078344,-4.631365126803907,-4.100556321585131
orders_cpu,orders,cpu,cpu,carts,catalogue,20.8936809328795,16.262315806075595,20.909812394249276,17.074651680283587,-4.631365126803907,-3.8351607139656885
orders_cpu,orders,cpu,cpu,carts,user,20.91965198737486,16.27668222292781,21.055447390342767,15.956091446967882,-4.642969764447049,-5.099355943374885
orders_cpu,orders,cpu,cpu,carts,payment,20.8936809328795,16.262315806075595,21.00746052697676,15.82699657543255,-4.631365126803907,-5.18046395154421
orders_cpu,orders,cpu,cpu,carts,shipping,20.8936809328795,16.262315806075595,16.32554678332335,8.218268725735832,-4.631365126803907,-8.107278057587518
orders_cpu,orders,cpu,cpu,payment,front-end,8.104391248978226,12.023182184517477,8.269137678401211,12.221070808789305,3.918790935539251,3.9519331303880936
orders_cpu,orders,cpu,cpu,payment,catalogue,8.104391248978226,12.023182184517477,8.295227224535731,12.22792540974732,3.918790935539251,3.9326981852115885
orders_cpu,orders,cpu,cpu,payment,user,7.992782214670692,12.018321842976153,7.814791769643664,12.14225999649326,4.025539628305461,4.3274682268495965
orders_cpu,orders,cpu,cpu,payment,carts,8.112739210739473,12.027230015839296,8.29770937540235,12.230540146371087,3.914490805099822,3.932830770968737
orders_cpu,orders,cpu,cpu,payment,shipping,8.104391248978226,12.023182184517477,8.295227224535731,12.22792540974732,3.918790935539251,3.9326981852115885
orders_cpu,orders,cpu,cpu,shipping,front-end,84.82942196844334,115.51524168980627,85.28542923401437,114.31187729389416,30.685819721362932,29.026448059879783
orders_cpu,orders,cpu,cpu,shipping,catalogue,84.82942196844334,115.51524168980627,85.04087096052496,118.89336265397492,30.685819721362932,33.85249169344996
orders_cpu,orders,cpu,cpu,shipping,user,84.89819413352932,115.65698932350925,86.11225519323538,115.6314812620533,30.758795189979935,29.519226068817915
orders_cpu,orders,cpu,cpu,shipping,carts,84.96183083981221,115.39263555113453,62.0524575791577,79.23924078269225,30.430804711322324,17.186783203534546
orders_cpu,orders,cpu,cpu,shipping,payment,84.82942196844334,115.51524168980627,85.89495250971902,113.44263526995115,30.685819721362932,27.547682760232135
orders_cpu,orders,cpu,mem,front-end,catalogue,3.3665257765593046,3.330732567214292,3.3665257765593046,3.330732567214292,-0.035793209345012844,-0.035793209345012844
orders_cpu,orders,cpu,mem,front-end,user,3.3665257765593046,3.330732567214292,3.3695162840670703,3.414774778570067,-0.035793209345012844,0.04525849450299679
orders_cpu,orders,cpu,mem,front-end,carts,3.3665257765593046,3.330732567214292,3.3665257765593046,3.330732567214292,-0.035793209345012844,-0.035793209345012844
orders_cpu,orders,cpu,mem,front-end,payment,3.3665257765593046,3.330732567214292,3.3665257765593046,3.330732567214292,-0.035793209345012844,-0.035793209345012844
orders_cpu,orders,cpu,mem,front-end,shipping,3.3665257765593046,3.330732567214292,3.3665257765593046,3.330732567214292,-0.035793209345012844,-0.035793209345012844
orders_cpu,orders,cpu,mem,catalogue,front-end,0.18556024587385653,0.6366890705146901,0.18587680543219262,0.6381592254531675,0.4511288246408336,0.45228242002097485
orders_cpu,orders,cpu,mem,catalogue,user,0.18556024587385653,0.6366890705146901,0.13335537423998983,0.12605057402019476,0.4511288246408336,-0.007304800219795071
orders_cpu,orders,cpu,mem,catalogue,carts,0.18556024587385653,0.6366890705146901,0.12931893690187146,0.35707271297317184,0.4511288246408336,0.22775377607130037
orders_cpu,orders,cpu,mem,catalogue,payment,0.18556024587385653,0.6366890705146901,0.11429495525479094,0.4834567579265169,0.4511288246408336,0.36916180267172594
orders_cpu,orders,cpu,mem,catalogue,shipping,0.18556024587385653,0.6366890705146901,0.11229668984422507,0.355428124834328,0.4511288246408336,0.24313143499010292
orders_cpu,orders,cpu,mem,user,front-end,0.1600899980737537,0.8928394511865253,0.16063176678938867,0.8946845517715107,0.7327494531127716,0.7340527849821221
orders_cpu,orders,cpu,mem,user,catalogue,0.1600899980737537,0.8928394511865253,0.1300606102370682,0.5258902057519577,0.7327494531127716,0.3958295955148895
orders_cpu,orders,cpu,mem,user,carts,0.1600899980737537,0.8928394511865253,0.12313657819599441,0.6341809526396119,0.7327494531127716,0.5110443744436175
orders_cpu,orders,cpu,mem,user,payment,0.1600899980737537,0.8928394511865253,0.13325181363809285,0.7727293374704061,0.7327494531127716,0.6394775238323132
orders_cpu,orders,cpu,mem,user,shipping,0.1600899980737537,0.8928394511865253,0.1196003417193988,0.6704645054109,0.7327494531127716,0.5508641636915012
orders_cpu,orders,cpu,mem,carts,front-end,0.015709252228132766,0.0438351164298461,0.01579040934018886,0.04404054779039697,0.02812586420171333,0.028250138450208108
orders_cpu,orders,cpu,mem,carts,catalogue,0.015709252228132766,0.0438351164298461,0.011391702826071482,0.012596613815326672,0.02812586420171333,0.00120491098925519
orders_cpu,orders,cpu,mem,carts,user,0.015709252228132766,0.0438351164298461,0.01162394717597959,0.022671604703150456,0.02812586420171333,0.011047657527170867
orders_cpu,orders,cpu,mem,carts,payment,0.015709252228132766,0.0438351164298461,0.012086921644057972,0.03133265815112526,0.02812586420171333,0.019245736507067283
orders_cpu,orders,cpu,mem,carts,shipping,0.015709252228132766,0.0438351164298461,0.010126875907518361,0.021074116451263652,0.02812586420171333,0.01094724054374529
orders_cpu,orders,cpu,mem,payment,front-end,0.19555433302584557,0.28480484715990584,0.19562182867699585,0.28488859410344464,0.08925051413406027,0.08926676542644879
orders_cpu,orders,cpu,mem,payment,catalogue,0.19555433302584557,0.28480484715990584,0.1171835949710478,0.21295070449938702,0.08925051413406027,0.09576710952833922
orders_cpu,orders,cpu,mem,payment,user,0.19555433302584557,0.28480484715990584,0.13999368963912162,0.35503559040447064,0.08925051413406027,0.21504190076534901
orders_cpu,orders,cpu,mem,payment,carts,0.19555433302584557,0.28480484715990584,0.14384272781282142,0.05517774367250983,0.08925051413406027,-0.0886649841403116
orders_cpu,orders,cpu,mem,payment,shipping,0.19555433302584557,0.28480484715990584,0.12059612515812906,0.061073146630230696,0.08925051413406027,-0.05952297852789837
orders_cpu,orders,cpu,mem,shipping,front-end,0.08881842345418928,0.19027300235934058,0.08918637358413282,0.19068513979910193,0.1014545789051513,0.1014987662149691
orders_cpu,orders,cpu,mem,shipping,catalogue,0.08881842345418928,0.19027300235934058,0.05520024450491535,0.09107129025000807,0.1014545789051513,0.03587104574509272
orders_cpu,orders,cpu,mem,shipping,user,0.08881842345418928,0.19027300235934058,0.06441588261561465,0.15077166580202742,0.1014545789051513,0.08635578318641277
orders_cpu,orders,cpu,mem,shipping,carts,0.08881842345418928,0.19027300235934058,0.06044286938441798,0.0588872330412837,0.1014545789051513,-0.001555636343134277
orders_cpu,orders,cpu,mem,shipping,payment,0.08881842345418928,0.19027300235934058,0.05693590643317448,0.11077557266763344,0.1014545789051513,0.05383966623445896
orders_delay,orders,delay,cpu,front-end,catalogue,8.067987367791824,5.657215249193315,8.163204763033647,5.986740578610064,-2.4107721185985094,-2.1764641844235832
orders_delay,orders,delay,cpu,front-end,user,8.067987367791824,5.657215249193315,8.227971221771714,6.059921951658822,-2.4107721185985094,-2.168049270112892
orders_delay,orders,delay,cpu,front-end,carts,8.067987367791824,5.657215249193315,8.224812783700624,6.075123866311269,-2.4107721185985094,-2.149688917389355
orders_delay,orders,delay,cpu,front-end,payment,8.067987367791824,5.657215249193315,7.8756909108353454,5.715936808716119,-2.4107721185985094,-2.1597541021192264
orders_delay,orders,delay,cpu,front-end,shipping,8.067987367791824,5.657215249193315,8.228487168801253,6.088368314651426,-2.4107721185985094,-2.1401188541498275
orders_delay,orders,delay,cpu,catalogue,front-end,8.454651158740976,8.88681958305762,8.456524081555958,8.674754353915514,0.4321684243166448,0.2182302723595555
orders_delay,orders,delay,cpu,catalogue,user,8.454651158740976,8.88681958305762,8.437135515277507,8.769585909685604,0.4321684243166448,0.332450394408097
orders_delay,orders,delay,cpu,catalogue,carts,8.454651158740976,8.88681958305762,8.498542739902552,8.856997294095645,0.4321684243166448,0.35845455419309324
orders_delay,orders,delay,cpu,catalogue,payment,8.454651158740976,8.88681958305762,8.251103321049257,8.585479958661145,0.4321684243166448,0.3343766376118875
orders_delay,orders,delay,cpu,catalogue,shipping,8.454651158740976,8.88681958305762,8.350086632227177,8.669375796197178,0.4321684243166448,0.3192891639700015
orders_delay,orders,delay,cpu,user,front-end,7.503946605114124,8.282503896034797,7.85647223567619,8.69710398277473,0.7785572909206726,0.8406317470985396
orders_delay,orders,delay,cpu,user,catalogue,7.503946605114124,8.282503896034797,7.825069397923383,8.721891213534635,0.7785572909206726,0.8968218156112515
orders_delay,orders,delay,cpu,user,carts,7.503946605114124,8.282503896034797,7.8595306377823055,8.723785396401146,0.7785572909206726,0.8642547586188405
orders_delay,orders,delay,cpu,user,payment,7.503946605114124,8.282503896034797,7.67560500760342,8.210146852035898,0.7785572909206726,0.5345418444324777
orders_delay,orders,delay,cpu,user,shipping,7.503946605114124,8.282503896034797,7.410505630491625,8.53630590486965,0.7785572909206726,1.125800274378025
orders_delay,orders,delay,cpu,carts,front-end,7.203844559653315,12.772102875647779,7.26894760520223,12.857538139791583,5.568258315994464,5.588590534589352
orders_delay,orders,delay,cpu,carts,catalogue,7.203844559653315,12.772102875647779,7.269498935163876,12.865337552169217,5.568258315994464,5.595838617005342
orders_delay,orders,delay,cpu,carts,user,7.203844559653315,12.772102875647779,7.269498935163876,12.865337552169217,5.568258315994464,5.595838617005342
orders_delay,orders,delay,cpu,carts,payment,7.203844559653315,12.772102875647779,7.269498935163876,12.865337552169217,5.568258315994464,5.595838617005342
orders_delay,orders,delay,cpu,carts,shipping,7.203844559653315,12.772102875647779,7.293533168692931,12.818955122785313,5.568258315994464,5.525421954092383
orders_delay,orders,delay,cpu,payment,front-end,8.09270433719451,9.12342500162356,8.043855219689593,8.912224432711211,1.0307206644290492,0.8683692130216176
orders_delay,orders,delay,cpu,payment,catalogue,8.09270433719451,9.12342500162356,8.010406282145256,9.093914080066224,1.0307206644290492,1.0835077979209675
orders_delay,orders,delay,cpu,payment,user,8.09270433719451,9.12342500162356,7.80196420264231,8.611300038745556,1.0307206644290492,0.8093358361032461
orders_delay,orders,delay,cpu,payment,carts,8.09270433719451,9.12342500162356,8.112826740679553,9.272466610579073,1.0307206644290492,1.1596398698995198
orders_delay,orders,delay,cpu,payment,shipping,8.09270433719451,9.12342500162356,7.55712058514753,8.684136776770513,1.0307206644290492,1.1270161916229835
orders_delay,orders,delay,cpu,shipping,front-end,8.563213362004504,9.928007365283989,8.716105447316876,10.06881400044034,1.364794003279485,1.352708553123465
orders_delay,orders,delay,cpu,shipping,catalogue,8.563213362004504,9.928007365283989,8.553599946215781,10.094722474284874,1.364794003279485,1.5411225280690921
orders_delay,orders,delay,cpu,shipping,user,8.563213362004504,9.928007365283989,8.361419352137817,9.438677761172036,1.364794003279485,1.0772584090342185
orders_delay,orders,delay,cpu,shipping,carts,8.563213362004504,9.928007365283989,8.721089738343462,10.054427592378207,1.364794003279485,1.3333378540347454
orders_delay,orders,delay,cpu,shipping,payment,8.563213362004504,9.928007365283989,8.193589923087236,8.945120846323327,1.364794003279485,0.7515309232360909
orders_delay,orders,delay,mem,front-end,catalogue,5.298987383359864,3.6683696585047527,5.298987383359864,3.6683696585047527,-1.6306177248551115,-1.6306177248551115
orders_delay,orders,delay,mem,front-end,user,5.298987383359864,3.6683696585047527,4.961718010362984,3.9648055866093026,-1.6306177248551115,-0.996912423753681
orders_delay,orders,delay,mem,front-end,carts,5.298987383359864,3.6683696585047527,5.2831733999182555,3.686301218648638,-1.6306177248551115,-1.5968721812696174
orders_delay,orders,delay,mem,front-end,payment,5.298987383359864,3.6683696585047527,5.346740330643933,3.7083184481456164,-1.6306177248551115,-1.6384218824983168
orders_delay,orders,delay,mem,front-end,shipping,5.298987383359864,3.6683696585047527,5.298987383359864,3.6683696585047527,-1.6306177248551115,-1.6306177248551115
orders_delay,orders,delay,mem,catalogue,front-end,0.3144230995472437,0.6043246016546026,0.3144230995472437,0.6043246016546026,0.2899015021073589,0.2899015021073589
orders_delay,orders,delay,mem,catalogue,user,0.3144230995472437,0.6043246016546026,0.3144230995472437,0.6043246016546026,0.2899015021073589,0.2899015021073589
orders_delay,orders,delay,mem,catalogue,carts,0.3144230995472437,0.6043246016546026,0.31460014420365995,0.6045600877102789,0.2899015021073589,0.28995994350661897
orders_delay,orders,delay,mem,catalogue,payment,0.3144230995472437,0.6043246016546026,0.3144230995472437,0.6043246016546026,0.2899015021073589,0.2899015021073589
orders_delay,orders,delay,mem,catalogue,shipping,0.3144230995472437,0.6043246016546026,0.3144230995472437,0.6043246016546026,0.2899015021073589,0.2899015021073589
orders_delay,orders,delay,mem,user,front-end,0.19710425418868674,0.24818365402016707,0.20824175118809252,0.24149125947149183,0.05107939983148033,0.033249508283399315
orders_delay,orders,delay,mem,user,catalogue,0.19710425418868674,0.24818365402016707,0.19710425418868674,0.24818365402016707,0.05107939983148033,0.05107939983148033
orders_delay,orders,delay,mem,user,carts,0.19710425418868674,0.24818365402016707,0.19710425418868674,0.24818365402016707,0.05107939983148033,0.05107939983148033
orders_delay,orders,delay,mem,user,payment,0.19710425418868674,0.24818365402016707,0.19710425418868674,0.24818365402016707,0.05107939983148033,0.05107939983148033
orders_delay,orders,delay,mem,user,shipping,0.19710425418868674,0.24818365402016707,0.19710425418868674,0.24818365402016707,0.05107939983148033,0.05107939983148033
orders_delay,orders,delay,mem,carts,front-end,0.01868402490513031,0.02181055876588689,0.01856896392527371,0.020995988525342017,0.003126533860756578,0.0024270246000683074
orders_delay,orders,delay,mem,carts,catalogue,0.01868402490513031,0.02181055876588689,0.018838547362776997,0.021999694606138865,0.003126533860756578,0.0031611472433618684
orders_delay,orders,delay,mem,carts,user,0.01868402490513031,0.02181055876588689,0.018744620622950993,0.021150196039662176,0.003126533860756578,0.002405575416711183
orders_delay,orders,delay,mem,carts,payment,0.01868402490513031,0.02181055876588689,0.018544984494826708,0.021813037549957875,0.003126533860756578,0.003268053055131167
orders_delay,orders,delay,mem,carts,shipping,0.01868402490513031,0.02181055876588689,0.018810272385507195,0.020410008781450748,0.003126533860756578,0.0015997363959435532
orders_delay,orders,delay,mem,payment,front-end,0.3491138531273646,0.3048444529479479,0.34492942297509677,0.307193079078236,-0.04426940017941672,-0.03773634389686076
orders_delay,orders,delay,mem,payment,catalogue,0.3491138531273646,0.3048444529479479,0.35065596113069303,0.30664526322385066,-0.04426940017941672,-0.044010697906842366
orders_delay,orders,delay,mem,payment,user,0.3491138531273646,0.3048444529479479,0.35065596113069303,0.30664526322385066,-0.04426940017941672,-0.044010697906842366
orders_delay,orders,delay,mem,payment,carts,0.3491138531273646,0.3048444529479479,0.3504465484396763,0.3289781185131934,-0.04426940017941672,-0.0214684299264829
orders_delay,orders,delay,mem,payment,shipping,0.3491138531273646,0.3048444529479479,0.34902883122964745,0.359829513286465,-0.04426940017941672,0.010800682056817557
orders_delay,orders,delay,mem,shipping,front-end,0.0007842591906033424,0.0008293271879858406,0.0007806036816778513,0.0008087203010707975,4.5067997382498186e-05,2.8116619392946234e-05
orders_delay,orders,delay,mem,shipping,catalogue,0.0007842591906033424,0.0008293271879858406,0.0007806036816778513,0.0008087203010707975,4.5067997382498186e-05,2.8116619392946234e-05
orders_delay,orders,delay,mem,shipping,user,0.0007842591906033424,0.0008293271879858406,0.0007806036816778513,0.0008087203010707975,4.5067997382498186e-05,2.8116619392946234e-05
orders_delay,orders,delay,mem,shipping,carts,0.0007842591906033424,0.0008293271879858406,0.0007809292340433061,0.0008230611870604546,4.5067997382498186e-05,4.2131953017148535e-05
orders_delay,orders,delay,mem,shipping,payment,0.0007842591906033424,0.0008293271879858406,0.0007362105506294763,0.0008570037357217314,4.5067997382498186e-05,0.00012079318509225511
orders_delay,orders,delay,cpu,front-end,catalogue,7.383439906893588,8.639207482249214,7.376814252141354,8.586284503178126,1.2557675753556259,1.2094702510367723
orders_delay,orders,delay,cpu,front-end,user,7.383439906893588,8.639207482249214,7.351917421531544,8.351395435424307,1.2557675753556259,0.9994780138927624
orders_delay,orders,delay,cpu,front-end,carts,7.383439906893588,8.639207482249214,7.035708066493629,6.557798991267248,1.2557675753556259,-0.47790907522638104
orders_delay,orders,delay,cpu,front-end,payment,7.383439906893588,8.639207482249214,7.383439906893588,8.639207482249214,1.2557675753556259,1.2557675753556259
orders_delay,orders,delay,cpu,front-end,shipping,7.383439906893588,8.639207482249214,7.233164833781679,7.897175468271148,1.2557675753556259,0.6640106344894692
orders_delay,orders,delay,cpu,catalogue,front-end,8.357403662901522,6.1950909365956335,8.331437551190731,6.350932289050704,-2.1623127263058883,-1.9805052621400279
orders_delay,orders,delay,cpu,catalogue,user,8.357403662901522,6.1950909365956335,7.995725191874316,6.438529780740208,-2.1623127263058883,-1.5571954111341073
orders_delay,orders,delay,cpu,catalogue,carts,8.357403662901522,6.1950909365956335,8.330518730659728,6.244357870595535,-2.1623127263058883,-2.0861608600641928
orders_delay,orders,delay,cpu,catalogue,payment,8.357403662901522,6.1950909365956335,8.34940281548115,6.474750348166622,-2.1623127263058883,-1.8746524673145286
orders_delay,orders,delay,cpu,catalogue,shipping,8.357403662901522,6.1950909365956335,8.34539793999999,6.415339194689482,-2.1623127263058883,-1.9300587453105074
orders_delay,orders,delay,cpu,user,front-end,7.595241715418545,7.166706647429166,7.553766155871426,6.890788649885225,-0.42853506798937957,-0.6629775059862011
orders_delay,orders,delay,cpu,user,catalogue,7.595241715418545,7.166706647429166,7.359062690593987,6.797451408990092,-0.42853506798937957,-0.561611281603895
orders_delay,orders,delay,cpu,user,carts,7.595241715418545,7.166706647429166,7.652099817319134,6.674933015256139,-0.42853506798937957,-0.9771668020629951
orders_delay,orders,delay,cpu,user,payment,7.595241715418545,7.166706647429166,7.377391769092037,7.110629760442933,-0.42853506798937957,-0.2667620086491045
orders_delay,orders,delay,cpu,user,shipping,7.595241715418545,7.166706647429166,7.553656294209314,7.036286482949891,-0.42853506798937957,-0.5173698112594227
orders_delay,orders,delay,cpu,carts,front-end,42.47606420561485,133.6486321714623,40.654425574796015,113.0593028950712,91.17256796584746,72.40487732027518
orders_delay,orders,delay,cpu,carts,catalogue,42.47606420561485,133.6486321714623,41.83200656199922,131.08370618701773,91.17256796584746,89.2516996250185
orders_delay,orders,delay,cpu,carts,user,42.47606420561485,133.6486321714623,41.77051299592544,127.18918061233214,91.17256796584746,85.4186676164067
orders_delay,orders,delay,cpu,carts,payment,42.47606420561485,133.6486321714623,42.47606420561485,133.6486321714623,91.17256796584746,91.17256796584746
orders_delay,orders,delay,cpu,carts,shipping,42.47606420561485,133.6486321714623,33.23722052578211,98.39857400471116,91.17256796584746,65.16135347892906
orders_delay,orders,delay,cpu,payment,front-end,7.148576830654359,10.000858309667672,7.129766751333869,10.01445216682629,2.852281479013313,2.884685415492421
orders_delay,orders,delay,cpu,payment,catalogue,7.148576830654359,10.000858309667672,7.110380270172545,10.037721655112016,2.852281479013313,2.9273413849394707
orders_delay,orders,delay,cpu,payment,user,7.148576830654359,10.000858309667672,7.171567957301665,10.007420243020166,2.852281479013313,2.8358522857185005
orders_delay,orders,delay,cpu,payment,carts,7.148576830654359,10.000858309667672,7.129766751333869,10.01445216682629,2.852281479013313,2.884685415492421
orders_delay,orders,delay,cpu,payment,shipping,7.148576830654359,10.000858309667672,7.129766751333869,10.01445216682629,2.852281479013313,2.884685415492421
orders_delay,orders,delay,cpu,shipping,front-end,60.18392006572141,122.89094711468185,60.25712605142667,98.59340798179252,62.70702704896044,38.33628193036586
orders_delay,orders,delay,cpu,shipping,catalogue,60.18392006572141,122.89094711468185,60.05885080075408,122.22546544552037,62.70702704896044,62.16661464476629
orders_delay,orders,delay,cpu,shipping,user,60.18392006572141,122.89094711468185,59.75091139274934,117.26973278442286,62.70702704896044,57.51882139167352
orders_delay,orders,delay,cpu,shipping,carts,60.18392006572141,122.89094711468185,51.12278414382344,34.81262419892662,62.70702704896044,-16.310159944896817
orders_delay,orders,delay,cpu,shipping,payment,60.18392006572141,122.89094711468185,60.18392006572141,122.89094711468185,62.70702704896044,62.70702704896044
orders_delay,orders,delay,mem,front-end,catalogue,3.9138765297828018,3.4886633077844085,3.9138765297828018,3.4886633077844085,-0.4252132219983933,-0.4252132219983933
orders_delay,orders,delay,mem,front-end,user,3.9138765297828018,3.4886633077844085,3.9071447441059504,3.5493067077410108,-0.4252132219983933,-0.3578380363649396
orders_delay,orders,delay,mem,front-end,carts,3.9138765297828018,3.4886633077844085,3.911968585379059,3.50511695534029,-0.4252132219983933,-0.4068516300387688
orders_delay,orders,delay,mem,front-end,payment,3.9138765297828018,3.4886633077844085,3.9138765297828018,3.4886633077844085,-0.4252132219983933,-0.4252132219983933
orders_delay,orders,delay,mem,front-end,shipping,3.9138765297828018,3.4886633077844085,3.9116593195671463,3.5071183724143853,-0.4252132219983933,-0.404540947152761
orders_delay,orders,delay,mem,catalogue,front-end,3.2589918506241475,3.7947470098317053,3.2589918506241475,3.7947470098317053,0.5357551592075578,0.5357551592075578
orders_delay,orders,delay,mem,catalogue,user,3.2589918506241475,3.7947470098317053,1.4399609203498316,5.464238867782695,0.5357551592075578,4.024277947432864
orders_delay,orders,delay,mem,catalogue,carts,3.2589918506241475,3.7947470098317053,1.2512813155537625,1.5088799622306583,0.5357551592075578,0.2575986466768958
orders_delay,orders,delay,mem,catalogue,payment,3.2589918506241475,3.7947470098317053,2.0527027488856358,5.624015727847747,0.5357551592075578,3.5713129789621116
orders_delay,orders,delay,mem,catalogue,shipping,3.2589918506241475,3.7947470098317053,2.105001361603768,3.2694243869425614,0.5357551592075578,1.1644230253387935
orders_delay,orders,delay,mem,user,front-end,5.884826278414143,14.213040520144052,5.931705898935993,14.066155412617881,8.32821424172991,8.134449513681888
orders_delay,orders,delay,mem,user,catalogue,5.884826278414143,14.213040520144052,2.3281500346998567,9.235167300260084,8.32821424172991,6.907017265560228
orders_delay,orders,delay,mem,user,carts,5.884826278414143,14.213040520144052,0.8738329471899927,6.22894627800474,8.32821424172991,5.355113330814747
orders_delay,orders,delay,mem,user,payment,5.884826278414143,14.213040520144052,4.089338094910152,16.245588250627375,8.32821424172991,12.156250155717222
orders_delay,orders,delay,mem,user,shipping,5.884826278414143,14.213040520144052,1.8003907304051234,2.744330092202497,8.32821424172991,0.9439393617973735
orders_delay,orders,delay,mem,carts,front-end,1.486197813867436,2.3946419439948,1.4935246203216732,2.330528233708937,0.908444130127364,0.8370036133872636
orders_delay,orders,delay,mem,carts,catalogue,1.486197813867436,2.3946419439948,0.5339857700267204,0.8908403283084091,0.908444130127364,0.35685455828168866
orders_delay,orders,delay,mem,carts,user,1.486197813867436,2.3946419439948,0.220946982046019,1.7491862318451727,0.908444130127364,1.5282392497991537
orders_delay,orders,delay,mem,carts,payment,1.486197813867436,2.3946419439948,0.9498325167889128,3.0155298946100264,0.908444130127364,2.0656973778211136
orders_delay,orders,delay,mem,carts,shipping,1.486197813867436,2.3946419439948,0.5338688730076196,0.9382070113780603,0.908444130127364,0.40433813837044064
orders_delay,orders,delay,mem,payment,front-end,12.972936130389753,7.792205675964363,12.972936130389753,7.792205675964363,-5.18073045442539,-5.18073045442539
orders_delay,orders,delay,mem,payment,catalogue,12.972936130389753,7.792205675964363,6.71647906379525,19.115132042654974,-5.18073045442539,12.398652978859724
orders_delay,orders,delay,mem,payment,user,12.972936130389753,7.792205675964363,9.55294287024435,32.921738612275455,-5.18073045442539,23.368795742031104
orders_delay,orders,delay,mem,payment,carts,12.972936130389753,7.792205675964363,8.643607757866558,23.165880664076642,-5.18073045442539,14.522272906210084
orders_delay,orders,delay,mem,payment,shipping,12.972936130389753,7.792205675964363,11.178688729390672,25.426418125650653,-5.18073045442539,14.247729396259981
orders_delay,orders,delay,mem,shipping,front-end,0.5120477022089932,1.18394484110731,0.5112028517435022,1.1784578029481168,0.6718971388983167,0.6672549512046145
orders_delay,orders,delay,mem,shipping,catalogue,0.5120477022089932,1.18394484110731,0.31855146393682743,0.7570081169465378,0.6718971388983167,0.4384566530097104
orders_delay,orders,delay,mem,shipping,user,0.5120477022089932,1.18394484110731,0.1596665855427386,0.1238141226895797,0.6718971388983167,-0.035852462853158906
orders_delay,orders,delay,mem,shipping,carts,0.5120477022089932,1.18394484110731,0.1863715924397879,0.46058837062132646,0.6718971388983167,0.27421677818153856
orders_delay,orders,delay,mem,shipping,payment,0.5120477022089932,1.18394484110731,0.42986847814674245,1.3514786816115727,0.6718971388983167,0.9216102034648302
orders_delay,orders,delay,cpu,front-end,catalogue,7.842041314606631,9.021348739553051,7.921154461692133,8.887149529150543,1.1793074249464208,0.9659950674584099
orders_delay,orders,delay,cpu,front-end,user,7.842041314606631,9.021348739553051,8.144607447490852,9.416397894802028,1.1793074249464208,1.2717904473111759
orders_delay,orders,delay,cpu,front-end,carts,7.842041314606631,9.021348739553051,7.985970816266845,9.154004673502465,1.1793074249464208,1.1680338572356197
orders_delay,orders,delay,cpu,front-end,payment,7.842041314606631,9.021348739553051,8.158549937984692,9.393912373943904,1.1793074249464208,1.2353624359592121
orders_delay,orders,delay,cpu,front-end,shipping,7.842041314606631,9.021348739553051,8.144607447490852,9.416397894802028,1.1793074249464208,1.2717904473111759
orders_delay,orders,delay,cpu,catalogue,front-end,7.709620983574891,6.9830856455059775,7.68811381430938,6.793360714075927,-0.7265353380689135,-0.8947531002334532
orders_delay,orders,delay,cpu,catalogue,user,7.709620983574891,6.9830856455059775,7.860148028730306,7.132769958532494,-0.7265353380689135,-0.7273780701978119
orders_delay,orders,delay,cpu,catalogue,carts,7.709620983574891,6.9830856455059775,7.860148028730306,7.132769958532494,-0.7265353380689135,-0.7273780701978119
orders_delay,orders,delay,cpu,catalogue,payment,7.709620983574891,6.9830856455059775,7.791099168673389,7.0841160124621565,-0.7265353380689135,-0.7069831562112325
orders_delay,orders,delay,cpu,catalogue,shipping,7.709620983574891,6.9830856455059775,7.860148028730306,7.132769958532494,-0.7265353380689135,-0.7273780701978119
orders_delay,orders,delay,cpu,user,front-end,11.061331628061913,7.181210068171145,11.004353637816127,7.343401736119999,-3.8801215598907675,-3.6609519016961283
orders_delay,orders,delay,cpu,user,catalogue,11.061331628061913,7.181210068171145,11.004353637816127,7.343401736119999,-3.8801215598907675,-3.6609519016961283
orders_delay,orders,delay,cpu,user,carts,11.061331628061913,7.181210068171145,11.011578047694941,7.3395970591808695,-3.8801215598907675,-3.671980988514072
orders_delay,orders,delay,cpu,user,payment,11.061331628061913,7.181210068171145,10.971035373493363,7.345723635574812,-3.8801215598907675,-3.625311737918551
orders_delay,orders,delay,cpu,user,shipping,11.061331628061913,7.181210068171145,10.704490380307972,7.919898363878926,-3.8801215598907675,-2.7845920164290456
orders_delay,orders,delay,cpu,carts,front-end,46.31412216105544,51.80387656254841,46.38548868022273,46.119295299994334,5.489754401492974,-0.266193380228394
orders_delay,orders,delay,cpu,carts,catalogue,46.31412216105544,51.80387656254841,46.31412216105544,51.80387656254841,5.489754401492974,5.489754401492974
orders_delay,orders,delay,cpu,carts,user,46.31412216105544,51.80387656254841,46.24678246712373,51.692263998828025,5.489754401492974,5.445481531704296
orders_delay,orders,delay,cpu,carts,payment,46.31412216105544,51.80387656254841,46.31412216105544,51.80387656254841,5.489754401492974,5.489754401492974
orders_delay,orders,delay,cpu,carts,shipping,46.31412216105544,51.80387656254841,46.31412216105544,51.80387656254841,5.489754401492974,5.489754401492974
orders_delay,orders,delay,cpu,payment,front-end,8.025168713808707,7.127145696713674,8.030329862351811,7.144566658983587,-0.8980230170950332,-0.8857632033682243
orders_delay,orders,delay,cpu,payment,catalogue,8.025168713808707,7.127145696713674,7.988764024116259,7.026026885677296,-0.8980230170950332,-0.9627371384389631
orders_delay,orders,delay,cpu,payment,user,8.025168713808707,7.127145696713674,8.019223454251904,7.12008792730678,-0.8980230170950332,-0.8991355269451242
orders_delay,orders,delay,cpu,payment,carts,8.025168713808707,7.127145696713674,8.025168713808707,7.127145696713674,-0.8980230170950332,-0.8980230170950332
orders_delay,orders,delay,cpu,payment,shipping,8.025168713808707,7.127145696713674,7.763648446056255,7.442206254778753,-0.8980230170950332,-0.3214421912775016
orders_delay,orders,delay,cpu,shipping,front-end,35.318950909924624,44.08101417646853,35.321214193878475,44.41723037173049,8.762063266543905,9.096016177852015
orders_delay,orders,delay,cpu,shipping,catalogue,35.318950909924624,44.08101417646853,35.321214193878475,44.41723037173049,8.762063266543905,9.096016177852015
orders_delay,orders,delay,cpu,shipping,user,35.318950909924624,44.08101417646853,35.013960196275775,44.62293906694171,8.762063266543905,9.608978870665936
orders_delay,orders,delay,cpu,shipping,carts,35.318950909924624,44.08101417646853,35.321214193878475,44.41723037173049,8.762063266543905,9.096016177852015
orders_delay,orders,delay,cpu,shipping,payment,35.318950909924624,44.08101417646853,35.13976441124317,44.60879147755533,8.762063266543905,9.469027066312158
orders_delay,orders,delay,mem,front-end,catalogue,3.850620388363369,3.5394134868912506,3.817019494780708,3.6622947642843955,-0.3112069014721186,-0.15472473049631263
orders_delay,orders,delay,mem,front-end,user,3.850620388363369,3.5394134868912506,3.8216926002672986,3.6582543023894276,-0.3112069014721186,-0.163438297877871
orders_delay,orders,delay,mem,front-end,carts,3.850620388363369,3.5394134868912506,3.7750958315125525,3.654967786647243,-0.3112069014721186,-0.12012804486530948
orders_delay,orders,delay,mem,front-end,payment,3.850620388363369,3.5394134868912506,3.8225508519459677,3.566101667931667,-0.3112069014721186,-0.2564491840143006
orders_delay,orders,delay,mem,front-end,shipping,3.850620388363369,3.5394134868912506,3.723115588749092,3.5600752381543055,-0.3112069014721186,-0.1630403505947866
orders_delay,orders,delay,mem,catalogue,front-end,0.5142588477289045,1.3185308705580319,0.5044707861912071,1.3102224899546802,0.8042720228291274,0.805751703763473
orders_delay,orders,delay,mem,catalogue,user,0.5142588477289045,1.3185308705580319,0.1460052573644306,0.1825645829983502,0.8042720228291274,0.036559325633919615
orders_delay,orders,delay,mem,catalogue,carts,0.5142588477289045,1.3185308705580319,0.3679126337307,1.0668496058848014,0.8042720228291274,0.6989369721541014
orders_delay,orders,delay,mem,catalogue,payment,0.5142588477289045,1.3185308705580319,0.24100229050851402,0.8022012029689508,0.8042720228291274,0.5611989124604368
orders_delay,orders,delay,mem,catalogue,shipping,0.5142588477289045,1.3185308705580319,0.2893330118873331,1.399067955296537,0.8042720228291274,1.1097349434092039
orders_delay,orders,delay,mem,user,front-end,0.5206791676141963,1.5776947411869544,0.5127615969476894,1.5664571748846148,1.057015573572758,1.0536955779369253
orders_delay,orders,delay,mem,user,catalogue,0.5206791676141963,1.5776947411869544,0.16020541096792687,0.2750183502065552,1.057015573572758,0.11481293923862831
orders_delay,orders,delay,mem,user,carts,0.5206791676141963,1.5776947411869544,0.36155417743950935,1.2931555204381844,1.057015573572758,0.931601342998675
orders_delay,orders,delay,mem,user,payment,0.5206791676141963,1.5776947411869544,0.20551085080494194,0.9747905390602617,1.057015573572758,0.7692796882553198
orders_delay,orders,delay,mem,user,shipping,0.5206791676141963,1.5776947411869544,0.38399785637478606,1.6425121157925322,1.057015573572758,1.258514259417746
orders_delay,orders,delay,mem,carts,front-end,0.23402982277900153,0.7546067159542549,0.23629666104614508,0.7575054106694726,0.5205768931752534,0.5212087496233275
orders_delay,orders,delay,mem,carts,catalogue,0.23402982277900153,0.7546067159542549,0.133384067692742,0.6310741785217966,0.5205768931752534,0.49769011082905457
orders_delay,orders,delay,mem,carts,user,0.23402982277900153,0.7546067159542549,0.11982366750690607,0.6667873843601604,0.5205768931752534,0.5469637168532543
orders_delay,orders,delay,mem,carts,payment,0.23402982277900153,0.7546067159542549,0.15418982975647594,0.69276408737521,0.5205768931752534,0.538574257618734
orders_delay,orders,delay,mem,carts,shipping,0.23402982277900153,0.7546067159542549,0.20512361438648122,0.7695870521609923,0.5205768931752534,0.5644634377745111
orders_delay,orders,delay,mem,payment,front-end,1.1141787108250862,1.3493910954316604,1.103533893221111,1.3291492193307257,0.23521238460657412,0.22561532610961477
orders_delay,orders,delay,mem,payment,catalogue,1.1141787108250862,1.3493910954316604,0.494868395700053,1.026929417813406,0.23521238460657412,0.532061022113353
orders_delay,orders,delay,mem,payment,user,1.1141787108250862,1.3493910954316604,0.4281252015352446,1.5108925887871054,0.23521238460657412,1.0827673872518608
orders_delay,orders,delay,mem,payment,carts,1.1141787108250862,1.3493910954316604,0.8490445582317291,0.9623341500353155,0.23521238460657412,0.11328959180358644
orders_delay,orders,delay,mem,payment,shipping,1.1141787108250862,1.3493910954316604,0.7770514881231804,1.472383439104117,0.23521238460657412,0.6953319509809367
orders_delay,orders,delay,mem,shipping,front-end,0.05093585122051853,0.028937794539506914,0.048447441445027085,0.02991610525761222,-0.021998056681011617,-0.018531336187414864
orders_delay,orders,delay,mem,shipping,catalogue,0.05093585122051853,0.028937794539506914,0.03530179374759199,0.11184011786307627,-0.021998056681011617,0.07653832411548428
orders_delay,orders,delay,mem,shipping,user,0.05093585122051853,0.028937794539506914,0.041195300512961636,0.10020743601000814,-0.021998056681011617,0.05901213549704651
orders_delay,orders,delay,mem,shipping,carts,0.05093585122051853,0.028937794539506914,0.048477772885930345,0.040253652193719125,-0.021998056681011617,-0.00822412069221122
orders_delay,orders,delay,mem,shipping,payment,0.05093585122051853,0.028937794539506914,0.04007876101749319,0.046658482965684867,-0.021998056681011617,0.006579721948191675
orders_disk,orders,disk,cpu,front-end,catalogue,7.585105150000928,22.64041758056808,7.580247876478037,23.59612262919772,15.055312430567152,16.015874752719682
orders_disk,orders,disk,cpu,front-end,user,7.585105150000928,22.87672034574704,7.488163159324153,17.6038985395166,15.291615195746111,10.115735380192447
orders_disk,orders,disk,cpu,front-end,carts,7.607751127511343,22.600530744162317,7.598281781635838,23.473718559009697,14.992779616650974,15.87543677737386
orders_disk,orders,disk,cpu,front-end,payment,7.585105150000928,22.423319627680453,7.584991613743335,22.414537379996887,14.838214477679525,14.829545766253553
orders_disk,orders,disk,cpu,front-end,shipping,7.585105150000928,22.64041758056808,7.580247876478037,23.59612262919772,15.055312430567152,16.015874752719682
orders_disk,orders,disk,cpu,catalogue,front-end,8.641933454490967,13.876348998296933,8.951104126281649,14.60228373632367,5.234415543805966,5.651179610042021
orders_disk,orders,disk,cpu,catalogue,user,8.641933454490967,9.204615897769242,8.942012285269668,8.97589130264663,0.5626824432782751,0.03387901737696275
orders_disk,orders,disk,cpu,catalogue,carts,8.46865606346582,10.062879131155702,8.751090623441952,18.02887523448331,1.5942230676898816,9.277784611041357
orders_disk,orders,disk,cpu,catalogue,payment,8.641933454490967,10.432727693689845,8.912177650991318,10.502318554628038,1.7907942391988776,1.590140903636721
orders_disk,orders,disk,cpu,catalogue,shipping,8.641933454490967,15.743503972936862,8.94579940682326,15.523751700696813,7.101570518445895,6.577952293873553
orders_disk,orders,disk,cpu,user,front-end,7.825993327515095,54.96438017499927,7.759189310915736,53.61645719382576,47.13838684748418,45.85726788291002
orders_disk,orders,disk,cpu,user,catalogue,7.825993327515095,54.96438017499927,7.806395004469229,53.99215189652167,47.13838684748418,46.18575689205244
orders_disk,orders,disk,cpu,user,carts,7.725497761508334,54.94678447172191,7.729623897936319,55.82564192251519,47.221286710213576,48.09601802457887
orders_disk,orders,disk,cpu,user,payment,7.825993327515095,54.96438017499927,7.823926889573812,54.66087862523467,47.13838684748418,46.83695173566086
orders_disk,orders,disk,cpu,user,shipping,7.825993327515095,54.96438017499927,7.773738224240748,53.12008692786618,47.13838684748418,45.34634870362544
orders_disk,orders,disk,cpu,carts,front-end,9.302604346313338,71.47494438926061,9.387379414076925,71.82157299213874,62.172340042947276,62.434193578061816
orders_disk,orders,disk,cpu,carts,catalogue,9.302604346313338,71.47494438926061,9.348991011220772,71.73992453466036,62.172340042947276,62.390933523439585
orders_disk,orders,disk,cpu,carts,user,9.302604346313338,71.59969863260255,9.384576028663044,71.65359639598525,62.297094286289216,62.2690203673222
orders_disk,orders,disk,cpu,carts,payment,9.302604346313338,71.47494438926061,9.36200407985397,71.59889918860294,62.172340042947276,62.236895108748975
orders_disk,orders,disk,cpu,carts,shipping,9.302604346313338,71.47494438926061,9.383733277194537,71.17399323420615,62.172340042947276,61.790259957011614
orders_disk,orders,disk,cpu,payment,front-end,9.13919957600667,16.0482224721521,9.284387688237727,17.336920865801172,6.909022896145432,8.052533177563445
orders_disk,orders,disk,cpu,payment,catalogue,9.13919957600667,16.0482224721521,9.194681417873046,16.786517893798635,6.909022896145432,7.591836475925589
orders_disk,orders,disk,cpu,payment,user,9.13919957600667,12.292497708567346,9.274257181035079,12.589352308388897,3.1532981325606766,3.3150951273538176
orders_disk,orders,disk,cpu,payment,carts,9.036087935935493,15.05874435591191,9.127621184035254,39.91792383064929,6.022656419976418,30.790302646614037
orders_disk,orders,disk,cpu,payment,shipping,9.13919957600667,16.0482224721521,9.269212453720897,17.024062190517782,6.909022896145432,7.754849736796885
orders_disk,orders,disk,cpu,shipping,front-end,48.2829716647383,75.42962659383757,48.05839564874358,82.25651165983612,27.14665492909927,34.198116011092544
orders_disk,orders,disk,cpu,shipping,catalogue,48.2829716647383,76.02943029025676,48.13295066208613,77.96647829988758,27.746458625518457,29.833527637801453
orders_disk,orders,disk,cpu,shipping,user,48.2829716647383,71.69906154324711,47.81184134719381,66.87902104569278,23.416089878508814,19.06717969849897
orders_disk,orders,disk,cpu,shipping,carts,48.0402421841501,73.02586978156866,47.62668061142711,59.88449236496442,24.985627597418556,12.257811753537311
orders_disk,orders,disk,cpu,shipping,payment,48.2829716647383,73.0795218602388,48.05839564874358,78.10916007007218,24.7965501955005,30.0507644213286
orders_disk,orders,disk,mem,front-end,catalogue,3.3868872873922116,16.144621781342362,3.3868872873922116,16.144621781342362,12.757734493950151,12.757734493950151
orders_disk,orders,disk,mem,front-end,user,3.3868872873922116,16.144621781342362,3.3665681806034637,31.48542859022146,12.757734493950151,28.118860409617994
orders_disk,orders,disk,mem,front-end,carts,3.3868872873922116,16.144621781342362,3.3868872873922116,16.144621781342362,12.757734493950151,12.757734493950151
orders_disk,orders,disk,mem,front-end,payment,3.3868872873922116,16.144621781342362,3.3074978003128432,36.494039919820615,12.757734493950151,33.18654211950777
orders_disk,orders,disk,mem,front-end,shipping,3.3868872873922116,16.144621781342362,3.3868872873922116,16.144621781342362,12.757734493950151,12.757734493950151
orders_disk,orders,disk,mem,catalogue,front-end,0.17696401753600524,17.40290089965961,0.17696401753600524,17.40290089965961,17.225936882123605,17.225936882123605
orders_disk,orders,disk,mem,catalogue,user,0.17696401753600524,17.40290089965961,0.16005054973640404,10.466638995095284,17.225936882123605,10.30658844535888
orders_disk,orders,disk,mem,catalogue,carts,0.17696401753600524,17.40290089965961,0.153804645695005,17.285376149083234,17.225936882123605,17.13157150338823
orders_disk,orders,disk,mem,catalogue,payment,0.17696401753600524,17.40290089965961,0.17696401753600524,17.40290089965961,17.225936882123605,17.225936882123605
orders_disk,orders,disk,mem,catalogue,shipping,0.17696401753600524,17.40290089965961,0.17480887453616328,17.42438865732661,17.225936882123605,17.249579782790445
orders_disk,orders,disk,mem,user,front-end,0.168366191879621,35.201327079741226,0.1690115182725158,35.13589830772609,35.032960887861606,34.966886789453575
orders_disk,orders,disk,mem,user,catalogue,0.168366191879621,35.201327079741226,0.15911724127337412,31.475741254855787,35.032960887861606,31.316624013582413
orders_disk,orders,disk,mem,user,carts,0.168366191879621,35.201327079741226,0.15024404713206257,21.191494058700208,35.032960887861606,21.041250011568145
orders_disk,orders,disk,mem,user,payment,0.168366191879621,35.201327079741226,0.168366191879621,35.201327079741226,35.032960887861606,35.032960887861606
orders_disk,orders,disk,mem,user,shipping,0.168366191879621,35.201327079741226,0.1666961512551666,35.22297991704386,35.032960887861606,35.05628376578869
orders_disk,orders,disk,mem,carts,front-end,0.017608016011456232,9.478716578486464,0.017608016011456232,9.478716578486464,9.461108562475008,9.461108562475008
orders_disk,orders,disk,mem,carts,catalogue,0.017608016011456232,9.478716578486464,0.017133681164143547,9.294488815634569,9.461108562475008,9.277355134470426
orders_disk,orders,disk,mem,carts,user,0.017608016011456232,9.478716578486464,0.016196836522768404,8.89750013549977,9.461108562475008,8.881303298977002
orders_disk,orders,disk,mem,carts,payment,0.017608016011456232,9.478716578486464,0.017410867008142247,9.430660918206035,9.461108562475008,9.413250051197894
orders_disk,orders,disk,mem,carts,shipping,0.017608016011456232,9.478716578486464,0.017608016011456232,9.478716578486464,9.461108562475008,9.461108562475008
orders_disk,orders,disk,mem,payment,front-end,0.11640355281058172,16.059369395560086,0.1120266925262659,15.967379468784163,15.942965842749505,15.855352776257897
orders_disk,orders,disk,mem,payment,catalogue,0.11640355281058172,16.059369395560086,0.1005012272169439,16.036762856474297,15.942965842749505,15.936261629257354
orders_disk,orders,disk,mem,payment,user,0.11640355281058172,16.059369395560086,0.1005012272169439,16.036762856474297,15.942965842749505,15.936261629257354
orders_disk,orders,disk,mem,payment,carts,0.11640355281058172,16.059369395560086,0.1039841746833142,13.390877871239818,15.942965842749505,13.286893696556504
orders_disk,orders,disk,mem,payment,shipping,0.11640355281058172,16.059369395560086,0.1005012272169439,16.036762856474297,15.942965842749505,15.936261629257354
orders_disk,orders,disk,mem,shipping,front-end,0.06450389614336424,0.43800423728774984,0.06538245853732828,0.43361516245824333,0.3735003411443856,0.36823270392091506
orders_disk,orders,disk,mem,shipping,catalogue,0.06450389614336424,0.43800423728774984,0.06507875524970054,0.5555727308987607,0.3735003411443856,0.49049397564906017
orders_disk,orders,disk,mem,shipping,user,0.06450389614336424,0.43800423728774984,0.06544818100791046,0.7903644832169543,0.3735003411443856,0.7249163022090438
orders_disk,orders,disk,mem,shipping,carts,0.06450389614336424,0.43800423728774984,0.06538245853732828,0.43361516245824333,0.3735003411443856,0.36823270392091506
orders_disk,orders,disk,mem,shipping,payment,0.06450389614336424,0.43800423728774984,0.06538245853732828,0.43361516245824333,0.3735003411443856,0.36823270392091506
orders_disk,orders,disk,cpu,front-end,catalogue,6.894649026044901,10.02385242805298,6.945860361581961,9.940971517102694,3.129203402008079,2.995111155520733
orders_disk,orders,disk,cpu,front-end,user,6.894649026044901,10.02385242805298,6.66491871988319,9.353856193031241,3.129203402008079,2.6889374731480515
orders_disk,orders,disk,cpu,front-end,carts,6.894649026044901,10.02385242805298,6.809156168722412,10.224976807294809,3.129203402008079,3.415820638572397
orders_disk,orders,disk,cpu,front-end,payment,6.894649026044901,10.02385242805298,6.916337002968379,10.088602587956313,3.129203402008079,3.172265584987934
orders_disk,orders,disk,cpu,front-end,shipping,6.894649026044901,10.02385242805298,6.806586513831819,10.013705432131859,3.129203402008079,3.20711891830004
orders_disk,orders,disk,cpu,catalogue,front-end,7.115720170627998,9.020787214388282,7.112545860868708,9.234890804050963,1.9050670437602832,2.122344943182255
orders_disk,orders,disk,cpu,catalogue,user,7.115720170627998,9.013621597433996,7.040479791269883,9.040566644767924,1.8979014268059977,2.0000868534980416
orders_disk,orders,disk,cpu,catalogue,carts,7.115720170627998,9.013621597433996,7.115720170627998,9.013621597433996,1.8979014268059977,1.8979014268059977
orders_disk,orders,disk,cpu,catalogue,payment,7.115720170627998,9.013621597433996,6.936255828479511,9.218990807367202,1.8979014268059977,2.2827349788876914
orders_disk,orders,disk,cpu,catalogue,shipping,7.115720170627998,9.013621597433996,7.044459883448201,9.030317268090565,1.8979014268059977,1.9858573846423644
orders_disk,orders,disk,cpu,user,front-end,9.482211463074572,10.440067957146614,9.295759441699916,10.137599147951915,0.9578564940720415,0.8418397062519993
orders_disk,orders,disk,cpu,user,catalogue,9.482211463074572,10.430191523980103,9.440406863848612,10.298297770043796,0.9479800609055307,0.857890906195184
orders_disk,orders,disk,cpu,user,carts,9.482211463074572,10.430191523980103,9.47472254183081,10.50883595751761,0.9479800609055307,1.0341134156868002
orders_disk,orders,disk,cpu,user,payment,9.482211463074572,10.430191523980103,9.482211463074572,10.430191523980103,0.9479800609055307,0.9479800609055307
orders_disk,orders,disk,cpu,user,shipping,9.482211463074572,10.430191523980103,9.40984532320897,10.559383032958827,0.9479800609055307,1.1495377097498576
orders_disk,orders,disk,cpu,carts,front-end,48.785425294697625,167.03205729039962,49.41921094757747,171.00518335596448,118.24663199570199,121.58597240838701
orders_disk,orders,disk,cpu,carts,catalogue,48.785425294697625,166.85651581213975,48.85462919663773,169.35946096504424,118.07109051744212,120.5048317684065
orders_disk,orders,disk,cpu,carts,user,48.785425294697625,166.85651581213975,48.81013253451391,171.4063805561239,118.07109051744212,122.59624802161
orders_disk,orders,disk,cpu,carts,payment,48.785425294697625,166.85651581213975,48.85462919663773,169.35946096504424,118.07109051744212,120.5048317684065
orders_disk,orders,disk,cpu,carts,shipping,48.785425294697625,166.85651581213975,43.195677859716646,131.3609783457037,118.07109051744212,88.16530048598705
orders_disk,orders,disk,cpu,payment,front-end,7.817284924569558,14.894748875960495,7.83744325395725,15.146948912655134,7.077463951390937,7.3095056586978835
orders_disk,orders,disk,cpu,payment,catalogue,7.817284924569558,14.879230021886963,7.680163825405728,14.776274571063903,7.061945097317405,7.096110745658175
orders_disk,orders,disk,cpu,payment,user,7.817284924569558,14.879230021886963,7.83744325395725,15.13067194836185,7.061945097317405,7.2932286944046005
orders_disk,orders,disk,cpu,payment,carts,7.817284924569558,14.879230021886963,7.83744325395725,15.13067194836185,7.061945097317405,7.2932286944046005
orders_disk,orders,disk,cpu,payment,shipping,7.817284924569558,14.879230021886963,7.83744325395725,15.13067194836185,7.061945097317405,7.2932286944046005
orders_disk,orders,disk,cpu,shipping,front-end,70.45757744254621,200.9270610398913,75.16779138760458,297.38430592412027,130.4694835973451,222.2165145365157
orders_disk,orders,disk,cpu,shipping,catalogue,70.45757744254621,200.77009870176835,70.95083389583488,190.16481777835023,130.31252125922214,119.21398388251535
orders_disk,orders,disk,cpu,shipping,user,70.45757744254621,200.77009870176835,69.36822831667392,246.01530342252977,130.31252125922214,176.64707510585583
orders_disk,orders,disk,cpu,shipping,carts,70.45757744254621,200.77009870176835,69.1874330821871,47.62289183178311,130.31252125922214,-21.56454125040399
orders_disk,orders,disk,cpu,shipping,payment,70.45757744254621,200.77009870176835,70.45757744254621,200.77009870176835,130.31252125922214,130.31252125922214
orders_disk,orders,disk,mem,front-end,catalogue,4.053252285213711,3.363565908458263,3.8348810141869265,3.250327860464308,-0.6896863767554477,-0.5845531537226183
orders_disk,orders,disk,mem,front-end,user,4.053252285213711,3.363565908458263,3.966245834775492,3.4729273492895314,-0.6896863767554477,-0.4933184854859607
orders_disk,orders,disk,mem,front-end,carts,4.053252285213711,3.363565908458263,3.9796917724379,3.252739074176811,-0.6896863767554477,-0.7269526982610892
orders_disk,orders,disk,mem,front-end,payment,4.053252285213711,3.363565908458263,3.795452844950859,3.425439661356154,-0.6896863767554477,-0.3700131835947049
orders_disk,orders,disk,mem,front-end,shipping,4.053252285213711,3.363565908458263,4.045231925019938,3.33134031419179,-0.6896863767554477,-0.7138916108281483
orders_disk,orders,disk,mem,catalogue,front-end,3.360127563859556,4.087904766103985,3.2277011809345946,3.562554530663039,0.7277772022444289,0.33485334972844427
orders_disk,orders,disk,mem,catalogue,user,3.360127563859556,4.087904766103985,1.7812909022568872,6.435495396230636,0.7277772022444289,4.654204493973749
orders_disk,orders,disk,mem,catalogue,carts,3.360127563859556,4.087904766103985,1.6111893616886097,0.12185877766169456,0.7277772022444289,-1.489330584026915
orders_disk,orders,disk,mem,catalogue,payment,3.360127563859556,4.087904766103985,2.109126204597567,5.4691942913597,0.7277772022444289,3.3600680867621326
orders_disk,orders,disk,mem,catalogue,shipping,3.360127563859556,4.087904766103985,3.302370091473597,2.9722878237616994,0.7277772022444289,-0.3300822677118975
orders_disk,orders,disk,mem,user,front-end,4.482559022283635,12.651114025939894,4.288457114796858,12.263108167132922,8.168555003656259,7.974651052336063
orders_disk,orders,disk,mem,user,catalogue,4.482559022283635,12.651114025939894,2.223218865695312,8.871084200111843,8.168555003656259,6.647865334416531
orders_disk,orders,disk,mem,user,carts,4.482559022283635,12.651114025939894,1.384787972867773,7.950852577565742,8.168555003656259,6.566064604697969
orders_disk,orders,disk,mem,user,payment,4.482559022283635,12.651114025939894,3.7673966470026174,13.598203944354056,8.168555003656259,9.830807297351438
orders_disk,orders,disk,mem,user,shipping,4.482559022283635,12.651114025939894,3.622556103475632,9.447612054882613,8.168555003656259,5.8250559514069815
orders_disk,orders,disk,mem,carts,front-end,1.4261201758090658,2.0800217415732933,1.3770430135812224,1.920946007974135,0.6539015657642275,0.5439029943929126
orders_disk,orders,disk,mem,carts,catalogue,1.4261201758090658,2.0800217415732933,0.5845594197646228,0.5645103761096458,0.6539015657642275,-0.02004904365497695
orders_disk,orders,disk,mem,carts,user,1.4261201758090658,2.0800217415732933,0.47254063561101656,2.699900376685976,0.6539015657642275,2.2273597410749595
orders_disk,orders,disk,mem,carts,payment,1.4261201758090658,2.0800217415732933,1.1796010742315242,2.4974849155217975,0.6539015657642275,1.3178838412902734
orders_disk,orders,disk,mem,carts,shipping,1.4261201758090658,2.0800217415732933,1.2112949914368334,1.1140838319155242,0.6539015657642275,-0.09721115952130921
orders_disk,orders,disk,mem,payment,front-end,10.023004522383843,5.461050744730647,9.489294166252929,6.664676872471266,-4.561953777653196,-2.824617293781663
orders_disk,orders,disk,mem,payment,catalogue,10.023004522383843,5.461050744730647,6.002320168400859,15.012643895117936,-4.561953777653196,9.010323726717077
orders_disk,orders,disk,mem,payment,user,10.023004522383843,5.461050744730647,9.920046823792292,24.311809581050284,-4.561953777653196,14.391762757257991
orders_disk,orders,disk,mem,payment,carts,10.023004522383843,5.461050744730647,9.341213386133115,13.25980619304552,-4.561953777653196,3.9185928069124056
orders_disk,orders,disk,mem,payment,shipping,10.023004522383843,5.461050744730647,10.148307314854534,4.857893187436747,-4.561953777653196,-5.290414127417788
orders_disk,orders,disk,mem,shipping,front-end,0.2809488744035556,0.5384776487706241,0.28287934597618314,0.5329759844385297,0.2575287743670685,0.25009663846234653
orders_disk,orders,disk,mem,shipping,catalogue,0.2809488744035556,0.5384776487706241,0.2872587223843249,0.4672540450935637,0.2575287743670685,0.1799953227092388
orders_disk,orders,disk,mem,shipping,user,0.2809488744035556,0.5384776487706241,0.24219859491514178,0.06480543706392655,0.2575287743670685,-0.17739315785121523
orders_disk,orders,disk,mem,shipping,carts,0.2809488744035556,0.5384776487706241,0.27299184615886274,0.36967006526278895,0.2575287743670685,0.09667821910392621
orders_disk,orders,disk,mem,shipping,payment,0.2809488744035556,0.5384776487706241,0.2809488744035556,0.5384776487706241,0.2575287743670685,0.2575287743670685
orders_disk,orders,disk,cpu,front-end,catalogue,5.4540762368369435,9.734748229236867,5.672871089813694,9.640493260147972,4.280671992399924,3.9676221703342778
orders_disk,orders,disk,cpu,front-end,user,5.4540762368369435,9.734748229236867,5.570824781401205,10.105115614850584,4.280671992399924,4.534290833449379
orders_disk,orders,disk,cpu,front-end,carts,5.4540762368369435,9.734748229236867,5.6854086984266115,9.322299765710008,4.280671992399924,3.636891067283397
orders_disk,orders,disk,cpu,front-end,payment,5.4540762368369435,9.734748229236867,5.506599738534143,9.918454735525396,4.280671992399924,4.411854996991253
orders_disk,orders,disk,cpu,front-end,shipping,5.4540762368369435,9.664002330284731,5.672871089813694,9.572284933652469,4.209926093447788,3.899413843838775
orders_disk,orders,disk,cpu,catalogue,front-end,8.710047936110998,8.117816812689044,8.7542495231189,8.242660212084258,-0.5922311234219535,-0.5115893110346423
orders_disk,orders,disk,cpu,catalogue,user,8.710047936110998,8.117816812689044,8.748152585541225,8.254711761135507,-0.5922311234219535,-0.49344082440571846
orders_disk,orders,disk,cpu,catalogue,carts,8.710047936110998,8.117816812689044,8.793187714380007,8.317668468953954,-0.5922311234219535,-0.47551924542605306
orders_disk,orders,disk,cpu,catalogue,payment,8.710047936110998,8.117816812689044,8.7542495231189,8.242660212084258,-0.5922311234219535,-0.5115893110346423
orders_disk,orders,disk,cpu,catalogue,shipping,8.710047936110998,8.116814558070356,8.7542495231189,8.243251532777371,-0.593233378040642,-0.5109979903415294
orders_disk,orders,disk,cpu,user,front-end,8.853108975791088,8.499230418572362,8.441464125478525,9.601849718373481,-0.3538785572187262,1.160385592894956
orders_disk,orders,disk,cpu,user,catalogue,8.853108975791088,8.499230418572362,8.799708264295655,8.295480337155992,-0.3538785572187262,-0.504227927139663
orders_disk,orders,disk,cpu,user,carts,8.853108975791088,8.499230418572362,8.744611045965163,8.365158545094273,-0.3538785572187262,-0.3794525008708902
orders_disk,orders,disk,cpu,user,payment,8.853108975791088,8.499230418572362,8.74329622574781,8.260435107594926,-0.3538785572187262,-0.48286111815288457
orders_disk,orders,disk,cpu,user,shipping,8.853108975791088,8.48955624623955,8.781073807927807,8.303237851982487,-0.3635527295515377,-0.47783595594532
orders_disk,orders,disk,cpu,carts,front-end,9.206851523622753,11.578847868864427,9.079519652082844,11.473968317258313,2.3719963452416746,2.394448665175469
orders_disk,orders,disk,cpu,carts,catalogue,9.206851523622753,11.578847868864427,9.342525772458218,11.532842021616753,2.3719963452416746,2.190316249158535
orders_disk,orders,disk,cpu,carts,user,9.206851523622753,11.578847868864427,9.160948298466439,11.63549111040836,2.3719963452416746,2.4745428119419213
orders_disk,orders,disk,cpu,carts,payment,9.206851523622753,11.578847868864427,9.247192428883512,11.733206669239102,2.3719963452416746,2.4860142403555905
orders_disk,orders,disk,cpu,carts,shipping,9.206851523622753,11.595542328579727,9.168207116894402,11.65774323770423,2.3886908049569744,2.4895361208098272
orders_disk,orders,disk,cpu,payment,front-end,12.037019231898178,9.866413897778713,11.888558722777741,10.81695326759258,-2.1706053341194647,-1.0716054551851606
orders_disk,orders,disk,cpu,payment,catalogue,12.037019231898178,9.866413897778713,12.000500368401221,9.508529102025248,-2.1706053341194647,-2.491971266375973
orders_disk,orders,disk,cpu,payment,user,12.037019231898178,9.866413897778713,11.987450158412218,9.523637618862193,-2.1706053341194647,-2.463812539550025
orders_disk,orders,disk,cpu,payment,carts,12.037019231898178,9.866413897778713,12.124693706866674,9.734006508181084,-2.1706053341194647,-2.3906871986855904
orders_disk,orders,disk,cpu,payment,shipping,12.037019231898178,9.859241869271585,12.000500368401221,9.502895058359167,-2.1777773626265926,-2.4976053100420543
orders_disk,orders,disk,cpu,shipping,front-end,76.19106400664502,83.9977177407603,76.19106400664502,83.9977177407603,7.806653734115272,7.806653734115272
orders_disk,orders,disk,cpu,shipping,catalogue,76.19106400664502,83.9977177407603,76.19106400664502,83.9977177407603,7.806653734115272,7.806653734115272
orders_disk,orders,disk,cpu,shipping,user,76.19106400664502,83.9977177407603,76.02181106761002,83.83285105368799,7.806653734115272,7.811039986077972
orders_disk,orders,disk,cpu,shipping,carts,76.19106400664502,83.9977177407603,76.19106400664502,83.9977177407603,7.806653734115272,7.806653734115272
orders_disk,orders,disk,cpu,shipping,payment,76.19106400664502,83.9977177407603,76.19106400664502,83.9977177407603,7.806653734115272,7.806653734115272
orders_disk,orders,disk,mem,front-end,catalogue,3.285678483868567,3.5978860280572524,3.265514026483692,3.6298485622184353,0.31220754418868557,0.36433453573474317
orders_disk,orders,disk,mem,front-end,user,3.285678483868567,3.5978860280572524,3.278504208174329,3.639000478413191,0.31220754418868557,0.3604962702388619
orders_disk,orders,disk,mem,front-end,carts,3.285678483868567,3.5978860280572524,3.286206252479583,3.600871152123173,0.31220754418868557,0.3146648996435899
orders_disk,orders,disk,mem,front-end,payment,3.285678483868567,3.5978860280572524,3.242225310270055,3.61068503754016,0.31220754418868557,0.3684597272701051
orders_disk,orders,disk,mem,front-end,shipping,3.285678483868567,3.5978860280572524,3.285678483868567,3.5978860280572524,0.31220754418868557,0.31220754418868557
orders_disk,orders,disk,mem,catalogue,front-end,1.1510793089641496,1.1868652131166928,1.135396363865462,1.1996187382651664,0.035785904152543235,0.06422237439970435
orders_disk,orders,disk,mem,catalogue,user,1.1510793089641496,1.1868652131166928,1.1510793089641496,1.1868652131166928,0.035785904152543235,0.035785904152543235
orders_disk,orders,disk,mem,catalogue,carts,1.1510793089641496,1.1868652131166928,1.0755740180203182,1.1665298454232016,0.035785904152543235,0.09095582740288344
orders_disk,orders,disk,mem,catalogue,payment,1.1510793089641496,1.1868652131166928,1.1510793089641496,1.1868652131166928,0.035785904152543235,0.035785904152543235
orders_disk,orders,disk,mem,catalogue,shipping,1.1510793089641496,1.1868652131166928,1.1510793089641496,1.1868652131166928,0.035785904152543235,0.035785904152543235
orders_disk,orders,disk,mem,user,front-end,0.2823968766426351,1.058795327609318,0.28179905491724294,1.054122840654045,0.776398450966683,0.7723237857368022
orders_disk,orders,disk,mem,user,catalogue,0.2823968766426351,1.058795327609318,0.2827434202885901,1.059076133990777,0.776398450966683,0.7763327137021869
orders_disk,orders,disk,mem,user,carts,0.2823968766426351,1.058795327609318,0.2827434202885901,1.059076133990777,0.776398450966683,0.7763327137021869
orders_disk,orders,disk,mem,user,payment,0.2823968766426351,1.058795327609318,0.2741540362152872,0.9623194943371393,0.776398450966683,0.688165458121852
orders_disk,orders,disk,mem,user,shipping,0.2823968766426351,1.058795327609318,0.22184596914576293,0.8812183479052925,0.776398450966683,0.6593723787595296
orders_disk,orders,disk,mem,carts,front-end,0.23816319472992334,0.11192731160865428,0.23677415860331807,0.12029208084184953,-0.12623588312126904,-0.11648207776146854
orders_disk,orders,disk,mem,carts,catalogue,0.23816319472992334,0.11192731160865428,0.22699816253856894,0.12302719441273208,-0.12623588312126904,-0.10397096812583687
orders_disk,orders,disk,mem,carts,user,0.23816319472992334,0.11192731160865428,0.23816319472992334,0.11192731160865428,-0.12623588312126904,-0.12623588312126904
orders_disk,orders,disk,mem,carts,payment,0.23816319472992334,0.11192731160865428,0.23816319472992334,0.11192731160865428,-0.12623588312126904,-0.12623588312126904
orders_disk,orders,disk,mem,carts,shipping,0.23816319472992334,0.11192731160865428,0.23816319472992334,0.11192731160865428,-0.12623588312126904,-0.12623588312126904
orders_disk,orders,disk,mem,payment,front-end,0.21129997664172806,0.682385838314043,0.22537703318441746,0.6712670011149043,0.4710858616723149,0.44588996793048685
orders_disk,orders,disk,mem,payment,catalogue,0.21129997664172806,0.682385838314043,0.2113208734826095,0.6839264694012197,0.4710858616723149,0.4726055959186102
orders_disk,orders,disk,mem,payment,user,0.21129997664172806,0.682385838314043,0.17762329481374542,0.4639681309188128,0.4710858616723149,0.28634483610506734
orders_disk,orders,disk,mem,payment,carts,0.21129997664172806,0.682385838314043,0.2113208734826095,0.6839264694012197,0.4710858616723149,0.4726055959186102
orders_disk,orders,disk,mem,payment,shipping,0.21129997664172806,0.682385838314043,0.17567392966600218,0.6095944883072993,0.4710858616723149,0.4339205586412972
orders_disk,orders,disk,mem,shipping,front-end,0.13479435462396167,0.12487899815509702,0.13514774602478677,0.12508126878448877,-0.009915356468864642,-0.010066477240297994
orders_disk,orders,disk,mem,shipping,catalogue,0.13479435462396167,0.12487899815509702,0.13514774602478677,0.12508126878448877,-0.009915356468864642,-0.010066477240297994
orders_disk,orders,disk,mem,shipping,user,0.13479435462396167,0.12487899815509702,0.09155933327052042,0.09464734723117058,-0.009915356468864642,0.003088013960650157
orders_disk,orders,disk,mem,shipping,carts,0.13479435462396167,0.12487899815509702,0.13514774602478677,0.12508126878448877,-0.009915356468864642,-0.010066477240297994
orders_disk,orders,disk,mem,shipping,payment,0.13479435462396167,0.12487899815509702,0.13051576297723777,0.08626252751565529,-0.009915356468864642,-0.04425323546158248
orders_loss,orders,loss,cpu,front-end,catalogue,8.022385234535813,5.4616436403999336,8.048774599474301,5.440402192267133,-2.5607415941358793,-2.6083724072071686
orders_loss,orders,loss,cpu,front-end,user,8.022385234535813,5.4616436403999336,8.09873114317859,5.452634517241708,-2.5607415941358793,-2.646096625936882
orders_loss,orders,loss,cpu,front-end,carts,8.022385234535813,5.4616436403999336,8.07214536817043,5.674192057132399,-2.5607415941358793,-2.397953311038031
orders_loss,orders,loss,cpu,front-end,payment,8.022385234535813,5.4616436403999336,8.111595576035604,5.49711517149346,-2.5607415941358793,-2.614480404542144
orders_loss,orders,loss,cpu,front-end,shipping,8.022385234535813,5.4616436403999336,8.082700517194207,5.426185813797845,-2.5607415941358793,-2.656514703396361
orders_loss,orders,loss,cpu,catalogue,front-end,6.9854680928429165,9.150103723349426,6.9825663866720316,9.17100761684447,2.1646356305065098,2.1884412301724385
orders_loss,orders,loss,cpu,catalogue,user,6.9854680928429165,9.150103723349426,6.915445272527834,9.028995547887202,2.1646356305065098,2.1135502753593682
orders_loss,orders,loss,cpu,catalogue,carts,6.9854680928429165,9.150103723349426,7.015146440940713,9.215024065367441,2.1646356305065098,2.199877624426728
orders_loss,orders,loss,cpu,catalogue,payment,6.9854680928429165,9.150103723349426,7.015146440940713,9.215024065367441,2.1646356305065098,2.199877624426728
orders_loss,orders,loss,cpu,catalogue,shipping,6.9854680928429165,9.150103723349426,6.9892868180480034,9.216609144576646,2.1646356305065098,2.2273223265286424
orders_loss,orders,loss,cpu,user,front-end,4.964693088823546,22.45861173883621,4.944662291006711,21.680467073704968,17.493918650012667,16.735804782698256
orders_loss,orders,loss,cpu,user,catalogue,4.964693088823546,22.45861173883621,4.941352775573801,21.74237191170626,17.493918650012667,16.80101913613246
orders_loss,orders,loss,cpu,user,carts,4.964693088823546,22.45861173883621,4.944662291006711,21.680467073704968,17.493918650012667,16.735804782698256
orders_loss,orders,loss,cpu,user,payment,4.964693088823546,22.45861173883621,4.942322876813314,21.79154980647634,17.493918650012667,16.849226929663025
orders_loss,orders,loss,cpu,user,shipping,4.964693088823546,22.45861173883621,4.944662291006711,21.680467073704968,17.493918650012667,16.735804782698256
orders_loss,orders,loss,cpu,carts,front-end,7.9497444013744865,8.444076510367626,7.892637362760404,8.408129690194029,0.49433210899313984,0.5154923274336252
orders_loss,orders,loss,cpu,carts,catalogue,7.9497444013744865,8.444076510367626,7.9497444013744865,8.444076510367626,0.49433210899313984,0.49433210899313984
orders_loss,orders,loss,cpu,carts,user,7.9497444013744865,8.444076510367626,7.9497444013744865,8.444076510367626,0.49433210899313984,0.49433210899313984
orders_loss,orders,loss,cpu,carts,payment,7.9497444013744865,8.444076510367626,7.9497444013744865,8.444076510367626,0.49433210899313984,0.49433210899313984
orders_loss,orders,loss,cpu,carts,shipping,7.9497444013744865,8.444076510367626,7.9497444013744865,8.444076510367626,0.49433210899313984,0.49433210899313984
orders_loss,orders,loss,cpu,payment,front-end,8.205172032726097,9.421364541356999,8.153307517629749,9.441393471092795,1.2161925086309022,1.288085953463046
orders_loss,orders,loss,cpu,payment,catalogue,8.205172032726097,9.421364541356999,8.205172032726097,9.421364541356999,1.2161925086309022,1.2161925086309022
orders_loss,orders,loss,cpu,payment,user,8.205172032726097,9.421364541356999,8.17985661902793,11.038005503017226,1.2161925086309022,2.858148883989296
orders_loss,orders,loss,cpu,payment,carts,8.205172032726097,9.421364541356999,8.205172032726097,9.421364541356999,1.2161925086309022,1.2161925086309022
orders_loss,orders,loss,cpu,payment,shipping,8.205172032726097,9.421364541356999,7.967193810215837,9.163840481816674,1.2161925086309022,1.1966466716008375
orders_loss,orders,loss,cpu,shipping,front-end,45.753438735682245,63.978046181641034,45.79097807979158,64.89705603545427,18.22460744595879,19.10607795566269
orders_loss,orders,loss,cpu,shipping,catalogue,45.753438735682245,63.978046181641034,45.29082839775503,62.797847226205185,18.22460744595879,17.507018828450157
orders_loss,orders,loss,cpu,shipping,user,45.753438735682245,63.978046181641034,45.753438735682245,63.978046181641034,18.22460744595879,18.22460744595879
orders_loss,orders,loss,cpu,shipping,carts,45.753438735682245,63.978046181641034,45.753438735682245,63.978046181641034,18.22460744595879,18.22460744595879
orders_loss,orders,loss,cpu,shipping,payment,45.753438735682245,63.978046181641034,48.659167538421634,59.28024294751988,18.22460744595879,10.621075409098246
orders_loss,orders,loss,mem,front-end,catalogue,3.45103804835266,3.5774808818475776,3.452206855543652,3.6141744191526035,0.12644283349491747,0.1619675636089517
orders_loss,orders,loss,mem,front-end,user,3.45103804835266,3.5774808818475776,3.452263484220265,3.5470008465404357,0.12644283349491747,0.0947373623201706
orders_loss,orders,loss,mem,front-end,carts,3.45103804835266,3.5774808818475776,3.45103804835266,3.5774808818475776,0.12644283349491747,0.12644283349491747
orders_loss,orders,loss,mem,front-end,payment,3.45103804835266,3.5774808818475776,3.45103804835266,3.5774808818475776,0.12644283349491747,0.12644283349491747
orders_loss,orders,loss,mem,front-end,shipping,3.45103804835266,3.5774808818475776,3.451242859744826,3.5814739644918276,0.12644283349491747,0.1302311047470015
orders_loss,orders,loss,mem,catalogue,front-end,0.13587412860327397,0.4067282087180846,0.13636196825790017,0.4064756580711074,0.27085408011481066,0.27011368981320727
orders_loss,orders,loss,mem,catalogue,user,0.13587412860327397,0.4067282087180846,0.13587412860327397,0.4067282087180846,0.27085408011481066,0.27085408011481066
orders_loss,orders,loss,mem,catalogue,carts,0.13587412860327397,0.4067282087180846,0.13567393446199005,0.400885838238806,0.27085408011481066,0.26521190377681597
orders_loss,orders,loss,mem,catalogue,payment,0.13587412860327397,0.4067282087180846,0.13587412860327397,0.4067282087180846,0.27085408011481066,0.27085408011481066
orders_loss,orders,loss,mem,catalogue,shipping,0.13587412860327397,0.4067282087180846,0.08982872998935122,0.31191718527125306,0.27085408011481066,0.22208845528190185
orders_loss,orders,loss,mem,user,front-end,0.6337367703003883,0.574463185090577,0.6383793234755449,0.7007486836933892,-0.0592735852098113,0.06236936021784423
orders_loss,orders,loss,mem,user,catalogue,0.6337367703003883,0.574463185090577,0.637808477755344,0.6996191258481383,-0.0592735852098113,0.06181064809279435
orders_loss,orders,loss,mem,user,carts,0.6337367703003883,0.574463185090577,0.637808477755344,0.6996191258481383,-0.0592735852098113,0.06181064809279435
orders_loss,orders,loss,mem,user,payment,0.6337367703003883,0.574463185090577,0.2686196456115858,1.3641402972442511,-0.0592735852098113,1.0955206516326652
orders_loss,orders,loss,mem,user,shipping,0.6337367703003883,0.574463185090577,0.637808477755344,0.6996191258481383,-0.0592735852098113,0.06181064809279435
orders_loss,orders,loss,mem,carts,front-end,0.006226844368054698,0.014095593054024884,0.006182301692588197,0.013797518728916639,0.007868748685970185,0.007615217036328442
orders_loss,orders,loss,mem,carts,catalogue,0.006226844368054698,0.014095593054024884,0.006155749038610475,0.013364406588268644,0.007868748685970185,0.007208657549658169
orders_loss,orders,loss,mem,carts,user,0.006226844368054698,0.014095593054024884,0.006182301692588197,0.013797518728916639,0.007868748685970185,0.007615217036328442
orders_loss,orders,loss,mem,carts,payment,0.006226844368054698,0.014095593054024884,0.0063143332132778295,0.015936731438092367,0.007868748685970185,0.009622398224814538
orders_loss,orders,loss,mem,carts,shipping,0.006226844368054698,0.014095593054024884,0.006182301692588197,0.013797518728916639,0.007868748685970185,0.007615217036328442
orders_loss,orders,loss,mem,payment,front-end,0.2018363973046276,0.6761191679390129,0.20220716381741527,0.6924238762080615,0.47428277063438534,0.4902167123906462
orders_loss,orders,loss,mem,payment,catalogue,0.2018363973046276,0.6761191679390129,0.20220716381741527,0.6924238762080615,0.47428277063438534,0.4902167123906462
orders_loss,orders,loss,mem,payment,user,0.2018363973046276,0.6761191679390129,0.08878253681775891,0.5783342117197108,0.47428277063438534,0.48955167490195184
orders_loss,orders,loss,mem,payment,carts,0.2018363973046276,0.6761191679390129,0.2009759177730283,0.685400883416135,0.47428277063438534,0.4844249656431067
orders_loss,orders,loss,mem,payment,shipping,0.2018363973046276,0.6761191679390129,0.20220716381741527,0.6924238762080615,0.47428277063438534,0.4902167123906462
orders_loss,orders,loss,mem,shipping,front-end,0.022600937979850723,0.05971968246898755,0.022600761202312827,0.0597154499320012,0.03711874448913683,0.03711468872968837
orders_loss,orders,loss,mem,shipping,catalogue,0.022600937979850723,0.05971968246898755,0.011973257704575111,0.04584520849946867,0.03711874448913683,0.033871950794893566
orders_loss,orders,loss,mem,shipping,user,0.022600937979850723,0.05971968246898755,0.022600937979850723,0.05971968246898755,0.03711874448913683,0.03711874448913683
orders_loss,orders,loss,mem,shipping,carts,0.022600937979850723,0.05971968246898755,0.022600937979850723,0.05971968246898755,0.03711874448913683,0.03711874448913683
orders_loss,orders,loss,mem,shipping,payment,0.022600937979850723,0.05971968246898755,0.022600937979850723,0.05971968246898755,0.03711874448913683,0.03711874448913683
orders_loss,orders,loss,cpu,front-end,catalogue,8.004859626362402,8.7785751510234,7.848656168916361,8.486408588561257,0.7737155246609984,0.6377524196448965
orders_loss,orders,loss,cpu,front-end,user,8.004859626362402,8.7785751510234,8.042733281563928,8.811242523650757,0.7737155246609984,0.7685092420868287
orders_loss,orders,loss,cpu,front-end,carts,8.004859626362402,8.7785751510234,8.051906742435351,8.754090980638086,0.7737155246609984,0.7021842382027348
orders_loss,orders,loss,cpu,front-end,payment,8.004859626362402,8.7785751510234,8.00764191178884,8.853569978831894,0.7737155246609984,0.8459280670430545
orders_loss,orders,loss,cpu,front-end,shipping,8.004859626362402,8.7785751510234,7.944978337453266,8.911069399768905,0.7737155246609984,0.9660910623156393
orders_loss,orders,loss,cpu,catalogue,front-end,6.436079050061551,7.01964517292659,6.365901670879261,6.835418371855886,0.5835661228650393,0.4695167009766257
orders_loss,orders,loss,cpu,catalogue,user,6.436079050061551,7.01964517292659,6.503749860348419,6.811665754094919,0.5835661228650393,0.3079158937464994
orders_loss,orders,loss,cpu,catalogue,carts,6.436079050061551,7.01964517292659,6.520287794745023,6.894276811841267,0.5835661228650393,0.37398901709624344
orders_loss,orders,loss,cpu,catalogue,payment,6.436079050061551,7.01964517292659,6.520287794745023,6.894276811841267,0.5835661228650393,0.37398901709624344
orders_loss,orders,loss,cpu,catalogue,shipping,6.436079050061551,7.01964517292659,6.520287794745023,6.894276811841267,0.5835661228650393,0.37398901709624344
orders_loss,orders,loss,cpu,user,front-end,11.29641949512006,12.244168297569942,11.392679710006119,11.06327868822261,0.9477488024498815,-0.32940102178350905
orders_loss,orders,loss,cpu,user,catalogue,11.29641949512006,12.244168297569942,11.349518714193524,10.680086647028524,0.9477488024498815,-0.6694320671649994
orders_loss,orders,loss,cpu,user,carts,11.29641949512006,12.244168297569942,11.393105460987716,11.043706899818451,0.9477488024498815,-0.3493985611692647
orders_loss,orders,loss,cpu,user,payment,11.29641949512006,12.244168297569942,11.310153398503381,11.007299663624988,0.9477488024498815,-0.3028537348783935
orders_loss,orders,loss,cpu,user,shipping,11.29641949512006,12.244168297569942,11.402103073119287,11.024860362578279,0.9477488024498815,-0.3772427105410081
orders_loss,orders,loss,cpu,carts,front-end,9.009710907396515,8.117987045286105,8.816107506016307,8.206554799313249,-0.8917238621104104,-0.6095527067030577
orders_loss,orders,loss,cpu,carts,catalogue,9.009710907396515,8.117987045286105,9.040825164369133,8.02894311147218,-0.8917238621104104,-1.0118820528969525
orders_loss,orders,loss,cpu,carts,user,9.009710907396515,8.117987045286105,9.04844206099407,8.039594703740462,-0.8917238621104104,-1.0088473572536074
orders_loss,orders,loss,cpu,carts,payment,9.009710907396515,8.117987045286105,9.040825164369133,8.02894311147218,-0.8917238621104104,-1.0118820528969525
orders_loss,orders,loss,cpu,carts,shipping,9.009710907396515,8.117987045286105,9.017677300451837,8.032533365088195,-0.8917238621104104,-0.9851439353636415
orders_loss,orders,loss,cpu,payment,front-end,6.553023742091768,7.714852273012679,6.54368785611615,7.745120250079816,1.1618285309209107,1.2014323939636666
orders_loss,orders,loss,cpu,payment,catalogue,6.553023742091768,7.714852273012679,6.553023742091768,7.714852273012679,1.1618285309209107,1.1618285309209107
orders_loss,orders,loss,cpu,payment,user,6.553023742091768,7.714852273012679,6.506217284684958,7.689811731856655,1.1618285309209107,1.1835944471716973
orders_loss,orders,loss,cpu,payment,carts,6.553023742091768,7.714852273012679,6.553023742091768,7.714852273012679,1.1618285309209107,1.1618285309209107
orders_loss,orders,loss,cpu,payment,shipping,6.553023742091768,7.714852273012679,6.625337060587229,7.714330335854462,1.1618285309209107,1.0889932752672333
orders_loss,orders,loss,cpu,shipping,front-end,41.732915990398695,55.780191195246964,41.73581079056248,57.883876589192006,14.047275204848269,16.148065798629524
orders_loss,orders,loss,cpu,shipping,catalogue,41.732915990398695,55.780191195246964,41.732915990398695,55.780191195246964,14.047275204848269,14.047275204848269
orders_loss,orders,loss,cpu,shipping,user,41.732915990398695,55.780191195246964,41.732915990398695,55.780191195246964,14.047275204848269,14.047275204848269
orders_loss,orders,loss,cpu,shipping,carts,41.732915990398695,55.780191195246964,41.68273352591599,55.937488647252245,14.047275204848269,14.254755121336252
orders_loss,orders,loss,cpu,shipping,payment,41.732915990398695,55.780191195246964,42.09975832193406,55.60098087895792,14.047275204848269,13.501222557023858
orders_loss,orders,loss,mem,front-end,catalogue,3.671000481801813,4.864421201190998,3.6725014706701584,4.934179015930193,1.1934207193891853,1.2616775452600342
orders_loss,orders,loss,mem,front-end,user,3.671000481801813,4.864421201190998,3.679669130535191,4.937789046688293,1.1934207193891853,1.2581199161531016
orders_loss,orders,loss,mem,front-end,carts,3.671000481801813,4.864421201190998,3.6701356313782103,4.880425647116516,1.1934207193891853,1.2102900157383054
orders_loss,orders,loss,mem,front-end,payment,3.671000481801813,4.864421201190998,3.6680668711081483,4.829338541802366,1.1934207193891853,1.161271670694218
orders_loss,orders,loss,mem,front-end,shipping,3.671000481801813,4.864421201190998,3.658384266335166,4.899327577336657,1.1934207193891853,1.2409433110014914
orders_loss,orders,loss,mem,catalogue,front-end,0.1694985076585712,0.39217542231739855,0.1690290106178377,0.39410188297793175,0.22267691465882736,0.22507287236009405
orders_loss,orders,loss,mem,catalogue,user,0.1694985076585712,0.39217542231739855,0.10011639429876693,0.1226131737499619,0.22267691465882736,0.02249677945119498
orders_loss,orders,loss,mem,catalogue,carts,0.1694985076585712,0.39217542231739855,0.14067229340929382,0.29596041806399315,0.22267691465882736,0.15528812465469932
orders_loss,orders,loss,mem,catalogue,payment,0.1694985076585712,0.39217542231739855,0.11566661127469328,0.3517422224946989,0.22267691465882736,0.2360756112200056
orders_loss,orders,loss,mem,catalogue,shipping,0.1694985076585712,0.39217542231739855,0.11960533119740124,0.25573514668903474,0.22267691465882736,0.1361298154916335
orders_loss,orders,loss,mem,user,front-end,0.6590548057893961,1.7421955458221565,0.6570545749751086,1.748574134936201,1.0831407400327604,1.0915195599610925
orders_loss,orders,loss,mem,user,catalogue,0.6590548057893961,1.7421955458221565,0.37423410737330476,0.7142305458575865,1.0831407400327604,0.33999643848428174
orders_loss,orders,loss,mem,user,carts,0.6590548057893961,1.7421955458221565,0.5642157253512697,1.39414314362403,1.0831407400327604,0.8299274182727602
orders_loss,orders,loss,mem,user,payment,0.6590548057893961,1.7421955458221565,0.3831882616171177,1.5760853830043373,1.0831407400327604,1.1928971213872197
orders_loss,orders,loss,mem,user,shipping,0.6590548057893961,1.7421955458221565,0.5594328136837917,1.3934054712723813,1.0831407400327604,0.8339726575885896
orders_loss,orders,loss,mem,carts,front-end,0.01120709572010115,0.023051871286998336,0.011343368208057144,0.02028171326313017,0.011844775566897186,0.008938345055073026
orders_loss,orders,loss,mem,carts,catalogue,0.01120709572010115,0.023051871286998336,0.007871102577461674,0.004428863856686895,0.011844775566897186,-0.0034422387207747786
orders_loss,orders,loss,mem,carts,user,0.01120709572010115,0.023051871286998336,0.007489602961774379,0.005786537909392274,0.011844775566897186,-0.0017030650523821049
orders_loss,orders,loss,mem,carts,payment,0.01120709572010115,0.023051871286998336,0.008176192423467421,0.017732299754368224,0.011844775566897186,0.009556107330900803
orders_loss,orders,loss,mem,carts,shipping,0.01120709572010115,0.023051871286998336,0.009873469132332566,0.012656647044972366,0.011844775566897186,0.0027831779126398
orders_loss,orders,loss,mem,payment,front-end,0.3937191596335683,0.9940557158276674,0.39811845828871884,0.9780069064624827,0.6003365561940991,0.5798884481737638
orders_loss,orders,loss,mem,payment,catalogue,0.3937191596335683,0.9940557158276674,0.29736075836099823,0.8185581580564871,0.6003365561940991,0.5211973996954888
orders_loss,orders,loss,mem,payment,user,0.3937191596335683,0.9940557158276674,0.26671214379383984,0.8801919066808251,0.6003365561940991,0.6134797628869852
orders_loss,orders,loss,mem,payment,carts,0.3937191596335683,0.9940557158276674,0.3829999395555123,0.9208581517044037,0.6003365561940991,0.5378582121488913
orders_loss,orders,loss,mem,payment,shipping,0.3937191596335683,0.9940557158276674,0.37692587159161206,0.9328227870203425,0.6003365561940991,0.5558969154287304
orders_loss,orders,loss,mem,shipping,front-end,0.04947711808861118,0.0749484969614864,0.04939195702581662,0.06797048438558068,0.025471378872875212,0.018578527359764056
orders_loss,orders,loss,mem,shipping,catalogue,0.04947711808861118,0.0749484969614864,0.03983088850649362,0.048601787057222706,0.025471378872875212,0.008770898550729087
orders_loss,orders,loss,mem,shipping,user,0.04947711808861118,0.0749484969614864,0.047106405286257924,0.05287993288375938,0.025471378872875212,0.0057735275975014586
orders_loss,orders,loss,mem,shipping,carts,0.04947711808861118,0.0749484969614864,0.04705453483239419,0.04829720638175428,0.025471378872875212,0.0012426715493600929
orders_loss,orders,loss,mem,shipping,payment,0.04947711808861118,0.0749484969614864,0.04925477988547914,0.06600163373647873,0.025471378872875212,0.01674685385099959
orders_loss,orders,loss,cpu,front-end,catalogue,7.35977527356597,8.024378234505255,7.475488109365563,7.935791068784925,0.664602960939285,0.46030295941936217
orders_loss,orders,loss,cpu,front-end,user,7.35977527356597,8.024378234505255,7.291064710091464,8.109224064727178,0.664602960939285,0.8181593546357133
orders_loss,orders,loss,cpu,front-end,carts,7.35977527356597,8.028676155679083,7.45948811906993,8.008918273719752,0.668900882113113,0.5494301546498219
orders_loss,orders,loss,cpu,front-end,payment,7.35977527356597,8.024378234505255,7.361826812110138,8.097216426095919,0.664602960939285,0.735389613985781
orders_loss,orders,loss,cpu,front-end,shipping,7.364618332670507,8.025936160624298,7.311248639732583,7.966272275863075,0.6613178279537903,0.6550236361304913
orders_loss,orders,loss,cpu,catalogue,front-end,8.315227526120307,5.378027754609506,8.212955013864477,5.30352815472486,-2.9371997715108007,-2.909426859139617
orders_loss,orders,loss,cpu,catalogue,user,8.315227526120307,5.372055042796575,8.313740040981086,5.349779223887504,-2.943172483323732,-2.9639608170935823
orders_loss,orders,loss,cpu,catalogue,carts,8.315227526120307,5.374779640199245,8.313740040981086,5.351726423464562,-2.9404478859210617,-2.962013617516524
orders_loss,orders,loss,cpu,catalogue,payment,8.315227526120307,5.372055042796575,8.280017391173594,5.450323971815041,-2.943172483323732,-2.829693419358553
orders_loss,orders,loss,cpu,catalogue,shipping,8.325578094389805,5.3749785156572125,8.360531424136633,5.2603073478947495,-2.950599578732592,-3.100224076241884
orders_loss,orders,loss,cpu,user,front-end,8.712099218805323,7.866949061648389,8.642938886171983,7.717127480573817,-0.845150157156934,-0.9258114055981661
orders_loss,orders,loss,cpu,user,catalogue,8.712099218805323,7.864151993599575,8.767308206829151,7.6422391356731625,-0.8479472252057478,-1.1250690711559885
orders_loss,orders,loss,cpu,user,carts,8.712099218805323,7.8735717210019525,8.767308206829151,7.649304888368374,-0.8385274978033701,-1.1180033184607767
orders_loss,orders,loss,cpu,user,payment,8.712099218805323,7.864151993599575,8.74303850248182,7.621265131955211,-0.8479472252057478,-1.1217733705266086
orders_loss,orders,loss,cpu,user,shipping,8.734506651992367,7.866146200671461,8.790022926745069,7.641702811272485,-0.868360451320906,-1.1483201154725835
orders_loss,orders,loss,cpu,carts,front-end,22.710228962443324,29.738757942193484,22.710228962443324,29.738757942193484,7.02852897975016,7.02852897975016
orders_loss,orders,loss,cpu,carts,catalogue,22.710228962443324,29.722173741549717,22.710228962443324,29.722173741549717,7.011944779106393,7.011944779106393
orders_loss,orders,loss,cpu,carts,user,22.710228962443324,29.722173741549717,22.710228962443324,29.722173741549717,7.011944779106393,7.011944779106393
orders_loss,orders,loss,cpu,carts,payment,22.710228962443324,29.722173741549717,22.710228962443324,29.722173741549717,7.011944779106393,7.011944779106393
orders_loss,orders,loss,cpu,carts,shipping,22.76112975261242,29.782505722924483,22.76112975261242,29.782505722924483,7.021375970312064,7.021375970312064
orders_loss,orders,loss,cpu,payment,front-end,9.771819339953941,11.600031369691626,9.78658141151078,9.857072721992614,1.828212029737685,0.07049131048183455
orders_loss,orders,loss,cpu,payment,catalogue,9.771819339953941,11.597806571755603,9.765429696792726,9.937272986345222,1.825987231801662,0.17184328955249661
orders_loss,orders,loss,cpu,payment,user,9.771819339953941,11.597806571755603,9.688665682209955,9.811871285081383,1.825987231801662,0.1232056028714279
orders_loss,orders,loss,cpu,payment,carts,9.771819339953941,11.60913933834282,9.7113882126563,9.841118864055646,1.8373199983888782,0.12973065139934725
orders_loss,orders,loss,cpu,payment,shipping,9.790648841285373,11.6267757337332,9.749936414956036,9.87453685332261,1.8361268924478278,0.1246004383665742
orders_loss,orders,loss,cpu,shipping,front-end,85.36749510911824,121.52722367844247,84.93875717240397,117.16002847782096,36.15972856932423,32.22127130541699
orders_loss,orders,loss,cpu,shipping,catalogue,85.36749510911824,121.56368334634978,84.15219853541574,118.51373147589888,36.19618823723154,34.361532940483144
orders_loss,orders,loss,cpu,shipping,user,85.36749510911824,121.56368334634978,85.36749510911824,121.56368334634978,36.19618823723154,36.19618823723154
orders_loss,orders,loss,cpu,shipping,carts,85.36749510911824,121.632155022498,85.36749510911824,121.632155022498,36.26465991337976,36.26465991337976
orders_loss,orders,loss,cpu,shipping,payment,85.36749510911824,121.56368334634978,85.60626663653089,121.77066619950277,36.19618823723154,36.16439956297188
orders_loss,orders,loss,mem,front-end,catalogue,3.446025556786357,3.4321831475586895,3.446025556786357,3.4321831475586895,-0.013842409227667662,-0.013842409227667662
orders_loss,orders,loss,mem,front-end,user,3.446025556786357,3.4321831475586895,3.4138232712660517,3.437139424120346,-0.013842409227667662,0.023316152854294447
orders_loss,orders,loss,mem,front-end,carts,3.446025556786357,3.4321831475586895,3.446025556786357,3.4321831475586895,-0.013842409227667662,-0.013842409227667662
orders_loss,orders,loss,mem,front-end,payment,3.446025556786357,3.4321831475586895,3.446025556786357,3.4321831475586895,-0.013842409227667662,-0.013842409227667662
orders_loss,orders,loss,mem,front-end,shipping,3.446025556786357,3.4321831475586895,3.4485095136815205,3.44562937628501,-0.013842409227667662,-0.002880137396510385
orders_loss,orders,loss,mem,catalogue,front-end,0.250737886766602,1.3345419909973062,0.2500768604479519,1.3347603289292873,1.0838041042307043,1.0846834684813353
orders_loss,orders,loss,mem,catalogue,user,0.250737886766602,1.3345419909973062,0.2500768604479519,1.3347603289292873,1.0838041042307043,1.0846834684813353
orders_loss,orders,loss,mem,catalogue,carts,0.250737886766602,1.3345419909973062,0.22813322809332004,1.5551646996301218,1.0838041042307043,1.327031471536802
orders_loss,orders,loss,mem,catalogue,payment,0.250737886766602,1.3345419909973062,0.1789923068756785,1.3831023071697444,1.0838041042307043,1.204110000294066
orders_loss,orders,loss,mem,catalogue,shipping,0.250737886766602,1.3345419909973062,0.23421325978925353,1.4160741186758745,1.0838041042307043,1.181860858886621
orders_loss,orders,loss,mem,user,front-end,0.20891872346515578,0.4428232972774982,0.19384789858754883,0.37964543616932195,0.23390457381234242,0.18579753758177311
orders_loss,orders,loss,mem,user,catalogue,0.20891872346515578,0.4428232972774982,0.19682437634326286,0.3800681327453932,0.23390457381234242,0.18324375640213034
orders_loss,orders,loss,mem,user,carts,0.20891872346515578,0.4428232972774982,0.19581833669406654,0.24312097144728947,0.23390457381234242,0.04730263475322294
orders_loss,orders,loss,mem,user,payment,0.20891872346515578,0.4428232972774982,0.1921905424193364,0.34403234750383394,0.23390457381234242,0.15184180508449754
orders_loss,orders,loss,mem,user,shipping,0.20891872346515578,0.4428232972774982,0.1912905379464173,0.22025851911744096,0.23390457381234242,0.02896798117102367
orders_loss,orders,loss,mem,carts,front-end,0.06765050140576047,0.13241228693871787,0.06765050140576047,0.13241228693871787,0.0647617855329574,0.0647617855329574
orders_loss,orders,loss,mem,carts,catalogue,0.06765050140576047,0.13241228693871787,0.0603697040064847,0.2059102481608234,0.0647617855329574,0.1455405441543387
orders_loss,orders,loss,mem,carts,user,0.06765050140576047,0.13241228693871787,0.0644050898473033,0.11578176990917159,0.0647617855329574,0.051376680061868296
orders_loss,orders,loss,mem,carts,payment,0.06765050140576047,0.13241228693871787,0.052395228685656034,0.09796781686084331,0.0647617855329574,0.04557258817518728
orders_loss,orders,loss,mem,carts,shipping,0.06765050140576047,0.13241228693871787,0.03540552566028477,0.02753657640358002,0.0647617855329574,-0.007868949256704751
orders_loss,orders,loss,mem,payment,front-end,0.9939862034750918,0.8965525407572698,0.9939862034750918,0.8965525407572698,-0.09743366271782206,-0.09743366271782206
orders_loss,orders,loss,mem,payment,catalogue,0.9939862034750918,0.8965525407572698,0.9219557543684291,1.7267513570790112,-0.09743366271782206,0.804795602710582
orders_loss,orders,loss,mem,payment,user,0.9939862034750918,0.8965525407572698,0.9856424148062963,0.7619370447444164,-0.09743366271782206,-0.22370537006187996
orders_loss,orders,loss,mem,payment,carts,0.9939862034750918,0.8965525407572698,0.781756878602208,0.2241027575998133,-0.09743366271782206,-0.5576541210023946
orders_loss,orders,loss,mem,payment,shipping,0.9939862034750918,0.8965525407572698,0.8614233874320241,0.2365263617200092,-0.09743366271782206,-0.6248970257120149
orders_loss,orders,loss,mem,shipping,front-end,0.16698454940388308,0.4890822160887029,0.16726221546923442,0.48905270614731533,0.3220976666848198,0.3217904906780809
orders_loss,orders,loss,mem,shipping,catalogue,0.16698454940388308,0.4890822160887029,0.16372987012290438,0.5711555400531552,0.3220976666848198,0.40742566993025076
orders_loss,orders,loss,mem,shipping,user,0.16698454940388308,0.4890822160887029,0.16004590734304963,0.44165180448599617,0.3220976666848198,0.28160589714294654
orders_loss,orders,loss,mem,shipping,carts,0.16698454940388308,0.4890822160887029,0.10315459553962107,0.21365957268453611,0.3220976666848198,0.11050497714491504
orders_loss,orders,loss,mem,shipping,payment,0.16698454940388308,0.4890822160887029,0.15376984200162727,0.4142455683225944,0.3220976666848198,0.26047572632096716
orders_mem,orders,mem,cpu,front-end,catalogue,11.394551541152273,8.469446398741246,11.427719915149261,8.600719731853209,-2.9251051424110273,-2.827000183296052
orders_mem,orders,mem,cpu,front-end,user,11.394551541152273,8.469446398741246,11.427719915149261,8.600719731853209,-2.9251051424110273,-2.827000183296052
orders_mem,orders,mem,cpu,front-end,carts,11.394551541152273,8.469446398741246,11.427164228092874,8.648111300246434,-2.9251051424110273,-2.7790529278464398
orders_mem,orders,mem,cpu,front-end,payment,11.394551541152273,8.469446398741246,11.41941756510981,8.476674121750062,-2.9251051424110273,-2.942743443359749
orders_mem,orders,mem,cpu,front-end,shipping,11.415435760066146,8.487853095444322,11.47419293403551,8.401614522560216,-2.9275826646218235,-3.0725784114752948
orders_mem,orders,mem,cpu,catalogue,front-end,457.96313607721066,457.63706776557063,457.96313607721066,457.63706776557063,-0.3260683116400287,-0.3260683116400287
orders_mem,orders,mem,cpu,catalogue,user,457.96313607721066,457.63706776557063,457.96313607721066,457.63706776557063,-0.3260683116400287,-0.3260683116400287
orders_mem,orders,mem,cpu,catalogue,carts,457.96313607721066,457.63706776557063,457.96313607721066,457.63706776557063,-0.3260683116400287,-0.3260683116400287
orders_mem,orders,mem,cpu,catalogue,payment,457.96313607721066,457.63706776557063,457.96313607721066,457.63706776557063,-0.3260683116400287,-0.3260683116400287
orders_mem,orders,mem,cpu,catalogue,shipping,458.82435355754706,458.97620126423277,458.82435355754706,458.97620126423277,0.15184770668571446,0.15184770668571446
orders_mem,orders,mem,cpu,user,front-end,6.42633658155326,8.577892628044486,6.429377945156142,8.636404831774293,2.1515560464912262,2.2070268866181504
orders_mem,orders,mem,cpu,user,catalogue,6.42633658155326,8.577892628044486,6.429377945156142,8.636404831774293,2.1515560464912262,2.2070268866181504
orders_mem,orders,mem,cpu,user,carts,6.42633658155326,8.577892628044486,6.135210993561987,9.679785965004589,2.1515560464912262,3.544574971442602
orders_mem,orders,mem,cpu,user,payment,6.42633658155326,8.577892628044486,6.36044668422249,8.518557059217882,2.1515560464912262,2.158110374995392
orders_mem,orders,mem,cpu,user,shipping,6.438998861004114,8.574761183862032,6.440908585447612,8.545804040821409,2.135762322857918,2.1048954553737973
orders_mem,orders,mem,cpu,carts,front-end,8.564383460736783,14.147202392877677,8.521374562953907,14.152226998943904,5.582818932140894,5.630852435989997
orders_mem,orders,mem,cpu,carts,catalogue,8.564383460736783,14.147202392877677,8.564978640093404,14.28935353387942,5.582818932140894,5.724374893786017
orders_mem,orders,mem,cpu,carts,user,8.564383460736783,14.147202392877677,8.32359257061818,14.247172595418906,5.582818932140894,5.923580024800726
orders_mem,orders,mem,cpu,carts,payment,8.564383460736783,14.147202392877677,8.596984661973151,14.233180634555973,5.582818932140894,5.636195972582822
orders_mem,orders,mem,cpu,carts,shipping,8.584504789688491,14.147154693602685,8.454823919059235,14.009752811784889,5.562649903914194,5.554928892725654
orders_mem,orders,mem,cpu,payment,front-end,7.356506036428853,10.100386800971199,7.461426864083721,10.138130933670729,2.7438807645423458,2.6767040695870072
orders_mem,orders,mem,cpu,payment,catalogue,7.356506036428853,10.100386800971199,7.454846004168673,10.210899640270917,2.7438807645423458,2.7560536361022434
orders_mem,orders,mem,cpu,payment,user,7.356506036428853,10.100386800971199,7.3805777066385945,10.027618163877076,2.7438807645423458,2.6470404572384814
orders_mem,orders,mem,cpu,payment,carts,7.356506036428853,10.100386800971199,7.388637051408916,9.991628957912893,2.7438807645423458,2.602991906503976
orders_mem,orders,mem,cpu,payment,shipping,7.373237705059727,10.098970932015206,7.472963013987472,10.209987795957657,2.7257332269554793,2.7370247819701854
orders_mem,orders,mem,cpu,shipping,front-end,33.78917802955981,50.936023284935125,33.86753352628267,51.30924828349796,17.146845255375318,17.441714757215287
orders_mem,orders,mem,cpu,shipping,catalogue,33.78917802955981,50.936023284935125,33.77139394872562,50.6755595639515,17.146845255375318,16.904165615225885
orders_mem,orders,mem,cpu,shipping,user,33.78917802955981,50.936023284935125,34.229263287446194,52.216513760710406,17.146845255375318,17.98725047326421
orders_mem,orders,mem,cpu,shipping,carts,33.78917802955981,50.936023284935125,34.18638156845455,51.734588638907944,17.146845255375318,17.548207070453394
orders_mem,orders,mem,cpu,shipping,payment,33.78917802955981,50.936023284935125,33.77139394872562,50.6755595639515,17.146845255375318,16.904165615225885
orders_mem,orders,mem,mem,front-end,catalogue,3.102639216978075,3.4629581801863796,3.1147672258935817,3.5028830718782453,0.3603189632083046,0.38811584598466364
orders_mem,orders,mem,mem,front-end,user,3.102639216978075,3.4629581801863796,3.089667343071541,3.590616832716867,0.3603189632083046,0.5009494896453259
orders_mem,orders,mem,mem,front-end,carts,3.102639216978075,3.4629581801863796,3.1082519278405254,3.8121113356473737,0.3603189632083046,0.7038594078068483
orders_mem,orders,mem,mem,front-end,payment,3.102639216978075,3.4629581801863796,3.104712746312562,3.5127435682431396,0.3603189632083046,0.4080308219305775
orders_mem,orders,mem,mem,front-end,shipping,3.102639216978075,3.4629581801863796,3.0784108502690017,4.148403637898407,0.3603189632083046,1.0699927876294053
orders_mem,orders,mem,mem,catalogue,front-end,0.17258968261499863,0.5073565122063887,0.1689034927799938,0.5035023348514672,0.33476682959139004,0.3345988420714734
orders_mem,orders,mem,mem,catalogue,user,0.17258968261499863,0.5073565122063887,0.16871607949585346,0.4365638750561413,0.33476682959139004,0.2678477955602878
orders_mem,orders,mem,mem,catalogue,carts,0.17258968261499863,0.5073565122063887,0.15116003751449783,0.41497963888007544,0.33476682959139004,0.2638196013655776
orders_mem,orders,mem,mem,catalogue,payment,0.17258968261499863,0.5073565122063887,0.1675707904830568,0.7648946664136602,0.33476682959139004,0.5973238759306034
orders_mem,orders,mem,mem,catalogue,shipping,0.17258968261499863,0.5073565122063887,0.13879481597164528,0.5993222914273524,0.33476682959139004,0.4605274754557071
orders_mem,orders,mem,mem,user,front-end,0.10563647803188722,0.9230124974100948,0.10715496521306057,0.9211493450973721,0.8173760193782076,0.8139943798843116
orders_mem,orders,mem,mem,user,catalogue,0.10563647803188722,0.9230124974100948,0.09906087558710118,0.8338880928857033,0.8173760193782076,0.7348272172986021
orders_mem,orders,mem,mem,user,carts,0.10563647803188722,0.9230124974100948,0.10115806938646178,0.6368763774064408,0.8173760193782076,0.535718308019979
orders_mem,orders,mem,mem,user,payment,0.10563647803188722,0.9230124974100948,0.10585385632418574,0.8511166567007686,0.8173760193782076,0.7452628003765829
orders_mem,orders,mem,mem,user,shipping,0.10563647803188722,0.9230124974100948,0.09792750296691785,0.6742916392847169,0.8173760193782076,0.576364136317799
orders_mem,orders,mem,mem,carts,front-end,0.007432906080250879,0.0875287857716437,0.007450471584880553,0.08728753757120968,0.08009587969139283,0.07983706598632913
orders_mem,orders,mem,mem,carts,catalogue,0.007432906080250879,0.0875287857716437,0.006025171677621654,0.07568516112772819,0.08009587969139283,0.06965998945010654
orders_mem,orders,mem,mem,carts,user,0.007432906080250879,0.0875287857716437,0.007416937397092862,0.06289157589131263,0.08009587969139283,0.05547463849421976
orders_mem,orders,mem,mem,carts,payment,0.007432906080250879,0.0875287857716437,0.007210864603518091,0.06460509608974432,0.08009587969139283,0.05739423148622623
orders_mem,orders,mem,mem,carts,shipping,0.007432906080250879,0.0875287857716437,0.007379269036351378,0.0816803589938319,0.08009587969139283,0.07430108995748053
orders_mem,orders,mem,mem,payment,front-end,0.06548856504492682,1.2025933191457796,0.06531695030875223,1.2025287481975393,1.1371047541008528,1.137211797888787
orders_mem,orders,mem,mem,payment,catalogue,0.06548856504492682,1.2025933191457796,0.06237460921330629,1.2027525522479745,1.1371047541008528,1.140377943034668
orders_mem,orders,mem,mem,payment,user,0.06548856504492682,1.2025933191457796,0.06487384744962715,1.1723276125992963,1.1371047541008528,1.1074537651496692
orders_mem,orders,mem,mem,payment,carts,0.06548856504492682,1.2025933191457796,0.0518526648704737,1.0669997372164024,1.1371047541008528,1.0151470723459286
orders_mem,orders,mem,mem,payment,shipping,0.06548856504492682,1.2025933191457796,0.06524611925139291,1.1852301799296785,1.1371047541008528,1.1199840606782856
orders_mem,orders,mem,mem,shipping,front-end,0.020353002289752162,0.24072403933804457,0.02033506124151382,0.24028499278431598,0.22037103704829242,0.21994993154280215
orders_mem,orders,mem,mem,shipping,catalogue,0.020353002289752162,0.24072403933804457,0.015994051131431035,0.21096249915767534,0.22037103704829242,0.1949684480262443
orders_mem,orders,mem,mem,shipping,user,0.020353002289752162,0.24072403933804457,0.01993540591935801,0.20759379411299317,0.22037103704829242,0.18765838819363517
orders_mem,orders,mem,mem,shipping,carts,0.020353002289752162,0.24072403933804457,0.020465864147899554,0.23248326548310966,0.22037103704829242,0.2120174013352101
orders_mem,orders,mem,mem,shipping,payment,0.020353002289752162,0.24072403933804457,0.0203493929574372,0.23041685113675056,0.22037103704829242,0.21006745817931335
orders_mem,orders,mem,cpu,front-end,catalogue,7.967594663494534,6.637633029843659,7.9228162163493,6.824681941852136,-1.3299616336508748,-1.0981342744971645
orders_mem,orders,mem,cpu,front-end,user,7.944227582566328,6.632428661370928,7.4545513091819435,7.438024549076783,-1.3117989211954004,-0.016526760105160854
orders_mem,orders,mem,cpu,front-end,carts,7.944227582566328,6.632428661370928,7.821509463612957,6.81497616371648,-1.3117989211954004,-1.0065332998964767
orders_mem,orders,mem,cpu,front-end,payment,7.944227582566328,6.632428661370928,7.827360227788126,6.847576306483797,-1.3117989211954004,-0.9797839213043291
orders_mem,orders,mem,cpu,front-end,shipping,7.944227582566328,6.632428661370928,7.969966276770454,7.4060820199925175,-1.3117989211954004,-0.5638842567779365
orders_mem,orders,mem,cpu,catalogue,front-end,12.410892830463577,9.579139662050624,12.407530797947185,9.732036607340556,-2.8317531684129538,-2.6754941906066296
orders_mem,orders,mem,cpu,catalogue,user,12.410892830463577,9.579139662050624,12.314747217020265,9.815063229308544,-2.8317531684129538,-2.4996839877117214
orders_mem,orders,mem,cpu,catalogue,carts,12.410892830463577,9.579139662050624,12.384698061188695,9.73758957597259,-2.8317531684129538,-2.647108485216105
orders_mem,orders,mem,cpu,catalogue,payment,12.410892830463577,9.579139662050624,12.417662430765695,9.76386102877536,-2.8317531684129538,-2.6538014019903358
orders_mem,orders,mem,cpu,catalogue,shipping,12.410892830463577,9.579139662050624,12.4211968759703,9.82061012589623,-2.8317531684129538,-2.6005867500740703
orders_mem,orders,mem,cpu,user,front-end,6.993141480320657,9.826072519595092,6.677142571642726,9.866665846594673,2.8329310392744356,3.189523274951947
orders_mem,orders,mem,cpu,user,catalogue,6.985216903340785,9.825610410656987,6.922603655357359,9.661291189144974,2.840393507316202,2.7386875337876146
orders_mem,orders,mem,cpu,user,carts,6.993141480320657,9.826072519595092,6.684844595476018,9.780526627809225,2.8329310392744356,3.0956820323332073
orders_mem,orders,mem,cpu,user,payment,6.993141480320657,9.826072519595092,6.836584249875472,9.746508564606762,2.8329310392744356,2.90992431473129
orders_mem,orders,mem,cpu,user,shipping,6.993141480320657,9.826072519595092,6.756859644465167,11.668739293162444,2.8329310392744356,4.911879648697277
orders_mem,orders,mem,cpu,carts,front-end,7.640008872827914,6.078435492332505,7.576242449498162,6.080310534137697,-1.5615733804954086,-1.4959319153604653
orders_mem,orders,mem,cpu,carts,catalogue,7.648881363649041,6.0797268337413275,7.705551578251392,6.080528068531817,-1.5691545299077134,-1.6250235097195755
orders_mem,orders,mem,cpu,carts,user,7.640008872827914,6.078435492332505,7.589551312283215,6.456430046143614,-1.5615733804954086,-1.1331212661396002
orders_mem,orders,mem,cpu,carts,payment,7.640008872827914,6.078435492332505,7.69120281305335,6.148213080374743,-1.5615733804954086,-1.542989732678607
orders_mem,orders,mem,cpu,carts,shipping,7.640008872827914,6.078435492332505,7.691278554312099,6.459062365372979,-1.5615733804954086,-1.2322161889391197
orders_mem,orders,mem,cpu,payment,front-end,7.932790793747922,9.08783882479742,7.971351654227885,9.01202718537101,1.155048031049497,1.0406755311431262
orders_mem,orders,mem,cpu,payment,catalogue,7.942368329059141,9.104207519174219,8.042054859159215,9.007656222826595,1.161839190115078,0.9656013636673801
orders_mem,orders,mem,cpu,payment,user,7.932790793747922,9.08783882479742,8.000573353012406,9.181604005270486,1.155048031049497,1.1810306522580802
orders_mem,orders,mem,cpu,payment,carts,7.932790793747922,9.08783882479742,7.9595433614442435,9.130215126992859,1.155048031049497,1.1706717655486152
orders_mem,orders,mem,cpu,payment,shipping,7.932790793747922,9.08783882479742,8.026103745265516,9.000496865120253,1.155048031049497,0.9743931198547369
orders_mem,orders,mem,cpu,shipping,front-end,33.21601052489962,41.641693853051756,33.50444323126312,41.04906575047525,8.425683328152132,7.544622519212133
orders_mem,orders,mem,cpu,shipping,catalogue,33.35380627481006,41.76036681105042,33.27132787565186,41.587639859144346,8.406560536240356,8.316311983492483
orders_mem,orders,mem,cpu,shipping,user,33.21601052489962,41.641693853051756,33.962356887860324,41.06386071461832,8.425683328152132,7.101503826757998
orders_mem,orders,mem,cpu,shipping,carts,33.21601052489962,41.641693853051756,33.15578659616212,41.417681884404004,8.425683328152132,8.261895288241881
orders_mem,orders,mem,cpu,shipping,payment,33.21601052489962,41.641693853051756,33.12925303646611,41.45413477177367,8.425683328152132,8.324881735307557
orders_mem,orders,mem,mem,front-end,catalogue,3.4305526388104073,3.0686600224565734,3.4563537989729047,3.0848493454346433,-0.36189261635383385,-0.37150445353826145
orders_mem,orders,mem,mem,front-end,user,3.4305526388104073,3.0686600224565734,3.4563537989729047,3.0848493454346433,-0.36189261635383385,-0.37150445353826145
orders_mem,orders,mem,mem,front-end,carts,3.4305526388104073,3.0686600224565734,3.457667341305467,3.088976606194914,-0.36189261635383385,-0.36869073511055284
orders_mem,orders,mem,mem,front-end,payment,3.4305526388104073,3.0686600224565734,3.4508757351119854,3.1845949899297428,-0.36189261635383385,-0.26628074518224265
orders_mem,orders,mem,mem,front-end,shipping,3.4305526388104073,3.0686600224565734,3.353441109874174,3.3770875293295424,-0.36189261635383385,0.023646419455368495
orders_mem,orders,mem,mem,catalogue,front-end,0.17875346532070457,0.41117325019319345,0.17875346532070457,0.41117325019319345,0.23241978487248888,0.23241978487248888
orders_mem,orders,mem,mem,catalogue,user,0.17875346532070457,0.41117325019319345,0.1686675148668282,0.3448334640569394,0.23241978487248888,0.17616594919011117
orders_mem,orders,mem,mem,catalogue,carts,0.17875346532070457,0.41117325019319345,0.16440122292172638,0.38534938189989054,0.23241978487248888,0.22094815897816417
orders_mem,orders,mem,mem,catalogue,payment,0.17875346532070457,0.41117325019319345,0.13736037687518096,0.39150505139522973,0.23241978487248888,0.25414467452004874
orders_mem,orders,mem,mem,catalogue,shipping,0.17875346532070457,0.41117325019319345,0.17875346532070457,0.41117325019319345,0.23241978487248888,0.23241978487248888
orders_mem,orders,mem,mem,user,front-end,0.18796787609450333,0.42054642265252395,0.18873467930687074,0.4199311939035527,0.23257854655802063,0.23119651459668197
orders_mem,orders,mem,mem,user,catalogue,0.18796787609450333,0.42054642265252395,0.18423495414263677,0.3644668365603717,0.23257854655802063,0.18023188241773494
orders_mem,orders,mem,mem,user,carts,0.18796787609450333,0.42054642265252395,0.1808927213489603,0.3987387091823863,0.23257854655802063,0.21784598783342599
orders_mem,orders,mem,mem,user,payment,0.18796787609450333,0.42054642265252395,0.18190974747472077,0.16895399964916213,0.23257854655802063,-0.012955747825558639
orders_mem,orders,mem,mem,user,shipping,0.18796787609450333,0.42054642265252395,0.18873467930687074,0.4199311939035527,0.23257854655802063,0.23119651459668197
orders_mem,orders,mem,mem,carts,front-end,0.01973506465851157,0.0111689753608808,0.019721518491176263,0.011179872065430443,-0.008566089297630768,-0.00854164642574582
orders_mem,orders,mem,mem,carts,catalogue,0.01973506465851157,0.0111689753608808,0.01970149448760595,0.007269437265155625,-0.008566089297630768,-0.012432057222450324
orders_mem,orders,mem,mem,carts,user,0.01973506465851157,0.0111689753608808,0.019383284938256615,0.005643071110619962,-0.008566089297630768,-0.013740213827636653
orders_mem,orders,mem,mem,carts,payment,0.01973506465851157,0.0111689753608808,0.02036439278617616,0.029242503353868146,-0.008566089297630768,0.008878110567691985
orders_mem,orders,mem,mem,carts,shipping,0.01973506465851157,0.0111689753608808,0.01973506465851157,0.0111689753608808,-0.008566089297630768,-0.008566089297630768
orders_mem,orders,mem,mem,payment,front-end,0.045410048320456836,0.2427343278158224,0.045141207325054125,0.2429672854589202,0.19732427949536557,0.1978260781338661
orders_mem,orders,mem,mem,payment,catalogue,0.045410048320456836,0.2427343278158224,0.03655491804524966,0.20934276491100695,0.19732427949536557,0.1727878468657573
orders_mem,orders,mem,mem,payment,user,0.045410048320456836,0.2427343278158224,0.04305668972454338,0.2228955838976356,0.19732427949536557,0.17983889417309223
orders_mem,orders,mem,mem,payment,carts,0.045410048320456836,0.2427343278158224,0.04206873696493464,0.23773823184288617,0.19732427949536557,0.19566949487795154
orders_mem,orders,mem,mem,payment,shipping,0.045410048320456836,0.2427343278158224,0.045413492696817166,0.2399823855920026,0.19732427949536557,0.19456889289518545
orders_mem,orders,mem,mem,shipping,front-end,0.022341344203064897,0.14191475603051407,0.022386846417461016,0.14270934126424864,0.11957341182744917,0.12032249484678763
orders_mem,orders,mem,mem,shipping,catalogue,0.022341344203064897,0.14191475603051407,0.022320902860935205,0.14199216702624937,0.11957341182744917,0.11967126416531416
orders_mem,orders,mem,mem,shipping,user,0.022341344203064897,0.14191475603051407,0.022320902860935205,0.14199216702624937,0.11957341182744917,0.11967126416531416
orders_mem,orders,mem,mem,shipping,carts,0.022341344203064897,0.14191475603051407,0.022320902860935205,0.14199216702624937,0.11957341182744917,0.11967126416531416
orders_mem,orders,mem,mem,shipping,payment,0.022341344203064897,0.14191475603051407,0.02165900159490101,0.13608783125917423,0.11957341182744917,0.11442882966427322
orders_mem,orders,mem,cpu,front-end,catalogue,6.7154046380121635,10.803025729412703,6.427902661643167,10.471113284358829,4.087621091400539,4.0432106227156615
orders_mem,orders,mem,cpu,front-end,user,6.7154046380121635,10.803025729412703,6.6481722185138175,10.441005283125836,4.087621091400539,3.7928330646120187
orders_mem,orders,mem,cpu,front-end,carts,6.7154046380121635,10.803025729412703,6.788216511349984,10.684105836811012,4.087621091400539,3.8958893254610283
orders_mem,orders,mem,cpu,front-end,payment,6.7154046380121635,10.803025729412703,6.675256388506831,10.469572690159398,4.087621091400539,3.7943163016525663
orders_mem,orders,mem,cpu,front-end,shipping,6.7154046380121635,10.803025729412703,6.4067222416808125,10.78912691028174,4.087621091400539,4.382404668600927
orders_mem,orders,mem,cpu,catalogue,front-end,6.007893092903176,7.398891547075878,5.769296009116336,7.591823191157461,1.3909984541727018,1.8225271820411253
orders_mem,orders,mem,cpu,catalogue,user,6.007893092903176,7.398891547075878,5.912648955600485,7.435790448662162,1.3909984541727018,1.5231414930616776
orders_mem,orders,mem,cpu,catalogue,carts,6.007893092903176,7.398891547075878,6.013337417708223,7.431355852848556,1.3909984541727018,1.4180184351403335
orders_mem,orders,mem,cpu,catalogue,payment,6.007893092903176,7.398891547075878,5.957438525043197,7.3382186868738115,1.3909984541727018,1.3807801618306144
orders_mem,orders,mem,cpu,catalogue,shipping,6.007893092903176,7.398891547075878,6.017803644577993,7.52628690204937,1.3909984541727018,1.5084832574713767
orders_mem,orders,mem,cpu,user,front-end,6.81633047790706,7.894140251657021,6.835200213301437,7.988038239405975,1.0778097737499603,1.1528380261045372
orders_mem,orders,mem,cpu,user,catalogue,6.81633047790706,7.894140251657021,6.81403955882619,7.842086386326049,1.0778097737499603,1.0280468274998587
orders_mem,orders,mem,cpu,user,carts,6.81633047790706,7.894140251657021,6.826020451780599,7.915047943374347,1.0778097737499603,1.0890274915937477
orders_mem,orders,mem,cpu,user,payment,6.81633047790706,7.894140251657021,6.633427466726884,7.470927721596567,1.0778097737499603,0.837500254869683
orders_mem,orders,mem,cpu,user,shipping,6.81633047790706,7.894140251657021,6.828031995298326,7.93092672672574,1.0778097737499603,1.1028947314274147
orders_mem,orders,mem,cpu,carts,front-end,41.2379064932447,133.36433195416134,41.25546274441889,128.8822762275908,92.12642546091664,87.62681348317192
orders_mem,orders,mem,cpu,carts,catalogue,41.2379064932447,133.36433195416134,41.19720635771644,133.0851258865888,92.12642546091664,91.88791952887236
orders_mem,orders,mem,cpu,carts,user,41.2379064932447,133.36433195416134,41.2379064932447,133.36433195416134,92.12642546091664,92.12642546091664
orders_mem,orders,mem,cpu,carts,payment,41.2379064932447,133.36433195416134,41.2379064932447,133.36433195416134,92.12642546091664,92.12642546091664
orders_mem,orders,mem,cpu,carts,shipping,41.2379064932447,133.36433195416134,34.72803116384282,103.54765671884192,92.12642546091664,68.8196255549991
orders_mem,orders,mem,cpu,payment,front-end,9.002321066496027,10.116933984774608,9.002321066496027,10.116933984774608,1.1146129182785813,1.1146129182785813
orders_mem,orders,mem,cpu,payment,catalogue,9.002321066496027,10.116933984774608,8.939664513513359,10.023955204915852,1.1146129182785813,1.0842906914024937
orders_mem,orders,mem,cpu,payment,user,9.002321066496027,10.116933984774608,8.748772535225681,9.9432861348732,1.1146129182785813,1.194513599647518
orders_mem,orders,mem,cpu,payment,carts,9.002321066496027,10.116933984774608,9.002321066496027,10.116933984774608,1.1146129182785813,1.1146129182785813
orders_mem,orders,mem,cpu,payment,shipping,9.002321066496027,10.116933984774608,9.002321066496027,10.116933984774608,1.1146129182785813,1.1146129182785813
orders_mem,orders,mem,cpu,shipping,front-end,65.51300729960712,135.65689966686344,62.79636804695868,132.53148042409012,70.14389236725631,69.73511237713143
orders_mem,orders,mem,cpu,shipping,catalogue,65.51300729960712,135.65689966686344,65.73785835641918,134.66903080281028,70.14389236725631,68.9311724463911
orders_mem,orders,mem,cpu,shipping,user,65.51300729960712,135.65689966686344,65.12334985620654,134.07922685458368,70.14389236725631,68.95587699837714
orders_mem,orders,mem,cpu,shipping,carts,65.51300729960712,135.65689966686344,64.72853521899083,50.30471478970628,70.14389236725631,-14.423820429284547
orders_mem,orders,mem,cpu,shipping,payment,65.51300729960712,135.65689966686344,65.51300729960712,135.65689966686344,70.14389236725631,70.14389236725631
orders_mem,orders,mem,mem,front-end,catalogue,4.671655262502236,3.786377592744345,4.270674994326421,4.279266104959909,-0.8852776697578912,0.008591110633488164
orders_mem,orders,mem,mem,front-end,user,4.671655262502236,3.786377592744345,4.445940388990366,6.754866330857413,-0.8852776697578912,2.308925941867047
orders_mem,orders,mem,mem,front-end,carts,4.671655262502236,3.786377592744345,4.451150747332969,4.476568647349444,-0.8852776697578912,0.025417900016474704
orders_mem,orders,mem,mem,front-end,payment,4.671655262502236,3.786377592744345,4.469666719142812,3.7677293591117835,-0.8852776697578912,-0.7019373600310286
orders_mem,orders,mem,mem,front-end,shipping,4.671655262502236,3.786377592744345,4.60885106132185,4.336154641359778,-0.8852776697578912,-0.27269641996207206
orders_mem,orders,mem,mem,catalogue,front-end,3.594160307689727,4.215873368977329,3.461221740121409,4.048873288718679,0.6217130612876018,0.5876515485972695
orders_mem,orders,mem,mem,catalogue,user,3.594160307689727,4.215873368977329,2.240829198425789,9.249549145853923,0.6217130612876018,7.008719947428133
orders_mem,orders,mem,mem,catalogue,carts,3.594160307689727,4.215873368977329,1.5490977836651947,1.8986921442758498,0.6217130612876018,0.3495943606106551
orders_mem,orders,mem,mem,catalogue,payment,3.594160307689727,4.215873368977329,1.3969770650448852,6.28592849077666,0.6217130612876018,4.888951425731776
orders_mem,orders,mem,mem,catalogue,shipping,3.594160307689727,4.215873368977329,2.9455217262289493,0.7328481808062887,0.6217130612876018,-2.2126735454226605
orders_mem,orders,mem,mem,user,front-end,4.260961209741365,14.86575802672189,4.111138019172478,14.744038998990813,10.604796816980524,10.632900979818334
orders_mem,orders,mem,mem,user,catalogue,4.260961209741365,14.86575802672189,2.4325911893495826,11.718067151332043,10.604796816980524,9.28547596198246
orders_mem,orders,mem,mem,user,carts,4.260961209741365,14.86575802672189,1.1339667155644808,9.058335293626243,10.604796816980524,7.924368578061762
orders_mem,orders,mem,mem,user,payment,4.260961209741365,14.86575802672189,3.0695410276430843,16.166974243592332,10.604796816980524,13.097433215949248
orders_mem,orders,mem,mem,user,shipping,4.260961209741365,14.86575802672189,3.5130737024058174,10.432095939791125,10.604796816980524,6.919022237385308
orders_mem,orders,mem,mem,carts,front-end,1.6246261162826556,2.7632722646813472,1.5759252952943548,2.709828837043362,1.1386461483986916,1.1339035417490073
orders_mem,orders,mem,mem,carts,catalogue,1.6246261162826556,2.7632722646813472,0.6514565145631749,1.1453963737277848,1.1386461483986916,0.4939398591646099
orders_mem,orders,mem,mem,carts,user,1.6246261162826556,2.7632722646813472,0.44525970862046943,3.806308217874138,1.1386461483986916,3.3610485092536684
orders_mem,orders,mem,mem,carts,payment,1.6246261162826556,2.7632722646813472,0.9059435468059784,3.51640257166343,1.1386461483986916,2.6104590248574517
orders_mem,orders,mem,mem,carts,shipping,1.6246261162826556,2.7632722646813472,1.3989182343799558,0.6757663938074807,1.1386461483986916,-0.7231518405724751
orders_mem,orders,mem,mem,payment,front-end,12.975667344345357,7.795747440112906,12.297535913850115,8.208999975063994,-5.1799199042324515,-4.088535938786121
orders_mem,orders,mem,mem,payment,catalogue,12.975667344345357,7.795747440112906,4.528266322166545,21.15698401886296,-5.1799199042324515,16.628717696696416
orders_mem,orders,mem,mem,payment,user,12.975667344345357,7.795747440112906,10.6557303408811,43.755491003424396,-5.1799199042324515,33.0997606625433
orders_mem,orders,mem,mem,payment,carts,12.975667344345357,7.795747440112906,8.034630301970735,26.02697321700922,-5.1799199042324515,17.992342915038485
orders_mem,orders,mem,mem,payment,shipping,12.975667344345357,7.795747440112906,10.681266639709905,21.701427437878184,-5.1799199042324515,11.020160798168279
orders_mem,orders,mem,mem,shipping,front-end,0.4522049864127509,0.9217626630694562,0.4273032559087339,0.9108469243295775,0.4695576766567053,0.48354366842084356
orders_mem,orders,mem,mem,shipping,catalogue,0.4522049864127509,0.9217626630694562,0.3399197786016449,0.6473733330643437,0.4695576766567053,0.30745355446269884
orders_mem,orders,mem,mem,shipping,user,0.4522049864127509,0.9217626630694562,0.3062970386245846,0.19860438899512398,0.4695576766567053,-0.10769264962946065
orders_mem,orders,mem,mem,shipping,carts,0.4522049864127509,0.9217626630694562,0.3041716308174785,0.4583568996235359,0.4695576766567053,0.15418526880605737
orders_mem,orders,mem,mem,shipping,payment,0.4522049864127509,0.9217626630694562,0.3806391944469533,1.048073318367881,0.4695576766567053,0.6674341239209276
orders_socket,orders,socket,cpu,front-end,catalogue,12.528284087536118,6.729871144355134,12.2024116675883,6.586732695955123,-5.798412943180984,-5.615678971633177
orders_socket,orders,socket,cpu,front-end,user,12.528284087536118,6.729871144355134,12.109756194427028,7.909900176438235,-5.798412943180984,-4.199856017988793
orders_socket,orders,socket,cpu,front-end,carts,12.528284087536118,6.729871144355134,12.261838230310286,6.70554785632733,-5.798412943180984,-5.556290373982955
orders_socket,orders,socket,cpu,front-end,payment,12.528284087536118,6.729871144355134,12.261838230310286,6.70554785632733,-5.798412943180984,-5.556290373982955
orders_socket,orders,socket,cpu,front-end,shipping,12.528284087536118,6.729871144355134,12.261838230310286,6.70554785632733,-5.798412943180984,-5.556290373982955
orders_socket,orders,socket,cpu,catalogue,front-end,8.86899627117154,6.916553045275895,9.301741555352908,7.318407017094709,-1.9524432258956441,-1.983334538258199
orders_socket,orders,socket,cpu,catalogue,user,8.86899627117154,6.916553045275895,9.107026660917153,7.3039569707668175,-1.9524432258956441,-1.8030696901503358
orders_socket,orders,socket,cpu,catalogue,carts,8.86899627117154,6.916553045275895,9.290087655519837,7.439502521116889,-1.9524432258956441,-1.850585134402948
orders_socket,orders,socket,cpu,catalogue,payment,8.86899627117154,6.916553045275895,9.29154669539471,7.404892098020473,-1.9524432258956441,-1.8866545973742364
orders_socket,orders,socket,cpu,catalogue,shipping,8.86899627117154,6.916553045275895,9.29154669539471,7.404892098020473,-1.9524432258956441,-1.8866545973742364
orders_socket,orders,socket,cpu,user,front-end,9.77748054208203,10.288841599500211,9.53490710646791,9.690390773043795,0.5113610574181813,0.15548366657588453
orders_socket,orders,socket,cpu,user,catalogue,9.77748054208203,10.288841599500211,9.691124865709511,9.133233459839728,0.5113610574181813,-0.5578914058697837
orders_socket,orders,socket,cpu,user,carts,9.77748054208203,10.288841599500211,9.692464949773655,9.552404719248301,0.5113610574181813,-0.14006023052535355
orders_socket,orders,socket,cpu,user,payment,9.77748054208203,10.288841599500211,9.692464949773655,9.552404719248301,0.5113610574181813,-0.14006023052535355
orders_socket,orders,socket,cpu,user,shipping,9.77748054208203,10.288841599500211,9.692464949773655,9.552404719248301,0.5113610574181813,-0.14006023052535355
orders_socket,orders,socket,cpu,carts,front-end,7.813700724995368,13.10809680798743,8.778194722892946,13.449938153733818,5.294396082992062,4.671743430840872
orders_socket,orders,socket,cpu,carts,catalogue,7.813700724995368,13.10809680798743,8.771802010988733,13.439944653345865,5.294396082992062,4.668142642357132
orders_socket,orders,socket,cpu,carts,user,7.813700724995368,13.10809680798743,8.778194722892946,13.449938153733818,5.294396082992062,4.671743430840872
orders_socket,orders,socket,cpu,carts,payment,7.813700724995368,13.10809680798743,8.256688518832497,14.031385579730207,5.294396082992062,5.77469706089771
orders_socket,orders,socket,cpu,carts,shipping,7.813700724995368,13.10809680798743,8.251527474917054,13.787918824459444,5.294396082992062,5.53639134954239
orders_socket,orders,socket,cpu,payment,front-end,12.382883776875058,12.418536264915115,15.188006765525294,10.917536772383622,0.03565248804005705,-4.270469993141672
orders_socket,orders,socket,cpu,payment,catalogue,12.382883776875058,12.418536264915115,15.188006765525294,10.917536772383622,0.03565248804005705,-4.270469993141672
orders_socket,orders,socket,cpu,payment,user,12.382883776875058,12.418536264915115,15.188006765525294,10.917536772383622,0.03565248804005705,-4.270469993141672
orders_socket,orders,socket,cpu,payment,carts,12.382883776875058,12.418536264915115,14.351723900554877,14.241254379192982,0.03565248804005705,-0.11046952136189425
orders_socket,orders,socket,cpu,payment,shipping,12.382883776875058,12.418536264915115,10.351672186274499,10.702056598552021,0.03565248804005705,0.3503844122775224
orders_socket,orders,socket,cpu,shipping,front-end,13.503364793989325,13.842991263720647,17.369561997424036,11.51598626214274,0.3396264697313214,-5.8535757352812965
orders_socket,orders,socket,cpu,shipping,catalogue,13.503364793989325,13.842991263720647,17.369561997424036,11.51598626214274,0.3396264697313214,-5.8535757352812965
orders_socket,orders,socket,cpu,shipping,user,13.503364793989325,13.842991263720647,17.369561997424036,11.51598626214274,0.3396264697313214,-5.8535757352812965
orders_socket,orders,socket,cpu,shipping,carts,13.503364793989325,13.842991263720647,16.552547315949756,14.25666682220022,0.3396264697313214,-2.295880493749536
orders_socket,orders,socket,cpu,shipping,payment,13.503364793989325,13.842991263720647,10.924712954963947,11.54043066678467,0.3396264697313214,0.6157177118207233
orders_socket,orders,socket,mem,front-end,catalogue,3.6947760254407207,4.023681047494611,3.7112929095828147,4.054278816650017,0.32890502205389005,0.34298590706720233
orders_socket,orders,socket,mem,front-end,user,3.6947760254407207,4.023681047494611,3.5360103898416124,4.077406728666387,0.32890502205389005,0.5413963388247742
orders_socket,orders,socket,mem,front-end,carts,3.6947760254407207,4.023681047494611,3.7112929095828147,4.054278816650017,0.32890502205389005,0.34298590706720233
orders_socket,orders,socket,mem,front-end,payment,3.6947760254407207,4.023681047494611,3.7112929095828147,4.054278816650017,0.32890502205389005,0.34298590706720233
orders_socket,orders,socket,mem,front-end,shipping,3.6947760254407207,4.023681047494611,3.606532008331733,4.011822156743416,0.32890502205389005,0.40529014841168287
orders_socket,orders,socket,mem,catalogue,front-end,0.157063161793913,1.0265919802682535,0.15638636715459484,1.0228566678197704,0.8695288184743405,0.8664703006651755
orders_socket,orders,socket,mem,catalogue,user,0.157063161793913,1.0265919802682535,0.15638636715459484,1.0228566678197704,0.8695288184743405,0.8664703006651755
orders_socket,orders,socket,mem,catalogue,carts,0.157063161793913,1.0265919802682535,0.15638636715459484,1.0228566678197704,0.8695288184743405,0.8664703006651755
orders_socket,orders,socket,mem,catalogue,payment,0.157063161793913,1.0265919802682535,0.1540567154199726,0.9760427055739285,0.8695288184743405,0.8219859901539559
orders_socket,orders,socket,mem,catalogue,shipping,0.157063161793913,1.0265919802682535,0.15827650536823462,1.0055800534146035,0.8695288184743405,0.8473035480463689
orders_socket,orders,socket,mem,user,front-end,0.2525096406231007,0.39740537485980376,0.24973545050314358,0.4238049553207529,0.14489573423670304,0.17406950481760933
orders_socket,orders,socket,mem,user,catalogue,0.2525096406231007,0.39740537485980376,0.2525096406231007,0.39740537485980376,0.14489573423670304,0.14489573423670304
orders_socket,orders,socket,mem,user,carts,0.2525096406231007,0.39740537485980376,0.24911114273490015,0.46926264568390413,0.14489573423670304,0.22015150294900399
orders_socket,orders,socket,mem,user,payment,0.2525096406231007,0.39740537485980376,0.2525096406231007,0.39740537485980376,0.14489573423670304,0.14489573423670304
orders_socket,orders,socket,mem,user,shipping,0.2525096406231007,0.39740537485980376,0.25071158245226843,0.4326798956548725,0.14489573423670304,0.1819683132026041
orders_socket,orders,socket,mem,carts,front-end,0.014443616112067688,0.041076622084910114,0.014795910695075846,0.04081039203411422,0.026633005972842426,0.026014481339038373
orders_socket,orders,socket,mem,carts,catalogue,0.014443616112067688,0.041076622084910114,0.014795910695075846,0.04081039203411422,0.026633005972842426,0.026014481339038373
orders_socket,orders,socket,mem,carts,user,0.014443616112067688,0.041076622084910114,0.01461365250068286,0.043792941467118485,0.026633005972842426,0.029179288966435624
orders_socket,orders,socket,mem,carts,payment,0.014443616112067688,0.041076622084910114,0.014795910695075846,0.04081039203411422,0.026633005972842426,0.026014481339038373
orders_socket,orders,socket,mem,carts,shipping,0.014443616112067688,0.041076622084910114,0.014307708095092082,0.03745413455744698,0.026633005972842426,0.023146426462354895
orders_socket,orders,socket,mem,payment,front-end,0.3881772022983404,0.24621506958359116,0.3881772022983404,0.24621506958359116,-0.14196213271474925,-0.14196213271474925
orders_socket,orders,socket,mem,payment,catalogue,0.3881772022983404,0.24621506958359116,0.37016470338247687,0.5949226688796229,-0.14196213271474925,0.224757965497146
orders_socket,orders,socket,mem,payment,user,0.3881772022983404,0.24621506958359116,0.3881772022983404,0.24621506958359116,-0.14196213271474925,-0.14196213271474925
orders_socket,orders,socket,mem,payment,carts,0.3881772022983404,0.24621506958359116,0.3881772022983404,0.24621506958359116,-0.14196213271474925,-0.14196213271474925
orders_socket,orders,socket,mem,payment,shipping,0.3881772022983404,0.24621506958359116,0.3881772022983404,0.24621506958359116,-0.14196213271474925,-0.14196213271474925
orders_socket,orders,socket,mem,shipping,front-end,0.0007487498031079475,0.0012731544159266706,0.0007693009050434,0.0012359522251308543,0.0005244046128187231,0.00046665132008745426
orders_socket,orders,socket,mem,shipping,catalogue,0.0007487498031079475,0.0012731544159266706,0.0008181856847671675,0.0011595713281156274,0.0005244046128187231,0.00034138564334845994
orders_socket,orders,socket,mem,shipping,user,0.0007487498031079475,0.0012731544159266706,0.0008186873061686649,0.0013876293966806634,0.0005244046128187231,0.0005689420905119985
orders_socket,orders,socket,mem,shipping,carts,0.0007487498031079475,0.0012731544159266706,0.000795756007379542,0.0011872838024093208,0.0005244046128187231,0.0003915277950297788
orders_socket,orders,socket,mem,shipping,payment,0.0007487498031079475,0.0012731544159266706,0.0008227121596711126,0.0012829542608779891,0.0005244046128187231,0.00046024210120687657
orders_socket,orders,socket,cpu,front-end,catalogue,8.444936469115087,7.023636481590979,8.369796516008362,6.999680177180783,-1.4212999875241072,-1.3701163388275797
orders_socket,orders,socket,cpu,front-end,user,8.444936469115087,7.023636481590979,8.482247335239009,7.057447652093438,-1.4212999875241072,-1.4247996831455714
orders_socket,orders,socket,cpu,front-end,carts,8.444936469115087,7.023636481590979,8.394664256604514,7.107840740320954,-1.4212999875241072,-1.28682351628356
orders_socket,orders,socket,cpu,front-end,payment,8.444936469115087,7.023636481590979,8.476015023674638,7.070436092489002,-1.4212999875241072,-1.4055789311856355
orders_socket,orders,socket,cpu,front-end,shipping,8.444936469115087,7.023636481590979,8.47467941996083,7.086197800527791,-1.4212999875241072,-1.3884816194330396
orders_socket,orders,socket,cpu,catalogue,front-end,9.213441573443085,7.089967358262841,9.169083491498228,7.005245306021861,-2.1234742151802433,-2.163838185476367
orders_socket,orders,socket,cpu,catalogue,user,9.213441573443085,7.089967358262841,9.229410285526402,7.075917727251896,-2.1234742151802433,-2.1534925582745066
orders_socket,orders,socket,cpu,catalogue,carts,9.213441573443085,7.089967358262841,9.211698073574174,7.1159230278017125,-2.1234742151802433,-2.095775045772462
orders_socket,orders,socket,cpu,catalogue,payment,9.213441573443085,7.089967358262841,9.200352138952839,7.083464641355584,-2.1234742151802433,-2.116887497597255
orders_socket,orders,socket,cpu,catalogue,shipping,9.213441573443085,7.089967358262841,9.095070889459361,7.1474206808637515,-2.1234742151802433,-1.9476502085956096
orders_socket,orders,socket,cpu,user,front-end,10.411324770426637,9.729006149215891,10.420758169955407,9.700424453701537,-0.6823186212107455,-0.7203337162538705
orders_socket,orders,socket,cpu,user,catalogue,10.411324770426637,9.729006149215891,10.376137803677738,9.742748581441766,-0.6823186212107455,-0.6333892222359712
orders_socket,orders,socket,cpu,user,carts,10.411324770426637,9.729006149215891,10.456029631486635,9.835971006551372,-0.6823186212107455,-0.6200586249352629
orders_socket,orders,socket,cpu,user,payment,10.411324770426637,9.729006149215891,10.187688231180704,9.17139291366727,-0.6823186212107455,-1.0162953175134337
orders_socket,orders,socket,cpu,user,shipping,10.411324770426637,9.729006149215891,10.411324770426637,9.729006149215891,-0.6823186212107455,-0.6823186212107455
orders_socket,orders,socket,cpu,carts,front-end,10.384283240417785,7.371416395215022,10.227140700363481,7.350554048008073,-3.0128668452027636,-2.8765866523554084
orders_socket,orders,socket,cpu,carts,catalogue,10.384283240417785,7.371416395215022,10.389528891863755,7.336965055155914,-3.0128668452027636,-3.052563836707841
orders_socket,orders,socket,cpu,carts,user,10.384283240417785,7.371416395215022,10.364783071484002,7.561566687866817,-3.0128668452027636,-2.803216383617185
orders_socket,orders,socket,cpu,carts,payment,10.384283240417785,7.371416395215022,10.354041862723358,7.684603035992881,-3.0128668452027636,-2.6694388267304774
orders_socket,orders,socket,cpu,carts,shipping,10.384283240417785,7.371416395215022,10.419836701480168,7.347623908597944,-3.0128668452027636,-3.0722127928822243
orders_socket,orders,socket,cpu,payment,front-end,8.848237927221103,12.443787997605305,8.894856111570526,12.404015091467055,3.5955500703842027,3.5091589798965295
orders_socket,orders,socket,cpu,payment,catalogue,8.848237927221103,12.443787997605305,8.896756559844906,12.410369079238174,3.5955500703842027,3.513612519393268
orders_socket,orders,socket,cpu,payment,user,8.848237927221103,12.443787997605305,8.752751538876941,12.089208937287644,3.5955500703842027,3.336457398410703
orders_socket,orders,socket,cpu,payment,carts,8.848237927221103,12.443787997605305,8.909966904757551,12.482124702938888,3.5955500703842027,3.572157798181337
orders_socket,orders,socket,cpu,payment,shipping,8.848237927221103,12.443787997605305,8.896756559844906,12.410369079238174,3.5955500703842027,3.513612519393268
orders_socket,orders,socket,cpu,shipping,front-end,55.676389922559586,49.60037287697562,57.029477041978524,49.336020316338015,-6.076017045583967,-7.693456725640509
orders_socket,orders,socket,cpu,shipping,catalogue,55.676389922559586,49.60037287697562,57.4868428395644,51.25046292351622,-6.076017045583967,-6.236379916048186
orders_socket,orders,socket,cpu,shipping,user,55.676389922559586,49.60037287697562,57.02931192644891,49.3225329101111,-6.076017045583967,-7.706779016337812
orders_socket,orders,socket,cpu,shipping,carts,55.676389922559586,49.60037287697562,57.02931192644891,49.3225329101111,-6.076017045583967,-7.706779016337812
orders_socket,orders,socket,cpu,shipping,payment,55.676389922559586,49.60037287697562,57.02931192644891,49.3225329101111,-6.076017045583967,-7.706779016337812
orders_socket,orders,socket,mem,front-end,catalogue,3.796170512470348,3.77742821102005,3.8335278150059966,3.6266297606869564,-0.018742301450298093,-0.20689805431904018
orders_socket,orders,socket,mem,front-end,user,3.796170512470348,3.77742821102005,3.8102271707271527,3.7590210541246423,-0.018742301450298093,-0.0512061166025104
orders_socket,orders,socket,mem,front-end,carts,3.796170512470348,3.77742821102005,3.8102271707271527,3.7590210541246423,-0.018742301450298093,-0.0512061166025104
orders_socket,orders,socket,mem,front-end,payment,3.796170512470348,3.77742821102005,3.813833196719825,3.788713588844754,-0.018742301450298093,-0.02511960787507128
orders_socket,orders,socket,mem,front-end,shipping,3.796170512470348,3.77742821102005,3.8102271707271527,3.7590210541246423,-0.018742301450298093,-0.0512061166025104
orders_socket,orders,socket,mem,catalogue,front-end,0.21579781004189472,0.8002698131173592,0.21371945939359696,0.79923387172118,0.5844720030754645,0.5855144123275831
orders_socket,orders,socket,mem,catalogue,user,0.21579781004189472,0.8002698131173592,0.21579781004189472,0.8002698131173592,0.5844720030754645,0.5844720030754645
orders_socket,orders,socket,mem,catalogue,carts,0.21579781004189472,0.8002698131173592,0.2118618747749416,0.8028081199432966,0.5844720030754645,0.590946245168355
orders_socket,orders,socket,mem,catalogue,payment,0.21579781004189472,0.8002698131173592,0.19348668032186556,0.8011382759435087,0.5844720030754645,0.6076515956216432
orders_socket,orders,socket,mem,catalogue,shipping,0.21579781004189472,0.8002698131173592,0.21579781004189472,0.8002698131173592,0.5844720030754645,0.5844720030754645
orders_socket,orders,socket,mem,user,front-end,0.3926945538488582,1.6385820891097354,0.3953798803782643,1.6401982461315658,1.2458875352608771,1.2448183657533014
orders_socket,orders,socket,mem,user,catalogue,0.3926945538488582,1.6385820891097354,0.3953798803782643,1.6401982461315658,1.2458875352608771,1.2448183657533014
orders_socket,orders,socket,mem,user,carts,0.3926945538488582,1.6385820891097354,0.3878638105037595,1.6158200870950408,1.2458875352608771,1.2279562765912813
orders_socket,orders,socket,mem,user,payment,0.3926945538488582,1.6385820891097354,0.3953798803782643,1.6401982461315658,1.2458875352608771,1.2448183657533014
orders_socket,orders,socket,mem,user,shipping,0.3926945538488582,1.6385820891097354,0.3911091649952167,1.7186014684088848,1.2458875352608771,1.327492303413668
orders_socket,orders,socket,mem,carts,front-end,0.018141046886212226,0.022098638976858948,0.018141046886212226,0.022098638976858948,0.003957592090646722,0.003957592090646722
orders_socket,orders,socket,mem,carts,catalogue,0.018141046886212226,0.022098638976858948,0.01895691298930824,0.036511233481664164,0.003957592090646722,0.017554320492355925
orders_socket,orders,socket,mem,carts,user,0.018141046886212226,0.022098638976858948,0.013765309339687339,0.014961526200643149,0.003957592090646722,0.00119621686095581
orders_socket,orders,socket,mem,carts,payment,0.018141046886212226,0.022098638976858948,0.01727599653668697,0.016799877369505698,0.003957592090646722,-0.00047611916718127284
orders_socket,orders,socket,mem,carts,shipping,0.018141046886212226,0.022098638976858948,0.018141046886212226,0.022098638976858948,0.003957592090646722,0.003957592090646722
orders_socket,orders,socket,mem,payment,front-end,0.9161106053094352,1.2910036799954163,0.9132860350961778,1.2923647157112155,0.3748930746859811,0.3790786806150377
orders_socket,orders,socket,mem,payment,catalogue,0.9161106053094352,1.2910036799954163,0.806331320062395,1.944387899420547,0.3748930746859811,1.1380565793581519
orders_socket,orders,socket,mem,payment,user,0.9161106053094352,1.2910036799954163,0.9161106053094352,1.2910036799954163,0.3748930746859811,0.3748930746859811
orders_socket,orders,socket,mem,payment,carts,0.9161106053094352,1.2910036799954163,0.9174150236955654,1.2592064897641304,0.3748930746859811,0.34179146606856503
orders_socket,orders,socket,mem,payment,shipping,0.9161106053094352,1.2910036799954163,0.9161106053094352,1.2910036799954163,0.3748930746859811,0.3748930746859811
orders_socket,orders,socket,mem,shipping,front-end,0.13107059204925706,0.19111135150597228,0.13107059204925706,0.19111135150597228,0.06004075945671522,0.06004075945671522
orders_socket,orders,socket,mem,shipping,catalogue,0.13107059204925706,0.19111135150597228,0.13107059204925706,0.19111135150597228,0.06004075945671522,0.06004075945671522
orders_socket,orders,socket,mem,shipping,user,0.13107059204925706,0.19111135150597228,0.1275935185940992,0.270156683045883,0.06004075945671522,0.14256316445178377
orders_socket,orders,socket,mem,shipping,carts,0.13107059204925706,0.19111135150597228,0.13107059204925706,0.19111135150597228,0.06004075945671522,0.06004075945671522
orders_socket,orders,socket,mem,shipping,payment,0.13107059204925706,0.19111135150597228,0.13107059204925706,0.19111135150597228,0.06004075945671522,0.06004075945671522
orders_socket,orders,socket,cpu,front-end,catalogue,7.827631320352705,6.771837687255543,7.790774224857144,6.882530986201564,-1.0557936330971618,-0.9082432386555803
orders_socket,orders,socket,cpu,front-end,user,7.827631320352705,6.771837687255543,7.908190794919828,6.956619106063817,-1.0557936330971618,-0.9515716888560108
orders_socket,orders,socket,cpu,front-end,carts,7.827631320352705,6.771837687255543,7.899875196862134,6.943303081413029,-1.0557936330971618,-0.9565721154491049
orders_socket,orders,socket,cpu,front-end,payment,7.827631320352705,6.771837687255543,7.819481947479888,7.747643437278107,-1.0557936330971618,-0.07183851020178089
orders_socket,orders,socket,cpu,front-end,shipping,7.827631320352705,6.771837687255543,7.9125752817694055,7.198436003782732,-1.0557936330971618,-0.7141392779866731
orders_socket,orders,socket,cpu,catalogue,front-end,9.100778282958824,7.125071097845565,8.978861410022823,7.063625967253946,-1.9757071851132597,-1.9152354427688767
orders_socket,orders,socket,cpu,catalogue,user,9.100778282958824,7.125071097845565,8.956580076847063,6.988698768056814,-1.9757071851132597,-1.9678813087902487
orders_socket,orders,socket,cpu,catalogue,carts,9.100778282958824,7.125071097845565,8.916007899483008,8.08725110272567,-1.9757071851132597,-0.8287567967573377
orders_socket,orders,socket,cpu,catalogue,payment,9.100778282958824,7.125071097845565,9.041598448181661,7.150128434543788,-1.9757071851132597,-1.891470013637873
orders_socket,orders,socket,cpu,catalogue,shipping,9.100778282958824,7.125071097845565,9.100778282958824,7.125071097845565,-1.9757071851132597,-1.9757071851132597
orders_socket,orders,socket,cpu,user,front-end,7.622556061852606,7.417334563993462,7.404564393957297,7.617595412475876,-0.205221497859144,0.21303101851857953
orders_socket,orders,socket,cpu,user,catalogue,7.622556061852606,7.417334563993462,7.646851675979903,7.413351086566268,-0.205221497859144,-0.2335005894136346
orders_socket,orders,socket,cpu,user,carts,7.622556061852606,7.417334563993462,7.41944683432728,8.885978146249553,-0.205221497859144,1.4665313119222727
orders_socket,orders,socket,cpu,user,payment,7.622556061852606,7.417334563993462,7.510744435468718,7.1046401943767865,-0.205221497859144,-0.40610424109193133
orders_socket,orders,socket,cpu,user,shipping,7.622556061852606,7.417334563993462,7.622484986689962,7.418160538279932,-0.205221497859144,-0.20432444841002972
orders_socket,orders,socket,cpu,carts,front-end,15.502307019698039,24.216549397482538,15.511671884577144,24.10467550371108,8.7142423777845,8.593003619133935
orders_socket,orders,socket,cpu,carts,catalogue,15.502307019698039,24.216549397482538,15.574534998746595,23.750276435508777,8.7142423777845,8.175741436762182
orders_socket,orders,socket,cpu,carts,user,15.502307019698039,24.216549397482538,15.63456279127317,26.296909184443713,8.7142423777845,10.662346393170543
orders_socket,orders,socket,cpu,carts,payment,15.502307019698039,24.216549397482538,15.352059306085621,25.092754642099486,8.7142423777845,9.740695336013864
orders_socket,orders,socket,cpu,carts,shipping,15.502307019698039,24.216549397482538,15.511671884577144,24.10467550371108,8.7142423777845,8.593003619133935
orders_socket,orders,socket,cpu,payment,front-end,8.35785962728431,10.772750271490953,8.034981619025096,11.245051621001965,2.4148906442066433,3.2100700019768684
orders_socket,orders,socket,cpu,payment,catalogue,8.35785962728431,10.772750271490953,8.345808182536164,10.829299488851829,2.4148906442066433,2.483491306315665
orders_socket,orders,socket,cpu,payment,user,8.35785962728431,10.772750271490953,8.247883251352459,10.593752363175996,2.4148906442066433,2.3458691118235375
orders_socket,orders,socket,cpu,payment,carts,8.35785962728431,10.772750271490953,8.275863514949883,10.866181935879489,2.4148906442066433,2.5903184209296057
orders_socket,orders,socket,cpu,payment,shipping,8.35785962728431,10.772750271490953,8.238716228703465,10.877066777051187,2.4148906442066433,2.638350548347722
orders_socket,orders,socket,cpu,shipping,front-end,79.69161592239985,99.17487761969802,81.08764297313314,99.02048458115674,19.483261697298175,17.932841608023594
orders_socket,orders,socket,cpu,shipping,catalogue,79.69161592239985,99.17487761969802,81.92062983987506,98.65456642365149,19.483261697298175,16.733936583776426
orders_socket,orders,socket,cpu,shipping,user,79.69161592239985,99.17487761969802,81.92062983987506,98.65456642365149,19.483261697298175,16.733936583776426
orders_socket,orders,socket,cpu,shipping,carts,79.69161592239985,99.17487761969802,81.92062983987506,98.65456642365149,19.483261697298175,16.733936583776426
orders_socket,orders,socket,cpu,shipping,payment,79.69161592239985,99.17487761969802,80.80844766579045,106.40518922284589,19.483261697298175,25.596741557055438
orders_socket,orders,socket,mem,front-end,catalogue,5.220633455847013,3.653000153217957,5.334191646518955,3.651163450507333,-1.5676333026290559,-1.6830281960116222
orders_socket,orders,socket,mem,front-end,user,5.220633455847013,3.653000153217957,5.279722421863438,3.75818075691653,-1.5676333026290559,-1.5215416649469078
orders_socket,orders,socket,mem,front-end,carts,5.220633455847013,3.653000153217957,5.279093975679829,3.6127983946462905,-1.5676333026290559,-1.6662955810335385
orders_socket,orders,socket,mem,front-end,payment,5.220633455847013,3.653000153217957,5.39012283774001,4.570060613040082,-1.5676333026290559,-0.8200622246999281
orders_socket,orders,socket,mem,front-end,shipping,5.220633455847013,3.653000153217957,5.279093975679829,3.6127983946462905,-1.5676333026290559,-1.6662955810335385
orders_socket,orders,socket,mem,catalogue,front-end,0.41258915319324907,0.5919880155577145,0.40896263722754683,0.5866527955699304,0.17939886236446545,0.1776901583423836
orders_socket,orders,socket,mem,catalogue,user,0.41258915319324907,0.5919880155577145,0.4212800783492337,0.5910779613801875,0.17939886236446545,0.16979788303095383
orders_socket,orders,socket,mem,catalogue,carts,0.41258915319324907,0.5919880155577145,0.42071466096721594,0.662228224010232,0.17939886236446545,0.24151356304301602
orders_socket,orders,socket,mem,catalogue,payment,0.41258915319324907,0.5919880155577145,0.4212800783492337,0.5910779613801875,0.17939886236446545,0.16979788303095383
orders_socket,orders,socket,mem,catalogue,shipping,0.41258915319324907,0.5919880155577145,0.4230376026821804,0.5730914264802613,0.17939886236446545,0.15005382379808097
orders_socket,orders,socket,mem,user,front-end,0.49155384479566766,0.36632054863100827,0.4427654946500389,0.40241289273766045,-0.1252332961646594,-0.04035260191237844
orders_socket,orders,socket,mem,user,catalogue,0.49155384479566766,0.36632054863100827,0.49583340929150577,0.36152885239791166,-0.1252332961646594,-0.1343045568935941
orders_socket,orders,socket,mem,user,carts,0.49155384479566766,0.36632054863100827,0.49583340929150577,0.36152885239791166,-0.1252332961646594,-0.1343045568935941
orders_socket,orders,socket,mem,user,payment,0.49155384479566766,0.36632054863100827,0.286519843204336,2.44694713662983,-0.1252332961646594,2.160427293425494
orders_socket,orders,socket,mem,user,shipping,0.49155384479566766,0.36632054863100827,0.45384551147168933,0.6561195760686706,-0.1252332961646594,0.20227406459698122
orders_socket,orders,socket,mem,carts,front-end,0.04986642786755114,0.2149292804075412,0.04986642786755114,0.2149292804075412,0.16506285253999006,0.16506285253999006
orders_socket,orders,socket,mem,carts,catalogue,0.04986642786755114,0.2149292804075412,0.047446682006130426,0.20611642619616857,0.16506285253999006,0.15866974419003815
orders_socket,orders,socket,mem,carts,user,0.04986642786755114,0.2149292804075412,0.04986642786755114,0.2149292804075412,0.16506285253999006,0.16506285253999006
orders_socket,orders,socket,mem,carts,payment,0.04986642786755114,0.2149292804075412,0.04986642786755114,0.2149292804075412,0.16506285253999006,0.16506285253999006
orders_socket,orders,socket,mem,carts,shipping,0.04986642786755114,0.2149292804075412,0.04986642786755114,0.2149292804075412,0.16506285253999006,0.16506285253999006
orders_socket,orders,socket,mem,payment,front-end,0.07545018250733031,0.5203625703534674,0.07387527388221989,0.5179949497018326,0.4449123878461371,0.4441196758196127
orders_socket,orders,socket,mem,payment,catalogue,0.07545018250733031,0.5203625703534674,0.07545018250733031,0.5203625703534674,0.4449123878461371,0.4449123878461371
orders_socket,orders,socket,mem,payment,user,0.07545018250733031,0.5203625703534674,0.048554064962097555,0.5676452107148632,0.4449123878461371,0.5190911457527656
orders_socket,orders,socket,mem,payment,carts,0.07545018250733031,0.5203625703534674,0.07545018250733031,0.5203625703534674,0.4449123878461371,0.4449123878461371
orders_socket,orders,socket,mem,payment,shipping,0.07545018250733031,0.5203625703534674,0.07805703602567148,0.49333126606535244,0.4449123878461371,0.41527423003968095
orders_socket,orders,socket,mem,shipping,front-end,0.08855193161746876,0.1773136268217374,0.08868615870113006,0.17753948475845127,0.08876169520426865,0.08885332605732121
orders_socket,orders,socket,mem,shipping,catalogue,0.08855193161746876,0.1773136268217374,0.08928611734387593,0.17422201401105253,0.08876169520426865,0.0849358966671766
orders_socket,orders,socket,mem,shipping,user,0.08855193161746876,0.1773136268217374,0.08338924978524442,0.19758753344121466,0.08876169520426865,0.11419828365597023
orders_socket,orders,socket,mem,shipping,carts,0.08855193161746876,0.1773136268217374,0.08868615870113006,0.17753948475845127,0.08876169520426865,0.08885332605732121
orders_socket,orders,socket,mem,shipping,payment,0.08855193161746876,0.1773136268217374,0.08634758331127032,0.09744324817956014,0.08876169520426865,0.01109566486828982
payment_cpu,payment,cpu,cpu,front-end,catalogue,7.158004886512476,6.9488263089134525,7.1389353842452845,7.032046748088258,-0.20917857759902336,-0.10688863615702626
payment_cpu,payment,cpu,cpu,front-end,user,7.158004886512476,6.9488263089134525,7.269040458112125,7.1104298930810685,-0.20917857759902336,-0.15861056503105608
payment_cpu,payment,cpu,cpu,front-end,carts,7.158004886512476,6.9488263089134525,7.175199196707722,7.162413201964954,-0.20917857759902336,-0.012785994742768203
payment_cpu,payment,cpu,cpu,front-end,orders,7.158004886512476,6.9488263089134525,7.227173660223568,7.081228900663855,-0.20917857759902336,-0.14594475955971298
payment_cpu,payment,cpu,cpu,front-end,shipping,7.158004886512476,6.9488263089134525,7.28310987702136,7.094460555322144,-0.20917857759902336,-0.18864932169921644
payment_cpu,payment,cpu,cpu,catalogue,front-end,5.587259514644851,7.136423963693436,5.570988425829901,7.132997984531038,1.5491644490485852,1.5620095587011367
payment_cpu,payment,cpu,cpu,catalogue,user,5.587259514644851,7.136423963693436,5.688855779642826,7.233505640198904,1.5491644490485852,1.5446498605560777
payment_cpu,payment,cpu,cpu,catalogue,carts,5.587259514644851,7.136423963693436,5.606312226523046,7.2192644305162705,1.5491644490485852,1.612952203993225
payment_cpu,payment,cpu,cpu,catalogue,orders,5.587259514644851,7.136423963693436,5.733911107197935,7.233401816220727,1.5491644490485852,1.4994907090227922
payment_cpu,payment,cpu,cpu,catalogue,shipping,5.587259514644851,7.136423963693436,5.7330636044183025,7.2373753434828085,1.5491644490485852,1.504311739064506
payment_cpu,payment,cpu,cpu,user,front-end,10.035618384074484,8.130420171875238,10.061443283768298,8.151339815287875,-1.9051982121992452,-1.9101034684804237
payment_cpu,payment,cpu,cpu,user,catalogue,10.035618384074484,8.130420171875238,10.078026546200837,8.217487299276016,-1.9051982121992452,-1.8605392469248212
payment_cpu,payment,cpu,cpu,user,carts,10.035618384074484,8.130420171875238,10.050983361097268,8.144025069791592,-1.9051982121992452,-1.906958291305676
payment_cpu,payment,cpu,cpu,user,orders,10.035618384074484,8.130420171875238,9.782964404907082,8.398885927048925,-1.9051982121992452,-1.3840784778581572
payment_cpu,payment,cpu,cpu,user,shipping,10.035618384074484,8.130420171875238,10.050983361097268,8.144025069791592,-1.9051982121992452,-1.906958291305676
payment_cpu,payment,cpu,cpu,carts,front-end,7.4656424604745615,10.727743246701886,7.365343930020364,10.558866280898908,3.2621007862273244,3.1935223508785437
payment_cpu,payment,cpu,cpu,carts,catalogue,7.4656424604745615,10.727743246701886,7.374597383206834,10.283431005579324,3.2621007862273244,2.90883362237249
payment_cpu,payment,cpu,cpu,carts,user,7.4656424604745615,10.727743246701886,7.477508838516278,10.493796222354407,3.2621007862273244,3.0162873838381286
payment_cpu,payment,cpu,cpu,carts,orders,7.4656424604745615,10.727743246701886,7.302067614915061,10.521733747797386,3.2621007862273244,3.219666132882325
payment_cpu,payment,cpu,cpu,carts,shipping,7.4656424604745615,10.727743246701886,7.477508838516278,10.493796222354407,3.2621007862273244,3.0162873838381286
payment_cpu,payment,cpu,cpu,orders,front-end,7.998249157181463,9.504491017704675,8.124976033459072,9.748954703360749,1.506241860523212,1.6239786699016765
payment_cpu,payment,cpu,cpu,orders,catalogue,7.998249157181463,9.504491017704675,8.06926785780696,9.814809886358965,1.506241860523212,1.7455420285520056
payment_cpu,payment,cpu,cpu,orders,user,7.998249157181463,9.504491017704675,7.970633782412008,9.994603867884157,1.506241860523212,2.0239700854721487
payment_cpu,payment,cpu,cpu,orders,carts,7.998249157181463,9.504491017704675,8.149786323311844,9.693697787765803,1.506241860523212,1.5439114644539593
payment_cpu,payment,cpu,cpu,orders,shipping,7.998249157181463,9.504491017704675,8.08926995936598,9.875086687966279,1.506241860523212,1.7858167286002988
payment_cpu,payment,cpu,cpu,shipping,front-end,16.720493392100757,15.975591487582602,16.69008784290527,15.66819242974219,-0.7449019045181551,-1.0218954131630813
payment_cpu,payment,cpu,cpu,shipping,catalogue,16.720493392100757,15.975591487582602,16.720493392100757,15.975591487582602,-0.7449019045181551,-0.7449019045181551
payment_cpu,payment,cpu,cpu,shipping,user,16.720493392100757,15.975591487582602,16.720493392100757,15.975591487582602,-0.7449019045181551,-0.7449019045181551
payment_cpu,payment,cpu,cpu,shipping,carts,16.720493392100757,15.975591487582602,16.720493392100757,15.975591487582602,-0.7449019045181551,-0.7449019045181551
payment_cpu,payment,cpu,cpu,shipping,orders,16.720493392100757,15.975591487582602,16.720493392100757,15.975591487582602,-0.7449019045181551,-0.7449019045181551
payment_cpu,payment,cpu,mem,front-end,catalogue,3.271226239666021,3.578992020515033,3.280081556333484,3.610317260744886,0.30776578084901196,0.3302357044114017
payment_cpu,payment,cpu,mem,front-end,user,3.271226239666021,3.578992020515033,3.2762822123208246,3.536202164255961,0.30776578084901196,0.2599199519351365
payment_cpu,payment,cpu,mem,front-end,carts,3.271226239666021,3.578992020515033,3.2762822123208246,3.536202164255961,0.30776578084901196,0.2599199519351365
payment_cpu,payment,cpu,mem,front-end,orders,3.271226239666021,3.578992020515033,3.277917732036676,3.525953493801077,0.30776578084901196,0.24803576176440068
payment_cpu,payment,cpu,mem,front-end,shipping,3.271226239666021,3.578992020515033,3.278297671680782,3.5457135983934287,0.30776578084901196,0.2674159267126468
payment_cpu,payment,cpu,mem,catalogue,front-end,0.10504131315141982,0.3176048582732444,0.10684176183988008,0.3184702452214132,0.2125635451218246,0.21162848338153312
payment_cpu,payment,cpu,mem,catalogue,user,0.10504131315141982,0.3176048582732444,0.09620317407677986,0.2249494683815449,0.2125635451218246,0.12874629430476503
payment_cpu,payment,cpu,mem,catalogue,carts,0.10504131315141982,0.3176048582732444,0.10701134562384007,0.31902992958824766,0.2125635451218246,0.2120185839644076
payment_cpu,payment,cpu,mem,catalogue,orders,0.10504131315141982,0.3176048582732444,0.08970972603792596,0.2886994354430959,0.2125635451218246,0.19898970940516994
payment_cpu,payment,cpu,mem,catalogue,shipping,0.10504131315141982,0.3176048582732444,0.08891509533392211,0.24559587595905982,0.2125635451218246,0.1566807806251377
payment_cpu,payment,cpu,mem,user,front-end,0.09696913769130099,0.33188713120814195,0.09802632135378901,0.3314985618446345,0.23491799351684095,0.23347224049084547
payment_cpu,payment,cpu,mem,user,catalogue,0.09696913769130099,0.33188713120814195,0.09153496497082632,0.23563219109342107,0.23491799351684095,0.14409722612259473
payment_cpu,payment,cpu,mem,user,carts,0.09696913769130099,0.33188713120814195,0.09802632135378901,0.3314985618446345,0.23491799351684095,0.23347224049084547
payment_cpu,payment,cpu,mem,user,orders,0.09696913769130099,0.33188713120814195,0.09465701369278794,0.2778331802364835,0.23491799351684095,0.18317616654369556
payment_cpu,payment,cpu,mem,user,shipping,0.09696913769130099,0.33188713120814195,0.08637128376515776,0.24868035811803402,0.23491799351684095,0.16230907435287625
payment_cpu,payment,cpu,mem,carts,front-end,0.00939968704140754,0.006299372726716015,0.009393897378363636,0.006296019412100845,-0.0031003143146915244,-0.003097877966262791
payment_cpu,payment,cpu,mem,carts,catalogue,0.00939968704140754,0.006299372726716015,0.009393897378363636,0.006296019412100845,-0.0031003143146915244,-0.003097877966262791
payment_cpu,payment,cpu,mem,carts,user,0.00939968704140754,0.006299372726716015,0.009393897378363636,0.006296019412100845,-0.0031003143146915244,-0.003097877966262791
payment_cpu,payment,cpu,mem,carts,orders,0.00939968704140754,0.006299372726716015,0.009393897378363636,0.006296019412100845,-0.0031003143146915244,-0.003097877966262791
payment_cpu,payment,cpu,mem,carts,shipping,0.00939968704140754,0.006299372726716015,0.009393897378363636,0.006296019412100845,-0.0031003143146915244,-0.003097877966262791
payment_cpu,payment,cpu,mem,orders,front-end,0.005712343301337221,0.01672734833903245,0.005784867858873164,0.016456598944556988,0.01101500503769523,0.010671731085683823
payment_cpu,payment,cpu,mem,orders,catalogue,0.005712343301337221,0.01672734833903245,0.005102809140363716,0.016541599573740712,0.01101500503769523,0.011438790433376995
payment_cpu,payment,cpu,mem,orders,user,0.005712343301337221,0.01672734833903245,0.005494119179052549,0.014287311202371155,0.01101500503769523,0.008793192023318606
payment_cpu,payment,cpu,mem,orders,carts,0.005712343301337221,0.01672734833903245,0.005777380764241302,0.016470652456868278,0.01101500503769523,0.010693271692626977
payment_cpu,payment,cpu,mem,orders,shipping,0.005712343301337221,0.01672734833903245,0.00538134756353855,0.014519696444895307,0.01101500503769523,0.009138348881356756
payment_cpu,payment,cpu,mem,shipping,front-end,0.0015069912028229844,0.002479889980139573,0.0015050160645459346,0.002475325799555135,0.0009728987773165887,0.0009703097350092006
payment_cpu,payment,cpu,mem,shipping,catalogue,0.0015069912028229844,0.002479889980139573,0.0012923714069602555,0.001423517300257353,0.0009728987773165887,0.00013114589329709758
payment_cpu,payment,cpu,mem,shipping,user,0.0015069912028229844,0.002479889980139573,0.0012911891764193694,0.0013657266784646528,0.0009728987773165887,7.453750204528334e-05
payment_cpu,payment,cpu,mem,shipping,carts,0.0015069912028229844,0.002479889980139573,0.0015069912028229844,0.002479889980139573,0.0009728987773165887,0.0009728987773165887
payment_cpu,payment,cpu,mem,shipping,orders,0.0015069912028229844,0.002479889980139573,0.0013684272102007387,0.0022248426587917337,0.0009728987773165887,0.000856415448590995
payment_cpu,payment,cpu,cpu,front-end,catalogue,10.610528353639358,7.476836671509404,10.610528353639358,7.476836671509404,-3.133691682129954,-3.133691682129954
payment_cpu,payment,cpu,cpu,front-end,user,10.610528353639358,7.476836671509404,10.373714392263482,7.37720702860451,-3.133691682129954,-2.9965073636589716
payment_cpu,payment,cpu,cpu,front-end,carts,10.610528353639358,7.48110637047955,10.610528353639358,7.48110637047955,-3.1294219831598085,-3.1294219831598085
payment_cpu,payment,cpu,cpu,front-end,orders,10.610528353639358,7.476836671509404,10.538925591746063,7.652134260890603,-3.133691682129954,-2.88679133085546
payment_cpu,payment,cpu,cpu,front-end,shipping,10.610528353639358,7.476836671509404,10.610528353639358,7.476836671509404,-3.133691682129954,-3.133691682129954
payment_cpu,payment,cpu,cpu,catalogue,front-end,8.500607153369646,7.558028548097536,8.942781771876517,7.397324894436565,-0.9425786052721099,-1.5454568774399515
payment_cpu,payment,cpu,cpu,catalogue,user,8.500607153369646,7.558028548097536,8.682672133884079,7.33896126354106,-0.9425786052721099,-1.3437108703430187
payment_cpu,payment,cpu,cpu,catalogue,carts,8.500607153369646,7.49492215490372,8.942781771876517,7.350389350542631,-1.0056849984659264,-1.5923924213338854
payment_cpu,payment,cpu,cpu,catalogue,orders,8.500607153369646,7.558028548097536,8.942781771876517,7.397324894436565,-0.9425786052721099,-1.5454568774399515
payment_cpu,payment,cpu,cpu,catalogue,shipping,8.500607153369646,7.558028548097536,8.942781771876517,7.397324894436565,-0.9425786052721099,-1.5454568774399515
payment_cpu,payment,cpu,cpu,user,front-end,8.386106138651863,7.31425040785873,8.516326745302576,7.285272056803753,-1.071855730793133,-1.2310546884988236
payment_cpu,payment,cpu,cpu,user,catalogue,8.386106138651863,7.31425040785873,8.388605204755837,7.4312455434655185,-1.071855730793133,-0.9573596612903188
payment_cpu,payment,cpu,cpu,user,carts,8.386106138651863,7.323010827919883,8.64585424074877,7.425544466877692,-1.0630953107319803,-1.2203097738710778
payment_cpu,payment,cpu,cpu,user,orders,8.386106138651863,7.31425040785873,8.64585424074877,7.419999046238085,-1.071855730793133,-1.225855194510685
payment_cpu,payment,cpu,cpu,user,shipping,8.386106138651863,7.31425040785873,8.502197995027785,7.988039024714948,-1.071855730793133,-0.5141589703128373
payment_cpu,payment,cpu,cpu,carts,front-end,24.849377983875442,32.3042583862089,26.542349207192196,31.531071849694165,7.454880402333458,4.988722642501969
payment_cpu,payment,cpu,cpu,carts,catalogue,24.849377983875442,32.3042583862089,26.542349207192196,31.531071849694165,7.454880402333458,4.988722642501969
payment_cpu,payment,cpu,cpu,carts,user,24.849377983875442,32.3042583862089,26.542349207192196,31.531071849694165,7.454880402333458,4.988722642501969
payment_cpu,payment,cpu,cpu,carts,orders,24.849377983875442,32.3042583862089,26.542349207192196,31.531071849694165,7.454880402333458,4.988722642501969
payment_cpu,payment,cpu,cpu,carts,shipping,24.849377983875442,32.3042583862089,25.593549106064316,29.193330605517108,7.454880402333458,3.599781499452792
payment_cpu,payment,cpu,cpu,orders,front-end,28.89579544939919,26.119146625420925,29.102452608390887,27.411960586764355,-2.7766488239782667,-1.6904920216265324
payment_cpu,payment,cpu,cpu,orders,catalogue,28.89579544939919,26.119146625420925,29.067842156058255,26.166079205243847,-2.7766488239782667,-2.9017629508144083
payment_cpu,payment,cpu,cpu,orders,user,28.89579544939919,26.119146625420925,29.067842156058255,26.166079205243847,-2.7766488239782667,-2.9017629508144083
payment_cpu,payment,cpu,cpu,orders,carts,28.89579544939919,26.12021491958587,29.067842156058255,26.169499686400126,-2.775580529813322,-2.898342469658129
payment_cpu,payment,cpu,cpu,orders,shipping,28.89579544939919,26.119146625420925,29.067842156058255,26.166079205243847,-2.7766488239782667,-2.9017629508144083
payment_cpu,payment,cpu,cpu,shipping,front-end,36.00618549903929,46.61206306004574,35.960792135912975,46.67047339576985,10.605877561006452,10.709681259856872
payment_cpu,payment,cpu,cpu,shipping,catalogue,36.00618549903929,46.61206306004574,35.960792135912975,46.67047339576985,10.605877561006452,10.709681259856872
payment_cpu,payment,cpu,cpu,shipping,user,36.00618549903929,46.61206306004574,35.79846917152501,47.34701199620701,10.605877561006452,11.548542824682002
payment_cpu,payment,cpu,cpu,shipping,carts,36.00618549903929,46.64494667109637,33.70385668243052,41.84335620918235,10.63876117205708,8.139499526751834
payment_cpu,payment,cpu,cpu,shipping,orders,36.00618549903929,46.61206306004574,35.960792135912975,46.67047339576985,10.605877561006452,10.709681259856872
payment_cpu,payment,cpu,mem,front-end,catalogue,3.3751347836224466,3.464924231414651,3.3751347836224466,3.464924231414651,0.08978944779220432,0.08978944779220432
payment_cpu,payment,cpu,mem,front-end,user,3.3751347836224466,3.464924231414651,3.3751347836224466,3.464924231414651,0.08978944779220432,0.08978944779220432
payment_cpu,payment,cpu,mem,front-end,carts,3.3751347836224466,3.464924231414651,3.3751347836224466,3.464924231414651,0.08978944779220432,0.08978944779220432
payment_cpu,payment,cpu,mem,front-end,orders,3.3751347836224466,3.464924231414651,3.324641543462434,3.68173322693264,0.08978944779220432,0.35709168347020626
payment_cpu,payment,cpu,mem,front-end,shipping,3.3751347836224466,3.464924231414651,3.3657294201340013,3.5151085341637396,0.08978944779220432,0.14937911402973825
payment_cpu,payment,cpu,mem,catalogue,front-end,0.300739900921499,1.1474702481279433,0.300739900921499,1.1474702481279433,0.8467303472064442,0.8467303472064442
payment_cpu,payment,cpu,mem,catalogue,user,0.300739900921499,1.1474702481279433,0.16174616423763308,0.2316052429153847,0.8467303472064442,0.06985907867775162
payment_cpu,payment,cpu,mem,catalogue,carts,0.300739900921499,1.1474702481279433,0.1575312649690142,0.4187468474696825,0.8467303472064442,0.2612155825006683
payment_cpu,payment,cpu,mem,catalogue,orders,0.300739900921499,1.1474702481279433,0.23393262848038424,0.5868340952189269,0.8467303472064442,0.3529014667385427
payment_cpu,payment,cpu,mem,catalogue,shipping,0.300739900921499,1.1474702481279433,0.29443091306946545,1.0818090847966753,0.8467303472064442,0.7873781717272098
payment_cpu,payment,cpu,mem,user,front-end,0.5891620159656391,3.6541366975379996,0.5891620159656391,3.6541366975379996,3.0649746815723606,3.0649746815723606
payment_cpu,payment,cpu,mem,user,catalogue,0.5891620159656391,3.6541366975379996,0.2986428522316284,1.4137243305399652,3.0649746815723606,1.1150814783083367
payment_cpu,payment,cpu,mem,user,carts,0.5891620159656391,3.6541366975379996,0.4269049413116374,2.1848382424155375,3.0649746815723606,1.7579333011039
payment_cpu,payment,cpu,mem,user,orders,0.5891620159656391,3.6541366975379996,0.5543619851274401,2.4957378029656496,3.0649746815723606,1.9413758178382094
payment_cpu,payment,cpu,mem,user,shipping,0.5891620159656391,3.6541366975379996,0.584896021820127,3.5572666704365976,3.0649746815723606,2.9723706486164705
payment_cpu,payment,cpu,mem,carts,front-end,0.42931788952127103,1.0428294855237643,0.42931788952127103,1.0428294855237643,0.6135115960024933,0.6135115960024933
payment_cpu,payment,cpu,mem,carts,catalogue,0.42931788952127103,1.0428294855237643,0.21631699500635326,0.2674013278420087,0.6135115960024933,0.051084332835655444
payment_cpu,payment,cpu,mem,carts,user,0.42931788952127103,1.0428294855237643,0.28293974567606567,0.28587921245310566,0.6135115960024933,0.0029394667770399896
payment_cpu,payment,cpu,mem,carts,orders,0.42931788952127103,1.0428294855237643,0.3294574704235431,0.34271912099189134,0.6135115960024933,0.013261650568348216
payment_cpu,payment,cpu,mem,carts,shipping,0.42931788952127103,1.0428294855237643,0.4255074331492064,0.9864950777630126,0.6135115960024933,0.5609876446138062
payment_cpu,payment,cpu,mem,orders,front-end,0.05664351858288111,0.17152065625322307,0.05627824332685731,0.1719180544787284,0.11487713767034197,0.1156398111518711
payment_cpu,payment,cpu,mem,orders,catalogue,0.05664351858288111,0.17152065625322307,0.04635860281161942,0.07135535584490611,0.11487713767034197,0.02499675303328669
payment_cpu,payment,cpu,mem,orders,user,0.05664351858288111,0.17152065625322307,0.04753994558372969,0.046532450543328774,0.11487713767034197,-0.0010074950404009159
payment_cpu,payment,cpu,mem,orders,carts,0.05664351858288111,0.17152065625322307,0.04374641195289154,0.08529017753165787,0.11487713767034197,0.04154376557876632
payment_cpu,payment,cpu,mem,orders,shipping,0.05664351858288111,0.17152065625322307,0.05442895433914523,0.16044784259407702,0.11487713767034197,0.10601888825493179
payment_cpu,payment,cpu,mem,shipping,front-end,0.1013242387552477,0.16118189586639545,0.10244946579426106,0.1613956524536977,0.05985765711114775,0.05894618665943663
payment_cpu,payment,cpu,mem,shipping,catalogue,0.1013242387552477,0.16118189586639545,0.10206723035449272,0.07503295181125577,0.05985765711114775,-0.02703427854323695
payment_cpu,payment,cpu,mem,shipping,user,0.1013242387552477,0.16118189586639545,0.10231557800479862,0.08361818793919601,0.05985765711114775,-0.018697390065602615
payment_cpu,payment,cpu,mem,shipping,carts,0.1013242387552477,0.16118189586639545,0.10306438952037195,0.1108886130873809,0.05985765711114775,0.007824223567008959
payment_cpu,payment,cpu,mem,shipping,orders,0.1013242387552477,0.16118189586639545,0.10202963071998519,0.07978131096076978,0.05985765711114775,-0.022248319759215415
payment_cpu,payment,cpu,cpu,front-end,catalogue,5.04528072049674,9.150127116823157,5.15671253879009,9.048434941388782,4.104846396326417,3.8917224025986927
payment_cpu,payment,cpu,cpu,front-end,user,5.04528072049674,9.150127116823157,5.157873724359918,9.112272026093763,4.104846396326417,3.9543983017338444
payment_cpu,payment,cpu,cpu,front-end,carts,5.04528072049674,9.150127116823157,5.181034761028023,9.07980569289515,4.104846396326417,3.8987709318671264
payment_cpu,payment,cpu,cpu,front-end,orders,5.04528072049674,9.150127116823157,5.181034761028023,9.07980569289515,4.104846396326417,3.8987709318671264
payment_cpu,payment,cpu,cpu,front-end,shipping,5.04528072049674,9.150127116823157,5.181379381773173,9.113937474605933,4.104846396326417,3.9325580928327604
payment_cpu,payment,cpu,cpu,catalogue,front-end,11.576512810847639,7.623468396401378,11.57730709259862,7.714329030662931,-3.9530444144462606,-3.8629780619356886
payment_cpu,payment,cpu,cpu,catalogue,user,11.576512810847639,7.623468396401378,11.581739396305906,7.642117356340246,-3.9530444144462606,-3.93962203996566
payment_cpu,payment,cpu,cpu,catalogue,carts,11.576512810847639,7.623468396401378,11.484374288561922,8.037520507644151,-3.9530444144462606,-3.4468537809177704
payment_cpu,payment,cpu,cpu,catalogue,orders,11.576512810847639,7.623468396401378,11.553713941716866,7.713868290213467,-3.9530444144462606,-3.839845651503399
payment_cpu,payment,cpu,cpu,catalogue,shipping,11.576512810847639,7.623468396401378,11.574649326631539,7.601851244226459,-3.9530444144462606,-3.9727980824050793
payment_cpu,payment,cpu,cpu,user,front-end,7.76177462270322,9.235767690139483,7.725144840779113,9.23530053632433,1.473993067436263,1.5101556955452162
payment_cpu,payment,cpu,cpu,user,catalogue,7.76177462270322,9.235767690139483,7.782067174171179,9.202818262669023,1.473993067436263,1.4207510884978438
payment_cpu,payment,cpu,cpu,user,carts,7.76177462270322,9.235767690139483,7.766090417436419,9.233642753959202,1.473993067436263,1.4675523365227834
payment_cpu,payment,cpu,cpu,user,orders,7.76177462270322,9.235767690139483,7.844132847438205,9.394515285295995,1.473993067436263,1.55038243785779
payment_cpu,payment,cpu,cpu,user,shipping,7.76177462270322,9.235767690139483,7.690870224403266,11.052728542838967,1.473993067436263,3.3618583184357007
payment_cpu,payment,cpu,cpu,carts,front-end,8.302286696616024,7.688401956787408,8.302286696616024,7.688401956787408,-0.6138847398286158,-0.6138847398286158
payment_cpu,payment,cpu,cpu,carts,catalogue,8.302286696616024,7.688401956787408,8.419818576255972,7.796544538653162,-0.6138847398286158,-0.6232740376028101
payment_cpu,payment,cpu,cpu,carts,user,8.302286696616024,7.688401956787408,8.215045374207284,7.707101235362044,-0.6138847398286158,-0.5079441388452395
payment_cpu,payment,cpu,cpu,carts,orders,8.302286696616024,7.688401956787408,8.292765034337489,8.62611715443302,-0.6138847398286158,0.3333521200955314
payment_cpu,payment,cpu,cpu,carts,shipping,8.302286696616024,7.688401956787408,8.302286696616024,7.688401956787408,-0.6138847398286158,-0.6138847398286158
payment_cpu,payment,cpu,cpu,orders,front-end,17.238597243216777,18.814893625354138,17.238597243216777,18.814893625354138,1.576296382137361,1.576296382137361
payment_cpu,payment,cpu,cpu,orders,catalogue,17.238597243216777,18.814893625354138,17.30279154728774,18.943716855215325,1.576296382137361,1.640925307927585
payment_cpu,payment,cpu,cpu,orders,user,17.238597243216777,18.814893625354138,17.209185898370833,18.60460820952418,1.576296382137361,1.3954223111533466
payment_cpu,payment,cpu,cpu,orders,carts,17.238597243216777,18.814893625354138,17.224717952079267,18.589464311956462,1.576296382137361,1.364746359877195
payment_cpu,payment,cpu,cpu,orders,shipping,17.238597243216777,18.814893625354138,17.238597243216777,18.814893625354138,1.576296382137361,1.576296382137361
payment_cpu,payment,cpu,cpu,shipping,front-end,26.664030062731293,31.68895102243225,26.656444316314964,31.50037351427441,5.024920959700957,4.843929197959447
payment_cpu,payment,cpu,cpu,shipping,catalogue,26.664030062731293,31.68895102243225,26.68875342398518,31.71423045401272,5.024920959700957,5.025477030027542
payment_cpu,payment,cpu,cpu,shipping,user,26.664030062731293,31.68895102243225,25.870403533742305,31.214501179489535,5.024920959700957,5.34409764574723
payment_cpu,payment,cpu,cpu,shipping,carts,26.664030062731293,31.68895102243225,26.664030062731293,31.68895102243225,5.024920959700957,5.024920959700957
payment_cpu,payment,cpu,cpu,shipping,orders,26.664030062731293,31.68895102243225,26.664030062731293,31.68895102243225,5.024920959700957,5.024920959700957
payment_cpu,payment,cpu,mem,front-end,catalogue,3.403258507816008,3.2674117402963123,3.403258507816008,3.2674117402963123,-0.1358467675196957,-0.1358467675196957
payment_cpu,payment,cpu,mem,front-end,user,3.403258507816008,3.2674117402963123,3.3880089971894662,3.4166136473968227,-0.1358467675196957,0.028604650207356475
payment_cpu,payment,cpu,mem,front-end,carts,3.403258507816008,3.2674117402963123,3.403258507816008,3.2674117402963123,-0.1358467675196957,-0.1358467675196957
payment_cpu,payment,cpu,mem,front-end,orders,3.403258507816008,3.2674117402963123,3.4032786273100606,3.268843160870691,-0.1358467675196957,-0.13443546643936966
payment_cpu,payment,cpu,mem,front-end,shipping,3.403258507816008,3.2674117402963123,3.3977232689676673,3.5124982645875678,-0.1358467675196957,0.11477499561990046
payment_cpu,payment,cpu,mem,catalogue,front-end,0.2145154492452478,1.2427207768704482,0.21765772928778312,1.2371066071110322,1.0282053276252006,1.0194488778232491
payment_cpu,payment,cpu,mem,catalogue,user,0.2145154492452478,1.2427207768704482,0.10296155466075141,0.7628933434653813,1.0282053276252006,0.6599317888046299
payment_cpu,payment,cpu,mem,catalogue,carts,0.2145154492452478,1.2427207768704482,0.09413902066081133,0.4644610856023553,1.0282053276252006,0.37032206494154396
payment_cpu,payment,cpu,mem,catalogue,orders,0.2145154492452478,1.2427207768704482,0.12904275464364898,0.7247241389299416,1.0282053276252006,0.5956813842862926
payment_cpu,payment,cpu,mem,catalogue,shipping,0.2145154492452478,1.2427207768704482,0.12645231555441103,0.6724675795939776,1.0282053276252006,0.5460152640395666
payment_cpu,payment,cpu,mem,user,front-end,0.3777827522244711,1.0918753385509716,0.3758775894029959,1.092000684533748,0.7140925863265005,0.716123095130752
payment_cpu,payment,cpu,mem,user,catalogue,0.3777827522244711,1.0918753385509716,0.18311003771377027,0.8992674821810227,0.7140925863265005,0.7161574444672525
payment_cpu,payment,cpu,mem,user,carts,0.3777827522244711,1.0918753385509716,0.1380550340176778,0.5362105495961401,0.7140925863265005,0.3981555155784623
payment_cpu,payment,cpu,mem,user,orders,0.3777827522244711,1.0918753385509716,0.23790431484695973,0.7419351468062373,0.7140925863265005,0.5040308319592776
payment_cpu,payment,cpu,mem,user,shipping,0.3777827522244711,1.0918753385509716,0.26341676442403394,0.436431206933645,0.7140925863265005,0.17301444250961107
payment_cpu,payment,cpu,mem,carts,front-end,0.14049647899293213,0.589318317173,0.1427593669810301,0.584987802148022,0.4488218381800678,0.44222843516699195
payment_cpu,payment,cpu,mem,carts,catalogue,0.14049647899293213,0.589318317173,0.061724883632663784,0.19533227759843783,0.4488218381800678,0.13360739396577404
payment_cpu,payment,cpu,mem,carts,user,0.14049647899293213,0.589318317173,0.05448604412310024,0.277858382370623,0.4488218381800678,0.22337233824752276
payment_cpu,payment,cpu,mem,carts,orders,0.14049647899293213,0.589318317173,0.0807055778481703,0.2971377284012507,0.4488218381800678,0.2164321505530804
payment_cpu,payment,cpu,mem,carts,shipping,0.14049647899293213,0.589318317173,0.08571011675619468,0.2550350328386996,0.4488218381800678,0.16932491608250494
payment_cpu,payment,cpu,mem,orders,front-end,0.09562123937066161,0.28001594716705963,0.0966715835920766,0.2781744744391185,0.18439470779639802,0.1815028908470419
payment_cpu,payment,cpu,mem,orders,catalogue,0.09562123937066161,0.28001594716705963,0.054698481783823596,0.18901797881189897,0.18439470779639802,0.13431949702807539
payment_cpu,payment,cpu,mem,orders,user,0.09562123937066161,0.28001594716705963,0.05731932618060627,0.2357730274520135,0.18439470779639802,0.17845370127140725
payment_cpu,payment,cpu,mem,orders,carts,0.09562123937066161,0.28001594716705963,0.054857827080695455,0.17073140996641917,0.18439470779639802,0.11587358288572372
payment_cpu,payment,cpu,mem,orders,shipping,0.09562123937066161,0.28001594716705963,0.045880363473129,0.2259175957543693,0.18439470779639802,0.1800372322812403
payment_cpu,payment,cpu,mem,shipping,front-end,0.06551498541055323,0.2277990185128606,0.06527626934633057,0.22774075675614214,0.16228403310230738,0.16246448740981156
payment_cpu,payment,cpu,mem,shipping,catalogue,0.06551498541055323,0.2277990185128606,0.04008520244168631,0.07047878266031804,0.16228403310230738,0.030393580218631727
payment_cpu,payment,cpu,mem,shipping,user,0.06551498541055323,0.2277990185128606,0.04733473421132745,0.13928148677303387,0.16228403310230738,0.09194675256170642
payment_cpu,payment,cpu,mem,shipping,carts,0.06551498541055323,0.2277990185128606,0.04228584281767788,0.09414386740569561,0.16228403310230738,0.05185802458801773
payment_cpu,payment,cpu,mem,shipping,orders,0.06551498541055323,0.2277990185128606,0.03867899116424068,0.1261382895939031,0.16228403310230738,0.08745929842966244
payment_delay,payment,delay,cpu,front-end,catalogue,8.03282147397081,11.286019903164528,8.002419853453615,11.28225720987055,3.253198429193718,3.2798373564169356
payment_delay,payment,delay,cpu,front-end,user,8.03282147397081,11.286019903164528,8.040681902440841,11.219445094257946,3.253198429193718,3.1787631918171044
payment_delay,payment,delay,cpu,front-end,carts,8.03282147397081,11.286019903164528,8.014820419560802,11.318360402550717,3.253198429193718,3.303539982989914
payment_delay,payment,delay,cpu,front-end,orders,8.03282147397081,11.286019903164528,7.931794358211039,11.323108494114088,3.253198429193718,3.391314135903049
payment_delay,payment,delay,cpu,front-end,shipping,8.03282147397081,11.286019903164528,8.027913001845407,11.241089911518017,3.253198429193718,3.21317690967261
payment_delay,payment,delay,cpu,catalogue,front-end,7.507412885700471,8.959955673094498,7.512490081435136,9.095157090696018,1.4525427873940275,1.5826670092608826
payment_delay,payment,delay,cpu,catalogue,user,7.507412885700471,8.959955673094498,7.511633070147298,9.127370779984483,1.4525427873940275,1.6157377098371848
payment_delay,payment,delay,cpu,catalogue,carts,7.507412885700471,8.959955673094498,7.511633070147298,9.127370779984483,1.4525427873940275,1.6157377098371848
payment_delay,payment,delay,cpu,catalogue,orders,7.507412885700471,8.959955673094498,7.4428892666319415,9.140900216344326,1.4525427873940275,1.6980109497123843
payment_delay,payment,delay,cpu,catalogue,shipping,7.507412885700471,8.959955673094498,7.391385490325554,8.812433546703017,1.4525427873940275,1.4210480563774635
payment_delay,payment,delay,cpu,user,front-end,6.942541502425112,8.643285412827268,7.594030595747116,8.72603519798734,1.7007439104021564,1.1320046022402241
payment_delay,payment,delay,cpu,user,catalogue,6.942541502425112,8.643285412827268,7.618642619820508,8.870652592393116,1.7007439104021564,1.2520099725726075
payment_delay,payment,delay,cpu,user,carts,6.942541502425112,8.643285412827268,7.5680427923656355,8.626029414197198,1.7007439104021564,1.0579866218315628
payment_delay,payment,delay,cpu,user,orders,6.942541502425112,8.643285412827268,7.3018344774466035,8.710982564572463,1.7007439104021564,1.4091480871258595
payment_delay,payment,delay,cpu,user,shipping,6.942541502425112,8.643285412827268,7.039790441281777,8.518446185057853,1.7007439104021564,1.4786557437760752
payment_delay,payment,delay,cpu,carts,front-end,6.151320273755855,7.914967304999747,6.521991476222615,7.982625267263615,1.7636470312438917,1.4606337910410003
payment_delay,payment,delay,cpu,carts,catalogue,6.151320273755855,7.914967304999747,6.521991476222615,7.982625267263615,1.7636470312438917,1.4606337910410003
payment_delay,payment,delay,cpu,carts,user,6.151320273755855,7.914967304999747,6.558894596322386,7.857097282426591,1.7636470312438917,1.2982026861042053
payment_delay,payment,delay,cpu,carts,orders,6.151320273755855,7.914967304999747,6.492504321484234,7.980383119403445,1.7636470312438917,1.487878797919211
payment_delay,payment,delay,cpu,carts,shipping,6.151320273755855,7.914967304999747,6.467633319893781,8.008139971407834,1.7636470312438917,1.540506651514053
payment_delay,payment,delay,cpu,orders,front-end,20.685315432457728,20.06277938511655,21.090932661557492,22.10517435717176,-0.6225360473411783,1.0142416956142668
payment_delay,payment,delay,cpu,orders,catalogue,20.685315432457728,20.06277938511655,20.564362702738855,19.539796297686827,-0.6225360473411783,-1.0245664050520276
payment_delay,payment,delay,cpu,orders,user,20.685315432457728,20.06277938511655,20.685829226459862,19.141471424662512,-0.6225360473411783,-1.54435780179735
payment_delay,payment,delay,cpu,orders,carts,20.685315432457728,20.06277938511655,20.631618422834272,19.68366108057429,-0.6225360473411783,-0.9479573422599827
payment_delay,payment,delay,cpu,orders,shipping,20.685315432457728,20.06277938511655,20.993705210476218,22.651041046480373,-0.6225360473411783,1.6573358360041546
payment_delay,payment,delay,cpu,shipping,front-end,9.827862138097537,9.504119879595457,9.884570541129564,9.495846754620281,-0.3237422585020795,-0.3887237865092832
payment_delay,payment,delay,cpu,shipping,catalogue,9.827862138097537,9.504119879595457,9.900308939254595,9.300014057214447,-0.3237422585020795,-0.6002948820401475
payment_delay,payment,delay,cpu,shipping,user,9.827862138097537,9.504119879595457,9.193698587875016,9.337888223129925,-0.3237422585020795,0.14418963525490902
payment_delay,payment,delay,cpu,shipping,carts,9.827862138097537,9.504119879595457,9.885572681290993,9.60664558945987,-0.3237422585020795,-0.2789270918311235
payment_delay,payment,delay,cpu,shipping,orders,9.827862138097537,9.504119879595457,9.572449628908092,9.88471020583438,-0.3237422585020795,0.3122605769262883
payment_delay,payment,delay,mem,front-end,catalogue,3.5843262624255843,4.008192745331775,3.5843262624255843,4.008192745331775,0.4238664829061909,0.4238664829061909
payment_delay,payment,delay,mem,front-end,user,3.5843262624255843,4.008192745331775,3.5843262624255843,4.008192745331775,0.4238664829061909,0.4238664829061909
payment_delay,payment,delay,mem,front-end,carts,3.5843262624255843,4.008192745331775,3.5843262624255843,4.008192745331775,0.4238664829061909,0.4238664829061909
payment_delay,payment,delay,mem,front-end,orders,3.5843262624255843,4.008192745331775,3.599123241472528,4.080305942491059,0.4238664829061909,0.4811827010185308
payment_delay,payment,delay,mem,front-end,shipping,3.5843262624255843,4.008192745331775,3.5843262624255843,4.008192745331775,0.4238664829061909,0.4238664829061909
payment_delay,payment,delay,mem,catalogue,front-end,0.21381705730175027,0.7402488889450328,0.21369922385446125,0.7401612630854845,0.5264318316432826,0.5264620392310232
payment_delay,payment,delay,mem,catalogue,user,0.21381705730175027,0.7402488889450328,0.21369922385446125,0.7401612630854845,0.5264318316432826,0.5264620392310232
payment_delay,payment,delay,mem,catalogue,carts,0.21381705730175027,0.7402488889450328,0.2008606009448544,0.7256845478059324,0.5264318316432826,0.524823946861078
payment_delay,payment,delay,mem,catalogue,orders,0.21381705730175027,0.7402488889450328,0.17994456001922096,0.7156843344906371,0.5264318316432826,0.5357397744714161
payment_delay,payment,delay,mem,catalogue,shipping,0.21381705730175027,0.7402488889450328,0.21285283457173376,0.729721601972755,0.5264318316432826,0.5168687674010213
payment_delay,payment,delay,mem,user,front-end,0.10916798597691779,0.15771122028336973,0.1094978954603749,0.15731864754006947,0.04854323430645194,0.047820752079694565
payment_delay,payment,delay,mem,user,catalogue,0.10916798597691779,0.15771122028336973,0.1094978954603749,0.15731864754006947,0.04854323430645194,0.047820752079694565
payment_delay,payment,delay,mem,user,carts,0.10916798597691779,0.15771122028336973,0.1094978954603749,0.15731864754006947,0.04854323430645194,0.047820752079694565
payment_delay,payment,delay,mem,user,orders,0.10916798597691779,0.15771122028336973,0.1094978954603749,0.15731864754006947,0.04854323430645194,0.047820752079694565
payment_delay,payment,delay,mem,user,shipping,0.10916798597691779,0.15771122028336973,0.1095048923143315,0.15630446481587312,0.04854323430645194,0.046799572501541625
payment_delay,payment,delay,mem,carts,front-end,0.017834051698753243,0.01983526863005146,0.017756759595494675,0.019847270320045764,0.0020012169312982157,0.0020905107245510895
payment_delay,payment,delay,mem,carts,catalogue,0.017834051698753243,0.01983526863005146,0.017749332796694117,0.020345412829995687,0.0020012169312982157,0.0025960800333015704
payment_delay,payment,delay,mem,carts,user,0.017834051698753243,0.01983526863005146,0.017756759595494675,0.019847270320045764,0.0020012169312982157,0.0020905107245510895
payment_delay,payment,delay,mem,carts,orders,0.017834051698753243,0.01983526863005146,0.01497319303249144,0.0191135448932673,0.0020012169312982157,0.004140351860775861
payment_delay,payment,delay,mem,carts,shipping,0.017834051698753243,0.01983526863005146,0.017756759595494675,0.019847270320045764,0.0020012169312982157,0.0020905107245510895
payment_delay,payment,delay,mem,orders,front-end,0.13004700754700743,0.16028235814777586,0.1275671768529701,0.1576535996494074,0.03023535060076843,0.030086422796437307
payment_delay,payment,delay,mem,orders,catalogue,0.13004700754700743,0.16028235814777586,0.11412673057783454,0.11761322151535147,0.03023535060076843,0.003486490937516934
payment_delay,payment,delay,mem,orders,user,0.13004700754700743,0.16028235814777586,0.13004700754700743,0.16028235814777586,0.03023535060076843,0.03023535060076843
payment_delay,payment,delay,mem,orders,carts,0.13004700754700743,0.16028235814777586,0.09217127687871458,0.1248050856276957,0.03023535060076843,0.032633808748981114
payment_delay,payment,delay,mem,orders,shipping,0.13004700754700743,0.16028235814777586,0.12991833871966155,0.15643175855066838,0.03023535060076843,0.02651341983100683
payment_delay,payment,delay,mem,shipping,front-end,0.0007170819188480649,0.0014855129953196965,0.0007170819188480649,0.0014855129953196965,0.0007684310764716316,0.0007684310764716316
payment_delay,payment,delay,mem,shipping,catalogue,0.0007170819188480649,0.0014855129953196965,0.0007126590004753298,0.0013964523539747348,0.0007684310764716316,0.000683793353499405
payment_delay,payment,delay,mem,shipping,user,0.0007170819188480649,0.0014855129953196965,0.0007178526160676113,0.0014804227121673372,0.0007684310764716316,0.0007625700960997259
payment_delay,payment,delay,mem,shipping,carts,0.0007170819188480649,0.0014855129953196965,0.0007170819188480649,0.0014855129953196965,0.0007684310764716316,0.0007684310764716316
payment_delay,payment,delay,mem,shipping,orders,0.0007170819188480649,0.0014855129953196965,0.0007145492004666635,0.001473439846510484,0.0007684310764716316,0.0007588906460438206
payment_delay,payment,delay,cpu,front-end,catalogue,5.1131586233136375,9.297765160211114,5.110295990589166,9.228256354130156,4.184606536897476,4.11796036354099
payment_delay,payment,delay,cpu,front-end,user,5.1131586233136375,9.297765160211114,5.117371840267899,9.26869579985832,4.184606536897476,4.15132395959042
payment_delay,payment,delay,cpu,front-end,carts,5.1131586233136375,9.297765160211114,5.101671367675998,9.310389998248821,4.184606536897476,4.2087186305728235
payment_delay,payment,delay,cpu,front-end,orders,5.1131586233136375,9.297765160211114,5.160572484062376,9.283832051961316,4.184606536897476,4.123259567898939
payment_delay,payment,delay,cpu,front-end,shipping,5.1131586233136375,9.297765160211114,5.062933030902315,9.257224372021335,4.184606536897476,4.194291341119021
payment_delay,payment,delay,cpu,catalogue,front-end,6.246645024338798,6.81254421501139,6.313198135995315,7.087034461658508,0.5658991906725923,0.7738363256631926
payment_delay,payment,delay,cpu,catalogue,user,6.246645024338798,6.81254421501139,6.333816113189621,7.159105356735343,0.5658991906725923,0.825289243545722
payment_delay,payment,delay,cpu,catalogue,carts,6.246645024338798,6.81254421501139,6.44361193295927,7.058727763661925,0.5658991906725923,0.6151158307026554
payment_delay,payment,delay,cpu,catalogue,orders,6.246645024338798,6.81254421501139,6.452271213505021,7.203459258499288,0.5658991906725923,0.751188044994267
payment_delay,payment,delay,cpu,catalogue,shipping,6.246645024338798,6.81254421501139,6.407306242880227,7.284609713205558,0.5658991906725923,0.8773034703253311
payment_delay,payment,delay,cpu,user,front-end,8.236903240625995,7.9243950287396085,8.217278555665148,7.906256629317119,-0.3125082118863869,-0.3110219263480287
payment_delay,payment,delay,cpu,user,catalogue,8.236903240625995,7.9243950287396085,8.223398839109821,7.946076007101799,-0.3125082118863869,-0.2773228320080223
payment_delay,payment,delay,cpu,user,carts,8.236903240625995,7.9243950287396085,8.077024021669104,7.940252548123965,-0.3125082118863869,-0.13677147354513863
payment_delay,payment,delay,cpu,user,orders,8.236903240625995,7.9243950287396085,8.20624598658908,7.902813097333697,-0.3125082118863869,-0.30343288925538303
payment_delay,payment,delay,cpu,user,shipping,8.236903240625995,7.9243950287396085,8.147685137956472,8.195861771226639,-0.3125082118863869,0.04817663327016675
payment_delay,payment,delay,cpu,carts,front-end,7.788478333590114,7.3224929486751895,7.680721760309098,7.715617957248345,-0.4659853849149247,0.03489619693924784
payment_delay,payment,delay,cpu,carts,catalogue,7.788478333590114,7.3224929486751895,7.742458835050166,7.44140899477303,-0.4659853849149247,-0.30104984027713577
payment_delay,payment,delay,cpu,carts,user,7.788478333590114,7.3224929486751895,7.644951371717326,7.638657734224398,-0.4659853849149247,-0.006293637492928106
payment_delay,payment,delay,cpu,carts,orders,7.788478333590114,7.3224929486751895,7.775598684111168,7.589869594070208,-0.4659853849149247,-0.18572909004095983
payment_delay,payment,delay,cpu,carts,shipping,7.788478333590114,7.3224929486751895,7.6559726591107715,8.232972554523148,-0.4659853849149247,0.5769998954123761
payment_delay,payment,delay,cpu,orders,front-end,74.79891673884246,76.88870393731295,75.20094528653603,73.21414583056118,2.089787198470489,-1.9867994559748468
payment_delay,payment,delay,cpu,orders,catalogue,74.79891673884246,76.88870393731295,75.10466017412145,76.00261658113178,2.089787198470489,0.8979564070103265
payment_delay,payment,delay,cpu,orders,user,74.79891673884246,76.88870393731295,75.10466017412145,76.00261658113178,2.089787198470489,0.8979564070103265
payment_delay,payment,delay,cpu,orders,carts,74.79891673884246,76.88870393731295,75.52657978032516,77.08004461962878,2.089787198470489,1.553464839303615
payment_delay,payment,delay,cpu,orders,shipping,74.79891673884246,76.88870393731295,52.6124633850088,43.344547509283096,2.089787198470489,-9.267915875725706
payment_delay,payment,delay,cpu,shipping,front-end,31.138275140866213,31.275140230391514,31.96309288116686,27.20979729750673,0.1368650895253012,-4.753295583660133
payment_delay,payment,delay,cpu,shipping,catalogue,31.138275140866213,31.275140230391514,32.210063034803824,30.236527805282126,0.1368650895253012,-1.9735352295216977
payment_delay,payment,delay,cpu,shipping,user,31.138275140866213,31.275140230391514,33.01117865973685,31.941654792004222,0.1368650895253012,-1.0695238677326273
payment_delay,payment,delay,cpu,shipping,carts,31.138275140866213,31.275140230391514,32.427385076458336,33.52108014331541,0.1368650895253012,1.093695066857073
payment_delay,payment,delay,cpu,shipping,orders,31.138275140866213,31.275140230391514,21.124838537916073,15.429015982605993,0.1368650895253012,-5.69582255531008
payment_delay,payment,delay,mem,front-end,catalogue,3.3821971841591725,3.40306302239421,3.3821971841591725,3.40306302239421,0.020865838235037515,0.020865838235037515
payment_delay,payment,delay,mem,front-end,user,3.3821971841591725,3.40306302239421,3.363654123220747,3.495026589724634,0.020865838235037515,0.13137246650388734
payment_delay,payment,delay,mem,front-end,carts,3.3821971841591725,3.40306302239421,3.347146505153202,3.381962746663978,0.020865838235037515,0.034816241510776
payment_delay,payment,delay,mem,front-end,orders,3.3821971841591725,3.40306302239421,3.369047993403984,3.345030684347801,0.020865838235037515,-0.024017309056183045
payment_delay,payment,delay,mem,front-end,shipping,3.3821971841591725,3.40306302239421,3.3816352883675744,3.348436831670775,0.020865838235037515,-0.03319845669679955
payment_delay,payment,delay,mem,catalogue,front-end,0.32375458823921865,0.36172372156300425,0.32375458823921865,0.36172372156300425,0.0379691333237856,0.0379691333237856
payment_delay,payment,delay,mem,catalogue,user,0.32375458823921865,0.36172372156300425,0.32375458823921865,0.36172372156300425,0.0379691333237856,0.0379691333237856
payment_delay,payment,delay,mem,catalogue,carts,0.32375458823921865,0.36172372156300425,0.32375458823921865,0.36172372156300425,0.0379691333237856,0.0379691333237856
payment_delay,payment,delay,mem,catalogue,orders,0.32375458823921865,0.36172372156300425,0.32375458823921865,0.36172372156300425,0.0379691333237856,0.0379691333237856
payment_delay,payment,delay,mem,catalogue,shipping,0.32375458823921865,0.36172372156300425,0.32375458823921865,0.36172372156300425,0.0379691333237856,0.0379691333237856
payment_delay,payment,delay,mem,user,front-end,0.1524293124749168,0.2293366568786944,0.154959051422167,0.23407725513806826,0.07690734440377758,0.07911820371590125
payment_delay,payment,delay,mem,user,catalogue,0.1524293124749168,0.2293366568786944,0.15294661194530404,0.22934085075547173,0.07690734440377758,0.07639423881016769
payment_delay,payment,delay,mem,user,carts,0.1524293124749168,0.2293366568786944,0.14842961162987292,0.21494238666433998,0.07690734440377758,0.06651277503446706
payment_delay,payment,delay,mem,user,orders,0.1524293124749168,0.2293366568786944,0.14856296254641074,0.2571128383071251,0.07690734440377758,0.10854987576071437
payment_delay,payment,delay,mem,user,shipping,0.1524293124749168,0.2293366568786944,0.14472897397495166,0.28546608350895697,0.07690734440377758,0.1407371095340053
payment_delay,payment,delay,mem,carts,front-end,0.0035197734678268262,0.01212723667895159,0.0036959103950101853,0.012175806342117568,0.008607463211124764,0.008479895947107383
payment_delay,payment,delay,mem,carts,catalogue,0.0035197734678268262,0.01212723667895159,0.003546931931358501,0.012080926923084878,0.008607463211124764,0.008533994991726378
payment_delay,payment,delay,mem,carts,user,0.0035197734678268262,0.01212723667895159,0.0036203391373040724,0.0116600256243225,0.008607463211124764,0.008039686487018426
payment_delay,payment,delay,mem,carts,orders,0.0035197734678268262,0.01212723667895159,0.003520539035942252,0.012532295432988557,0.008607463211124764,0.009011756397046305
payment_delay,payment,delay,mem,carts,shipping,0.0035197734678268262,0.01212723667895159,0.003583678167812771,0.013161402788917309,0.008607463211124764,0.009577724621104539
payment_delay,payment,delay,mem,orders,front-end,0.39860778893409077,0.29479293183986777,0.39342422896709617,0.2911704936032365,-0.103814857094223,-0.10225373536385968
payment_delay,payment,delay,mem,orders,catalogue,0.39860778893409077,0.29479293183986777,0.39860778893409077,0.29479293183986777,-0.103814857094223,-0.103814857094223
payment_delay,payment,delay,mem,orders,user,0.39860778893409077,0.29479293183986777,0.38658636680318464,0.37545192730581434,-0.103814857094223,-0.011134439497370308
payment_delay,payment,delay,mem,orders,carts,0.39860778893409077,0.29479293183986777,0.40297916204569223,0.35308920793434423,-0.103814857094223,-0.049889954111348
payment_delay,payment,delay,mem,orders,shipping,0.39860778893409077,0.29479293183986777,0.15543357134180255,0.18364229662413545,-0.103814857094223,0.028208725282332897
payment_delay,payment,delay,mem,shipping,front-end,0.05369018341059771,0.07548005461724583,0.05343069563859197,0.07522825267096032,0.021789871206648118,0.021797557032368353
payment_delay,payment,delay,mem,shipping,catalogue,0.05369018341059771,0.07548005461724583,0.05369018341059771,0.07548005461724583,0.021789871206648118,0.021789871206648118
payment_delay,payment,delay,mem,shipping,user,0.05369018341059771,0.07548005461724583,0.05162932796672073,0.08530856207943117,0.021789871206648118,0.03367923411271045
payment_delay,payment,delay,mem,shipping,carts,0.05369018341059771,0.07548005461724583,0.05434169320643207,0.08638311800411697,0.021789871206648118,0.032041424797684896
payment_delay,payment,delay,mem,shipping,orders,0.05369018341059771,0.07548005461724583,0.02289427451274244,0.03764210853359577,0.021789871206648118,0.01474783402085333
payment_delay,payment,delay,cpu,front-end,catalogue,9.556997814375201,7.15615471557349,9.483236575139466,7.075914323596353,-2.400843098801711,-2.407322251543113
payment_delay,payment,delay,cpu,front-end,user,9.556997814375201,7.15615471557349,9.60121263390214,7.263772937245025,-2.400843098801711,-2.337439696657115
payment_delay,payment,delay,cpu,front-end,carts,9.556997814375201,7.15615471557349,9.593435310354183,6.889429244652911,-2.400843098801711,-2.7040060657012717
payment_delay,payment,delay,cpu,front-end,orders,9.556997814375201,7.15615471557349,9.245300966659086,7.119017368537163,-2.400843098801711,-2.1262835981219226
payment_delay,payment,delay,cpu,front-end,shipping,9.556997814375201,7.15615471557349,9.50320105140329,6.91563671867945,-2.400843098801711,-2.587564332723839
payment_delay,payment,delay,cpu,catalogue,front-end,5.44052229913115,5.54329277352807,5.430544544175964,5.50508498013572,0.10277047439692044,0.07454043595975612
payment_delay,payment,delay,cpu,catalogue,user,5.44052229913115,5.54329277352807,5.437288849289685,5.579425974104878,0.10277047439692044,0.1421371248151928
payment_delay,payment,delay,cpu,catalogue,carts,5.44052229913115,5.54329277352807,5.447139970381553,5.237629455645651,0.10277047439692044,-0.20951051473590176
payment_delay,payment,delay,cpu,catalogue,orders,5.44052229913115,5.54329277352807,5.493374338415188,5.311095249252269,0.10277047439692044,-0.18227908916291824
payment_delay,payment,delay,cpu,catalogue,shipping,5.44052229913115,5.54329277352807,5.481914780773632,5.496330081301644,0.10277047439692044,0.014415300528011876
payment_delay,payment,delay,cpu,user,front-end,7.892675786386043,6.262013588401364,7.885026054168992,6.260821525013154,-1.6306621979846794,-1.624204529155838
payment_delay,payment,delay,cpu,user,catalogue,7.892675786386043,6.262013588401364,7.816575535658453,6.3753889207451735,-1.6306621979846794,-1.4411866149132795
payment_delay,payment,delay,cpu,user,carts,7.892675786386043,6.262013588401364,7.893329214942849,6.26356990225602,-1.6306621979846794,-1.6297593126868293
payment_delay,payment,delay,cpu,user,orders,7.892675786386043,6.262013588401364,7.89195188907246,6.220751501722935,-1.6306621979846794,-1.6712003873495247
payment_delay,payment,delay,cpu,user,shipping,7.892675786386043,6.262013588401364,7.902026852068772,6.287124597977611,-1.6306621979846794,-1.6149022540911613
payment_delay,payment,delay,cpu,carts,front-end,53.86256656716122,131.93108994744642,53.83272065686029,127.76274034657091,78.0685233802852,73.93001968971062
payment_delay,payment,delay,cpu,carts,catalogue,53.86256656716122,131.93108994744642,52.816456947652725,123.34210388481017,78.0685233802852,70.52564693715745
payment_delay,payment,delay,cpu,carts,user,53.86256656716122,131.93108994744642,53.86256656716122,131.93108994744642,78.0685233802852,78.0685233802852
payment_delay,payment,delay,cpu,carts,orders,53.86256656716122,131.93108994744642,43.253134927986345,86.87457371017229,78.0685233802852,43.62143878218594
payment_delay,payment,delay,cpu,carts,shipping,53.86256656716122,131.93108994744642,42.864329794300446,92.5632609367604,78.0685233802852,49.698931142459955
payment_delay,payment,delay,cpu,orders,front-end,48.06451924194432,146.35295988371445,47.378256159858864,134.41268157121806,98.28844064177014,87.0344254113592
payment_delay,payment,delay,cpu,orders,catalogue,48.06451924194432,146.35295988371445,46.78163644556477,139.19333440117364,98.28844064177014,92.41169795560887
payment_delay,payment,delay,cpu,orders,user,48.06451924194432,146.35295988371445,48.53760649310272,144.8417117797461,98.28844064177014,96.30410528664339
payment_delay,payment,delay,cpu,orders,carts,48.06451924194432,146.35295988371445,42.72994079064162,91.68384681505522,98.28844064177014,48.9539060244136
payment_delay,payment,delay,cpu,orders,shipping,48.06451924194432,146.35295988371445,37.637347444453745,75.97268400982288,98.28844064177014,38.33533656536914
payment_delay,payment,delay,cpu,shipping,front-end,71.39231442873188,145.0213830023846,71.22486550162976,132.99486495978928,73.62906857365272,61.76999945815952
payment_delay,payment,delay,cpu,shipping,catalogue,71.39231442873188,145.0213830023846,71.44672154745248,139.18510372961433,73.62906857365272,67.73838218216184
payment_delay,payment,delay,cpu,shipping,user,71.39231442873188,145.0213830023846,72.10857310797002,143.83477404067173,73.62906857365272,71.72620093270172
payment_delay,payment,delay,cpu,shipping,carts,71.39231442873188,145.0213830023846,57.85882634583287,68.41556639045746,73.62906857365272,10.55674004462459
payment_delay,payment,delay,cpu,shipping,orders,71.39231442873188,145.0213830023846,52.96037515184967,55.76341636133761,73.62906857365272,2.8030412094879438
payment_delay,payment,delay,mem,front-end,catalogue,4.141785709124921,3.2646909536015083,4.061387325246944,3.4827752656817488,-0.8770947555234128,-0.5786120595651951
payment_delay,payment,delay,mem,front-end,user,4.141785709124921,3.2646909536015083,4.139626634898539,4.2181928886950795,-0.8770947555234128,0.07856625379654059
payment_delay,payment,delay,mem,front-end,carts,4.141785709124921,3.2646909536015083,4.178063225538944,3.6159383622200045,-0.8770947555234128,-0.5621248633189393
payment_delay,payment,delay,mem,front-end,orders,4.141785709124921,3.2646909536015083,4.164758757466219,3.4718439418436393,-0.8770947555234128,-0.6929148156225793
payment_delay,payment,delay,mem,front-end,shipping,4.141785709124921,3.2646909536015083,4.214460921180127,3.559403673311807,-0.8770947555234128,-0.6550572478683199
payment_delay,payment,delay,mem,catalogue,front-end,3.298819587895259,3.7614453636571383,3.1427226895637825,3.505057131217533,0.46262577576187924,0.3623344416537506
payment_delay,payment,delay,mem,catalogue,user,3.298819587895259,3.7614453636571383,1.5126525012645529,6.521940480264522,0.46262577576187924,5.00928797899997
payment_delay,payment,delay,mem,catalogue,carts,3.298819587895259,3.7614453636571383,0.9357346992248429,2.4401710131170757,0.46262577576187924,1.5044363138922328
payment_delay,payment,delay,mem,catalogue,orders,3.298819587895259,3.7614453636571383,1.5517510238476706,0.6325093971222081,0.46262577576187924,-0.9192416267254625
payment_delay,payment,delay,mem,catalogue,shipping,3.298819587895259,3.7614453636571383,2.1105910951460327,1.8814265437854714,0.46262577576187924,-0.22916455136056135
payment_delay,payment,delay,mem,user,front-end,4.8012862696551,13.31148219551995,4.654104091721929,13.088958642329352,8.51019592586485,8.434854550607422
payment_delay,payment,delay,mem,user,catalogue,4.8012862696551,13.31148219551995,1.9671287167497549,9.277430407585916,8.51019592586485,7.310301690836161
payment_delay,payment,delay,mem,user,carts,4.8012862696551,13.31148219551995,1.4206345822116715,6.095959063755233,8.51019592586485,4.675324481543561
payment_delay,payment,delay,mem,user,orders,4.8012862696551,13.31148219551995,1.0536161538671576,8.845418933609462,8.51019592586485,7.791802779742305
payment_delay,payment,delay,mem,user,shipping,4.8012862696551,13.31148219551995,1.4118469263346156,5.565907292641658,8.51019592586485,4.154060366307042
payment_delay,payment,delay,mem,carts,front-end,1.6147738948833579,3.097598759425684,1.569483830334147,2.9970565817377106,1.4828248645423263,1.4275727514035637
payment_delay,payment,delay,mem,carts,catalogue,1.6147738948833579,3.097598759425684,0.4348909238665261,1.386243156156061,1.4828248645423263,0.9513522322895349
payment_delay,payment,delay,mem,carts,user,1.6147738948833579,3.097598759425684,0.5469311062595374,1.9648399409233872,1.4828248645423263,1.4179088346638498
payment_delay,payment,delay,mem,carts,orders,1.6147738948833579,3.097598759425684,0.5816411954961787,1.362605993355967,1.4828248645423263,0.7809647978597885
payment_delay,payment,delay,mem,carts,shipping,1.6147738948833579,3.097598759425684,0.7565420477551819,0.238781012804536,1.4828248645423263,-0.5177610349506458
payment_delay,payment,delay,mem,orders,front-end,0.8599568810147642,0.8953383699271906,0.8206159176742429,0.8577937554700741,0.03538148891242643,0.03717783779583117
payment_delay,payment,delay,mem,orders,catalogue,0.8599568810147642,0.8953383699271906,0.37600019889870556,0.1306438384170519,0.03538148891242643,-0.24535636048165366
payment_delay,payment,delay,mem,orders,user,0.8599568810147642,0.8953383699271906,0.18088496864859915,1.66831210826651,0.03538148891242643,1.4874271396179108
payment_delay,payment,delay,mem,orders,carts,0.8599568810147642,0.8953383699271906,0.28395761173924244,0.5451242249739747,0.03538148891242643,0.2611666132347323
payment_delay,payment,delay,mem,orders,shipping,0.8599568810147642,0.8953383699271906,0.22053372311858604,0.6276834409705737,0.03538148891242643,0.40714971785198767
payment_delay,payment,delay,mem,shipping,front-end,0.554808963873796,1.0141003844736458,0.5367474245009609,0.9968275025092901,0.45929142059984984,0.4600800780083292
payment_delay,payment,delay,mem,shipping,catalogue,0.554808963873796,1.0141003844736458,0.3348596331746045,0.558665848847116,0.45929142059984984,0.22380621567251152
payment_delay,payment,delay,mem,shipping,user,0.554808963873796,1.0141003844736458,0.15629300059772314,0.6002659852208376,0.45929142059984984,0.4439729846231145
payment_delay,payment,delay,mem,shipping,carts,0.554808963873796,1.0141003844736458,0.2489057700953699,0.15237067209880384,0.45929142059984984,-0.09653509799656607
payment_delay,payment,delay,mem,shipping,orders,0.554808963873796,1.0141003844736458,0.14634667800766216,0.4657454155352599,0.45929142059984984,0.31939873752759773
payment_disk,payment,disk,cpu,front-end,catalogue,6.121619004270678,6.862906164891412,6.1366135512769295,6.7083037269528685,0.7412871606207343,0.5716901756759389
payment_disk,payment,disk,cpu,front-end,user,6.121619004270678,6.862906164891412,6.107392982409118,6.7572043285451775,0.7412871606207343,0.6498113461360591
payment_disk,payment,disk,cpu,front-end,carts,6.121619004270678,6.862906164891412,6.074647929439932,6.76483202069541,0.7412871606207343,0.6901840912554782
payment_disk,payment,disk,cpu,front-end,orders,6.121619004270678,6.862906164891412,6.1527874785853225,6.6747994277530145,0.7412871606207343,0.522011949167692
payment_disk,payment,disk,cpu,front-end,shipping,6.121619004270678,6.862906164891412,6.0360616429733485,6.7408736471687085,0.7412871606207343,0.70481200419536
payment_disk,payment,disk,cpu,catalogue,front-end,8.88400264961656,9.007685002082393,8.918484067997289,9.004043166045399,0.12368235246583303,0.08555909804811002
payment_disk,payment,disk,cpu,catalogue,user,8.88400264961656,9.007685002082393,8.921938164573024,8.988301760864658,0.12368235246583303,0.0663635962916338
payment_disk,payment,disk,cpu,catalogue,carts,8.88400264961656,9.007685002082393,8.921938164573024,8.988301760864658,0.12368235246583303,0.0663635962916338
payment_disk,payment,disk,cpu,catalogue,orders,8.88400264961656,9.007685002082393,8.86898376375737,8.594857159589044,0.12368235246583303,-0.2741266041683268
payment_disk,payment,disk,cpu,catalogue,shipping,8.88400264961656,9.007685002082393,8.850221328258561,8.964936495318538,0.12368235246583303,0.11471516705997686
payment_disk,payment,disk,cpu,user,front-end,7.655969005933738,6.579641155522115,7.8021381473175815,6.728830300135451,-1.076327850411623,-1.0733078471821305
payment_disk,payment,disk,cpu,user,catalogue,7.655969005933738,6.579641155522115,7.94501180425847,6.734704061703281,-1.076327850411623,-1.2103077425551882
payment_disk,payment,disk,cpu,user,carts,7.655969005933738,6.579641155522115,7.792242288063397,6.968153686369065,-1.076327850411623,-0.8240886016943323
payment_disk,payment,disk,cpu,user,orders,7.655969005933738,6.579641155522115,7.944501732663116,6.733619350248992,-1.076327850411623,-1.2108823824141242
payment_disk,payment,disk,cpu,user,shipping,7.655969005933738,6.579641155522115,7.787719029023599,6.711458034748433,-1.076327850411623,-1.0762609942751657
payment_disk,payment,disk,cpu,carts,front-end,5.780004935666726,9.31641048368597,5.843410870728371,9.59513403106462,3.5364055480192444,3.7517231603362484
payment_disk,payment,disk,cpu,carts,catalogue,5.780004935666726,9.31641048368597,5.962097997064904,9.500224978308776,3.5364055480192444,3.538126981243871
payment_disk,payment,disk,cpu,carts,user,5.780004935666726,9.31641048368597,5.812493371629468,9.56065966523582,3.5364055480192444,3.748166293606351
payment_disk,payment,disk,cpu,carts,orders,5.780004935666726,9.31641048368597,5.896495483933195,9.464245108927907,3.5364055480192444,3.567749624994712
payment_disk,payment,disk,cpu,carts,shipping,5.780004935666726,9.31641048368597,5.9511376954523945,9.508659024410091,3.5364055480192444,3.557521328957697
payment_disk,payment,disk,cpu,orders,front-end,28.7603686255519,41.33865592647043,29.32699685130813,42.0334274672247,12.578287300918529,12.706430615916567
payment_disk,payment,disk,cpu,orders,catalogue,28.7603686255519,41.33865592647043,31.299297206153582,36.41122378433635,12.578287300918529,5.111926578182768
payment_disk,payment,disk,cpu,orders,user,28.7603686255519,41.33865592647043,29.320647656565352,42.010861209894784,12.578287300918529,12.690213553329432
payment_disk,payment,disk,cpu,orders,carts,28.7603686255519,41.33865592647043,28.56426837785287,40.02079462577717,12.578287300918529,11.456526247924302
payment_disk,payment,disk,cpu,orders,shipping,28.7603686255519,41.33865592647043,29.32699685130813,42.0334274672247,12.578287300918529,12.706430615916567
payment_disk,payment,disk,cpu,shipping,front-end,23.092314474488013,19.096865428143655,37.29022178254804,21.348997650628977,-3.9954490463443584,-15.94122413191906
payment_disk,payment,disk,cpu,shipping,catalogue,23.092314474488013,19.096865428143655,33.35832872129937,11.169120274200067,-3.9954490463443584,-22.189208447099304
payment_disk,payment,disk,cpu,shipping,user,23.092314474488013,19.096865428143655,35.61303281112724,12.450236863322498,-3.9954490463443584,-23.162795947804742
payment_disk,payment,disk,cpu,shipping,carts,23.092314474488013,19.096865428143655,33.99369597917345,12.525751133225722,-3.9954490463443584,-21.46794484594773
payment_disk,payment,disk,cpu,shipping,orders,23.092314474488013,19.096865428143655,33.27081398718529,11.354988147022173,-3.9954490463443584,-21.91582584016312
payment_disk,payment,disk,mem,front-end,catalogue,5.746644473124769,4.170483178628199,4.806583225339588,12.889085646184895,-1.5761612944965693,8.082502420845309
payment_disk,payment,disk,mem,front-end,user,5.746644473124769,4.170483178628199,4.8939900390953905,11.877922501067252,-1.5761612944965693,6.983932461971861
payment_disk,payment,disk,mem,front-end,carts,5.746644473124769,4.170483178628199,5.925960298094408,3.8545126812520585,-1.5761612944965693,-2.0714476168423492
payment_disk,payment,disk,mem,front-end,orders,5.746644473124769,4.170483178628199,5.602566451581096,5.720388722942884,-1.5761612944965693,0.11782227136178847
payment_disk,payment,disk,mem,front-end,shipping,5.746644473124769,4.170483178628199,5.925960298094408,3.8545126812520585,-1.5761612944965693,-2.0714476168423492
payment_disk,payment,disk,mem,catalogue,front-end,0.2093715509693871,0.7392821134026898,0.15769027920770845,0.7330895381679194,0.5299105624333027,0.575399258960211
payment_disk,payment,disk,mem,catalogue,user,0.2093715509693871,0.7392821134026898,0.13262960095687215,0.7786603266434058,0.5299105624333027,0.6460307256865336
payment_disk,payment,disk,mem,catalogue,carts,0.2093715509693871,0.7392821134026898,0.21095793699243848,0.7376911476995409,0.5299105624333027,0.5267332107071024
payment_disk,payment,disk,mem,catalogue,orders,0.2093715509693871,0.7392821134026898,0.2131590741704691,0.6320354240715375,0.5299105624333027,0.41887634990106837
payment_disk,payment,disk,mem,catalogue,shipping,0.2093715509693871,0.7392821134026898,0.2106015866071198,0.7339829380087487,0.5299105624333027,0.5233813514016289
payment_disk,payment,disk,mem,user,front-end,0.44063445047513633,1.5671965597773687,0.3641328542593652,1.6887682935825483,1.1265621093022324,1.3246354393231832
payment_disk,payment,disk,mem,user,catalogue,0.44063445047513633,1.5671965597773687,0.3253200627259651,2.165084352167388,1.1265621093022324,1.8397642894414228
payment_disk,payment,disk,mem,user,carts,0.44063445047513633,1.5671965597773687,0.4486513085143835,1.5813351604845614,1.1265621093022324,1.1326838519701778
payment_disk,payment,disk,mem,user,orders,0.44063445047513633,1.5671965597773687,0.45092824215373734,1.8973118415593042,1.1265621093022324,1.446383599405567
payment_disk,payment,disk,mem,user,shipping,0.44063445047513633,1.5671965597773687,0.4486513085143835,1.5813351604845614,1.1265621093022324,1.1326838519701778
payment_disk,payment,disk,mem,carts,front-end,0.012571236063869676,0.02333943551174711,0.012571236063869676,0.02333943551174711,0.010768199447877432,0.010768199447877432
payment_disk,payment,disk,mem,carts,catalogue,0.012571236063869676,0.02333943551174711,0.012571236063869676,0.02333943551174711,0.010768199447877432,0.010768199447877432
payment_disk,payment,disk,mem,carts,user,0.012571236063869676,0.02333943551174711,0.012571236063869676,0.02333943551174711,0.010768199447877432,0.010768199447877432
payment_disk,payment,disk,mem,carts,orders,0.012571236063869676,0.02333943551174711,0.012571236063869676,0.02333943551174711,0.010768199447877432,0.010768199447877432
payment_disk,payment,disk,mem,carts,shipping,0.012571236063869676,0.02333943551174711,0.012571236063869676,0.02333943551174711,0.010768199447877432,0.010768199447877432
payment_disk,payment,disk,mem,orders,front-end,0.029718407637885712,0.07957494150164146,0.02754600216134567,0.0770195143044145,0.04985653386375575,0.04947351214306883
payment_disk,payment,disk,mem,orders,catalogue,0.029718407637885712,0.07957494150164146,0.027203051507502997,0.06260061653298728,0.04985653386375575,0.03539756502548428
payment_disk,payment,disk,mem,orders,user,0.029718407637885712,0.07957494150164146,0.028462647410930797,0.09252615755956067,0.04985653386375575,0.06406351014862988
payment_disk,payment,disk,mem,orders,carts,0.029718407637885712,0.07957494150164146,0.02988782283221363,0.07902806301751736,0.04985653386375575,0.04914024018530373
payment_disk,payment,disk,mem,orders,shipping,0.029718407637885712,0.07957494150164146,0.02984118866628893,0.0780021876594309,0.04985653386375575,0.04816099899314197
payment_disk,payment,disk,mem,shipping,front-end,0.0006935757132156286,0.0012243264165172172,0.0007038111147359938,0.0012857296751283974,0.0005307507033015886,0.0005819185603924037
payment_disk,payment,disk,mem,shipping,catalogue,0.0006935757132156286,0.0012243264165172172,0.0007011790868520947,0.0012206280086977206,0.0005307507033015886,0.0005194489218456259
payment_disk,payment,disk,mem,shipping,user,0.0006935757132156286,0.0012243264165172172,0.0007038111147359938,0.0012857296751283974,0.0005307507033015886,0.0005819185603924037
payment_disk,payment,disk,mem,shipping,carts,0.0006935757132156286,0.0012243264165172172,0.0007038111147359938,0.0012857296751283974,0.0005307507033015886,0.0005819185603924037
payment_disk,payment,disk,mem,shipping,orders,0.0006935757132156286,0.0012243264165172172,0.0007024714680165047,0.0012380613425534797,0.0005307507033015886,0.000535589874536975
payment_disk,payment,disk,cpu,front-end,catalogue,7.625039053711685,7.113203912846587,7.631860781318334,7.078204937812741,-0.5118351408650978,-0.5536558435055934
payment_disk,payment,disk,cpu,front-end,user,7.625039053711685,7.113203912846587,7.512504349413781,7.092490659435809,-0.5118351408650978,-0.4200136899779725
payment_disk,payment,disk,cpu,front-end,carts,7.625039053711685,7.113203912846587,7.623281654424642,7.166715964785858,-0.5118351408650978,-0.45656568963878374
payment_disk,payment,disk,cpu,front-end,orders,7.625039053711685,7.113203912846587,7.6134473669323715,7.076254517823213,-0.5118351408650978,-0.5371928491091582
payment_disk,payment,disk,cpu,front-end,shipping,7.625039053711685,7.113203912846587,7.497496186405317,7.235299693784729,-0.5118351408650978,-0.2621964926205882
payment_disk,payment,disk,cpu,catalogue,front-end,6.870594497237356,12.020237350482555,7.0841818069838345,12.063717844467114,5.149642853245199,4.979536037483279
payment_disk,payment,disk,cpu,catalogue,user,6.870594497237356,12.020237350482555,7.051238489541271,12.116842323319771,5.149642853245199,5.0656038337785
payment_disk,payment,disk,cpu,catalogue,carts,6.870594497237356,12.020237350482555,7.091795396094433,12.10219948250806,5.149642853245199,5.010404086413628
payment_disk,payment,disk,cpu,catalogue,orders,6.870594497237356,12.020237350482555,7.091795396094433,12.10219948250806,5.149642853245199,5.010404086413628
payment_disk,payment,disk,cpu,catalogue,shipping,6.870594497237356,12.020237350482555,7.091795396094433,12.10219948250806,5.149642853245199,5.010404086413628
payment_disk,payment,disk,cpu,user,front-end,7.235685907287731,7.3795622157435234,7.1447786998128215,7.424172718528364,0.14387630845579213,0.2793940187155428
payment_disk,payment,disk,cpu,user,catalogue,7.235685907287731,7.3795622157435234,7.374664510034255,7.396979769830354,0.14387630845579213,0.022315259796099163
payment_disk,payment,disk,cpu,user,carts,7.235685907287731,7.3795622157435234,7.431760473962499,7.420539117697736,0.14387630845579213,-0.011221356264763394
payment_disk,payment,disk,cpu,user,orders,7.235685907287731,7.3795622157435234,7.465669693040877,7.413026053442725,0.14387630845579213,-0.05264363959815199
payment_disk,payment,disk,cpu,user,shipping,7.235685907287731,7.3795622157435234,7.44793565744159,7.414562107874449,0.14387630845579213,-0.033373549567141225
payment_disk,payment,disk,cpu,carts,front-end,43.20847906822642,135.6298772762881,43.3119845222885,134.77532166137016,92.4213982080617,91.46333713908166
payment_disk,payment,disk,cpu,carts,catalogue,43.20847906822642,135.6298772762881,43.20847906822642,135.6298772762881,92.4213982080617,92.4213982080617
payment_disk,payment,disk,cpu,carts,user,43.20847906822642,135.6298772762881,43.20847906822642,135.6298772762881,92.4213982080617,92.4213982080617
payment_disk,payment,disk,cpu,carts,orders,43.20847906822642,135.6298772762881,31.86510093258436,71.03574219343436,92.4213982080617,39.17064126085
payment_disk,payment,disk,cpu,carts,shipping,43.20847906822642,135.6298772762881,35.72258201769412,108.81545413790789,92.4213982080617,73.09287212021377
payment_disk,payment,disk,cpu,orders,front-end,42.9856115859384,115.78305425195201,43.0998261093552,115.62799852925582,72.79744266601361,72.52817241990061
payment_disk,payment,disk,cpu,orders,catalogue,42.9856115859384,115.78305425195201,43.27689617316872,116.73438636468352,72.79744266601361,73.4574901915148
payment_disk,payment,disk,cpu,orders,user,42.9856115859384,115.78305425195201,42.9474122760498,115.62374348784157,72.79744266601361,72.67633121179176
payment_disk,payment,disk,cpu,orders,carts,42.9856115859384,115.78305425195201,30.606923562876887,49.68594972960017,72.79744266601361,19.07902616672328
payment_disk,payment,disk,cpu,orders,shipping,42.9856115859384,115.78305425195201,37.126226109891434,92.62297184060276,72.79744266601361,55.496745730711325
payment_disk,payment,disk,cpu,shipping,front-end,59.65125615774633,125.79231875635928,63.008386612943625,118.65624566407567,66.14106259861295,55.647859051132045
payment_disk,payment,disk,cpu,shipping,catalogue,59.65125615774633,125.79231875635928,59.65125615774633,125.79231875635928,66.14106259861295,66.14106259861295
payment_disk,payment,disk,cpu,shipping,user,59.65125615774633,125.79231875635928,59.35390434848349,124.34081837324351,66.14106259861295,64.98691402476001
payment_disk,payment,disk,cpu,shipping,carts,59.65125615774633,125.79231875635928,62.24251700134749,61.76609056156316,66.14106259861295,-0.4764264397843263
payment_disk,payment,disk,cpu,shipping,orders,59.65125615774633,125.79231875635928,62.502996799088706,75.58789599072065,66.14106259861295,13.084899191631948
payment_disk,payment,disk,mem,front-end,catalogue,3.7438911752290345,3.3269522223004993,3.89821314197156,3.5263888202015266,-0.4169389529285352,-0.37182432177003344
payment_disk,payment,disk,mem,front-end,user,3.7438911752290345,3.3269522223004993,3.9086849626075266,4.1254437268314605,-0.4169389529285352,0.21675876422393392
payment_disk,payment,disk,mem,front-end,carts,3.7438911752290345,3.3269522223004993,3.9188225959345706,3.550230247695961,-0.4169389529285352,-0.36859234823860954
payment_disk,payment,disk,mem,front-end,orders,3.7438911752290345,3.3269522223004993,3.9108745882676788,3.901686261267946,-0.4169389529285352,-0.009188326999732599
payment_disk,payment,disk,mem,front-end,shipping,3.7438911752290345,3.3269522223004993,3.9371661248494125,3.440068988391349,-0.4169389529285352,-0.49709713645806364
payment_disk,payment,disk,mem,catalogue,front-end,3.0187569630756994,4.183012184483665,2.9911806661387805,4.0546472560322595,1.164255221407966,1.063466589893479
payment_disk,payment,disk,mem,catalogue,user,3.0187569630756994,4.183012184483665,1.5750592491328337,6.491289868323989,1.164255221407966,4.916230619191155
payment_disk,payment,disk,mem,catalogue,carts,3.0187569630756994,4.183012184483665,0.9789270613630016,0.77369632789972,1.164255221407966,-0.20523073346328158
payment_disk,payment,disk,mem,catalogue,orders,3.0187569630756994,4.183012184483665,1.8370121525417074,4.390454056218878,1.164255221407966,2.5534419036771703
payment_disk,payment,disk,mem,catalogue,shipping,3.0187569630756994,4.183012184483665,2.752702106128421,2.074476941903429,1.164255221407966,-0.6782251642249921
payment_disk,payment,disk,mem,user,front-end,5.074759997483967,14.766575857844922,4.923458107212541,14.644012178825216,9.691815860360954,9.720554071612675
payment_disk,payment,disk,mem,user,catalogue,5.074759997483967,14.766575857844922,2.2873253582012816,10.224536391499432,9.691815860360954,7.937211033298151
payment_disk,payment,disk,mem,user,carts,5.074759997483967,14.766575857844922,1.2088176635452739,8.513152020844581,9.691815860360954,7.304334357299307
payment_disk,payment,disk,mem,user,orders,5.074759997483967,14.766575857844922,0.9434970175413391,2.850566010183349,9.691815860360954,1.90706899264201
payment_disk,payment,disk,mem,user,shipping,5.074759997483967,14.766575857844922,3.407841847595168,7.81007710198177,9.691815860360954,4.402235254386602
payment_disk,payment,disk,mem,carts,front-end,1.6216665529572312,2.5024524465841353,1.5901044595804579,2.4518385216346203,0.8807858936269042,0.8617340620541625
payment_disk,payment,disk,mem,carts,catalogue,1.6216665529572312,2.5024524465841353,0.48616570783297813,0.6164735365006805,0.8807858936269042,0.13030782866770235
payment_disk,payment,disk,mem,carts,user,1.6216665529572312,2.5024524465841353,0.4184226651119458,3.095236791628579,0.8807858936269042,2.676814126516633
payment_disk,payment,disk,mem,carts,orders,1.6216665529572312,2.5024524465841353,0.5133602454388009,2.1737651707292707,0.8807858936269042,1.6604049252904698
payment_disk,payment,disk,mem,carts,shipping,1.6216665529572312,2.5024524465841353,1.282133368474652,0.4860300442339204,0.8807858936269042,-0.7961033242407317
payment_disk,payment,disk,mem,orders,front-end,0.7180922121293144,2.1002698462565177,0.7000956527987273,2.085303848333528,1.3821776341272032,1.3852081955348008
payment_disk,payment,disk,mem,orders,catalogue,0.7180922121293144,2.1002698462565177,0.41496181369154944,1.4004801844759702,1.3821776341272032,0.9855183707844208
payment_disk,payment,disk,mem,orders,user,0.7180922121293144,2.1002698462565177,0.13579656270773477,0.4199950935434227,1.3821776341272032,0.2841985308356879
payment_disk,payment,disk,mem,orders,carts,0.7180922121293144,2.1002698462565177,0.23981111497313143,1.09680561741804,1.3821776341272032,0.8569945024449086
payment_disk,payment,disk,mem,orders,shipping,0.7180922121293144,2.1002698462565177,0.44700157879407204,0.8011678883395355,1.3821776341272032,0.3541663095454634
payment_disk,payment,disk,mem,shipping,front-end,0.29087797319238384,0.73687546707703,0.2898210219398208,0.7354529318254864,0.44599749388464616,0.44563190988566564
payment_disk,payment,disk,mem,shipping,catalogue,0.29087797319238384,0.73687546707703,0.28610534611069766,0.6691134433570857,0.44599749388464616,0.383008097246388
payment_disk,payment,disk,mem,shipping,user,0.29087797319238384,0.73687546707703,0.22049773910774595,0.19713733913842676,0.44599749388464616,-0.023360399969319184
payment_disk,payment,disk,mem,shipping,carts,0.29087797319238384,0.73687546707703,0.25767317672499507,0.5638853834312663,0.44599749388464616,0.3062122067062712
payment_disk,payment,disk,mem,shipping,orders,0.29087797319238384,0.73687546707703,0.197682600158841,0.2141745581724371,0.44599749388464616,0.016491958013596097
payment_disk,payment,disk,cpu,front-end,catalogue,8.350163909813247,7.8696315411895466,8.363644243123892,7.908624607537278,-0.48053236862370063,-0.4550196355866136
payment_disk,payment,disk,cpu,front-end,user,8.343712420229345,7.863523903736397,8.286592063030405,7.798970485239957,-0.480188516492948,-0.48762157779044735
payment_disk,payment,disk,cpu,front-end,carts,8.343712420229345,7.863523903736397,8.378516378766992,8.001032398814818,-0.480188516492948,-0.3774839799521743
payment_disk,payment,disk,cpu,front-end,orders,8.343712420229345,7.863523903736397,8.259395941569744,8.112364886194365,-0.480188516492948,-0.14703105537537908
payment_disk,payment,disk,cpu,front-end,shipping,8.343712420229345,7.863523903736397,8.368072472912285,7.928443924279276,-0.480188516492948,-0.43962854863300915
payment_disk,payment,disk,cpu,catalogue,front-end,7.068455686119124,8.025595632545821,7.348521892569004,8.271118596123337,0.9571399464266968,0.9225967035543325
payment_disk,payment,disk,cpu,catalogue,user,7.068455686119124,8.025595632545821,7.3298099979971125,8.299734461822228,0.9571399464266968,0.969924463825115
payment_disk,payment,disk,cpu,catalogue,carts,7.068455686119124,8.025595632545821,7.352869311877728,8.305565613570378,0.9571399464266968,0.95269630169265
payment_disk,payment,disk,cpu,catalogue,orders,7.068455686119124,8.025595632545821,7.352869311877728,8.305565613570378,0.9571399464266968,0.95269630169265
payment_disk,payment,disk,cpu,catalogue,shipping,7.068455686119124,8.025595632545821,7.352869311877728,8.305565613570378,0.9571399464266968,0.95269630169265
payment_disk,payment,disk,cpu,user,front-end,9.483979048824445,8.305771411553614,9.456500411782866,8.06263032065385,-1.1782076372708303,-1.3938700911290152
payment_disk,payment,disk,cpu,user,catalogue,9.477942986654174,8.309096613888816,9.467516654758578,8.413343645248236,-1.1688463727653584,-1.0541730095103414
payment_disk,payment,disk,cpu,user,carts,9.483979048824445,8.305771411553614,9.446989054603078,8.401763360200107,-1.1782076372708303,-1.045225694402971
payment_disk,payment,disk,cpu,user,orders,9.483979048824445,8.305771411553614,9.261490571907187,8.45608191868507,-1.1782076372708303,-0.8054086532221163
payment_disk,payment,disk,cpu,user,shipping,9.483979048824445,8.305771411553614,9.453771420698045,8.37626992251252,-1.1782076372708303,-1.0775014981855247
payment_disk,payment,disk,cpu,carts,front-end,32.11106298371609,28.652288149859395,32.08777505928053,28.778843208592836,-3.458774833856694,-3.3089318506876957
payment_disk,payment,disk,cpu,carts,catalogue,32.08338210066265,28.716656139015008,32.08338210066265,28.716656139015008,-3.3667259616476386,-3.3667259616476386
payment_disk,payment,disk,cpu,carts,user,32.11106298371609,28.652288149859395,32.053434765772536,28.671745171839742,-3.458774833856694,-3.3816895939327942
payment_disk,payment,disk,cpu,carts,orders,32.11106298371609,28.652288149859395,31.680791555464648,27.510522577769002,-3.458774833856694,-4.170268977695645
payment_disk,payment,disk,cpu,carts,shipping,32.11106298371609,28.652288149859395,24.588500881969637,17.960892986762424,-3.458774833856694,-6.627607895207213
payment_disk,payment,disk,cpu,orders,front-end,27.399099484390938,22.751813756392757,27.78042025795972,23.242836290477683,-4.647285727998181,-4.5375839674820355
payment_disk,payment,disk,cpu,orders,catalogue,27.432901826055243,22.76037922930502,27.432901826055243,22.76037922930502,-4.672522596750223,-4.672522596750223
payment_disk,payment,disk,cpu,orders,user,27.399099484390938,22.751813756392757,27.277369991342017,22.741075364897277,-4.647285727998181,-4.5362946264447395
payment_disk,payment,disk,cpu,orders,carts,27.399099484390938,22.751813756392757,27.000701553944275,21.310534958997682,-4.647285727998181,-5.690166594946593
payment_disk,payment,disk,cpu,orders,shipping,27.399099484390938,22.751813756392757,27.399099484390938,22.751813756392757,-4.647285727998181,-4.647285727998181
payment_disk,payment,disk,cpu,shipping,front-end,39.10352175927022,48.39873156994802,39.10458615166377,48.39818275511909,9.295209810677797,9.29359660345532
payment_disk,payment,disk,cpu,shipping,catalogue,39.130661738297256,48.45057782671817,39.130815640145016,48.450499940252584,9.31991608842091,9.319684300107568
payment_disk,payment,disk,cpu,shipping,user,39.10352175927022,48.39873156994802,39.10458615166377,48.39818275511909,9.295209810677797,9.29359660345532
payment_disk,payment,disk,cpu,shipping,carts,39.10352175927022,48.39873156994802,31.874680771798737,30.192646156243136,9.295209810677797,-1.682034615555601
payment_disk,payment,disk,cpu,shipping,orders,39.10352175927022,48.39873156994802,39.10458615166377,48.39818275511909,9.295209810677797,9.29359660345532
payment_disk,payment,disk,mem,front-end,catalogue,3.542285887835129,3.769914709076959,3.5431071903439353,3.7553426403395926,0.22762882124182982,0.21223544999565735
payment_disk,payment,disk,mem,front-end,user,3.542285887835129,3.769914709076959,3.5431071903439353,3.7553426403395926,0.22762882124182982,0.21223544999565735
payment_disk,payment,disk,mem,front-end,carts,3.542285887835129,3.769914709076959,3.5431071903439353,3.7553426403395926,0.22762882124182982,0.21223544999565735
payment_disk,payment,disk,mem,front-end,orders,3.542285887835129,3.769914709076959,3.5431071903439353,3.7553426403395926,0.22762882124182982,0.21223544999565735
payment_disk,payment,disk,mem,front-end,shipping,3.542285887835129,3.769914709076959,3.5431071903439353,3.7553426403395926,0.22762882124182982,0.21223544999565735
payment_disk,payment,disk,mem,catalogue,front-end,0.29857565721347235,1.0360412682624265,0.29887684447679314,1.0347246865141941,0.7374656110489541,0.7358478420374011
payment_disk,payment,disk,mem,catalogue,user,0.29857565721347235,1.0360412682624265,0.24280611600997498,0.2959343646829641,0.7374656110489541,0.0531282486729891
payment_disk,payment,disk,mem,catalogue,carts,0.29857565721347235,1.0360412682624265,0.23998417318501453,0.7995048205931679,0.7374656110489541,0.5595206474081533
payment_disk,payment,disk,mem,catalogue,orders,0.29857565721347235,1.0360412682624265,0.22197324187807752,0.3985987551313572,0.7374656110489541,0.17662551325327966
payment_disk,payment,disk,mem,catalogue,shipping,0.29857565721347235,1.0360412682624265,0.1174933316037797,0.36487349370565175,0.7374656110489541,0.24738016210187205
payment_disk,payment,disk,mem,user,front-end,0.23413829661888663,1.6927184229304202,0.23424367703086596,1.6925226333942314,1.4585801263115337,1.4582789563633654
payment_disk,payment,disk,mem,user,catalogue,0.23413829661888663,1.6927184229304202,0.18193630800558971,1.1471301630345112,1.4585801263115337,0.9651938550289215
payment_disk,payment,disk,mem,user,carts,0.23413829661888663,1.6927184229304202,0.22094240673786136,1.5569724669031804,1.4585801263115337,1.336030060165319
payment_disk,payment,disk,mem,user,orders,0.23413829661888663,1.6927184229304202,0.2081003710509653,1.1500593632076033,1.4585801263115337,0.941958992156638
payment_disk,payment,disk,mem,user,shipping,0.23413829661888663,1.6927184229304202,0.20448881276748654,1.3283906465317135,1.4585801263115337,1.123901833764227
payment_disk,payment,disk,mem,carts,front-end,0.37033121928946894,0.708426422545298,0.37350689100557943,0.7072662675404097,0.33809520325582904,0.33375937653483023
payment_disk,payment,disk,mem,carts,catalogue,0.37033121928946894,0.708426422545298,0.18311227894811605,0.20751762343220095,0.33809520325582904,0.024405344484084907
payment_disk,payment,disk,mem,carts,user,0.37033121928946894,0.708426422545298,0.32230173393093076,0.09472570207914299,0.33809520325582904,-0.22757603185178776
payment_disk,payment,disk,mem,carts,orders,0.37033121928946894,0.708426422545298,0.3216127768490063,0.2651176232384956,0.33809520325582904,-0.05649515361051072
payment_disk,payment,disk,mem,carts,shipping,0.37033121928946894,0.708426422545298,0.18440875378067653,0.14437793185840758,0.33809520325582904,-0.04003082192226895
payment_disk,payment,disk,mem,orders,front-end,0.044868703383071286,0.2008766829628998,0.044919604954534134,0.20085850563972815,0.1560079795798285,0.155938900685194
payment_disk,payment,disk,mem,orders,catalogue,0.044868703383071286,0.2008766829628998,0.03628448801070943,0.11765089223617106,0.1560079795798285,0.08136640422546162
payment_disk,payment,disk,mem,orders,user,0.044868703383071286,0.2008766829628998,0.04131084826442873,0.11731045047119162,0.1560079795798285,0.07599960220676288
payment_disk,payment,disk,mem,orders,carts,0.044868703383071286,0.2008766829628998,0.043619892953777,0.18099566148086643,0.1560079795798285,0.13737576852708944
payment_disk,payment,disk,mem,orders,shipping,0.044868703383071286,0.2008766829628998,0.03914598175125961,0.14202182770422855,0.1560079795798285,0.10287584595296895
payment_disk,payment,disk,mem,shipping,front-end,0.10314308254168632,0.26628361856181687,0.1031133245066887,0.2662257593815263,0.16314053602013057,0.16311243487483762
payment_disk,payment,disk,mem,shipping,catalogue,0.10314308254168632,0.26628361856181687,0.040150765893940725,0.0918291178793523,0.16314053602013057,0.051678351985411576
payment_disk,payment,disk,mem,shipping,user,0.10314308254168632,0.26628361856181687,0.08792928378029609,0.06671944956560412,0.16314053602013057,-0.02120983421469197
payment_disk,payment,disk,mem,shipping,carts,0.10314308254168632,0.26628361856181687,0.08076578830767367,0.18588446439546757,0.16314053602013057,0.1051186760877939
payment_disk,payment,disk,mem,shipping,orders,0.10314308254168632,0.26628361856181687,0.0882852978421311,0.06633471691264392,0.16314053602013057,-0.02195058092948718
payment_loss,payment,loss,cpu,front-end,catalogue,7.413048622783465,8.957487685338702,7.301302535268038,8.995976879867966,1.544439062555237,1.6946743445999282
payment_loss,payment,loss,cpu,front-end,user,7.413048622783465,8.957487685338702,7.2327582264890315,9.072482024094649,1.544439062555237,1.8397237976056173
payment_loss,payment,loss,cpu,front-end,carts,7.427873427931518,8.962100379261686,7.450154372918069,8.988682853432396,1.5342269513301687,1.5385284805143264
payment_loss,payment,loss,cpu,front-end,orders,7.413048622783465,8.957487685338702,7.390294544851598,8.494879503595723,1.544439062555237,1.104584958744124
payment_loss,payment,loss,cpu,front-end,shipping,7.413048622783465,8.957487685338702,7.43465734195286,8.984358625094313,1.544439062555237,1.5497012831414523
payment_loss,payment,loss,cpu,catalogue,front-end,7.000089060843988,7.297588409273049,7.056517830041596,6.972319798411459,0.2974993484290618,-0.0841980316301365
payment_loss,payment,loss,cpu,catalogue,user,7.000089060843988,7.297588409273049,7.102905604045273,7.231066248362157,0.2974993484290618,0.12816064431688368
payment_loss,payment,loss,cpu,catalogue,carts,7.004449293679651,7.310159736756554,6.926607933471315,8.42928505299101,0.30571044307690265,1.5026771195196957
payment_loss,payment,loss,cpu,catalogue,orders,7.000089060843988,7.297588409273049,7.175600743651445,6.798750501875745,0.2974993484290618,-0.37685024177570003
payment_loss,payment,loss,cpu,catalogue,shipping,7.000089060843988,7.297588409273049,7.122098461811169,7.132406777789598,0.2974993484290618,0.010308315978428517
payment_loss,payment,loss,cpu,user,front-end,9.56519306349545,11.407091626255275,9.60609295933688,10.94649397160857,1.841898562759825,1.3404010122716894
payment_loss,payment,loss,cpu,user,catalogue,9.56519306349545,11.407091626255275,9.730384021109266,11.08457834296267,1.841898562759825,1.354194321853404
payment_loss,payment,loss,cpu,user,carts,9.588112669160896,11.410887746661967,9.865843096477867,11.228951694696804,1.8227750775010705,1.3631085982189362
payment_loss,payment,loss,cpu,user,orders,9.56519306349545,11.407091626255275,8.84373817368883,11.3004704365755,1.841898562759825,2.4567322628866695
payment_loss,payment,loss,cpu,user,shipping,9.56519306349545,11.407091626255275,9.902199433852516,11.1388245108989,1.841898562759825,1.2366250770463836
payment_loss,payment,loss,cpu,carts,front-end,9.753652582288078,13.20313106600786,9.837677243424793,13.172763902004261,3.4494784837197816,3.3350866585794687
payment_loss,payment,loss,cpu,carts,catalogue,9.753652582288078,13.20313106600786,9.604668121139689,13.529625065501904,3.4494784837197816,3.924956944362215
payment_loss,payment,loss,cpu,carts,user,9.753652582288078,13.20313106600786,9.80553907903721,13.2198392087207,3.4494784837197816,3.4143001296834896
payment_loss,payment,loss,cpu,carts,orders,9.753652582288078,13.20313106600786,9.81625566388888,12.885014666952696,3.4494784837197816,3.068759003063816
payment_loss,payment,loss,cpu,carts,shipping,9.753652582288078,13.20313106600786,9.839059337860961,14.057357919928116,3.4494784837197816,4.218298582067154
payment_loss,payment,loss,cpu,orders,front-end,11.060920486797983,14.380953539760725,11.58580990963156,14.167337680152192,3.320033052962742,2.5815277705206316
payment_loss,payment,loss,cpu,orders,catalogue,11.060920486797983,14.380953539760725,11.62190129035099,14.47234781308914,3.320033052962742,2.8504465227381495
payment_loss,payment,loss,cpu,orders,user,11.060920486797983,14.380953539760725,10.597093559129608,14.488414536092915,3.320033052962742,3.891320976963307
payment_loss,payment,loss,cpu,orders,carts,11.07046813149393,14.380908054280722,11.539841782463679,13.891064657604918,3.3104399227867916,2.3512228751412394
payment_loss,payment,loss,cpu,orders,shipping,11.060920486797983,14.380953539760725,11.582024755362216,14.446200021356354,3.320033052962742,2.864175265994138
payment_loss,payment,loss,cpu,shipping,front-end,6.650233134460873,63.12015200558285,6.650233134460873,63.12015200558285,56.469918871121976,56.469918871121976
payment_loss,payment,loss,cpu,shipping,catalogue,6.650233134460873,63.12015200558285,6.650233134460873,63.12015200558285,56.469918871121976,56.469918871121976
payment_loss,payment,loss,cpu,shipping,user,6.650233134460873,63.12015200558285,6.64829016033903,63.10891823520873,56.469918871121976,56.4606280748697
payment_loss,payment,loss,cpu,shipping,carts,6.661967110465218,63.11133749910465,6.581671393622345,63.6942509441727,56.44937038863943,57.11257955055036
payment_loss,payment,loss,cpu,shipping,orders,6.650233134460873,63.12015200558285,6.650233134460873,63.12015200558285,56.469918871121976,56.469918871121976
payment_loss,payment,loss,mem,front-end,catalogue,3.383549847614557,3.5194058393401275,3.3666659144552047,3.653963588905483,0.1358559917255704,0.28729767445027843
payment_loss,payment,loss,mem,front-end,user,3.383549847614557,3.5194058393401275,3.383549847614557,3.5194058393401275,0.1358559917255704,0.1358559917255704
payment_loss,payment,loss,mem,front-end,carts,3.383549847614557,3.5194058393401275,3.262012124120238,3.666998685031617,0.1358559917255704,0.4049865609113792
payment_loss,payment,loss,mem,front-end,orders,3.383549847614557,3.5194058393401275,3.384522453406052,3.4273833639782856,0.1358559917255704,0.042860910572233735
payment_loss,payment,loss,mem,front-end,shipping,3.383549847614557,3.5194058393401275,3.3815257098613474,3.518668745734007,0.1358559917255704,0.13714303587265952
payment_loss,payment,loss,mem,catalogue,front-end,0.0903975146122514,0.1828063499945351,0.09087857360952203,0.18415633165263864,0.0924088353822837,0.09327775804311661
payment_loss,payment,loss,mem,catalogue,user,0.0903975146122514,0.1828063499945351,0.08236384897133697,0.15921624990967173,0.0924088353822837,0.07685240093833476
payment_loss,payment,loss,mem,catalogue,carts,0.0903975146122514,0.1828063499945351,0.09109699835056637,0.18265067257352968,0.0924088353822837,0.09155367422296332
payment_loss,payment,loss,mem,catalogue,orders,0.0903975146122514,0.1828063499945351,0.08976436259670938,0.42102189966814624,0.0924088353822837,0.33125753707143685
payment_loss,payment,loss,mem,catalogue,shipping,0.0903975146122514,0.1828063499945351,0.0896063387079867,0.18470334744448355,0.0924088353822837,0.09509700873649685
payment_loss,payment,loss,mem,user,front-end,0.18097212803324367,0.20159527886998305,0.18097212803324367,0.20159527886998305,0.02062315083673938,0.02062315083673938
payment_loss,payment,loss,mem,user,catalogue,0.18097212803324367,0.20159527886998305,0.17305512860366026,0.139492521212647,0.02062315083673938,-0.03356260739101327
payment_loss,payment,loss,mem,user,carts,0.18097212803324367,0.20159527886998305,0.18097212803324367,0.20159527886998305,0.02062315083673938,0.02062315083673938
payment_loss,payment,loss,mem,user,orders,0.18097212803324367,0.20159527886998305,0.18097212803324367,0.20159527886998305,0.02062315083673938,0.02062315083673938
payment_loss,payment,loss,mem,user,shipping,0.18097212803324367,0.20159527886998305,0.18097212803324367,0.20159527886998305,0.02062315083673938,0.02062315083673938
payment_loss,payment,loss,mem,carts,front-end,0.004147329944929993,0.008747524449271515,0.004364775115567907,0.009295864218292309,0.004600194504341523,0.0049310891027244015
payment_loss,payment,loss,mem,carts,catalogue,0.004147329944929993,0.008747524449271515,0.004147329944929993,0.008747524449271515,0.004600194504341523,0.004600194504341523
payment_loss,payment,loss,mem,carts,user,0.004147329944929993,0.008747524449271515,0.004147329944929993,0.008747524449271515,0.004600194504341523,0.004600194504341523
payment_loss,payment,loss,mem,carts,orders,0.004147329944929993,0.008747524449271515,0.004147329944929993,0.008747524449271515,0.004600194504341523,0.004600194504341523
payment_loss,payment,loss,mem,carts,shipping,0.004147329944929993,0.008747524449271515,0.00414680246488026,0.00900453434308162,0.004600194504341523,0.00485773187820136
payment_loss,payment,loss,mem,orders,front-end,0.005043590686589469,0.1605448404839057,0.005136862214363802,0.16055235292711034,0.15550124979731622,0.15541549071274655
payment_loss,payment,loss,mem,orders,catalogue,0.005043590686589469,0.1605448404839057,0.0051525533691462394,0.16215092146822527,0.15550124979731622,0.15699836809907902
payment_loss,payment,loss,mem,orders,user,0.005043590686589469,0.1605448404839057,0.005136110263144643,0.16056086075934084,0.15550124979731622,0.1554247504961962
payment_loss,payment,loss,mem,orders,carts,0.005043590686589469,0.1605448404839057,0.005136110263144643,0.16056086075934084,0.15550124979731622,0.1554247504961962
payment_loss,payment,loss,mem,orders,shipping,0.005043590686589469,0.1605448404839057,0.005114552329206149,0.16052516485050794,0.15550124979731622,0.15541061252130178
payment_loss,payment,loss,mem,shipping,front-end,0.0038691254575867976,0.001517150375579072,0.003868982902847949,0.0015053661071925987,-0.0023519750820077253,-0.0023636167956553504
payment_loss,payment,loss,mem,shipping,catalogue,0.0038691254575867976,0.001517150375579072,0.003830055982258271,0.003032228066622886,-0.0023519750820077253,-0.0007978279156353849
payment_loss,payment,loss,mem,shipping,user,0.0038691254575867976,0.001517150375579072,0.0038691254575867976,0.001517150375579072,-0.0023519750820077253,-0.0023519750820077253
payment_loss,payment,loss,mem,shipping,carts,0.0038691254575867976,0.001517150375579072,0.0032734744872343693,0.004515474794925308,-0.0023519750820077253,0.0012420003076909387
payment_loss,payment,loss,mem,shipping,orders,0.0038691254575867976,0.001517150375579072,0.0038697467911836974,0.0034808703458637765,-0.0023519750820077253,-0.00038887644531992093
payment_loss,payment,loss,cpu,front-end,catalogue,9.823728913514875,7.821941393440457,9.632610173835367,7.863035601903741,-2.0017875200744184,-1.769574571931626
payment_loss,payment,loss,cpu,front-end,user,9.823728913514875,7.838918367607896,9.65795832849041,8.21706949212818,-1.9848105459069796,-1.4408888363622303
payment_loss,payment,loss,cpu,front-end,carts,9.823728913514875,7.805323490058506,9.499215199110703,8.191581146961457,-2.018405423456369,-1.307634052149245
payment_loss,payment,loss,cpu,front-end,orders,9.823728913514875,7.821941393440457,9.897412608370999,8.096468391962176,-2.0017875200744184,-1.8009442164088227
payment_loss,payment,loss,cpu,front-end,shipping,9.823728913514875,7.821941393440457,9.628049383658015,8.183516018853537,-2.0017875200744184,-1.444533364804478
payment_loss,payment,loss,cpu,catalogue,front-end,7.52750788857245,8.785001290016512,7.464135016772058,8.674343965420151,1.2574934014440613,1.2102089486480931
payment_loss,payment,loss,cpu,catalogue,user,7.52750788857245,8.805041922796274,7.541576266376349,8.694115755505303,1.277534034223824,1.1525394891289542
payment_loss,payment,loss,cpu,catalogue,carts,7.52750788857245,8.73978872346103,7.240002401422374,8.95779676540786,1.2122808348885803,1.7177943639854858
payment_loss,payment,loss,cpu,catalogue,orders,7.52750788857245,8.785001290016512,7.634894240182573,8.929456573626588,1.2574934014440613,1.2945623334440155
payment_loss,payment,loss,cpu,catalogue,shipping,7.52750788857245,8.785001290016512,7.600627447643206,8.922064513763127,1.2574934014440613,1.3214370661199206
payment_loss,payment,loss,cpu,user,front-end,7.323059184714981,11.152231407056101,7.092488624529676,11.340634623820735,3.8291722223411204,4.248145999291059
payment_loss,payment,loss,cpu,user,catalogue,7.323059184714981,11.152231407056101,7.229825001303899,11.285380243550083,3.8291722223411204,4.055555242246184
payment_loss,payment,loss,cpu,user,carts,7.323059184714981,11.165457061848539,7.175948256898164,11.39506796540791,3.842397877133558,4.219119708509745
payment_loss,payment,loss,cpu,user,orders,7.323059184714981,11.152231407056101,7.324281517669931,11.298205366301195,3.8291722223411204,3.973923848631264
payment_loss,payment,loss,cpu,user,shipping,7.323059184714981,11.152231407056101,7.326004211432648,11.309965908211861,3.8291722223411204,3.9839616967792137
payment_loss,payment,loss,cpu,carts,front-end,24.033952177610935,31.86077735417671,23.76371549534383,29.875050875592517,7.826825176565777,6.111335380248686
payment_loss,payment,loss,cpu,carts,catalogue,24.033952177610935,31.86077735417671,25.334520845498215,29.592244276429224,7.826825176565777,4.257723430931009
payment_loss,payment,loss,cpu,carts,user,24.033952177610935,31.900879833500333,23.46236637529187,32.273984926220294,7.866927655889398,8.811618550928422
payment_loss,payment,loss,cpu,carts,orders,24.033952177610935,31.86077735417671,24.33113512091241,30.776257452753498,7.826825176565777,6.4451223318410875
payment_loss,payment,loss,cpu,carts,shipping,24.033952177610935,31.86077735417671,24.33113512091241,30.776257452753498,7.826825176565777,6.4451223318410875
payment_loss,payment,loss,cpu,orders,front-end,27.587360642780695,26.26229470523661,26.5905258186252,26.34940265492624,-1.3250659375440854,-0.24112316369895836
payment_loss,payment,loss,cpu,orders,catalogue,27.587360642780695,26.26229470523661,27.579020228990842,26.244668108192098,-1.3250659375440854,-1.3343521207987443
payment_loss,payment,loss,cpu,orders,user,27.587360642780695,26.25239828292858,27.55713756829858,26.250088344412497,-1.3349623598521134,-1.3070492238860822
payment_loss,payment,loss,cpu,orders,carts,27.587360642780695,26.274766162504065,27.587360642780695,26.274766162504065,-1.3125944802766298,-1.3125944802766298
payment_loss,payment,loss,cpu,orders,shipping,27.587360642780695,26.26229470523661,27.587360642780695,26.26229470523661,-1.3250659375440854,-1.3250659375440854
payment_loss,payment,loss,cpu,shipping,front-end,31.958659330833633,113.57605193068177,32.74948159724069,140.4800299147728,81.61739259984813,107.73054831753213
payment_loss,payment,loss,cpu,shipping,catalogue,31.958659330833633,113.57605193068177,31.875281439432456,141.05431680595402,81.61739259984813,109.17903536652156
payment_loss,payment,loss,cpu,shipping,user,31.958659330833633,113.76843704335167,31.911206257985352,144.83693494788156,81.80977771251804,112.9257286898962
payment_loss,payment,loss,cpu,shipping,carts,31.958659330833633,113.6497183368488,31.911206257985352,144.68396874124875,81.69105900601517,112.77276248326339
payment_loss,payment,loss,cpu,shipping,orders,31.958659330833633,113.57605193068177,31.911206257985352,144.56576131581,81.61739259984813,112.65455505782464
payment_loss,payment,loss,mem,front-end,catalogue,3.6905887594125595,3.3107318980990152,3.696432801627536,3.3048320096607973,-0.37985686131354424,-0.3916007919667388
payment_loss,payment,loss,mem,front-end,user,3.6905887594125595,3.3107318980990152,3.688930093306845,3.288345429384808,-0.37985686131354424,-0.4005846639220372
payment_loss,payment,loss,mem,front-end,carts,3.6905887594125595,3.3107318980990152,3.6850620114529677,3.2771211233857076,-0.37985686131354424,-0.40794088806726014
payment_loss,payment,loss,mem,front-end,orders,3.6905887594125595,3.3107318980990152,3.688818113793731,3.2894603876806685,-0.37985686131354424,-0.3993577261130623
payment_loss,payment,loss,mem,front-end,shipping,3.6905887594125595,3.3107318980990152,3.678972142079636,3.27166006421489,-0.37985686131354424,-0.4073120778647459
payment_loss,payment,loss,mem,catalogue,front-end,0.32567607249651237,1.0914707986927996,0.32567607249651237,1.0914707986927996,0.7657947261962872,0.7657947261962872
payment_loss,payment,loss,mem,catalogue,user,0.32567607249651237,1.0914707986927996,0.1697114663852113,0.5812265018020483,0.7657947261962872,0.411515035416837
payment_loss,payment,loss,mem,catalogue,carts,0.32567607249651237,1.0914707986927996,0.17722075869823017,0.3871184027527837,0.7657947261962872,0.20989764405455352
payment_loss,payment,loss,mem,catalogue,orders,0.32567607249651237,1.0914707986927996,0.1469213811397969,0.5152860191395967,0.7657947261962872,0.3683646379997998
payment_loss,payment,loss,mem,catalogue,shipping,0.32567607249651237,1.0914707986927996,0.1658790297322019,0.6694751987755785,0.7657947261962872,0.5035961690433766
payment_loss,payment,loss,mem,user,front-end,0.6976757152551334,1.6277965527419165,0.6967551922964635,1.6264614599589118,0.9301208374867831,0.9297062676624482
payment_loss,payment,loss,mem,user,catalogue,0.6976757152551334,1.6277965527419165,0.41639159517215496,0.6764391651826079,0.9301208374867831,0.260047570010453
payment_loss,payment,loss,mem,user,carts,0.6976757152551334,1.6277965527419165,0.4092261910608542,0.20872233693088188,0.9301208374867831,-0.20050385412997235
payment_loss,payment,loss,mem,user,orders,0.6976757152551334,1.6277965527419165,0.32974325332573107,0.36024356418048603,0.9301208374867831,0.030500310854754964
payment_loss,payment,loss,mem,user,shipping,0.6976757152551334,1.6277965527419165,0.37457353117608144,0.5608456546570386,0.9301208374867831,0.18627212348095717
payment_loss,payment,loss,mem,carts,front-end,0.32436923967579967,0.8925931741093431,0.32385628461945504,0.8912592323743838,0.5682239344335435,0.5674029477549287
payment_loss,payment,loss,mem,carts,catalogue,0.32436923967579967,0.8925931741093431,0.17319249901806724,0.10504786600191263,0.5682239344335435,-0.06814463301615462
payment_loss,payment,loss,mem,carts,user,0.32436923967579967,0.8925931741093431,0.2110337326695082,0.3872865289731078,0.5682239344335435,0.17625279630359958
payment_loss,payment,loss,mem,carts,orders,0.32436923967579967,0.8925931741093431,0.14966715342632675,0.3218001609872718,0.5682239344335435,0.17213300756094507
payment_loss,payment,loss,mem,carts,shipping,0.32436923967579967,0.8925931741093431,0.11971040703975318,0.42018484840996806,0.5682239344335435,0.3004744413702149
payment_loss,payment,loss,mem,orders,front-end,0.16919288913982178,0.34067557741990795,0.16906642264892138,0.3404578360742718,0.17148268828008617,0.17139141342535044
payment_loss,payment,loss,mem,orders,catalogue,0.16919288913982178,0.34067557741990795,0.07594742483835704,0.1402844451259849,0.17148268828008617,0.06433702028762786
payment_loss,payment,loss,mem,orders,user,0.16919288913982178,0.34067557741990795,0.07606720125434464,0.10999222945691947,0.17148268828008617,0.03392502820257483
payment_loss,payment,loss,mem,orders,carts,0.16919288913982178,0.34067557741990795,0.07341971053792322,0.07863360488130666,0.17148268828008617,0.005213894343383443
payment_loss,payment,loss,mem,orders,shipping,0.16919288913982178,0.34067557741990795,0.04706499247652274,0.12761461263558607,0.17148268828008617,0.08054962015906333
payment_loss,payment,loss,mem,shipping,front-end,0.08880988385381627,0.13870153703923027,0.08865123108202104,0.1357587410260901,0.049891653185414,0.04710750994406905
payment_loss,payment,loss,mem,shipping,catalogue,0.08880988385381627,0.13870153703923027,0.04203044242557497,0.09351750866770644,0.049891653185414,0.05148706624213147
payment_loss,payment,loss,mem,shipping,user,0.08880988385381627,0.13870153703923027,0.04725430129035612,0.017641515058420893,0.049891653185414,-0.029612786231935227
payment_loss,payment,loss,mem,shipping,carts,0.08880988385381627,0.13870153703923027,0.030505476838774716,0.06965554252088463,0.049891653185414,0.03915006568210991
payment_loss,payment,loss,mem,shipping,orders,0.08880988385381627,0.13870153703923027,0.023076583139015307,0.05261081603111893,0.049891653185414,0.029534232892103624
payment_loss,payment,loss,cpu,front-end,catalogue,9.063194988717404,10.055435856102628,9.241439069624242,9.485125319971283,0.9922408673852239,0.24368625034704117
payment_loss,payment,loss,cpu,front-end,user,9.063194988717404,10.055435856102628,9.187178163142427,9.485262456524273,0.9922408673852239,0.29808429338184617
payment_loss,payment,loss,cpu,front-end,carts,9.063194988717404,10.055435856102628,9.276719317032697,9.620627642959954,0.9922408673852239,0.3439083259272575
payment_loss,payment,loss,cpu,front-end,orders,9.063194988717404,10.055435856102628,9.274516499277196,9.598690386362744,0.9922408673852239,0.3241738870855482
payment_loss,payment,loss,cpu,front-end,shipping,9.063194988717404,10.055435856102628,9.274516499277196,9.598690386362744,0.9922408673852239,0.3241738870855482
payment_loss,payment,loss,cpu,catalogue,front-end,7.727422481912076,8.958315264674509,7.948855430351817,8.494791364555368,1.2308927827624325,0.545935934203551
payment_loss,payment,loss,cpu,catalogue,user,7.727422481912076,8.958315264674509,7.92804252750112,8.620416808462558,1.2308927827624325,0.6923742809614382
payment_loss,payment,loss,cpu,catalogue,carts,7.727422481912076,8.958315264674509,8.050614490348522,8.67394290106428,1.2308927827624325,0.6233284107157573
payment_loss,payment,loss,cpu,catalogue,orders,7.727422481912076,8.958315264674509,8.040942011614357,8.658936989217331,1.2308927827624325,0.6179949776029741
payment_loss,payment,loss,cpu,catalogue,shipping,7.727422481912076,8.958315264674509,7.889646948424704,8.907857018647611,1.2308927827624325,1.0182100702229073
payment_loss,payment,loss,cpu,user,front-end,8.572415480993035,9.966639921829426,8.766366899819639,10.4531309849484,1.3942244408363909,1.686764085128761
payment_loss,payment,loss,cpu,user,catalogue,8.572415480993035,9.966639921829426,8.737968749280741,10.407708008393541,1.3942244408363909,1.6697392591128004
payment_loss,payment,loss,cpu,user,carts,8.572415480993035,9.966639921829426,8.700599603244422,10.422636519935304,1.3942244408363909,1.7220369166908824
payment_loss,payment,loss,cpu,user,orders,8.572415480993035,9.966639921829426,8.740144518777642,10.493467521627474,1.3942244408363909,1.7533230028498323
payment_loss,payment,loss,cpu,user,shipping,8.572415480993035,9.966639921829426,8.740144518777642,10.493467521627474,1.3942244408363909,1.7533230028498323
payment_loss,payment,loss,cpu,carts,front-end,21.793345112985403,20.3577529769437,22.42488605946043,20.036415193634326,-1.435592136041702,-2.388470865826104
payment_loss,payment,loss,cpu,carts,catalogue,21.793345112985403,20.3577529769437,22.030709638539367,19.989848093066165,-1.435592136041702,-2.040861545473202
payment_loss,payment,loss,cpu,carts,user,21.793345112985403,20.3577529769437,22.26728368951873,20.136822132473,-1.435592136041702,-2.130461557045731
payment_loss,payment,loss,cpu,carts,orders,21.793345112985403,20.3577529769437,22.146352177110305,20.108778437121337,-1.435592136041702,-2.037573739988968
payment_loss,payment,loss,cpu,carts,shipping,21.793345112985403,20.3577529769437,21.931045192275313,19.677779458447898,-1.435592136041702,-2.2532657338274156
payment_loss,payment,loss,cpu,orders,front-end,93.73646489807389,86.40698202854857,93.73646489807389,86.40698202854857,-7.329482869525322,-7.329482869525322
payment_loss,payment,loss,cpu,orders,catalogue,93.73646489807389,86.40698202854857,93.73646489807389,86.40698202854857,-7.329482869525322,-7.329482869525322
payment_loss,payment,loss,cpu,orders,user,93.73646489807389,86.40698202854857,93.73646489807389,86.40698202854857,-7.329482869525322,-7.329482869525322
payment_loss,payment,loss,cpu,orders,carts,93.73646489807389,86.40698202854857,93.73646489807389,86.40698202854857,-7.329482869525322,-7.329482869525322
payment_loss,payment,loss,cpu,orders,shipping,93.73646489807389,86.40698202854857,91.08385925926952,70.23240498692105,-7.329482869525322,-20.851454272348462
payment_loss,payment,loss,cpu,shipping,front-end,33.51489975779167,74.62727873571934,33.6743806946952,110.04844299322964,41.112378977927676,76.37406229853444
payment_loss,payment,loss,cpu,shipping,catalogue,33.51489975779167,74.62727873571934,33.381371515430494,108.51698644954098,41.112378977927676,75.13561493411049
payment_loss,payment,loss,cpu,shipping,user,33.51489975779167,74.62727873571934,33.6743806946952,110.04844299322964,41.112378977927676,76.37406229853444
payment_loss,payment,loss,cpu,shipping,carts,33.51489975779167,74.62727873571934,33.69003851867615,108.49460845712329,41.112378977927676,74.80456993844714
payment_loss,payment,loss,cpu,shipping,orders,33.51489975779167,74.62727873571934,34.20465921709506,104.81402093312498,41.112378977927676,70.60936171602992
payment_loss,payment,loss,mem,front-end,catalogue,3.2837659229781053,3.746709219243568,3.282352130472093,3.7511430778803936,0.4629432962654625,0.4687909474083005
payment_loss,payment,loss,mem,front-end,user,3.2837659229781053,3.746709219243568,3.2744935122210723,3.752364563433658,0.4629432962654625,0.47787105121258566
payment_loss,payment,loss,mem,front-end,carts,3.2837659229781053,3.746709219243568,3.2330627068036466,3.768137544860137,0.4629432962654625,0.5350748380564903
payment_loss,payment,loss,mem,front-end,orders,3.2837659229781053,3.746709219243568,3.2837659229781053,3.746709219243568,0.4629432962654625,0.4629432962654625
payment_loss,payment,loss,mem,front-end,shipping,3.2837659229781053,3.746709219243568,3.2813454484616,3.7888534439326875,0.4629432962654625,0.5075079954710877
payment_loss,payment,loss,mem,catalogue,front-end,0.4120476954267727,1.1191574620015527,0.41375394503394547,1.1166947194093073,0.7071097665747801,0.7029407743753618
payment_loss,payment,loss,mem,catalogue,user,0.4120476954267727,1.1191574620015527,0.2234304616800372,0.5583475254562595,0.7071097665747801,0.3349170637762223
payment_loss,payment,loss,mem,catalogue,carts,0.4120476954267727,1.1191574620015527,0.33672259773150837,0.936303676562108,0.7071097665747801,0.5995810788305996
payment_loss,payment,loss,mem,catalogue,orders,0.4120476954267727,1.1191574620015527,0.4136358929076148,1.1179333804142277,0.7071097665747801,0.7042974875066129
payment_loss,payment,loss,mem,catalogue,shipping,0.4120476954267727,1.1191574620015527,0.4212387908669619,0.48466488866806234,0.7071097665747801,0.06342609780110042
payment_loss,payment,loss,mem,user,front-end,0.7114776013449295,1.141347158917272,0.7124363238948375,1.1291491476017137,0.42986955757234235,0.41671282370687623
payment_loss,payment,loss,mem,user,catalogue,0.7114776013449295,1.141347158917272,0.38435320284950014,0.5399048380330285,0.42986955757234235,0.15555163518352833
payment_loss,payment,loss,mem,user,carts,0.7114776013449295,1.141347158917272,0.6209799796682336,0.8518915131694027,0.42986955757234235,0.2309115335011691
payment_loss,payment,loss,mem,user,orders,0.7114776013449295,1.141347158917272,0.7113913596685053,1.14075178821397,0.42986955757234235,0.42936042854546463
payment_loss,payment,loss,mem,user,shipping,0.7114776013449295,1.141347158917272,0.7113913596685053,1.14075178821397,0.42986955757234235,0.42936042854546463
payment_loss,payment,loss,mem,carts,front-end,0.13301320968553662,0.15409597726933943,0.13596711656972654,0.14272859122031303,0.021082767583802814,0.006761474650586491
payment_loss,payment,loss,mem,carts,catalogue,0.13301320968553662,0.15409597726933943,0.07276756366363049,0.08309634174393533,0.021082767583802814,0.010328778080304843
payment_loss,payment,loss,mem,carts,user,0.13301320968553662,0.15409597726933943,0.09093562698605243,0.03216144517564915,0.021082767583802814,-0.058774181810403274
payment_loss,payment,loss,mem,carts,orders,0.13301320968553662,0.15409597726933943,0.13663204769277446,0.1527530749210327,0.021082767583802814,0.016121027228258256
payment_loss,payment,loss,mem,carts,shipping,0.13301320968553662,0.15409597726933943,0.13663204769277446,0.1527530749210327,0.021082767583802814,0.016121027228258256
payment_loss,payment,loss,mem,orders,front-end,0.13753059099523945,0.051407555320734856,0.13753059099523945,0.051407555320734856,-0.0861230356745046,-0.0861230356745046
payment_loss,payment,loss,mem,orders,catalogue,0.13753059099523945,0.051407555320734856,0.13753059099523945,0.051407555320734856,-0.0861230356745046,-0.0861230356745046
payment_loss,payment,loss,mem,orders,user,0.13753059099523945,0.051407555320734856,0.13753059099523945,0.051407555320734856,-0.0861230356745046,-0.0861230356745046
payment_loss,payment,loss,mem,orders,carts,0.13753059099523945,0.051407555320734856,0.13753059099523945,0.051407555320734856,-0.0861230356745046,-0.0861230356745046
payment_loss,payment,loss,mem,orders,shipping,0.13753059099523945,0.051407555320734856,0.13753059099523945,0.051407555320734856,-0.0861230356745046,-0.0861230356745046
payment_loss,payment,loss,mem,shipping,front-end,0.0026415065381980244,0.05818174287529896,0.002638418355069595,0.058170500793796306,0.05554023633710094,0.05553208243872671
payment_loss,payment,loss,mem,shipping,catalogue,0.0026415065381980244,0.05818174287529896,0.0025533278452969104,0.057474246199854785,0.05554023633710094,0.054920918354557875
payment_loss,payment,loss,mem,shipping,user,0.0026415065381980244,0.05818174287529896,0.0026415065381980244,0.05818174287529896,0.05554023633710094,0.05554023633710094
payment_loss,payment,loss,mem,shipping,carts,0.0026415065381980244,0.05818174287529896,0.0026415065381980244,0.05818174287529896,0.05554023633710094,0.05554023633710094
payment_loss,payment,loss,mem,shipping,orders,0.0026415065381980244,0.05818174287529896,0.0026415065381980244,0.05818174287529896,0.05554023633710094,0.05554023633710094
payment_mem,payment,mem,cpu,front-end,catalogue,10.92416238473458,8.954305032849685,11.09893591736765,7.2703735008157935,-1.9698573518848939,-3.828562416551856
payment_mem,payment,mem,cpu,front-end,user,10.92416238473458,8.963184279531408,10.511186629189169,8.521976104461494,-1.9609781052031714,-1.9892105247276746
payment_mem,payment,mem,cpu,front-end,carts,10.92416238473458,8.954305032849685,11.070526564398438,7.2781084846191515,-1.9698573518848939,-3.792418079779287
payment_mem,payment,mem,cpu,front-end,orders,10.92416238473458,8.954305032849685,9.075472157127312,8.551719415463467,-1.9698573518848939,-0.523752741663845
payment_mem,payment,mem,cpu,front-end,shipping,10.943645436704704,8.961243320478157,11.100087482323593,7.275581444963462,-1.982402116226547,-3.8245060373601305
payment_mem,payment,mem,cpu,catalogue,front-end,9.630924121722996,11.736629471226498,9.663696782192119,11.831919564758786,2.105705349503502,2.1682227825666676
payment_mem,payment,mem,cpu,catalogue,user,9.630924121722996,11.742097361861065,9.625581019960833,11.81490193526033,2.1111732401380685,2.189320915299497
payment_mem,payment,mem,cpu,catalogue,carts,9.630924121722996,11.736629471226498,9.673580311971541,11.822439167831531,2.105705349503502,2.1488588558599897
payment_mem,payment,mem,cpu,catalogue,orders,9.630924121722996,11.736629471226498,9.640737333145779,12.00618498491737,2.105705349503502,2.365447651771591
payment_mem,payment,mem,cpu,catalogue,shipping,9.649974078833297,11.740152141789308,9.67040651213568,11.757050498483562,2.09017806295601,2.086643986347882
payment_mem,payment,mem,cpu,user,front-end,10.284627067047486,9.077529547921802,10.10847655074168,9.727099590829638,-1.2070975191256839,-0.3813769599120409
payment_mem,payment,mem,cpu,user,catalogue,10.284627067047486,9.077529547921802,10.228410837238735,9.255611979671754,-1.2070975191256839,-0.9727988575669819
payment_mem,payment,mem,cpu,user,carts,10.284627067047486,9.077529547921802,10.254115201559095,9.28779526514716,-1.2070975191256839,-0.966319936411935
payment_mem,payment,mem,cpu,user,orders,10.284627067047486,9.077529547921802,8.25916963702332,7.806578668186057,-1.2070975191256839,-0.4525909688372627
payment_mem,payment,mem,cpu,user,shipping,10.309126335404757,9.072542432784545,10.266537186085488,9.281649325528777,-1.2365839026202128,-0.9848878605567108
payment_mem,payment,mem,cpu,carts,front-end,41.423985078484044,44.66421505929994,43.164296773884985,42.76880996062832,3.240229980815897,-0.39548681325666735
payment_mem,payment,mem,cpu,carts,catalogue,41.423985078484044,44.66421505929994,43.18723327686625,42.95545629074864,3.240229980815897,-0.23177698611760889
payment_mem,payment,mem,cpu,carts,user,41.423985078484044,44.68380070167422,43.164296773884985,42.77307630525598,3.2598156231901783,-0.39122046862900817
payment_mem,payment,mem,cpu,carts,orders,41.423985078484044,44.66421505929994,43.164296773884985,42.76880996062832,3.240229980815897,-0.39548681325666735
payment_mem,payment,mem,cpu,carts,shipping,41.185140762463405,44.28942043647624,39.583549745406934,37.09265432065089,3.1042796740128367,-2.4908954247560473
payment_mem,payment,mem,cpu,orders,front-end,95.88120527692206,210.88733868045537,232.13109304747536,465.0960865818752,115.00613340353331,232.96499353439987
payment_mem,payment,mem,cpu,orders,catalogue,95.88120527692206,210.88733868045537,209.18514583175894,443.8290684982554,115.00613340353331,234.64392266649648
payment_mem,payment,mem,cpu,orders,user,95.88120527692206,210.86858784695158,219.58312285872682,351.3952707385959,114.98738257002952,131.8121478798691
payment_mem,payment,mem,cpu,orders,carts,95.88120527692206,210.88733868045537,212.35686791647245,430.731686598406,115.00613340353331,218.37481868193353
payment_mem,payment,mem,cpu,orders,shipping,95.92831336144003,211.4389729230675,212.52479816411585,432.03000243883594,115.51065956162746,219.50520427472009
payment_mem,payment,mem,cpu,shipping,front-end,50.211176597259744,38.94134925793557,61.84082238957607,33.90876390435182,-11.269827339324173,-27.932058485224246
payment_mem,payment,mem,cpu,shipping,catalogue,50.211176597259744,38.94134925793557,61.84082238957607,33.90876390435182,-11.269827339324173,-27.932058485224246
payment_mem,payment,mem,cpu,shipping,user,50.211176597259744,38.97857943985994,61.84082238957607,33.947416387643415,-11.232597157399802,-27.893406001932654
payment_mem,payment,mem,cpu,shipping,carts,50.211176597259744,38.94134925793557,54.4153016942323,23.051109894652384,-11.269827339324173,-31.364191799579913
payment_mem,payment,mem,cpu,shipping,orders,50.211176597259744,38.94134925793557,61.84082238957607,33.90876390435182,-11.269827339324173,-27.932058485224246
payment_mem,payment,mem,mem,front-end,catalogue,3.5891194792676577,3.2139393663676983,3.5608650043259726,3.3545782464798646,-0.37518011289995945,-0.20628675784610806
payment_mem,payment,mem,mem,front-end,user,3.5891194792676577,3.2139393663676983,3.5765946081193447,3.2671052900824358,-0.37518011289995945,-0.30948931803690893
payment_mem,payment,mem,mem,front-end,carts,3.5891194792676577,3.2139393663676983,3.587947094069393,3.220488454770245,-0.37518011289995945,-0.3674586392991479
payment_mem,payment,mem,mem,front-end,orders,3.5891194792676577,3.2139393663676983,3.5891194792676577,3.2139393663676983,-0.37518011289995945,-0.37518011289995945
payment_mem,payment,mem,mem,front-end,shipping,3.5891194792676577,3.2139393663676983,3.576872892571776,3.3267836201970296,-0.37518011289995945,-0.2500892723747463
payment_mem,payment,mem,mem,catalogue,front-end,0.3954574478336758,1.0923980571994447,0.3918895859897924,1.094685662638773,0.6969406093657688,0.7027960766489807
payment_mem,payment,mem,mem,catalogue,user,0.3954574478336758,1.0923980571994447,0.20681094457996826,0.3561338838674961,0.6969406093657688,0.14932293928752785
payment_mem,payment,mem,mem,catalogue,carts,0.3954574478336758,1.0923980571994447,0.2253255415089126,0.48060695337947057,0.6969406093657688,0.255281411870558
payment_mem,payment,mem,mem,catalogue,orders,0.3954574478336758,1.0923980571994447,0.3946666315271222,1.0932577454864345,0.6969406093657688,0.6985911139593123
payment_mem,payment,mem,mem,catalogue,shipping,0.3954574478336758,1.0923980571994447,0.19752293119965908,0.1836884052646015,0.6969406093657688,-0.013834525935057573
payment_mem,payment,mem,mem,user,front-end,0.9858295579974727,2.5968591582807363,0.9770297802144704,2.5987842763674602,1.6110296002832636,1.62175449615299
payment_mem,payment,mem,mem,user,catalogue,0.9858295579974727,2.5968591582807363,0.6185457567898708,0.8963643639320337,1.6110296002832636,0.2778186071421629
payment_mem,payment,mem,mem,user,carts,0.9858295579974727,2.5968591582807363,0.47313688344158167,0.553686011261413,1.6110296002832636,0.08054912781983137
payment_mem,payment,mem,mem,user,orders,0.9858295579974727,2.5968591582807363,0.9858295579974727,2.5968591582807363,1.6110296002832636,1.6110296002832636
payment_mem,payment,mem,mem,user,shipping,0.9858295579974727,2.5968591582807363,0.36587296801790486,0.6654677242642073,1.6110296002832636,0.29959475624630244
payment_mem,payment,mem,mem,carts,front-end,0.4633541949562918,1.0731870905062257,0.46609854917289506,1.0845992698737144,0.6098328955499339,0.6185007207008193
payment_mem,payment,mem,mem,carts,catalogue,0.4633541949562918,1.0731870905062257,0.32269551970650573,0.4468850191543289,0.6098328955499339,0.12418949944782315
payment_mem,payment,mem,mem,carts,user,0.4633541949562918,1.0731870905062257,0.21217835022186715,0.16683681361710492,0.6098328955499339,-0.04534153660476223
payment_mem,payment,mem,mem,carts,orders,0.4633541949562918,1.0731870905062257,0.4661466884232217,1.084469563696157,0.6098328955499339,0.6183228752729353
payment_mem,payment,mem,mem,carts,shipping,0.4633541949562918,1.0731870905062257,0.23083203864110238,0.17915979528748088,0.6098328955499339,-0.0516722433536215
payment_mem,payment,mem,mem,orders,front-end,29.95263098842361,29.377070488978795,33.4944679116017,33.593961584525154,-0.5755604994448156,0.09949367292345102
payment_mem,payment,mem,mem,orders,catalogue,29.95263098842361,29.377070488978795,33.4944679116017,33.593961584525154,-0.5755604994448156,0.09949367292345102
payment_mem,payment,mem,mem,orders,user,29.95263098842361,29.377070488978795,33.4944679116017,33.593961584525154,-0.5755604994448156,0.09949367292345102
payment_mem,payment,mem,mem,orders,carts,29.95263098842361,29.377070488978795,33.4944679116017,33.593961584525154,-0.5755604994448156,0.09949367292345102
payment_mem,payment,mem,mem,orders,shipping,29.95263098842361,29.377070488978795,33.4944679116017,33.593961584525154,-0.5755604994448156,0.09949367292345102
payment_mem,payment,mem,mem,shipping,front-end,0.0907183378801255,0.3430366500398026,0.0979101845095311,0.35652522880061027,0.2523183121596771,0.2586150442910792
payment_mem,payment,mem,mem,shipping,catalogue,0.0907183378801255,0.3430366500398026,0.06733582278736655,0.17401259116101053,0.2523183121596771,0.10667676837364398
payment_mem,payment,mem,mem,shipping,user,0.0907183378801255,0.3430366500398026,0.03711223072685558,0.11365574285001107,0.2523183121596771,0.0765435121231555
payment_mem,payment,mem,mem,shipping,carts,0.0907183378801255,0.3430366500398026,0.057744160251470375,0.15075004841196465,0.2523183121596771,0.09300588816049428
payment_mem,payment,mem,mem,shipping,orders,0.0907183378801255,0.3430366500398026,0.09861355751151062,0.3563024946607703,0.2523183121596771,0.25768893714925967
payment_mem,payment,mem,cpu,front-end,catalogue,11.963869237055734,11.118677704658802,11.963869237055734,11.118677704658802,-0.8451915323969317,-0.8451915323969317
payment_mem,payment,mem,cpu,front-end,user,11.976192364737466,11.136339714540272,11.95293464465837,10.849103051372488,-0.8398526501971944,-1.1038315932858822
payment_mem,payment,mem,cpu,front-end,carts,11.963869237055734,11.118677704658802,11.963869237055734,11.118677704658802,-0.8451915323969317,-0.8451915323969317
payment_mem,payment,mem,cpu,front-end,orders,11.963869237055734,11.118677704658802,11.963869237055734,11.118677704658802,-0.8451915323969317,-0.8451915323969317
payment_mem,payment,mem,cpu,front-end,shipping,11.963869237055734,11.118677704658802,11.963869237055734,11.118677704658802,-0.8451915323969317,-0.8451915323969317
payment_mem,payment,mem,cpu,catalogue,front-end,7.556967089819952,9.729706148867498,7.66000779582251,9.6435222733774,2.1727390590475464,1.9835144775548894
payment_mem,payment,mem,cpu,catalogue,user,7.565027872848612,9.737429703273623,7.6436397519036,9.605662253473644,2.1724018304250112,1.9620225015700443
payment_mem,payment,mem,cpu,catalogue,carts,7.556967089819952,9.729706148867498,7.647513713632424,9.685373487272924,2.1727390590475464,2.0378597736405
payment_mem,payment,mem,cpu,catalogue,orders,7.556967089819952,9.729706148867498,7.682403649570362,9.690881273629666,2.1727390590475464,2.008477624059304
payment_mem,payment,mem,cpu,catalogue,shipping,7.556967089819952,9.729706148867498,7.66000779582251,9.6435222733774,2.1727390590475464,1.9835144775548894
payment_mem,payment,mem,cpu,user,front-end,9.177777042260622,8.61459038856524,9.29021797684017,8.33249760771131,-0.5631866536953822,-0.9577203691288592
payment_mem,payment,mem,cpu,user,catalogue,9.177777042260622,8.61459038856524,9.344329132244205,8.479560974097785,-0.5631866536953822,-0.8647681581464202
payment_mem,payment,mem,cpu,user,carts,9.177777042260622,8.61459038856524,9.337489996209754,8.531905880880364,-0.5631866536953822,-0.8055841153293901
payment_mem,payment,mem,cpu,user,orders,9.177777042260622,8.61459038856524,9.363748570573293,8.60630986165482,-0.5631866536953822,-0.7574387089184729
payment_mem,payment,mem,cpu,user,shipping,9.177777042260622,8.61459038856524,9.314267485573527,10.205026293543176,-0.5631866536953822,0.8907588079696485
payment_mem,payment,mem,cpu,carts,front-end,19.368619199595226,24.78306401047481,19.368619199595226,24.78306401047481,5.4144448108795835,5.4144448108795835
payment_mem,payment,mem,cpu,carts,catalogue,19.368619199595226,24.78306401047481,19.39914181624892,25.02969428601941,5.4144448108795835,5.630552469770489
payment_mem,payment,mem,cpu,carts,user,19.34950114591767,24.72260218738697,19.34950114591767,24.72260218738697,5.3731010414692975,5.3731010414692975
payment_mem,payment,mem,cpu,carts,orders,19.368619199595226,24.78306401047481,19.020425215371333,19.512590106361923,5.4144448108795835,0.49216489099059046
payment_mem,payment,mem,cpu,carts,shipping,19.368619199595226,24.78306401047481,19.68388379358808,45.246761063076995,5.4144448108795835,25.562877269488915
payment_mem,payment,mem,cpu,orders,front-end,81.97483340348148,91.47627994386148,81.97483340348148,91.47627994386148,9.501446540380002,9.501446540380002
payment_mem,payment,mem,cpu,orders,catalogue,81.97483340348148,91.47627994386148,81.98277282506771,92.25270541222584,9.501446540380002,10.269932587158124
payment_mem,payment,mem,cpu,orders,user,81.98113495370049,91.74518234631624,81.19519202038454,94.30663021770201,9.764047392615751,13.111438197317469
payment_mem,payment,mem,cpu,orders,carts,81.97483340348148,91.47627994386148,74.81611820436274,57.52258961470721,9.501446540380002,-17.29352858965553
payment_mem,payment,mem,cpu,orders,shipping,81.97483340348148,91.47627994386148,78.74879253287692,120.58373188360372,9.501446540380002,41.8349393507268
payment_mem,payment,mem,cpu,shipping,front-end,34.59351111707887,49.506126872626446,34.658628829208425,49.58302368180285,14.912615755547577,14.924394852594425
payment_mem,payment,mem,cpu,shipping,catalogue,34.59351111707887,49.506126872626446,34.658628829208425,49.58302368180285,14.912615755547577,14.924394852594425
payment_mem,payment,mem,cpu,shipping,user,34.52431424896898,49.57386486885332,33.240997611052904,51.64828553273666,15.049550619884343,18.407287921683753
payment_mem,payment,mem,cpu,shipping,carts,34.59351111707887,49.506126872626446,32.97635964176018,41.69922682216472,14.912615755547577,8.722867180404535
payment_mem,payment,mem,cpu,shipping,orders,34.59351111707887,49.506126872626446,33.49281855729049,46.50892195742537,14.912615755547577,13.016103400134881
payment_mem,payment,mem,mem,front-end,catalogue,3.0592066205479,3.3537438847078445,3.0766635677191037,3.3680411994464183,0.29453726415994463,0.2913776317273147
payment_mem,payment,mem,mem,front-end,user,3.0592066205479,3.3537438847078445,3.116247953936946,3.306733474378709,0.29453726415994463,0.19048552044176326
payment_mem,payment,mem,mem,front-end,carts,3.0592066205479,3.3537438847078445,3.116247953936946,3.306733474378709,0.29453726415994463,0.19048552044176326
payment_mem,payment,mem,mem,front-end,orders,3.0592066205479,3.3537438847078445,3.116247953936946,3.306733474378709,0.29453726415994463,0.19048552044176326
payment_mem,payment,mem,mem,front-end,shipping,3.0592066205479,3.3537438847078445,3.116247953936946,3.306733474378709,0.29453726415994463,0.19048552044176326
payment_mem,payment,mem,mem,catalogue,front-end,0.13687871141844604,0.3203868267522125,0.14337607734900024,0.30757668591069603,0.18350811533376643,0.1642006085616958
payment_mem,payment,mem,mem,catalogue,user,0.13687871141844604,0.3203868267522125,0.1354615952793023,0.13864505684911085,0.18350811533376643,0.00318346156980856
payment_mem,payment,mem,mem,catalogue,carts,0.13687871141844604,0.3203868267522125,0.13348253177203018,0.3113748588228422,0.18350811533376643,0.17789232705081204
payment_mem,payment,mem,mem,catalogue,orders,0.13687871141844604,0.3203868267522125,0.12469142063217231,0.2933990546479844,0.18350811533376643,0.16870763401581207
payment_mem,payment,mem,mem,catalogue,shipping,0.13687871141844604,0.3203868267522125,0.12673469632206144,0.3297594159440037,0.18350811533376643,0.20302471962194227
payment_mem,payment,mem,mem,user,front-end,0.1489846269716044,0.5998685274533765,0.1489846269716044,0.5998685274533765,0.45088390048177207,0.45088390048177207
payment_mem,payment,mem,mem,user,catalogue,0.1489846269716044,0.5998685274533765,0.14140137072234998,0.5451762904320978,0.45088390048177207,0.4037749197097478
payment_mem,payment,mem,mem,user,carts,0.1489846269716044,0.5998685274533765,0.14826603211442912,0.5979671522860145,0.45088390048177207,0.44970112017158537
payment_mem,payment,mem,mem,user,orders,0.1489846269716044,0.5998685274533765,0.13619929844896012,0.5818579214968725,0.45088390048177207,0.44565862304791243
payment_mem,payment,mem,mem,user,shipping,0.1489846269716044,0.5998685274533765,0.12991489708672177,0.23216412575499576,0.45088390048177207,0.10224922866827399
payment_mem,payment,mem,mem,carts,front-end,0.20501166616482375,0.04687060363458358,0.20501166616482375,0.04687060363458358,-0.15814106253024018,-0.15814106253024018
payment_mem,payment,mem,mem,carts,catalogue,0.20501166616482375,0.04687060363458358,0.20493708140842756,0.039035569303083016,-0.15814106253024018,-0.16590151210534454
payment_mem,payment,mem,mem,carts,user,0.20501166616482375,0.04687060363458358,0.20658230933522154,0.0972699844022694,-0.15814106253024018,-0.10931232493295213
payment_mem,payment,mem,mem,carts,orders,0.20501166616482375,0.04687060363458358,0.20628561661689074,0.04312934696661401,-0.15814106253024018,-0.16315626965027674
payment_mem,payment,mem,mem,carts,shipping,0.20501166616482375,0.04687060363458358,0.21217076534038837,0.2760000832919707,-0.15814106253024018,0.06382931795158231
payment_mem,payment,mem,mem,orders,front-end,0.7686455097284258,0.18827023843013937,0.7686455097284258,0.18827023843013937,-0.5803752712982865,-0.5803752712982865
payment_mem,payment,mem,mem,orders,catalogue,0.7686455097284258,0.18827023843013937,0.7319109706205115,0.10520437594760201,-0.5803752712982865,-0.6267065946729095
payment_mem,payment,mem,mem,orders,user,0.7686455097284258,0.18827023843013937,0.5678928762215084,1.1444274993797077,-0.5803752712982865,0.5765346231581993
payment_mem,payment,mem,mem,orders,carts,0.7686455097284258,0.18827023843013937,0.76627136664219,0.18503774538886614,-0.5803752712982865,-0.5812336212533238
payment_mem,payment,mem,mem,orders,shipping,0.7686455097284258,0.18827023843013937,0.46399413145157786,3.3891624248174073,-0.5803752712982865,2.9251682933658296
payment_mem,payment,mem,mem,shipping,front-end,0.0377985853770545,0.2691082402842565,0.0377985853770545,0.2691082402842565,0.231309654907202,0.231309654907202
payment_mem,payment,mem,mem,shipping,catalogue,0.0377985853770545,0.2691082402842565,0.036145785737765196,0.25753790557369866,0.231309654907202,0.22139211983593346
payment_mem,payment,mem,mem,shipping,user,0.0377985853770545,0.2691082402842565,0.029358655884118935,0.2058603454907963,0.231309654907202,0.17650168960667736
payment_mem,payment,mem,mem,shipping,carts,0.0377985853770545,0.2691082402842565,0.03769819343935221,0.2686025328440039,0.231309654907202,0.23090433940465172
payment_mem,payment,mem,mem,shipping,orders,0.0377985853770545,0.2691082402842565,0.02179321383371919,0.26419944202175366,0.231309654907202,0.24240622818803448
payment_mem,payment,mem,cpu,front-end,catalogue,6.753061994214573,6.52674046322252,6.585797253998238,6.977277076108648,-0.22632153099205254,0.3914798221104103
payment_mem,payment,mem,cpu,front-end,user,6.753061994214573,6.52674046322252,6.949934814351558,6.4252594125607105,-0.22632153099205254,-0.524675401790847
payment_mem,payment,mem,cpu,front-end,carts,6.753061994214573,6.52674046322252,6.949934814351558,6.4252594125607105,-0.22632153099205254,-0.524675401790847
payment_mem,payment,mem,cpu,front-end,orders,6.753061994214573,6.52674046322252,6.949934814351558,6.4252594125607105,-0.22632153099205254,-0.524675401790847
payment_mem,payment,mem,cpu,front-end,shipping,6.753061994214573,6.52674046322252,6.949934814351558,6.4252594125607105,-0.22632153099205254,-0.524675401790847
payment_mem,payment,mem,cpu,catalogue,front-end,8.11745912386273,8.56373196908806,7.612770824564488,9.149471383380483,0.4462728452253302,1.536700558815995
payment_mem,payment,mem,cpu,catalogue,user,8.11745912386273,8.56373196908806,8.11745912386273,8.56373196908806,0.4462728452253302,0.4462728452253302
payment_mem,payment,mem,cpu,catalogue,carts,8.11745912386273,8.56373196908806,8.11745912386273,8.56373196908806,0.4462728452253302,0.4462728452253302
payment_mem,payment,mem,cpu,catalogue,orders,8.11745912386273,8.56373196908806,8.11745912386273,8.56373196908806,0.4462728452253302,0.4462728452253302
payment_mem,payment,mem,cpu,catalogue,shipping,8.11745912386273,8.56373196908806,8.11745912386273,8.56373196908806,0.4462728452253302,0.4462728452253302
payment_mem,payment,mem,cpu,user,front-end,12.618104962952911,9.103697847594738,12.621554871888918,9.082338016896003,-3.514407115358173,-3.5392168549929153
payment_mem,payment,mem,cpu,user,catalogue,12.618104962952911,9.103697847594738,12.621554871888918,9.082338016896003,-3.514407115358173,-3.5392168549929153
payment_mem,payment,mem,cpu,user,carts,12.618104962952911,9.103697847594738,12.352425907070794,8.878632383081625,-3.514407115358173,-3.473793523989169
payment_mem,payment,mem,cpu,user,orders,12.618104962952911,9.103697847594738,12.621554871888918,9.082338016896003,-3.514407115358173,-3.5392168549929153
payment_mem,payment,mem,cpu,user,shipping,12.618104962952911,9.103697847594738,12.488403136888722,9.298341209363846,-3.514407115358173,-3.1900619275248765
payment_mem,payment,mem,cpu,carts,front-end,6.397000810988794,12.566449821918422,6.499742426566725,12.498268180992662,6.169449010929628,5.998525754425937
payment_mem,payment,mem,cpu,carts,catalogue,6.397000810988794,12.566449821918422,6.499742426566725,12.498268180992662,6.169449010929628,5.998525754425937
payment_mem,payment,mem,cpu,carts,user,6.397000810988794,12.566449821918422,6.3335538179875375,12.49129008813,6.169449010929628,6.157736270142463
payment_mem,payment,mem,cpu,carts,orders,6.397000810988794,12.566449821918422,6.499742426566725,12.498268180992662,6.169449010929628,5.998525754425937
payment_mem,payment,mem,cpu,carts,shipping,6.397000810988794,12.566449821918422,6.504794469108198,12.499870131054468,6.169449010929628,5.99507566194627
payment_mem,payment,mem,cpu,orders,front-end,27.890315159083755,27.347746067621774,27.890315159083755,27.347746067621774,-0.5425690914619814,-0.5425690914619814
payment_mem,payment,mem,cpu,orders,catalogue,27.890315159083755,27.347746067621774,27.890315159083755,27.347746067621774,-0.5425690914619814,-0.5425690914619814
payment_mem,payment,mem,cpu,orders,user,27.890315159083755,27.347746067621774,27.890315159083755,27.347746067621774,-0.5425690914619814,-0.5425690914619814
payment_mem,payment,mem,cpu,orders,carts,27.890315159083755,27.347746067621774,27.890315159083755,27.347746067621774,-0.5425690914619814,-0.5425690914619814
payment_mem,payment,mem,cpu,orders,shipping,27.890315159083755,27.347746067621774,27.38835979909846,25.253045580566706,-0.5425690914619814,-2.1353142185317537
payment_mem,payment,mem,cpu,shipping,front-end,54.24511460439449,71.97659549187492,54.24511460439449,71.97659549187492,17.73148088748043,17.73148088748043
payment_mem,payment,mem,cpu,shipping,catalogue,54.24511460439449,71.97659549187492,54.24511460439449,71.97659549187492,17.73148088748043,17.73148088748043
payment_mem,payment,mem,cpu,shipping,user,54.24511460439449,71.97659549187492,54.89817343855192,77.67285326530852,17.73148088748043,22.774679826756596
payment_mem,payment,mem,cpu,shipping,carts,54.24511460439449,71.97659549187492,54.271058392266106,72.53283016888112,17.73148088748043,18.261771776615014
payment_mem,payment,mem,cpu,shipping,orders,54.24511460439449,71.97659549187492,46.17980756760179,70.69404980273856,17.73148088748043,24.51424223513677
payment_mem,payment,mem,mem,front-end,catalogue,3.0305391859275947,3.0456400193775166,3.0305391859275947,3.0456400193775166,0.015100833449921858,0.015100833449921858
payment_mem,payment,mem,mem,front-end,user,3.0305391859275947,3.0456400193775166,3.0305391859275947,3.0456400193775166,0.015100833449921858,0.015100833449921858
payment_mem,payment,mem,mem,front-end,carts,3.0305391859275947,3.0456400193775166,2.956620204452577,6.405340205491654,0.015100833449921858,3.4487200010390766
payment_mem,payment,mem,mem,front-end,orders,3.0305391859275947,3.0456400193775166,3.0305391859275947,3.0456400193775166,0.015100833449921858,0.015100833449921858
payment_mem,payment,mem,mem,front-end,shipping,3.0305391859275947,3.0456400193775166,3.021412349566238,3.065543491127002,0.015100833449921858,0.04413114156076414
payment_mem,payment,mem,mem,catalogue,front-end,0.1057329461337361,0.3946124834442382,0.10577512842321159,0.39336421803924093,0.2888795373105021,0.28758908961602936
payment_mem,payment,mem,mem,catalogue,user,0.1057329461337361,0.3946124834442382,0.07822174311890481,0.21856306458495328,0.2888795373105021,0.14034132146604847
payment_mem,payment,mem,mem,catalogue,carts,0.1057329461337361,0.3946124834442382,0.10556448946618399,0.3221716916762466,0.2888795373105021,0.2166072022100626
payment_mem,payment,mem,mem,catalogue,orders,0.1057329461337361,0.3946124834442382,0.10306491490129496,0.40355542432455177,0.2888795373105021,0.30049050942325684
payment_mem,payment,mem,mem,catalogue,shipping,0.1057329461337361,0.3946124834442382,0.0927355060610297,0.36710599702389907,0.2888795373105021,0.27437049096286936
payment_mem,payment,mem,mem,user,front-end,0.3853869316268241,0.926450642680785,0.3853870949377672,0.9252674977163392,0.5410637110539609,0.539880402778572
payment_mem,payment,mem,mem,user,catalogue,0.3853869316268241,0.926450642680785,0.24398146075506863,0.20368842485465447,0.5410637110539609,-0.040293035900414165
payment_mem,payment,mem,mem,user,carts,0.3853869316268241,0.926450642680785,0.377916764722201,0.3854311086848029,0.5410637110539609,0.0075143439626019215
payment_mem,payment,mem,mem,user,orders,0.3853869316268241,0.926450642680785,0.34968175697511145,0.9681883675441488,0.5410637110539609,0.6185066105690373
payment_mem,payment,mem,mem,user,shipping,0.3853869316268241,0.926450642680785,0.23223261741976967,0.8089616137450857,0.5410637110539609,0.576728996325316
payment_mem,payment,mem,mem,carts,front-end,0.00538604456554763,0.11455010737795379,0.005390918977587268,0.11383672782591173,0.10916406281240616,0.10844580884832446
payment_mem,payment,mem,mem,carts,catalogue,0.00538604456554763,0.11455010737795379,0.0051040598202628205,0.11191829584688971,0.10916406281240616,0.10681423602662689
payment_mem,payment,mem,mem,carts,user,0.00538604456554763,0.11455010737795379,0.005032639403980525,0.11081365897217144,0.10916406281240616,0.10578101956819091
payment_mem,payment,mem,mem,carts,orders,0.00538604456554763,0.11455010737795379,0.005224664629064152,0.11416597040992582,0.10916406281240616,0.10894130578086167
payment_mem,payment,mem,mem,carts,shipping,0.00538604456554763,0.11455010737795379,0.005575916703619826,0.11357401812631775,0.10916406281240616,0.10799810142269792
payment_mem,payment,mem,mem,orders,front-end,0.04697282067257201,0.0275736418375647,0.04697236754932243,0.027571712908150647,-0.01939917883500731,-0.019400654641171782
payment_mem,payment,mem,mem,orders,catalogue,0.04697282067257201,0.0275736418375647,0.043884779052799354,0.08267599817033594,-0.01939917883500731,0.038791219117536586
payment_mem,payment,mem,mem,orders,user,0.04697282067257201,0.0275736418375647,0.045084227118185084,0.06996201314876123,-0.01939917883500731,0.024877786030576145
payment_mem,payment,mem,mem,orders,carts,0.04697282067257201,0.0275736418375647,0.04737359803964296,0.08675847827295666,-0.01939917883500731,0.0393848802333137
payment_mem,payment,mem,mem,orders,shipping,0.04697282067257201,0.0275736418375647,0.046212573855229644,0.03137862291370928,-0.01939917883500731,-0.014833950941520367
payment_mem,payment,mem,mem,shipping,front-end,0.16585421082829496,0.0773626058573273,0.16532618418525016,0.07559158734850413,-0.08849160497096767,-0.08973459683674603
payment_mem,payment,mem,mem,shipping,catalogue,0.16585421082829496,0.0773626058573273,0.13833886545236998,0.20772719461256353,-0.08849160497096767,0.06938832916019355
payment_mem,payment,mem,mem,shipping,user,0.16585421082829496,0.0773626058573273,0.1134612340911532,0.17074879323173206,-0.08849160497096767,0.057287559140578856
payment_mem,payment,mem,mem,shipping,carts,0.16585421082829496,0.0773626058573273,0.15242539575893083,0.527171637531765,-0.08849160497096767,0.37474624177283417
payment_mem,payment,mem,mem,shipping,orders,0.16585421082829496,0.0773626058573273,0.15490151303994718,0.08792990850508624,-0.08849160497096767,-0.06697160453486094
payment_socket,payment,socket,cpu,front-end,catalogue,7.166154263369028,8.548022791790794,6.953334075489435,8.890812264240605,1.3818685284217667,1.9374781887511698
payment_socket,payment,socket,cpu,front-end,user,7.166154263369028,8.522877456335465,7.3696200367824485,8.546961847702047,1.3567231929664372,1.1773418109195983
payment_socket,payment,socket,cpu,front-end,carts,7.166154263369028,8.522877456335465,7.396677093273141,8.589033131375883,1.3567231929664372,1.1923560381027425
payment_socket,payment,socket,cpu,front-end,orders,7.166154263369028,8.546168040216065,7.343105698485691,8.76743814309442,1.3800137768470373,1.424332444608729
payment_socket,payment,socket,cpu,front-end,shipping,7.166154263369028,8.522877456335465,6.7793385965625035,9.26812651334977,1.3567231929664372,2.488787916787267
payment_socket,payment,socket,cpu,catalogue,front-end,5.932282783814225,10.122638155022402,5.533770045461857,10.196845987778115,4.190355371208177,4.663075942316258
payment_socket,payment,socket,cpu,catalogue,user,5.932282783814225,10.122638155022402,5.84392031714149,9.957012948359276,4.190355371208177,4.1130926312177865
payment_socket,payment,socket,cpu,catalogue,carts,5.932282783814225,10.122638155022402,5.942960831024147,10.210057658283471,4.190355371208177,4.267096827259325
payment_socket,payment,socket,cpu,catalogue,orders,5.932282783814225,10.114407415727639,5.790496415519254,10.044966621021816,4.182124631913414,4.254470205502562
payment_socket,payment,socket,cpu,catalogue,shipping,5.932282783814225,10.122638155022402,5.745141692822191,10.242505915518395,4.190355371208177,4.497364222696204
payment_socket,payment,socket,cpu,user,front-end,9.604373100166622,15.28685650747416,10.169190424612735,15.454003649837041,5.682483407307538,5.2848132252243065
payment_socket,payment,socket,cpu,user,catalogue,9.604373100166622,15.131148496097424,10.125683897311132,14.992478416126886,5.526775395930802,4.8667945188157535
payment_socket,payment,socket,cpu,user,carts,9.604373100166622,15.28685650747416,10.215905437992163,15.548392388599662,5.682483407307538,5.3324869506075
payment_socket,payment,socket,cpu,user,orders,9.604373100166622,15.310493862894207,9.802923905475494,15.743475490697195,5.7061207627275845,5.9405515852217015
payment_socket,payment,socket,cpu,user,shipping,9.604373100166622,15.28685650747416,9.735819103624799,15.170255590388765,5.682483407307538,5.434436486763966
payment_socket,payment,socket,cpu,carts,front-end,7.372801695296771,6.878176121676442,7.780200768464769,7.077452348287562,-0.4946255736203291,-0.7027484201772065
payment_socket,payment,socket,cpu,carts,catalogue,7.372801695296771,6.875416461186602,7.765554580477795,7.351086244091305,-0.497385234110169,-0.4144683363864896
payment_socket,payment,socket,cpu,carts,user,7.372801695296771,6.878176121676442,7.780200768464769,7.077452348287562,-0.4946255736203291,-0.7027484201772065
payment_socket,payment,socket,cpu,carts,orders,7.372801695296771,6.889378371184497,7.778314885348288,7.1472685772454465,-0.48342332411227407,-0.6310463081028415
payment_socket,payment,socket,cpu,carts,shipping,7.372801695296771,6.878176121676442,7.780200768464769,7.077452348287562,-0.4946255736203291,-0.7027484201772065
payment_socket,payment,socket,cpu,orders,front-end,92.87178537963577,145.09898842967112,97.34165487472326,147.455111790784,52.22720305003536,50.11345691606074
payment_socket,payment,socket,cpu,orders,catalogue,92.87178537963577,145.40569113173217,95.06884637384603,138.92614485933515,52.5339057520964,43.857298485489125
payment_socket,payment,socket,cpu,orders,user,92.87178537963577,145.09898842967112,93.04075469550979,150.05402498225746,52.22720305003536,57.01327028674767
payment_socket,payment,socket,cpu,orders,carts,92.87178537963577,145.09898842967112,98.05661228867451,150.72276379788042,52.22720305003536,52.6661515092059
payment_socket,payment,socket,cpu,orders,shipping,92.87178537963577,145.09898842967112,92.92794819155836,194.23603767473367,52.22720305003536,101.30808948317531
payment_socket,payment,socket,cpu,shipping,front-end,9.802415014751066,10.591464170186145,9.588201818636257,11.218344015202307,0.7890491554350785,1.6301421965660499
payment_socket,payment,socket,cpu,shipping,catalogue,9.802415014751066,10.598195109457103,10.046268904913104,10.878780328786245,0.7957800947060374,0.8325114238731413
payment_socket,payment,socket,cpu,shipping,user,9.802415014751066,10.591464170186145,9.906207403143753,10.757552853278348,0.7890491554350785,0.8513454501345947
payment_socket,payment,socket,cpu,shipping,carts,9.802415014751066,10.591464170186145,10.307931334158784,10.482606125992316,0.7890491554350785,0.17467479183353163
payment_socket,payment,socket,cpu,shipping,orders,9.802415014751066,10.601992601396814,9.516846356197696,11.75547414274603,0.7995775866457482,2.2386277865483333
payment_socket,payment,socket,mem,front-end,catalogue,3.1734608029041342,3.8564766312545946,3.1734608029041342,3.8564766312545946,0.6830158283504604,0.6830158283504604
payment_socket,payment,socket,mem,front-end,user,3.1734608029041342,3.8564766312545946,3.1734608029041342,3.8564766312545946,0.6830158283504604,0.6830158283504604
payment_socket,payment,socket,mem,front-end,carts,3.1734608029041342,3.8564766312545946,3.1766663789266936,3.9365831486977436,0.6830158283504604,0.75991676977105
payment_socket,payment,socket,mem,front-end,orders,3.1734608029041342,3.8564766312545946,3.1734608029041342,3.8564766312545946,0.6830158283504604,0.6830158283504604
payment_socket,payment,socket,mem,front-end,shipping,3.1734608029041342,3.8564766312545946,3.1734608029041342,3.8564766312545946,0.6830158283504604,0.6830158283504604
payment_socket,payment,socket,mem,catalogue,front-end,0.39056361695388025,0.09876440559356747,0.39056361695388025,0.09876440559356747,-0.2917992113603128,-0.2917992113603128
payment_socket,payment,socket,mem,catalogue,user,0.39056361695388025,0.09876440559356747,0.3903440600077269,0.0974166346200508,-0.2917992113603128,-0.29292742538767613
payment_socket,payment,socket,mem,catalogue,carts,0.39056361695388025,0.09876440559356747,0.3966902636396997,0.24498509394503937,-0.2917992113603128,-0.15170516969466036
payment_socket,payment,socket,mem,catalogue,orders,0.39056361695388025,0.09876440559356747,0.39056361695388025,0.09876440559356747,-0.2917992113603128,-0.2917992113603128
payment_socket,payment,socket,mem,catalogue,shipping,0.39056361695388025,0.09876440559356747,0.39056361695388025,0.09876440559356747,-0.2917992113603128,-0.2917992113603128
payment_socket,payment,socket,mem,user,front-end,0.12320282616466885,0.17266441476381517,0.1229300838062718,0.17313660836370537,0.04946158859914632,0.050206524557433574
payment_socket,payment,socket,mem,user,catalogue,0.12320282616466885,0.17266441476381517,0.12294237116778049,0.17308219980902803,0.04946158859914632,0.05013982864124754
payment_socket,payment,socket,mem,user,carts,0.12320282616466885,0.17266441476381517,0.1229300838062718,0.17313660836370537,0.04946158859914632,0.050206524557433574
payment_socket,payment,socket,mem,user,orders,0.12320282616466885,0.17266441476381517,0.1229300838062718,0.17313660836370537,0.04946158859914632,0.050206524557433574
payment_socket,payment,socket,mem,user,shipping,0.12320282616466885,0.17266441476381517,0.12163075616548386,0.17558091773619153,0.04946158859914632,0.05395016157070767
payment_socket,payment,socket,mem,carts,front-end,0.047151633025269715,0.20268560548631198,0.04725118330463598,0.20200777894851238,0.15553397246104228,0.1547565956438764
payment_socket,payment,socket,mem,carts,catalogue,0.047151633025269715,0.20268560548631198,0.04713510137921753,0.20350757263138244,0.15553397246104228,0.1563724712521649
payment_socket,payment,socket,mem,carts,user,0.047151633025269715,0.20268560548631198,0.047151633025269715,0.20268560548631198,0.15553397246104228,0.15553397246104228
payment_socket,payment,socket,mem,carts,orders,0.047151633025269715,0.20268560548631198,0.046394318048263404,0.2028579378621629,0.15553397246104228,0.1564636198138995
payment_socket,payment,socket,mem,carts,shipping,0.047151633025269715,0.20268560548631198,0.047151633025269715,0.20268560548631198,0.15553397246104228,0.15553397246104228
payment_socket,payment,socket,mem,orders,front-end,0.3531203670864358,0.03173885436522432,0.35492520770623087,0.03101569983538504,-0.32138151272121146,-0.3239095078708458
payment_socket,payment,socket,mem,orders,catalogue,0.3531203670864358,0.03173885436522432,0.35492520770623087,0.03101569983538504,-0.32138151272121146,-0.3239095078708458
payment_socket,payment,socket,mem,orders,user,0.3531203670864358,0.03173885436522432,0.35492520770623087,0.03101569983538504,-0.32138151272121146,-0.3239095078708458
payment_socket,payment,socket,mem,orders,carts,0.3531203670864358,0.03173885436522432,0.3608360828803986,0.14921221565212514,-0.32138151272121146,-0.21162386722827345
payment_socket,payment,socket,mem,orders,shipping,0.3531203670864358,0.03173885436522432,0.3542525645734718,0.03188418529645664,-0.32138151272121146,-0.32236837927701517
payment_socket,payment,socket,mem,shipping,front-end,0.0006337934453059618,0.00037398395624578247,0.0006206615078698862,0.00036233811541595693,-0.00025980948906017935,-0.0002583233924539293
payment_socket,payment,socket,mem,shipping,catalogue,0.0006337934453059618,0.00037398395624578247,0.0006206615078698862,0.00036233811541595693,-0.00025980948906017935,-0.0002583233924539293
payment_socket,payment,socket,mem,shipping,user,0.0006337934453059618,0.00037398395624578247,0.0007046577899815039,0.0005582070334727256,-0.00025980948906017935,-0.00014645075650877826
payment_socket,payment,socket,mem,shipping,carts,0.0006337934453059618,0.00037398395624578247,0.0006206615078698862,0.00036233811541595693,-0.00025980948906017935,-0.0002583233924539293
payment_socket,payment,socket,mem,shipping,orders,0.0006337934453059618,0.00037398395624578247,0.0006347344562008007,0.0003615146110406964,-0.00025980948906017935,-0.00027321984516010434
payment_socket,payment,socket,cpu,front-end,catalogue,6.195468488535996,8.615148456120192,6.22700312641605,8.077815340881738,2.4196799675841962,1.8508122144656882
payment_socket,payment,socket,cpu,front-end,user,6.195468488535996,8.624395170022309,6.479170536647268,8.394441957100735,2.4289266814863133,1.9152714204534673
payment_socket,payment,socket,cpu,front-end,carts,6.182129930597659,8.617780059207352,6.482486494443064,8.391306909467144,2.4356501286096925,1.9088204150240795
payment_socket,payment,socket,cpu,front-end,orders,6.195468488535996,8.615148456120192,6.566676609549386,8.350918582279123,2.4196799675841962,1.7842419727297365
payment_socket,payment,socket,cpu,front-end,shipping,6.195468488535996,8.615148456120192,6.5537698394751525,8.355836541916043,2.4196799675841962,1.8020667024408903
payment_socket,payment,socket,cpu,catalogue,front-end,7.6846962598926964,8.504942946216891,7.730101772954316,8.337381588687725,0.8202466863241948,0.607279815733409
payment_socket,payment,socket,cpu,catalogue,user,7.6846962598926964,8.51595087065925,8.11563261957106,8.803995190158425,0.8312546107665533,0.6883625705873637
payment_socket,payment,socket,cpu,catalogue,carts,7.68818922379382,8.511608970705815,8.098508115124936,8.82528604737708,0.8234197469119948,0.7267779322521442
payment_socket,payment,socket,cpu,catalogue,orders,7.6846962598926964,8.504942946216891,8.202420733353513,8.843877260993391,0.8202466863241948,0.6414565276398783
payment_socket,payment,socket,cpu,catalogue,shipping,7.6846962598926964,8.504942946216891,8.202420733353513,8.843877260993391,0.8202466863241948,0.6414565276398783
payment_socket,payment,socket,cpu,user,front-end,6.248006393754369,12.494840252950619,6.205432813898665,12.432371616168291,6.24683385919625,6.226938802269626
payment_socket,payment,socket,cpu,user,catalogue,6.248006393754369,12.494840252950619,6.216524599104273,12.322200286107686,6.24683385919625,6.105675687003413
payment_socket,payment,socket,cpu,user,carts,6.229281654524608,12.494158257137675,6.224608839736032,12.498134545240836,6.264876602613067,6.273525705504804
payment_socket,payment,socket,cpu,user,orders,6.248006393754369,12.494840252950619,6.260047761039276,12.487287809050837,6.24683385919625,6.227240048011561
payment_socket,payment,socket,cpu,user,shipping,6.248006393754369,12.494840252950619,6.260047761039276,12.487287809050837,6.24683385919625,6.227240048011561
payment_socket,payment,socket,cpu,carts,front-end,9.649592930708836,6.922516466944424,9.358581311904922,7.178068832523269,-2.727076463764412,-2.1805124793816537
payment_socket,payment,socket,cpu,carts,catalogue,9.649592930708836,6.922516466944424,9.290780983234486,6.979097767046624,-2.727076463764412,-2.3116832161878618
payment_socket,payment,socket,cpu,carts,user,9.649592930708836,6.931755478931388,9.628069175990914,6.762201512642798,-2.7178374517774486,-2.8658676633481166
payment_socket,payment,socket,cpu,carts,orders,9.649592930708836,6.922516466944424,9.66222610049379,6.76676128154509,-2.727076463764412,-2.8954648189486996
payment_socket,payment,socket,cpu,carts,shipping,9.649592930708836,6.922516466944424,9.66222610049379,6.76676128154509,-2.727076463764412,-2.8954648189486996
payment_socket,payment,socket,cpu,orders,front-end,20.271814030353404,18.757560569441953,20.401029802691177,18.275790362969794,-1.5142534609114513,-2.1252394397213834
payment_socket,payment,socket,cpu,orders,catalogue,20.271814030353404,18.757560569441953,20.428037827739196,18.51391653189795,-1.5142534609114513,-1.9141212958412446
payment_socket,payment,socket,cpu,orders,user,20.271814030353404,18.805633126360366,20.428037827739196,18.561166424964526,-1.4661809039930382,-1.8668714027746702
payment_socket,payment,socket,cpu,orders,carts,20.325223293094417,18.762875864639163,20.482081838861564,18.5193481486517,-1.5623474284552543,-1.9627336902098627
payment_socket,payment,socket,cpu,orders,shipping,20.271814030353404,18.757560569441953,17.416374144903735,20.55627417684817,-1.5142534609114513,3.1399000319444355
payment_socket,payment,socket,cpu,shipping,front-end,28.431093041186212,26.99201269457825,28.52381830401129,26.9963810864967,-1.4390803466079625,-1.5274372175145885
payment_socket,payment,socket,cpu,shipping,catalogue,28.431093041186212,26.99201269457825,28.52381830401129,26.9963810864967,-1.4390803466079625,-1.5274372175145885
payment_socket,payment,socket,cpu,shipping,user,28.431093041186212,26.986289147006147,28.52381830401129,26.994688578344007,-1.4448038941800654,-1.529129725667282
payment_socket,payment,socket,cpu,shipping,carts,28.507506378264598,26.998620870009347,28.600243199509475,27.003181961213645,-1.5088855082552506,-1.5970612382958294
payment_socket,payment,socket,cpu,shipping,orders,28.431093041186212,26.99201269457825,26.518668813324393,24.333021972563056,-1.4390803466079625,-2.1856468407613363
payment_socket,payment,socket,mem,front-end,catalogue,3.5546379653140856,3.7583655087539607,3.5492630020119096,3.864947545363013,0.2037275434398751,0.3156845433511033
payment_socket,payment,socket,mem,front-end,user,3.5546379653140856,3.7583655087539607,3.5546379653140856,3.7583655087539607,0.2037275434398751,0.2037275434398751
payment_socket,payment,socket,mem,front-end,carts,3.5546379653140856,3.7583655087539607,3.5616387938253697,3.6691671366985146,0.2037275434398751,0.10752834287314483
payment_socket,payment,socket,mem,front-end,orders,3.5546379653140856,3.7583655087539607,3.5739597610268863,3.7246881569296617,0.2037275434398751,0.15072839590277542
payment_socket,payment,socket,mem,front-end,shipping,3.5546379653140856,3.7583655087539607,3.5497964563987896,3.73989619822769,0.2037275434398751,0.19009974182890055
payment_socket,payment,socket,mem,catalogue,front-end,0.17028787648393787,1.2668533676388054,0.16992675048411593,1.2672069022193402,1.0965654911548675,1.0972801517352242
payment_socket,payment,socket,mem,catalogue,user,0.17028787648393787,1.2668533676388054,0.1321250083048718,0.9960212829455899,1.0965654911548675,0.863896274640718
payment_socket,payment,socket,mem,catalogue,carts,0.17028787648393787,1.2668533676388054,0.17013763836803308,1.266526701042451,1.0965654911548675,1.096389062674418
payment_socket,payment,socket,mem,catalogue,orders,0.17028787648393787,1.2668533676388054,0.17013763836803308,1.266526701042451,1.0965654911548675,1.096389062674418
payment_socket,payment,socket,mem,catalogue,shipping,0.17028787648393787,1.2668533676388054,0.16185174908705702,1.3172342550154967,1.0965654911548675,1.1553825059284397
payment_socket,payment,socket,mem,user,front-end,0.3983057200874471,1.1029055687332576,0.3983057200874471,1.1029055687332576,0.7045998486458105,0.7045998486458105
payment_socket,payment,socket,mem,user,catalogue,0.3983057200874471,1.1029055687332576,0.30049485495779577,0.8958866396438021,0.7045998486458105,0.5953917846860064
payment_socket,payment,socket,mem,user,carts,0.3983057200874471,1.1029055687332576,0.3983057200874471,1.1029055687332576,0.7045998486458105,0.7045998486458105
payment_socket,payment,socket,mem,user,orders,0.3983057200874471,1.1029055687332576,0.3983057200874471,1.1029055687332576,0.7045998486458105,0.7045998486458105
payment_socket,payment,socket,mem,user,shipping,0.3983057200874471,1.1029055687332576,0.3983057200874471,1.1029055687332576,0.7045998486458105,0.7045998486458105
payment_socket,payment,socket,mem,carts,front-end,0.6159014840614377,0.6932338622063703,0.6118880957477529,0.6839162392883607,0.07733237814493255,0.07202814354060771
payment_socket,payment,socket,mem,carts,catalogue,0.6159014840614377,0.6932338622063703,0.6161779344212492,0.6935009237868073,0.07733237814493255,0.07732298936555804
payment_socket,payment,socket,mem,carts,user,0.6159014840614377,0.6932338622063703,0.6161779344212492,0.6935009237868073,0.07733237814493255,0.07732298936555804
payment_socket,payment,socket,mem,carts,orders,0.6159014840614377,0.6932338622063703,0.5904504963263408,0.614176718881475,0.07733237814493255,0.023726222555134124
payment_socket,payment,socket,mem,carts,shipping,0.6159014840614377,0.6932338622063703,0.6057291087088775,0.617382462827323,0.07733237814493255,0.01165335411844548
payment_socket,payment,socket,mem,orders,front-end,0.0501717741183948,0.04664459404237371,0.050265659314383176,0.04673330490302354,-0.00352718007602109,-0.0035323544113596353
payment_socket,payment,socket,mem,orders,catalogue,0.0501717741183948,0.04664459404237371,0.0501717741183948,0.04664459404237371,-0.00352718007602109,-0.00352718007602109
payment_socket,payment,socket,mem,orders,user,0.0501717741183948,0.04664459404237371,0.0501717741183948,0.04664459404237371,-0.00352718007602109,-0.00352718007602109
payment_socket,payment,socket,mem,orders,carts,0.0501717741183948,0.04664459404237371,0.05126042368667013,0.038377802652562326,-0.00352718007602109,-0.012882621034107804
payment_socket,payment,socket,mem,orders,shipping,0.0501717741183948,0.04664459404237371,0.0501717741183948,0.04664459404237371,-0.00352718007602109,-0.00352718007602109
payment_socket,payment,socket,mem,shipping,front-end,0.01827477692060029,0.018414487578392032,0.01823849007699124,0.01827679981048995,0.00013971065779174244,3.830973349870995e-05
payment_socket,payment,socket,mem,shipping,catalogue,0.01827477692060029,0.018414487578392032,0.01861269532433333,0.05653633148992936,0.00013971065779174244,0.037923636165596034
payment_socket,payment,socket,mem,shipping,user,0.01827477692060029,0.018414487578392032,0.01827477692060029,0.018414487578392032,0.00013971065779174244,0.00013971065779174244
payment_socket,payment,socket,mem,shipping,carts,0.01827477692060029,0.018414487578392032,0.016657092937641196,0.016132776190776053,0.00013971065779174244,-0.000524316746865143
payment_socket,payment,socket,mem,shipping,orders,0.01827477692060029,0.018414487578392032,0.01827477692060029,0.018414487578392032,0.00013971065779174244,0.00013971065779174244
payment_socket,payment,socket,cpu,front-end,catalogue,8.627440503733217,11.056989516558513,8.537572985117412,10.78502425599508,2.429549012825296,2.247451270877667
payment_socket,payment,socket,cpu,front-end,user,8.627440503733217,11.056989516558513,8.468824454225823,10.786271128355832,2.429549012825296,2.317446674130009
payment_socket,payment,socket,cpu,front-end,carts,8.627440503733217,11.056989516558513,8.627440503733217,11.056989516558513,2.429549012825296,2.429549012825296
payment_socket,payment,socket,cpu,front-end,orders,8.627440503733217,11.056989516558513,8.585780788093547,11.01905175357812,2.429549012825296,2.4332709654845726
payment_socket,payment,socket,cpu,front-end,shipping,8.627440503733217,11.056989516558513,8.627440503733217,11.056989516558513,2.429549012825296,2.429549012825296
payment_socket,payment,socket,cpu,catalogue,front-end,9.575150548494943,7.522777210523489,9.335018821744939,7.308190515598054,-2.0523733379714537,-2.026828306146885
payment_socket,payment,socket,cpu,catalogue,user,9.575150548494943,7.522777210523489,9.512513800070142,7.457615370848966,-2.0523733379714537,-2.0548984292211756
payment_socket,payment,socket,cpu,catalogue,carts,9.575150548494943,7.522777210523489,9.554962057471402,7.576112672365265,-2.0523733379714537,-1.9788493851061366
payment_socket,payment,socket,cpu,catalogue,orders,9.575150548494943,7.522777210523489,9.554962057471402,7.576112672365265,-2.0523733379714537,-1.9788493851061366
payment_socket,payment,socket,cpu,catalogue,shipping,9.575150548494943,7.522777210523489,9.554962057471402,7.576112672365265,-2.0523733379714537,-1.9788493851061366
payment_socket,payment,socket,cpu,user,front-end,8.0375690169219,6.917104955234733,7.871181274115021,6.972819149530372,-1.1204640616871666,-0.8983621245846489
payment_socket,payment,socket,cpu,user,catalogue,8.0375690169219,6.917104955234733,7.984313618543959,6.853990335325341,-1.1204640616871666,-1.130323283218618
payment_socket,payment,socket,cpu,user,carts,8.0375690169219,6.917104955234733,8.011316476686675,6.932848950834103,-1.1204640616871666,-1.078467525852572
payment_socket,payment,socket,cpu,user,orders,8.0375690169219,6.917104955234733,8.057094791747119,6.985523169369451,-1.1204640616871666,-1.0715716223776681
payment_socket,payment,socket,cpu,user,shipping,8.0375690169219,6.917104955234733,8.0375690169219,6.917104955234733,-1.1204640616871666,-1.1204640616871666
payment_socket,payment,socket,cpu,carts,front-end,22.27063029048065,17.721141046661685,22.27063029048065,17.721141046661685,-4.5494892438189645,-4.5494892438189645
payment_socket,payment,socket,cpu,carts,catalogue,22.27063029048065,17.721141046661685,22.27063029048065,17.721141046661685,-4.5494892438189645,-4.5494892438189645
payment_socket,payment,socket,cpu,carts,user,22.27063029048065,17.721141046661685,22.306798395043838,17.849792762870294,-4.5494892438189645,-4.457005632173544
payment_socket,payment,socket,cpu,carts,orders,22.27063029048065,17.721141046661685,17.332942767028584,9.348026669614026,-4.5494892438189645,-7.984916097414558
payment_socket,payment,socket,cpu,carts,shipping,22.27063029048065,17.721141046661685,14.66223283369425,8.624041330121923,-4.5494892438189645,-6.038191503572326
payment_socket,payment,socket,cpu,orders,front-end,37.49011400190468,42.97022117122245,36.878561487780765,41.554811964032865,5.480107169317769,4.6762504762521
payment_socket,payment,socket,cpu,orders,catalogue,37.49011400190468,42.97022117122245,37.51206487785722,43.00551709510081,5.480107169317769,5.493452217243586
payment_socket,payment,socket,cpu,orders,user,37.49011400190468,42.97022117122245,37.167651569026596,43.52807107368226,5.480107169317769,6.360419504655667
payment_socket,payment,socket,cpu,orders,carts,37.49011400190468,42.97022117122245,30.863611295095428,27.394263115556537,5.480107169317769,-3.4693481795388905
payment_socket,payment,socket,cpu,orders,shipping,37.49011400190468,42.97022117122245,31.456004552506716,27.239801442669155,5.480107169317769,-4.216203109837561
payment_socket,payment,socket,cpu,shipping,front-end,67.49722072648595,94.24446310888054,67.56719484215421,94.93354472678233,26.74724238239459,27.36634988462812
payment_socket,payment,socket,cpu,shipping,catalogue,67.49722072648595,94.24446310888054,67.56719484215421,94.93354472678233,26.74724238239459,27.36634988462812
payment_socket,payment,socket,cpu,shipping,user,67.49722072648595,94.24446310888054,67.56719484215421,94.93354472678233,26.74724238239459,27.36634988462812
payment_socket,payment,socket,cpu,shipping,carts,67.49722072648595,94.24446310888054,43.86781198507132,49.791298449262854,26.74724238239459,5.923486464191534
payment_socket,payment,socket,cpu,shipping,orders,67.49722072648595,94.24446310888054,50.87751677249129,64.3590588351786,26.74724238239459,13.48154206268731
payment_socket,payment,socket,mem,front-end,catalogue,3.286000391486093,3.486280253847763,3.281502930953925,3.4877339557935616,0.20027986236167017,0.2062310248396364
payment_socket,payment,socket,mem,front-end,user,3.286000391486093,3.486280253847763,3.281502930953925,3.4877339557935616,0.20027986236167017,0.2062310248396364
payment_socket,payment,socket,mem,front-end,carts,3.286000391486093,3.486280253847763,3.2700113017051677,3.595120482534217,0.20027986236167017,0.3251091808290494
payment_socket,payment,socket,mem,front-end,orders,3.286000391486093,3.486280253847763,3.276558907084319,3.5414853580119856,0.20027986236167017,0.26492645092766676
payment_socket,payment,socket,mem,front-end,shipping,3.286000391486093,3.486280253847763,3.281502930953925,3.4877339557935616,0.20027986236167017,0.2062310248396364
payment_socket,payment,socket,mem,catalogue,front-end,0.2493703188065965,0.6122569318243317,0.24932304036519468,0.6111913850139864,0.3628866130177352,0.3618683446487917
payment_socket,payment,socket,mem,catalogue,user,0.2493703188065965,0.6122569318243317,0.2486955555380001,0.5959791295467867,0.3628866130177352,0.34728357400878657
payment_socket,payment,socket,mem,catalogue,carts,0.2493703188065965,0.6122569318243317,0.24932304036519468,0.6111913850139864,0.3628866130177352,0.3618683446487917
payment_socket,payment,socket,mem,catalogue,orders,0.2493703188065965,0.6122569318243317,0.24932304036519468,0.6111913850139864,0.3628866130177352,0.3618683446487917
payment_socket,payment,socket,mem,catalogue,shipping,0.2493703188065965,0.6122569318243317,0.24932304036519468,0.6111913850139864,0.3628866130177352,0.3618683446487917
payment_socket,payment,socket,mem,user,front-end,0.42598802519021717,0.256915139300087,0.42811691808654617,0.24992604641612468,-0.16907288589013014,-0.1781908716704215
payment_socket,payment,socket,mem,user,catalogue,0.42598802519021717,0.256915139300087,0.41729273517649296,0.19893354146538877,-0.16907288589013014,-0.21835919371110418
payment_socket,payment,socket,mem,user,carts,0.42598802519021717,0.256915139300087,0.42811691808654617,0.24992604641612468,-0.16907288589013014,-0.1781908716704215
payment_socket,payment,socket,mem,user,orders,0.42598802519021717,0.256915139300087,0.42811691808654617,0.24992604641612468,-0.16907288589013014,-0.1781908716704215
payment_socket,payment,socket,mem,user,shipping,0.42598802519021717,0.256915139300087,0.42811691808654617,0.24992604641612468,-0.16907288589013014,-0.1781908716704215
payment_socket,payment,socket,mem,carts,front-end,0.014104903813874132,0.037439758128659975,0.014092038251256446,0.03742193746463692,0.023334854314785845,0.023329899213380474
payment_socket,payment,socket,mem,carts,catalogue,0.014104903813874132,0.037439758128659975,0.01414479797678674,0.03729720640977421,0.023334854314785845,0.023152408432987465
payment_socket,payment,socket,mem,carts,user,0.014104903813874132,0.037439758128659975,0.01414479797678674,0.03729720640977421,0.023334854314785845,0.023152408432987465
payment_socket,payment,socket,mem,carts,orders,0.014104903813874132,0.037439758128659975,0.013784087015773872,0.025195913551659524,0.023334854314785845,0.011411826535885652
payment_socket,payment,socket,mem,carts,shipping,0.014104903813874132,0.037439758128659975,0.008482467328735407,0.029556736367110065,0.023334854314785845,0.021074269038374657
payment_socket,payment,socket,mem,orders,front-end,0.03069615730624289,0.1567651484259292,0.030791644777789732,0.15695420224095197,0.1260689911196863,0.12616255746316224
payment_socket,payment,socket,mem,orders,catalogue,0.03069615730624289,0.1567651484259292,0.03069615730624289,0.1567651484259292,0.1260689911196863,0.1260689911196863
payment_socket,payment,socket,mem,orders,user,0.03069615730624289,0.1567651484259292,0.03069615730624289,0.1567651484259292,0.1260689911196863,0.1260689911196863
payment_socket,payment,socket,mem,orders,carts,0.03069615730624289,0.1567651484259292,0.02904351391849119,0.12584597019989555,0.1260689911196863,0.09680245628140435
payment_socket,payment,socket,mem,orders,shipping,0.03069615730624289,0.1567651484259292,0.030327132500086344,0.14553415937017886,0.1260689911196863,0.11520702687009252
payment_socket,payment,socket,mem,shipping,front-end,0.09647098602675917,0.09417006672572635,0.09646893761854575,0.0941573720360475,-0.002300919301032822,-0.0023115655824982456
payment_socket,payment,socket,mem,shipping,catalogue,0.09647098602675917,0.09417006672572635,0.09646893761854575,0.0941573720360475,-0.002300919301032822,-0.0023115655824982456
payment_socket,payment,socket,mem,shipping,user,0.09647098602675917,0.09417006672572635,0.09646893761854575,0.0941573720360475,-0.002300919301032822,-0.0023115655824982456
payment_socket,payment,socket,mem,shipping,carts,0.09647098602675917,0.09417006672572635,0.06892541798904192,0.11207069633499737,-0.002300919301032822,0.043145278345955454
payment_socket,payment,socket,mem,shipping,orders,0.09647098602675917,0.09417006672572635,0.09070807703665082,0.027423075372476617,-0.002300919301032822,-0.0632850016641742
user_cpu,user,cpu,cpu,front-end,catalogue,10.271926442623208,10.634472540691108,12.651807526762692,12.393057966565163,0.3625460980679005,-0.25874956019752915
user_cpu,user,cpu,cpu,front-end,carts,10.271926442623208,10.634472540691108,9.490317863624076,11.507396399373784,0.3625460980679005,2.0170785357497074
user_cpu,user,cpu,cpu,front-end,orders,10.271926442623208,10.634472540691108,10.793178514162133,11.619006523116989,0.3625460980679005,0.825828008954856
user_cpu,user,cpu,cpu,front-end,payment,10.271926442623208,10.634472540691108,11.555498384588232,11.827924955659682,0.3625460980679005,0.27242657107145085
user_cpu,user,cpu,cpu,front-end,shipping,10.271926442623208,10.634472540691108,11.81626955502299,19.31665702484411,0.3625460980679005,7.500387469821119
user_cpu,user,cpu,cpu,catalogue,front-end,21.053486813935475,14.140905444462797,27.53143850242395,16.503689314761903,-6.912581369472678,-11.027749187662046
user_cpu,user,cpu,cpu,catalogue,carts,18.997323535329127,14.499275680960238,26.330994065278375,14.283562373507902,-4.498047854368888,-12.047431691770473
user_cpu,user,cpu,cpu,catalogue,orders,18.997323535329127,14.499275680960238,31.59328278055457,11.209933983180848,-4.498047854368888,-20.38334879737372
user_cpu,user,cpu,cpu,catalogue,payment,18.997323535329127,14.499275680960238,33.36758603287204,13.616157297728758,-4.498047854368888,-19.751428735143282
user_cpu,user,cpu,cpu,catalogue,shipping,18.997323535329127,14.499275680960238,31.049021626982213,31.300090786475067,-4.498047854368888,0.2510691594928538
user_cpu,user,cpu,cpu,carts,front-end,29.993125429144087,12.108509263478986,49.11989521268138,15.004082029935415,-17.8846161656651,-34.11581318274597
user_cpu,user,cpu,cpu,carts,catalogue,25.828683301172767,12.681206382366145,43.931159205552106,13.971647093007633,-13.147476918806621,-29.959512112544473
user_cpu,user,cpu,cpu,carts,orders,25.828683301172767,12.681206382366145,32.237260038579414,12.47207550956577,-13.147476918806621,-19.765184529013645
user_cpu,user,cpu,cpu,carts,payment,25.828683301172767,12.681206382366145,41.48923961955223,15.800492226347037,-13.147476918806621,-25.68874739320519
user_cpu,user,cpu,cpu,carts,shipping,25.828683301172767,12.681206382366145,38.50527573342578,37.03878672029848,-13.147476918806621,-1.4664890131273012
user_cpu,user,cpu,cpu,orders,front-end,32.599447182828875,13.604002335007499,48.41546257041019,17.459901418308267,-18.995444847821375,-30.955561152101925
user_cpu,user,cpu,cpu,orders,catalogue,32.88949628280585,14.893560524868962,40.39436471973349,11.8187911149272,-17.99593575793689,-28.575573604806287
user_cpu,user,cpu,cpu,orders,carts,32.88949628280585,14.893560524868962,22.2215400863772,12.912081049793208,-17.99593575793689,-9.309459036583991
user_cpu,user,cpu,cpu,orders,payment,32.88949628280585,14.893560524868962,26.866969156493592,15.082232291939082,-17.99593575793689,-11.78473686455451
user_cpu,user,cpu,cpu,orders,shipping,32.88949628280585,14.893560524868962,26.8417090167338,36.734621715933386,-17.99593575793689,9.892912699199584
user_cpu,user,cpu,cpu,payment,front-end,15.768056870258631,11.621033229095143,17.776246599841944,12.96663701101819,-4.1470236411634875,-4.809609588823754
user_cpu,user,cpu,cpu,payment,catalogue,16.25394530481462,12.933689869608028,15.295538489228077,11.007195980340892,-3.320255435206594,-4.288342508887185
user_cpu,user,cpu,cpu,payment,carts,16.25394530481462,12.933689869608028,11.642255919234293,12.022382028901832,-3.320255435206594,0.3801261096675397
user_cpu,user,cpu,cpu,payment,orders,16.25394530481462,12.933689869608028,10.422218821667942,11.495307771198418,-3.320255435206594,1.0730889495304758
user_cpu,user,cpu,cpu,payment,shipping,16.25394530481462,12.933689869608028,12.11749335094268,26.900793508855113,-3.320255435206594,14.783300157912432
user_cpu,user,cpu,cpu,shipping,front-end,11.40872713264591,13.944512893570513,13.702073504467405,13.206356024946702,2.535785760924604,-0.4957174795207031
user_cpu,user,cpu,cpu,shipping,catalogue,11.04795894607084,14.667376016212211,11.684802946066442,14.26529477032657,3.6194170701413704,2.580491824260127
user_cpu,user,cpu,cpu,shipping,carts,11.04795894607084,14.667376016212211,8.689384593090315,13.966515240189642,3.6194170701413704,5.277130647099327
user_cpu,user,cpu,cpu,shipping,orders,11.04795894607084,14.667376016212211,7.8276157314923545,13.405743378369174,3.6194170701413704,5.578127646876819
user_cpu,user,cpu,cpu,shipping,payment,11.04795894607084,14.667376016212211,10.021591632081122,15.047900115774443,3.6194170701413704,5.02630848369332
user_cpu,user,cpu,mem,front-end,catalogue,49.08987174988763,4.3275572248831,49.09670503367975,3.704014813779478,-44.76231452500453,-45.39269021990027
user_cpu,user,cpu,mem,front-end,carts,49.08987174988763,4.3275572248831,50.110354440979044,19.104129251407052,-44.76231452500453,-31.006225189571992
user_cpu,user,cpu,mem,front-end,orders,49.08987174988763,4.3275572248831,51.58513291662054,25.82854022918709,-44.76231452500453,-25.756592687433447
user_cpu,user,cpu,mem,front-end,payment,49.08987174988763,4.3275572248831,51.236186108549,4.819789754105543,-44.76231452500453,-46.41639635444346
user_cpu,user,cpu,mem,front-end,shipping,49.08987174988763,4.3275572248831,60.78333608801512,85.27641166721425,-44.76231452500453,24.49307557919913
user_cpu,user,cpu,mem,catalogue,front-end,3.0681819590112913,2.550351779584838,3.2079605457443408,1.775135635889347,-0.5178301794264533,-1.4328249098549937
user_cpu,user,cpu,mem,catalogue,carts,2.925878082389281,2.5557905395146787,2.3541912746233193,7.466506485903625,-0.37008754287460244,5.112315211280306
user_cpu,user,cpu,mem,catalogue,orders,2.925878082389281,2.5557905395146787,3.050753999780106,11.819184492489835,-0.37008754287460244,8.76843049270973
user_cpu,user,cpu,mem,catalogue,payment,2.925878082389281,2.5557905395146787,2.314179184477868,1.211925029865129,-0.37008754287460244,-1.102254154612739
user_cpu,user,cpu,mem,catalogue,shipping,2.925878082389281,2.5557905395146787,5.374220321427223,36.68889739449471,-0.37008754287460244,31.314677073067486
user_cpu,user,cpu,mem,carts,front-end,0.003355770712772096,0.015458083778719618,0.00483679714307947,0.015282105651547319,0.012102313065947522,0.010445308508467848
user_cpu,user,cpu,mem,carts,catalogue,0.0031948790177174337,0.01546823962048038,0.00337848735710333,0.013618546300008362,0.012273360602762948,0.010240058942905032
user_cpu,user,cpu,mem,carts,orders,0.0031948790177174337,0.01546823962048038,0.0039054307860794716,0.02873295747610273,0.012273360602762948,0.02482752669002326
user_cpu,user,cpu,mem,carts,payment,0.0031948790177174337,0.01546823962048038,0.00449972097697761,0.011972541814234705,0.012273360602762948,0.007472820837257095
user_cpu,user,cpu,mem,carts,shipping,0.0031948790177174337,0.01546823962048038,0.006920458337210027,0.034550505888478515,0.012273360602762948,0.027630047551268487
user_cpu,user,cpu,mem,orders,front-end,0.008741626541520454,0.0361206034141483,0.010551250144551995,0.036567962298653556,0.027378976872627844,0.026016712154101562
user_cpu,user,cpu,mem,orders,catalogue,0.008479043442135613,0.03608498992428279,0.008188218580437218,0.0390655423673549,0.027605946482147176,0.030877323786917682
user_cpu,user,cpu,mem,orders,carts,0.008479043442135613,0.03608498992428279,0.008201949345610988,0.06270209809832279,0.027605946482147176,0.05450014875271181
user_cpu,user,cpu,mem,orders,payment,0.008479043442135613,0.03608498992428279,0.01167608751909362,0.04124361577749888,0.027605946482147176,0.02956752825840526
user_cpu,user,cpu,mem,orders,shipping,0.008479043442135613,0.03608498992428279,0.01597027670682405,0.10043251133088187,0.027605946482147176,0.08446223462405782
user_cpu,user,cpu,mem,payment,front-end,5.398139868630956,5.800330185007361,5.08655615488109,4.546355433350808,0.4021903163764051,-0.5402007215302822
user_cpu,user,cpu,mem,payment,catalogue,5.179371054664776,5.880194938567569,3.0685997542544587,2.9002879420241046,0.7008238839027925,-0.16831181223035419
user_cpu,user,cpu,mem,payment,carts,5.179371054664776,5.880194938567569,4.026926434999474,6.583493081987471,0.7008238839027925,2.5565666469879966
user_cpu,user,cpu,mem,payment,orders,5.179371054664776,5.880194938567569,5.481694523162388,15.490287808842698,0.7008238839027925,10.008593285680309
user_cpu,user,cpu,mem,payment,shipping,5.179371054664776,5.880194938567569,5.983368842787963,51.5413606934906,0.7008238839027925,45.55799185070264
user_cpu,user,cpu,mem,shipping,front-end,0.0009067270793397989,0.012060707395704142,0.0009045900596565762,0.011955207508661253,0.011153980316364344,0.011050617449004676
user_cpu,user,cpu,mem,shipping,catalogue,0.000882730184049321,0.012056119801720087,0.0008189905561015152,0.011813783694326526,0.011173389617670766,0.01099479313822501
user_cpu,user,cpu,mem,shipping,carts,0.000882730184049321,0.012056119801720087,0.0008484595362483316,0.011030327591245719,0.011173389617670766,0.010181868054997387
user_cpu,user,cpu,mem,shipping,orders,0.000882730184049321,0.012056119801720087,0.0009395702372415849,0.012744035220682388,0.011173389617670766,0.011804464983440803
user_cpu,user,cpu,mem,shipping,payment,0.000882730184049321,0.012056119801720087,0.0006715288177533054,0.01151952120574667,0.011173389617670766,0.010847992387993364
user_cpu,user,cpu,cpu,front-end,catalogue,10.82824879387952,7.43199885201461,10.020745608788106,8.047028256542916,-3.3962499418649106,-1.97371735224519
user_cpu,user,cpu,cpu,front-end,carts,10.82824879387952,7.43199885201461,11.391052556395739,7.450991727327693,-3.3962499418649106,-3.9400608290680452
user_cpu,user,cpu,cpu,front-end,orders,10.82824879387952,7.443693008147371,11.82680136961796,8.471984410922891,-3.3845557857321493,-3.3548169586950696
user_cpu,user,cpu,cpu,front-end,payment,10.82824879387952,7.43199885201461,11.553518105202356,7.973812425097754,-3.3962499418649106,-3.5797056801046017
user_cpu,user,cpu,cpu,front-end,shipping,10.82824879387952,7.43199885201461,12.862807720651364,9.211695492135515,-3.3962499418649106,-3.6511122285158493
user_cpu,user,cpu,cpu,catalogue,front-end,19.556005793866856,9.22484418131444,21.487204079132397,10.121949084017277,-10.331161612552416,-11.36525499511512
user_cpu,user,cpu,cpu,catalogue,carts,17.18239037555205,9.882886057504447,17.974146619157754,8.396384680170522,-7.299504318047603,-9.577761938987232
user_cpu,user,cpu,cpu,catalogue,orders,17.18239037555205,9.894767906398984,46.91755849767596,14.50113361650584,-7.2876224691530656,-32.41642488117012
user_cpu,user,cpu,cpu,catalogue,payment,17.18239037555205,9.882886057504447,33.54515590087057,10.278407230835406,-7.299504318047603,-23.266748670035163
user_cpu,user,cpu,cpu,catalogue,shipping,17.18239037555205,9.882886057504447,51.76537921644194,19.60550451194042,-7.299504318047603,-32.15987470450152
user_cpu,user,cpu,cpu,carts,front-end,26.01569408291158,9.67225815104934,48.83760766713565,9.572094921744744,-16.34343593186224,-39.26551274539091
user_cpu,user,cpu,cpu,carts,catalogue,23.54750070069315,10.44753008174002,25.123012742362565,8.87012411862127,-13.09997061895313,-16.252888623741296
user_cpu,user,cpu,cpu,carts,orders,23.54750070069315,10.45667912116184,78.52858903508225,15.553991050080699,-13.090821579531308,-62.97459798500155
user_cpu,user,cpu,cpu,carts,payment,23.54750070069315,10.44753008174002,47.20700711439027,12.70163072246723,-13.09997061895313,-34.50537639192304
user_cpu,user,cpu,cpu,carts,shipping,23.54750070069315,10.44753008174002,83.47198282834883,21.80064890985352,-13.09997061895313,-61.67133391849531
user_cpu,user,cpu,cpu,orders,front-end,34.21825889622412,14.710526990640274,45.13707626536761,15.658671854360254,-19.507731905583846,-29.478404411007357
user_cpu,user,cpu,cpu,orders,catalogue,32.46591953028401,15.886560535373082,31.581048040099763,15.534532149135364,-16.57935899491093,-16.0465158909644
user_cpu,user,cpu,cpu,orders,carts,32.46591953028401,15.886560535373082,21.03670990469737,15.264158305473927,-16.57935899491093,-5.772551599223444
user_cpu,user,cpu,cpu,orders,payment,32.46591953028401,15.886560535373082,39.425290332986,19.84294104383819,-16.57935899491093,-19.58234928914781
user_cpu,user,cpu,cpu,orders,shipping,32.46591953028401,15.886560535373082,60.48941148400091,20.027941780985785,-16.57935899491093,-40.461469703015126
user_cpu,user,cpu,cpu,payment,front-end,16.587360595856957,10.99993914186119,17.994158087471,12.201449509213322,-5.587421453995766,-5.7927085782576775
user_cpu,user,cpu,cpu,payment,catalogue,16.119666696150485,11.946741554242601,14.856394734813689,10.494019932763456,-4.172925141907884,-4.362374802050233
user_cpu,user,cpu,cpu,payment,carts,16.119666696150485,11.946741554242601,12.61762679065652,10.168432882943385,-4.172925141907884,-2.449193907713134
user_cpu,user,cpu,cpu,payment,orders,16.119666696150485,11.933978661841172,19.88554488386944,13.8763501157174,-4.1856880343093135,-6.009194768152039
user_cpu,user,cpu,cpu,payment,shipping,16.119666696150485,11.946741554242601,20.382232523430982,17.616758915903233,-4.172925141907884,-2.765473607527749
user_cpu,user,cpu,cpu,shipping,front-end,17.151604987440862,14.644416900520854,21.70397428524286,14.515708073671476,-2.5071880869200083,-7.188266211571385
user_cpu,user,cpu,cpu,shipping,catalogue,15.481619508597328,15.108659950699362,17.33244145016009,13.40622829086064,-0.37295955789796587,-3.9262131592994507
user_cpu,user,cpu,cpu,shipping,carts,15.481619508597328,15.108659950699362,14.176554950758154,13.389291342616241,-0.37295955789796587,-0.7872636081419131
user_cpu,user,cpu,cpu,shipping,orders,15.481619508597328,15.125612943690122,21.66132971276342,16.45177631284073,-0.35600656490720617,-5.209553399922687
user_cpu,user,cpu,cpu,shipping,payment,15.481619508597328,15.108659950699362,16.881740602514984,14.30418758964179,-0.37295955789796587,-2.577553012873194
user_cpu,user,cpu,mem,front-end,catalogue,66.64074917881399,4.642383196824488,72.24837664666278,4.816062718609769,-61.9983659819895,-67.432313928053
user_cpu,user,cpu,mem,front-end,carts,66.64074917881399,4.642383196824488,103.8759562987581,6.402008353741465,-61.9983659819895,-97.47394794501663
user_cpu,user,cpu,mem,front-end,orders,66.64074917881399,4.642383196824488,108.58899750060654,11.15903473730127,-61.9983659819895,-97.42996276330527
user_cpu,user,cpu,mem,front-end,payment,66.64074917881399,4.642383196824488,75.7176822629252,5.144773510375403,-61.9983659819895,-70.5729087525498
user_cpu,user,cpu,mem,front-end,shipping,66.64074917881399,4.642383196824488,108.58899750060654,11.15903473730127,-61.9983659819895,-97.42996276330527
user_cpu,user,cpu,mem,catalogue,front-end,4.207329838912285,4.210837670313692,3.7793442207866055,3.16278383104652,0.003507831401407202,-0.6165603897400853
user_cpu,user,cpu,mem,catalogue,carts,4.071562168273048,4.209396922621797,6.597669595698486,4.022057509425306,0.1378347543487486,-2.57561208627318
user_cpu,user,cpu,mem,catalogue,orders,4.071562168273048,4.209396922621797,7.2425165795277895,6.477094179536766,0.1378347543487486,-0.7654223999910235
user_cpu,user,cpu,mem,catalogue,payment,4.071562168273048,4.209396922621797,0.7919051468124192,0.5044950340006561,0.1378347543487486,-0.2874101128117631
user_cpu,user,cpu,mem,catalogue,shipping,4.071562168273048,4.209396922621797,7.2425165795277895,6.477094179536766,0.1378347543487486,-0.7654223999910235
user_cpu,user,cpu,mem,carts,front-end,0.0056601962739946995,0.012401613535241454,0.005812280995603376,0.012240352008929955,0.006741417261246755,0.006428071013326579
user_cpu,user,cpu,mem,carts,catalogue,0.005469021719094509,0.012403110646283758,0.005566138811470201,0.009889110501980205,0.006934088927189249,0.004322971690510004
user_cpu,user,cpu,mem,carts,orders,0.005469021719094509,0.012403110646283758,0.006322052970589146,0.014638764378473097,0.006934088927189249,0.00831671140788395
user_cpu,user,cpu,mem,carts,payment,0.005469021719094509,0.012403110646283758,0.005295751642138837,0.009338801771139568,0.006934088927189249,0.0040430501290007305
user_cpu,user,cpu,mem,carts,shipping,0.005469021719094509,0.012403110646283758,0.006322052970589146,0.014638764378473097,0.006934088927189249,0.00831671140788395
user_cpu,user,cpu,mem,orders,front-end,0.0666226366967342,0.44078866797205624,0.0666226366967342,0.44078866797205624,0.37416603127532205,0.37416603127532205
user_cpu,user,cpu,mem,orders,catalogue,0.06914558420135432,0.44444809085247095,0.06914558420135432,0.44444809085247095,0.37530250665111664,0.37530250665111664
user_cpu,user,cpu,mem,orders,carts,0.06914558420135432,0.44444809085247095,0.06914558420135432,0.44444809085247095,0.37530250665111664,0.37530250665111664
user_cpu,user,cpu,mem,orders,payment,0.06914558420135432,0.44444809085247095,0.06914558420135432,0.44444809085247095,0.37530250665111664,0.37530250665111664
user_cpu,user,cpu,mem,orders,shipping,0.06914558420135432,0.44444809085247095,0.06702629741712766,0.060751049754841815,0.37530250665111664,-0.006275247662285849
user_cpu,user,cpu,mem,payment,front-end,4.81611050791986,5.1989792641320856,4.679279399945611,4.115205816710023,0.3828687562122255,-0.5640735832355883
user_cpu,user,cpu,mem,payment,catalogue,4.685924412813372,5.228720777035226,0.9552090083532573,0.6662312058692703,0.5427963642218545,-0.28897780248398697
user_cpu,user,cpu,mem,payment,carts,4.685924412813372,5.228720777035226,7.631720685381631,4.9593076325006376,0.5427963642218545,-2.6724130528809935
user_cpu,user,cpu,mem,payment,orders,4.685924412813372,5.228720777035226,8.450934346146024,7.884125061476759,0.5427963642218545,-0.5668092846692652
user_cpu,user,cpu,mem,payment,shipping,4.685924412813372,5.228720777035226,8.450934346146024,7.884125061476759,0.5427963642218545,-0.5668092846692652
user_cpu,user,cpu,mem,shipping,front-end,0.007988620014184962,0.46432971893098873,0.007988620014184962,0.46432971893098873,0.45634109891680374,0.45634109891680374
user_cpu,user,cpu,mem,shipping,catalogue,0.007713721371927025,0.4644791301296719,0.007713721371927025,0.4644791301296719,0.45676540875774485,0.45676540875774485
user_cpu,user,cpu,mem,shipping,carts,0.007713721371927025,0.4644791301296719,0.007713721371927025,0.4644791301296719,0.45676540875774485,0.45676540875774485
user_cpu,user,cpu,mem,shipping,orders,0.007713721371927025,0.4644791301296719,0.01809775336401014,0.3735621166883661,0.45676540875774485,0.35546436332435594
user_cpu,user,cpu,mem,shipping,payment,0.007713721371927025,0.4644791301296719,0.007713721371927025,0.4644791301296719,0.45676540875774485,0.45676540875774485
user_cpu,user,cpu,cpu,front-end,catalogue,9.386662451328712,8.279330706786151,9.41426320040328,8.222941911426066,-1.1073317445425612,-1.191321288977214
user_cpu,user,cpu,cpu,front-end,carts,9.386662451328712,8.24908020730301,9.00997965795563,8.247928901086187,-1.1375822440257028,-0.7620507568694439
user_cpu,user,cpu,cpu,front-end,orders,9.386662451328712,8.245157715850361,9.491944772894351,8.156037816299353,-1.1415047354783514,-1.3359069565949984
user_cpu,user,cpu,cpu,front-end,payment,9.386662451328712,8.24908020730301,9.501721176141695,8.145223324057529,-1.1375822440257028,-1.356497852084166
user_cpu,user,cpu,cpu,front-end,shipping,9.386662451328712,8.24908020730301,9.501721176141695,8.145223324057529,-1.1375822440257028,-1.356497852084166
user_cpu,user,cpu,cpu,catalogue,front-end,6.065557426647732,6.996343036686733,6.0171920505498,6.952912080749549,0.9307856100390008,0.9357200301997484
user_cpu,user,cpu,cpu,catalogue,carts,6.059959877801338,6.987497297868697,5.964762217044041,7.208510726820072,0.9275374200673587,1.2437485097760312
user_cpu,user,cpu,cpu,catalogue,orders,6.059959877801338,6.995394079288139,5.987151467208719,6.984696144289999,0.9354342014868005,0.9975446770812804
user_cpu,user,cpu,cpu,catalogue,payment,6.059959877801338,6.987497297868697,6.065327880009327,7.004315473183221,0.9275374200673587,0.938987593173894
user_cpu,user,cpu,cpu,catalogue,shipping,6.059959877801338,6.987497297868697,6.059429013641849,7.110864621841905,0.9275374200673587,1.0514356082000562
user_cpu,user,cpu,cpu,carts,front-end,8.309207637396261,11.338260009518887,7.9465366560551,11.279942849432556,3.029052372122626,3.3334061933774564
user_cpu,user,cpu,cpu,carts,catalogue,8.300262330530753,11.352835479995733,8.398430256126305,11.56049108848831,3.0525731494649797,3.1620608323620054
user_cpu,user,cpu,cpu,carts,orders,8.300262330530753,11.348839288094416,8.444003235420869,11.43023775687325,3.0485769575636628,2.9862345214523813
user_cpu,user,cpu,cpu,carts,payment,8.300262330530753,11.327072658616096,8.444003235420869,11.412665662070227,3.026810328085343,2.9686624266493578
user_cpu,user,cpu,cpu,carts,shipping,8.300262330530753,11.327072658616096,8.444003235420869,11.412665662070227,3.026810328085343,2.9686624266493578
user_cpu,user,cpu,cpu,orders,front-end,9.911288521181033,8.970271021124487,9.878518533119545,9.003866375915498,-0.9410175000565459,-0.8746521572040464
user_cpu,user,cpu,cpu,orders,catalogue,9.903922477412776,8.943480658455309,9.469178497826604,9.112159699668982,-0.9604418189574666,-0.35701879815762183
user_cpu,user,cpu,cpu,orders,carts,9.903922477412776,8.971824639363287,9.909872884471376,8.98668042013392,-0.9320978380494882,-0.9231924643374558
user_cpu,user,cpu,cpu,orders,payment,9.903922477412776,8.971824639363287,9.800620383183853,8.987614995998424,-0.9320978380494882,-0.813005387185429
user_cpu,user,cpu,cpu,orders,shipping,9.903922477412776,8.971824639363287,9.729222895499747,9.209712931450118,-0.9320978380494882,-0.5195099640496288
user_cpu,user,cpu,cpu,payment,front-end,7.799082315560541,6.482577415612764,7.799082315560541,6.482577415612764,-1.3165048999477769,-1.3165048999477769
user_cpu,user,cpu,cpu,payment,catalogue,7.799938534555985,6.503616310980378,7.8176244144675735,6.50056106922131,-1.296322223575607,-1.3170633452462637
user_cpu,user,cpu,cpu,payment,carts,7.799938534555985,6.482410502339107,7.799938534555985,6.482410502339107,-1.3175280322168783,-1.3175280322168783
user_cpu,user,cpu,cpu,payment,orders,7.799938534555985,6.478978621549509,7.816333063217284,6.3310640777864675,-1.320959913006476,-1.4852689854308165
user_cpu,user,cpu,cpu,payment,shipping,7.799938534555985,6.482410502339107,7.71724199464558,6.740368321370477,-1.3175280322168783,-0.9768736732751027
user_cpu,user,cpu,cpu,shipping,front-end,44.51577383176714,41.73981568554482,44.51577383176714,41.73981568554482,-2.7759581462223224,-2.7759581462223224
user_cpu,user,cpu,cpu,shipping,catalogue,44.46558763681019,41.65086902298202,45.89426848284294,44.71675523723531,-2.8147186138281697,-1.1775132456076278
user_cpu,user,cpu,cpu,shipping,carts,44.46558763681019,41.66034334205417,44.46558763681019,41.66034334205417,-2.8052442947560223,-2.8052442947560223
user_cpu,user,cpu,cpu,shipping,orders,44.46558763681019,41.72417756898109,51.86272808702071,50.79641153631589,-2.7414100678291007,-1.0663165507048262
user_cpu,user,cpu,cpu,shipping,payment,44.46558763681019,41.66034334205417,48.29160729161112,45.61546934925034,-2.8052442947560223,-2.676137942360782
user_cpu,user,cpu,mem,front-end,catalogue,3.578638152987305,3.541660959598219,3.402025018343438,4.330477751856827,-0.036977193389085894,0.9284527335133888
user_cpu,user,cpu,mem,front-end,carts,3.578638152987305,3.541660959598219,3.4288084053082173,3.753071456420808,-0.036977193389085894,0.3242630511125908
user_cpu,user,cpu,mem,front-end,orders,3.578638152987305,3.541660959598219,3.569113699789475,3.5852815262941506,-0.036977193389085894,0.01616782650467563
user_cpu,user,cpu,mem,front-end,payment,3.578638152987305,3.541660959598219,3.568436936109317,3.9110488472494627,-0.036977193389085894,0.3426119111401458
user_cpu,user,cpu,mem,front-end,shipping,3.578638152987305,3.541660959598219,3.558882201974027,3.5360451223562475,-0.036977193389085894,-0.022837079617779477
user_cpu,user,cpu,mem,catalogue,front-end,0.12542053069158426,0.3162327464585092,0.12055309140279812,0.3167724382282167,0.19081221576692492,0.19621934682541858
user_cpu,user,cpu,mem,catalogue,carts,0.12542053069158426,0.3162327464585092,0.10010679003993679,0.2545461002166303,0.19081221576692492,0.15443931017669354
user_cpu,user,cpu,mem,catalogue,orders,0.12542053069158426,0.3162327464585092,0.12590395700839352,0.31589134565468624,0.19081221576692492,0.18998738864629272
user_cpu,user,cpu,mem,catalogue,payment,0.12542053069158426,0.3162327464585092,0.08701209449693284,0.14738950104772797,0.19081221576692492,0.060377406550795126
user_cpu,user,cpu,mem,catalogue,shipping,0.12542053069158426,0.3162327464585092,0.0897673694581203,0.29185426365585326,0.19081221576692492,0.20208689419773296
user_cpu,user,cpu,mem,carts,front-end,0.04316828213357866,0.03936905420158147,0.04011084614117523,0.03883754806158035,-0.00379922793199719,-0.0012732980795948784
user_cpu,user,cpu,mem,carts,catalogue,0.04316828213357866,0.03936905420158147,0.03243561600372114,0.021872901068953784,-0.00379922793199719,-0.010562714934767358
user_cpu,user,cpu,mem,carts,orders,0.04316828213357866,0.03936905420158147,0.040781921462682,0.03579030670378723,-0.00379922793199719,-0.004991614758894772
user_cpu,user,cpu,mem,carts,payment,0.04316828213357866,0.03936905420158147,0.031097461041202947,0.059899258134783945,-0.00379922793199719,0.028801797093580998
user_cpu,user,cpu,mem,carts,shipping,0.04316828213357866,0.03936905420158147,0.036656052939070656,0.035426949725715785,-0.00379922793199719,-0.0012291032133548707
user_cpu,user,cpu,mem,orders,front-end,0.004604752795972552,0.0066343441605010815,0.004614452581621058,0.006711142660389349,0.0020295913645285296,0.0020966900787682905
user_cpu,user,cpu,mem,orders,catalogue,0.004604752795972552,0.0066343441605010815,0.0046203688883797,0.006673049463077546,0.0020295913645285296,0.002052680574697846
user_cpu,user,cpu,mem,orders,carts,0.004604752795972552,0.0066343441605010815,0.0044248535235162315,0.0067376558940815835,0.0020295913645285296,0.002312802370565352
user_cpu,user,cpu,mem,orders,payment,0.004604752795972552,0.0066343441605010815,0.004661941717922302,0.0066950059888868235,0.0020295913645285296,0.002033064270964522
user_cpu,user,cpu,mem,orders,shipping,0.004604752795972552,0.0066343441605010815,0.0046664765317343,0.006692257474105395,0.0020295913645285296,0.002025780942371095
user_cpu,user,cpu,mem,payment,front-end,0.2504241118093503,0.9892706354741366,0.2544590639971019,0.987033414613421,0.7388465236647863,0.7325743506163191
user_cpu,user,cpu,mem,payment,catalogue,0.2504241118093503,0.9892706354741366,0.19248937690516155,0.5974370353814209,0.7388465236647863,0.40494765847625935
user_cpu,user,cpu,mem,payment,carts,0.2504241118093503,0.9892706354741366,0.234773178092707,0.8363594979754123,0.7388465236647863,0.6015863198827053
user_cpu,user,cpu,mem,payment,orders,0.2504241118093503,0.9892706354741366,0.252863392835983,0.9738933593403375,0.7388465236647863,0.7210299665043545
user_cpu,user,cpu,mem,payment,shipping,0.2504241118093503,0.9892706354741366,0.12328169367536734,0.9231449021436734,0.7388465236647863,0.799863208468306
user_cpu,user,cpu,mem,shipping,front-end,0.12796619489743874,0.047437284720037436,0.12652946617065527,0.04864479405252923,-0.0805289101774013,-0.07788467211812605
user_cpu,user,cpu,mem,shipping,catalogue,0.12796619489743874,0.047437284720037436,0.10190677079787162,0.19613341252597677,-0.0805289101774013,0.09422664172810515
user_cpu,user,cpu,mem,shipping,carts,0.12796619489743874,0.047437284720037436,0.11988405622009976,0.04448115193217212,-0.0805289101774013,-0.07540290428792765
user_cpu,user,cpu,mem,shipping,orders,0.12796619489743874,0.047437284720037436,0.1267412404935467,0.04548969092912238,-0.0805289101774013,-0.08125154956442432
user_cpu,user,cpu,mem,shipping,payment,0.12796619489743874,0.047437284720037436,0.07255829261430247,0.4053798342638136,-0.0805289101774013,0.3328215416495111
user_delay,user,delay,cpu,front-end,catalogue,8.00630391613349,9.86390042910798,7.797193536081831,9.93406006189702,1.8575965129744905,2.136866525815188
user_delay,user,delay,cpu,front-end,carts,8.00630391613349,9.86390042910798,7.980135457499567,9.950941423780309,1.8575965129744905,1.970805966280742
user_delay,user,delay,cpu,front-end,orders,8.00630391613349,9.86390042910798,7.97680033391825,9.55331163955782,1.8575965129744905,1.5765113056395705
user_delay,user,delay,cpu,front-end,payment,8.00630391613349,9.86390042910798,7.8753669879662525,10.056245721923997,1.8575965129744905,2.1808787339577442
user_delay,user,delay,cpu,front-end,shipping,8.00630391613349,9.86390042910798,7.771180734396727,9.877052774999754,1.8575965129744905,2.1058720406030274
user_delay,user,delay,cpu,catalogue,front-end,8.948320362377181,6.783378215759026,8.667347347673433,7.022499761363264,-2.1649421466181558,-1.6448475863101688
user_delay,user,delay,cpu,catalogue,carts,8.93483537768433,6.7832599339838,8.937727963338066,6.843091474950115,-2.15157544370053,-2.094636488387951
user_delay,user,delay,cpu,catalogue,orders,8.93483537768433,6.7832599339838,8.93483537768433,6.7832599339838,-2.15157544370053,-2.15157544370053
user_delay,user,delay,cpu,catalogue,payment,8.93483537768433,6.7832599339838,8.719058860213826,7.066447735099085,-2.15157544370053,-1.652611125114741
user_delay,user,delay,cpu,catalogue,shipping,8.93483537768433,6.7832599339838,8.784728404691322,6.676463861718069,-2.15157544370053,-2.1082645429732523
user_delay,user,delay,cpu,carts,front-end,7.859843777047158,5.6799388051212585,7.94773720576363,5.915928250917858,-2.1799049719258994,-2.031808954845772
user_delay,user,delay,cpu,carts,catalogue,7.873846523800676,5.6736862332477465,7.981276302584413,5.929131841652231,-2.2001602905529296,-2.0521444609321815
user_delay,user,delay,cpu,carts,orders,7.873846523800676,5.6736862332477465,7.604844355777711,8.305944340724333,-2.2001602905529296,0.7010999849466213
user_delay,user,delay,cpu,carts,payment,7.873846523800676,5.6736862332477465,7.957701342926124,5.904338284651427,-2.2001602905529296,-2.053363058274697
user_delay,user,delay,cpu,carts,shipping,7.873846523800676,5.6736862332477465,7.9547999357872285,5.90803348571051,-2.2001602905529296,-2.046766450076719
user_delay,user,delay,cpu,orders,front-end,10.480092786602361,18.47112978088764,10.680410279552694,18.269794851108976,7.991036994285279,7.589384571556282
user_delay,user,delay,cpu,orders,catalogue,10.464948806878411,18.480144813317693,10.654327367507786,18.387586465869543,8.015196006439282,7.733259098361756
user_delay,user,delay,cpu,orders,carts,10.464948806878411,18.480144813317693,10.314617620383936,18.748120191258515,8.015196006439282,8.433502570874579
user_delay,user,delay,cpu,orders,payment,10.464948806878411,18.480144813317693,10.298031961075877,18.435617253688115,8.015196006439282,8.137585292612238
user_delay,user,delay,cpu,orders,shipping,10.464948806878411,18.480144813317693,10.538721596527273,18.171263555577937,8.015196006439282,7.6325419590506645
user_delay,user,delay,cpu,payment,front-end,9.822966234451927,10.514610913723875,9.979793469341748,10.916910219150232,0.6916446792719473,0.9371167498084834
user_delay,user,delay,cpu,payment,catalogue,9.805028412067559,10.505620481215425,9.946604448760542,10.662773128848345,0.7005920691478664,0.7161686800878027
user_delay,user,delay,cpu,payment,carts,9.805028412067559,10.505620481215425,10.03635106221173,10.608047787003832,0.7005920691478664,0.5716967247921012
user_delay,user,delay,cpu,payment,orders,9.805028412067559,10.505620481215425,9.898901130613073,11.091666494429708,0.7005920691478664,1.1927653638166351
user_delay,user,delay,cpu,payment,shipping,9.805028412067559,10.505620481215425,9.613652149459842,10.340078160978369,0.7005920691478664,0.7264260115185266
user_delay,user,delay,cpu,shipping,front-end,9.15447996506231,9.915305681830038,9.046971888048734,9.918103985911994,0.7608257167677284,0.87113209786326
user_delay,user,delay,cpu,shipping,catalogue,9.12219800994803,9.905640382796463,9.034314827401262,9.867358737356108,0.7834423728484321,0.8330439099548457
user_delay,user,delay,cpu,shipping,carts,9.12219800994803,9.905640382796463,9.155762190235375,9.979962242239791,0.7834423728484321,0.8242000520044162
user_delay,user,delay,cpu,shipping,orders,9.12219800994803,9.905640382796463,8.845582689560025,9.670614543289306,0.7834423728484321,0.8250318537292802
user_delay,user,delay,cpu,shipping,payment,9.12219800994803,9.905640382796463,8.560754340233888,9.80274723090398,0.7834423728484321,1.241992890670092
user_delay,user,delay,mem,front-end,catalogue,9.421147245589076,7.154820410120115,9.302579413917487,6.67223156436669,-2.266326835468961,-2.6303478495507964
user_delay,user,delay,mem,front-end,carts,9.421147245589076,7.154820410120115,9.29456261569681,6.949212322913764,-2.266326835468961,-2.3453502927830456
user_delay,user,delay,mem,front-end,orders,9.421147245589076,7.154820410120115,9.29456261569681,6.949212322913764,-2.266326835468961,-2.3453502927830456
user_delay,user,delay,mem,front-end,payment,9.421147245589076,7.154820410120115,9.29456261569681,6.949212322913764,-2.266326835468961,-2.3453502927830456
user_delay,user,delay,mem,front-end,shipping,9.421147245589076,7.154820410120115,9.254689671274498,5.627129255072715,-2.266326835468961,-3.627560416201783
user_delay,user,delay,mem,catalogue,front-end,0.11238003516800901,0.24824095847423466,0.10285466929418191,0.23889039320644864,0.13586092330622565,0.13603572391226673
user_delay,user,delay,mem,catalogue,carts,0.11238003516800901,0.24824095847423466,0.10468652927512487,0.24412715391288276,0.13586092330622565,0.1394406246377579
user_delay,user,delay,mem,catalogue,orders,0.11238003516800901,0.24824095847423466,0.1043386774575999,0.2845370773282385,0.13586092330622565,0.18019839987063863
user_delay,user,delay,mem,catalogue,payment,0.11238003516800901,0.24824095847423466,0.10718261476954216,0.2173200932665971,0.13586092330622565,0.11013747849705494
user_delay,user,delay,mem,catalogue,shipping,0.11238003516800901,0.24824095847423466,0.10468652927512487,0.24412715391288276,0.13586092330622565,0.1394406246377579
user_delay,user,delay,mem,carts,front-end,0.02227216671275631,0.015286886207280952,0.02227216671275631,0.015286886207280952,-0.006985280505475356,-0.006985280505475356
user_delay,user,delay,mem,carts,catalogue,0.02227216671275631,0.015286886207280952,0.02227216671275631,0.015286886207280952,-0.006985280505475356,-0.006985280505475356
user_delay,user,delay,mem,carts,orders,0.02227216671275631,0.015286886207280952,0.02227216671275631,0.015286886207280952,-0.006985280505475356,-0.006985280505475356
user_delay,user,delay,mem,carts,payment,0.02227216671275631,0.015286886207280952,0.02227216671275631,0.015286886207280952,-0.006985280505475356,-0.006985280505475356
user_delay,user,delay,mem,carts,shipping,0.02227216671275631,0.015286886207280952,0.02227216671275631,0.015286886207280952,-0.006985280505475356,-0.006985280505475356
user_delay,user,delay,mem,orders,front-end,0.010728265441567455,0.04326382985245557,0.010728265441567455,0.04326382985245557,0.03253556441088811,0.03253556441088811
user_delay,user,delay,mem,orders,catalogue,0.010728265441567455,0.04326382985245557,0.010678086301932193,0.04380109884129362,0.03253556441088811,0.03312301253936143
user_delay,user,delay,mem,orders,carts,0.010728265441567455,0.04326382985245557,0.010728265441567455,0.04326382985245557,0.03253556441088811,0.03253556441088811
user_delay,user,delay,mem,orders,payment,0.010728265441567455,0.04326382985245557,0.010728265441567455,0.04326382985245557,0.03253556441088811,0.03253556441088811
user_delay,user,delay,mem,orders,shipping,0.010728265441567455,0.04326382985245557,0.010718101694710219,0.04511007211462788,0.03253556441088811,0.03439197041991766
user_delay,user,delay,mem,payment,front-end,0.049510966334471745,0.08050401263970884,0.0495843272208565,0.08080752315283735,0.030993046305237096,0.03122319593198085
user_delay,user,delay,mem,payment,catalogue,0.049510966334471745,0.08050401263970884,0.049088212935774575,0.07751311158085021,0.030993046305237096,0.028424898645075636
user_delay,user,delay,mem,payment,carts,0.049510966334471745,0.08050401263970884,0.0495843272208565,0.08080752315283735,0.030993046305237096,0.03122319593198085
user_delay,user,delay,mem,payment,orders,0.049510966334471745,0.08050401263970884,0.0495843272208565,0.08080752315283735,0.030993046305237096,0.03122319593198085
user_delay,user,delay,mem,payment,shipping,0.049510966334471745,0.08050401263970884,0.047388985519492985,0.07062214108776693,0.030993046305237096,0.023233155568273947
user_delay,user,delay,mem,shipping,front-end,0.0008521198815298733,0.0016288019794579486,0.0008284092558241111,0.0015780690890180753,0.0007766820979280753,0.0007496598331939642
user_delay,user,delay,mem,shipping,catalogue,0.0008521198815298733,0.0016288019794579486,0.0008521198815298733,0.0016288019794579486,0.0007766820979280753,0.0007766820979280753
user_delay,user,delay,mem,shipping,carts,0.0008521198815298733,0.0016288019794579486,0.0008521198815298733,0.0016288019794579486,0.0007766820979280753,0.0007766820979280753
user_delay,user,delay,mem,shipping,orders,0.0008521198815298733,0.0016288019794579486,0.0008238052278682471,0.0020070451949989617,0.0007766820979280753,0.0011832399671307145
user_delay,user,delay,mem,shipping,payment,0.0008521198815298733,0.0016288019794579486,0.0008411973931933412,0.0013872112725737467,0.0007766820979280753,0.0005460138793804055
user_delay,user,delay,cpu,front-end,catalogue,9.958392463735763,11.718360734540594,9.977859563739035,11.41795898122162,1.7599682708048316,1.4400994174825854
user_delay,user,delay,cpu,front-end,carts,9.958392463735763,11.718360734540594,9.958392463735763,11.718360734540594,1.7599682708048316,1.7599682708048316
user_delay,user,delay,cpu,front-end,orders,9.958392463735763,11.718360734540594,9.958960212546113,11.70911051987806,1.7599682708048316,1.7501503073319462
user_delay,user,delay,cpu,front-end,payment,9.958392463735763,11.718360734540594,9.89795807656903,11.41729340038103,1.7599682708048316,1.519335323812001
user_delay,user,delay,cpu,front-end,shipping,9.958392463735763,11.718360734540594,9.958392463735763,11.718360734540594,1.7599682708048316,1.7599682708048316
user_delay,user,delay,cpu,catalogue,front-end,7.031961396337255,8.171035321987787,7.077466801277545,9.205394925820261,1.139073925650532,2.1279281245427164
user_delay,user,delay,cpu,catalogue,carts,7.031961396337255,8.171035321987787,7.057538597979214,9.422564552691233,1.139073925650532,2.365025954712019
user_delay,user,delay,cpu,catalogue,orders,7.031961396337255,8.171035321987787,7.063387609477521,9.446046972020705,1.139073925650532,2.3826593625431833
user_delay,user,delay,cpu,catalogue,payment,7.031961396337255,8.171035321987787,7.091275544317161,8.617934905765665,1.139073925650532,1.5266593614485044
user_delay,user,delay,cpu,catalogue,shipping,7.031961396337255,8.171035321987787,7.063387609477521,9.446046972020705,1.139073925650532,2.3826593625431833
user_delay,user,delay,cpu,carts,front-end,57.81537111934807,71.98043002029809,57.81537111934807,71.98043002029809,14.165058900950015,14.165058900950015
user_delay,user,delay,cpu,carts,catalogue,57.81537111934807,71.98043002029809,57.702608838656964,70.49795709867172,14.165058900950015,12.795348260014755
user_delay,user,delay,cpu,carts,orders,57.81537111934807,71.98043002029809,57.81537111934807,71.98043002029809,14.165058900950015,14.165058900950015
user_delay,user,delay,cpu,carts,payment,57.81537111934807,71.98043002029809,57.90540609042749,59.86282628386038,14.165058900950015,1.9574201934328883
user_delay,user,delay,cpu,carts,shipping,57.81537111934807,71.98043002029809,57.93033615255928,58.85626697141014,14.165058900950015,0.9259308188508655
user_delay,user,delay,cpu,orders,front-end,26.477035334239318,32.0761062747637,26.47034748695311,31.99384935570235,5.599070940524385,5.523501868749239
user_delay,user,delay,cpu,orders,catalogue,26.477035334239318,32.0761062747637,26.477035334239318,32.0761062747637,5.599070940524385,5.599070940524385
user_delay,user,delay,cpu,orders,carts,26.477035334239318,32.0761062747637,26.477035334239318,32.0761062747637,5.599070940524385,5.599070940524385
user_delay,user,delay,cpu,orders,payment,26.477035334239318,32.0761062747637,26.477035334239318,32.0761062747637,5.599070940524385,5.599070940524385
user_delay,user,delay,cpu,orders,shipping,26.477035334239318,32.0761062747637,26.477035334239318,32.0761062747637,5.599070940524385,5.599070940524385
user_delay,user,delay,cpu,payment,front-end,6.3850663108714265,8.424824145664374,6.711157516023787,9.059151255002321,2.0397578347929475,2.347993738978534
user_delay,user,delay,cpu,payment,catalogue,6.3850663108714265,8.424824145664374,6.733748909054856,8.659541464676858,2.0397578347929475,1.9257925556220021
user_delay,user,delay,cpu,payment,carts,6.3850663108714265,8.424824145664374,6.698495509439612,9.149730562025074,2.0397578347929475,2.451235052585462
user_delay,user,delay,cpu,payment,orders,6.3850663108714265,8.424824145664374,6.722796863324453,9.300701111991563,2.0397578347929475,2.57790424866711
user_delay,user,delay,cpu,payment,shipping,6.3850663108714265,8.424824145664374,6.722796863324453,9.300701111991563,2.0397578347929475,2.57790424866711
user_delay,user,delay,cpu,shipping,front-end,33.47625593472131,51.65072239164024,33.502129854633075,51.860145679351355,18.17446645691893,18.35801582471828
user_delay,user,delay,cpu,shipping,catalogue,33.47625593472131,51.65072239164024,33.502129854633075,51.860145679351355,18.17446645691893,18.35801582471828
user_delay,user,delay,cpu,shipping,carts,33.47625593472131,51.65072239164024,31.304784066439872,46.83005368276723,18.17446645691893,15.525269616327357
user_delay,user,delay,cpu,shipping,orders,33.47625593472131,51.65072239164024,33.502129854633075,51.860145679351355,18.17446645691893,18.35801582471828
user_delay,user,delay,cpu,shipping,payment,33.47625593472131,51.65072239164024,33.502129854633075,51.860145679351355,18.17446645691893,18.35801582471828
user_delay,user,delay,mem,front-end,catalogue,3.538344048059472,3.7267674462424094,3.538344048059472,3.7267674462424094,0.18842339818293752,0.18842339818293752
user_delay,user,delay,mem,front-end,carts,3.538344048059472,3.7267674462424094,3.5381890006572463,3.7266323857003694,0.18842339818293752,0.18844338504312308
user_delay,user,delay,mem,front-end,orders,3.538344048059472,3.7267674462424094,3.538344048059472,3.7267674462424094,0.18842339818293752,0.18842339818293752
user_delay,user,delay,mem,front-end,payment,3.538344048059472,3.7267674462424094,3.538344048059472,3.7267674462424094,0.18842339818293752,0.18842339818293752
user_delay,user,delay,mem,front-end,shipping,3.538344048059472,3.7267674462424094,3.538344048059472,3.7267674462424094,0.18842339818293752,0.18842339818293752
user_delay,user,delay,mem,catalogue,front-end,0.36341532368518636,0.8067213709845571,0.3624730539743425,0.8026215265141063,0.44330604729937073,0.44014847253976386
user_delay,user,delay,mem,catalogue,carts,0.36341532368518636,0.8067213709845571,0.2972523736666611,0.6838675735471015,0.44330604729937073,0.3866151998804404
user_delay,user,delay,mem,catalogue,orders,0.36341532368518636,0.8067213709845571,0.3623320583545047,0.8023258813922876,0.44330604729937073,0.43999382303778284
user_delay,user,delay,mem,catalogue,payment,0.36341532368518636,0.8067213709845571,0.26223891137353916,0.7114119320261985,0.44330604729937073,0.4491730206526593
user_delay,user,delay,mem,catalogue,shipping,0.36341532368518636,0.8067213709845571,0.30572318103544377,0.701586805080537,0.44330604729937073,0.3958636240450932
user_delay,user,delay,mem,carts,front-end,0.3805426201796342,0.9431806439268346,0.3805366924543031,0.9430496912547224,0.5626380237472004,0.5625129988004193
user_delay,user,delay,mem,carts,catalogue,0.3805426201796342,0.9431806439268346,0.3311576411876908,0.7853478434515951,0.5626380237472004,0.45419020226390433
user_delay,user,delay,mem,carts,orders,0.3805426201796342,0.9431806439268346,0.37302018872954995,0.9067593477024901,0.5626380237472004,0.5337391589729401
user_delay,user,delay,mem,carts,payment,0.3805426201796342,0.9431806439268346,0.3396275431311083,0.8026405800319756,0.5626380237472004,0.46301303690086726
user_delay,user,delay,mem,carts,shipping,0.3805426201796342,0.9431806439268346,0.20392834739794388,0.7043498883409435,0.5626380237472004,0.5004215409429996
user_delay,user,delay,mem,orders,front-end,0.03953876434143147,0.03828973106303811,0.03953876434143147,0.03828973106303811,-0.0012490332783933605,-0.0012490332783933605
user_delay,user,delay,mem,orders,catalogue,0.03953876434143147,0.03828973106303811,0.03955981442760369,0.03818620679986954,-0.0012490332783933605,-0.0013736076277341483
user_delay,user,delay,mem,orders,carts,0.03953876434143147,0.03828973106303811,0.03987160316276762,0.034651629938880935,-0.0012490332783933605,-0.005219973223886683
user_delay,user,delay,mem,orders,payment,0.03953876434143147,0.03828973106303811,0.039634526144413804,0.03672478601997729,-0.0012490332783933605,-0.0029097401244365106
user_delay,user,delay,mem,orders,shipping,0.03953876434143147,0.03828973106303811,0.03954571414785161,0.03825063418986712,-0.0012490332783933605,-0.001295079957984488
user_delay,user,delay,mem,payment,front-end,1.2246040304050707,1.1310002903581073,1.2246040304050707,1.1310002903581073,-0.09360374004696337,-0.09360374004696337
user_delay,user,delay,mem,payment,catalogue,1.2246040304050707,1.1310002903581073,0.6173881711868437,1.4248326534259608,-0.09360374004696337,0.807444482239117
user_delay,user,delay,mem,payment,carts,1.2246040304050707,1.1310002903581073,1.0634783262325782,0.4529485443802535,-0.09360374004696337,-0.6105297818523248
user_delay,user,delay,mem,payment,orders,1.2246040304050707,1.1310002903581073,1.216849816065015,1.040239498134333,-0.09360374004696337,-0.17661031793068194
user_delay,user,delay,mem,payment,shipping,1.2246040304050707,1.1310002903581073,0.9661535690840578,0.4788293206726986,-0.09360374004696337,-0.4873242484113592
user_delay,user,delay,mem,shipping,front-end,0.11613873492841763,0.08950134445070075,0.11613873492841763,0.08950134445070075,-0.026637390477716877,-0.026637390477716877
user_delay,user,delay,mem,shipping,catalogue,0.11613873492841763,0.08950134445070075,0.08382710065011875,0.08682770346970738,-0.026637390477716877,0.003000602819588624
user_delay,user,delay,mem,shipping,carts,0.11613873492841763,0.08950134445070075,0.056695435819435605,0.10754941389951592,-0.026637390477716877,0.05085397808008031
user_delay,user,delay,mem,shipping,orders,0.11613873492841763,0.08950134445070075,0.11612948508998361,0.08937865820498962,-0.026637390477716877,-0.026750826884993986
user_delay,user,delay,mem,shipping,payment,0.11613873492841763,0.08950134445070075,0.08389302740453096,0.03933679708391167,-0.026637390477716877,-0.04455623032061929
user_delay,user,delay,cpu,front-end,catalogue,5.31070190011244,11.648578815585115,5.270213823579647,11.260573279276832,6.337876915472675,5.990359455697185
user_delay,user,delay,cpu,front-end,carts,5.31070190011244,11.648578815585115,5.306144689722964,11.629039452260516,6.337876915472675,6.322894762537552
user_delay,user,delay,cpu,front-end,orders,5.31070190011244,11.648578815585115,5.31070190011244,11.648578815585115,6.337876915472675,6.337876915472675
user_delay,user,delay,cpu,front-end,payment,5.31070190011244,11.648578815585115,5.2557642394469575,11.68702226178925,6.337876915472675,6.431258022342293
user_delay,user,delay,cpu,front-end,shipping,5.31070190011244,11.648578815585115,5.312195952831264,11.643724590786348,6.337876915472675,6.331528637955085
user_delay,user,delay,cpu,catalogue,front-end,5.445770915784013,8.480208917725726,5.61765728369505,9.03213420517566,3.034438001941713,3.4144769214806105
user_delay,user,delay,cpu,catalogue,carts,5.445770915784013,8.480208917725726,5.308757392636032,8.707933385953833,3.034438001941713,3.399175993317801
user_delay,user,delay,cpu,catalogue,orders,5.445770915784013,8.480208917725726,5.624657474915134,8.997323000915575,3.034438001941713,3.372665526000441
user_delay,user,delay,cpu,catalogue,payment,5.445770915784013,8.480208917725726,5.637319092853297,9.498949892259693,3.034438001941713,3.861630799406396
user_delay,user,delay,cpu,catalogue,shipping,5.445770915784013,8.480208917725726,5.666771396293665,9.394521553723795,3.034438001941713,3.7277501574301297
user_delay,user,delay,cpu,carts,front-end,8.770010570231358,11.836458147081172,8.889175208290093,13.512970129109162,3.0664475768498143,4.623794920819069
user_delay,user,delay,cpu,carts,catalogue,8.770010570231358,11.836458147081172,8.64126282338631,12.021185897735398,3.0664475768498143,3.3799230743490885
user_delay,user,delay,cpu,carts,orders,8.770010570231358,11.836458147081172,8.478144225364554,12.120587824822374,3.0664475768498143,3.6424435994578204
user_delay,user,delay,cpu,carts,payment,8.770010570231358,11.836458147081172,8.885766408281432,13.569859089826187,3.0664475768498143,4.6840926815447546
user_delay,user,delay,cpu,carts,shipping,8.770010570231358,11.836458147081172,8.810683338727927,13.525600477769004,3.0664475768498143,4.714917139041077
user_delay,user,delay,cpu,orders,front-end,16.82683480573636,20.255533337900243,16.82683480573636,20.255533337900243,3.4286985321638817,3.4286985321638817
user_delay,user,delay,cpu,orders,catalogue,16.82683480573636,20.255533337900243,16.902831158420245,16.579649266829975,3.4286985321638817,-0.32318189159027
user_delay,user,delay,cpu,orders,carts,16.82683480573636,20.255533337900243,17.46311095382622,15.985211146741973,3.4286985321638817,-1.4778998070842473
user_delay,user,delay,cpu,orders,payment,16.82683480573636,20.255533337900243,16.82683480573636,20.255533337900243,3.4286985321638817,3.4286985321638817
user_delay,user,delay,cpu,orders,shipping,16.82683480573636,20.255533337900243,15.205057495895169,19.262664601511435,3.4286985321638817,4.057607105616267
user_delay,user,delay,cpu,payment,front-end,9.452544728028904,7.955468899974527,9.399676000923773,8.055172572182526,-1.4970758280543777,-1.3445034287412465
user_delay,user,delay,cpu,payment,catalogue,9.452544728028904,7.955468899974527,9.420469080431987,7.9237527273676625,-1.4970758280543777,-1.4967163530643246
user_delay,user,delay,cpu,payment,carts,9.452544728028904,7.955468899974527,9.438964351927872,7.949796608582006,-1.4970758280543777,-1.4891677433458659
user_delay,user,delay,cpu,payment,orders,9.452544728028904,7.955468899974527,9.438964351927872,7.949796608582006,-1.4970758280543777,-1.4891677433458659
user_delay,user,delay,cpu,payment,shipping,9.452544728028904,7.955468899974527,9.438964351927872,7.949796608582006,-1.4970758280543777,-1.4891677433458659
user_delay,user,delay,cpu,shipping,front-end,23.495408014007612,31.72697017108096,23.519741334052753,31.291519381326825,8.231562157073348,7.771778047274072
user_delay,user,delay,cpu,shipping,catalogue,23.495408014007612,31.72697017108096,23.584209587050285,29.91992340075641,8.231562157073348,6.335713813706125
user_delay,user,delay,cpu,shipping,carts,23.495408014007612,31.72697017108096,23.42820081811819,29.24131999710116,8.231562157073348,5.813119178982973
user_delay,user,delay,cpu,shipping,orders,23.495408014007612,31.72697017108096,20.282255291175083,24.343845408168747,8.231562157073348,4.0615901169936635
user_delay,user,delay,cpu,shipping,payment,23.495408014007612,31.72697017108096,23.495408014007612,31.72697017108096,8.231562157073348,8.231562157073348
user_delay,user,delay,mem,front-end,catalogue,3.547387252139342,3.2493082491689114,3.7813858856333793,3.4729174660871136,-0.29807900297043055,-0.3084684195462657
user_delay,user,delay,mem,front-end,carts,3.547387252139342,3.2493082491689114,3.7807445842536023,3.5180627942097606,-0.29807900297043055,-0.2626817900438416
user_delay,user,delay,mem,front-end,orders,3.547387252139342,3.2493082491689114,3.708997262310275,3.6044733655697545,-0.29807900297043055,-0.10452389674052043
user_delay,user,delay,mem,front-end,payment,3.547387252139342,3.2493082491689114,3.7813858856333793,3.4729174660871136,-0.29807900297043055,-0.3084684195462657
user_delay,user,delay,mem,front-end,shipping,3.547387252139342,3.2493082491689114,3.7813858856333793,3.4729174660871136,-0.29807900297043055,-0.3084684195462657
user_delay,user,delay,mem,catalogue,front-end,0.6085758244211958,0.5252213173775784,0.6085758244211958,0.5252213173775784,-0.08335450704361747,-0.08335450704361747
user_delay,user,delay,mem,catalogue,carts,0.6085758244211958,0.5252213173775784,0.5743805382632947,0.5397906878200099,-0.08335450704361747,-0.034589850443284775
user_delay,user,delay,mem,catalogue,orders,0.6085758244211958,0.5252213173775784,0.6005663159688908,0.4888508056252538,-0.08335450704361747,-0.11171551034363697
user_delay,user,delay,mem,catalogue,payment,0.6085758244211958,0.5252213173775784,0.47995394279943226,0.9179756215850534,-0.08335450704361747,0.43802167878562115
user_delay,user,delay,mem,catalogue,shipping,0.6085758244211958,0.5252213173775784,0.6085758244211958,0.5252213173775784,-0.08335450704361747,-0.08335450704361747
user_delay,user,delay,mem,carts,front-end,0.015335332006772173,0.023431235064832436,0.01529526548499129,0.023512899274271498,0.008095903058060263,0.008217633789280207
user_delay,user,delay,mem,carts,catalogue,0.015335332006772173,0.023431235064832436,0.012374568792669497,0.019716622483501912,0.008095903058060263,0.007342053690832415
user_delay,user,delay,mem,carts,orders,0.015335332006772173,0.023431235064832436,0.01422997710430089,0.022596153025870817,0.008095903058060263,0.008366175921569926
user_delay,user,delay,mem,carts,payment,0.015335332006772173,0.023431235064832436,0.014214165000871588,0.021378041552994245,0.008095903058060263,0.007163876552122656
user_delay,user,delay,mem,carts,shipping,0.015335332006772173,0.023431235064832436,0.015335332006772173,0.023431235064832436,0.008095903058060263,0.008095903058060263
user_delay,user,delay,mem,orders,front-end,0.05105259623258844,0.0281065161120735,0.050069956415022564,0.030813940039918487,-0.02294608012051494,-0.019256016375104077
user_delay,user,delay,mem,orders,catalogue,0.05105259623258844,0.0281065161120735,0.04827130924889417,0.027002785828178576,-0.02294608012051494,-0.021268523420715592
user_delay,user,delay,mem,orders,carts,0.05105259623258844,0.0281065161120735,0.049996721403036376,0.030419739083969895,-0.02294608012051494,-0.01957698231906648
user_delay,user,delay,mem,orders,payment,0.05105259623258844,0.0281065161120735,0.04902573290540623,0.02982214418642159,-0.02294608012051494,-0.019203588718984643
user_delay,user,delay,mem,orders,shipping,0.05105259623258844,0.0281065161120735,0.05105259623258844,0.0281065161120735,-0.02294608012051494,-0.02294608012051494
user_delay,user,delay,mem,payment,front-end,0.44490497748513386,1.5240449821019721,0.44490497748513386,1.5240449821019721,1.0791400046168382,1.0791400046168382
user_delay,user,delay,mem,payment,catalogue,0.44490497748513386,1.5240449821019721,0.38066611786343213,1.5335371349359475,1.0791400046168382,1.1528710170725154
user_delay,user,delay,mem,payment,carts,0.44490497748513386,1.5240449821019721,0.43095094002336826,1.5651030733748188,1.0791400046168382,1.1341521333514506
user_delay,user,delay,mem,payment,orders,0.44490497748513386,1.5240449821019721,0.43175261229889,1.5137677205224864,1.0791400046168382,1.0820151082235965
user_delay,user,delay,mem,payment,shipping,0.44490497748513386,1.5240449821019721,0.44490497748513386,1.5240449821019721,1.0791400046168382,1.0791400046168382
user_delay,user,delay,mem,shipping,front-end,0.011387686432870458,0.028224396606423778,0.011387686432870458,0.028224396606423778,0.016836710173553322,0.016836710173553322
user_delay,user,delay,mem,shipping,catalogue,0.011387686432870458,0.028224396606423778,0.011387686432870458,0.028224396606423778,0.016836710173553322,0.016836710173553322
user_delay,user,delay,mem,shipping,carts,0.011387686432870458,0.028224396606423778,0.011387686432870458,0.028224396606423778,0.016836710173553322,0.016836710173553322
user_delay,user,delay,mem,shipping,orders,0.011387686432870458,0.028224396606423778,0.011387686432870458,0.028224396606423778,0.016836710173553322,0.016836710173553322
user_delay,user,delay,mem,shipping,payment,0.011387686432870458,0.028224396606423778,0.011387686432870458,0.028224396606423778,0.016836710173553322,0.016836710173553322
user_disk,user,disk,cpu,front-end,catalogue,1239.1650554541081,8.322154725101589,1580.3423897923076,7.414520292287967,-1230.8429007290065,-1572.9278695000196
user_disk,user,disk,cpu,front-end,carts,1239.1650554541081,8.322154725101589,1189.6974181076835,9.33705171942317,-1230.8429007290065,-1180.3603663882602
user_disk,user,disk,cpu,front-end,orders,1239.1650554541081,8.322154725101589,1106.351798023402,11.136491139522736,-1230.8429007290065,-1095.215306883879
user_disk,user,disk,cpu,front-end,payment,1239.1650554541081,8.322154725101589,1269.771062884978,9.587663714989493,-1230.8429007290065,-1260.1833991699884
user_disk,user,disk,cpu,front-end,shipping,1239.1650554541081,8.322154725101589,1166.9013245784265,9.444999423906685,-1230.8429007290065,-1157.4563251545198
user_disk,user,disk,cpu,catalogue,front-end,30.725962051029036,9.758672664530735,29.862304776986683,9.609605595768533,-20.9672893864983,-20.252699181218148
user_disk,user,disk,cpu,catalogue,carts,35.95200622041277,10.065958836536355,26.002185120197957,10.292560028688882,-25.886047383876416,-15.709625091509075
user_disk,user,disk,cpu,catalogue,orders,35.95200622041277,10.065958836536355,27.597580950558935,10.763515642532893,-25.886047383876416,-16.83406530802604
user_disk,user,disk,cpu,catalogue,payment,35.95200622041277,10.065958836536355,29.34781092529246,10.172573378982342,-25.886047383876416,-19.175237546310118
user_disk,user,disk,cpu,catalogue,shipping,35.95200622041277,10.065958836536355,28.346523088365828,9.785450454631384,-25.886047383876416,-18.561072633734444
user_disk,user,disk,cpu,carts,front-end,21.079991439542,11.382256456128735,62.92017787209146,16.273220461139214,-9.697734983413264,-46.64695741095224
user_disk,user,disk,cpu,carts,catalogue,21.67147160829736,11.341897304290148,42.96755945055166,14.327298165200009,-10.329574304007211,-28.640261285351652
user_disk,user,disk,cpu,carts,orders,21.67147160829736,11.341897304290148,30.2852329953765,16.38025235193152,-10.329574304007211,-13.90498064344498
user_disk,user,disk,cpu,carts,payment,21.67147160829736,11.341897304290148,39.83943152467036,15.739867888416267,-10.329574304007211,-24.099563636254093
user_disk,user,disk,cpu,carts,shipping,21.67147160829736,11.341897304290148,35.84559788820908,14.871715158428007,-10.329574304007211,-20.97388272978107
user_disk,user,disk,cpu,orders,front-end,29.918867699152656,18.921995499988864,48.03090621608619,18.204728623716534,-10.996872199163793,-29.826177592369653
user_disk,user,disk,cpu,orders,catalogue,30.1643972053857,19.213649418633302,43.86185093672048,17.084948232206028,-10.950747786752398,-26.776902704514452
user_disk,user,disk,cpu,orders,carts,30.1643972053857,19.213649418633302,24.07186070159493,18.1146161802902,-10.950747786752398,-5.95724452130473
user_disk,user,disk,cpu,orders,payment,30.1643972053857,19.213649418633302,29.35531524459319,18.969024431082367,-10.950747786752398,-10.386290813510822
user_disk,user,disk,cpu,orders,shipping,30.1643972053857,19.213649418633302,24.454633070842736,16.91826471343959,-10.950747786752398,-7.536368357403145
user_disk,user,disk,cpu,payment,front-end,15.961512282610846,13.116099669311113,20.510182348350188,12.719253740025401,-2.8454126132997324,-7.790928608324787
user_disk,user,disk,cpu,payment,catalogue,15.648272796054957,13.176717228475734,17.30875782779934,11.804717607846586,-2.471555567579223,-5.5040402199527545
user_disk,user,disk,cpu,payment,carts,15.648272796054957,13.176717228475734,13.144224525601864,12.381736744028903,-2.471555567579223,-0.7624877815729612
user_disk,user,disk,cpu,payment,orders,15.648272796054957,13.176717228475734,12.276967628958754,13.332228164871845,-2.471555567579223,1.0552605359130904
user_disk,user,disk,cpu,payment,shipping,15.648272796054957,13.176717228475734,11.613189990670895,12.197876542874974,-2.471555567579223,0.5846865522040794
user_disk,user,disk,cpu,shipping,front-end,12.692452739670262,12.50435679147706,16.813644071223358,11.381899966929586,-0.18809594819320274,-5.431744104293772
user_disk,user,disk,cpu,shipping,catalogue,12.65607107609084,12.65302205078591,14.874516334266277,10.586464712573223,-0.0030490253049286764,-4.288051621693054
user_disk,user,disk,cpu,shipping,carts,12.65607107609084,12.65302205078591,10.670639333130943,11.1915227899115,-0.0030490253049286764,0.5208834567805578
user_disk,user,disk,cpu,shipping,orders,12.65607107609084,12.65302205078591,8.711206970529052,11.66946144035957,-0.0030490253049286764,2.9582544698305178
user_disk,user,disk,cpu,shipping,payment,12.65607107609084,12.65302205078591,10.276332387515888,11.177163870601108,-0.0030490253049286764,0.90083148308522
user_disk,user,disk,mem,front-end,catalogue,57.5499614748652,71.86577285969064,57.5499614748652,71.86577285969064,14.315811384825437,14.315811384825437
user_disk,user,disk,mem,front-end,carts,57.5499614748652,71.86577285969064,57.5499614748652,71.86577285969064,14.315811384825437,14.315811384825437
user_disk,user,disk,mem,front-end,orders,57.5499614748652,71.86577285969064,52.455683108901304,58.627735995738675,14.315811384825437,6.1720528868373705
user_disk,user,disk,mem,front-end,payment,57.5499614748652,71.86577285969064,57.5499614748652,71.86577285969064,14.315811384825437,14.315811384825437
user_disk,user,disk,mem,front-end,shipping,57.5499614748652,71.86577285969064,57.5499614748652,71.86577285969064,14.315811384825437,14.315811384825437
user_disk,user,disk,mem,catalogue,front-end,0.49296353678558336,0.4719633269675926,0.5218097781404725,0.47605859644382265,-0.021000209817990778,-0.04575118169664982
user_disk,user,disk,mem,catalogue,carts,0.49296353678558336,0.4719633269675926,0.35017554117027255,0.4628215773675737,-0.021000209817990778,0.11264603619730112
user_disk,user,disk,mem,catalogue,orders,0.49296353678558336,0.4719633269675926,0.5218097781404725,0.47605859644382265,-0.021000209817990778,-0.04575118169664982
user_disk,user,disk,mem,catalogue,payment,0.49296353678558336,0.4719633269675926,0.3715678561471107,0.5433148348113302,-0.021000209817990778,0.17174697866421956
user_disk,user,disk,mem,catalogue,shipping,0.49296353678558336,0.4719633269675926,0.48780008441850764,0.4863132798075178,-0.021000209817990778,-0.0014868046109898225
user_disk,user,disk,mem,carts,front-end,0.1362090002654875,0.17281761814274244,0.2940061443051602,0.28519765028950017,0.036608617877254945,-0.008808494015660029
user_disk,user,disk,mem,carts,catalogue,0.1362090002654875,0.17281761814274244,0.22643941138053816,0.23374881725281726,0.036608617877254945,0.007309405872279101
user_disk,user,disk,mem,carts,orders,0.1362090002654875,0.17281761814274244,0.2940061443051602,0.28519765028950017,0.036608617877254945,-0.008808494015660029
user_disk,user,disk,mem,carts,payment,0.1362090002654875,0.17281761814274244,0.2559302637941459,0.19848117099224402,0.036608617877254945,-0.057449092801901885
user_disk,user,disk,mem,carts,shipping,0.1362090002654875,0.17281761814274244,0.28352045052625846,0.250066786288299,0.036608617877254945,-0.03345366423795948
user_disk,user,disk,mem,orders,front-end,0.03857779284671703,0.04142689603212208,0.03578036064672515,0.034298659644112994,0.002849103185405051,-0.0014817010026121555
user_disk,user,disk,mem,orders,catalogue,0.03857779284671703,0.04142689603212208,0.03964851400984238,0.03991202330983472,0.002849103185405051,0.0002635092999923386
user_disk,user,disk,mem,orders,carts,0.03857779284671703,0.04142689603212208,0.03964851400984238,0.03991202330983472,0.002849103185405051,0.0002635092999923386
user_disk,user,disk,mem,orders,payment,0.03857779284671703,0.04142689603212208,0.03964851400984238,0.03991202330983472,0.002849103185405051,0.0002635092999923386
user_disk,user,disk,mem,orders,shipping,0.03857779284671703,0.04142689603212208,0.039111655750254104,0.040723529243542965,0.002849103185405051,0.001611873493288861
user_disk,user,disk,mem,payment,front-end,0.7161556924447131,0.5694510002805887,0.8432507703034782,0.6398261818522132,-0.1467046921641244,-0.203424588451265
user_disk,user,disk,mem,payment,catalogue,0.7161556924447131,0.5694510002805887,0.4618238864128031,0.7571132256354145,-0.1467046921641244,0.2952893392226114
user_disk,user,disk,mem,payment,carts,0.7161556924447131,0.5694510002805887,0.527584599643831,0.36956054539571975,-0.1467046921641244,-0.15802405424811122
user_disk,user,disk,mem,payment,orders,0.7161556924447131,0.5694510002805887,0.8432507703034782,0.6398261818522132,-0.1467046921641244,-0.203424588451265
user_disk,user,disk,mem,payment,shipping,0.7161556924447131,0.5694510002805887,0.8312670061496675,0.6039559923440021,-0.1467046921641244,-0.22731101380566543
user_disk,user,disk,mem,shipping,front-end,0.000655612958710688,0.0008392731396360905,0.0006604033798325498,0.00081436987682737,0.00018366018092540258,0.00015396649699482025
user_disk,user,disk,mem,shipping,catalogue,0.000655612958710688,0.0008392731396360905,0.0006601539012960764,0.0008500933128430562,0.00018366018092540258,0.00018993941154697973
user_disk,user,disk,mem,shipping,carts,0.000655612958710688,0.0008392731396360905,0.000701983927526217,0.0008789398616724703,0.00018366018092540258,0.00017695593414625331
user_disk,user,disk,mem,shipping,orders,0.000655612958710688,0.0008392731396360905,0.000662412724675076,0.0008125860621446772,0.00018366018092540258,0.00015017333746960117
user_disk,user,disk,mem,shipping,payment,0.000655612958710688,0.0008392731396360905,0.000659281149812185,0.0008156672970209763,0.00018366018092540258,0.00015638614720879138
user_disk,user,disk,cpu,front-end,catalogue,10.427312881820244,9.437582224942021,10.424002092153625,9.453653480815923,-0.9897306568782227,-0.9703486113377018
user_disk,user,disk,cpu,front-end,carts,10.427312881820244,9.437582224942021,10.446446321030905,9.442850330633085,-0.9897306568782227,-1.0035959903978195
user_disk,user,disk,cpu,front-end,orders,10.427312881820244,9.437582224942021,10.410011274843388,9.663724804638676,-0.9897306568782227,-0.7462864702047121
user_disk,user,disk,cpu,front-end,payment,10.427312881820244,9.443217994130697,10.425387078068276,9.464585777544407,-0.9840948876895474,-0.9608013005238689
user_disk,user,disk,cpu,front-end,shipping,10.427312881820244,9.437582224942021,10.42211156222126,9.457811042154809,-0.9897306568782227,-0.9643005200664518
user_disk,user,disk,cpu,catalogue,front-end,8.501238892183629,8.754415459236812,8.533849918992493,8.780416741729132,0.2531765670531829,0.24656682273663932
user_disk,user,disk,cpu,catalogue,carts,8.501238892183629,8.754415459236812,8.522009439113805,8.773696784065304,0.2531765670531829,0.2516873449514989
user_disk,user,disk,cpu,catalogue,orders,8.501238892183629,8.754415459236812,8.525511434280613,9.06947585654171,0.2531765670531829,0.5439644222610962
user_disk,user,disk,cpu,catalogue,payment,8.501238892183629,8.758247483352397,8.535022308893133,8.817720280848306,0.25700859116876806,0.282697971955173
user_disk,user,disk,cpu,catalogue,shipping,8.501238892183629,8.754415459236812,8.533849918992493,8.780416741729132,0.2531765670531829,0.24656682273663932
user_disk,user,disk,cpu,carts,front-end,9.93200947212989,10.711956053802162,9.907088774223634,10.639733190602957,0.7799465816722719,0.7326444163793226
user_disk,user,disk,cpu,carts,catalogue,9.93200947212989,10.711956053802162,9.929183179014135,10.691624338152025,0.7799465816722719,0.7624411591378895
user_disk,user,disk,cpu,carts,orders,9.93200947212989,10.711956053802162,9.93200947212989,10.711956053802162,0.7799465816722719,0.7799465816722719
user_disk,user,disk,cpu,carts,payment,9.93200947212989,10.684910770120466,9.93200947212989,10.684910770120466,0.7529012979905758,0.7529012979905758
user_disk,user,disk,cpu,carts,shipping,9.93200947212989,10.711956053802162,9.93200947212989,10.711956053802162,0.7799465816722719,0.7799465816722719
user_disk,user,disk,cpu,orders,front-end,22.78981979323091,24.379442675374786,22.971523242553264,24.107422287845658,1.5896228821438747,1.135899045292394
user_disk,user,disk,cpu,orders,catalogue,22.78981979323091,24.379442675374786,22.735370212888167,25.13040259635465,1.5896228821438747,2.395032383466482
user_disk,user,disk,cpu,orders,carts,22.78981979323091,24.379442675374786,22.926847349177958,23.949770824249946,1.5896228821438747,1.0229234750719876
user_disk,user,disk,cpu,orders,payment,22.78981979323091,24.377217709413625,23.02385522673132,23.2963278734405,1.587397916182713,0.27247264670917914
user_disk,user,disk,cpu,orders,shipping,22.78981979323091,24.379442675374786,22.926847349177958,23.949770824249946,1.5896228821438747,1.0229234750719876
user_disk,user,disk,cpu,payment,front-end,8.319180341960925,10.849451238704427,8.347770682712161,10.87680069389986,2.5302708967435024,2.5290300111876984
user_disk,user,disk,cpu,payment,catalogue,8.319180341960925,10.849451238704427,8.342475492664821,10.877275123267154,2.5302708967435024,2.5347996306023326
user_disk,user,disk,cpu,payment,carts,8.319180341960925,10.849451238704427,8.347539743232298,10.874703299386427,2.5302708967435024,2.527163556154129
user_disk,user,disk,cpu,payment,orders,8.319180341960925,10.849451238704427,8.269722064556978,10.789920405715986,2.5302708967435024,2.5201983411590074
user_disk,user,disk,cpu,payment,shipping,8.319180341960925,10.849451238704427,8.347539743232298,10.874703299386427,2.5302708967435024,2.527163556154129
user_disk,user,disk,cpu,shipping,front-end,32.859869663425215,32.19107599129979,32.848885792746394,32.21656571019853,-0.6687936721254246,-0.6323200825478636
user_disk,user,disk,cpu,shipping,catalogue,32.859869663425215,32.19107599129979,32.859869663425215,32.19107599129979,-0.6687936721254246,-0.6687936721254246
user_disk,user,disk,cpu,shipping,carts,32.859869663425215,32.19107599129979,32.859869663425215,32.19107599129979,-0.6687936721254246,-0.6687936721254246
user_disk,user,disk,cpu,shipping,orders,32.859869663425215,32.19107599129979,32.859869663425215,32.19107599129979,-0.6687936721254246,-0.6687936721254246
user_disk,user,disk,cpu,shipping,payment,32.859869663425215,32.21749010342277,32.859869663425215,32.21749010342277,-0.6423795600024462,-0.6423795600024462
user_disk,user,disk,mem,front-end,catalogue,3.7994330017245628,3.9521356854585714,3.8198316470178058,4.644381528659576,0.15270268373400864,0.82454988164177
user_disk,user,disk,mem,front-end,carts,3.7994330017245628,3.9521356854585714,3.881711324182528,3.8520859991583563,0.15270268373400864,-0.02962532502417181
user_disk,user,disk,mem,front-end,orders,3.7994330017245628,3.9521356854585714,3.881711324182528,3.8520859991583563,0.15270268373400864,-0.02962532502417181
user_disk,user,disk,mem,front-end,payment,3.7994330017245628,3.9521356854585714,3.866471985039711,4.051806109337698,0.15270268373400864,0.18533412429798712
user_disk,user,disk,mem,front-end,shipping,3.7994330017245628,3.9521356854585714,3.881711324182528,3.8520859991583563,0.15270268373400864,-0.02962532502417181
user_disk,user,disk,mem,catalogue,front-end,0.24007546995937504,0.903115294591181,0.2383550296776018,0.9114157952702796,0.663039824631806,0.6730607655926778
user_disk,user,disk,mem,catalogue,carts,0.24007546995937504,0.903115294591181,0.23965375355434446,0.9030407834387525,0.663039824631806,0.663387029884408
user_disk,user,disk,mem,catalogue,orders,0.24007546995937504,0.903115294591181,0.23965375355434446,0.9030407834387525,0.663039824631806,0.663387029884408
user_disk,user,disk,mem,catalogue,payment,0.24007546995937504,0.903115294591181,0.1381032736777706,0.5610999773114914,0.663039824631806,0.4229967036337208
user_disk,user,disk,mem,catalogue,shipping,0.24007546995937504,0.903115294591181,0.20741248163445158,0.7684490929029444,0.663039824631806,0.5610366112684928
user_disk,user,disk,mem,carts,front-end,0.6512714525000591,0.36569562898297575,0.6563610874904557,0.3656218784231951,-0.2855758235170834,-0.29073920906726064
user_disk,user,disk,mem,carts,catalogue,0.6512714525000591,0.36569562898297575,0.6563610874904557,0.3656218784231951,-0.2855758235170834,-0.29073920906726064
user_disk,user,disk,mem,carts,orders,0.6512714525000591,0.36569562898297575,0.594093331972478,0.19963711613956367,-0.2855758235170834,-0.39445621583291435
user_disk,user,disk,mem,carts,payment,0.6512714525000591,0.36569562898297575,0.6563610874904557,0.3656218784231951,-0.2855758235170834,-0.29073920906726064
user_disk,user,disk,mem,carts,shipping,0.6512714525000591,0.36569562898297575,0.6563610874904557,0.3656218784231951,-0.2855758235170834,-0.29073920906726064
user_disk,user,disk,mem,orders,front-end,0.08593984520352888,0.12225785182534822,0.08607872285368814,0.12213487768180117,0.036318006621819346,0.03605615482811303
user_disk,user,disk,mem,orders,catalogue,0.08593984520352888,0.12225785182534822,0.08607872285368814,0.12213487768180117,0.036318006621819346,0.03605615482811303
user_disk,user,disk,mem,orders,carts,0.08593984520352888,0.12225785182534822,0.08112439311201552,0.1103792209446777,0.036318006621819346,0.029254827832662172
user_disk,user,disk,mem,orders,payment,0.08593984520352888,0.12225785182534822,0.08607872285368814,0.12213487768180117,0.036318006621819346,0.03605615482811303
user_disk,user,disk,mem,orders,shipping,0.08593984520352888,0.12225785182534822,0.08607872285368814,0.12213487768180117,0.036318006621819346,0.03605615482811303
user_disk,user,disk,mem,payment,front-end,0.7291153755485171,1.1470485211988175,0.72411380502166,1.1595098078589874,0.4179331456503004,0.4353960028373274
user_disk,user,disk,mem,payment,catalogue,0.7291153755485171,1.1470485211988175,0.36660108830828153,0.8707354468459817,0.4179331456503004,0.5041343585377002
user_disk,user,disk,mem,payment,carts,0.7291153755485171,1.1470485211988175,0.7291153755485171,1.1470485211988175,0.4179331456503004,0.4179331456503004
user_disk,user,disk,mem,payment,orders,0.7291153755485171,1.1470485211988175,0.7291153755485171,1.1470485211988175,0.4179331456503004,0.4179331456503004
user_disk,user,disk,mem,payment,shipping,0.7291153755485171,1.1470485211988175,0.5046983012938834,0.6635603955410205,0.4179331456503004,0.15886209424713715
user_disk,user,disk,mem,shipping,front-end,0.0621001957845156,0.07822657492050601,0.0621001957845156,0.07822657492050601,0.01612637913599041,0.01612637913599041
user_disk,user,disk,mem,shipping,catalogue,0.0621001957845156,0.07822657492050601,0.05571945098551431,0.06683242424186835,0.01612637913599041,0.011112973256354033
user_disk,user,disk,mem,shipping,carts,0.0621001957845156,0.07822657492050601,0.0621001957845156,0.07822657492050601,0.01612637913599041,0.01612637913599041
user_disk,user,disk,mem,shipping,orders,0.0621001957845156,0.07822657492050601,0.0621001957845156,0.07822657492050601,0.01612637913599041,0.01612637913599041
user_disk,user,disk,mem,shipping,payment,0.0621001957845156,0.07822657492050601,0.04849967507914146,0.04823454310548342,0.01612637913599041,-0.00026513197365804486
user_disk,user,disk,cpu,front-end,catalogue,7.687019019945406,7.143829117059322,7.602975915787624,7.367484197737125,-0.5431899028860832,-0.23549171805049962
user_disk,user,disk,cpu,front-end,carts,7.687019019945406,7.143829117059322,7.774128632501699,7.33612717674306,-0.5431899028860832,-0.4380014557586396
user_disk,user,disk,cpu,front-end,orders,7.687019019945406,7.143829117059322,7.735623812734326,7.319331448515943,-0.5431899028860832,-0.4162923642183838
user_disk,user,disk,cpu,front-end,payment,7.687019019945406,7.143829117059322,7.753189070189332,7.273864845014972,-0.5431899028860832,-0.47932422517435924
user_disk,user,disk,cpu,front-end,shipping,7.687019019945406,7.143829117059322,7.70622582028487,7.474089631994402,-0.5431899028860832,-0.23213618829046823
user_disk,user,disk,cpu,catalogue,front-end,7.638950225031693,8.065273338078297,8.079317907649415,7.555116257923802,0.4263231130466041,-0.5242016497256126
user_disk,user,disk,cpu,catalogue,carts,7.627474330858719,8.064723609649443,8.159553821138472,7.565001067330307,0.4372492787907234,-0.5945527538081645
user_disk,user,disk,cpu,catalogue,orders,7.627474330858719,8.064723609649443,8.159553821138472,7.565001067330307,0.4372492787907234,-0.5945527538081645
user_disk,user,disk,cpu,catalogue,payment,7.627474330858719,8.064723609649443,8.02284162930236,7.446626233430368,0.4372492787907234,-0.5762153958719916
user_disk,user,disk,cpu,catalogue,shipping,7.627474330858719,8.064723609649443,7.943935793923454,7.881733879683331,0.4372492787907234,-0.06220191424012267
user_disk,user,disk,cpu,carts,front-end,15.874668076775173,16.10730828830808,15.80156174616348,16.019871431546864,0.2326402115329067,0.21830968538338347
user_disk,user,disk,cpu,carts,catalogue,15.831572965207242,16.10791245233398,15.831572965207242,16.10791245233398,0.27633948712673906,0.27633948712673906
user_disk,user,disk,cpu,carts,orders,15.831572965207242,16.10791245233398,13.608819306686318,10.826941523825846,0.27633948712673906,-2.7818777828604713
user_disk,user,disk,cpu,carts,payment,15.831572965207242,16.10791245233398,15.831572965207242,16.10791245233398,0.27633948712673906,0.27633948712673906
user_disk,user,disk,cpu,carts,shipping,15.831572965207242,16.10791245233398,14.747628857508625,12.445987595969392,0.27633948712673906,-2.301641261539233
user_disk,user,disk,cpu,orders,front-end,74.64058979627156,105.50703746060816,74.64058979627156,105.50703746060816,30.866447664336604,30.866447664336604
user_disk,user,disk,cpu,orders,catalogue,74.43673263007166,105.36737488587747,74.43673263007166,105.36737488587747,30.930642255805807,30.930642255805807
user_disk,user,disk,cpu,orders,carts,74.43673263007166,105.36737488587747,62.416065659777665,72.4565727810448,30.930642255805807,10.040507121267133
user_disk,user,disk,cpu,orders,payment,74.43673263007166,105.36737488587747,74.15111646307714,105.5775656166255,30.930642255805807,31.42644915354836
user_disk,user,disk,cpu,orders,shipping,74.43673263007166,105.36737488587747,48.94661433756263,28.865784730931153,30.930642255805807,-20.080829606631475
user_disk,user,disk,cpu,payment,front-end,9.612449884070848,7.607178601613543,9.591953404437396,7.609070166293148,-2.005271282457305,-1.9828832381442476
user_disk,user,disk,cpu,payment,catalogue,9.80306519711245,7.606529636559216,9.722536940553418,7.624664212736415,-2.196535560553233,-2.097872727817003
user_disk,user,disk,cpu,payment,carts,9.80306519711245,7.606529636559216,9.79659684366281,7.693962479347778,-2.196535560553233,-2.1026343643150316
user_disk,user,disk,cpu,payment,orders,9.80306519711245,7.606529636559216,9.794937148069206,7.71780165105716,-2.196535560553233,-2.077135497012046
user_disk,user,disk,cpu,payment,shipping,9.80306519711245,7.606529636559216,9.360048491547344,8.11578217912202,-2.196535560553233,-1.2442663124253244
user_disk,user,disk,cpu,shipping,front-end,91.95652300373992,183.12259416869318,92.31866273889841,182.9558785940429,91.16607116495327,90.63721585514449
user_disk,user,disk,cpu,shipping,catalogue,91.69767830899951,183.0876379076724,89.9954322697199,183.82417943763056,91.38995959867287,93.82874716791066
user_disk,user,disk,cpu,shipping,carts,91.69767830899951,183.0876379076724,91.314352877435,168.1251962909506,91.38995959867287,76.81084341351561
user_disk,user,disk,cpu,shipping,orders,91.69767830899951,183.0876379076724,69.55217255736986,115.25893101649439,91.38995959867287,45.70675845912453
user_disk,user,disk,cpu,shipping,payment,91.69767830899951,183.0876379076724,86.81800635253568,187.47476916261547,91.38995959867287,100.6567628100798
user_disk,user,disk,mem,front-end,catalogue,3.6636531649228794,3.5980064108581518,3.6867684087437307,3.5900552049962724,-0.06564675406472764,-0.09671320374745829
user_disk,user,disk,mem,front-end,carts,3.6636531649228794,3.5980064108581518,3.6938353755076823,3.6511988898464756,-0.06564675406472764,-0.0426364856612067
user_disk,user,disk,mem,front-end,orders,3.6636531649228794,3.5980064108581518,3.699629473561034,3.68370547258862,-0.06564675406472764,-0.0159240009724142
user_disk,user,disk,mem,front-end,payment,3.6636531649228794,3.5980064108581518,3.6867684087437307,3.5900552049962724,-0.06564675406472764,-0.09671320374745829
user_disk,user,disk,mem,front-end,shipping,3.6636531649228794,3.5980064108581518,3.6867684087437307,3.5900552049962724,-0.06564675406472764,-0.09671320374745829
user_disk,user,disk,mem,catalogue,front-end,0.2584668289880294,1.6942929403036262,0.2584668289880294,1.6942929403036262,1.4358261113155968,1.4358261113155968
user_disk,user,disk,mem,catalogue,carts,0.2584668289880294,1.6942929403036262,0.15193760010038487,1.4281770799272837,1.4358261113155968,1.2762394798268988
user_disk,user,disk,mem,catalogue,orders,0.2584668289880294,1.6942929403036262,0.18166454167027796,1.372617512474184,1.4358261113155968,1.190952970803906
user_disk,user,disk,mem,catalogue,payment,0.2584668289880294,1.6942929403036262,0.15838112781712202,1.4630425187159344,1.4358261113155968,1.3046613908988123
user_disk,user,disk,mem,catalogue,shipping,0.2584668289880294,1.6942929403036262,0.2152141544535024,1.7043231818933555,1.4358261113155968,1.489109027439853
user_disk,user,disk,mem,carts,front-end,0.2523834161845238,0.3805061631162459,0.252385409532713,0.3806318777013614,0.1281227469317221,0.12824646816864843
user_disk,user,disk,mem,carts,catalogue,0.2523834161845238,0.3805061631162459,0.18677746087162767,0.2980452561611327,0.1281227469317221,0.11126779528950503
user_disk,user,disk,mem,carts,orders,0.2523834161845238,0.3805061631162459,0.1117527769868561,0.16768187468396756,0.1281227469317221,0.05592909769711146
user_disk,user,disk,mem,carts,payment,0.2523834161845238,0.3805061631162459,0.1523462696832584,0.1364763467475174,0.1281227469317221,-0.015869922935740993
user_disk,user,disk,mem,carts,shipping,0.2523834161845238,0.3805061631162459,0.1842555239165433,0.39163619779083986,0.1281227469317221,0.20738067387429657
user_disk,user,disk,mem,orders,front-end,0.09343570402733244,0.23891582121411428,0.09325976008851074,0.23920338633687255,0.14548011718678183,0.14594362624836182
user_disk,user,disk,mem,orders,catalogue,0.09343570402733244,0.23891582121411428,0.0757827288724741,0.09231230926439353,0.14548011718678183,0.01652958039191943
user_disk,user,disk,mem,orders,carts,0.09343570402733244,0.23891582121411428,0.04611504137432541,0.11033331312997353,0.14548011718678183,0.06421827175564812
user_disk,user,disk,mem,orders,payment,0.09343570402733244,0.23891582121411428,0.07628314025774148,0.16602822485965527,0.14548011718678183,0.08974508460191379
user_disk,user,disk,mem,orders,shipping,0.09343570402733244,0.23891582121411428,0.0661486671714492,0.24379968435038069,0.14548011718678183,0.1776510171789315
user_disk,user,disk,mem,payment,front-end,0.14200853336367225,0.21291144045700253,0.1419734696484221,0.21292223657536016,0.07090290709333028,0.07094876692693805
user_disk,user,disk,mem,payment,catalogue,0.14200853336367225,0.21291144045700253,0.11230151902296527,0.1977448767976207,0.07090290709333028,0.08544335777465543
user_disk,user,disk,mem,payment,carts,0.14200853336367225,0.21291144045700253,0.08773791148162066,0.049630641338256606,0.07090290709333028,-0.038107270143364055
user_disk,user,disk,mem,payment,orders,0.14200853336367225,0.21291144045700253,0.11559357879328941,0.08871651288239904,0.07090290709333028,-0.02687706591089037
user_disk,user,disk,mem,payment,shipping,0.14200853336367225,0.21291144045700253,0.12127928186069308,0.22044747895270528,0.07090290709333028,0.0991681970920122
user_disk,user,disk,mem,shipping,front-end,0.14521683378128447,0.01671735574926337,0.14521683378128447,0.01671735574926337,-0.1284994780320211,-0.1284994780320211
user_disk,user,disk,mem,shipping,catalogue,0.14521683378128447,0.01671735574926337,0.1290514143106665,0.29478424929321706,-0.1284994780320211,0.16573283498255056
user_disk,user,disk,mem,shipping,carts,0.14521683378128447,0.01671735574926337,0.108277381511235,0.15375485682268558,-0.1284994780320211,0.04547747531145058
user_disk,user,disk,mem,shipping,orders,0.14521683378128447,0.01671735574926337,0.12154361965010452,0.22709061223657231,-0.1284994780320211,0.1055469925864678
user_disk,user,disk,mem,shipping,payment,0.14521683378128447,0.01671735574926337,0.10532763327485237,0.14085269726613947,-0.1284994780320211,0.035525063991287104
user_loss,user,loss,cpu,front-end,catalogue,7.341362561478036,3144.6115016855456,7.504646741201114,4311.271708799369,3137.2701391240676,4303.7670620581675
user_loss,user,loss,cpu,front-end,carts,7.341362561478036,3144.6115016855456,7.480038614653925,4453.3054170367595,3137.2701391240676,4445.825378422106
user_loss,user,loss,cpu,front-end,orders,7.341362561478036,3144.6115016855456,7.462922881861019,4226.612698799095,3137.2701391240676,4219.1497759172335
user_loss,user,loss,cpu,front-end,payment,7.341362561478036,3144.6115016855456,7.461114675905746,4433.048211495309,3137.2701391240676,4425.587096819403
user_loss,user,loss,cpu,front-end,shipping,7.341362561478036,3063.3077723797405,7.399201026549697,4121.013500343476,3055.9664098182625,4113.614299316926
user_loss,user,loss,cpu,catalogue,front-end,8.64625640831376,117.54160856346758,8.668531877262769,123.65971924410238,108.89535215515382,114.99118736683961
user_loss,user,loss,cpu,catalogue,carts,8.64625640831376,194.51583867252083,8.678267695043854,231.81447009444156,185.86958226420705,223.13620239939772
user_loss,user,loss,cpu,catalogue,orders,8.64625640831376,194.51583867252083,8.678267695043854,231.81447009444156,185.86958226420705,223.13620239939772
user_loss,user,loss,cpu,catalogue,payment,8.64625640831376,194.51583867252083,8.678267695043854,231.81447009444156,185.86958226420705,223.13620239939772
user_loss,user,loss,cpu,catalogue,shipping,8.64625640831376,193.9112308223893,8.678267695043854,231.22985333283634,185.26497441407554,222.5515856377925
user_loss,user,loss,cpu,carts,front-end,7.7781288556154085,350.1629462450086,7.8742627246348835,367.39645039232806,342.38481738939316,359.5221876676932
user_loss,user,loss,cpu,carts,catalogue,7.7781288556154085,488.2658784473771,7.887302131679233,524.2283829587501,480.48774959176166,516.3410808270709
user_loss,user,loss,cpu,carts,orders,7.7781288556154085,488.2658784473771,7.858158054073804,496.4622546553097,480.48774959176166,488.60409660123594
user_loss,user,loss,cpu,carts,payment,7.7781288556154085,488.2658784473771,7.896159420585083,503.7976898913688,480.48774959176166,495.9015304707837
user_loss,user,loss,cpu,carts,shipping,7.7781288556154085,487.15842006969405,7.867900919425839,508.7709038582563,479.3802912140786,500.90300293883047
user_loss,user,loss,cpu,orders,front-end,7.224832725725856,327.0361516052503,7.233552681663798,320.3541519581528,319.8113188795245,313.120599276489
user_loss,user,loss,cpu,orders,catalogue,7.224832725725856,435.89152247193,7.273509464727387,449.37331030362594,428.66668974620416,442.09980083889855
user_loss,user,loss,cpu,orders,carts,7.224832725725856,435.89152247193,7.248061411746405,428.8293552704298,428.66668974620416,421.5812938586834
user_loss,user,loss,cpu,orders,payment,7.224832725725856,435.89152247193,7.311293238654421,422.4378686446165,428.66668974620416,415.1265754059621
user_loss,user,loss,cpu,orders,shipping,7.224832725725856,435.659261683052,7.231916682084099,404.56039735100234,428.4344289573262,397.32848066891825
user_loss,user,loss,cpu,payment,front-end,7.975752015355273,84.62869105544223,7.995180759893304,81.92316552966649,76.65293904008696,73.92798476977319
user_loss,user,loss,cpu,payment,catalogue,7.975752015355273,101.08687923941788,7.981849993704541,103.8658651862873,93.11112722406261,95.88401519258275
user_loss,user,loss,cpu,payment,carts,7.975752015355273,101.08687923941788,7.9695595678893545,92.93821587599633,93.11112722406261,84.96865630810699
user_loss,user,loss,cpu,payment,orders,7.975752015355273,101.08687923941788,8.001117244015008,84.44536286853184,93.11112722406261,76.44424562451684
user_loss,user,loss,cpu,payment,shipping,7.975752015355273,100.96881191844037,7.980372567222115,93.8497817592313,92.9930599030851,85.86940919200919
user_loss,user,loss,cpu,shipping,front-end,6.2474780347338665,73.6153862471156,6.194522798258762,67.40344440516792,67.36790821238174,61.20892160690916
user_loss,user,loss,cpu,shipping,catalogue,6.2474780347338665,94.14525627851359,6.253020091170498,96.1062786828921,87.89777824377973,89.8532585917216
user_loss,user,loss,cpu,shipping,carts,6.2474780347338665,94.14525627851359,6.270316182068382,91.19990923822984,87.89777824377973,84.92959305616145
user_loss,user,loss,cpu,shipping,orders,6.2474780347338665,94.14525627851359,6.190267861039816,75.73262638473552,87.89777824377973,69.54235852369571
user_loss,user,loss,cpu,shipping,payment,6.2474780347338665,94.14525627851359,6.150695673455534,89.81974421015593,87.89777824377973,83.6690485367004
user_loss,user,loss,mem,front-end,catalogue,3.705330200412794,49.77515094709429,3.71272402141161,48.139975525503544,46.06982074668149,44.427251504091934
user_loss,user,loss,mem,front-end,carts,3.705330200412794,49.77515094709429,3.6988364766591246,48.32508664884975,46.06982074668149,44.62625017219062
user_loss,user,loss,mem,front-end,orders,3.705330200412794,49.77515094709429,3.7259710723602546,48.493930357348155,46.06982074668149,44.7679592849879
user_loss,user,loss,mem,front-end,payment,3.705330200412794,49.77515094709429,3.6994867474530957,51.091146989296924,46.06982074668149,47.39166024184383
user_loss,user,loss,mem,front-end,shipping,3.705330200412794,49.77515094709429,3.46285509977727,48.48164469221128,46.06982074668149,45.01878959243401
user_loss,user,loss,mem,catalogue,front-end,0.11480823084523051,1.9386387198550454,0.11419306847294797,2.488123382456516,1.823830489009815,2.373930313983568
user_loss,user,loss,mem,catalogue,carts,0.11480823084523051,1.9386387198550454,0.11094067831203208,1.9587514152380419,1.823830489009815,1.8478107369260097
user_loss,user,loss,mem,catalogue,orders,0.11480823084523051,1.9386387198550454,0.11371151070082952,1.884475371023775,1.823830489009815,1.7707638603229454
user_loss,user,loss,mem,catalogue,payment,0.11480823084523051,1.9386387198550454,0.11614870758599556,1.6508590503796563,1.823830489009815,1.5347103427936608
user_loss,user,loss,mem,catalogue,shipping,0.11480823084523051,1.9386387198550454,0.11441846531026749,1.9677939567983957,1.823830489009815,1.8533754914881282
user_loss,user,loss,mem,carts,front-end,0.004761293798674423,0.003864471976552165,0.005080475823275561,0.04001283120326919,-0.0008968218221222582,0.03493235537999363
user_loss,user,loss,mem,carts,catalogue,0.004761293798674423,0.003864471976552165,0.004750190071304961,0.006514194695058203,-0.0008968218221222582,0.0017640046237532422
user_loss,user,loss,mem,carts,orders,0.004761293798674423,0.003864471976552165,0.004767835524813658,0.025842574365392067,-0.0008968218221222582,0.021074738840578408
user_loss,user,loss,mem,carts,payment,0.004761293798674423,0.003864471976552165,0.004728261502526423,0.04435677635670435,-0.0008968218221222582,0.039628514854177926
user_loss,user,loss,mem,carts,shipping,0.004761293798674423,0.003864471976552165,0.0048407999205854965,0.003619711239113905,-0.0008968218221222582,-0.0012210886814715913
user_loss,user,loss,mem,orders,front-end,0.0047355392657486275,0.04028956323623643,0.0047310024971334705,0.049031077839333005,0.0355540239704878,0.044300075342199534
user_loss,user,loss,mem,orders,catalogue,0.0047355392657486275,0.04028956323623643,0.0046318416602870865,0.033326301912900966,0.0355540239704878,0.02869446025261388
user_loss,user,loss,mem,orders,carts,0.0047355392657486275,0.04028956323623643,0.004568846098724869,0.0385803041745422,0.0355540239704878,0.03401145807581733
user_loss,user,loss,mem,orders,payment,0.0047355392657486275,0.04028956323623643,0.004825289691718626,0.05723952870889948,0.0355540239704878,0.052414239017180855
user_loss,user,loss,mem,orders,shipping,0.0047355392657486275,0.04028956323623643,0.0047355392657486275,0.04028956323623643,0.0355540239704878,0.0355540239704878
user_loss,user,loss,mem,payment,front-end,0.12738240701065248,3.968945765840663,0.12572474907004996,4.287540211751201,3.8415633588300104,4.161815462681151
user_loss,user,loss,mem,payment,catalogue,0.12738240701065248,3.968945765840663,0.12720687060609978,3.949864561079377,3.8415633588300104,3.822657690473277
user_loss,user,loss,mem,payment,carts,0.12738240701065248,3.968945765840663,0.12732458904836336,3.9826275899530623,3.8415633588300104,3.855303000904699
user_loss,user,loss,mem,payment,orders,0.12738240701065248,3.968945765840663,0.12665606614928301,3.9520967723810085,3.8415633588300104,3.8254407062317255
user_loss,user,loss,mem,payment,shipping,0.12738240701065248,3.968945765840663,0.12788004783821635,3.984918950050692,3.8415633588300104,3.8570389022124756
user_loss,user,loss,mem,shipping,front-end,0.0007041088331398035,0.0007281716728231269,0.0007595593957613764,0.0088208851378186,2.406283968332335e-05,0.008061325742057224
user_loss,user,loss,mem,shipping,catalogue,0.0007041088331398035,0.0007281716728231269,0.0006913955309326272,0.0008282494293639526,2.406283968332335e-05,0.00013685389843132536
user_loss,user,loss,mem,shipping,carts,0.0007041088331398035,0.0007281716728231269,0.0006822359192334051,0.000808869313483413,2.406283968332335e-05,0.00012663339425000788
user_loss,user,loss,mem,shipping,orders,0.0007041088331398035,0.0007281716728231269,0.0006913955309326272,0.0008282494293639526,2.406283968332335e-05,0.00013685389843132536
user_loss,user,loss,mem,shipping,payment,0.0007041088331398035,0.0007281716728231269,0.0006943155901458751,0.0021730025007657594,2.406283968332335e-05,0.0014786869106198843
user_loss,user,loss,cpu,front-end,catalogue,10.513766866949915,33.44266842934192,10.559110274524919,49.140711014104674,22.928901562392006,38.581600739579756
user_loss,user,loss,cpu,front-end,carts,10.513766866949915,33.44266842934192,10.559110274524919,49.140711014104674,22.928901562392006,38.581600739579756
user_loss,user,loss,cpu,front-end,orders,10.513766866949915,33.44266842934192,10.559110274524919,49.140711014104674,22.928901562392006,38.581600739579756
user_loss,user,loss,cpu,front-end,payment,10.513766866949915,33.44266842934192,10.417498155981189,41.619620466995535,22.928901562392006,31.202122311014346
user_loss,user,loss,cpu,front-end,shipping,10.513766866949915,33.44266842934192,10.559110274524919,49.140711014104674,22.928901562392006,38.581600739579756
user_loss,user,loss,cpu,catalogue,front-end,7.219292109226831,99.31705355877641,7.284275779607419,119.11300711504586,92.09776144954958,111.82873133543845
user_loss,user,loss,cpu,catalogue,carts,7.219292109226831,135.38832503338284,7.315244996057067,163.92386342322672,128.169032924156,156.60861842716966
user_loss,user,loss,cpu,catalogue,orders,7.219292109226831,135.38832503338284,7.292625808807417,164.17429325247193,128.169032924156,156.8816674436645
user_loss,user,loss,cpu,catalogue,payment,7.219292109226831,135.38832503338284,7.22333288889362,147.99856569317043,128.169032924156,140.7752328042768
user_loss,user,loss,cpu,catalogue,shipping,7.219292109226831,135.38832503338284,7.255916184742814,164.06911536873795,128.169032924156,156.81319918399515
user_loss,user,loss,cpu,carts,front-end,17.333780975238394,411.7781376345687,17.333780975238394,411.7781376345687,394.4443566593303,394.4443566593303
user_loss,user,loss,cpu,carts,catalogue,17.333780975238394,474.67884765436105,17.318158828079216,426.50933282715806,457.3450666791227,409.19117399907884
user_loss,user,loss,cpu,carts,orders,17.333780975238394,474.67884765436105,16.414534483393265,360.95441686211143,457.3450666791227,344.5398823787182
user_loss,user,loss,cpu,carts,payment,17.333780975238394,474.67884765436105,17.333780975238394,474.67884765436105,457.3450666791227,457.3450666791227
user_loss,user,loss,cpu,carts,shipping,17.333780975238394,474.67884765436105,15.277903070781838,392.8268200104801,457.3450666791227,377.54891693969824
user_loss,user,loss,cpu,orders,front-end,42.309986873783224,505.3980819669838,42.309986873783224,505.3980819669838,463.0880950932006,463.0880950932006
user_loss,user,loss,cpu,orders,catalogue,42.309986873783224,579.341419330799,42.21273447836003,444.5902372620244,537.0314324570157,402.3775027836644
user_loss,user,loss,cpu,orders,carts,42.309986873783224,579.341419330799,35.77345662373831,207.82385149320453,537.0314324570157,172.05039486946623
user_loss,user,loss,cpu,orders,payment,42.309986873783224,579.341419330799,42.309986873783224,579.341419330799,537.0314324570157,537.0314324570157
user_loss,user,loss,cpu,orders,shipping,42.309986873783224,579.341419330799,24.043004690849205,333.55192044784235,537.0314324570157,309.50891575699313
user_loss,user,loss,cpu,payment,front-end,7.828925850269782,62.012960035185515,7.728653811068381,69.70121464802276,54.18403418491573,61.97256083695437
user_loss,user,loss,cpu,payment,catalogue,7.828925850269782,73.86080852558342,7.786484230795865,74.67634592194312,66.03188267531364,66.88986169114726
user_loss,user,loss,cpu,payment,carts,7.828925850269782,73.86080852558342,7.806022727465783,88.12763250432731,66.03188267531364,80.32160977686152
user_loss,user,loss,cpu,payment,orders,7.828925850269782,73.86080852558342,7.806022727465783,88.12763250432731,66.03188267531364,80.32160977686152
user_loss,user,loss,cpu,payment,shipping,7.828925850269782,73.86080852558342,7.806022727465783,88.12763250432731,66.03188267531364,80.32160977686152
user_loss,user,loss,cpu,shipping,front-end,88.9373217532277,273.3743239629989,89.06335536327799,305.6416621263481,184.4370022097712,216.5783067630701
user_loss,user,loss,cpu,shipping,catalogue,88.9373217532277,292.5789882205902,88.20264521430983,127.0877821519587,203.64166646736248,38.88513693764888
user_loss,user,loss,cpu,shipping,carts,88.9373217532277,292.5789882205902,62.454116158796324,189.14187704997457,203.64166646736248,126.68776089117824
user_loss,user,loss,cpu,shipping,orders,88.9373217532277,292.5789882205902,46.40968900543271,240.4145796443827,203.64166646736248,194.00489063895
user_loss,user,loss,cpu,shipping,payment,88.9373217532277,292.5789882205902,89.06335536327799,330.14459363301404,203.64166646736248,241.08123826973605
user_loss,user,loss,mem,front-end,catalogue,3.254889352723437,46.41056880551668,3.258761271608242,46.598353270675766,43.155679452793244,43.33959199906752
user_loss,user,loss,mem,front-end,carts,3.254889352723437,46.41056880551668,3.252083202006026,46.35848602521237,43.155679452793244,43.106402823206345
user_loss,user,loss,mem,front-end,orders,3.254889352723437,46.41056880551668,3.254889352723437,46.41056880551668,43.155679452793244,43.155679452793244
user_loss,user,loss,mem,front-end,payment,3.254889352723437,46.41056880551668,3.254889352723437,46.41056880551668,43.155679452793244,43.155679452793244
user_loss,user,loss,mem,front-end,shipping,3.254889352723437,46.41056880551668,3.254889352723437,46.41056880551668,43.155679452793244,43.155679452793244
user_loss,user,loss,mem,catalogue,front-end,0.3665149011686559,1.1355634522582347,0.36620083733065556,1.6466528333376715,0.7690485510895788,1.280451996007016
user_loss,user,loss,mem,catalogue,carts,0.3665149011686559,1.1355634522582347,0.366813793646129,1.1660980671946537,0.7690485510895788,0.7992842735485247
user_loss,user,loss,mem,catalogue,orders,0.3665149011686559,1.1355634522582347,0.366813793646129,1.1660980671946537,0.7690485510895788,0.7992842735485247
user_loss,user,loss,mem,catalogue,payment,0.3665149011686559,1.1355634522582347,0.366813793646129,1.1660980671946537,0.7690485510895788,0.7992842735485247
user_loss,user,loss,mem,catalogue,shipping,0.3665149011686559,1.1355634522582347,0.366813793646129,1.1660980671946537,0.7690485510895788,0.7992842735485247
user_loss,user,loss,mem,carts,front-end,0.10690187773786917,0.14327589162856055,0.10677146604021451,0.1358538206354204,0.03637401389069138,0.02908235459520589
user_loss,user,loss,mem,carts,catalogue,0.10690187773786917,0.14327589162856055,0.10690323566478464,0.13762010324935653,0.03637401389069138,0.030716867584571886
user_loss,user,loss,mem,carts,orders,0.10690187773786917,0.14327589162856055,0.10477858812661983,0.069163719520815,0.03637401389069138,-0.03561486860580483
user_loss,user,loss,mem,carts,payment,0.10690187773786917,0.14327589162856055,0.1005418442036235,0.6617925305459819,0.03637401389069138,0.5612506863423583
user_loss,user,loss,mem,carts,shipping,0.10690187773786917,0.14327589162856055,0.08837660409552454,0.21302742842970562,0.03637401389069138,0.12465082433418108
user_loss,user,loss,mem,orders,front-end,0.13297640805064767,0.23752963860584297,0.13293411190852064,0.22009244783066595,0.1045532305551953,0.08715833592214531
user_loss,user,loss,mem,orders,catalogue,0.13297640805064767,0.23752963860584297,0.13293411190852064,0.22009244783066595,0.1045532305551953,0.08715833592214531
user_loss,user,loss,mem,orders,carts,0.13297640805064767,0.23752963860584297,0.10347293542855977,0.15914538117663948,0.1045532305551953,0.05567244574807971
user_loss,user,loss,mem,orders,payment,0.13297640805064767,0.23752963860584297,0.11787519349404382,0.37976803770472195,0.1045532305551953,0.26189284421067816
user_loss,user,loss,mem,orders,shipping,0.13297640805064767,0.23752963860584297,0.0722863955139765,0.28535512596715823,0.1045532305551953,0.21306873045318173
user_loss,user,loss,mem,payment,front-end,0.2657763175641358,1.9574143103699964,0.2657763175641358,1.9574143103699964,1.6916379928058607,1.6916379928058607
user_loss,user,loss,mem,payment,catalogue,0.2657763175641358,1.9574143103699964,0.2657763175641358,1.9574143103699964,1.6916379928058607,1.6916379928058607
user_loss,user,loss,mem,payment,carts,0.2657763175641358,1.9574143103699964,0.23241844637478093,1.9179403579681051,1.6916379928058607,1.6855219115933242
user_loss,user,loss,mem,payment,orders,0.2657763175641358,1.9574143103699964,0.22571557034199788,1.9103601276895088,1.6916379928058607,1.6846445573475108
user_loss,user,loss,mem,payment,shipping,0.2657763175641358,1.9574143103699964,0.21138115133981028,2.0206221428802817,1.6916379928058607,1.8092409915404715
user_loss,user,loss,mem,shipping,front-end,0.07371133043593574,0.30817136533274364,0.07372337704873552,0.302510704128509,0.2344600348968079,0.22878732707977348
user_loss,user,loss,mem,shipping,catalogue,0.07371133043593574,0.30817136533274364,0.07372337704873552,0.302510704128509,0.2344600348968079,0.22878732707977348
user_loss,user,loss,mem,shipping,carts,0.07371133043593574,0.30817136533274364,0.057117995608082256,0.2767167744319224,0.2344600348968079,0.21959877882384013
user_loss,user,loss,mem,shipping,orders,0.07371133043593574,0.30817136533274364,0.0373504580142943,0.2054082405397947,0.2344600348968079,0.1680577825255004
user_loss,user,loss,mem,shipping,payment,0.07371133043593574,0.30817136533274364,0.05185739275461275,0.3931720864862946,0.2344600348968079,0.34131469373168183
user_loss,user,loss,cpu,front-end,catalogue,8.58993992851891,35.326244166522095,9.623096337036975,42.11164574288325,26.736304238003186,32.48854940584627
user_loss,user,loss,cpu,front-end,carts,8.58993992851891,35.326244166522095,8.66600949691405,33.28189833044933,26.736304238003186,24.61588883353528
user_loss,user,loss,cpu,front-end,orders,8.58993992851891,35.326244166522095,10.714698522822696,53.75618703295366,26.736304238003186,43.04148851013097
user_loss,user,loss,cpu,front-end,payment,8.58993992851891,35.326244166522095,9.35857192893649,37.60757252116067,26.736304238003186,28.249000592224178
user_loss,user,loss,cpu,front-end,shipping,8.58993992851891,35.326244166522095,10.121926150213735,79.83718526981659,26.736304238003186,69.71525911960285
user_loss,user,loss,cpu,catalogue,front-end,16.087196913048096,35.09263458339558,16.986844657861575,44.93175637385454,19.005437670347483,27.944911715992966
user_loss,user,loss,cpu,catalogue,carts,16.087196913048096,35.53897904916855,14.36516209861729,36.436925076357376,19.451782136120457,22.071762977740086
user_loss,user,loss,cpu,catalogue,orders,16.087196913048096,35.53897904916855,20.475669929611314,66.47658069270469,19.451782136120457,46.00091076309337
user_loss,user,loss,cpu,catalogue,payment,16.087196913048096,35.53897904916855,17.085099023027315,45.87139222546364,19.451782136120457,28.786293202436323
user_loss,user,loss,cpu,catalogue,shipping,16.087196913048096,35.53897904916855,19.29171450360421,84.07510474749496,19.451782136120457,64.78339024389075
user_loss,user,loss,cpu,carts,front-end,23.32241152888863,60.99545056331763,31.531785431942648,96.18591693499354,37.673039034429,64.65413150305089
user_loss,user,loss,cpu,carts,catalogue,23.32241152888863,57.106966427546766,28.403073523811916,91.14496270656257,33.784554898658136,62.741889182750654
user_loss,user,loss,cpu,carts,orders,23.32241152888863,57.106966427546766,46.150524961180636,174.39819558666753,33.784554898658136,128.24767062548688
user_loss,user,loss,cpu,carts,payment,23.32241152888863,57.106966427546766,29.672718781120196,82.6664450178243,33.784554898658136,52.993726236704106
user_loss,user,loss,cpu,carts,shipping,23.32241152888863,57.106966427546766,37.71699301189324,213.91410629186473,33.784554898658136,176.1971132799715
user_loss,user,loss,cpu,orders,front-end,60.699188673696966,117.15134879555467,55.86216823473629,114.29416603740006,56.4521601218577,58.43199780266377
user_loss,user,loss,cpu,orders,catalogue,60.699188673696966,127.6846936122088,68.84112334320274,135.20814585655248,66.98550493851184,66.36702251334974
user_loss,user,loss,cpu,orders,carts,60.699188673696966,127.6846936122088,43.07086781491057,64.74263132087933,66.98550493851184,21.671763505968755
user_loss,user,loss,cpu,orders,payment,60.699188673696966,127.6846936122088,46.81697778921397,66.83246241636738,66.98550493851184,20.015484627153405
user_loss,user,loss,cpu,orders,shipping,60.699188673696966,127.6846936122088,77.5936703807267,255.9568057978243,66.98550493851184,178.3631354170976
user_loss,user,loss,cpu,payment,front-end,14.388859056412567,29.02850484833394,13.423921248845952,27.669219339822433,14.639645791921374,14.245298090976481
user_loss,user,loss,cpu,payment,catalogue,14.388859056412567,31.466498373133568,14.352100670817435,33.85951408811618,17.077639316721,19.507413417298743
user_loss,user,loss,cpu,payment,carts,14.388859056412567,31.466498373133568,11.089348803851083,19.83009353977445,17.077639316721,8.740744735923366
user_loss,user,loss,cpu,payment,orders,14.388859056412567,31.466498373133568,16.42810016602415,51.6042854681528,17.077639316721,35.17618530212865
user_loss,user,loss,cpu,payment,shipping,14.388859056412567,31.466498373133568,14.968284065279388,73.69777233936912,17.077639316721,58.72948827408973
user_loss,user,loss,cpu,shipping,front-end,16.528888076343446,31.91423155899702,16.03740790979325,31.201494738678836,15.385343482653575,15.164086828885587
user_loss,user,loss,cpu,shipping,catalogue,16.528888076343446,33.05693513359415,17.687609010190208,41.227296068233805,16.528047057250706,23.539687058043597
user_loss,user,loss,cpu,shipping,carts,16.528888076343446,33.05693513359415,14.349118832248314,27.125731466638562,16.528047057250706,12.776612634390249
user_loss,user,loss,cpu,shipping,orders,16.528888076343446,33.05693513359415,19.350702972916253,57.92450307049344,16.528047057250706,38.573800097577184
user_loss,user,loss,cpu,shipping,payment,16.528888076343446,33.05693513359415,16.18326204372043,34.356764753358874,16.528047057250706,18.173502709638445
user_loss,user,loss,mem,front-end,catalogue,10.512400550732654,36.49944207135891,10.512400550732654,36.49944207135891,25.987041520626253,25.987041520626253
user_loss,user,loss,mem,front-end,carts,10.512400550732654,36.49944207135891,10.512400550732654,36.49944207135891,25.987041520626253,25.987041520626253
user_loss,user,loss,mem,front-end,orders,10.512400550732654,36.49944207135891,10.512400550732654,36.49944207135891,25.987041520626253,25.987041520626253
user_loss,user,loss,mem,front-end,payment,10.512400550732654,36.49944207135891,10.512400550732654,36.49944207135891,25.987041520626253,25.987041520626253
user_loss,user,loss,mem,front-end,shipping,10.512400550732654,36.49944207135891,10.512400550732654,36.49944207135891,25.987041520626253,25.987041520626253
user_loss,user,loss,mem,catalogue,front-end,0.3119367132662139,0.8678187905850164,0.3191309279404063,0.7105211478941015,0.5558820773188025,0.39139021995369516
user_loss,user,loss,mem,catalogue,carts,0.3119367132662139,0.8678187905850164,0.3191309279404063,0.7105211478941015,0.5558820773188025,0.39139021995369516
user_loss,user,loss,mem,catalogue,orders,0.3119367132662139,0.8678187905850164,0.276307604974749,0.3606698755169321,0.5558820773188025,0.0843622705421831
user_loss,user,loss,mem,catalogue,payment,0.3119367132662139,0.8678187905850164,0.27997041718578825,0.662801506010877,0.5558820773188025,0.3828310888250887
user_loss,user,loss,mem,catalogue,shipping,0.3119367132662139,0.8678187905850164,0.3172169591330454,0.6639430553743424,0.5558820773188025,0.346726096241297
user_loss,user,loss,mem,carts,front-end,0.006056380036902631,0.023034048013833068,0.0060949364453245355,0.019181646430871422,0.016977667976930438,0.013086709985546886
user_loss,user,loss,mem,carts,catalogue,0.006056380036902631,0.023034048013833068,0.0060949364453245355,0.019181646430871422,0.016977667976930438,0.013086709985546886
user_loss,user,loss,mem,carts,orders,0.006056380036902631,0.023034048013833068,0.0060949364453245355,0.019181646430871422,0.016977667976930438,0.013086709985546886
user_loss,user,loss,mem,carts,payment,0.006056380036902631,0.023034048013833068,0.006010182889633345,0.019159648160495424,0.016977667976930438,0.013149465270862078
user_loss,user,loss,mem,carts,shipping,0.006056380036902631,0.023034048013833068,0.0060949364453245355,0.019181646430871422,0.016977667976930438,0.013086709985546886
user_loss,user,loss,mem,orders,front-end,0.11306743346040417,0.3403525050438358,0.11678096307974244,0.3005922373295908,0.22728507158343164,0.18381127424984833
user_loss,user,loss,mem,orders,catalogue,0.11306743346040417,0.3403525050438358,0.09906455665413288,0.2684310817675191,0.22728507158343164,0.16936652511338623
user_loss,user,loss,mem,orders,carts,0.11306743346040417,0.3403525050438358,0.11678096307974244,0.3005922373295908,0.22728507158343164,0.18381127424984833
user_loss,user,loss,mem,orders,payment,0.11306743346040417,0.3403525050438358,0.0818297752171354,0.3050323037346326,0.22728507158343164,0.22320252851749717
user_loss,user,loss,mem,orders,shipping,0.11306743346040417,0.3403525050438358,0.11179786349475218,0.2234964859591836,0.22728507158343164,0.11169862246443141
user_loss,user,loss,mem,payment,front-end,4.269243418027476,2.96969876828847,4.542747913228639,1.7584641255087106,-1.2995446497390062,-2.7842837877199282
user_loss,user,loss,mem,payment,catalogue,4.269243418027476,2.96969876828847,4.104337830944738,2.0634327237293233,-1.2995446497390062,-2.0409051072154147
user_loss,user,loss,mem,payment,carts,4.269243418027476,2.96969876828847,4.534761197056265,1.7459632354204513,-1.2995446497390062,-2.788797961635814
user_loss,user,loss,mem,payment,orders,4.269243418027476,2.96969876828847,2.978001789185513,8.682395743647243,-1.2995446497390062,5.704393954461731
user_loss,user,loss,mem,payment,shipping,4.269243418027476,2.96969876828847,4.542420358807693,1.7460760156485247,-1.2995446497390062,-2.796344343159168
user_loss,user,loss,mem,shipping,front-end,0.008508212555376917,0.039331981554347896,0.009291909091895083,0.03522661189586223,0.030823768998970977,0.025934702803967147
user_loss,user,loss,mem,shipping,catalogue,0.008508212555376917,0.039331981554347896,0.009356231110004122,0.035020795361007565,0.030823768998970977,0.02566456425100344
user_loss,user,loss,mem,shipping,carts,0.008508212555376917,0.039331981554347896,0.009291909091895083,0.03522661189586223,0.030823768998970977,0.025934702803967147
user_loss,user,loss,mem,shipping,orders,0.008508212555376917,0.039331981554347896,0.009947506885783136,0.02910772315520502,0.030823768998970977,0.019160216269421885
user_loss,user,loss,mem,shipping,payment,0.008508212555376917,0.039331981554347896,0.009525559166925468,0.035266957005651356,0.030823768998970977,0.025741397838725887
user_mem,user,mem,cpu,front-end,catalogue,6.24832362266157,6.715939053665015,6.216279785137365,6.771131687806567,0.4676154310034448,0.5548519026692018
user_mem,user,mem,cpu,front-end,carts,6.234519621685607,6.71473826497574,6.185369332132107,6.737948975012201,0.480218643290133,0.5525796428800938
user_mem,user,mem,cpu,front-end,orders,6.234519621685607,6.71473826497574,6.172844095040501,6.423477083338247,0.480218643290133,0.2506329882977454
user_mem,user,mem,cpu,front-end,payment,6.234519621685607,6.71473826497574,6.230274511004491,6.725185941252741,0.480218643290133,0.49491143024825046
user_mem,user,mem,cpu,front-end,shipping,6.234519621685607,6.71473826497574,6.208148672623841,6.749910546383635,0.480218643290133,0.5417618737597945
user_mem,user,mem,cpu,catalogue,front-end,9.669396554798562,7.231272160643404,9.554016956628471,7.423115330761335,-2.4381243941551576,-2.1309016258671365
user_mem,user,mem,cpu,catalogue,carts,9.669396554798562,7.231272160643404,9.697693337026053,7.210676127771164,-2.4381243941551576,-2.487017209254889
user_mem,user,mem,cpu,catalogue,orders,9.669396554798562,7.231272160643404,9.498977579708502,8.40317531574554,-2.4381243941551576,-1.0958022639629608
user_mem,user,mem,cpu,catalogue,payment,9.669396554798562,7.231272160643404,9.697693337026053,7.210676127771164,-2.4381243941551576,-2.487017209254889
user_mem,user,mem,cpu,catalogue,shipping,9.669396554798562,7.231272160643404,9.697693337026053,7.210676127771164,-2.4381243941551576,-2.487017209254889
user_mem,user,mem,cpu,carts,front-end,11.649243313614958,9.757737914569287,12.105207073050803,8.726049020622927,-1.8915053990456716,-3.3791580524278757
user_mem,user,mem,cpu,carts,catalogue,11.676898689725803,9.761633889583297,12.085593856415569,8.745783542016639,-1.9152648001425057,-3.33981031439893
user_mem,user,mem,cpu,carts,orders,11.649243313614958,9.757737914569287,12.056030281406548,8.743925738567938,-1.8915053990456716,-3.3121045428386093
user_mem,user,mem,cpu,carts,payment,11.649243313614958,9.757737914569287,12.054831060243467,8.743642188910467,-1.8915053990456716,-3.311188871333
user_mem,user,mem,cpu,carts,shipping,11.649243313614958,9.757737914569287,11.823106222483505,10.794044833763152,-1.8915053990456716,-1.0290613887203524
user_mem,user,mem,cpu,orders,front-end,19.127376736123075,22.8953118629943,19.206419612589688,22.7930607808772,3.767935126871226,3.586641168287514
user_mem,user,mem,cpu,orders,catalogue,19.145666140449478,22.901540239054004,19.484028879488097,23.247520096602724,3.755874098604526,3.763491217114627
user_mem,user,mem,cpu,orders,carts,19.127376736123075,22.8953118629943,19.170099453883065,22.908063668138887,3.767935126871226,3.737964214255822
user_mem,user,mem,cpu,orders,payment,19.127376736123075,22.8953118629943,18.701233944111262,22.820505873035923,3.767935126871226,4.119271928924661
user_mem,user,mem,cpu,orders,shipping,19.127376736123075,22.8953118629943,19.14150379332942,22.981780112738267,3.767935126871226,3.840276319408847
user_mem,user,mem,cpu,payment,front-end,543.311605639059,609.8171299988737,540.291087439226,564.9052416341324,66.50552435981467,24.614154194906405
user_mem,user,mem,cpu,payment,catalogue,544.7500789939371,612.6081131865477,541.7596177470601,562.720931603465,67.8580341926106,20.9613138564049
user_mem,user,mem,cpu,payment,carts,543.311605639059,609.8171299988737,540.3727649044521,560.8601233393149,66.50552435981467,20.487358434862813
user_mem,user,mem,cpu,payment,orders,543.311605639059,609.8171299988737,531.3847304236787,949.4760901845648,66.50552435981467,418.0913597608861
user_mem,user,mem,cpu,payment,shipping,543.311605639059,609.8171299988737,540.3685621223569,561.1490523676981,66.50552435981467,20.780490245341184
user_mem,user,mem,cpu,shipping,front-end,49.18924100102147,62.46185927428376,48.90753629291533,62.970248146015685,13.272618273262289,14.062711853100353
user_mem,user,mem,cpu,shipping,catalogue,49.285945226512034,62.6045452115805,49.189247471268935,62.33614684819864,13.318599985068467,13.146899376929703
user_mem,user,mem,cpu,shipping,carts,49.18924100102147,62.46185927428376,48.082289520738314,59.831287584193305,13.272618273262289,11.74899806345499
user_mem,user,mem,cpu,shipping,orders,49.18924100102147,62.46185927428376,48.998164466056615,72.19571835948805,13.272618273262289,23.19755389343144
user_mem,user,mem,cpu,shipping,payment,49.18924100102147,62.46185927428376,49.090570479745146,62.22072865001046,13.272618273262289,13.130158170265311
user_mem,user,mem,mem,front-end,catalogue,3.337517195436817,3.3346768452904496,3.2125278893269154,3.3973711083275613,-0.0028403501463674097,0.18484321900064593
user_mem,user,mem,mem,front-end,carts,3.337517195436817,3.3346768452904496,3.337517195436817,3.3346768452904496,-0.0028403501463674097,-0.0028403501463674097
user_mem,user,mem,mem,front-end,orders,3.337517195436817,3.3346768452904496,3.2018200555689216,3.523577873190975,-0.0028403501463674097,0.32175781762205347
user_mem,user,mem,mem,front-end,payment,3.337517195436817,3.3346768452904496,3.3034566147847952,3.7476353013958597,-0.0028403501463674097,0.4441786866110644
user_mem,user,mem,mem,front-end,shipping,3.337517195436817,3.3346768452904496,3.3338121212929126,3.3427732775591896,-0.0028403501463674097,0.008961156266277026
user_mem,user,mem,mem,catalogue,front-end,0.1762975538350448,0.380967408624032,0.17666002206879058,0.36623767289328973,0.2046698547889872,0.18957765082449915
user_mem,user,mem,mem,catalogue,carts,0.1762975538350448,0.380967408624032,0.1762975538350448,0.380967408624032,0.2046698547889872,0.2046698547889872
user_mem,user,mem,mem,catalogue,orders,0.1762975538350448,0.380967408624032,0.14592417557224877,0.17821017300005865,0.2046698547889872,0.03228599742780988
user_mem,user,mem,mem,catalogue,payment,0.1762975538350448,0.380967408624032,0.11912846366108469,0.4692081839242047,0.2046698547889872,0.35007972026312
user_mem,user,mem,mem,catalogue,shipping,0.1762975538350448,0.380967408624032,0.16474136732031133,0.2862300510775366,0.2046698547889872,0.12148868375722524
user_mem,user,mem,mem,carts,front-end,0.357139037236416,0.2708215995141212,0.357139037236416,0.2708215995141212,-0.08631743772229478,-0.08631743772229478
user_mem,user,mem,mem,carts,catalogue,0.357139037236416,0.2708215995141212,0.357139037236416,0.2708215995141212,-0.08631743772229478,-0.08631743772229478
user_mem,user,mem,mem,carts,orders,0.357139037236416,0.2708215995141212,0.357139037236416,0.2708215995141212,-0.08631743772229478,-0.08631743772229478
user_mem,user,mem,mem,carts,payment,0.357139037236416,0.2708215995141212,0.357139037236416,0.2708215995141212,-0.08631743772229478,-0.08631743772229478
user_mem,user,mem,mem,carts,shipping,0.357139037236416,0.2708215995141212,0.357139037236416,0.2708215995141212,-0.08631743772229478,-0.08631743772229478
user_mem,user,mem,mem,orders,front-end,0.0913454833442669,0.15662670815874902,0.0851630761149975,0.15148114675765342,0.06528122481448212,0.06631807064265592
user_mem,user,mem,mem,orders,catalogue,0.0913454833442669,0.15662670815874902,0.07826711832732534,0.10944295024423283,0.06528122481448212,0.03117583191690748
user_mem,user,mem,mem,orders,carts,0.0913454833442669,0.15662670815874902,0.0916200170245812,0.15682365214640526,0.06528122481448212,0.06520363512182406
user_mem,user,mem,mem,orders,payment,0.0913454833442669,0.15662670815874902,0.047220617570287685,0.28014984215351596,0.06528122481448212,0.2329292245832283
user_mem,user,mem,mem,orders,shipping,0.0913454833442669,0.15662670815874902,0.08320007416682167,0.15305038950339153,0.06528122481448212,0.06985031533656987
user_mem,user,mem,mem,payment,front-end,0.13873277465266345,0.8484368874646715,0.13911397825506588,0.8444509768537707,0.7097041128120081,0.7053369985987048
user_mem,user,mem,mem,payment,catalogue,0.13873277465266345,0.8484368874646715,0.11790157979947213,0.7547946434516372,0.7097041128120081,0.636893063652165
user_mem,user,mem,mem,payment,carts,0.13873277465266345,0.8484368874646715,0.13873277465266345,0.8484368874646715,0.7097041128120081,0.7097041128120081
user_mem,user,mem,mem,payment,orders,0.13873277465266345,0.8484368874646715,0.07819256821777992,0.6454699680135946,0.7097041128120081,0.5672773997958147
user_mem,user,mem,mem,payment,shipping,0.13873277465266345,0.8484368874646715,0.10987961756361925,0.36048672987976643,0.7097041128120081,0.2506071123161472
user_mem,user,mem,mem,shipping,front-end,0.04864204118250898,0.26725703742634815,0.04865103087147023,0.2671414583879418,0.21861499624383918,0.21849042751647157
user_mem,user,mem,mem,shipping,catalogue,0.04864204118250898,0.26725703742634815,0.04638150484101894,0.24977921499922806,0.21861499624383918,0.20339771015820912
user_mem,user,mem,mem,shipping,carts,0.04864204118250898,0.26725703742634815,0.04866293496791978,0.2672782046548794,0.21861499624383918,0.2186152696869596
user_mem,user,mem,mem,shipping,orders,0.04864204118250898,0.26725703742634815,0.03622195291450361,0.22824511470527573,0.21861499624383918,0.1920231617907721
user_mem,user,mem,mem,shipping,payment,0.04864204118250898,0.26725703742634815,0.034618923362144505,0.1457599384074575,0.21861499624383918,0.11114101504531299
user_mem,user,mem,cpu,front-end,catalogue,8.65850474770313,7.865091843764257,8.733909445877861,7.965616635603026,-0.7934129039388731,-0.7682928102748354
user_mem,user,mem,cpu,front-end,carts,8.65850474770313,7.865091843764257,8.742335513741786,7.735714929226586,-0.7934129039388731,-1.0066205845151996
user_mem,user,mem,cpu,front-end,orders,8.65850474770313,7.865091843764257,8.74783014417445,7.7962201802348945,-0.7934129039388731,-0.9516099639395561
user_mem,user,mem,cpu,front-end,payment,8.664819519362498,7.86246826398129,8.55450173846103,8.236478987993909,-0.8023512553812076,-0.3180227504671205
user_mem,user,mem,cpu,front-end,shipping,8.65850474770313,7.865091843764257,8.675426695725477,7.830431362952287,-0.7934129039388731,-0.8449953327731903
user_mem,user,mem,cpu,catalogue,front-end,7.927266285672041,9.680324063169495,8.1126556817495,9.85411507424038,1.753057777497454,1.7414593924908797
user_mem,user,mem,cpu,catalogue,carts,7.927266285672041,9.680324063169495,8.1126556817495,9.85411507424038,1.753057777497454,1.7414593924908797
user_mem,user,mem,cpu,catalogue,orders,7.927266285672041,9.680324063169495,8.1126556817495,9.85411507424038,1.753057777497454,1.7414593924908797
user_mem,user,mem,cpu,catalogue,payment,7.9339240586566815,9.682531583664185,8.016862904853244,9.825361723998634,1.748607525007503,1.80849881914539
user_mem,user,mem,cpu,catalogue,shipping,7.927266285672041,9.680324063169495,8.1126556817495,9.85411507424038,1.753057777497454,1.7414593924908797
user_mem,user,mem,cpu,carts,front-end,38.15070040394727,98.92487451744744,37.67393516448178,94.59697990252613,60.774174113500166,56.92304473804435
user_mem,user,mem,cpu,carts,catalogue,38.15070040394727,98.92487451744744,38.15070040394727,98.92487451744744,60.774174113500166,60.774174113500166
user_mem,user,mem,cpu,carts,orders,38.15070040394727,98.92487451744744,29.50317682733847,61.78961461329179,60.774174113500166,32.28643778595332
user_mem,user,mem,cpu,carts,payment,38.187642002364214,98.97162485318442,37.65963005507028,99.21956741335478,60.78398285082021,61.5599373582845
user_mem,user,mem,cpu,carts,shipping,38.15070040394727,98.92487451744744,36.52527172434921,83.52895588917428,60.774174113500166,47.003684164825074
user_mem,user,mem,cpu,orders,front-end,44.44655787359581,114.17870669165704,43.65586157463059,110.90121490956409,69.73214881806123,67.2453533349335
user_mem,user,mem,cpu,orders,catalogue,44.44655787359581,114.17870669165704,44.34414618626675,114.62386484849185,69.73214881806123,70.2797186622251
user_mem,user,mem,cpu,orders,carts,44.44655787359581,114.17870669165704,30.903789995843617,64.78063078203984,69.73214881806123,33.87684078619622
user_mem,user,mem,cpu,orders,payment,44.45096438216527,114.10145327808073,44.35048022407372,114.55071405486761,69.65048889591546,70.20023383079389
user_mem,user,mem,cpu,orders,shipping,44.44655787359581,114.17870669165704,39.51240095639675,82.38191365518325,69.73214881806123,42.8695126987865
user_mem,user,mem,cpu,payment,front-end,12.732206861251308,9.169477903105278,12.694892299712373,9.812031619633686,-3.56272895814603,-2.8828606800786876
user_mem,user,mem,cpu,payment,catalogue,12.732206861251308,9.169477903105278,12.715647220489036,9.180981192754386,-3.56272895814603,-3.5346660277346498
user_mem,user,mem,cpu,payment,carts,12.732206861251308,9.169477903105278,12.683418876504863,9.462513134697373,-3.56272895814603,-3.2209057418074902
user_mem,user,mem,cpu,payment,orders,12.732206861251308,9.169477903105278,12.732206861251308,9.169477903105278,-3.56272895814603,-3.56272895814603
user_mem,user,mem,cpu,payment,shipping,12.732206861251308,9.169477903105278,12.732206861251308,9.169477903105278,-3.56272895814603,-3.56272895814603
user_mem,user,mem,cpu,shipping,front-end,45.071547949500356,111.92724272599106,44.330201981861705,105.4172831781834,66.85569477649071,61.08708119632169
user_mem,user,mem,cpu,shipping,catalogue,45.071547949500356,111.92724272599106,45.06803714564291,111.92935393881204,66.85569477649071,66.86131679316912
user_mem,user,mem,cpu,shipping,carts,45.071547949500356,111.92724272599106,42.99771760225861,88.88845306468207,66.85569477649071,45.89073546242346
user_mem,user,mem,cpu,shipping,orders,45.071547949500356,111.92724272599106,39.77410355188793,77.31135240597516,66.85569477649071,37.537248854087224
user_mem,user,mem,cpu,shipping,payment,45.10593543199396,111.8831722705519,45.1002087332582,111.88680438792585,66.77723683855794,66.78659565466765
user_mem,user,mem,mem,front-end,catalogue,4.246489573093572,3.973159306845876,4.24451040810562,3.9744709401905784,-0.27333026624769596,-0.27003946791504196
user_mem,user,mem,mem,front-end,carts,4.246489573093572,3.973159306845876,4.237895791625939,4.049195419083891,-0.27333026624769596,-0.18870037254204775
user_mem,user,mem,mem,front-end,orders,4.246489573093572,3.973159306845876,4.236436087354854,4.085433921973032,-0.27333026624769596,-0.1510021653818221
user_mem,user,mem,mem,front-end,payment,4.246489573093572,3.973159306845876,4.243123995645857,3.975375821087724,-0.27333026624769596,-0.26774817455813293
user_mem,user,mem,mem,front-end,shipping,4.246489573093572,3.973159306845876,4.202908918638446,4.246632997978294,-0.27333026624769596,0.04372407933984768
user_mem,user,mem,mem,catalogue,front-end,2.598904360451443,3.432425331167635,2.597622576912066,3.378852632255241,0.8335209707161919,0.7812300553431748
user_mem,user,mem,mem,catalogue,carts,2.598904360451443,3.432425331167635,0.959362040245782,1.190495745634259,0.8335209707161919,0.2311337053884771
user_mem,user,mem,mem,catalogue,orders,2.598904360451443,3.432425331167635,1.1537423906193873,4.67043261616025,0.8335209707161919,3.5166902255408625
user_mem,user,mem,mem,catalogue,payment,2.598904360451443,3.432425331167635,1.1709193503001456,5.103662018544059,0.8335209707161919,3.932742668243913
user_mem,user,mem,mem,catalogue,shipping,2.598904360451443,3.432425331167635,2.086300056603219,1.4490545644503838,0.8335209707161919,-0.6372454921528352
user_mem,user,mem,mem,carts,front-end,1.5198260573705868,2.617866167139836,1.499738644161624,2.582522887355326,1.0980401097692492,1.082784243193702
user_mem,user,mem,mem,carts,catalogue,1.5198260573705868,2.617866167139836,0.5361861127648352,0.9954118701716919,1.0980401097692492,0.45922575740685667
user_mem,user,mem,mem,carts,orders,1.5198260573705868,2.617866167139836,0.4655597954755648,1.6193473705055317,1.0980401097692492,1.1537875750299669
user_mem,user,mem,mem,carts,payment,1.5198260573705868,2.617866167139836,0.7109844292827513,3.473938257606224,1.0980401097692492,2.7629538283234725
user_mem,user,mem,mem,carts,shipping,1.5198260573705868,2.617866167139836,1.078316325765903,0.3229421246170949,1.0980401097692492,-0.755374201148808
user_mem,user,mem,mem,orders,front-end,0.6501508393634745,1.9593416057529436,0.6429819863462868,1.9500591444809978,1.309190766389469,1.3070771581347111
user_mem,user,mem,mem,orders,catalogue,0.6501508393634745,1.9593416057529436,0.2701336937061355,1.27458053438435,1.309190766389469,1.0044468406782143
user_mem,user,mem,mem,orders,carts,0.6501508393634745,1.9593416057529436,0.2183406980666872,0.9403606744895968,1.309190766389469,0.7220199764229096
user_mem,user,mem,mem,orders,payment,0.6501508393634745,1.9593416057529436,0.41286216277886273,2.284340431462615,1.309190766389469,1.871478268683752
user_mem,user,mem,mem,orders,shipping,0.6501508393634745,1.9593416057529436,0.36433896426472256,0.3969577490697511,1.309190766389469,0.032618784805028556
user_mem,user,mem,mem,payment,front-end,9.717137592060789,8.242424815557639,9.701864298588674,8.27204781511905,-1.47471277650315,-1.429816483469624
user_mem,user,mem,mem,payment,catalogue,9.717137592060789,8.242424815557639,3.7787165737750734,18.22287862691308,-1.47471277650315,14.444162053138006
user_mem,user,mem,mem,payment,carts,9.717137592060789,8.242424815557639,4.798336059598949,23.050527654360753,-1.47471277650315,18.252191594761804
user_mem,user,mem,mem,payment,orders,9.717137592060789,8.242424815557639,6.595372047258922,32.14798534824343,-1.47471277650315,25.552613300984508
user_mem,user,mem,mem,payment,shipping,9.717137592060789,8.242424815557639,8.921124244538694,16.842610783858632,-1.47471277650315,7.921486539319938
user_mem,user,mem,mem,shipping,front-end,0.36695563809299464,1.0636217899787552,0.35873103205760154,1.0539868590829309,0.6966661518857606,0.6952558270253293
user_mem,user,mem,mem,shipping,catalogue,0.36695563809299464,1.0636217899787552,0.3055373503943947,0.8541642622392033,0.6966661518857606,0.5486269118448086
user_mem,user,mem,mem,shipping,carts,0.36695563809299464,1.0636217899787552,0.28966343281725965,0.7202973319956477,0.6966661518857606,0.43063389917838807
user_mem,user,mem,mem,shipping,orders,0.36695563809299464,1.0636217899787552,0.22567648198152304,0.2663402911656778,0.6966661518857606,0.04066380918415477
user_mem,user,mem,mem,shipping,payment,0.36695563809299464,1.0636217899787552,0.3354522313329957,1.1265023192277857,0.6966661518857606,0.7910500878947899
user_mem,user,mem,cpu,front-end,catalogue,7.513985141613744,8.042450515629758,7.397582580289064,8.293243016648434,0.5284653740160143,0.8956604363593703
user_mem,user,mem,cpu,front-end,carts,7.513985141613744,8.042450515629758,7.513985141613744,8.042450515629758,0.5284653740160143,0.5284653740160143
user_mem,user,mem,cpu,front-end,orders,7.513985141613744,8.042450515629758,7.4408851076370635,8.047284284969178,0.5284653740160143,0.6063991773321149
user_mem,user,mem,cpu,front-end,payment,7.513985141613744,8.042450515629758,7.513985141613744,8.042450515629758,0.5284653740160143,0.5284653740160143
user_mem,user,mem,cpu,front-end,shipping,7.513985141613744,8.042450515629758,7.513985141613744,8.042450515629758,0.5284653740160143,0.5284653740160143
user_mem,user,mem,cpu,catalogue,front-end,7.850948544197782,5.982887673471499,7.750446869852727,6.8220672802821944,-1.868060870726283,-0.9283795895705325
user_mem,user,mem,cpu,catalogue,carts,7.850948544197782,5.982887673471499,7.898592429604482,6.087317944399023,-1.868060870726283,-1.811274485205459
user_mem,user,mem,cpu,catalogue,orders,7.850948544197782,5.982887673471499,7.775131946253691,6.8312752591014725,-1.868060870726283,-0.9438566871522189
user_mem,user,mem,cpu,catalogue,payment,7.850948544197782,5.982887673471499,7.898592429604482,6.087317944399023,-1.868060870726283,-1.811274485205459
user_mem,user,mem,cpu,catalogue,shipping,7.850948544197782,5.982887673471499,7.898592429604482,6.087317944399023,-1.868060870726283,-1.811274485205459
user_mem,user,mem,cpu,carts,front-end,26.189564983771536,29.35831491385753,26.253915238837127,29.410292180253695,3.168749930085994,3.1563769414165677
user_mem,user,mem,cpu,carts,catalogue,26.189564983771536,29.35831491385753,26.253915238837127,29.410292180253695,3.168749930085994,3.1563769414165677
user_mem,user,mem,cpu,carts,orders,26.189564983771536,29.35831491385753,26.253915238837127,29.410292180253695,3.168749930085994,3.1563769414165677
user_mem,user,mem,cpu,carts,payment,26.189564983771536,29.35831491385753,25.448622803017106,28.746115775575753,3.168749930085994,3.297492972558647
user_mem,user,mem,cpu,carts,shipping,26.189564983771536,29.35831491385753,23.48438261261414,24.652160426612056,3.168749930085994,1.1677778139979154
user_mem,user,mem,cpu,orders,front-end,29.857273749323447,40.05928294128407,29.743779661100657,39.02659120999399,10.20200919196062,9.282811548893331
user_mem,user,mem,cpu,orders,catalogue,29.857273749323447,40.05928294128407,30.752340859446836,41.731135517557114,10.20200919196062,10.978794658110278
user_mem,user,mem,cpu,orders,carts,29.857273749323447,40.05928294128407,29.857273749323447,40.05928294128407,10.20200919196062,10.20200919196062
user_mem,user,mem,cpu,orders,payment,29.857273749323447,40.05928294128407,29.857273749323447,40.05928294128407,10.20200919196062,10.20200919196062
user_mem,user,mem,cpu,orders,shipping,29.857273749323447,40.05928294128407,29.857273749323447,40.05928294128407,10.20200919196062,10.20200919196062
user_mem,user,mem,cpu,payment,front-end,8.08771923426401,8.60716468093964,8.088907612527395,8.575494088919983,0.5194454466756291,0.48658647639258845
user_mem,user,mem,cpu,payment,catalogue,8.08771923426401,8.60716468093964,8.088907612527395,8.575494088919983,0.5194454466756291,0.48658647639258845
user_mem,user,mem,cpu,payment,carts,8.08771923426401,8.60716468093964,7.988835492760389,8.487737453701405,0.5194454466756291,0.4989019609410157
user_mem,user,mem,cpu,payment,orders,8.08771923426401,8.60716468093964,8.088907612527395,8.575494088919983,0.5194454466756291,0.48658647639258845
user_mem,user,mem,cpu,payment,shipping,8.08771923426401,8.60716468093964,8.041854575543054,8.55736615629426,0.5194454466756291,0.5155115807512054
user_mem,user,mem,cpu,shipping,front-end,46.50679960380916,52.87859325048706,46.50679960380916,52.87859325048706,6.371793646677901,6.371793646677901
user_mem,user,mem,cpu,shipping,catalogue,46.50679960380916,52.87859325048706,46.50679960380916,52.87859325048706,6.371793646677901,6.371793646677901
user_mem,user,mem,cpu,shipping,carts,46.50679960380916,52.87859325048706,43.220346811848245,34.36022679400701,6.371793646677901,-8.860120017841233
user_mem,user,mem,cpu,shipping,orders,46.50679960380916,52.87859325048706,46.50679960380916,52.87859325048706,6.371793646677901,6.371793646677901
user_mem,user,mem,cpu,shipping,payment,46.50679960380916,52.87859325048706,46.85577128086004,51.46900752975788,6.371793646677901,4.613236248897842
user_mem,user,mem,mem,front-end,catalogue,3.6804120188770044,3.703643145816135,3.6891332303241846,3.7805888750164494,0.023231126939130764,0.09145564469226475
user_mem,user,mem,mem,front-end,carts,3.6804120188770044,3.703643145816135,3.6891332303241846,3.7805888750164494,0.023231126939130764,0.09145564469226475
user_mem,user,mem,mem,front-end,orders,3.6804120188770044,3.703643145816135,3.6891332303241846,3.7805888750164494,0.023231126939130764,0.09145564469226475
user_mem,user,mem,mem,front-end,payment,3.6804120188770044,3.703643145816135,3.6891332303241846,3.7805888750164494,0.023231126939130764,0.09145564469226475
user_mem,user,mem,mem,front-end,shipping,3.6804120188770044,3.703643145816135,3.6891332303241846,3.7805888750164494,0.023231126939130764,0.09145564469226475
user_mem,user,mem,mem,catalogue,front-end,0.13342296572969856,0.6574393157249558,0.13342296572969856,0.6574393157249558,0.5240163499952573,0.5240163499952573
user_mem,user,mem,mem,catalogue,carts,0.13342296572969856,0.6574393157249558,0.13342296572969856,0.6574393157249558,0.5240163499952573,0.5240163499952573
user_mem,user,mem,mem,catalogue,orders,0.13342296572969856,0.6574393157249558,0.13342296572969856,0.6574393157249558,0.5240163499952573,0.5240163499952573
user_mem,user,mem,mem,catalogue,payment,0.13342296572969856,0.6574393157249558,0.13342296572969856,0.6574393157249558,0.5240163499952573,0.5240163499952573
user_mem,user,mem,mem,catalogue,shipping,0.13342296572969856,0.6574393157249558,0.13342296572969856,0.6574393157249558,0.5240163499952573,0.5240163499952573
user_mem,user,mem,mem,carts,front-end,0.2607421379459477,0.9184984628613382,0.2608689063921009,0.9181157893147499,0.6577563249153905,0.657246882922649
user_mem,user,mem,mem,carts,catalogue,0.2607421379459477,0.9184984628613382,0.2608689063921009,0.9181157893147499,0.6577563249153905,0.657246882922649
user_mem,user,mem,mem,carts,orders,0.2607421379459477,0.9184984628613382,0.18058486142981475,0.7601960371044305,0.6577563249153905,0.5796111756746157
user_mem,user,mem,mem,carts,payment,0.2607421379459477,0.9184984628613382,0.16404225832662106,0.855853774932202,0.6577563249153905,0.6918115166055809
user_mem,user,mem,mem,carts,shipping,0.2607421379459477,0.9184984628613382,0.16498675150908743,0.9254202166815868,0.6577563249153905,0.7604334651724993
user_mem,user,mem,mem,orders,front-end,0.1048918578332225,0.1092480194968582,0.10636393548266831,0.10871675590408893,0.004356161663635699,0.002352820421420612
user_mem,user,mem,mem,orders,catalogue,0.1048918578332225,0.1092480194968582,0.10636393548266831,0.10871675590408893,0.004356161663635699,0.002352820421420612
user_mem,user,mem,mem,orders,carts,0.1048918578332225,0.1092480194968582,0.0833985908634524,0.1653421980898092,0.004356161663635699,0.08194360722635681
user_mem,user,mem,mem,orders,payment,0.1048918578332225,0.1092480194968582,0.06642386606875145,0.14056029686714835,0.004356161663635699,0.07413643079839691
user_mem,user,mem,mem,orders,shipping,0.1048918578332225,0.1092480194968582,0.08362098232751028,0.10813297939103785,0.004356161663635699,0.024511997063527566
user_mem,user,mem,mem,payment,front-end,0.3962364284128783,0.6832938038556704,0.3962364284128783,0.6832938038556704,0.2870573754427921,0.2870573754427921
user_mem,user,mem,mem,payment,catalogue,0.3962364284128783,0.6832938038556704,0.3962364284128783,0.6832938038556704,0.2870573754427921,0.2870573754427921
user_mem,user,mem,mem,payment,carts,0.3962364284128783,0.6832938038556704,0.34521080497625806,1.093342901776052,0.2870573754427921,0.748132096799794
user_mem,user,mem,mem,payment,orders,0.3962364284128783,0.6832938038556704,0.2796221712607881,0.7380903557388476,0.2870573754427921,0.45846818447805954
user_mem,user,mem,mem,payment,shipping,0.3962364284128783,0.6832938038556704,0.3629576957509595,0.7038799959234011,0.2870573754427921,0.34092230017244163
user_mem,user,mem,mem,shipping,front-end,0.1268593424671279,0.016703714877195453,0.12683853725463418,0.016638697878084894,-0.11015562758993246,-0.11019983937654929
user_mem,user,mem,mem,shipping,catalogue,0.1268593424671279,0.016703714877195453,0.12683853725463418,0.016638697878084894,-0.11015562758993246,-0.11019983937654929
user_mem,user,mem,mem,shipping,carts,0.1268593424671279,0.016703714877195453,0.07026619356506694,0.3313346750078408,-0.11015562758993246,0.26106848144277384
user_mem,user,mem,mem,shipping,orders,0.1268593424671279,0.016703714877195453,0.093382943710037,0.07095749435455048,-0.11015562758993246,-0.022425449355486515
user_mem,user,mem,mem,shipping,payment,0.1268593424671279,0.016703714877195453,0.10928968614297001,0.09273572254134041,-0.11015562758993246,-0.016553963601629598
user_socket,user,socket,cpu,front-end,catalogue,6.096313596068893,7.496703447668331,6.062763708509609,7.429638412352029,1.4003898515994377,1.36687470384242
user_socket,user,socket,cpu,front-end,carts,6.096313596068893,7.496703447668331,6.134912096365873,7.483110162848488,1.4003898515994377,1.348198066482615
user_socket,user,socket,cpu,front-end,orders,6.096313596068893,7.496703447668331,6.080867467765487,7.398234606353656,1.4003898515994377,1.3173671385881685
user_socket,user,socket,cpu,front-end,payment,6.096313596068893,7.496703447668331,6.148308147018573,7.408782006909075,1.4003898515994377,1.2604738598905012
user_socket,user,socket,cpu,front-end,shipping,6.096313596068893,7.496703447668331,5.94433767964035,7.3866765579100395,1.4003898515994377,1.4423388782696893
user_socket,user,socket,cpu,catalogue,front-end,10.798683197155073,8.10065549588281,10.858796099691533,8.090160652649391,-2.698027701272263,-2.7686354470421417
user_socket,user,socket,cpu,catalogue,carts,10.798683197155073,8.10065549588281,10.90712070503394,8.284407890814919,-2.698027701272263,-2.622712814219021
user_socket,user,socket,cpu,catalogue,orders,10.798683197155073,8.10065549588281,10.90712070503394,8.284407890814919,-2.698027701272263,-2.622712814219021
user_socket,user,socket,cpu,catalogue,payment,10.798683197155073,8.10065549588281,10.90712070503394,8.284407890814919,-2.698027701272263,-2.622712814219021
user_socket,user,socket,cpu,catalogue,shipping,10.798683197155073,8.10065549588281,10.905280553490762,8.278670592794501,-2.698027701272263,-2.6266099606962605
user_socket,user,socket,cpu,carts,front-end,6.808645591437236,13.988472926077833,6.879998401781343,14.22042282853375,7.1798273346405965,7.340424426752406
user_socket,user,socket,cpu,carts,catalogue,6.808645591437236,13.988472926077833,6.879998401781343,14.22042282853375,7.1798273346405965,7.340424426752406
user_socket,user,socket,cpu,carts,orders,6.808645591437236,13.988472926077833,6.879998401781343,14.22042282853375,7.1798273346405965,7.340424426752406
user_socket,user,socket,cpu,carts,payment,6.808645591437236,13.988472926077833,6.879998401781343,14.22042282853375,7.1798273346405965,7.340424426752406
user_socket,user,socket,cpu,carts,shipping,6.808645591437236,13.988472926077833,6.879998401781343,14.22042282853375,7.1798273346405965,7.340424426752406
user_socket,user,socket,cpu,orders,front-end,9.111171201494974,11.36777716664174,9.53192477034827,11.350269401463182,2.2566059651467665,1.8183446311149112
user_socket,user,socket,cpu,orders,catalogue,9.111171201494974,11.36777716664174,9.601556088246904,11.369999503051272,2.2566059651467665,1.7684434148043682
user_socket,user,socket,cpu,orders,carts,9.111171201494974,11.36777716664174,9.601556088246904,11.369999503051272,2.2566059651467665,1.7684434148043682
user_socket,user,socket,cpu,orders,payment,9.111171201494974,11.36777716664174,8.790302341819501,10.852600949952224,2.2566059651467665,2.062298608132723
user_socket,user,socket,cpu,orders,shipping,9.111171201494974,11.36777716664174,9.357929873298959,10.666342033316397,2.2566059651467665,1.308412160017438
user_socket,user,socket,cpu,payment,front-end,9.452875391998209,10.196804389773076,10.115160282914992,10.243954636166034,0.7439289977748675,0.12879435325104183
user_socket,user,socket,cpu,payment,catalogue,9.452875391998209,10.196804389773076,10.138468115241885,10.379662147374628,0.7439289977748675,0.24119403213274282
user_socket,user,socket,cpu,payment,carts,9.452875391998209,10.196804389773076,10.138468115241885,10.379662147374628,0.7439289977748675,0.24119403213274282
user_socket,user,socket,cpu,payment,orders,9.452875391998209,10.196804389773076,9.491908748758398,10.148398023630314,0.7439289977748675,0.656489274871916
user_socket,user,socket,cpu,payment,shipping,9.452875391998209,10.196804389773076,9.889905999391573,9.995827663466677,0.7439289977748675,0.10592166407510462
user_socket,user,socket,cpu,shipping,front-end,9.167514524040541,8.310588322601903,9.056065491000105,8.513144623002072,-0.8569262014386378,-0.5429208679980331
user_socket,user,socket,cpu,shipping,catalogue,9.167514524040541,8.310588322601903,9.18721294560237,8.545124853978955,-0.8569262014386378,-0.6420880916234157
user_socket,user,socket,cpu,shipping,carts,9.167514524040541,8.310588322601903,9.186623886155246,8.547171075106093,-0.8569262014386378,-0.6394528110491535
user_socket,user,socket,cpu,shipping,orders,9.167514524040541,8.310588322601903,8.911760206552678,7.80671210816842,-0.8569262014386378,-1.105048098384258
user_socket,user,socket,cpu,shipping,payment,9.167514524040541,8.310588322601903,9.11062675279582,8.287403775852907,-0.8569262014386378,-0.8232229769429136
user_socket,user,socket,mem,front-end,catalogue,4.187123244132895,4.9662419985288295,3.9999392265334373,5.900292470073592,0.7791187543959346,1.9003532435401547
user_socket,user,socket,mem,front-end,carts,4.187123244132895,4.9662419985288295,4.0690165525140705,6.6331321629674616,0.7791187543959346,2.564115610453391
user_socket,user,socket,mem,front-end,orders,4.187123244132895,4.9662419985288295,4.229595622812081,5.048672684719153,0.7791187543959346,0.8190770619070724
user_socket,user,socket,mem,front-end,payment,4.187123244132895,4.9662419985288295,4.156615498971869,4.822830929592443,0.7791187543959346,0.6662154306205741
user_socket,user,socket,mem,front-end,shipping,4.187123244132895,4.9662419985288295,4.132682929785715,5.248298627344214,0.7791187543959346,1.115615697558499
user_socket,user,socket,mem,catalogue,front-end,0.20000072729998863,0.5827649868446656,0.2062147535251416,0.6097961753381627,0.38276425954467697,0.40358142181302104
user_socket,user,socket,mem,catalogue,carts,0.20000072729998863,0.5827649868446656,0.1287579260235363,0.7760256623503893,0.38276425954467697,0.647267736326853
user_socket,user,socket,mem,catalogue,orders,0.20000072729998863,0.5827649868446656,0.19027226182719398,0.5985380206528724,0.38276425954467697,0.40826575882567845
user_socket,user,socket,mem,catalogue,payment,0.20000072729998863,0.5827649868446656,0.20000072729998863,0.5827649868446656,0.38276425954467697,0.38276425954467697
user_socket,user,socket,mem,catalogue,shipping,0.20000072729998863,0.5827649868446656,0.20000072729998863,0.5827649868446656,0.38276425954467697,0.38276425954467697
user_socket,user,socket,mem,carts,front-end,0.029876986559959504,0.1950713028807375,0.028877261768685127,0.19766012839162964,0.16519431632077802,0.1687828666229445
user_socket,user,socket,mem,carts,catalogue,0.029876986559959504,0.1950713028807375,0.021003141823769212,0.14946924337794856,0.16519431632077802,0.12846610155417934
user_socket,user,socket,mem,carts,orders,0.029876986559959504,0.1950713028807375,0.029136438621444608,0.18806061769949511,0.16519431632077802,0.1589241790780505
user_socket,user,socket,mem,carts,payment,0.029876986559959504,0.1950713028807375,0.029910044145915755,0.1949919926513074,0.16519431632077802,0.16508194850539165
user_socket,user,socket,mem,carts,shipping,0.029876986559959504,0.1950713028807375,0.029910044145915755,0.1949919926513074,0.16519431632077802,0.16508194850539165
user_socket,user,socket,mem,orders,front-end,0.015048313256354778,0.018806875661295408,0.015048313256354778,0.018806875661295408,0.0037585624049406297,0.0037585624049406297
user_socket,user,socket,mem,orders,catalogue,0.015048313256354778,0.018806875661295408,0.014706571418245173,0.021849297841641347,0.0037585624049406297,0.007142726423396174
user_socket,user,socket,mem,orders,carts,0.015048313256354778,0.018806875661295408,0.014683915029595158,0.028785616730751275,0.0037585624049406297,0.014101701701156117
user_socket,user,socket,mem,orders,payment,0.015048313256354778,0.018806875661295408,0.015048313256354778,0.018806875661295408,0.0037585624049406297,0.0037585624049406297
user_socket,user,socket,mem,orders,shipping,0.015048313256354778,0.018806875661295408,0.015048313256354778,0.018806875661295408,0.0037585624049406297,0.0037585624049406297
user_socket,user,socket,mem,payment,front-end,0.28275816028560397,0.5107914073681398,0.297151400614775,0.48889691180520006,0.2280332470825358,0.19174551119042504
user_socket,user,socket,mem,payment,catalogue,0.28275816028560397,0.5107914073681398,0.28224015178933914,0.5104929544777551,0.2280332470825358,0.22825280268841597
user_socket,user,socket,mem,payment,carts,0.28275816028560397,0.5107914073681398,0.28224015178933914,0.5104929544777551,0.2280332470825358,0.22825280268841597
user_socket,user,socket,mem,payment,orders,0.28275816028560397,0.5107914073681398,0.28224015178933914,0.5104929544777551,0.2280332470825358,0.22825280268841597
user_socket,user,socket,mem,payment,shipping,0.28275816028560397,0.5107914073681398,0.283771283611962,0.5082473921399577,0.2280332470825358,0.2244761085279957
user_socket,user,socket,mem,shipping,front-end,0.0006566435794040703,0.0009174422915069403,0.0006436081659295557,0.0009530797329912584,0.00026079871210286996,0.0003094715670617027
user_socket,user,socket,mem,shipping,catalogue,0.0006566435794040703,0.0009174422915069403,0.0006566435794040703,0.0009174422915069403,0.00026079871210286996,0.00026079871210286996
user_socket,user,socket,mem,shipping,carts,0.0006566435794040703,0.0009174422915069403,0.0006566435794040703,0.0009174422915069403,0.00026079871210286996,0.00026079871210286996
user_socket,user,socket,mem,shipping,orders,0.0006566435794040703,0.0009174422915069403,0.0006566435794040703,0.0009174422915069403,0.00026079871210286996,0.00026079871210286996
user_socket,user,socket,mem,shipping,payment,0.0006566435794040703,0.0009174422915069403,0.0006564847573707269,0.0009145871241363263,0.00026079871210286996,0.0002581023667655994
user_socket,user,socket,cpu,front-end,catalogue,9.120772833487097,7.971359250812367,9.116862506885504,7.960312287560045,-1.1494135826747298,-1.1565502193254584
user_socket,user,socket,cpu,front-end,carts,9.120772833487097,7.971359250812367,9.062089991107865,8.00734321910399,-1.1494135826747298,-1.054746772003874
user_socket,user,socket,cpu,front-end,orders,9.120772833487097,7.971359250812367,9.065484895033672,8.036786586877529,-1.1494135826747298,-1.0286983081561427
user_socket,user,socket,cpu,front-end,payment,9.120772833487097,7.859528672227402,9.081047066732046,7.639617796363169,-1.261244161259695,-1.441429270368877
user_socket,user,socket,cpu,front-end,shipping,9.143840506415836,7.970751095254494,8.919905916080348,8.460985268846455,-1.1730894111613424,-0.45892064723389225
user_socket,user,socket,cpu,catalogue,front-end,6.569901198099243,8.19305029812315,6.53293736221702,8.360641454926352,1.623149100023908,1.8277040927093315
user_socket,user,socket,cpu,catalogue,carts,6.569901198099243,8.19305029812315,6.511095636106693,8.425631783308557,1.623149100023908,1.914536147201864
user_socket,user,socket,cpu,catalogue,orders,6.569901198099243,8.19305029812315,6.488389410517667,8.33611295944852,1.623149100023908,1.8477235489308539
user_socket,user,socket,cpu,catalogue,payment,6.569901198099243,8.213186484273342,6.521189302095378,8.408607232729688,1.6432852861740992,1.8874179306343102
user_socket,user,socket,cpu,catalogue,shipping,6.5836859521929885,8.194652090962268,6.523569252764324,8.348937612892882,1.61096613876928,1.8253683601285582
user_socket,user,socket,cpu,carts,front-end,8.128269289244951,9.400073520522833,8.126676074297556,9.498276286932708,1.2718042312778817,1.3716002126351512
user_socket,user,socket,cpu,carts,catalogue,8.128269289244951,9.400073520522833,8.122918475529465,9.570707757074292,1.2718042312778817,1.4477892815448268
user_socket,user,socket,cpu,carts,orders,8.128269289244951,9.400073520522833,8.13969319804698,9.478080853411951,1.2718042312778817,1.3383876553649703
user_socket,user,socket,cpu,carts,payment,8.128269289244951,9.368607441172085,8.06379442057937,9.378397268909008,1.2403381519271335,1.3146028483296384
user_socket,user,socket,cpu,carts,shipping,8.144041480783146,9.403282886205307,8.095392203620264,9.580084864824839,1.259241405422161,1.4846926612045745
user_socket,user,socket,cpu,orders,front-end,64.99659845355741,58.73030375867513,66.867626203699,58.54736875037966,-6.2662946948822835,-8.320257453319343
user_socket,user,socket,cpu,orders,catalogue,64.99659845355741,58.73030375867513,64.84591419170597,54.907049192305976,-6.2662946948822835,-9.938864999399996
user_socket,user,socket,cpu,orders,carts,64.99659845355741,58.73030375867513,64.31481148399206,63.32822846663678,-6.2662946948822835,-0.9865830173552794
user_socket,user,socket,cpu,orders,payment,64.99659845355741,58.686773903377585,64.91419195731936,58.49659058384182,-6.309824550179826,-6.417601373477538
user_socket,user,socket,cpu,orders,shipping,65.15767081296016,58.91922918576009,20.38887758527049,36.09473648248074,-6.238441627200075,15.705858897210252
user_socket,user,socket,cpu,payment,front-end,10.947098435564914,9.712752790982366,11.003106881871668,9.551500307525114,-1.2343456445825485,-1.4516065743465543
user_socket,user,socket,cpu,payment,catalogue,10.947098435564914,9.712752790982366,10.858385174761773,9.78726585153344,-1.2343456445825485,-1.0711193232283325
user_socket,user,socket,cpu,payment,carts,10.947098435564914,9.712752790982366,10.822057197270565,9.733005373651176,-1.2343456445825485,-1.0890518236193891
user_socket,user,socket,cpu,payment,orders,10.947098435564914,9.712752790982366,10.967182201576684,9.708144329331333,-1.2343456445825485,-1.2590378722453508
user_socket,user,socket,cpu,payment,shipping,10.95684847819229,9.711218597326567,10.955736685356888,9.701304553267187,-1.2456298808657227,-1.2544321320897005
user_socket,user,socket,cpu,shipping,front-end,115.64870441701756,128.7665466769708,126.70970491852118,134.0412307428682,13.117842259953235,7.331525824347025
user_socket,user,socket,cpu,shipping,catalogue,115.64870441701756,128.7665466769708,115.59975397279301,125.97397842994063,13.117842259953235,10.37422445714762
user_socket,user,socket,cpu,shipping,carts,115.64870441701756,128.7665466769708,116.00020062877729,140.28108251900716,13.117842259953235,24.280881890229864
user_socket,user,socket,cpu,shipping,orders,115.64870441701756,128.7665466769708,41.58703354656898,50.07376214266665,13.117842259953235,8.48672859609767
user_socket,user,socket,cpu,shipping,payment,115.64870441701756,128.68719623891835,114.26106153070559,128.9257513392115,13.038491821900791,14.664689808505912
user_socket,user,socket,mem,front-end,catalogue,3.3222421342139477,3.819280434830683,3.3222421342139477,3.819280434830683,0.4970383006167354,0.4970383006167354
user_socket,user,socket,mem,front-end,carts,3.3222421342139477,3.819280434830683,3.3222421342139477,3.819280434830683,0.4970383006167354,0.4970383006167354
user_socket,user,socket,mem,front-end,orders,3.3222421342139477,3.819280434830683,3.3095126341997587,3.832738107492348,0.4970383006167354,0.5232254732925892
user_socket,user,socket,mem,front-end,payment,3.3222421342139477,3.819280434830683,3.3222421342139477,3.819280434830683,0.4970383006167354,0.4970383006167354
user_socket,user,socket,mem,front-end,shipping,3.3222421342139477,3.819280434830683,3.272037269934115,3.8509218153585585,0.4970383006167354,0.5788845454244433
user_socket,user,socket,mem,catalogue,front-end,0.27583842827417865,0.29523761862360287,0.28078359919550394,0.2769156043626941,0.019399190349424222,-0.0038679948328098623
user_socket,user,socket,mem,catalogue,carts,0.27583842827417865,0.29523761862360287,0.28078359919550394,0.2769156043626941,0.019399190349424222,-0.0038679948328098623
user_socket,user,socket,mem,catalogue,orders,0.27583842827417865,0.29523761862360287,0.2119786928880533,0.4020227840025496,0.019399190349424222,0.1900440911144963
user_socket,user,socket,mem,catalogue,payment,0.27583842827417865,0.29523761862360287,0.28078359919550394,0.2769156043626941,0.019399190349424222,-0.0038679948328098623
user_socket,user,socket,mem,catalogue,shipping,0.27583842827417865,0.29523761862360287,0.28078359919550394,0.2769156043626941,0.019399190349424222,-0.0038679948328098623
user_socket,user,socket,mem,carts,front-end,0.004473472027381474,0.009578550089536382,0.004473472027381474,0.009578550089536382,0.005105078062154908,0.005105078062154908
user_socket,user,socket,mem,carts,catalogue,0.004473472027381474,0.009578550089536382,0.004473472027381474,0.009578550089536382,0.005105078062154908,0.005105078062154908
user_socket,user,socket,mem,carts,orders,0.004473472027381474,0.009578550089536382,0.004473472027381474,0.009578550089536382,0.005105078062154908,0.005105078062154908
user_socket,user,socket,mem,carts,payment,0.004473472027381474,0.009578550089536382,0.004430195921355527,0.018813375091726325,0.005105078062154908,0.014383179170370797
user_socket,user,socket,mem,carts,shipping,0.004473472027381474,0.009578550089536382,0.004485367763416115,0.00942274059358651,0.005105078062154908,0.004937372830170396
user_socket,user,socket,mem,orders,front-end,0.012271004112781097,0.010936521411406813,0.012846107110765805,0.01104886651154911,-0.0013344827013742847,-0.0017972405992166957
user_socket,user,socket,mem,orders,catalogue,0.012271004112781097,0.010936521411406813,0.008541782161643403,0.016763781939849114,-0.0013344827013742847,0.00822199977820571
user_socket,user,socket,mem,orders,carts,0.012271004112781097,0.010936521411406813,0.012985640913022439,0.010883362740598333,-0.0013344827013742847,-0.0021022781724241053
user_socket,user,socket,mem,orders,payment,0.012271004112781097,0.010936521411406813,0.012985640913022439,0.010883362740598333,-0.0013344827013742847,-0.0021022781724241053
user_socket,user,socket,mem,orders,shipping,0.012271004112781097,0.010936521411406813,0.012985640913022439,0.010883362740598333,-0.0013344827013742847,-0.0021022781724241053
user_socket,user,socket,mem,payment,front-end,0.14225563339383837,1.111802657535428,0.14225563339383837,1.111802657535428,0.9695470241415897,0.9695470241415897
user_socket,user,socket,mem,payment,catalogue,0.14225563339383837,1.111802657535428,0.14225563339383837,1.111802657535428,0.9695470241415897,0.9695470241415897
user_socket,user,socket,mem,payment,carts,0.14225563339383837,1.111802657535428,0.1418745583700743,1.1243616917012234,0.9695470241415897,0.9824871333311491
user_socket,user,socket,mem,payment,orders,0.14225563339383837,1.111802657535428,0.14225563339383837,1.111802657535428,0.9695470241415897,0.9695470241415897
user_socket,user,socket,mem,payment,shipping,0.14225563339383837,1.111802657535428,0.1420208416003335,1.1133618432709507,0.9695470241415897,0.9713410016706172
user_socket,user,socket,mem,shipping,front-end,0.05498826248110254,0.07199416046146816,0.06263960890569355,0.07665759355731294,0.017005897980365614,0.014017984651619395
user_socket,user,socket,mem,shipping,catalogue,0.05498826248110254,0.07199416046146816,0.05498826248110254,0.07199416046146816,0.017005897980365614,0.017005897980365614
user_socket,user,socket,mem,shipping,carts,0.05498826248110254,0.07199416046146816,0.056097487791600086,0.06795660013228742,0.017005897980365614,0.011859112340687337
user_socket,user,socket,mem,shipping,orders,0.05498826248110254,0.07199416046146816,0.05498826248110254,0.07199416046146816,0.017005897980365614,0.017005897980365614
user_socket,user,socket,mem,shipping,payment,0.05498826248110254,0.07199416046146816,0.054023363295287584,0.09641555156857728,0.017005897980365614,0.0423921882732897
user_socket,user,socket,cpu,front-end,catalogue,7.885493152439582,6.301721370499401,7.728277665995745,6.266489508884689,-1.5837717819401815,-1.461788157111056
user_socket,user,socket,cpu,front-end,carts,7.885493152439582,6.301721370499401,7.977495120120243,6.902125211934103,-1.5837717819401815,-1.0753699081861399
user_socket,user,socket,cpu,front-end,orders,7.887067227345401,6.310728751850762,7.87696784972669,6.70276428850411,-1.576338475494639,-1.1742035612225807
user_socket,user,socket,cpu,front-end,payment,7.885493152439582,6.301721370499401,7.988736973309779,6.344808554339372,-1.5837717819401815,-1.6439284189704066
user_socket,user,socket,cpu,front-end,shipping,7.885493152439582,6.301721370499401,7.851623824477189,6.593525510949536,-1.5837717819401815,-1.2580983135276531
user_socket,user,socket,cpu,catalogue,front-end,8.656943887378867,7.935317252142406,8.456546946697054,7.924694056718075,-0.7216266352364613,-0.5318528899789792
user_socket,user,socket,cpu,catalogue,carts,8.656943887378867,7.935317252142406,8.428226270163178,8.730572533621844,-0.7216266352364613,0.30234626345866644
user_socket,user,socket,cpu,catalogue,orders,8.680749750273893,7.943257668092432,8.570000391056785,8.168539333513875,-0.7374920821814612,-0.4014610575429103
user_socket,user,socket,cpu,catalogue,payment,8.656943887378867,7.935317252142406,8.510321150351462,8.016550424537625,-0.7216266352364613,-0.4937707258138371
user_socket,user,socket,cpu,catalogue,shipping,8.656943887378867,7.935317252142406,8.716608107712885,8.188910685322236,-0.7216266352364613,-0.5276974223906485
user_socket,user,socket,cpu,carts,front-end,43.00668053949824,124.30762726355968,42.082493656622326,122.51630274876013,81.30094672406145,80.4338090921378
user_socket,user,socket,cpu,carts,catalogue,43.00668053949824,124.30762726355968,42.05139839968297,125.16555154427762,81.30094672406145,83.11415314459465
user_socket,user,socket,cpu,carts,orders,42.90766789371774,123.77901270374183,35.87677662473574,91.20637068948005,80.87134481002408,55.32959406474431
user_socket,user,socket,cpu,carts,payment,43.00668053949824,124.30762726355968,43.00668053949824,124.30762726355968,81.30094672406145,81.30094672406145
user_socket,user,socket,cpu,carts,shipping,43.00668053949824,124.30762726355968,39.59240245760656,105.40450347013109,81.30094672406145,65.81210101252452
user_socket,user,socket,cpu,orders,front-end,46.73208406120633,133.68955381080963,46.69339679557812,128.6589199616631,86.95746974960329,81.96552316608498
user_socket,user,socket,cpu,orders,catalogue,46.73208406120633,133.68955381080963,46.07178075379342,134.35572946512667,86.95746974960329,88.28394871133325
user_socket,user,socket,cpu,orders,carts,46.73208406120633,133.68955381080963,39.7223445363886,40.98635673181375,86.95746974960329,1.2640121954251526
user_socket,user,socket,cpu,orders,payment,46.73208406120633,133.68955381080963,46.73208406120633,133.68955381080963,86.95746974960329,86.95746974960329
user_socket,user,socket,cpu,orders,shipping,46.73208406120633,133.68955381080963,37.02395190276225,80.28430382449802,86.95746974960329,43.260351921735776
user_socket,user,socket,cpu,payment,front-end,8.961983192836389,7.684453893777207,8.961983192836389,7.684453893777207,-1.2775292990591813,-1.2775292990591813
user_socket,user,socket,cpu,payment,catalogue,8.961983192836389,7.684453893777207,8.856020011013857,7.722758596095897,-1.2775292990591813,-1.1332614149179605
user_socket,user,socket,cpu,payment,carts,8.961983192836389,7.684453893777207,8.961983192836389,7.684453893777207,-1.2775292990591813,-1.2775292990591813
user_socket,user,socket,cpu,payment,orders,8.934721903507308,7.6657627908166255,8.934721903507308,7.6657627908166255,-1.2689591126906823,-1.2689591126906823
user_socket,user,socket,cpu,payment,shipping,8.961983192836389,7.684453893777207,8.961983192836389,7.684453893777207,-1.2775292990591813,-1.2775292990591813
user_socket,user,socket,cpu,shipping,front-end,59.96162819176075,126.19155552667878,60.030772365507644,123.61955979049036,66.22992733491803,63.58878742498271
user_socket,user,socket,cpu,shipping,catalogue,59.96162819176075,126.19155552667878,59.18156110260993,127.22607995108497,66.22992733491803,68.04451884847504
user_socket,user,socket,cpu,shipping,carts,59.96162819176075,126.19155552667878,52.74958635327249,40.838439131238594,66.22992733491803,-11.911147222033897
user_socket,user,socket,cpu,shipping,orders,59.628445835197454,125.10810765962954,42.926138185815745,47.505541900613665,65.47966182443209,4.57940371479792
user_socket,user,socket,cpu,shipping,payment,59.96162819176075,126.19155552667878,59.96162819176075,126.19155552667878,66.22992733491803,66.22992733491803
user_socket,user,socket,mem,front-end,catalogue,4.276525134475744,3.522150452608718,4.283006080774245,3.8648527888571746,-0.7543746818670258,-0.41815329191707074
user_socket,user,socket,mem,front-end,carts,4.276525134475744,3.522150452608718,4.26709406475473,3.958352552641457,-0.7543746818670258,-0.3087415121132726
user_socket,user,socket,mem,front-end,orders,4.276525134475744,3.522150452608718,4.224204720949092,4.281865887552795,-0.7543746818670258,0.057661166603702796
user_socket,user,socket,mem,front-end,payment,4.276525134475744,3.522150452608718,4.230610492985725,3.4333961036296476,-0.7543746818670258,-0.797214389356077
user_socket,user,socket,mem,front-end,shipping,4.276525134475744,3.522150452608718,4.27411194233605,4.067774831858416,-0.7543746818670258,-0.2063371104776337
user_socket,user,socket,mem,catalogue,front-end,3.5725818804845657,3.6691296827580064,3.453804933499796,3.7068294371731634,0.09654780227344073,0.2530245036733674
user_socket,user,socket,mem,catalogue,carts,3.5725818804845657,3.6691296827580064,1.1155770834545524,2.247441313806111,0.09654780227344073,1.1318642303515587
user_socket,user,socket,mem,catalogue,orders,3.5725818804845657,3.6691296827580064,1.7795759638039346,3.481794345968027,0.09654780227344073,1.7022183821640924
user_socket,user,socket,mem,catalogue,payment,3.5725818804845657,3.6691296827580064,1.9111858261688683,5.3783992132049905,0.09654780227344073,3.4672133870361224
user_socket,user,socket,mem,catalogue,shipping,3.5725818804845657,3.6691296827580064,2.0848705987766265,3.8645827228676115,0.09654780227344073,1.779712124090985
user_socket,user,socket,mem,carts,front-end,1.4921797621889807,2.7408509708745967,1.473199783466806,2.7614692919645867,1.248671208685616,1.2882695084977807
user_socket,user,socket,mem,carts,catalogue,1.4921797621889807,2.7408509708745967,0.48987615664506656,1.330112498077431,1.248671208685616,0.8402363414323645
user_socket,user,socket,mem,carts,orders,1.4921797621889807,2.7408509708745967,0.545755636675206,0.4000286434975609,1.248671208685616,-0.1457269931776451
user_socket,user,socket,mem,carts,payment,1.4921797621889807,2.7408509708745967,1.1001635556727996,3.3626577605642485,1.248671208685616,2.262494204891449
user_socket,user,socket,mem,carts,shipping,1.4921797621889807,2.7408509708745967,0.7242273981381412,0.5087824959578268,1.248671208685616,-0.21544490218031442
user_socket,user,socket,mem,orders,front-end,0.8173005359595737,1.719841860110796,0.7826421209212104,1.7315363321495352,0.9025413241512223,0.9488942112283247
user_socket,user,socket,mem,orders,catalogue,0.8173005359595737,1.719841860110796,0.387923011398144,1.0323026261038946,0.9025413241512223,0.6443796147057506
user_socket,user,socket,mem,orders,carts,0.8173005359595737,1.719841860110796,0.28217168315648555,0.47892420117769646,0.9025413241512223,0.1967525180212109
user_socket,user,socket,mem,orders,payment,0.8173005359595737,1.719841860110796,0.6183719142328398,1.9855788441720175,0.9025413241512223,1.3672069299391776
user_socket,user,socket,mem,orders,shipping,0.8173005359595737,1.719841860110796,0.21363426927225956,0.2611331499699918,0.9025413241512223,0.047498880697732254
user_socket,user,socket,mem,payment,front-end,12.776185732967917,6.981755010708249,12.853542521439351,6.860619793342081,-5.794430722259668,-5.992922728097271
user_socket,user,socket,mem,payment,catalogue,12.776185732967917,6.981755010708249,6.506520107038451,18.32331603191583,-5.794430722259668,11.816795924877379
user_socket,user,socket,mem,payment,carts,12.776185732967917,6.981755010708249,9.364464607307712,23.958199239507472,-5.794430722259668,14.59373463219976
user_socket,user,socket,mem,payment,orders,12.776185732967917,6.981755010708249,11.167438008013574,25.099137556292927,-5.794430722259668,13.931699548279353
user_socket,user,socket,mem,payment,shipping,12.776185732967917,6.981755010708249,11.937712238071876,25.664140356509947,-5.794430722259668,13.72642811843807
user_socket,user,socket,mem,shipping,front-end,0.47669331550221716,1.0632417955568672,0.4663965052417107,1.0680184389350422,0.58654848005465,0.6016219336933315
user_socket,user,socket,mem,shipping,catalogue,0.47669331550221716,1.0632417955568672,0.2622261181248932,0.6911489851183181,0.58654848005465,0.4289228669934249
user_socket,user,socket,mem,shipping,carts,0.47669331550221716,1.0632417955568672,0.21061035090121386,0.3907232847900697,0.58654848005465,0.18011293388885583
user_socket,user,socket,mem,shipping,orders,0.47669331550221716,1.0632417955568672,0.12237648724320847,0.1733688708838365,0.58654848005465,0.05099238364062804
user_socket,user,socket,mem,shipping,payment,0.47669331550221716,1.0632417955568672,0.3759953034044876,1.204287838981301,0.58654848005465,0.8282925355768134
