scenario,run_id,metric,svc_a,svc_b,same_node,call_edge,partial_corr,abs_partial_corr,n
carts_cpu,1,cpu,front-end,catalogue,False,True,-0.1077,0.1077,720
carts_cpu,1,cpu,front-end,user,False,True,0.1595,0.1595,719
carts_cpu,1,cpu,front-end,carts,False,True,0.0155,0.0155,720
carts_cpu,1,cpu,front-end,orders,False,True,0.0857,0.0857,720
carts_cpu,1,cpu,front-end,payment,True,False,0.1656,0.1656,720
carts_cpu,1,cpu,front-end,shipping,True,False,-0.0729,0.0729,720
carts_cpu,1,cpu,catalogue,user,False,False,-0.0108,0.0108,719
carts_cpu,1,cpu,catalogue,carts,False,False,0.0242,0.0242,720
carts_cpu,1,cpu,catalogue,orders,False,False,0.008,0.008,720
carts_cpu,1,cpu,catalogue,payment,False,False,-0.0413,0.0413,720
carts_cpu,1,cpu,catalogue,shipping,False,False,0.006,0.006,720
carts_cpu,1,cpu,user,carts,True,False,0.0968,0.0968,719
carts_cpu,1,cpu,user,orders,True,True,0.0729,0.0729,719
carts_cpu,1,cpu,user,payment,False,False,0.2678,0.2678,719
carts_cpu,1,cpu,user,shipping,False,False,0.0664,0.0664,719
carts_cpu,1,cpu,carts,orders,True,True,0.0343,0.0343,720
carts_cpu,1,cpu,carts,payment,False,False,0.0914,0.0914,720
carts_cpu,1,cpu,carts,shipping,False,False,0.0387,0.0387,720
carts_cpu,1,cpu,orders,payment,False,True,0.0106,0.0106,720
carts_cpu,1,cpu,orders,shipping,False,True,0.2723,0.2723,720
carts_cpu,1,cpu,payment,shipping,True,False,0.0204,0.0204,720
carts_cpu,1,mem,front-end,catalogue,False,True,-0.0568,0.0568,720
carts_cpu,1,mem,front-end,user,False,True,-0.0678,0.0678,720
carts_cpu,1,mem,front-end,carts,False,True,-0.1041,0.1041,720
carts_cpu,1,mem,front-end,orders,False,True,0.0604,0.0604,720
carts_cpu,1,mem,front-end,payment,True,False,0.0096,0.0096,720
carts_cpu,1,mem,front-end,shipping,True,False,0.0842,0.0842,720
carts_cpu,1,mem,catalogue,user,False,False,0.8967,0.8967,720
carts_cpu,1,mem,catalogue,carts,False,False,0.8931,0.8931,720
carts_cpu,1,mem,catalogue,orders,False,False,-0.5586,0.5586,720
carts_cpu,1,mem,catalogue,payment,False,False,0.6735,0.6735,720
carts_cpu,1,mem,catalogue,shipping,False,False,-0.7436,0.7436,720
carts_cpu,1,mem,user,carts,True,False,0.9221,0.9221,720
carts_cpu,1,mem,user,orders,True,True,-0.4971,0.4971,720
carts_cpu,1,mem,user,payment,False,False,0.6949,0.6949,720
carts_cpu,1,mem,user,shipping,False,False,-0.7151,0.7151,720
carts_cpu,1,mem,carts,orders,True,True,-0.54,0.54,720
carts_cpu,1,mem,carts,payment,False,False,0.6939,0.6939,720
carts_cpu,1,mem,carts,shipping,False,False,-0.6262,0.6262,720
carts_cpu,1,mem,orders,payment,False,True,-0.5249,0.5249,720
carts_cpu,1,mem,orders,shipping,False,True,0.3575,0.3575,720
carts_cpu,1,mem,payment,shipping,True,False,-0.38,0.38,720
carts_cpu,2,cpu,front-end,catalogue,False,True,0.0212,0.0212,720
carts_cpu,2,cpu,front-end,user,False,True,0.1543,0.1543,720
carts_cpu,2,cpu,front-end,carts,False,True,0.1923,0.1923,720
carts_cpu,2,cpu,front-end,orders,False,True,0.0446,0.0446,720
carts_cpu,2,cpu,front-end,payment,False,False,0.204,0.204,720
carts_cpu,2,cpu,front-end,shipping,False,False,0.022,0.022,720
carts_cpu,2,cpu,catalogue,user,True,False,0.0521,0.0521,720
carts_cpu,2,cpu,catalogue,carts,False,False,-0.2228,0.2228,720
carts_cpu,2,cpu,catalogue,orders,True,False,0.0608,0.0608,720
carts_cpu,2,cpu,catalogue,payment,True,False,0.1379,0.1379,720
carts_cpu,2,cpu,catalogue,shipping,False,False,0.0406,0.0406,720
carts_cpu,2,cpu,user,carts,False,False,0.2332,0.2332,720
carts_cpu,2,cpu,user,orders,True,True,-0.0412,0.0412,720
carts_cpu,2,cpu,user,payment,True,False,0.152,0.152,720
carts_cpu,2,cpu,user,shipping,False,False,0.0165,0.0165,720
carts_cpu,2,cpu,carts,orders,False,True,-0.0052,0.0052,720
carts_cpu,2,cpu,carts,payment,False,False,0.0878,0.0878,720
carts_cpu,2,cpu,carts,shipping,True,False,-0.0026,0.0026,720
carts_cpu,2,cpu,orders,payment,True,True,-0.0869,0.0869,720
carts_cpu,2,cpu,orders,shipping,False,True,0.0764,0.0764,720
carts_cpu,2,cpu,payment,shipping,False,False,0.195,0.195,720
carts_cpu,2,mem,front-end,catalogue,False,True,-0.0483,0.0483,720
carts_cpu,2,mem,front-end,user,False,True,0.1959,0.1959,720
carts_cpu,2,mem,front-end,carts,False,True,-0.045,0.045,720
carts_cpu,2,mem,front-end,orders,False,True,0.051,0.051,720
carts_cpu,2,mem,front-end,payment,False,False,0.0429,0.0429,720
carts_cpu,2,mem,front-end,shipping,False,False,0.207,0.207,720
carts_cpu,2,mem,catalogue,user,True,False,0.7078,0.7078,720
carts_cpu,2,mem,catalogue,carts,False,False,-0.737,0.737,720
carts_cpu,2,mem,catalogue,orders,True,False,0.6521,0.6521,720
carts_cpu,2,mem,catalogue,payment,True,False,0.7095,0.7095,720
carts_cpu,2,mem,catalogue,shipping,False,False,0.4877,0.4877,720
carts_cpu,2,mem,user,carts,False,False,-0.5359,0.5359,720
carts_cpu,2,mem,user,orders,True,True,0.6545,0.6545,720
carts_cpu,2,mem,user,payment,True,False,0.4553,0.4553,720
carts_cpu,2,mem,user,shipping,False,False,0.6243,0.6243,720
carts_cpu,2,mem,carts,orders,False,True,-0.6377,0.6377,720
carts_cpu,2,mem,carts,payment,False,False,-0.6219,0.6219,720
carts_cpu,2,mem,carts,shipping,True,False,-0.4849,0.4849,720
carts_cpu,2,mem,orders,payment,True,True,0.3432,0.3432,720
carts_cpu,2,mem,orders,shipping,False,True,0.7023,0.7023,720
carts_cpu,2,mem,payment,shipping,False,False,0.3207,0.3207,720
carts_cpu,3,cpu,front-end,catalogue,False,True,0.1216,0.1216,720
carts_cpu,3,cpu,front-end,user,False,True,0.0753,0.0753,720
carts_cpu,3,cpu,front-end,carts,False,True,0.1173,0.1173,720
carts_cpu,3,cpu,front-end,orders,False,True,0.1527,0.1527,720
carts_cpu,3,cpu,front-end,payment,False,False,-0.024,0.024,720
carts_cpu,3,cpu,front-end,shipping,False,False,-0.0584,0.0584,720
carts_cpu,3,cpu,catalogue,user,True,False,0.0072,0.0072,720
carts_cpu,3,cpu,catalogue,carts,False,False,-0.1235,0.1235,720
carts_cpu,3,cpu,catalogue,orders,True,False,0.0731,0.0731,720
carts_cpu,3,cpu,catalogue,payment,True,False,-0.0243,0.0243,720
carts_cpu,3,cpu,catalogue,shipping,False,False,0.1901,0.1901,720
carts_cpu,3,cpu,user,carts,False,False,0.0462,0.0462,720
carts_cpu,3,cpu,user,orders,True,True,-0.23,0.23,720
carts_cpu,3,cpu,user,payment,True,False,0.0885,0.0885,720
carts_cpu,3,cpu,user,shipping,False,False,-0.0752,0.0752,720
carts_cpu,3,cpu,carts,orders,False,True,-0.1132,0.1132,720
carts_cpu,3,cpu,carts,payment,False,False,-0.0259,0.0259,720
carts_cpu,3,cpu,carts,shipping,True,False,-0.1094,0.1094,720
carts_cpu,3,cpu,orders,payment,True,True,0.0944,0.0944,720
carts_cpu,3,cpu,orders,shipping,False,True,-0.1084,0.1084,720
carts_cpu,3,cpu,payment,shipping,False,False,0.1448,0.1448,720
carts_cpu,3,mem,front-end,catalogue,False,True,0.1562,0.1562,720
carts_cpu,3,mem,front-end,user,False,True,0.0387,0.0387,720
carts_cpu,3,mem,front-end,carts,False,True,0.0346,0.0346,720
carts_cpu,3,mem,front-end,orders,False,True,0.0758,0.0758,720
carts_cpu,3,mem,front-end,payment,False,False,0.0031,0.0031,720
carts_cpu,3,mem,front-end,shipping,False,False,-0.1033,0.1033,720
carts_cpu,3,mem,catalogue,user,True,False,0.6051,0.6051,720
carts_cpu,3,mem,catalogue,carts,False,False,0.3713,0.3713,720
carts_cpu,3,mem,catalogue,orders,True,False,-0.2188,0.2188,720
carts_cpu,3,mem,catalogue,payment,True,False,0.3782,0.3782,720
carts_cpu,3,mem,catalogue,shipping,False,False,-0.7098,0.7098,720
carts_cpu,3,mem,user,carts,False,False,0.2946,0.2946,720
carts_cpu,3,mem,user,orders,True,True,-0.246,0.246,720
carts_cpu,3,mem,user,payment,True,False,0.2897,0.2897,720
carts_cpu,3,mem,user,shipping,False,False,-0.6095,0.6095,720
carts_cpu,3,mem,carts,orders,False,True,-0.1662,0.1662,720
carts_cpu,3,mem,carts,payment,False,False,0.298,0.298,720
carts_cpu,3,mem,carts,shipping,True,False,-0.3264,0.3264,720
carts_cpu,3,mem,orders,payment,True,True,-0.1105,0.1105,720
carts_cpu,3,mem,orders,shipping,False,True,0.359,0.359,720
carts_cpu,3,mem,payment,shipping,False,False,-0.5136,0.5136,720
carts_delay,1,cpu,front-end,catalogue,False,True,0.0383,0.0383,720
carts_delay,1,cpu,front-end,user,False,True,0.0407,0.0407,720
carts_delay,1,cpu,front-end,carts,False,True,0.1939,0.1939,720
carts_delay,1,cpu,front-end,orders,False,True,0.0551,0.0551,720
carts_delay,1,cpu,front-end,payment,False,False,0.0352,0.0352,720
carts_delay,1,cpu,front-end,shipping,False,False,-0.0801,0.0801,720
carts_delay,1,cpu,catalogue,user,True,False,-0.0147,0.0147,720
carts_delay,1,cpu,catalogue,carts,True,False,0.12,0.12,720
carts_delay,1,cpu,catalogue,orders,True,False,-0.1841,0.1841,720
carts_delay,1,cpu,catalogue,payment,False,False,-0.0278,0.0278,720
carts_delay,1,cpu,catalogue,shipping,False,False,0.0421,0.0421,720
carts_delay,1,cpu,user,carts,True,False,0.2357,0.2357,720
carts_delay,1,cpu,user,orders,True,True,0.0383,0.0383,720
carts_delay,1,cpu,user,payment,False,False,0.1355,0.1355,720
carts_delay,1,cpu,user,shipping,False,False,0.1036,0.1036,720
carts_delay,1,cpu,carts,orders,True,True,-0.118,0.118,720
carts_delay,1,cpu,carts,payment,False,False,0.126,0.126,720
carts_delay,1,cpu,carts,shipping,False,False,0.0832,0.0832,720
carts_delay,1,cpu,orders,payment,False,True,0.0898,0.0898,720
carts_delay,1,cpu,orders,shipping,False,True,-0.0879,0.0879,720
carts_delay,1,cpu,payment,shipping,True,False,0.0093,0.0093,720
carts_delay,1,mem,front-end,catalogue,False,True,-0.016,0.016,720
carts_delay,1,mem,front-end,user,False,True,0.0685,0.0685,720
carts_delay,1,mem,front-end,carts,False,True,0.072,0.072,720
carts_delay,1,mem,front-end,orders,False,True,-0.0079,0.0079,720
carts_delay,1,mem,front-end,payment,False,False,-0.0954,0.0954,720
carts_delay,1,mem,front-end,shipping,False,False,0.0646,0.0646,720
carts_delay,1,mem,catalogue,user,True,False,0.8027,0.8027,720
carts_delay,1,mem,catalogue,carts,True,False,-0.8475,0.8475,720
carts_delay,1,mem,catalogue,orders,True,False,0.3185,0.3185,720
carts_delay,1,mem,catalogue,payment,False,False,-0.2851,0.2851,720
carts_delay,1,mem,catalogue,shipping,False,False,0.791,0.791,720
carts_delay,1,mem,user,carts,True,False,-0.6093,0.6093,720
carts_delay,1,mem,user,orders,True,True,0.0087,0.0087,720
carts_delay,1,mem,user,payment,False,False,-0.5374,0.5374,720
carts_delay,1,mem,user,shipping,False,False,0.9085,0.9085,720
carts_delay,1,mem,carts,orders,True,True,-0.408,0.408,720
carts_delay,1,mem,carts,payment,False,False,0.1119,0.1119,720
carts_delay,1,mem,carts,shipping,False,False,-0.6651,0.6651,720
carts_delay,1,mem,orders,payment,False,True,-0.202,0.202,720
carts_delay,1,mem,orders,shipping,False,True,-0.1215,0.1215,720
carts_delay,1,mem,payment,shipping,True,False,-0.3381,0.3381,720
carts_delay,2,cpu,front-end,catalogue,False,True,0.0091,0.0091,720
carts_delay,2,cpu,front-end,user,False,True,0.0097,0.0097,720
carts_delay,2,cpu,front-end,carts,False,True,0.0799,0.0799,720
carts_delay,2,cpu,front-end,orders,False,True,-0.032,0.032,720
carts_delay,2,cpu,front-end,payment,False,False,0.1824,0.1824,720
carts_delay,2,cpu,front-end,shipping,True,False,-0.1344,0.1344,720
carts_delay,2,cpu,catalogue,user,False,False,-0.0423,0.0423,720
carts_delay,2,cpu,catalogue,carts,True,False,0.0794,0.0794,720
carts_delay,2,cpu,catalogue,orders,False,False,-0.07,0.07,720
carts_delay,2,cpu,catalogue,payment,True,False,0.0294,0.0294,720
carts_delay,2,cpu,catalogue,shipping,False,False,0.0407,0.0407,720
carts_delay,2,cpu,user,carts,False,False,0.0967,0.0967,720
carts_delay,2,cpu,user,orders,True,True,0.148,0.148,720
carts_delay,2,cpu,user,payment,False,False,-0.0401,0.0401,720
carts_delay,2,cpu,user,shipping,False,False,-0.1095,0.1095,720
carts_delay,2,cpu,carts,orders,False,True,-0.0118,0.0118,720
carts_delay,2,cpu,carts,payment,True,False,0.0342,0.0342,720
carts_delay,2,cpu,carts,shipping,False,False,-0.1907,0.1907,720
carts_delay,2,cpu,orders,payment,False,True,-0.049,0.049,720
carts_delay,2,cpu,orders,shipping,False,True,0.5051,0.5051,720
carts_delay,2,cpu,payment,shipping,False,False,-0.0718,0.0718,720
carts_delay,2,mem,front-end,catalogue,False,True,0.196,0.196,720
carts_delay,2,mem,front-end,user,False,True,0.1638,0.1638,720
carts_delay,2,mem,front-end,carts,False,True,-0.1061,0.1061,720
carts_delay,2,mem,front-end,orders,False,True,-0.0185,0.0185,720
carts_delay,2,mem,front-end,payment,False,False,0.2522,0.2522,720
carts_delay,2,mem,front-end,shipping,True,False,0.1964,0.1964,720
carts_delay,2,mem,catalogue,user,False,False,0.048,0.048,720
carts_delay,2,mem,catalogue,carts,True,False,0.0831,0.0831,720
carts_delay,2,mem,catalogue,orders,False,False,-0.2319,0.2319,720
carts_delay,2,mem,catalogue,payment,True,False,0.1807,0.1807,720
carts_delay,2,mem,catalogue,shipping,False,False,0.3122,0.3122,720
carts_delay,2,mem,user,carts,False,False,0.019,0.019,720
carts_delay,2,mem,user,orders,True,True,0.0025,0.0025,720
carts_delay,2,mem,user,payment,False,False,0.6363,0.6363,720
carts_delay,2,mem,user,shipping,False,False,0.6641,0.6641,720
carts_delay,2,mem,carts,orders,False,True,-0.0388,0.0388,720
carts_delay,2,mem,carts,payment,True,False,0.0488,0.0488,720
carts_delay,2,mem,carts,shipping,False,False,0.1051,0.1051,720
carts_delay,2,mem,orders,payment,False,True,0.1714,0.1714,720
carts_delay,2,mem,orders,shipping,False,True,0.0632,0.0632,720
carts_delay,2,mem,payment,shipping,False,False,0.8041,0.8041,720
carts_delay,3,cpu,front-end,catalogue,False,True,0.1871,0.1871,720
carts_delay,3,cpu,front-end,user,False,True,0.0374,0.0374,720
carts_delay,3,cpu,front-end,carts,False,True,0.1396,0.1396,720
carts_delay,3,cpu,front-end,orders,False,True,0.1557,0.1557,720
carts_delay,3,cpu,front-end,payment,False,False,-0.1141,0.1141,720
carts_delay,3,cpu,front-end,shipping,True,False,0.1131,0.1131,720
carts_delay,3,cpu,catalogue,user,False,False,-0.0456,0.0456,720
carts_delay,3,cpu,catalogue,carts,True,False,0.0976,0.0976,720
carts_delay,3,cpu,catalogue,orders,False,False,0.0345,0.0345,720
carts_delay,3,cpu,catalogue,payment,True,False,0.041,0.041,720
carts_delay,3,cpu,catalogue,shipping,False,False,0.0767,0.0767,720
carts_delay,3,cpu,user,carts,False,False,-0.2106,0.2106,720
carts_delay,3,cpu,user,orders,True,True,-0.0046,0.0046,720
carts_delay,3,cpu,user,payment,False,False,0.0422,0.0422,720
carts_delay,3,cpu,user,shipping,False,False,-0.056,0.056,720
carts_delay,3,cpu,carts,orders,False,True,-0.0067,0.0067,720
carts_delay,3,cpu,carts,payment,True,False,-0.1198,0.1198,720
carts_delay,3,cpu,carts,shipping,False,False,0.0892,0.0892,720
carts_delay,3,cpu,orders,payment,False,True,0.2669,0.2669,720
carts_delay,3,cpu,orders,shipping,False,True,0.6803,0.6803,720
carts_delay,3,cpu,payment,shipping,False,False,0.1232,0.1232,720
carts_delay,3,mem,front-end,catalogue,False,True,0.2393,0.2393,720
carts_delay,3,mem,front-end,user,False,True,0.2265,0.2265,720
carts_delay,3,mem,front-end,carts,False,True,0.0688,0.0688,720
carts_delay,3,mem,front-end,orders,False,True,-0.0896,0.0896,720
carts_delay,3,mem,front-end,payment,False,False,0.1553,0.1553,720
carts_delay,3,mem,front-end,shipping,True,False,-0.037,0.037,720
carts_delay,3,mem,catalogue,user,False,False,0.2738,0.2738,720
carts_delay,3,mem,catalogue,carts,True,False,0.0843,0.0843,720
carts_delay,3,mem,catalogue,orders,False,False,0.2759,0.2759,720
carts_delay,3,mem,catalogue,payment,True,False,0.4722,0.4722,720
carts_delay,3,mem,catalogue,shipping,False,False,0.6718,0.6718,720
carts_delay,3,mem,user,carts,False,False,0.0862,0.0862,720
carts_delay,3,mem,user,orders,True,True,0.1653,0.1653,720
carts_delay,3,mem,user,payment,False,False,0.2519,0.2519,720
carts_delay,3,mem,user,shipping,False,False,0.1212,0.1212,720
carts_delay,3,mem,carts,orders,False,True,-0.0044,0.0044,720
carts_delay,3,mem,carts,payment,True,False,0.4509,0.4509,720
carts_delay,3,mem,carts,shipping,False,False,-0.01,0.01,720
carts_delay,3,mem,orders,payment,False,True,-0.0774,0.0774,720
carts_delay,3,mem,orders,shipping,False,True,0.0964,0.0964,720
carts_delay,3,mem,payment,shipping,False,False,0.3135,0.3135,720
carts_disk,1,cpu,front-end,catalogue,True,True,0.0845,0.0845,720
carts_disk,1,cpu,front-end,user,False,True,0.0217,0.0217,720
carts_disk,1,cpu,front-end,carts,False,True,-0.2352,0.2352,720
carts_disk,1,cpu,front-end,orders,False,True,-0.0366,0.0366,720
carts_disk,1,cpu,front-end,payment,False,False,0.1098,0.1098,720
carts_disk,1,cpu,front-end,shipping,True,False,-0.0065,0.0065,720
carts_disk,1,cpu,catalogue,user,False,False,0.0229,0.0229,720
carts_disk,1,cpu,catalogue,carts,False,False,0.1542,0.1542,720
carts_disk,1,cpu,catalogue,orders,False,False,-0.0252,0.0252,720
carts_disk,1,cpu,catalogue,payment,False,False,0.1237,0.1237,720
carts_disk,1,cpu,catalogue,shipping,True,False,-0.0181,0.0181,720
carts_disk,1,cpu,user,carts,False,False,0.0496,0.0496,720
carts_disk,1,cpu,user,orders,True,True,0.0316,0.0316,720
carts_disk,1,cpu,user,payment,True,False,0.2284,0.2284,720
carts_disk,1,cpu,user,shipping,False,False,-0.0016,0.0016,720
carts_disk,1,cpu,carts,orders,False,True,0.0099,0.0099,720
carts_disk,1,cpu,carts,payment,False,False,-0.0183,0.0183,720
carts_disk,1,cpu,carts,shipping,False,False,0.365,0.365,720
carts_disk,1,cpu,orders,payment,True,True,0.0635,0.0635,720
carts_disk,1,cpu,orders,shipping,False,True,0.0896,0.0896,720
carts_disk,1,cpu,payment,shipping,False,False,0.2247,0.2247,720
carts_disk,1,mem,front-end,catalogue,True,True,-0.018,0.018,720
carts_disk,1,mem,front-end,user,False,True,0.0689,0.0689,720
carts_disk,1,mem,front-end,carts,False,True,0.1253,0.1253,720
carts_disk,1,mem,front-end,orders,False,True,-0.058,0.058,720
carts_disk,1,mem,front-end,payment,False,False,-0.1972,0.1972,720
carts_disk,1,mem,front-end,shipping,True,False,0.04,0.04,720
carts_disk,1,mem,catalogue,user,False,False,0.8792,0.8792,720
carts_disk,1,mem,catalogue,carts,False,False,0.7953,0.7953,720
carts_disk,1,mem,catalogue,orders,False,False,0.4081,0.4081,720
carts_disk,1,mem,catalogue,payment,False,False,0.1715,0.1715,720
carts_disk,1,mem,catalogue,shipping,True,False,0.5045,0.5045,720
carts_disk,1,mem,user,carts,False,False,0.654,0.654,720
carts_disk,1,mem,user,orders,True,True,0.6011,0.6011,720
carts_disk,1,mem,user,payment,True,False,0.2203,0.2203,720
carts_disk,1,mem,user,shipping,False,False,0.5346,0.5346,720
carts_disk,1,mem,carts,orders,False,True,0.2523,0.2523,720
carts_disk,1,mem,carts,payment,False,False,-0.2023,0.2023,720
carts_disk,1,mem,carts,shipping,False,False,0.4827,0.4827,720
carts_disk,1,mem,orders,payment,True,True,0.1878,0.1878,720
carts_disk,1,mem,orders,shipping,False,True,0.0278,0.0278,720
carts_disk,1,mem,payment,shipping,False,False,0.0562,0.0562,720
carts_disk,2,cpu,front-end,catalogue,False,True,-0.1105,0.1105,720
carts_disk,2,cpu,front-end,user,True,True,0.0443,0.0443,720
carts_disk,2,cpu,front-end,carts,False,True,0.0231,0.0231,720
carts_disk,2,cpu,front-end,orders,False,True,0.0978,0.0978,720
carts_disk,2,cpu,front-end,payment,False,False,0.0714,0.0714,720
carts_disk,2,cpu,front-end,shipping,False,False,0.0736,0.0736,720
carts_disk,2,cpu,catalogue,user,False,False,0.1181,0.1181,720
carts_disk,2,cpu,catalogue,carts,True,False,-0.0027,0.0027,720
carts_disk,2,cpu,catalogue,orders,True,False,-0.0098,0.0098,720
carts_disk,2,cpu,catalogue,payment,True,False,0.1307,0.1307,720
carts_disk,2,cpu,catalogue,shipping,True,False,0.0035,0.0035,720
carts_disk,2,cpu,user,carts,False,False,0.0416,0.0416,720
carts_disk,2,cpu,user,orders,False,True,-0.0429,0.0429,720
carts_disk,2,cpu,user,payment,False,False,0.1381,0.1381,720
carts_disk,2,cpu,user,shipping,False,False,0.0605,0.0605,720
carts_disk,2,cpu,carts,orders,True,True,-0.1373,0.1373,720
carts_disk,2,cpu,carts,payment,True,False,0.1201,0.1201,720
carts_disk,2,cpu,carts,shipping,True,False,0.606,0.606,720
carts_disk,2,cpu,orders,payment,True,True,0.0366,0.0366,720
carts_disk,2,cpu,orders,shipping,True,True,-0.1764,0.1764,720
carts_disk,2,cpu,payment,shipping,True,False,0.0695,0.0695,720
carts_disk,2,mem,front-end,catalogue,False,True,0.1872,0.1872,720
carts_disk,2,mem,front-end,user,True,True,0.0824,0.0824,720
carts_disk,2,mem,front-end,carts,False,True,0.0895,0.0895,720
carts_disk,2,mem,front-end,orders,False,True,0.1035,0.1035,720
carts_disk,2,mem,front-end,payment,False,False,-0.1506,0.1506,720
carts_disk,2,mem,front-end,shipping,False,False,0.1674,0.1674,720
carts_disk,2,mem,catalogue,user,False,False,0.5778,0.5778,720
carts_disk,2,mem,catalogue,carts,True,False,0.6372,0.6372,720
carts_disk,2,mem,catalogue,orders,True,False,0.6166,0.6166,720
carts_disk,2,mem,catalogue,payment,True,False,-0.4663,0.4663,720
carts_disk,2,mem,catalogue,shipping,True,False,0.6338,0.6338,720
carts_disk,2,mem,user,carts,False,False,0.832,0.832,720
carts_disk,2,mem,user,orders,False,True,0.7565,0.7565,720
carts_disk,2,mem,user,payment,False,False,-0.6354,0.6354,720
carts_disk,2,mem,user,shipping,False,False,0.7861,0.7861,720
carts_disk,2,mem,carts,orders,True,True,0.8809,0.8809,720
carts_disk,2,mem,carts,payment,True,False,-0.6965,0.6965,720
carts_disk,2,mem,carts,shipping,True,False,0.8854,0.8854,720
carts_disk,2,mem,orders,payment,True,True,-0.7614,0.7614,720
carts_disk,2,mem,orders,shipping,True,True,0.8595,0.8595,720
carts_disk,2,mem,payment,shipping,True,False,-0.8586,0.8586,720
carts_disk,3,cpu,front-end,catalogue,False,True,-0.006,0.006,720
carts_disk,3,cpu,front-end,user,False,True,0.0514,0.0514,720
carts_disk,3,cpu,front-end,carts,False,True,0.075,0.075,720
carts_disk,3,cpu,front-end,orders,False,True,0.0536,0.0536,720
carts_disk,3,cpu,front-end,payment,False,False,0.0282,0.0282,720
carts_disk,3,cpu,front-end,shipping,True,False,-0.1913,0.1913,720
carts_disk,3,cpu,catalogue,user,False,False,0.0226,0.0226,720
carts_disk,3,cpu,catalogue,carts,True,False,0.0321,0.0321,720
carts_disk,3,cpu,catalogue,orders,False,False,0.1353,0.1353,720
carts_disk,3,cpu,catalogue,payment,True,False,0.0496,0.0496,720
carts_disk,3,cpu,catalogue,shipping,False,False,-0.05,0.05,720
carts_disk,3,cpu,user,carts,False,False,0.1468,0.1468,720
carts_disk,3,cpu,user,orders,True,True,0.1527,0.1527,720
carts_disk,3,cpu,user,payment,False,False,0.2436,0.2436,720
carts_disk,3,cpu,user,shipping,False,False,0.1128,0.1128,720
carts_disk,3,cpu,carts,orders,False,True,0.1306,0.1306,720
carts_disk,3,cpu,carts,payment,True,False,-0.035,0.035,720
carts_disk,3,cpu,carts,shipping,False,False,0.4578,0.4578,720
carts_disk,3,cpu,orders,payment,False,True,0.0922,0.0922,720
carts_disk,3,cpu,orders,shipping,False,True,-0.0427,0.0427,720
carts_disk,3,cpu,payment,shipping,False,False,-0.0693,0.0693,720
carts_disk,3,mem,front-end,catalogue,False,True,0.1993,0.1993,720
carts_disk,3,mem,front-end,user,False,True,0.087,0.087,720
carts_disk,3,mem,front-end,carts,False,True,0.0918,0.0918,720
carts_disk,3,mem,front-end,orders,False,True,0.0799,0.0799,720
carts_disk,3,mem,front-end,payment,False,False,-0.0183,0.0183,720
carts_disk,3,mem,front-end,shipping,True,False,0.104,0.104,720
carts_disk,3,mem,catalogue,user,False,False,0.5291,0.5291,720
carts_disk,3,mem,catalogue,carts,True,False,0.3748,0.3748,720
carts_disk,3,mem,catalogue,orders,False,False,0.5387,0.5387,720
carts_disk,3,mem,catalogue,payment,True,False,-0.0022,0.0022,720
carts_disk,3,mem,catalogue,shipping,False,False,0.5094,0.5094,720
carts_disk,3,mem,user,carts,False,False,0.5035,0.5035,720
carts_disk,3,mem,user,orders,True,True,0.9283,0.9283,720
carts_disk,3,mem,user,payment,False,False,0.183,0.183,720
carts_disk,3,mem,user,shipping,False,False,0.9363,0.9363,720
carts_disk,3,mem,carts,orders,False,True,0.518,0.518,720
carts_disk,3,mem,carts,payment,True,False,-0.6199,0.6199,720
carts_disk,3,mem,carts,shipping,False,False,0.4996,0.4996,720
carts_disk,3,mem,orders,payment,False,True,0.1515,0.1515,720
carts_disk,3,mem,orders,shipping,False,True,0.913,0.913,720
carts_disk,3,mem,payment,shipping,False,False,0.1745,0.1745,720
carts_loss,1,cpu,front-end,catalogue,False,True,0.0653,0.0653,720
carts_loss,1,cpu,front-end,user,False,True,0.0364,0.0364,720
carts_loss,1,cpu,front-end,carts,False,True,-0.1395,0.1395,720
carts_loss,1,cpu,front-end,orders,False,True,-0.0471,0.0471,720
carts_loss,1,cpu,front-end,payment,False,False,0.0437,0.0437,720
carts_loss,1,cpu,front-end,shipping,False,False,0.1118,0.1118,720
carts_loss,1,cpu,catalogue,user,True,False,0.1242,0.1242,720
carts_loss,1,cpu,catalogue,carts,True,False,0.038,0.038,720
carts_loss,1,cpu,catalogue,orders,True,False,-0.0484,0.0484,720
carts_loss,1,cpu,catalogue,payment,False,False,0.029,0.029,720
carts_loss,1,cpu,catalogue,shipping,False,False,-0.165,0.165,720
carts_loss,1,cpu,user,carts,True,False,0.0891,0.0891,720
carts_loss,1,cpu,user,orders,True,True,-0.1864,0.1864,720
carts_loss,1,cpu,user,payment,False,False,-0.0481,0.0481,720
carts_loss,1,cpu,user,shipping,False,False,-0.0028,0.0028,720
carts_loss,1,cpu,carts,orders,True,True,-0.0016,0.0016,720
carts_loss,1,cpu,carts,payment,False,False,-0.0874,0.0874,720
carts_loss,1,cpu,carts,shipping,False,False,-0.1294,0.1294,720
carts_loss,1,cpu,orders,payment,False,True,-0.1476,0.1476,720
carts_loss,1,cpu,orders,shipping,False,True,-0.0707,0.0707,720
carts_loss,1,cpu,payment,shipping,True,False,0.1284,0.1284,720
carts_loss,1,mem,front-end,catalogue,False,True,0.2341,0.2341,720
carts_loss,1,mem,front-end,user,False,True,0.0866,0.0866,720
carts_loss,1,mem,front-end,carts,False,True,0.0897,0.0897,720
carts_loss,1,mem,front-end,orders,False,True,0.0375,0.0375,720
carts_loss,1,mem,front-end,payment,False,False,0.0357,0.0357,720
carts_loss,1,mem,front-end,shipping,False,False,-0.0426,0.0426,720
carts_loss,1,mem,catalogue,user,True,False,0.2201,0.2201,720
carts_loss,1,mem,catalogue,carts,True,False,0.244,0.244,720
carts_loss,1,mem,catalogue,orders,True,False,0.3261,0.3261,720
carts_loss,1,mem,catalogue,payment,False,False,0.072,0.072,720
carts_loss,1,mem,catalogue,shipping,False,False,-0.006,0.006,720
carts_loss,1,mem,user,carts,True,False,0.6231,0.6231,720
carts_loss,1,mem,user,orders,True,True,0.6822,0.6822,720
carts_loss,1,mem,user,payment,False,False,-0.1919,0.1919,720
carts_loss,1,mem,user,shipping,False,False,-0.0273,0.0273,720
carts_loss,1,mem,carts,orders,True,True,0.8492,0.8492,720
carts_loss,1,mem,carts,payment,False,False,-0.3396,0.3396,720
carts_loss,1,mem,carts,shipping,False,False,-0.1192,0.1192,720
carts_loss,1,mem,orders,payment,False,True,-0.1615,0.1615,720
carts_loss,1,mem,orders,shipping,False,True,0.0038,0.0038,720
carts_loss,1,mem,payment,shipping,True,False,0.2715,0.2715,720
carts_loss,2,cpu,front-end,catalogue,False,True,-0.1566,0.1566,720
carts_loss,2,cpu,front-end,user,False,True,-0.2017,0.2017,720
carts_loss,2,cpu,front-end,carts,False,True,0.1357,0.1357,720
carts_loss,2,cpu,front-end,orders,False,True,0.1809,0.1809,720
carts_loss,2,cpu,front-end,payment,False,False,-0.0025,0.0025,720
carts_loss,2,cpu,front-end,shipping,True,False,0.0966,0.0966,720
carts_loss,2,cpu,catalogue,user,False,False,0.156,0.156,720
carts_loss,2,cpu,catalogue,carts,True,False,-0.0913,0.0913,720
carts_loss,2,cpu,catalogue,orders,False,False,-0.2213,0.2213,720
carts_loss,2,cpu,catalogue,payment,True,False,0.1437,0.1437,720
carts_loss,2,cpu,catalogue,shipping,False,False,-0.2392,0.2392,720
carts_loss,2,cpu,user,carts,False,False,-0.1432,0.1432,720
carts_loss,2,cpu,user,orders,True,True,-0.2427,0.2427,720
carts_loss,2,cpu,user,payment,False,False,0.2998,0.2998,720
carts_loss,2,cpu,user,shipping,False,False,-0.1495,0.1495,720
carts_loss,2,cpu,carts,orders,False,True,0.6777,0.6777,720
carts_loss,2,cpu,carts,payment,True,False,-0.2173,0.2173,720
carts_loss,2,cpu,carts,shipping,False,False,0.4873,0.4873,720
carts_loss,2,cpu,orders,payment,False,True,-0.1099,0.1099,720
carts_loss,2,cpu,orders,shipping,False,True,0.5711,0.5711,720
carts_loss,2,cpu,payment,shipping,False,False,-0.1552,0.1552,720
carts_loss,2,mem,front-end,catalogue,False,True,0.1664,0.1664,720
carts_loss,2,mem,front-end,user,False,True,0.0902,0.0902,720
carts_loss,2,mem,front-end,carts,False,True,-0.0698,0.0698,720
carts_loss,2,mem,front-end,orders,False,True,0.1089,0.1089,720
carts_loss,2,mem,front-end,payment,False,False,0.1385,0.1385,720
carts_loss,2,mem,front-end,shipping,True,False,0.0847,0.0847,720
carts_loss,2,mem,catalogue,user,False,False,0.8834,0.8834,720
carts_loss,2,mem,catalogue,carts,True,False,0.4634,0.4634,720
carts_loss,2,mem,catalogue,orders,False,False,0.8791,0.8791,720
carts_loss,2,mem,catalogue,payment,True,False,0.9055,0.9055,720
carts_loss,2,mem,catalogue,shipping,False,False,0.8567,0.8567,720
carts_loss,2,mem,user,carts,False,False,0.6541,0.6541,720
carts_loss,2,mem,user,orders,True,True,0.9834,0.9834,720
carts_loss,2,mem,user,payment,False,False,0.7128,0.7128,720
carts_loss,2,mem,user,shipping,False,False,0.9857,0.9857,720
carts_loss,2,mem,carts,orders,False,True,0.631,0.631,720
carts_loss,2,mem,carts,payment,True,False,0.3927,0.3927,720
carts_loss,2,mem,carts,shipping,False,False,0.6577,0.6577,720
carts_loss,2,mem,orders,payment,False,True,0.7235,0.7235,720
carts_loss,2,mem,orders,shipping,False,True,0.9732,0.9732,720
carts_loss,2,mem,payment,shipping,False,False,0.6881,0.6881,720
carts_loss,3,cpu,front-end,catalogue,True,True,-0.0528,0.0528,720
carts_loss,3,cpu,front-end,user,False,True,0.0026,0.0026,720
carts_loss,3,cpu,front-end,carts,False,True,-0.0858,0.0858,720
carts_loss,3,cpu,front-end,orders,False,True,-0.0334,0.0334,719
carts_loss,3,cpu,front-end,payment,False,False,0.0715,0.0715,720
carts_loss,3,cpu,front-end,shipping,False,False,0.0635,0.0635,720
carts_loss,3,cpu,catalogue,user,False,False,0.2092,0.2092,720
carts_loss,3,cpu,catalogue,carts,False,False,-0.0706,0.0706,720
carts_loss,3,cpu,catalogue,orders,False,False,0.0062,0.0062,719
carts_loss,3,cpu,catalogue,payment,False,False,0.0684,0.0684,720
carts_loss,3,cpu,catalogue,shipping,False,False,0.1009,0.1009,720
carts_loss,3,cpu,user,carts,True,False,0.046,0.046,720
carts_loss,3,cpu,user,orders,False,True,0.1138,0.1138,719
carts_loss,3,cpu,user,payment,False,False,0.4119,0.4119,720
carts_loss,3,cpu,user,shipping,False,False,0.1667,0.1667,720
carts_loss,3,cpu,carts,orders,False,True,-0.1656,0.1656,719
carts_loss,3,cpu,carts,payment,False,False,0.1571,0.1571,720
carts_loss,3,cpu,carts,shipping,False,False,0.1231,0.1231,720
carts_loss,3,cpu,orders,payment,True,True,0.17,0.17,719
carts_loss,3,cpu,orders,shipping,True,True,0.0332,0.0332,719
carts_loss,3,cpu,payment,shipping,True,False,0.3071,0.3071,720
carts_loss,3,mem,front-end,catalogue,True,True,0.0054,0.0054,720
carts_loss,3,mem,front-end,user,False,True,0.0584,0.0584,720
carts_loss,3,mem,front-end,carts,False,True,0.0231,0.0231,720
carts_loss,3,mem,front-end,orders,False,True,-0.115,0.115,720
carts_loss,3,mem,front-end,payment,False,False,0.1455,0.1455,720
carts_loss,3,mem,front-end,shipping,False,False,0.0373,0.0373,720
carts_loss,3,mem,catalogue,user,False,False,0.6888,0.6888,720
carts_loss,3,mem,catalogue,carts,False,False,0.6572,0.6572,720
carts_loss,3,mem,catalogue,orders,False,False,0.2965,0.2965,720
carts_loss,3,mem,catalogue,payment,False,False,0.5402,0.5402,720
carts_loss,3,mem,catalogue,shipping,False,False,0.6432,0.6432,720
carts_loss,3,mem,user,carts,True,False,0.9041,0.9041,720
carts_loss,3,mem,user,orders,False,True,0.1193,0.1193,720
carts_loss,3,mem,user,payment,False,False,0.8968,0.8968,720
carts_loss,3,mem,user,shipping,False,False,0.9831,0.9831,720
carts_loss,3,mem,carts,orders,False,True,0.1548,0.1548,720
carts_loss,3,mem,carts,payment,False,False,0.8038,0.8038,720
carts_loss,3,mem,carts,shipping,False,False,0.892,0.892,720
carts_loss,3,mem,orders,payment,True,True,0.0046,0.0046,720
carts_loss,3,mem,orders,shipping,True,True,0.0781,0.0781,720
carts_loss,3,mem,payment,shipping,True,False,0.9019,0.9019,720
carts_mem,1,cpu,front-end,catalogue,False,True,0.1144,0.1144,718
carts_mem,1,cpu,front-end,user,False,True,0.2175,0.2175,716
carts_mem,1,cpu,front-end,carts,False,True,0.3459,0.3459,718
carts_mem,1,cpu,front-end,orders,False,True,0.4363,0.4363,710
carts_mem,1,cpu,front-end,payment,False,False,-0.1369,0.1369,718
carts_mem,1,cpu,front-end,shipping,False,False,0.403,0.403,718
carts_mem,1,cpu,catalogue,user,True,False,-0.0096,0.0096,718
carts_mem,1,cpu,catalogue,carts,False,False,0.3042,0.3042,720
carts_mem,1,cpu,catalogue,orders,False,False,0.1723,0.1723,712
carts_mem,1,cpu,catalogue,payment,False,False,0.0436,0.0436,720
carts_mem,1,cpu,catalogue,shipping,False,False,0.0839,0.0839,720
carts_mem,1,cpu,user,carts,False,False,-0.1445,0.1445,718
carts_mem,1,cpu,user,orders,False,True,0.0402,0.0402,710
carts_mem,1,cpu,user,payment,False,False,0.1772,0.1772,718
carts_mem,1,cpu,user,shipping,False,False,0.0142,0.0142,718
carts_mem,1,cpu,carts,orders,True,True,0.8488,0.8488,712
carts_mem,1,cpu,carts,payment,True,False,-0.3218,0.3218,720
carts_mem,1,cpu,carts,shipping,True,False,0.7013,0.7013,720
carts_mem,1,cpu,orders,payment,True,True,-0.2124,0.2124,712
carts_mem,1,cpu,orders,shipping,True,True,0.7994,0.7994,712
carts_mem,1,cpu,payment,shipping,True,False,-0.0212,0.0212,720
carts_mem,1,mem,front-end,catalogue,False,True,0.4819,0.4819,720
carts_mem,1,mem,front-end,user,False,True,0.2797,0.2797,720
carts_mem,1,mem,front-end,carts,False,True,0.2267,0.2267,720
carts_mem,1,mem,front-end,orders,False,True,0.2602,0.2602,712
carts_mem,1,mem,front-end,payment,False,False,0.4218,0.4218,720
carts_mem,1,mem,front-end,shipping,False,False,-0.1024,0.1024,720
carts_mem,1,mem,catalogue,user,True,False,0.8048,0.8048,720
carts_mem,1,mem,catalogue,carts,False,False,0.5662,0.5662,720
carts_mem,1,mem,catalogue,orders,False,False,0.8738,0.8738,712
carts_mem,1,mem,catalogue,payment,False,False,0.9055,0.9055,720
carts_mem,1,mem,catalogue,shipping,False,False,0.2101,0.2101,720
carts_mem,1,mem,user,carts,False,False,0.7076,0.7076,720
carts_mem,1,mem,user,orders,False,True,0.9779,0.9779,712
carts_mem,1,mem,user,payment,False,False,0.6725,0.6725,720
carts_mem,1,mem,user,shipping,False,False,0.6847,0.6847,720
carts_mem,1,mem,carts,orders,True,True,0.83,0.83,712
carts_mem,1,mem,carts,payment,True,False,0.5835,0.5835,720
carts_mem,1,mem,carts,shipping,True,False,0.3959,0.3959,720
carts_mem,1,mem,orders,payment,True,True,0.7484,0.7484,712
carts_mem,1,mem,orders,shipping,True,True,0.6097,0.6097,712
carts_mem,1,mem,payment,shipping,True,False,0.0851,0.0851,720
carts_mem,2,cpu,front-end,catalogue,False,True,-0.0373,0.0373,720
carts_mem,2,cpu,front-end,user,False,True,0.0202,0.0202,720
carts_mem,2,cpu,front-end,carts,False,True,0.0707,0.0707,720
carts_mem,2,cpu,front-end,orders,False,True,-0.0419,0.0419,720
carts_mem,2,cpu,front-end,payment,False,False,-0.0174,0.0174,720
carts_mem,2,cpu,front-end,shipping,False,False,-0.0328,0.0328,720
carts_mem,2,cpu,catalogue,user,True,False,0.0785,0.0785,720
carts_mem,2,cpu,catalogue,carts,False,False,0.1565,0.1565,720
carts_mem,2,cpu,catalogue,orders,True,False,0.0235,0.0235,720
carts_mem,2,cpu,catalogue,payment,True,False,0.016,0.016,720
carts_mem,2,cpu,catalogue,shipping,False,False,0.0399,0.0399,720
carts_mem,2,cpu,user,carts,False,False,0.0685,0.0685,720
carts_mem,2,cpu,user,orders,True,True,0.0025,0.0025,720
carts_mem,2,cpu,user,payment,True,False,0.0291,0.0291,720
carts_mem,2,cpu,user,shipping,False,False,0.0625,0.0625,720
carts_mem,2,cpu,carts,orders,False,True,-0.0816,0.0816,720
carts_mem,2,cpu,carts,payment,False,False,0.0105,0.0105,720
carts_mem,2,cpu,carts,shipping,True,False,-0.0464,0.0464,720
carts_mem,2,cpu,orders,payment,True,True,-0.1264,0.1264,720
carts_mem,2,cpu,orders,shipping,False,True,0.0531,0.0531,720
carts_mem,2,cpu,payment,shipping,False,False,0.0062,0.0062,720
carts_mem,2,mem,front-end,catalogue,False,True,-0.1343,0.1343,720
carts_mem,2,mem,front-end,user,False,True,-0.1454,0.1454,720
carts_mem,2,mem,front-end,carts,False,True,-0.199,0.199,720
carts_mem,2,mem,front-end,orders,False,True,-0.0847,0.0847,720
carts_mem,2,mem,front-end,payment,False,False,-0.0434,0.0434,720
carts_mem,2,mem,front-end,shipping,False,False,-0.1201,0.1201,720
carts_mem,2,mem,catalogue,user,True,False,0.1962,0.1962,720
carts_mem,2,mem,catalogue,carts,False,False,0.241,0.241,720
carts_mem,2,mem,catalogue,orders,True,False,0.3177,0.3177,720
carts_mem,2,mem,catalogue,payment,True,False,0.5975,0.5975,720
carts_mem,2,mem,catalogue,shipping,False,False,-0.195,0.195,720
carts_mem,2,mem,user,carts,False,False,0.286,0.286,720
carts_mem,2,mem,user,orders,True,True,0.3487,0.3487,720
carts_mem,2,mem,user,payment,True,False,-0.194,0.194,720
carts_mem,2,mem,user,shipping,False,False,0.2307,0.2307,720
carts_mem,2,mem,carts,orders,False,True,0.2775,0.2775,720
carts_mem,2,mem,carts,payment,False,False,0.1036,0.1036,720
carts_mem,2,mem,carts,shipping,True,False,0.35,0.35,720
carts_mem,2,mem,orders,payment,True,True,0.0724,0.0724,720
carts_mem,2,mem,orders,shipping,False,True,0.2485,0.2485,720
carts_mem,2,mem,payment,shipping,False,False,-0.3301,0.3301,720
carts_mem,3,cpu,front-end,catalogue,False,True,0.0749,0.0749,720
carts_mem,3,cpu,front-end,user,False,True,0.0575,0.0575,720
carts_mem,3,cpu,front-end,carts,False,True,0.32,0.32,720
carts_mem,3,cpu,front-end,orders,False,True,0.4835,0.4835,720
carts_mem,3,cpu,front-end,payment,False,False,-0.1246,0.1246,720
carts_mem,3,cpu,front-end,shipping,False,False,0.4949,0.4949,720
carts_mem,3,cpu,catalogue,user,True,False,0.1865,0.1865,720
carts_mem,3,cpu,catalogue,carts,False,False,-0.0484,0.0484,720
carts_mem,3,cpu,catalogue,orders,True,False,-0.0383,0.0383,720
carts_mem,3,cpu,catalogue,payment,True,False,0.0897,0.0897,720
carts_mem,3,cpu,catalogue,shipping,False,False,-0.0176,0.0176,720
carts_mem,3,cpu,user,carts,False,False,-0.1273,0.1273,720
carts_mem,3,cpu,user,orders,True,True,-0.1552,0.1552,720
carts_mem,3,cpu,user,payment,True,False,0.0653,0.0653,720
carts_mem,3,cpu,user,shipping,False,False,-0.1622,0.1622,720
carts_mem,3,cpu,carts,orders,False,True,0.7654,0.7654,720
carts_mem,3,cpu,carts,payment,False,False,-0.1893,0.1893,720
carts_mem,3,cpu,carts,shipping,True,False,0.5621,0.5621,720
carts_mem,3,cpu,orders,payment,True,True,-0.1978,0.1978,720
carts_mem,3,cpu,orders,shipping,False,True,0.8658,0.8658,720
carts_mem,3,cpu,payment,shipping,False,False,-0.0354,0.0354,720
carts_mem,3,mem,front-end,catalogue,False,True,0.577,0.577,720
carts_mem,3,mem,front-end,user,False,True,0.4908,0.4908,720
carts_mem,3,mem,front-end,carts,False,True,0.5607,0.5607,720
carts_mem,3,mem,front-end,orders,False,True,0.9391,0.9391,720
carts_mem,3,mem,front-end,payment,False,False,0.3322,0.3322,720
carts_mem,3,mem,front-end,shipping,False,False,0.9201,0.9201,720
carts_mem,3,mem,catalogue,user,True,False,0.8648,0.8648,720
carts_mem,3,mem,catalogue,carts,False,False,0.8977,0.8977,720
carts_mem,3,mem,catalogue,orders,True,False,0.6727,0.6727,720
carts_mem,3,mem,catalogue,payment,True,False,0.7749,0.7749,720
carts_mem,3,mem,catalogue,shipping,False,False,0.6927,0.6927,720
carts_mem,3,mem,user,carts,False,False,0.9503,0.9503,720
carts_mem,3,mem,user,orders,True,True,0.5855,0.5855,720
carts_mem,3,mem,user,payment,True,False,0.6495,0.6495,720
carts_mem,3,mem,user,shipping,False,False,0.6037,0.6037,720
carts_mem,3,mem,carts,orders,False,True,0.6547,0.6547,720
carts_mem,3,mem,carts,payment,False,False,0.6634,0.6634,720
carts_mem,3,mem,carts,shipping,True,False,0.6723,0.6723,720
carts_mem,3,mem,orders,payment,True,True,0.3975,0.3975,720
carts_mem,3,mem,orders,shipping,False,True,0.9811,0.9811,720
carts_mem,3,mem,payment,shipping,False,False,0.4238,0.4238,720
carts_socket,1,cpu,front-end,catalogue,False,True,0.2271,0.2271,720
carts_socket,1,cpu,front-end,user,False,True,0.2077,0.2077,718
carts_socket,1,cpu,front-end,carts,False,True,-0.2343,0.2343,720
carts_socket,1,cpu,front-end,orders,False,True,0.1724,0.1724,719
carts_socket,1,cpu,front-end,payment,True,False,0.1322,0.1322,720
carts_socket,1,cpu,front-end,shipping,True,False,0.0167,0.0167,720
carts_socket,1,cpu,catalogue,user,False,False,0.0943,0.0943,718
carts_socket,1,cpu,catalogue,carts,False,False,-0.1195,0.1195,720
carts_socket,1,cpu,catalogue,orders,False,False,0.0238,0.0238,719
carts_socket,1,cpu,catalogue,payment,False,False,-0.0154,0.0154,720
carts_socket,1,cpu,catalogue,shipping,False,False,0.0397,0.0397,720
carts_socket,1,cpu,user,carts,True,False,0.003,0.003,718
carts_socket,1,cpu,user,orders,True,True,0.178,0.178,717
carts_socket,1,cpu,user,payment,False,False,0.1595,0.1595,718
carts_socket,1,cpu,user,shipping,False,False,-0.0431,0.0431,718
carts_socket,1,cpu,carts,orders,True,True,-0.294,0.294,719
carts_socket,1,cpu,carts,payment,False,False,-0.3009,0.3009,720
carts_socket,1,cpu,carts,shipping,False,False,-0.1878,0.1878,720
carts_socket,1,cpu,orders,payment,False,True,0.2981,0.2981,719
carts_socket,1,cpu,orders,shipping,False,True,0.0747,0.0747,719
carts_socket,1,cpu,payment,shipping,True,False,0.2047,0.2047,720
carts_socket,1,mem,front-end,catalogue,False,True,0.1675,0.1675,720
carts_socket,1,mem,front-end,user,False,True,0.0639,0.0639,720
carts_socket,1,mem,front-end,carts,False,True,-0.0126,0.0126,720
carts_socket,1,mem,front-end,orders,False,True,-0.0862,0.0862,720
carts_socket,1,mem,front-end,payment,True,False,-0.0014,0.0014,720
carts_socket,1,mem,front-end,shipping,True,False,-0.0854,0.0854,720
carts_socket,1,mem,catalogue,user,False,False,-0.0561,0.0561,720
carts_socket,1,mem,catalogue,carts,False,False,-0.0703,0.0703,720
carts_socket,1,mem,catalogue,orders,False,False,0.2885,0.2885,720
carts_socket,1,mem,catalogue,payment,False,False,-0.0993,0.0993,720
carts_socket,1,mem,catalogue,shipping,False,False,0.1298,0.1298,720
carts_socket,1,mem,user,carts,True,False,0.3007,0.3007,720
carts_socket,1,mem,user,orders,True,True,-0.1435,0.1435,720
carts_socket,1,mem,user,payment,False,False,0.1908,0.1908,720
carts_socket,1,mem,user,shipping,False,False,-0.8439,0.8439,720
carts_socket,1,mem,carts,orders,True,True,-0.306,0.306,720
carts_socket,1,mem,carts,payment,False,False,0.6888,0.6888,720
carts_socket,1,mem,carts,shipping,False,False,-0.3581,0.3581,720
carts_socket,1,mem,orders,payment,False,True,-0.2498,0.2498,720
carts_socket,1,mem,orders,shipping,False,True,0.1175,0.1175,720
carts_socket,1,mem,payment,shipping,True,False,-0.2165,0.2165,720
carts_socket,2,cpu,front-end,catalogue,False,True,-0.0369,0.0369,720
carts_socket,2,cpu,front-end,user,False,True,-0.0096,0.0096,720
carts_socket,2,cpu,front-end,carts,False,True,0.0402,0.0402,720
carts_socket,2,cpu,front-end,orders,False,True,0.1025,0.1025,720
carts_socket,2,cpu,front-end,payment,False,False,0.0166,0.0166,720
carts_socket,2,cpu,front-end,shipping,True,False,0.0062,0.0062,720
carts_socket,2,cpu,catalogue,user,False,False,0.0626,0.0626,720
carts_socket,2,cpu,catalogue,carts,True,False,0.269,0.269,720
carts_socket,2,cpu,catalogue,orders,False,False,0.191,0.191,720
carts_socket,2,cpu,catalogue,payment,True,False,-0.0663,0.0663,720
carts_socket,2,cpu,catalogue,shipping,False,False,0.0799,0.0799,720
carts_socket,2,cpu,user,carts,False,False,0.1376,0.1376,720
carts_socket,2,cpu,user,orders,True,True,0.2402,0.2402,720
carts_socket,2,cpu,user,payment,False,False,0.139,0.139,720
carts_socket,2,cpu,user,shipping,False,False,0.2526,0.2526,720
carts_socket,2,cpu,carts,orders,False,True,0.504,0.504,720
carts_socket,2,cpu,carts,payment,True,False,0.2491,0.2491,720
carts_socket,2,cpu,carts,shipping,False,False,0.5227,0.5227,720
carts_socket,2,cpu,orders,payment,False,True,0.1635,0.1635,720
carts_socket,2,cpu,orders,shipping,False,True,0.5051,0.5051,720
carts_socket,2,cpu,payment,shipping,False,False,0.2018,0.2018,720
carts_socket,2,mem,front-end,catalogue,False,True,0.0824,0.0824,720
carts_socket,2,mem,front-end,user,False,True,0.1113,0.1113,720
carts_socket,2,mem,front-end,carts,False,True,-0.0712,0.0712,720
carts_socket,2,mem,front-end,orders,False,True,-0.0532,0.0532,720
carts_socket,2,mem,front-end,payment,False,False,-0.0386,0.0386,720
carts_socket,2,mem,front-end,shipping,True,False,-0.0637,0.0637,720
carts_socket,2,mem,catalogue,user,False,False,0.8473,0.8473,720
carts_socket,2,mem,catalogue,carts,True,False,-0.377,0.377,720
carts_socket,2,mem,catalogue,orders,False,False,0.3282,0.3282,720
carts_socket,2,mem,catalogue,payment,True,False,0.2942,0.2942,720
carts_socket,2,mem,catalogue,shipping,False,False,-0.5187,0.5187,720
carts_socket,2,mem,user,carts,False,False,-0.4023,0.4023,720
carts_socket,2,mem,user,orders,True,True,0.4035,0.4035,720
carts_socket,2,mem,user,payment,False,False,0.2982,0.2982,720
carts_socket,2,mem,user,shipping,False,False,-0.5724,0.5724,720
carts_socket,2,mem,carts,orders,False,True,0.4124,0.4124,720
carts_socket,2,mem,carts,payment,True,False,-0.206,0.206,720
carts_socket,2,mem,carts,shipping,False,False,0.5877,0.5877,720
carts_socket,2,mem,orders,payment,False,True,-0.0278,0.0278,720
carts_socket,2,mem,orders,shipping,False,True,0.3229,0.3229,720
carts_socket,2,mem,payment,shipping,False,False,-0.4275,0.4275,720
carts_socket,3,cpu,front-end,catalogue,False,True,0.1281,0.1281,720
carts_socket,3,cpu,front-end,user,False,True,0.1693,0.1693,720
carts_socket,3,cpu,front-end,carts,False,True,0.0553,0.0553,720
carts_socket,3,cpu,front-end,orders,False,True,0.2134,0.2134,720
carts_socket,3,cpu,front-end,payment,False,False,0.3126,0.3126,720
carts_socket,3,cpu,front-end,shipping,True,False,0.1579,0.1579,720
carts_socket,3,cpu,catalogue,user,False,False,0.1519,0.1519,720
carts_socket,3,cpu,catalogue,carts,True,False,0.02,0.02,720
carts_socket,3,cpu,catalogue,orders,False,False,0.1633,0.1633,720
carts_socket,3,cpu,catalogue,payment,True,False,0.1443,0.1443,720
carts_socket,3,cpu,catalogue,shipping,False,False,0.0488,0.0488,720
carts_socket,3,cpu,user,carts,False,False,0.0095,0.0095,720
carts_socket,3,cpu,user,orders,True,True,0.1021,0.1021,720
carts_socket,3,cpu,user,payment,False,False,0.2566,0.2566,720
carts_socket,3,cpu,user,shipping,False,False,0.1064,0.1064,720
carts_socket,3,cpu,carts,orders,False,True,0.1124,0.1124,720
carts_socket,3,cpu,carts,payment,True,False,0.0289,0.0289,720
carts_socket,3,cpu,carts,shipping,False,False,0.2667,0.2667,720
carts_socket,3,cpu,orders,payment,False,True,-0.0024,0.0024,720
carts_socket,3,cpu,orders,shipping,False,True,0.476,0.476,720
carts_socket,3,cpu,payment,shipping,False,False,0.0183,0.0183,720
carts_socket,3,mem,front-end,catalogue,False,True,-0.1241,0.1241,720
carts_socket,3,mem,front-end,user,False,True,0.2175,0.2175,720
carts_socket,3,mem,front-end,carts,False,True,0.1731,0.1731,720
carts_socket,3,mem,front-end,orders,False,True,-0.06,0.06,720
carts_socket,3,mem,front-end,payment,False,False,0.0909,0.0909,720
carts_socket,3,mem,front-end,shipping,True,False,0.0959,0.0959,720
carts_socket,3,mem,catalogue,user,False,False,-0.2578,0.2578,720
carts_socket,3,mem,catalogue,carts,True,False,-0.3476,0.3476,720
carts_socket,3,mem,catalogue,orders,False,False,0.6896,0.6896,720
carts_socket,3,mem,catalogue,payment,True,False,-0.5136,0.5136,720
carts_socket,3,mem,catalogue,shipping,False,False,-0.322,0.322,720
carts_socket,3,mem,user,carts,False,False,0.3507,0.3507,720
carts_socket,3,mem,user,orders,True,True,-0.2923,0.2923,720
carts_socket,3,mem,user,payment,False,False,0.2271,0.2271,720
carts_socket,3,mem,user,shipping,False,False,0.2136,0.2136,720
carts_socket,3,mem,carts,orders,False,True,-0.2763,0.2763,720
carts_socket,3,mem,carts,payment,True,False,0.174,0.174,720
carts_socket,3,mem,carts,shipping,False,False,0.1151,0.1151,720
carts_socket,3,mem,orders,payment,False,True,-0.7134,0.7134,720
carts_socket,3,mem,orders,shipping,False,True,-0.8049,0.8049,720
carts_socket,3,mem,payment,shipping,False,False,0.5745,0.5745,720
catalogue_cpu,1,cpu,front-end,catalogue,False,True,0.2874,0.2874,593
catalogue_cpu,1,cpu,front-end,user,False,True,-0.0815,0.0815,593
catalogue_cpu,1,cpu,front-end,carts,False,True,0.1374,0.1374,593
catalogue_cpu,1,cpu,front-end,orders,False,True,0.3503,0.3503,593
catalogue_cpu,1,cpu,front-end,payment,True,False,-0.0633,0.0633,593
catalogue_cpu,1,cpu,front-end,shipping,True,False,-0.1541,0.1541,593
catalogue_cpu,1,cpu,catalogue,user,False,False,0.3939,0.3939,720
catalogue_cpu,1,cpu,catalogue,carts,False,False,0.5744,0.5744,720
catalogue_cpu,1,cpu,catalogue,orders,False,False,0.2303,0.2303,720
catalogue_cpu,1,cpu,catalogue,payment,False,False,0.3741,0.3741,720
catalogue_cpu,1,cpu,catalogue,shipping,False,False,-0.017,0.017,720
catalogue_cpu,1,cpu,user,carts,True,False,0.7718,0.7718,720
catalogue_cpu,1,cpu,user,orders,True,True,0.4908,0.4908,720
catalogue_cpu,1,cpu,user,payment,False,False,0.4773,0.4773,720
catalogue_cpu,1,cpu,user,shipping,False,False,0.0954,0.0954,720
catalogue_cpu,1,cpu,carts,orders,True,True,0.5221,0.5221,720
catalogue_cpu,1,cpu,carts,payment,False,False,0.5137,0.5137,720
catalogue_cpu,1,cpu,carts,shipping,False,False,0.0464,0.0464,720
catalogue_cpu,1,cpu,orders,payment,False,True,0.23,0.23,720
catalogue_cpu,1,cpu,orders,shipping,False,True,-0.0125,0.0125,720
catalogue_cpu,1,cpu,payment,shipping,True,False,0.2423,0.2423,720
catalogue_cpu,1,mem,front-end,catalogue,False,True,0.487,0.487,703
catalogue_cpu,1,mem,front-end,user,False,True,0.3927,0.3927,703
catalogue_cpu,1,mem,front-end,carts,False,True,0.3685,0.3685,703
catalogue_cpu,1,mem,front-end,orders,False,True,-0.4214,0.4214,703
catalogue_cpu,1,mem,front-end,payment,True,False,0.4637,0.4637,703
catalogue_cpu,1,mem,front-end,shipping,True,False,0.0696,0.0696,703
catalogue_cpu,1,mem,catalogue,user,False,False,0.8349,0.8349,720
catalogue_cpu,1,mem,catalogue,carts,False,False,0.8269,0.8269,720
catalogue_cpu,1,mem,catalogue,orders,False,False,-0.7898,0.7898,720
catalogue_cpu,1,mem,catalogue,payment,False,False,0.9069,0.9069,720
catalogue_cpu,1,mem,catalogue,shipping,False,False,0.2525,0.2525,720
catalogue_cpu,1,mem,user,carts,True,False,0.6832,0.6832,720
catalogue_cpu,1,mem,user,orders,True,True,-0.7182,0.7182,720
catalogue_cpu,1,mem,user,payment,False,False,0.7427,0.7427,720
catalogue_cpu,1,mem,user,shipping,False,False,0.163,0.163,720
catalogue_cpu,1,mem,carts,orders,True,True,-0.6641,0.6641,720
catalogue_cpu,1,mem,carts,payment,False,False,0.9175,0.9175,720
catalogue_cpu,1,mem,carts,shipping,False,False,0.4377,0.4377,720
catalogue_cpu,1,mem,orders,payment,False,True,-0.7472,0.7472,720
catalogue_cpu,1,mem,orders,shipping,False,True,-0.1917,0.1917,720
catalogue_cpu,1,mem,payment,shipping,True,False,0.343,0.343,720
catalogue_cpu,2,cpu,front-end,catalogue,False,True,0.1763,0.1763,538
catalogue_cpu,2,cpu,front-end,user,False,True,-0.1411,0.1411,538
catalogue_cpu,2,cpu,front-end,carts,False,True,-0.1214,0.1214,538
catalogue_cpu,2,cpu,front-end,orders,False,True,0.0364,0.0364,538
catalogue_cpu,2,cpu,front-end,payment,False,False,-0.1488,0.1488,538
catalogue_cpu,2,cpu,front-end,shipping,True,False,-0.2299,0.2299,538
catalogue_cpu,2,cpu,catalogue,user,True,False,0.0471,0.0471,720
catalogue_cpu,2,cpu,catalogue,carts,True,False,0.0278,0.0278,720
catalogue_cpu,2,cpu,catalogue,orders,True,False,0.0329,0.0329,720
catalogue_cpu,2,cpu,catalogue,payment,False,False,0.1469,0.1469,720
catalogue_cpu,2,cpu,catalogue,shipping,False,False,-0.0038,0.0038,720
catalogue_cpu,2,cpu,user,carts,True,False,0.2162,0.2162,720
catalogue_cpu,2,cpu,user,orders,True,True,0.0897,0.0897,720
catalogue_cpu,2,cpu,user,payment,False,False,0.5909,0.5909,720
catalogue_cpu,2,cpu,user,shipping,False,False,0.2332,0.2332,720
catalogue_cpu,2,cpu,carts,orders,True,True,0.0931,0.0931,720
catalogue_cpu,2,cpu,carts,payment,False,False,-0.0093,0.0093,720
catalogue_cpu,2,cpu,carts,shipping,False,False,-0.0091,0.0091,720
catalogue_cpu,2,cpu,orders,payment,False,True,0.0834,0.0834,720
catalogue_cpu,2,cpu,orders,shipping,False,True,-0.1364,0.1364,720
catalogue_cpu,2,cpu,payment,shipping,False,False,0.1162,0.1162,720
catalogue_cpu,2,mem,front-end,catalogue,False,True,0.3929,0.3929,699
catalogue_cpu,2,mem,front-end,user,False,True,0.3888,0.3888,699
catalogue_cpu,2,mem,front-end,carts,False,True,0.253,0.253,699
catalogue_cpu,2,mem,front-end,orders,False,True,0.3237,0.3237,699
catalogue_cpu,2,mem,front-end,payment,False,False,0.323,0.323,699
catalogue_cpu,2,mem,front-end,shipping,True,False,0.2091,0.2091,699
catalogue_cpu,2,mem,catalogue,user,True,False,0.6469,0.6469,720
catalogue_cpu,2,mem,catalogue,carts,True,False,0.6841,0.6841,720
catalogue_cpu,2,mem,catalogue,orders,True,False,0.7871,0.7871,720
catalogue_cpu,2,mem,catalogue,payment,False,False,0.854,0.854,720
catalogue_cpu,2,mem,catalogue,shipping,False,False,0.6419,0.6419,720
catalogue_cpu,2,mem,user,carts,True,False,0.6913,0.6913,720
catalogue_cpu,2,mem,user,orders,True,True,0.5394,0.5394,720
catalogue_cpu,2,mem,user,payment,False,False,0.7029,0.7029,720
catalogue_cpu,2,mem,user,shipping,False,False,0.6047,0.6047,720
catalogue_cpu,2,mem,carts,orders,True,True,0.7201,0.7201,720
catalogue_cpu,2,mem,carts,payment,False,False,0.8467,0.8467,720
catalogue_cpu,2,mem,carts,shipping,False,False,0.9548,0.9548,720
catalogue_cpu,2,mem,orders,payment,False,True,0.8723,0.8723,720
catalogue_cpu,2,mem,orders,shipping,False,True,0.7261,0.7261,720
catalogue_cpu,2,mem,payment,shipping,False,False,0.8096,0.8096,720
catalogue_cpu,3,cpu,front-end,catalogue,False,True,0.0696,0.0696,720
catalogue_cpu,3,cpu,front-end,user,False,True,0.1103,0.1103,720
catalogue_cpu,3,cpu,front-end,carts,False,True,0.0692,0.0692,717
catalogue_cpu,3,cpu,front-end,orders,False,True,-0.0811,0.0811,719
catalogue_cpu,3,cpu,front-end,payment,False,False,-0.0211,0.0211,720
catalogue_cpu,3,cpu,front-end,shipping,True,False,0.1138,0.1138,720
catalogue_cpu,3,cpu,catalogue,user,True,False,-0.0032,0.0032,720
catalogue_cpu,3,cpu,catalogue,carts,True,False,-0.0373,0.0373,717
catalogue_cpu,3,cpu,catalogue,orders,True,False,-0.0273,0.0273,719
catalogue_cpu,3,cpu,catalogue,payment,False,False,-0.0086,0.0086,720
catalogue_cpu,3,cpu,catalogue,shipping,False,False,0.5745,0.5745,720
catalogue_cpu,3,cpu,user,carts,True,False,-0.0678,0.0678,717
catalogue_cpu,3,cpu,user,orders,True,True,0.0193,0.0193,719
catalogue_cpu,3,cpu,user,payment,False,False,-0.0744,0.0744,720
catalogue_cpu,3,cpu,user,shipping,False,False,-0.0288,0.0288,720
catalogue_cpu,3,cpu,carts,orders,True,True,-0.0269,0.0269,716
catalogue_cpu,3,cpu,carts,payment,False,False,0.0031,0.0031,717
catalogue_cpu,3,cpu,carts,shipping,False,False,-0.0809,0.0809,717
catalogue_cpu,3,cpu,orders,payment,False,True,0.1676,0.1676,719
catalogue_cpu,3,cpu,orders,shipping,False,True,-0.0493,0.0493,719
catalogue_cpu,3,cpu,payment,shipping,False,False,-0.0565,0.0565,720
catalogue_cpu,3,mem,front-end,catalogue,False,True,0.1119,0.1119,720
catalogue_cpu,3,mem,front-end,user,False,True,-0.0251,0.0251,720
catalogue_cpu,3,mem,front-end,carts,False,True,0.021,0.021,720
catalogue_cpu,3,mem,front-end,orders,False,True,-0.1403,0.1403,720
catalogue_cpu,3,mem,front-end,payment,False,False,-0.1681,0.1681,720
catalogue_cpu,3,mem,front-end,shipping,True,False,-0.0754,0.0754,720
catalogue_cpu,3,mem,catalogue,user,True,False,-0.112,0.112,720
catalogue_cpu,3,mem,catalogue,carts,True,False,0.3976,0.3976,720
catalogue_cpu,3,mem,catalogue,orders,True,False,-0.4804,0.4804,720
catalogue_cpu,3,mem,catalogue,payment,False,False,0.1475,0.1475,720
catalogue_cpu,3,mem,catalogue,shipping,False,False,-0.3476,0.3476,720
catalogue_cpu,3,mem,user,carts,True,False,-0.2823,0.2823,720
catalogue_cpu,3,mem,user,orders,True,True,0.1217,0.1217,720
catalogue_cpu,3,mem,user,payment,False,False,0.4599,0.4599,720
catalogue_cpu,3,mem,user,shipping,False,False,0.5419,0.5419,720
catalogue_cpu,3,mem,carts,orders,True,True,-0.2081,0.2081,720
catalogue_cpu,3,mem,carts,payment,False,False,-0.1041,0.1041,720
catalogue_cpu,3,mem,carts,shipping,False,False,-0.3016,0.3016,720
catalogue_cpu,3,mem,orders,payment,False,True,-0.1337,0.1337,720
catalogue_cpu,3,mem,orders,shipping,False,True,0.6268,0.6268,720
catalogue_cpu,3,mem,payment,shipping,False,False,0.1308,0.1308,720
catalogue_delay,1,cpu,front-end,catalogue,False,True,0.0376,0.0376,718
catalogue_delay,1,cpu,front-end,user,False,True,0.0719,0.0719,720
catalogue_delay,1,cpu,front-end,carts,False,True,-0.1052,0.1052,720
catalogue_delay,1,cpu,front-end,orders,False,True,0.1926,0.1926,720
catalogue_delay,1,cpu,front-end,payment,True,False,0.0057,0.0057,720
catalogue_delay,1,cpu,front-end,shipping,True,False,0.0499,0.0499,720
catalogue_delay,1,cpu,catalogue,user,False,False,0.1162,0.1162,718
catalogue_delay,1,cpu,catalogue,carts,False,False,-0.0323,0.0323,718
catalogue_delay,1,cpu,catalogue,orders,False,False,0.1479,0.1479,718
catalogue_delay,1,cpu,catalogue,payment,False,False,0.0031,0.0031,718
catalogue_delay,1,cpu,catalogue,shipping,False,False,0.0228,0.0228,718
catalogue_delay,1,cpu,user,carts,True,False,-0.0075,0.0075,720
catalogue_delay,1,cpu,user,orders,True,True,0.1483,0.1483,720
catalogue_delay,1,cpu,user,payment,False,False,0.1901,0.1901,720
catalogue_delay,1,cpu,user,shipping,False,False,-0.0854,0.0854,720
catalogue_delay,1,cpu,carts,orders,True,True,0.0778,0.0778,720
catalogue_delay,1,cpu,carts,payment,False,False,0.1147,0.1147,720
catalogue_delay,1,cpu,carts,shipping,False,False,0.0183,0.0183,720
catalogue_delay,1,cpu,orders,payment,False,True,0.0539,0.0539,720
catalogue_delay,1,cpu,orders,shipping,False,True,-0.1325,0.1325,720
catalogue_delay,1,cpu,payment,shipping,True,False,0.1706,0.1706,720
catalogue_delay,1,mem,front-end,catalogue,False,True,-0.2503,0.2503,720
catalogue_delay,1,mem,front-end,user,False,True,-0.2105,0.2105,720
catalogue_delay,1,mem,front-end,carts,False,True,-0.3043,0.3043,720
catalogue_delay,1,mem,front-end,orders,False,True,-0.095,0.095,720
catalogue_delay,1,mem,front-end,payment,True,False,0.0876,0.0876,720
catalogue_delay,1,mem,front-end,shipping,True,False,-0.2724,0.2724,720
catalogue_delay,1,mem,catalogue,user,False,False,0.2153,0.2153,720
catalogue_delay,1,mem,catalogue,carts,False,False,0.4131,0.4131,720
catalogue_delay,1,mem,catalogue,orders,False,False,0.0621,0.0621,720
catalogue_delay,1,mem,catalogue,payment,False,False,0.2027,0.2027,720
catalogue_delay,1,mem,catalogue,shipping,False,False,0.1494,0.1494,720
catalogue_delay,1,mem,user,carts,True,False,0.3616,0.3616,720
catalogue_delay,1,mem,user,orders,True,True,0.1285,0.1285,720
catalogue_delay,1,mem,user,payment,False,False,0.14,0.14,720
catalogue_delay,1,mem,user,shipping,False,False,0.2035,0.2035,720
catalogue_delay,1,mem,carts,orders,True,True,0.0535,0.0535,720
catalogue_delay,1,mem,carts,payment,False,False,0.0569,0.0569,720
catalogue_delay,1,mem,carts,shipping,False,False,0.282,0.282,720
catalogue_delay,1,mem,orders,payment,False,True,0.1636,0.1636,720
catalogue_delay,1,mem,orders,shipping,False,True,0.1012,0.1012,720
catalogue_delay,1,mem,payment,shipping,True,False,0.0429,0.0429,720
catalogue_delay,2,cpu,front-end,catalogue,False,True,-0.0113,0.0113,720
catalogue_delay,2,cpu,front-end,user,False,True,-0.1036,0.1036,720
catalogue_delay,2,cpu,front-end,carts,False,True,-0.0156,0.0156,720
catalogue_delay,2,cpu,front-end,orders,False,True,-0.0867,0.0867,720
catalogue_delay,2,cpu,front-end,payment,False,False,-0.1297,0.1297,720
catalogue_delay,2,cpu,front-end,shipping,False,False,-0.0495,0.0495,720
catalogue_delay,2,cpu,catalogue,user,False,False,-0.0074,0.0074,720
catalogue_delay,2,cpu,catalogue,carts,True,False,-0.0364,0.0364,720
catalogue_delay,2,cpu,catalogue,orders,False,False,-0.0554,0.0554,720
catalogue_delay,2,cpu,catalogue,payment,False,False,0.0118,0.0118,720
catalogue_delay,2,cpu,catalogue,shipping,True,False,-0.05,0.05,720
catalogue_delay,2,cpu,user,carts,False,False,0.1098,0.1098,720
catalogue_delay,2,cpu,user,orders,True,True,0.0348,0.0348,720
catalogue_delay,2,cpu,user,payment,True,False,0.194,0.194,720
catalogue_delay,2,cpu,user,shipping,False,False,0.1902,0.1902,720
catalogue_delay,2,cpu,carts,orders,False,True,0.0396,0.0396,720
catalogue_delay,2,cpu,carts,payment,False,False,-0.0118,0.0118,720
catalogue_delay,2,cpu,carts,shipping,True,False,0.1041,0.1041,720
catalogue_delay,2,cpu,orders,payment,True,True,0.1157,0.1157,720
catalogue_delay,2,cpu,orders,shipping,False,True,0.3112,0.3112,720
catalogue_delay,2,cpu,payment,shipping,False,False,0.2394,0.2394,720
catalogue_delay,2,mem,front-end,catalogue,False,True,0.0875,0.0875,720
catalogue_delay,2,mem,front-end,user,False,True,-0.1744,0.1744,720
catalogue_delay,2,mem,front-end,carts,False,True,0.077,0.077,720
catalogue_delay,2,mem,front-end,orders,False,True,-0.0385,0.0385,720
catalogue_delay,2,mem,front-end,payment,False,False,0.1086,0.1086,720
catalogue_delay,2,mem,front-end,shipping,False,False,0.1419,0.1419,720
catalogue_delay,2,mem,catalogue,user,False,False,0.1695,0.1695,720
catalogue_delay,2,mem,catalogue,carts,True,False,0.0685,0.0685,720
catalogue_delay,2,mem,catalogue,orders,False,False,-0.07,0.07,720
catalogue_delay,2,mem,catalogue,payment,False,False,-0.0997,0.0997,720
catalogue_delay,2,mem,catalogue,shipping,True,False,0.1793,0.1793,720
catalogue_delay,2,mem,user,carts,False,False,0.3731,0.3731,720
catalogue_delay,2,mem,user,orders,True,True,-0.4779,0.4779,720
catalogue_delay,2,mem,user,payment,True,False,-0.3361,0.3361,720
catalogue_delay,2,mem,user,shipping,False,False,0.1314,0.1314,720
catalogue_delay,2,mem,carts,orders,False,True,-0.6538,0.6538,720
catalogue_delay,2,mem,carts,payment,False,False,-0.4101,0.4101,720
catalogue_delay,2,mem,carts,shipping,True,False,0.5476,0.5476,720
catalogue_delay,2,mem,orders,payment,True,True,0.6407,0.6407,720
catalogue_delay,2,mem,orders,shipping,False,True,-0.5835,0.5835,720
catalogue_delay,2,mem,payment,shipping,False,False,-0.3916,0.3916,720
catalogue_delay,3,cpu,front-end,catalogue,False,True,0.0744,0.0744,720
catalogue_delay,3,cpu,front-end,user,False,True,0.0679,0.0679,720
catalogue_delay,3,cpu,front-end,carts,False,True,0.0447,0.0447,720
catalogue_delay,3,cpu,front-end,orders,False,True,0.0541,0.0541,720
catalogue_delay,3,cpu,front-end,payment,False,False,-0.1128,0.1128,720
catalogue_delay,3,cpu,front-end,shipping,False,False,-0.0731,0.0731,720
catalogue_delay,3,cpu,catalogue,user,False,False,-0.137,0.137,720
catalogue_delay,3,cpu,catalogue,carts,True,False,0.4235,0.4235,720
catalogue_delay,3,cpu,catalogue,orders,False,False,0.3646,0.3646,720
catalogue_delay,3,cpu,catalogue,payment,False,False,-0.3762,0.3762,720
catalogue_delay,3,cpu,catalogue,shipping,True,False,0.4354,0.4354,720
catalogue_delay,3,cpu,user,carts,False,False,-0.0815,0.0815,720
catalogue_delay,3,cpu,user,orders,True,True,-0.2027,0.2027,720
catalogue_delay,3,cpu,user,payment,True,False,0.2252,0.2252,720
catalogue_delay,3,cpu,user,shipping,False,False,-0.1788,0.1788,720
catalogue_delay,3,cpu,carts,orders,False,True,0.6906,0.6906,720
catalogue_delay,3,cpu,carts,payment,False,False,-0.3725,0.3725,720
catalogue_delay,3,cpu,carts,shipping,True,False,0.3147,0.3147,720
catalogue_delay,3,cpu,orders,payment,True,True,-0.2982,0.2982,720
catalogue_delay,3,cpu,orders,shipping,False,True,0.4621,0.4621,720
catalogue_delay,3,cpu,payment,shipping,False,False,-0.3138,0.3138,720
catalogue_delay,3,mem,front-end,catalogue,False,True,0.2563,0.2563,720
catalogue_delay,3,mem,front-end,user,False,True,0.7325,0.7325,720
catalogue_delay,3,mem,front-end,carts,False,True,0.6475,0.6475,720
catalogue_delay,3,mem,front-end,orders,False,True,0.8071,0.8071,720
catalogue_delay,3,mem,front-end,payment,False,False,0.1665,0.1665,720
catalogue_delay,3,mem,front-end,shipping,False,False,0.8947,0.8947,720
catalogue_delay,3,mem,catalogue,user,False,False,0.5011,0.5011,720
catalogue_delay,3,mem,catalogue,carts,True,False,0.5513,0.5513,720
catalogue_delay,3,mem,catalogue,orders,False,False,0.1526,0.1526,720
catalogue_delay,3,mem,catalogue,payment,False,False,0.5535,0.5535,720
catalogue_delay,3,mem,catalogue,shipping,True,False,0.2118,0.2118,720
catalogue_delay,3,mem,user,carts,False,False,0.8827,0.8827,720
catalogue_delay,3,mem,user,orders,True,True,0.61,0.61,720
catalogue_delay,3,mem,user,payment,True,False,0.5467,0.5467,720
catalogue_delay,3,mem,user,shipping,False,False,0.6942,0.6942,720
catalogue_delay,3,mem,carts,orders,False,True,0.5901,0.5901,720
catalogue_delay,3,mem,carts,payment,False,False,0.6655,0.6655,720
catalogue_delay,3,mem,carts,shipping,True,False,0.6573,0.6573,720
catalogue_delay,3,mem,orders,payment,True,True,0.0164,0.0164,720
catalogue_delay,3,mem,orders,shipping,False,True,0.9179,0.9179,720
catalogue_delay,3,mem,payment,shipping,False,False,0.1125,0.1125,720
catalogue_disk,1,cpu,front-end,catalogue,False,True,0.3359,0.3359,718
catalogue_disk,1,cpu,front-end,user,False,True,0.1321,0.1321,720
catalogue_disk,1,cpu,front-end,carts,False,True,0.1639,0.1639,720
catalogue_disk,1,cpu,front-end,orders,False,True,0.2388,0.2388,720
catalogue_disk,1,cpu,front-end,payment,True,False,0.2729,0.2729,720
catalogue_disk,1,cpu,front-end,shipping,True,False,0.2484,0.2484,720
catalogue_disk,1,cpu,catalogue,user,False,False,0.375,0.375,718
catalogue_disk,1,cpu,catalogue,carts,False,False,0.3356,0.3356,718
catalogue_disk,1,cpu,catalogue,orders,False,False,0.3419,0.3419,718
catalogue_disk,1,cpu,catalogue,payment,False,False,0.3057,0.3057,718
catalogue_disk,1,cpu,catalogue,shipping,False,False,0.3579,0.3579,718
catalogue_disk,1,cpu,user,carts,True,False,0.36,0.36,720
catalogue_disk,1,cpu,user,orders,True,True,0.7333,0.7333,720
catalogue_disk,1,cpu,user,payment,False,False,0.5274,0.5274,720
catalogue_disk,1,cpu,user,shipping,False,False,0.605,0.605,720
catalogue_disk,1,cpu,carts,orders,True,True,0.3803,0.3803,720
catalogue_disk,1,cpu,carts,payment,False,False,0.2698,0.2698,720
catalogue_disk,1,cpu,carts,shipping,False,False,0.312,0.312,720
catalogue_disk,1,cpu,orders,payment,False,True,0.4944,0.4944,720
catalogue_disk,1,cpu,orders,shipping,False,True,0.6855,0.6855,720
catalogue_disk,1,cpu,payment,shipping,True,False,0.4911,0.4911,720
catalogue_disk,1,mem,front-end,catalogue,False,True,0.8894,0.8894,720
catalogue_disk,1,mem,front-end,user,False,True,-0.418,0.418,720
catalogue_disk,1,mem,front-end,carts,False,True,-0.4555,0.4555,720
catalogue_disk,1,mem,front-end,orders,False,True,-0.2417,0.2417,720
catalogue_disk,1,mem,front-end,payment,True,False,0.2287,0.2287,720
catalogue_disk,1,mem,front-end,shipping,True,False,0.1967,0.1967,720
catalogue_disk,1,mem,catalogue,user,False,False,-0.2213,0.2213,720
catalogue_disk,1,mem,catalogue,carts,False,False,-0.3641,0.3641,720
catalogue_disk,1,mem,catalogue,orders,False,False,-0.1199,0.1199,720
catalogue_disk,1,mem,catalogue,payment,False,False,0.2017,0.2017,720
catalogue_disk,1,mem,catalogue,shipping,False,False,0.2918,0.2918,720
catalogue_disk,1,mem,user,carts,True,False,0.2569,0.2569,720
catalogue_disk,1,mem,user,orders,True,True,-0.169,0.169,720
catalogue_disk,1,mem,user,payment,False,False,0.0195,0.0195,720
catalogue_disk,1,mem,user,shipping,False,False,-0.3496,0.3496,720
catalogue_disk,1,mem,carts,orders,True,True,0.2399,0.2399,720
catalogue_disk,1,mem,carts,payment,False,False,-0.3154,0.3154,720
catalogue_disk,1,mem,carts,shipping,False,False,-0.0104,0.0104,720
catalogue_disk,1,mem,orders,payment,False,True,-0.2468,0.2468,720
catalogue_disk,1,mem,orders,shipping,False,True,-0.0124,0.0124,720
catalogue_disk,1,mem,payment,shipping,True,False,0.1083,0.1083,720
catalogue_disk,2,cpu,front-end,catalogue,False,True,0.1957,0.1957,720
catalogue_disk,2,cpu,front-end,user,False,True,-0.0084,0.0084,719
catalogue_disk,2,cpu,front-end,carts,False,True,0.2527,0.2527,720
catalogue_disk,2,cpu,front-end,orders,False,True,0.2816,0.2816,720
catalogue_disk,2,cpu,front-end,payment,False,False,0.013,0.013,720
catalogue_disk,2,cpu,front-end,shipping,True,False,0.1165,0.1165,720
catalogue_disk,2,cpu,catalogue,user,True,False,-0.0166,0.0166,719
catalogue_disk,2,cpu,catalogue,carts,True,False,0.3673,0.3673,720
catalogue_disk,2,cpu,catalogue,orders,True,False,0.476,0.476,720
catalogue_disk,2,cpu,catalogue,payment,False,False,-0.3608,0.3608,720
catalogue_disk,2,cpu,catalogue,shipping,False,False,0.5278,0.5278,720
catalogue_disk,2,cpu,user,carts,True,False,-0.2146,0.2146,719
catalogue_disk,2,cpu,user,orders,True,True,-0.0499,0.0499,719
catalogue_disk,2,cpu,user,payment,False,False,0.2017,0.2017,719
catalogue_disk,2,cpu,user,shipping,False,False,0.0533,0.0533,719
catalogue_disk,2,cpu,carts,orders,True,True,0.596,0.596,720
catalogue_disk,2,cpu,carts,payment,False,False,-0.0744,0.0744,720
catalogue_disk,2,cpu,carts,shipping,False,False,0.368,0.368,720
catalogue_disk,2,cpu,orders,payment,False,True,-0.1487,0.1487,720
catalogue_disk,2,cpu,orders,shipping,False,True,0.6995,0.6995,720
catalogue_disk,2,cpu,payment,shipping,False,False,-0.1967,0.1967,720
catalogue_disk,2,mem,front-end,catalogue,False,True,0.3105,0.3105,720
catalogue_disk,2,mem,front-end,user,False,True,0.4959,0.4959,720
catalogue_disk,2,mem,front-end,carts,False,True,0.6747,0.6747,720
catalogue_disk,2,mem,front-end,orders,False,True,0.9473,0.9473,720
catalogue_disk,2,mem,front-end,payment,False,False,0.0958,0.0958,720
catalogue_disk,2,mem,front-end,shipping,True,False,0.9686,0.9686,720
catalogue_disk,2,mem,catalogue,user,True,False,0.5423,0.5423,720
catalogue_disk,2,mem,catalogue,carts,True,False,0.4914,0.4914,720
catalogue_disk,2,mem,catalogue,orders,True,False,0.3596,0.3596,720
catalogue_disk,2,mem,catalogue,payment,False,False,0.3694,0.3694,720
catalogue_disk,2,mem,catalogue,shipping,False,False,0.3412,0.3412,720
catalogue_disk,2,mem,user,carts,True,False,0.8489,0.8489,720
catalogue_disk,2,mem,user,orders,True,True,0.5988,0.5988,720
catalogue_disk,2,mem,user,payment,False,False,0.6966,0.6966,720
catalogue_disk,2,mem,user,shipping,False,False,0.548,0.548,720
catalogue_disk,2,mem,carts,orders,True,True,0.7541,0.7541,720
catalogue_disk,2,mem,carts,payment,False,False,0.5419,0.5419,720
catalogue_disk,2,mem,carts,shipping,False,False,0.6995,0.6995,720
catalogue_disk,2,mem,orders,payment,False,True,0.1853,0.1853,720
catalogue_disk,2,mem,orders,shipping,False,True,0.9501,0.9501,720
catalogue_disk,2,mem,payment,shipping,False,False,0.1086,0.1086,720
catalogue_disk,3,cpu,front-end,catalogue,False,True,0.0065,0.0065,720
catalogue_disk,3,cpu,front-end,user,False,True,-0.0425,0.0425,720
catalogue_disk,3,cpu,front-end,carts,False,True,0.083,0.083,720
catalogue_disk,3,cpu,front-end,orders,False,True,0.1061,0.1061,720
catalogue_disk,3,cpu,front-end,payment,False,False,0.0176,0.0176,720
catalogue_disk,3,cpu,front-end,shipping,False,False,0.1246,0.1246,720
catalogue_disk,3,cpu,catalogue,user,False,False,0.0275,0.0275,720
catalogue_disk,3,cpu,catalogue,carts,True,False,-0.0989,0.0989,720
catalogue_disk,3,cpu,catalogue,orders,False,False,-0.0094,0.0094,720
catalogue_disk,3,cpu,catalogue,payment,False,False,-0.1,0.1,720
catalogue_disk,3,cpu,catalogue,shipping,True,False,0.2055,0.2055,720
catalogue_disk,3,cpu,user,carts,False,False,0.0929,0.0929,720
catalogue_disk,3,cpu,user,orders,True,True,0.1382,0.1382,720
catalogue_disk,3,cpu,user,payment,True,False,0.0867,0.0867,720
catalogue_disk,3,cpu,user,shipping,False,False,0.1497,0.1497,720
catalogue_disk,3,cpu,carts,orders,False,True,0.0086,0.0086,720
catalogue_disk,3,cpu,carts,payment,False,False,-0.0966,0.0966,720
catalogue_disk,3,cpu,carts,shipping,True,False,0.4242,0.4242,720
catalogue_disk,3,cpu,orders,payment,True,True,0.2572,0.2572,720
catalogue_disk,3,cpu,orders,shipping,False,True,0.2533,0.2533,720
catalogue_disk,3,cpu,payment,shipping,False,False,0.0607,0.0607,720
catalogue_disk,3,mem,front-end,catalogue,False,True,-0.1066,0.1066,720
catalogue_disk,3,mem,front-end,user,False,True,-0.1179,0.1179,720
catalogue_disk,3,mem,front-end,carts,False,True,-0.1118,0.1118,720
catalogue_disk,3,mem,front-end,orders,False,True,-0.0537,0.0537,720
catalogue_disk,3,mem,front-end,payment,False,False,0.0003,0.0003,720
catalogue_disk,3,mem,front-end,shipping,False,False,-0.0377,0.0377,720
catalogue_disk,3,mem,catalogue,user,False,False,0.8514,0.8514,720
catalogue_disk,3,mem,catalogue,carts,True,False,0.7994,0.7994,720
catalogue_disk,3,mem,catalogue,orders,False,False,0.4367,0.4367,720
catalogue_disk,3,mem,catalogue,payment,False,False,0.4115,0.4115,720
catalogue_disk,3,mem,catalogue,shipping,True,False,0.8773,0.8773,720
catalogue_disk,3,mem,user,carts,False,False,0.7418,0.7418,720
catalogue_disk,3,mem,user,orders,True,True,0.4187,0.4187,720
catalogue_disk,3,mem,user,payment,True,False,0.3051,0.3051,720
catalogue_disk,3,mem,user,shipping,False,False,0.8096,0.8096,720
catalogue_disk,3,mem,carts,orders,False,True,0.3947,0.3947,720
catalogue_disk,3,mem,carts,payment,False,False,0.3738,0.3738,720
catalogue_disk,3,mem,carts,shipping,True,False,0.8146,0.8146,720
catalogue_disk,3,mem,orders,payment,True,True,-0.0308,0.0308,720
catalogue_disk,3,mem,orders,shipping,False,True,0.4782,0.4782,720
catalogue_disk,3,mem,payment,shipping,False,False,0.395,0.395,720
catalogue_loss,1,cpu,front-end,catalogue,False,True,0.1923,0.1923,720
catalogue_loss,1,cpu,front-end,user,False,True,0.1549,0.1549,720
catalogue_loss,1,cpu,front-end,carts,False,True,0.1575,0.1575,720
catalogue_loss,1,cpu,front-end,orders,False,True,0.1071,0.1071,720
catalogue_loss,1,cpu,front-end,payment,True,False,0.0503,0.0503,720
catalogue_loss,1,cpu,front-end,shipping,True,False,0.1633,0.1633,720
catalogue_loss,1,cpu,catalogue,user,False,False,0.0758,0.0758,720
catalogue_loss,1,cpu,catalogue,carts,False,False,0.1424,0.1424,720
catalogue_loss,1,cpu,catalogue,orders,False,False,0.05,0.05,720
catalogue_loss,1,cpu,catalogue,payment,False,False,-0.0172,0.0172,720
catalogue_loss,1,cpu,catalogue,shipping,False,False,0.1174,0.1174,720
catalogue_loss,1,cpu,user,carts,True,False,0.0228,0.0228,720
catalogue_loss,1,cpu,user,orders,True,True,0.1293,0.1293,720
catalogue_loss,1,cpu,user,payment,False,False,-0.0282,0.0282,720
catalogue_loss,1,cpu,user,shipping,False,False,0.0468,0.0468,720
catalogue_loss,1,cpu,carts,orders,True,True,-0.0698,0.0698,720
catalogue_loss,1,cpu,carts,payment,False,False,0.0665,0.0665,720
catalogue_loss,1,cpu,carts,shipping,False,False,0.0171,0.0171,720
catalogue_loss,1,cpu,orders,payment,False,True,-0.0755,0.0755,720
catalogue_loss,1,cpu,orders,shipping,False,True,0.0873,0.0873,720
catalogue_loss,1,cpu,payment,shipping,True,False,0.0128,0.0128,720
catalogue_loss,1,mem,front-end,catalogue,False,True,0.0819,0.0819,720
catalogue_loss,1,mem,front-end,user,False,True,0.0654,0.0654,720
catalogue_loss,1,mem,front-end,carts,False,True,0.0567,0.0567,720
catalogue_loss,1,mem,front-end,orders,False,True,0.0546,0.0546,720
catalogue_loss,1,mem,front-end,payment,True,False,0.0048,0.0048,720
catalogue_loss,1,mem,front-end,shipping,True,False,0.0972,0.0972,720
catalogue_loss,1,mem,catalogue,user,False,False,0.6812,0.6812,720
catalogue_loss,1,mem,catalogue,carts,False,False,-0.3453,0.3453,720
catalogue_loss,1,mem,catalogue,orders,False,False,0.0819,0.0819,720
catalogue_loss,1,mem,catalogue,payment,False,False,-0.141,0.141,720
catalogue_loss,1,mem,catalogue,shipping,False,False,0.6012,0.6012,720
catalogue_loss,1,mem,user,carts,True,False,-0.2332,0.2332,720
catalogue_loss,1,mem,user,orders,True,True,0.0691,0.0691,720
catalogue_loss,1,mem,user,payment,False,False,-0.1979,0.1979,720
catalogue_loss,1,mem,user,shipping,False,False,0.3611,0.3611,720
catalogue_loss,1,mem,carts,orders,True,True,-0.2317,0.2317,720
catalogue_loss,1,mem,carts,payment,False,False,-0.0341,0.0341,720
catalogue_loss,1,mem,carts,shipping,False,False,-0.5436,0.5436,720
catalogue_loss,1,mem,orders,payment,False,True,-0.0577,0.0577,720
catalogue_loss,1,mem,orders,shipping,False,True,0.3758,0.3758,720
catalogue_loss,1,mem,payment,shipping,True,False,-0.0111,0.0111,720
catalogue_loss,2,cpu,front-end,catalogue,False,True,0.1081,0.1081,720
catalogue_loss,2,cpu,front-end,user,False,True,0.2774,0.2774,720
catalogue_loss,2,cpu,front-end,carts,True,True,0.1034,0.1034,720
catalogue_loss,2,cpu,front-end,orders,True,True,0.4325,0.4325,720
catalogue_loss,2,cpu,front-end,payment,False,False,0.0501,0.0501,720
catalogue_loss,2,cpu,front-end,shipping,True,False,0.1335,0.1335,720
catalogue_loss,2,cpu,catalogue,user,False,False,0.1664,0.1664,720
catalogue_loss,2,cpu,catalogue,carts,False,False,-0.0151,0.0151,720
catalogue_loss,2,cpu,catalogue,orders,False,False,0.1042,0.1042,720
catalogue_loss,2,cpu,catalogue,payment,True,False,0.1007,0.1007,720
catalogue_loss,2,cpu,catalogue,shipping,False,False,0.1452,0.1452,720
catalogue_loss,2,cpu,user,carts,False,False,0.0643,0.0643,720
catalogue_loss,2,cpu,user,orders,False,True,0.5834,0.5834,720
catalogue_loss,2,cpu,user,payment,False,False,0.5093,0.5093,720
catalogue_loss,2,cpu,user,shipping,False,False,0.142,0.142,720
catalogue_loss,2,cpu,carts,orders,True,True,0.322,0.322,720
catalogue_loss,2,cpu,carts,payment,False,False,-0.1104,0.1104,720
catalogue_loss,2,cpu,carts,shipping,True,False,-0.051,0.051,720
catalogue_loss,2,cpu,orders,payment,False,True,0.3303,0.3303,720
catalogue_loss,2,cpu,orders,shipping,True,True,0.1031,0.1031,720
catalogue_loss,2,cpu,payment,shipping,False,False,0.0823,0.0823,720
catalogue_loss,2,mem,front-end,catalogue,False,True,0.8265,0.8265,720
catalogue_loss,2,mem,front-end,user,False,True,-0.8007,0.8007,720
catalogue_loss,2,mem,front-end,carts,True,True,-0.398,0.398,720
catalogue_loss,2,mem,front-end,orders,True,True,-0.6545,0.6545,720
catalogue_loss,2,mem,front-end,payment,False,False,-0.6358,0.6358,720
catalogue_loss,2,mem,front-end,shipping,True,False,-0.7062,0.7062,720
catalogue_loss,2,mem,catalogue,user,False,False,-0.6911,0.6911,720
catalogue_loss,2,mem,catalogue,carts,False,False,-0.2965,0.2965,720
catalogue_loss,2,mem,catalogue,orders,False,False,-0.4535,0.4535,720
catalogue_loss,2,mem,catalogue,payment,True,False,-0.5012,0.5012,720
catalogue_loss,2,mem,catalogue,shipping,False,False,-0.5117,0.5117,720
catalogue_loss,2,mem,user,carts,False,False,0.6052,0.6052,720
catalogue_loss,2,mem,user,orders,False,True,0.8387,0.8387,720
catalogue_loss,2,mem,user,payment,False,False,0.8854,0.8854,720
catalogue_loss,2,mem,user,shipping,False,False,0.9073,0.9073,720
catalogue_loss,2,mem,carts,orders,True,True,0.5641,0.5641,720
catalogue_loss,2,mem,carts,payment,False,False,0.7109,0.7109,720
catalogue_loss,2,mem,carts,shipping,True,False,0.6737,0.6737,720
catalogue_loss,2,mem,orders,payment,False,True,0.7132,0.7132,720
catalogue_loss,2,mem,orders,shipping,True,True,0.8055,0.8055,720
catalogue_loss,2,mem,payment,shipping,False,False,0.902,0.902,720
catalogue_loss,3,cpu,front-end,catalogue,False,True,0.1084,0.1084,720
catalogue_loss,3,cpu,front-end,user,False,True,0.128,0.128,720
catalogue_loss,3,cpu,front-end,carts,True,True,0.1332,0.1332,720
catalogue_loss,3,cpu,front-end,orders,True,True,0.2111,0.2111,720
catalogue_loss,3,cpu,front-end,payment,False,False,-0.1123,0.1123,720
catalogue_loss,3,cpu,front-end,shipping,True,False,0.0782,0.0782,720
catalogue_loss,3,cpu,catalogue,user,False,False,-0.2479,0.2479,720
catalogue_loss,3,cpu,catalogue,carts,False,False,0.2139,0.2139,720
catalogue_loss,3,cpu,catalogue,orders,False,False,-0.0938,0.0938,720
catalogue_loss,3,cpu,catalogue,payment,True,False,0.0567,0.0567,720
catalogue_loss,3,cpu,catalogue,shipping,False,False,-0.174,0.174,720
catalogue_loss,3,cpu,user,carts,False,False,0.0764,0.0764,720
catalogue_loss,3,cpu,user,orders,False,True,0.1149,0.1149,720
catalogue_loss,3,cpu,user,payment,False,False,-0.1233,0.1233,720
catalogue_loss,3,cpu,user,shipping,False,False,0.181,0.181,720
catalogue_loss,3,cpu,carts,orders,True,True,-0.0648,0.0648,720
catalogue_loss,3,cpu,carts,payment,False,False,0.1193,0.1193,720
catalogue_loss,3,cpu,carts,shipping,True,False,-0.128,0.128,720
catalogue_loss,3,cpu,orders,payment,False,True,-0.2228,0.2228,720
catalogue_loss,3,cpu,orders,shipping,True,True,0.5123,0.5123,720
catalogue_loss,3,cpu,payment,shipping,False,False,-0.1728,0.1728,720
catalogue_loss,3,mem,front-end,catalogue,False,True,0.1641,0.1641,720
catalogue_loss,3,mem,front-end,user,False,True,0.0943,0.0943,720
catalogue_loss,3,mem,front-end,carts,True,True,-0.1061,0.1061,720
catalogue_loss,3,mem,front-end,orders,True,True,-0.1238,0.1238,720
catalogue_loss,3,mem,front-end,payment,False,False,0.0562,0.0562,720
catalogue_loss,3,mem,front-end,shipping,True,False,-0.0301,0.0301,720
catalogue_loss,3,mem,catalogue,user,False,False,0.7682,0.7682,720
catalogue_loss,3,mem,catalogue,carts,False,False,-0.4593,0.4593,720
catalogue_loss,3,mem,catalogue,orders,False,False,-0.1697,0.1697,720
catalogue_loss,3,mem,catalogue,payment,True,False,0.9133,0.9133,720
catalogue_loss,3,mem,catalogue,shipping,False,False,-0.5515,0.5515,720
catalogue_loss,3,mem,user,carts,False,False,-0.7952,0.7952,720
catalogue_loss,3,mem,user,orders,False,True,-0.3222,0.3222,720
catalogue_loss,3,mem,user,payment,False,False,0.6422,0.6422,720
catalogue_loss,3,mem,user,shipping,False,False,-0.2639,0.2639,720
catalogue_loss,3,mem,carts,orders,True,True,0.5049,0.5049,720
catalogue_loss,3,mem,carts,payment,False,False,-0.3459,0.3459,720
catalogue_loss,3,mem,carts,shipping,True,False,-0.1132,0.1132,720
catalogue_loss,3,mem,orders,payment,False,True,-0.1049,0.1049,720
catalogue_loss,3,mem,orders,shipping,True,True,-0.3126,0.3126,720
catalogue_loss,3,mem,payment,shipping,False,False,-0.4878,0.4878,720
catalogue_mem,1,cpu,front-end,catalogue,True,True,0.0876,0.0876,720
catalogue_mem,1,cpu,front-end,user,False,True,0.182,0.182,720
catalogue_mem,1,cpu,front-end,carts,False,True,-0.0544,0.0544,720
catalogue_mem,1,cpu,front-end,orders,False,True,0.0629,0.0629,720
catalogue_mem,1,cpu,front-end,payment,False,False,-0.0408,0.0408,720
catalogue_mem,1,cpu,front-end,shipping,True,False,0.2287,0.2287,720
catalogue_mem,1,cpu,catalogue,user,False,False,0.1903,0.1903,720
catalogue_mem,1,cpu,catalogue,carts,False,False,0.2989,0.2989,720
catalogue_mem,1,cpu,catalogue,orders,False,False,-0.0165,0.0165,720
catalogue_mem,1,cpu,catalogue,payment,False,False,-0.0423,0.0423,720
catalogue_mem,1,cpu,catalogue,shipping,True,False,-0.0315,0.0315,720
catalogue_mem,1,cpu,user,carts,False,False,0.0957,0.0957,720
catalogue_mem,1,cpu,user,orders,True,True,-0.0105,0.0105,720
catalogue_mem,1,cpu,user,payment,True,False,-0.0428,0.0428,720
catalogue_mem,1,cpu,user,shipping,False,False,0.1227,0.1227,720
catalogue_mem,1,cpu,carts,orders,False,True,-0.0017,0.0017,720
catalogue_mem,1,cpu,carts,payment,False,False,-0.1924,0.1924,720
catalogue_mem,1,cpu,carts,shipping,False,False,-0.0651,0.0651,720
catalogue_mem,1,cpu,orders,payment,True,True,0.0887,0.0887,720
catalogue_mem,1,cpu,orders,shipping,False,True,0.3715,0.3715,720
catalogue_mem,1,cpu,payment,shipping,False,False,-0.1424,0.1424,720
catalogue_mem,1,mem,front-end,catalogue,True,True,-0.1189,0.1189,720
catalogue_mem,1,mem,front-end,user,False,True,-0.1068,0.1068,720
catalogue_mem,1,mem,front-end,carts,False,True,0.1313,0.1313,720
catalogue_mem,1,mem,front-end,orders,False,True,0.053,0.053,720
catalogue_mem,1,mem,front-end,payment,False,False,0.295,0.295,720
catalogue_mem,1,mem,front-end,shipping,True,False,0.1033,0.1033,720
catalogue_mem,1,mem,catalogue,user,False,False,0.5714,0.5714,720
catalogue_mem,1,mem,catalogue,carts,False,False,-0.5978,0.5978,720
catalogue_mem,1,mem,catalogue,orders,False,False,0.2594,0.2594,720
catalogue_mem,1,mem,catalogue,payment,False,False,-0.1859,0.1859,720
catalogue_mem,1,mem,catalogue,shipping,True,False,-0.088,0.088,720
catalogue_mem,1,mem,user,carts,False,False,-0.472,0.472,720
catalogue_mem,1,mem,user,orders,True,True,0.2942,0.2942,720
catalogue_mem,1,mem,user,payment,True,False,-0.1663,0.1663,720
catalogue_mem,1,mem,user,shipping,False,False,-0.1461,0.1461,720
catalogue_mem,1,mem,carts,orders,False,True,-0.0892,0.0892,720
catalogue_mem,1,mem,carts,payment,False,False,0.5396,0.5396,720
catalogue_mem,1,mem,carts,shipping,False,False,0.35,0.35,720
catalogue_mem,1,mem,orders,payment,True,True,0.3957,0.3957,720
catalogue_mem,1,mem,orders,shipping,False,True,0.4258,0.4258,720
catalogue_mem,1,mem,payment,shipping,False,False,0.4327,0.4327,720
catalogue_mem,2,cpu,front-end,catalogue,False,True,0.121,0.121,720
catalogue_mem,2,cpu,front-end,user,False,True,0.089,0.089,720
catalogue_mem,2,cpu,front-end,carts,False,True,0.2077,0.2077,720
catalogue_mem,2,cpu,front-end,orders,False,True,0.0081,0.0081,720
catalogue_mem,2,cpu,front-end,payment,False,False,-0.0285,0.0285,720
catalogue_mem,2,cpu,front-end,shipping,True,False,-0.1464,0.1464,719
catalogue_mem,2,cpu,catalogue,user,True,False,0.0711,0.0711,720
catalogue_mem,2,cpu,catalogue,carts,True,False,0.0567,0.0567,720
catalogue_mem,2,cpu,catalogue,orders,True,False,0.4733,0.4733,720
catalogue_mem,2,cpu,catalogue,payment,False,False,0.1628,0.1628,720
catalogue_mem,2,cpu,catalogue,shipping,False,False,0.1015,0.1015,719
catalogue_mem,2,cpu,user,carts,True,False,0.0401,0.0401,720
catalogue_mem,2,cpu,user,orders,True,True,0.0641,0.0641,720
catalogue_mem,2,cpu,user,payment,False,False,0.222,0.222,720
catalogue_mem,2,cpu,user,shipping,False,False,0.0507,0.0507,719
catalogue_mem,2,cpu,carts,orders,True,True,0.006,0.006,720
catalogue_mem,2,cpu,carts,payment,False,False,-0.1454,0.1454,720
catalogue_mem,2,cpu,carts,shipping,False,False,0.0686,0.0686,719
catalogue_mem,2,cpu,orders,payment,False,True,0.0757,0.0757,720
catalogue_mem,2,cpu,orders,shipping,False,True,0.5627,0.5627,719
catalogue_mem,2,cpu,payment,shipping,False,False,0.0764,0.0764,719
catalogue_mem,2,mem,front-end,catalogue,False,True,-0.1003,0.1003,720
catalogue_mem,2,mem,front-end,user,False,True,0.1215,0.1215,720
catalogue_mem,2,mem,front-end,carts,False,True,0.055,0.055,720
catalogue_mem,2,mem,front-end,orders,False,True,-0.1207,0.1207,720
catalogue_mem,2,mem,front-end,payment,False,False,0.2582,0.2582,720
catalogue_mem,2,mem,front-end,shipping,True,False,-0.1287,0.1287,720
catalogue_mem,2,mem,catalogue,user,True,False,-0.1848,0.1848,720
catalogue_mem,2,mem,catalogue,carts,True,False,-0.0318,0.0318,720
catalogue_mem,2,mem,catalogue,orders,True,False,0.2652,0.2652,720
catalogue_mem,2,mem,catalogue,payment,False,False,-0.4297,0.4297,720
catalogue_mem,2,mem,catalogue,shipping,False,False,0.3028,0.3028,720
catalogue_mem,2,mem,user,carts,True,False,0.2089,0.2089,720
catalogue_mem,2,mem,user,orders,True,True,-0.6804,0.6804,720
catalogue_mem,2,mem,user,payment,False,False,0.6616,0.6616,720
catalogue_mem,2,mem,user,shipping,False,False,-0.797,0.797,720
catalogue_mem,2,mem,carts,orders,True,True,-0.1686,0.1686,720
catalogue_mem,2,mem,carts,payment,False,False,0.2236,0.2236,720
catalogue_mem,2,mem,carts,shipping,False,False,-0.2801,0.2801,720
catalogue_mem,2,mem,orders,payment,False,True,-0.7396,0.7396,720
catalogue_mem,2,mem,orders,shipping,False,True,0.8195,0.8195,720
catalogue_mem,2,mem,payment,shipping,False,False,-0.779,0.779,720
catalogue_mem,3,cpu,front-end,catalogue,False,True,-0.1277,0.1277,720
catalogue_mem,3,cpu,front-end,user,False,True,0.2268,0.2268,720
catalogue_mem,3,cpu,front-end,carts,False,True,0.1229,0.1229,720
catalogue_mem,3,cpu,front-end,orders,False,True,-0.1646,0.1646,720
catalogue_mem,3,cpu,front-end,payment,False,False,0.2151,0.2151,720
catalogue_mem,3,cpu,front-end,shipping,True,False,-0.1197,0.1197,720
catalogue_mem,3,cpu,catalogue,user,True,False,0.0167,0.0167,720
catalogue_mem,3,cpu,catalogue,carts,True,False,-0.0764,0.0764,720
catalogue_mem,3,cpu,catalogue,orders,True,False,-0.071,0.071,720
catalogue_mem,3,cpu,catalogue,payment,False,False,0.0872,0.0872,720
catalogue_mem,3,cpu,catalogue,shipping,False,False,-0.0937,0.0937,720
catalogue_mem,3,cpu,user,carts,True,False,0.2036,0.2036,720
catalogue_mem,3,cpu,user,orders,True,True,-0.1879,0.1879,720
catalogue_mem,3,cpu,user,payment,False,False,0.179,0.179,720
catalogue_mem,3,cpu,user,shipping,False,False,-0.1006,0.1006,720
catalogue_mem,3,cpu,carts,orders,True,True,-0.0968,0.0968,720
catalogue_mem,3,cpu,carts,payment,False,False,0.0405,0.0405,720
catalogue_mem,3,cpu,carts,shipping,False,False,-0.0923,0.0923,720
catalogue_mem,3,cpu,orders,payment,False,True,-0.1115,0.1115,720
catalogue_mem,3,cpu,orders,shipping,False,True,0.7103,0.7103,720
catalogue_mem,3,cpu,payment,shipping,False,False,-0.1901,0.1901,720
catalogue_mem,3,mem,front-end,catalogue,False,True,-0.027,0.027,720
catalogue_mem,3,mem,front-end,user,False,True,-0.2027,0.2027,720
catalogue_mem,3,mem,front-end,carts,False,True,0.1383,0.1383,720
catalogue_mem,3,mem,front-end,orders,False,True,0.0076,0.0076,720
catalogue_mem,3,mem,front-end,payment,False,False,-0.2178,0.2178,720
catalogue_mem,3,mem,front-end,shipping,True,False,0.069,0.069,720
catalogue_mem,3,mem,catalogue,user,True,False,0.5527,0.5527,720
catalogue_mem,3,mem,catalogue,carts,True,False,0.0192,0.0192,720
catalogue_mem,3,mem,catalogue,orders,True,False,0.3797,0.3797,720
catalogue_mem,3,mem,catalogue,payment,False,False,-0.0654,0.0654,720
catalogue_mem,3,mem,catalogue,shipping,False,False,0.4724,0.4724,720
catalogue_mem,3,mem,user,carts,True,False,0.182,0.182,720
catalogue_mem,3,mem,user,orders,True,True,0.4454,0.4454,720
catalogue_mem,3,mem,user,payment,False,False,0.1373,0.1373,720
catalogue_mem,3,mem,user,shipping,False,False,0.4887,0.4887,720
catalogue_mem,3,mem,carts,orders,True,True,-0.0471,0.0471,720
catalogue_mem,3,mem,carts,payment,False,False,0.0867,0.0867,720
catalogue_mem,3,mem,carts,shipping,False,False,0.1882,0.1882,720
catalogue_mem,3,mem,orders,payment,False,True,-0.2513,0.2513,720
catalogue_mem,3,mem,orders,shipping,False,True,0.0234,0.0234,720
catalogue_mem,3,mem,payment,shipping,False,False,0.1886,0.1886,720
catalogue_socket,1,cpu,front-end,catalogue,False,True,0.0854,0.0854,720
catalogue_socket,1,cpu,front-end,user,False,True,-0.0389,0.0389,720
catalogue_socket,1,cpu,front-end,carts,False,True,0.0288,0.0288,720
catalogue_socket,1,cpu,front-end,orders,False,True,-0.0436,0.0436,720
catalogue_socket,1,cpu,front-end,payment,True,False,-0.0025,0.0025,720
catalogue_socket,1,cpu,front-end,shipping,True,False,0.0905,0.0905,720
catalogue_socket,1,cpu,catalogue,user,False,False,0.1492,0.1492,720
catalogue_socket,1,cpu,catalogue,carts,False,False,0.0413,0.0413,720
catalogue_socket,1,cpu,catalogue,orders,False,False,0.1315,0.1315,720
catalogue_socket,1,cpu,catalogue,payment,False,False,0.1495,0.1495,720
catalogue_socket,1,cpu,catalogue,shipping,False,False,-0.0244,0.0244,720
catalogue_socket,1,cpu,user,carts,True,False,-0.0374,0.0374,720
catalogue_socket,1,cpu,user,orders,True,True,0.1679,0.1679,720
catalogue_socket,1,cpu,user,payment,False,False,0.0069,0.0069,720
catalogue_socket,1,cpu,user,shipping,False,False,0.0025,0.0025,720
catalogue_socket,1,cpu,carts,orders,True,True,0.1636,0.1636,720
catalogue_socket,1,cpu,carts,payment,False,False,-0.0129,0.0129,720
catalogue_socket,1,cpu,carts,shipping,False,False,0.0652,0.0652,720
catalogue_socket,1,cpu,orders,payment,False,True,0.3012,0.3012,720
catalogue_socket,1,cpu,orders,shipping,False,True,0.0882,0.0882,720
catalogue_socket,1,cpu,payment,shipping,True,False,-0.0185,0.0185,720
catalogue_socket,1,mem,front-end,catalogue,False,True,0.1108,0.1108,720
catalogue_socket,1,mem,front-end,user,False,True,0.111,0.111,720
catalogue_socket,1,mem,front-end,carts,False,True,0.0748,0.0748,720
catalogue_socket,1,mem,front-end,orders,False,True,0.1186,0.1186,720
catalogue_socket,1,mem,front-end,payment,True,False,0.0563,0.0563,720
catalogue_socket,1,mem,front-end,shipping,True,False,-0.1237,0.1237,720
catalogue_socket,1,mem,catalogue,user,False,False,0.3059,0.3059,720
catalogue_socket,1,mem,catalogue,carts,False,False,0.5838,0.5838,720
catalogue_socket,1,mem,catalogue,orders,False,False,0.0794,0.0794,720
catalogue_socket,1,mem,catalogue,payment,False,False,-0.0935,0.0935,720
catalogue_socket,1,mem,catalogue,shipping,False,False,-0.201,0.201,720
catalogue_socket,1,mem,user,carts,True,False,0.3891,0.3891,720
catalogue_socket,1,mem,user,orders,True,True,-0.1398,0.1398,720
catalogue_socket,1,mem,user,payment,False,False,-0.2837,0.2837,720
catalogue_socket,1,mem,user,shipping,False,False,-0.3309,0.3309,720
catalogue_socket,1,mem,carts,orders,True,True,0.0538,0.0538,720
catalogue_socket,1,mem,carts,payment,False,False,0.0626,0.0626,720
catalogue_socket,1,mem,carts,shipping,False,False,-0.0396,0.0396,720
catalogue_socket,1,mem,orders,payment,False,True,0.0099,0.0099,720
catalogue_socket,1,mem,orders,shipping,False,True,0.0318,0.0318,720
catalogue_socket,1,mem,payment,shipping,True,False,0.1335,0.1335,720
catalogue_socket,2,cpu,front-end,catalogue,False,True,0.0289,0.0289,720
catalogue_socket,2,cpu,front-end,user,False,True,0.0653,0.0653,720
catalogue_socket,2,cpu,front-end,carts,False,True,0.0436,0.0436,720
catalogue_socket,2,cpu,front-end,orders,False,True,0.0005,0.0005,720
catalogue_socket,2,cpu,front-end,payment,False,False,0.2059,0.2059,720
catalogue_socket,2,cpu,front-end,shipping,False,False,0.0199,0.0199,720
catalogue_socket,2,cpu,catalogue,user,False,False,0.0144,0.0144,720
catalogue_socket,2,cpu,catalogue,carts,True,False,-0.0984,0.0984,720
catalogue_socket,2,cpu,catalogue,orders,False,False,-0.1222,0.1222,720
catalogue_socket,2,cpu,catalogue,payment,False,False,0.0931,0.0931,720
catalogue_socket,2,cpu,catalogue,shipping,True,False,-0.0029,0.0029,720
catalogue_socket,2,cpu,user,carts,False,False,0.2085,0.2085,720
catalogue_socket,2,cpu,user,orders,True,True,0.1636,0.1636,720
catalogue_socket,2,cpu,user,payment,True,False,0.1452,0.1452,720
catalogue_socket,2,cpu,user,shipping,False,False,0.1672,0.1672,720
catalogue_socket,2,cpu,carts,orders,False,True,-0.0808,0.0808,720
catalogue_socket,2,cpu,carts,payment,False,False,0.1,0.1,720
catalogue_socket,2,cpu,carts,shipping,True,False,0.327,0.327,720
catalogue_socket,2,cpu,orders,payment,True,True,-0.0914,0.0914,720
catalogue_socket,2,cpu,orders,shipping,False,True,0.1606,0.1606,720
catalogue_socket,2,cpu,payment,shipping,False,False,-0.0585,0.0585,720
catalogue_socket,2,mem,front-end,catalogue,False,True,-0.1103,0.1103,720
catalogue_socket,2,mem,front-end,user,False,True,0.0397,0.0397,720
catalogue_socket,2,mem,front-end,carts,False,True,0.1105,0.1105,720
catalogue_socket,2,mem,front-end,orders,False,True,-0.0073,0.0073,720
catalogue_socket,2,mem,front-end,payment,False,False,-0.1917,0.1917,720
catalogue_socket,2,mem,front-end,shipping,False,False,-0.1356,0.1356,720
catalogue_socket,2,mem,catalogue,user,False,False,0.7264,0.7264,720
catalogue_socket,2,mem,catalogue,carts,True,False,-0.4686,0.4686,720
catalogue_socket,2,mem,catalogue,orders,False,False,0.7416,0.7416,720
catalogue_socket,2,mem,catalogue,payment,False,False,0.185,0.185,720
catalogue_socket,2,mem,catalogue,shipping,True,False,0.5833,0.5833,720
catalogue_socket,2,mem,user,carts,False,False,-0.5063,0.5063,720
catalogue_socket,2,mem,user,orders,True,True,0.6023,0.6023,720
catalogue_socket,2,mem,user,payment,True,False,0.201,0.201,720
catalogue_socket,2,mem,user,shipping,False,False,0.6309,0.6309,720
catalogue_socket,2,mem,carts,orders,False,True,-0.3277,0.3277,720
catalogue_socket,2,mem,carts,payment,False,False,-0.1057,0.1057,720
catalogue_socket,2,mem,carts,shipping,True,False,-0.8212,0.8212,720
catalogue_socket,2,mem,orders,payment,True,True,0.1575,0.1575,720
catalogue_socket,2,mem,orders,shipping,False,True,0.4942,0.4942,720
catalogue_socket,2,mem,payment,shipping,False,False,0.1768,0.1768,720
catalogue_socket,3,cpu,front-end,catalogue,False,True,0.0331,0.0331,720
catalogue_socket,3,cpu,front-end,user,False,True,0.0683,0.0683,720
catalogue_socket,3,cpu,front-end,carts,False,True,-0.1076,0.1076,720
catalogue_socket,3,cpu,front-end,orders,False,True,-0.0886,0.0886,720
catalogue_socket,3,cpu,front-end,payment,False,False,-0.0903,0.0903,720
catalogue_socket,3,cpu,front-end,shipping,False,False,-0.2328,0.2328,720
catalogue_socket,3,cpu,catalogue,user,False,False,0.0507,0.0507,720
catalogue_socket,3,cpu,catalogue,carts,True,False,0.0512,0.0512,720
catalogue_socket,3,cpu,catalogue,orders,False,False,-0.0177,0.0177,720
catalogue_socket,3,cpu,catalogue,payment,False,False,-0.0051,0.0051,720
catalogue_socket,3,cpu,catalogue,shipping,True,False,-0.1029,0.1029,720
catalogue_socket,3,cpu,user,carts,False,False,0.0842,0.0842,720
catalogue_socket,3,cpu,user,orders,True,True,0.0418,0.0418,720
catalogue_socket,3,cpu,user,payment,True,False,0.1583,0.1583,720
catalogue_socket,3,cpu,user,shipping,False,False,-0.1486,0.1486,720
catalogue_socket,3,cpu,carts,orders,False,True,0.2459,0.2459,720
catalogue_socket,3,cpu,carts,payment,False,False,-0.023,0.023,720
catalogue_socket,3,cpu,carts,shipping,True,False,0.3108,0.3108,720
catalogue_socket,3,cpu,orders,payment,True,True,0.0247,0.0247,720
catalogue_socket,3,cpu,orders,shipping,False,True,0.5659,0.5659,720
catalogue_socket,3,cpu,payment,shipping,False,False,-0.0033,0.0033,720
catalogue_socket,3,mem,front-end,catalogue,False,True,-0.143,0.143,720
catalogue_socket,3,mem,front-end,user,False,True,0.0657,0.0657,720
catalogue_socket,3,mem,front-end,carts,False,True,-0.1571,0.1571,720
catalogue_socket,3,mem,front-end,orders,False,True,0.0235,0.0235,720
catalogue_socket,3,mem,front-end,payment,False,False,-0.0854,0.0854,720
catalogue_socket,3,mem,front-end,shipping,False,False,-0.0161,0.0161,720
catalogue_socket,3,mem,catalogue,user,False,False,0.2746,0.2746,720
catalogue_socket,3,mem,catalogue,carts,True,False,0.0546,0.0546,720
catalogue_socket,3,mem,catalogue,orders,False,False,-0.3401,0.3401,720
catalogue_socket,3,mem,catalogue,payment,False,False,0.1547,0.1547,720
catalogue_socket,3,mem,catalogue,shipping,True,False,0.1217,0.1217,720
catalogue_socket,3,mem,user,carts,False,False,0.2505,0.2505,720
catalogue_socket,3,mem,user,orders,True,True,0.0935,0.0935,720
catalogue_socket,3,mem,user,payment,True,False,-0.1124,0.1124,720
catalogue_socket,3,mem,user,shipping,False,False,-0.0962,0.0962,720
catalogue_socket,3,mem,carts,orders,False,True,-0.1504,0.1504,720
catalogue_socket,3,mem,carts,payment,False,False,0.2902,0.2902,720
catalogue_socket,3,mem,carts,shipping,True,False,0.3551,0.3551,720
catalogue_socket,3,mem,orders,payment,True,True,-0.5936,0.5936,720
catalogue_socket,3,mem,orders,shipping,False,True,-0.6445,0.6445,720
catalogue_socket,3,mem,payment,shipping,False,False,0.5332,0.5332,720
orders_cpu,1,cpu,front-end,catalogue,False,True,-0.0933,0.0933,720
orders_cpu,1,cpu,front-end,user,False,True,0.0362,0.0362,720
orders_cpu,1,cpu,front-end,carts,False,True,0.0096,0.0096,720
orders_cpu,1,cpu,front-end,orders,False,True,0.0778,0.0778,720
orders_cpu,1,cpu,front-end,payment,True,False,0.0247,0.0247,720
orders_cpu,1,cpu,front-end,shipping,True,False,-0.0753,0.0753,720
orders_cpu,1,cpu,catalogue,user,False,False,-0.0632,0.0632,720
orders_cpu,1,cpu,catalogue,carts,False,False,0.0037,0.0037,720
orders_cpu,1,cpu,catalogue,orders,False,False,-0.0348,0.0348,720
orders_cpu,1,cpu,catalogue,payment,False,False,-0.0345,0.0345,720
orders_cpu,1,cpu,catalogue,shipping,False,False,-0.0868,0.0868,720
orders_cpu,1,cpu,user,carts,True,False,0.1368,0.1368,720
orders_cpu,1,cpu,user,orders,True,True,0.0273,0.0273,720
orders_cpu,1,cpu,user,payment,False,False,0.0506,0.0506,720
orders_cpu,1,cpu,user,shipping,False,False,0.0753,0.0753,720
orders_cpu,1,cpu,carts,orders,True,True,0.1144,0.1144,720
orders_cpu,1,cpu,carts,payment,False,False,-0.1625,0.1625,720
orders_cpu,1,cpu,carts,shipping,False,False,-0.0648,0.0648,720
orders_cpu,1,cpu,orders,payment,False,True,-0.1722,0.1722,720
orders_cpu,1,cpu,orders,shipping,False,True,0.0892,0.0892,720
orders_cpu,1,cpu,payment,shipping,True,False,0.0332,0.0332,720
orders_cpu,1,mem,front-end,catalogue,False,True,-0.044,0.044,720
orders_cpu,1,mem,front-end,user,False,True,0.0935,0.0935,720
orders_cpu,1,mem,front-end,carts,False,True,-0.0701,0.0701,720
orders_cpu,1,mem,front-end,orders,False,True,-0.1813,0.1813,720
orders_cpu,1,mem,front-end,payment,True,False,-0.0528,0.0528,720
orders_cpu,1,mem,front-end,shipping,True,False,-0.0116,0.0116,720
orders_cpu,1,mem,catalogue,user,False,False,0.5283,0.5283,720
orders_cpu,1,mem,catalogue,carts,False,False,0.0973,0.0973,720
orders_cpu,1,mem,catalogue,orders,False,False,0.0822,0.0822,720
orders_cpu,1,mem,catalogue,payment,False,False,0.4337,0.4337,720
orders_cpu,1,mem,catalogue,shipping,False,False,0.1031,0.1031,720
orders_cpu,1,mem,user,carts,True,False,0.2747,0.2747,720
orders_cpu,1,mem,user,orders,True,True,0.2235,0.2235,720
orders_cpu,1,mem,user,payment,False,False,0.7419,0.7419,720
orders_cpu,1,mem,user,shipping,False,False,0.0767,0.0767,720
orders_cpu,1,mem,carts,orders,True,True,0.2195,0.2195,720
orders_cpu,1,mem,carts,payment,False,False,0.1481,0.1481,720
orders_cpu,1,mem,carts,shipping,False,False,0.2268,0.2268,720
orders_cpu,1,mem,orders,payment,False,True,0.2026,0.2026,720
orders_cpu,1,mem,orders,shipping,False,True,0.0301,0.0301,720
orders_cpu,1,mem,payment,shipping,True,False,0.1233,0.1233,720
orders_cpu,2,cpu,front-end,catalogue,True,True,0.1255,0.1255,720
orders_cpu,2,cpu,front-end,user,False,True,-0.0236,0.0236,720
orders_cpu,2,cpu,front-end,carts,False,True,-0.0205,0.0205,720
orders_cpu,2,cpu,front-end,orders,False,True,-0.1987,0.1987,720
orders_cpu,2,cpu,front-end,payment,False,False,-0.0796,0.0796,720
orders_cpu,2,cpu,front-end,shipping,False,False,-0.1426,0.1426,720
orders_cpu,2,cpu,catalogue,user,False,False,0.1234,0.1234,720
orders_cpu,2,cpu,catalogue,carts,False,False,0.042,0.042,720
orders_cpu,2,cpu,catalogue,orders,False,False,-0.1212,0.1212,720
orders_cpu,2,cpu,catalogue,payment,False,False,-0.107,0.107,720
orders_cpu,2,cpu,catalogue,shipping,False,False,-0.1232,0.1232,720
orders_cpu,2,cpu,user,carts,True,False,0.0861,0.0861,720
orders_cpu,2,cpu,user,orders,False,True,-0.0995,0.0995,720
orders_cpu,2,cpu,user,payment,False,False,0.0384,0.0384,720
orders_cpu,2,cpu,user,shipping,False,False,-0.0924,0.0924,720
orders_cpu,2,cpu,carts,orders,False,True,0.1009,0.1009,720
orders_cpu,2,cpu,carts,payment,False,False,-0.0588,0.0588,720
orders_cpu,2,cpu,carts,shipping,False,False,0.3512,0.3512,720
orders_cpu,2,cpu,orders,payment,True,True,0.2612,0.2612,720
orders_cpu,2,cpu,orders,shipping,True,True,0.5059,0.5059,720
orders_cpu,2,cpu,payment,shipping,True,False,0.2656,0.2656,720
orders_cpu,2,mem,front-end,catalogue,True,True,0.293,0.293,720
orders_cpu,2,mem,front-end,user,False,True,0.0184,0.0184,720
orders_cpu,2,mem,front-end,carts,False,True,0.1347,0.1347,720
orders_cpu,2,mem,front-end,orders,False,True,0.1268,0.1268,720
orders_cpu,2,mem,front-end,payment,False,False,-0.0635,0.0635,720
orders_cpu,2,mem,front-end,shipping,False,False,0.0169,0.0169,720
orders_cpu,2,mem,catalogue,user,False,False,0.2674,0.2674,720
orders_cpu,2,mem,catalogue,carts,False,False,0.2709,0.2709,720
orders_cpu,2,mem,catalogue,orders,False,False,0.0451,0.0451,720
orders_cpu,2,mem,catalogue,payment,False,False,-0.0803,0.0803,720
orders_cpu,2,mem,catalogue,shipping,False,False,0.0205,0.0205,720
orders_cpu,2,mem,user,carts,True,False,0.8721,0.8721,720
orders_cpu,2,mem,user,orders,False,True,-0.1623,0.1623,720
orders_cpu,2,mem,user,payment,False,False,0.2586,0.2586,720
orders_cpu,2,mem,user,shipping,False,False,-0.5162,0.5162,720
orders_cpu,2,mem,carts,orders,False,True,-0.3268,0.3268,720
orders_cpu,2,mem,carts,payment,False,False,0.1803,0.1803,720
orders_cpu,2,mem,carts,shipping,False,False,-0.5017,0.5017,720
orders_cpu,2,mem,orders,payment,True,True,0.3594,0.3594,720
orders_cpu,2,mem,orders,shipping,True,True,-0.1027,0.1027,720
orders_cpu,2,mem,payment,shipping,True,False,-0.6255,0.6255,720
orders_cpu,3,cpu,front-end,catalogue,True,True,0.2407,0.2407,720
orders_cpu,3,cpu,front-end,user,False,True,0.0803,0.0803,719
orders_cpu,3,cpu,front-end,carts,False,True,0.1286,0.1286,718
orders_cpu,3,cpu,front-end,orders,False,True,0.0826,0.0826,720
orders_cpu,3,cpu,front-end,payment,False,False,0.0806,0.0806,720
orders_cpu,3,cpu,front-end,shipping,False,False,0.075,0.075,720
orders_cpu,3,cpu,catalogue,user,False,False,-0.0092,0.0092,719
orders_cpu,3,cpu,catalogue,carts,False,False,0.1355,0.1355,718
orders_cpu,3,cpu,catalogue,orders,False,False,0.0872,0.0872,720
orders_cpu,3,cpu,catalogue,payment,False,False,-0.0834,0.0834,720
orders_cpu,3,cpu,catalogue,shipping,False,False,0.121,0.121,720
orders_cpu,3,cpu,user,carts,True,False,0.0003,0.0003,717
orders_cpu,3,cpu,user,orders,False,True,-0.0246,0.0246,719
orders_cpu,3,cpu,user,payment,False,False,0.3087,0.3087,719
orders_cpu,3,cpu,user,shipping,False,False,0.0226,0.0226,719
orders_cpu,3,cpu,carts,orders,False,True,0.5771,0.5771,718
orders_cpu,3,cpu,carts,payment,False,False,-0.1021,0.1021,718
orders_cpu,3,cpu,carts,shipping,False,False,0.5845,0.5845,718
orders_cpu,3,cpu,orders,payment,True,True,-0.1667,0.1667,720
orders_cpu,3,cpu,orders,shipping,True,True,0.8787,0.8787,720
orders_cpu,3,cpu,payment,shipping,True,False,-0.1615,0.1615,720
orders_cpu,3,mem,front-end,catalogue,True,True,-0.1649,0.1649,720
orders_cpu,3,mem,front-end,user,False,True,0.0369,0.0369,720
orders_cpu,3,mem,front-end,carts,False,True,-0.0597,0.0597,720
orders_cpu,3,mem,front-end,orders,False,True,0.2103,0.2103,720
orders_cpu,3,mem,front-end,payment,False,False,-0.115,0.115,720
orders_cpu,3,mem,front-end,shipping,False,False,-0.0736,0.0736,720
orders_cpu,3,mem,catalogue,user,False,False,0.6303,0.6303,720
orders_cpu,3,mem,catalogue,carts,False,False,0.668,0.668,720
orders_cpu,3,mem,catalogue,orders,False,False,0.0691,0.0691,720
orders_cpu,3,mem,catalogue,payment,False,False,0.6407,0.6407,720
orders_cpu,3,mem,catalogue,shipping,False,False,0.775,0.775,720
orders_cpu,3,mem,user,carts,True,False,0.6453,0.6453,720
orders_cpu,3,mem,user,orders,False,True,0.1162,0.1162,720
orders_cpu,3,mem,user,payment,False,False,0.5566,0.5566,720
orders_cpu,3,mem,user,shipping,False,False,0.6595,0.6595,720
orders_cpu,3,mem,carts,orders,False,True,0.192,0.192,720
orders_cpu,3,mem,carts,payment,False,False,0.5241,0.5241,720
orders_cpu,3,mem,carts,shipping,False,False,0.6172,0.6172,720
orders_cpu,3,mem,orders,payment,True,True,-0.1203,0.1203,720
orders_cpu,3,mem,orders,shipping,True,True,0.1664,0.1664,720
orders_cpu,3,mem,payment,shipping,True,False,0.6443,0.6443,720
orders_delay,1,cpu,front-end,catalogue,False,True,0.0475,0.0475,720
orders_delay,1,cpu,front-end,user,False,True,-0.0176,0.0176,720
orders_delay,1,cpu,front-end,carts,False,True,-0.0146,0.0146,720
orders_delay,1,cpu,front-end,orders,False,True,0.1045,0.1045,720
orders_delay,1,cpu,front-end,payment,True,False,0.1538,0.1538,720
orders_delay,1,cpu,front-end,shipping,True,False,-0.0329,0.0329,720
orders_delay,1,cpu,catalogue,user,False,False,0.0892,0.0892,720
orders_delay,1,cpu,catalogue,carts,False,False,-0.0402,0.0402,720
orders_delay,1,cpu,catalogue,orders,False,False,0.0945,0.0945,720
orders_delay,1,cpu,catalogue,payment,False,False,0.139,0.139,720
orders_delay,1,cpu,catalogue,shipping,False,False,0.1211,0.1211,720
orders_delay,1,cpu,user,carts,True,False,-0.0602,0.0602,720
orders_delay,1,cpu,user,orders,True,True,0.1491,0.1491,720
orders_delay,1,cpu,user,payment,False,False,0.1827,0.1827,720
orders_delay,1,cpu,user,shipping,False,False,0.2034,0.2034,720
orders_delay,1,cpu,carts,orders,True,True,-0.0799,0.0799,720
orders_delay,1,cpu,carts,payment,False,False,-0.0534,0.0534,720
orders_delay,1,cpu,carts,shipping,False,False,-0.0015,0.0015,720
orders_delay,1,cpu,orders,payment,False,True,0.1281,0.1281,720
orders_delay,1,cpu,orders,shipping,False,True,0.1437,0.1437,720
orders_delay,1,cpu,payment,shipping,True,False,0.3021,0.3021,720
orders_delay,1,mem,front-end,catalogue,False,True,-0.1446,0.1446,720
orders_delay,1,mem,front-end,user,False,True,0.2373,0.2373,720
orders_delay,1,mem,front-end,carts,False,True,0.0517,0.0517,720
orders_delay,1,mem,front-end,orders,False,True,-0.0485,0.0485,720
orders_delay,1,mem,front-end,payment,True,False,0.0894,0.0894,720
orders_delay,1,mem,front-end,shipping,True,False,-0.2753,0.2753,720
orders_delay,1,mem,catalogue,user,False,False,-0.0985,0.0985,720
orders_delay,1,mem,catalogue,carts,False,False,0.0651,0.0651,720
orders_delay,1,mem,catalogue,orders,False,False,0.149,0.149,720
orders_delay,1,mem,catalogue,payment,False,False,-0.4031,0.4031,720
orders_delay,1,mem,catalogue,shipping,False,False,0.0254,0.0254,720
orders_delay,1,mem,user,carts,True,False,-0.1276,0.1276,720
orders_delay,1,mem,user,orders,True,True,-0.1309,0.1309,720
orders_delay,1,mem,user,payment,False,False,-0.0211,0.0211,720
orders_delay,1,mem,user,shipping,False,False,-0.1379,0.1379,720
orders_delay,1,mem,carts,orders,True,True,-0.0618,0.0618,720
orders_delay,1,mem,carts,payment,False,False,0.1218,0.1218,720
orders_delay,1,mem,carts,shipping,False,False,0.0909,0.0909,720
orders_delay,1,mem,orders,payment,False,True,-0.0693,0.0693,720
orders_delay,1,mem,orders,shipping,False,True,0.2495,0.2495,720
orders_delay,1,mem,payment,shipping,True,False,0.2463,0.2463,720
orders_delay,2,cpu,front-end,catalogue,True,True,0.0218,0.0218,720
orders_delay,2,cpu,front-end,user,False,True,0.0958,0.0958,720
orders_delay,2,cpu,front-end,carts,False,True,0.2697,0.2697,720
orders_delay,2,cpu,front-end,orders,False,True,0.4021,0.4021,720
orders_delay,2,cpu,front-end,payment,False,False,-0.0183,0.0183,720
orders_delay,2,cpu,front-end,shipping,False,False,0.2495,0.2495,720
orders_delay,2,cpu,catalogue,user,False,False,0.2548,0.2548,720
orders_delay,2,cpu,catalogue,carts,False,False,0.0838,0.0838,720
orders_delay,2,cpu,catalogue,orders,False,False,0.0534,0.0534,720
orders_delay,2,cpu,catalogue,payment,False,False,0.1016,0.1016,720
orders_delay,2,cpu,catalogue,shipping,False,False,0.0297,0.0297,720
orders_delay,2,cpu,user,carts,True,False,0.1264,0.1264,720
orders_delay,2,cpu,user,orders,False,True,0.1148,0.1148,720
orders_delay,2,cpu,user,payment,False,False,0.1622,0.1622,720
orders_delay,2,cpu,user,shipping,False,False,0.0626,0.0626,720
orders_delay,2,cpu,carts,orders,False,True,0.7506,0.7506,720
orders_delay,2,cpu,carts,payment,False,False,-0.2482,0.2482,720
orders_delay,2,cpu,carts,shipping,False,False,0.6574,0.6574,720
orders_delay,2,cpu,orders,payment,True,True,-0.3015,0.3015,720
orders_delay,2,cpu,orders,shipping,True,True,0.6384,0.6384,720
orders_delay,2,cpu,payment,shipping,True,False,-0.3727,0.3727,720
orders_delay,2,mem,front-end,catalogue,True,True,0.0029,0.0029,720
orders_delay,2,mem,front-end,user,False,True,0.0605,0.0605,720
orders_delay,2,mem,front-end,carts,False,True,0.0406,0.0406,720
orders_delay,2,mem,front-end,orders,False,True,0.081,0.081,720
orders_delay,2,mem,front-end,payment,False,False,-0.0466,0.0466,720
orders_delay,2,mem,front-end,shipping,False,False,0.0398,0.0398,720
orders_delay,2,mem,catalogue,user,False,False,0.9171,0.9171,720
orders_delay,2,mem,catalogue,carts,False,False,0.9299,0.9299,720
orders_delay,2,mem,catalogue,orders,False,False,0.8676,0.8676,720
orders_delay,2,mem,catalogue,payment,False,False,0.8406,0.8406,720
orders_delay,2,mem,catalogue,shipping,False,False,0.8171,0.8171,720
orders_delay,2,mem,user,carts,True,False,0.9877,0.9877,720
orders_delay,2,mem,user,orders,False,True,0.9779,0.9779,720
orders_delay,2,mem,user,payment,False,False,0.7013,0.7013,720
orders_delay,2,mem,user,shipping,False,False,0.9409,0.9409,720
orders_delay,2,mem,carts,orders,False,True,0.9703,0.9703,720
orders_delay,2,mem,carts,payment,False,False,0.7601,0.7601,720
orders_delay,2,mem,carts,shipping,False,False,0.9242,0.9242,720
orders_delay,2,mem,orders,payment,True,True,0.6222,0.6222,720
orders_delay,2,mem,orders,shipping,True,True,0.9478,0.9478,720
orders_delay,2,mem,payment,shipping,True,False,0.5734,0.5734,720
orders_delay,3,cpu,front-end,catalogue,True,True,0.1354,0.1354,720
orders_delay,3,cpu,front-end,user,False,True,-0.0099,0.0099,720
orders_delay,3,cpu,front-end,carts,False,True,0.1624,0.1624,720
orders_delay,3,cpu,front-end,orders,False,True,0.0981,0.0981,720
orders_delay,3,cpu,front-end,payment,False,False,0.0747,0.0747,720
orders_delay,3,cpu,front-end,shipping,False,False,-0.0545,0.0545,720
orders_delay,3,cpu,catalogue,user,False,False,-0.0062,0.0062,720
orders_delay,3,cpu,catalogue,carts,False,False,0.0183,0.0183,720
orders_delay,3,cpu,catalogue,orders,False,False,-0.0044,0.0044,720
orders_delay,3,cpu,catalogue,payment,False,False,0.0896,0.0896,720
orders_delay,3,cpu,catalogue,shipping,False,False,-0.1467,0.1467,720
orders_delay,3,cpu,user,carts,True,False,0.0199,0.0199,720
orders_delay,3,cpu,user,orders,False,True,-0.039,0.039,720
orders_delay,3,cpu,user,payment,False,False,0.0189,0.0189,720
orders_delay,3,cpu,user,shipping,False,False,0.2288,0.2288,720
orders_delay,3,cpu,carts,orders,False,True,-0.0695,0.0695,720
orders_delay,3,cpu,carts,payment,False,False,-0.1873,0.1873,720
orders_delay,3,cpu,carts,shipping,False,False,-0.1279,0.1279,720
orders_delay,3,cpu,orders,payment,True,True,-0.0704,0.0704,720
orders_delay,3,cpu,orders,shipping,True,True,0.0076,0.0076,720
orders_delay,3,cpu,payment,shipping,True,False,0.2186,0.2186,720
orders_delay,3,mem,front-end,catalogue,True,True,0.125,0.125,720
orders_delay,3,mem,front-end,user,False,True,0.1246,0.1246,720
orders_delay,3,mem,front-end,carts,False,True,0.1231,0.1231,720
orders_delay,3,mem,front-end,orders,False,True,-0.062,0.062,720
orders_delay,3,mem,front-end,payment,False,False,0.1139,0.1139,720
orders_delay,3,mem,front-end,shipping,False,False,0.2701,0.2701,720
orders_delay,3,mem,catalogue,user,False,False,0.9428,0.9428,720
orders_delay,3,mem,catalogue,carts,False,False,0.5634,0.5634,720
orders_delay,3,mem,catalogue,orders,False,False,-0.1069,0.1069,720
orders_delay,3,mem,catalogue,payment,False,False,0.8308,0.8308,720
orders_delay,3,mem,catalogue,shipping,False,False,0.7208,0.7208,720
orders_delay,3,mem,user,carts,True,False,0.6057,0.6057,720
orders_delay,3,mem,user,orders,False,True,-0.028,0.028,720
orders_delay,3,mem,user,payment,False,False,0.8998,0.8998,720
orders_delay,3,mem,user,shipping,False,False,0.5681,0.5681,720
orders_delay,3,mem,carts,orders,False,True,0.2212,0.2212,720
orders_delay,3,mem,carts,payment,False,False,0.5268,0.5268,720
orders_delay,3,mem,carts,shipping,False,False,0.1872,0.1872,720
orders_delay,3,mem,orders,payment,True,True,-0.1452,0.1452,720
orders_delay,3,mem,orders,shipping,True,True,-0.4114,0.4114,720
orders_delay,3,mem,payment,shipping,True,False,0.5296,0.5296,720
orders_disk,1,cpu,front-end,catalogue,True,True,-0.1459,0.1459,720
orders_disk,1,cpu,front-end,user,False,True,0.1337,0.1337,720
orders_disk,1,cpu,front-end,carts,False,True,-0.0299,0.0299,715
orders_disk,1,cpu,front-end,orders,False,True,-0.0745,0.0745,720
orders_disk,1,cpu,front-end,payment,False,False,0.032,0.032,720
orders_disk,1,cpu,front-end,shipping,True,False,-0.0254,0.0254,720
orders_disk,1,cpu,catalogue,user,False,False,0.0807,0.0807,720
orders_disk,1,cpu,catalogue,carts,False,False,0.0012,0.0012,715
orders_disk,1,cpu,catalogue,orders,False,False,-0.0103,0.0103,720
orders_disk,1,cpu,catalogue,payment,False,False,0.1023,0.1023,720
orders_disk,1,cpu,catalogue,shipping,True,False,0.0564,0.0564,720
orders_disk,1,cpu,user,carts,False,False,0.0227,0.0227,715
orders_disk,1,cpu,user,orders,True,True,0.045,0.045,720
orders_disk,1,cpu,user,payment,True,False,-0.0018,0.0018,720
orders_disk,1,cpu,user,shipping,False,False,0.0612,0.0612,720
orders_disk,1,cpu,carts,orders,False,True,0.0215,0.0215,715
orders_disk,1,cpu,carts,payment,False,False,0.1031,0.1031,715
orders_disk,1,cpu,carts,shipping,False,False,0.0918,0.0918,715
orders_disk,1,cpu,orders,payment,True,True,-0.0581,0.0581,720
orders_disk,1,cpu,orders,shipping,False,True,0.0128,0.0128,720
orders_disk,1,cpu,payment,shipping,False,False,-0.0086,0.0086,720
orders_disk,1,mem,front-end,catalogue,True,True,-0.1202,0.1202,720
orders_disk,1,mem,front-end,user,False,True,0.1065,0.1065,720
orders_disk,1,mem,front-end,carts,False,True,-0.0114,0.0114,720
orders_disk,1,mem,front-end,orders,False,True,-0.0256,0.0256,720
orders_disk,1,mem,front-end,payment,False,False,0.1814,0.1814,720
orders_disk,1,mem,front-end,shipping,True,False,-0.1939,0.1939,720
orders_disk,1,mem,catalogue,user,False,False,0.2063,0.2063,720
orders_disk,1,mem,catalogue,carts,False,False,0.2057,0.2057,720
orders_disk,1,mem,catalogue,orders,False,False,-0.1667,0.1667,720
orders_disk,1,mem,catalogue,payment,False,False,-0.0021,0.0021,720
orders_disk,1,mem,catalogue,shipping,True,False,0.0971,0.0971,720
orders_disk,1,mem,user,carts,False,False,0.3171,0.3171,720
orders_disk,1,mem,user,orders,True,True,-0.2824,0.2824,720
orders_disk,1,mem,user,payment,True,False,-0.0207,0.0207,720
orders_disk,1,mem,user,shipping,False,False,0.0998,0.0998,720
orders_disk,1,mem,carts,orders,False,True,-0.1034,0.1034,720
orders_disk,1,mem,carts,payment,False,False,0.0725,0.0725,720
orders_disk,1,mem,carts,shipping,False,False,-0.398,0.398,720
orders_disk,1,mem,orders,payment,True,True,0.0625,0.0625,720
orders_disk,1,mem,orders,shipping,False,True,-0.1354,0.1354,720
orders_disk,1,mem,payment,shipping,False,False,-0.2462,0.2462,720
orders_disk,2,cpu,front-end,catalogue,True,True,0.1361,0.1361,720
orders_disk,2,cpu,front-end,user,False,True,0.1845,0.1845,720
orders_disk,2,cpu,front-end,carts,False,True,0.203,0.203,720
orders_disk,2,cpu,front-end,orders,False,True,0.384,0.384,720
orders_disk,2,cpu,front-end,payment,False,False,-0.0761,0.0761,720
orders_disk,2,cpu,front-end,shipping,True,False,0.3634,0.3634,720
orders_disk,2,cpu,catalogue,user,False,False,0.0705,0.0705,720
orders_disk,2,cpu,catalogue,carts,False,False,-0.0433,0.0433,720
orders_disk,2,cpu,catalogue,orders,False,False,-0.0814,0.0814,720
orders_disk,2,cpu,catalogue,payment,False,False,0.2242,0.2242,720
orders_disk,2,cpu,catalogue,shipping,True,False,0.0749,0.0749,720
orders_disk,2,cpu,user,carts,False,False,0.0274,0.0274,720
orders_disk,2,cpu,user,orders,True,True,0.2287,0.2287,720
orders_disk,2,cpu,user,payment,True,False,-0.0675,0.0675,720
orders_disk,2,cpu,user,shipping,False,False,0.1408,0.1408,720
orders_disk,2,cpu,carts,orders,False,True,0.5773,0.5773,720
orders_disk,2,cpu,carts,payment,False,False,-0.0524,0.0524,720
orders_disk,2,cpu,carts,shipping,False,False,0.5317,0.5317,720
orders_disk,2,cpu,orders,payment,True,True,-0.1216,0.1216,720
orders_disk,2,cpu,orders,shipping,False,True,0.6638,0.6638,720
orders_disk,2,cpu,payment,shipping,False,False,-0.2105,0.2105,720
orders_disk,2,mem,front-end,catalogue,True,True,0.3583,0.3583,720
orders_disk,2,mem,front-end,user,False,True,0.2338,0.2338,720
orders_disk,2,mem,front-end,carts,False,True,0.2444,0.2444,720
orders_disk,2,mem,front-end,orders,False,True,0.1435,0.1435,720
orders_disk,2,mem,front-end,payment,False,False,0.3701,0.3701,720
orders_disk,2,mem,front-end,shipping,True,False,0.0317,0.0317,720
orders_disk,2,mem,catalogue,user,False,False,0.8745,0.8745,720
orders_disk,2,mem,catalogue,carts,False,False,0.8584,0.8584,720
orders_disk,2,mem,catalogue,orders,False,False,0.8075,0.8075,720
orders_disk,2,mem,catalogue,payment,False,False,0.8453,0.8453,720
orders_disk,2,mem,catalogue,shipping,True,False,0.1839,0.1839,720
orders_disk,2,mem,user,carts,False,False,0.9248,0.9248,720
orders_disk,2,mem,user,orders,True,True,0.9463,0.9463,720
orders_disk,2,mem,user,payment,True,False,0.5513,0.5513,720
orders_disk,2,mem,user,shipping,False,False,0.5175,0.5175,720
orders_disk,2,mem,carts,orders,False,True,0.8495,0.8495,720
orders_disk,2,mem,carts,payment,False,False,0.593,0.593,720
orders_disk,2,mem,carts,shipping,False,False,0.3801,0.3801,720
orders_disk,2,mem,orders,payment,True,True,0.5348,0.5348,720
orders_disk,2,mem,orders,shipping,False,True,0.5166,0.5166,720
orders_disk,2,mem,payment,shipping,False,False,-0.11,0.11,720
orders_disk,3,cpu,front-end,catalogue,False,True,-0.1322,0.1322,720
orders_disk,3,cpu,front-end,user,False,True,0.2012,0.2012,720
orders_disk,3,cpu,front-end,carts,False,True,0.1236,0.1236,720
orders_disk,3,cpu,front-end,orders,False,True,-0.0623,0.0623,720
orders_disk,3,cpu,front-end,payment,False,False,0.1159,0.1159,720
orders_disk,3,cpu,front-end,shipping,False,False,-0.1209,0.1209,720
orders_disk,3,cpu,catalogue,user,True,False,-0.0164,0.0164,720
orders_disk,3,cpu,catalogue,carts,False,False,0.1583,0.1583,720
orders_disk,3,cpu,catalogue,orders,False,False,-0.1155,0.1155,720
orders_disk,3,cpu,catalogue,payment,False,False,-0.1874,0.1874,720
orders_disk,3,cpu,catalogue,shipping,False,False,-0.1475,0.1475,720
orders_disk,3,cpu,user,carts,False,False,0.0623,0.0623,720
orders_disk,3,cpu,user,orders,False,True,0.095,0.095,720
orders_disk,3,cpu,user,payment,False,False,0.0364,0.0364,720
orders_disk,3,cpu,user,shipping,False,False,0.0246,0.0246,720
orders_disk,3,cpu,carts,orders,True,True,0.0891,0.0891,720
orders_disk,3,cpu,carts,payment,True,False,0.1077,0.1077,720
orders_disk,3,cpu,carts,shipping,True,False,-0.0122,0.0122,720
orders_disk,3,cpu,orders,payment,True,True,-0.0899,0.0899,720
orders_disk,3,cpu,orders,shipping,True,True,0.7775,0.7775,720
orders_disk,3,cpu,payment,shipping,True,False,-0.2248,0.2248,720
orders_disk,3,mem,front-end,catalogue,False,True,0.1081,0.1081,720
orders_disk,3,mem,front-end,user,False,True,0.0626,0.0626,720
orders_disk,3,mem,front-end,carts,False,True,0.0668,0.0668,720
orders_disk,3,mem,front-end,orders,False,True,-0.0293,0.0293,720
orders_disk,3,mem,front-end,payment,False,False,0.1403,0.1403,720
orders_disk,3,mem,front-end,shipping,False,False,-0.0159,0.0159,720
orders_disk,3,mem,catalogue,user,True,False,-0.5538,0.5538,720
orders_disk,3,mem,catalogue,carts,False,False,0.2246,0.2246,720
orders_disk,3,mem,catalogue,orders,False,False,-0.7728,0.7728,720
orders_disk,3,mem,catalogue,payment,False,False,-0.1546,0.1546,720
orders_disk,3,mem,catalogue,shipping,False,False,-0.9026,0.9026,720
orders_disk,3,mem,user,carts,False,False,-0.3535,0.3535,720
orders_disk,3,mem,user,orders,False,True,0.7154,0.7154,720
orders_disk,3,mem,user,payment,False,False,0.1727,0.1727,720
orders_disk,3,mem,user,shipping,False,False,0.5338,0.5338,720
orders_disk,3,mem,carts,orders,True,True,-0.4297,0.4297,720
orders_disk,3,mem,carts,payment,True,False,-0.2751,0.2751,720
orders_disk,3,mem,carts,shipping,True,False,-0.2695,0.2695,720
orders_disk,3,mem,orders,payment,True,True,0.1927,0.1927,720
orders_disk,3,mem,orders,shipping,True,True,0.7533,0.7533,720
orders_disk,3,mem,payment,shipping,True,False,0.1789,0.1789,720
orders_loss,1,cpu,front-end,catalogue,False,True,0.0333,0.0333,720
orders_loss,1,cpu,front-end,user,False,True,-0.0233,0.0233,720
orders_loss,1,cpu,front-end,carts,False,True,0.1432,0.1432,720
orders_loss,1,cpu,front-end,orders,False,True,-0.0148,0.0148,720
orders_loss,1,cpu,front-end,payment,True,False,0.0957,0.0957,720
orders_loss,1,cpu,front-end,shipping,True,False,0.0272,0.0272,720
orders_loss,1,cpu,catalogue,user,False,False,0.0746,0.0746,720
orders_loss,1,cpu,catalogue,carts,False,False,-0.0497,0.0497,720
orders_loss,1,cpu,catalogue,orders,False,False,-0.0784,0.0784,720
orders_loss,1,cpu,catalogue,payment,False,False,-0.0725,0.0725,720
orders_loss,1,cpu,catalogue,shipping,False,False,0.0606,0.0606,720
orders_loss,1,cpu,user,carts,True,False,-0.1209,0.1209,720
orders_loss,1,cpu,user,orders,True,True,0.0698,0.0698,720
orders_loss,1,cpu,user,payment,False,False,0.086,0.086,720
orders_loss,1,cpu,user,shipping,False,False,-0.0208,0.0208,720
orders_loss,1,cpu,carts,orders,True,True,0.0143,0.0143,720
orders_loss,1,cpu,carts,payment,False,False,-0.0735,0.0735,720
orders_loss,1,cpu,carts,shipping,False,False,-0.1885,0.1885,720
orders_loss,1,cpu,orders,payment,False,True,0.131,0.131,720
orders_loss,1,cpu,orders,shipping,False,True,-0.0257,0.0257,720
orders_loss,1,cpu,payment,shipping,True,False,0.1743,0.1743,720
orders_loss,1,mem,front-end,catalogue,False,True,0.0131,0.0131,720
orders_loss,1,mem,front-end,user,False,True,0.0669,0.0669,720
orders_loss,1,mem,front-end,carts,False,True,-0.1414,0.1414,720
orders_loss,1,mem,front-end,orders,False,True,0.0022,0.0022,720
orders_loss,1,mem,front-end,payment,True,False,-0.0979,0.0979,720
orders_loss,1,mem,front-end,shipping,True,False,-0.0008,0.0008,720
orders_loss,1,mem,catalogue,user,False,False,-0.6567,0.6567,720
orders_loss,1,mem,catalogue,carts,False,False,0.0526,0.0526,720
orders_loss,1,mem,catalogue,orders,False,False,0.3001,0.3001,720
orders_loss,1,mem,catalogue,payment,False,False,-0.6399,0.6399,720
orders_loss,1,mem,catalogue,shipping,False,False,0.7349,0.7349,720
orders_loss,1,mem,user,carts,True,False,-0.1249,0.1249,720
orders_loss,1,mem,user,orders,True,True,-0.1974,0.1974,720
orders_loss,1,mem,user,payment,False,False,0.7917,0.7917,720
orders_loss,1,mem,user,shipping,False,False,-0.4392,0.4392,720
orders_loss,1,mem,carts,orders,True,True,-0.0589,0.0589,720
orders_loss,1,mem,carts,payment,False,False,0.1021,0.1021,720
orders_loss,1,mem,carts,shipping,False,False,-0.0073,0.0073,720
orders_loss,1,mem,orders,payment,False,True,-0.2962,0.2962,720
orders_loss,1,mem,orders,shipping,False,True,0.3524,0.3524,720
orders_loss,1,mem,payment,shipping,True,False,-0.4143,0.4143,720
orders_loss,2,cpu,front-end,catalogue,True,True,0.1805,0.1805,720
orders_loss,2,cpu,front-end,user,False,True,0.0602,0.0602,720
orders_loss,2,cpu,front-end,carts,False,True,0.1573,0.1573,720
orders_loss,2,cpu,front-end,orders,False,True,0.0096,0.0096,720
orders_loss,2,cpu,front-end,payment,False,False,0.057,0.057,720
orders_loss,2,cpu,front-end,shipping,False,False,0.1533,0.1533,720
orders_loss,2,cpu,catalogue,user,False,False,0.0785,0.0785,720
orders_loss,2,cpu,catalogue,carts,False,False,-0.1167,0.1167,720
orders_loss,2,cpu,catalogue,orders,False,False,-0.127,0.127,720
orders_loss,2,cpu,catalogue,payment,False,False,-0.0138,0.0138,720
orders_loss,2,cpu,catalogue,shipping,False,False,-0.0983,0.0983,720
orders_loss,2,cpu,user,carts,True,False,0.0038,0.0038,720
orders_loss,2,cpu,user,orders,False,True,0.0944,0.0944,720
orders_loss,2,cpu,user,payment,False,False,0.0722,0.0722,720
orders_loss,2,cpu,user,shipping,False,False,-0.1661,0.1661,720
orders_loss,2,cpu,carts,orders,False,True,-0.0073,0.0073,720
orders_loss,2,cpu,carts,payment,False,False,0.0107,0.0107,720
orders_loss,2,cpu,carts,shipping,False,False,0.042,0.042,720
orders_loss,2,cpu,orders,payment,True,True,-0.027,0.027,720
orders_loss,2,cpu,orders,shipping,True,True,0.0141,0.0141,720
orders_loss,2,cpu,payment,shipping,True,False,0.0533,0.0533,720
orders_loss,2,mem,front-end,catalogue,True,True,0.0429,0.0429,720
orders_loss,2,mem,front-end,user,False,True,0.0656,0.0656,720
orders_loss,2,mem,front-end,carts,False,True,0.0261,0.0261,720
orders_loss,2,mem,front-end,orders,False,True,0.0225,0.0225,720
orders_loss,2,mem,front-end,payment,False,False,0.119,0.119,720
orders_loss,2,mem,front-end,shipping,False,False,0.0331,0.0331,720
orders_loss,2,mem,catalogue,user,False,False,0.721,0.721,720
orders_loss,2,mem,catalogue,carts,False,False,0.5031,0.5031,720
orders_loss,2,mem,catalogue,orders,False,False,0.8393,0.8393,720
orders_loss,2,mem,catalogue,payment,False,False,0.6951,0.6951,720
orders_loss,2,mem,catalogue,shipping,False,False,0.599,0.599,720
orders_loss,2,mem,user,carts,True,False,0.4717,0.4717,720
orders_loss,2,mem,user,orders,False,True,0.7436,0.7436,720
orders_loss,2,mem,user,payment,False,False,0.7563,0.7563,720
orders_loss,2,mem,user,shipping,False,False,0.4074,0.4074,720
orders_loss,2,mem,carts,orders,False,True,0.509,0.509,720
orders_loss,2,mem,carts,payment,False,False,0.4233,0.4233,720
orders_loss,2,mem,carts,shipping,False,False,0.3678,0.3678,720
orders_loss,2,mem,orders,payment,True,True,0.6781,0.6781,720
orders_loss,2,mem,orders,shipping,True,True,0.329,0.329,720
orders_loss,2,mem,payment,shipping,True,False,0.3411,0.3411,720
orders_loss,3,cpu,front-end,catalogue,True,True,0.1123,0.1123,720
orders_loss,3,cpu,front-end,user,False,True,0.1552,0.1552,720
orders_loss,3,cpu,front-end,carts,False,True,-0.0231,0.0231,720
orders_loss,3,cpu,front-end,orders,False,True,0.0493,0.0493,720
orders_loss,3,cpu,front-end,payment,False,False,0.0741,0.0741,720
orders_loss,3,cpu,front-end,shipping,False,False,0.1033,0.1033,718
orders_loss,3,cpu,catalogue,user,False,False,-0.0708,0.0708,720
orders_loss,3,cpu,catalogue,carts,False,False,-0.1067,0.1067,720
orders_loss,3,cpu,catalogue,orders,False,False,0.0849,0.0849,720
orders_loss,3,cpu,catalogue,payment,False,False,0.0804,0.0804,720
orders_loss,3,cpu,catalogue,shipping,False,False,0.0881,0.0881,718
orders_loss,3,cpu,user,carts,True,False,-0.0108,0.0108,720
orders_loss,3,cpu,user,orders,False,True,0.0089,0.0089,720
orders_loss,3,cpu,user,payment,False,False,-0.002,0.002,720
orders_loss,3,cpu,user,shipping,False,False,-0.198,0.198,718
orders_loss,3,cpu,carts,orders,False,True,-0.1153,0.1153,720
orders_loss,3,cpu,carts,payment,False,False,-0.2306,0.2306,720
orders_loss,3,cpu,carts,shipping,False,False,-0.1183,0.1183,718
orders_loss,3,cpu,orders,payment,True,True,0.1,0.1,720
orders_loss,3,cpu,orders,shipping,True,True,0.2343,0.2343,718
orders_loss,3,cpu,payment,shipping,True,False,0.0498,0.0498,718
orders_loss,3,mem,front-end,catalogue,True,True,-0.082,0.082,720
orders_loss,3,mem,front-end,user,False,True,0.0958,0.0958,720
orders_loss,3,mem,front-end,carts,False,True,-0.0378,0.0378,720
orders_loss,3,mem,front-end,orders,False,True,0.2244,0.2244,720
orders_loss,3,mem,front-end,payment,False,False,-0.0932,0.0932,720
orders_loss,3,mem,front-end,shipping,False,False,0.021,0.021,720
orders_loss,3,mem,catalogue,user,False,False,-0.0213,0.0213,720
orders_loss,3,mem,catalogue,carts,False,False,0.4588,0.4588,720
orders_loss,3,mem,catalogue,orders,False,False,0.1442,0.1442,720
orders_loss,3,mem,catalogue,payment,False,False,0.3478,0.3478,720
orders_loss,3,mem,catalogue,shipping,False,False,0.1704,0.1704,720
orders_loss,3,mem,user,carts,True,False,0.2208,0.2208,720
orders_loss,3,mem,user,orders,False,True,-0.0343,0.0343,720
orders_loss,3,mem,user,payment,False,False,0.1294,0.1294,720
orders_loss,3,mem,user,shipping,False,False,0.2216,0.2216,720
orders_loss,3,mem,carts,orders,False,True,0.2954,0.2954,720
orders_loss,3,mem,carts,payment,False,False,0.5706,0.5706,720
orders_loss,3,mem,carts,shipping,False,False,0.7292,0.7292,720
orders_loss,3,mem,orders,payment,True,True,0.307,0.307,720
orders_loss,3,mem,orders,shipping,True,True,0.3334,0.3334,720
orders_loss,3,mem,payment,shipping,True,False,0.4253,0.4253,720
orders_mem,1,cpu,front-end,catalogue,True,True,-0.0834,0.0834,720
orders_mem,1,cpu,front-end,user,False,True,-0.096,0.096,720
orders_mem,1,cpu,front-end,carts,False,True,0.0807,0.0807,720
orders_mem,1,cpu,front-end,orders,False,True,-0.073,0.073,720
orders_mem,1,cpu,front-end,payment,False,False,0.0367,0.0367,720
orders_mem,1,cpu,front-end,shipping,True,False,0.0191,0.0191,718
orders_mem,1,cpu,catalogue,user,False,False,-0.0507,0.0507,720
orders_mem,1,cpu,catalogue,carts,False,False,-0.0439,0.0439,720
orders_mem,1,cpu,catalogue,orders,False,False,0.0573,0.0573,720
orders_mem,1,cpu,catalogue,payment,False,False,-0.1233,0.1233,720
orders_mem,1,cpu,catalogue,shipping,True,False,-0.0342,0.0342,718
orders_mem,1,cpu,user,carts,False,False,0.206,0.206,720
orders_mem,1,cpu,user,orders,True,True,0.1179,0.1179,720
orders_mem,1,cpu,user,payment,True,False,0.0736,0.0736,720
orders_mem,1,cpu,user,shipping,False,False,0.0653,0.0653,718
orders_mem,1,cpu,carts,orders,False,True,0.0939,0.0939,720
orders_mem,1,cpu,carts,payment,False,False,0.0682,0.0682,720
orders_mem,1,cpu,carts,shipping,False,False,0.0703,0.0703,718
orders_mem,1,cpu,orders,payment,True,True,-0.0614,0.0614,720
orders_mem,1,cpu,orders,shipping,False,True,0.5451,0.5451,718
orders_mem,1,cpu,payment,shipping,False,False,-0.0675,0.0675,718
orders_mem,1,mem,front-end,catalogue,True,True,0.0716,0.0716,720
orders_mem,1,mem,front-end,user,False,True,0.0922,0.0922,720
orders_mem,1,mem,front-end,carts,False,True,0.1007,0.1007,720
orders_mem,1,mem,front-end,orders,False,True,-0.0137,0.0137,720
orders_mem,1,mem,front-end,payment,False,False,-0.0355,0.0355,720
orders_mem,1,mem,front-end,shipping,True,False,0.0738,0.0738,720
orders_mem,1,mem,catalogue,user,False,False,0.2918,0.2918,720
orders_mem,1,mem,catalogue,carts,False,False,0.4094,0.4094,720
orders_mem,1,mem,catalogue,orders,False,False,0.2334,0.2334,720
orders_mem,1,mem,catalogue,payment,False,False,0.2119,0.2119,720
orders_mem,1,mem,catalogue,shipping,True,False,0.5134,0.5134,720
orders_mem,1,mem,user,carts,False,False,0.3168,0.3168,720
orders_mem,1,mem,user,orders,True,True,0.0734,0.0734,720
orders_mem,1,mem,user,payment,True,False,0.0876,0.0876,720
orders_mem,1,mem,user,shipping,False,False,0.2015,0.2015,720
orders_mem,1,mem,carts,orders,False,True,-0.0158,0.0158,720
orders_mem,1,mem,carts,payment,False,False,0.4714,0.4714,720
orders_mem,1,mem,carts,shipping,False,False,0.0486,0.0486,720
orders_mem,1,mem,orders,payment,True,True,-0.1129,0.1129,720
orders_mem,1,mem,orders,shipping,False,True,0.0459,0.0459,720
orders_mem,1,mem,payment,shipping,False,False,0.0704,0.0704,720
orders_mem,2,cpu,front-end,catalogue,True,True,0.0651,0.0651,716
orders_mem,2,cpu,front-end,user,False,True,0.2255,0.2255,720
orders_mem,2,cpu,front-end,carts,False,True,0.0989,0.0989,720
orders_mem,2,cpu,front-end,orders,False,True,0.0772,0.0772,720
orders_mem,2,cpu,front-end,payment,False,False,0.1159,0.1159,720
orders_mem,2,cpu,front-end,shipping,False,False,0.0497,0.0497,720
orders_mem,2,cpu,catalogue,user,False,False,0.101,0.101,716
orders_mem,2,cpu,catalogue,carts,False,False,0.0149,0.0149,716
orders_mem,2,cpu,catalogue,orders,False,False,0.0319,0.0319,716
orders_mem,2,cpu,catalogue,payment,False,False,0.0145,0.0145,716
orders_mem,2,cpu,catalogue,shipping,False,False,-0.077,0.077,716
orders_mem,2,cpu,user,carts,True,False,0.1729,0.1729,720
orders_mem,2,cpu,user,orders,False,True,0.1585,0.1585,720
orders_mem,2,cpu,user,payment,False,False,0.1013,0.1013,720
orders_mem,2,cpu,user,shipping,False,False,0.1967,0.1967,720
orders_mem,2,cpu,carts,orders,False,True,-0.0589,0.0589,720
orders_mem,2,cpu,carts,payment,False,False,0.113,0.113,720
orders_mem,2,cpu,carts,shipping,False,False,0.0383,0.0383,720
orders_mem,2,cpu,orders,payment,True,True,-0.0241,0.0241,720
orders_mem,2,cpu,orders,shipping,True,True,0.7735,0.7735,720
orders_mem,2,cpu,payment,shipping,True,False,-0.042,0.042,720
orders_mem,2,mem,front-end,catalogue,True,True,-0.1363,0.1363,720
orders_mem,2,mem,front-end,user,False,True,-0.2314,0.2314,720
orders_mem,2,mem,front-end,carts,False,True,0.017,0.017,720
orders_mem,2,mem,front-end,orders,False,True,-0.0212,0.0212,720
orders_mem,2,mem,front-end,payment,False,False,0.0521,0.0521,720
orders_mem,2,mem,front-end,shipping,False,False,0.1535,0.1535,720
orders_mem,2,mem,catalogue,user,False,False,0.1984,0.1984,720
orders_mem,2,mem,catalogue,carts,False,False,0.2368,0.2368,720
orders_mem,2,mem,catalogue,orders,False,False,-0.3314,0.3314,720
orders_mem,2,mem,catalogue,payment,False,False,0.4516,0.4516,720
orders_mem,2,mem,catalogue,shipping,False,False,-0.0166,0.0166,720
orders_mem,2,mem,user,carts,True,False,0.211,0.211,720
orders_mem,2,mem,user,orders,False,True,-0.4239,0.4239,720
orders_mem,2,mem,user,payment,False,False,0.2676,0.2676,720
orders_mem,2,mem,user,shipping,False,False,-0.054,0.054,720
orders_mem,2,mem,carts,orders,False,True,-0.2574,0.2574,720
orders_mem,2,mem,carts,payment,False,False,0.2655,0.2655,720
orders_mem,2,mem,carts,shipping,False,False,-0.0506,0.0506,720
orders_mem,2,mem,orders,payment,True,True,-0.2781,0.2781,720
orders_mem,2,mem,orders,shipping,True,True,-0.0634,0.0634,720
orders_mem,2,mem,payment,shipping,True,False,0.0237,0.0237,720
orders_mem,3,cpu,front-end,catalogue,True,True,0.2164,0.2164,720
orders_mem,3,cpu,front-end,user,False,True,0.0213,0.0213,720
orders_mem,3,cpu,front-end,carts,False,True,0.1541,0.1541,720
orders_mem,3,cpu,front-end,orders,False,True,0.343,0.343,720
orders_mem,3,cpu,front-end,payment,False,False,-0.1388,0.1388,720
orders_mem,3,cpu,front-end,shipping,False,False,0.3013,0.3013,720
orders_mem,3,cpu,catalogue,user,False,False,0.0973,0.0973,720
orders_mem,3,cpu,catalogue,carts,False,False,0.0188,0.0188,720
orders_mem,3,cpu,catalogue,orders,False,False,0.1197,0.1197,720
orders_mem,3,cpu,catalogue,payment,False,False,0.0764,0.0764,720
orders_mem,3,cpu,catalogue,shipping,False,False,0.1118,0.1118,720
orders_mem,3,cpu,user,carts,True,False,-0.169,0.169,720
orders_mem,3,cpu,user,orders,False,True,-0.1505,0.1505,720
orders_mem,3,cpu,user,payment,False,False,0.2124,0.2124,720
orders_mem,3,cpu,user,shipping,False,False,0.0385,0.0385,720
orders_mem,3,cpu,carts,orders,False,True,0.7697,0.7697,720
orders_mem,3,cpu,carts,payment,False,False,-0.1124,0.1124,720
orders_mem,3,cpu,carts,shipping,False,False,0.6096,0.6096,720
orders_mem,3,cpu,orders,payment,True,True,-0.2911,0.2911,720
orders_mem,3,cpu,orders,shipping,True,True,0.7126,0.7126,720
orders_mem,3,cpu,payment,shipping,True,False,-0.142,0.142,720
orders_mem,3,mem,front-end,catalogue,True,True,0.41,0.41,720
orders_mem,3,mem,front-end,user,False,True,0.3291,0.3291,720
orders_mem,3,mem,front-end,carts,False,True,0.3277,0.3277,720
orders_mem,3,mem,front-end,orders,False,True,0.3439,0.3439,720
orders_mem,3,mem,front-end,payment,False,False,0.3099,0.3099,720
orders_mem,3,mem,front-end,shipping,False,False,0.2471,0.2471,720
orders_mem,3,mem,catalogue,user,False,False,0.8212,0.8212,720
orders_mem,3,mem,catalogue,carts,False,False,0.922,0.922,720
orders_mem,3,mem,catalogue,orders,False,False,0.9,0.9,720
orders_mem,3,mem,catalogue,payment,False,False,0.9232,0.9232,720
orders_mem,3,mem,catalogue,shipping,False,False,0.5829,0.5829,720
orders_mem,3,mem,user,carts,True,False,0.9605,0.9605,720
orders_mem,3,mem,user,orders,False,True,0.9577,0.9577,720
orders_mem,3,mem,user,payment,False,False,0.6334,0.6334,720
orders_mem,3,mem,user,shipping,False,False,0.6056,0.6056,720
orders_mem,3,mem,carts,orders,False,True,0.9859,0.9859,720
orders_mem,3,mem,carts,payment,False,False,0.7995,0.7995,720
orders_mem,3,mem,carts,shipping,False,False,0.6205,0.6205,720
orders_mem,3,mem,orders,payment,True,True,0.7821,0.7821,720
orders_mem,3,mem,orders,shipping,True,True,0.6823,0.6823,720
orders_mem,3,mem,payment,shipping,True,False,0.5001,0.5001,720
orders_socket,1,cpu,front-end,catalogue,False,True,0.0803,0.0803,720
orders_socket,1,cpu,front-end,user,False,True,0.4411,0.4411,720
orders_socket,1,cpu,front-end,carts,False,True,-0.1442,0.1442,720
orders_socket,1,cpu,front-end,orders,False,True,0.4032,0.4032,720
orders_socket,1,cpu,front-end,payment,True,False,-0.3478,0.3478,720
orders_socket,1,cpu,front-end,shipping,True,False,-0.2172,0.2172,720
orders_socket,1,cpu,catalogue,user,False,False,0.1858,0.1858,720
orders_socket,1,cpu,catalogue,carts,False,False,0.064,0.064,720
orders_socket,1,cpu,catalogue,orders,False,False,0.1212,0.1212,720
orders_socket,1,cpu,catalogue,payment,False,False,-0.0757,0.0757,720
orders_socket,1,cpu,catalogue,shipping,False,False,-0.142,0.142,720
orders_socket,1,cpu,user,carts,True,False,-0.2136,0.2136,720
orders_socket,1,cpu,user,orders,True,True,0.5623,0.5623,720
orders_socket,1,cpu,user,payment,False,False,-0.4296,0.4296,720
orders_socket,1,cpu,user,shipping,False,False,-0.2386,0.2386,720
orders_socket,1,cpu,carts,orders,True,True,-0.1888,0.1888,720
orders_socket,1,cpu,carts,payment,False,False,0.1948,0.1948,720
orders_socket,1,cpu,carts,shipping,False,False,0.0156,0.0156,720
orders_socket,1,cpu,orders,payment,False,True,-0.6111,0.6111,720
orders_socket,1,cpu,orders,shipping,False,True,-0.4655,0.4655,720
orders_socket,1,cpu,payment,shipping,True,False,0.5045,0.5045,720
orders_socket,1,mem,front-end,catalogue,False,True,-0.1366,0.1366,720
orders_socket,1,mem,front-end,user,False,True,0.3231,0.3231,720
orders_socket,1,mem,front-end,carts,False,True,-0.0214,0.0214,720
orders_socket,1,mem,front-end,orders,False,True,-0.1925,0.1925,720
orders_socket,1,mem,front-end,payment,True,False,-0.0133,0.0133,720
orders_socket,1,mem,front-end,shipping,True,False,0.2642,0.2642,720
orders_socket,1,mem,catalogue,user,False,False,-0.0453,0.0453,720
orders_socket,1,mem,catalogue,carts,False,False,-0.0824,0.0824,720
orders_socket,1,mem,catalogue,orders,False,False,-0.0848,0.0848,720
orders_socket,1,mem,catalogue,payment,False,False,0.3791,0.3791,720
orders_socket,1,mem,catalogue,shipping,False,False,0.034,0.034,720
orders_socket,1,mem,user,carts,True,False,0.0978,0.0978,720
orders_socket,1,mem,user,orders,True,True,-0.3046,0.3046,720
orders_socket,1,mem,user,payment,False,False,-0.1268,0.1268,720
orders_socket,1,mem,user,shipping,False,False,0.0185,0.0185,720
orders_socket,1,mem,carts,orders,True,True,-0.1456,0.1456,720
orders_socket,1,mem,carts,payment,False,False,-0.1895,0.1895,720
orders_socket,1,mem,carts,shipping,False,False,0.1007,0.1007,720
orders_socket,1,mem,orders,payment,False,True,0.0253,0.0253,720
orders_socket,1,mem,orders,shipping,False,True,-0.3179,0.3179,720
orders_socket,1,mem,payment,shipping,True,False,-0.0274,0.0274,720
orders_socket,2,cpu,front-end,catalogue,True,True,0.1264,0.1264,720
orders_socket,2,cpu,front-end,user,False,True,0.0269,0.0269,720
orders_socket,2,cpu,front-end,carts,False,True,0.0894,0.0894,720
orders_socket,2,cpu,front-end,orders,False,True,-0.0354,0.0354,720
orders_socket,2,cpu,front-end,payment,False,False,-0.022,0.022,720
orders_socket,2,cpu,front-end,shipping,False,False,-0.0278,0.0278,720
orders_socket,2,cpu,catalogue,user,False,False,0.0214,0.0214,720
orders_socket,2,cpu,catalogue,carts,False,False,0.0573,0.0573,720
orders_socket,2,cpu,catalogue,orders,False,False,0.1835,0.1835,720
orders_socket,2,cpu,catalogue,payment,False,False,-0.0217,0.0217,720
orders_socket,2,cpu,catalogue,shipping,False,False,0.1019,0.1019,720
orders_socket,2,cpu,user,carts,True,False,0.1041,0.1041,720
orders_socket,2,cpu,user,orders,False,True,0.1756,0.1756,720
orders_socket,2,cpu,user,payment,False,False,0.1935,0.1935,720
orders_socket,2,cpu,user,shipping,False,False,-0.183,0.183,720
orders_socket,2,cpu,carts,orders,False,True,0.1987,0.1987,720
orders_socket,2,cpu,carts,payment,False,False,0.0717,0.0717,720
orders_socket,2,cpu,carts,shipping,False,False,-0.1044,0.1044,720
orders_socket,2,cpu,orders,payment,True,True,-0.1838,0.1838,720
orders_socket,2,cpu,orders,shipping,True,True,-0.0021,0.0021,720
orders_socket,2,cpu,payment,shipping,True,False,-0.14,0.14,720
orders_socket,2,mem,front-end,catalogue,True,True,0.1249,0.1249,720
orders_socket,2,mem,front-end,user,False,True,-0.2554,0.2554,720
orders_socket,2,mem,front-end,carts,False,True,-0.0771,0.0771,720
orders_socket,2,mem,front-end,orders,False,True,0.0177,0.0177,720
orders_socket,2,mem,front-end,payment,False,False,0.0365,0.0365,720
orders_socket,2,mem,front-end,shipping,False,False,-0.077,0.077,720
orders_socket,2,mem,catalogue,user,False,False,-0.3289,0.3289,720
orders_socket,2,mem,catalogue,carts,False,False,0.1468,0.1468,720
orders_socket,2,mem,catalogue,orders,False,False,0.6495,0.6495,720
orders_socket,2,mem,catalogue,payment,False,False,0.3594,0.3594,720
orders_socket,2,mem,catalogue,shipping,False,False,-0.812,0.812,720
orders_socket,2,mem,user,carts,True,False,0.1334,0.1334,720
orders_socket,2,mem,user,orders,False,True,-0.6905,0.6905,720
orders_socket,2,mem,user,payment,False,False,-0.0803,0.0803,720
orders_socket,2,mem,user,shipping,False,False,0.1416,0.1416,720
orders_socket,2,mem,carts,orders,False,True,0.011,0.011,720
orders_socket,2,mem,carts,payment,False,False,0.0741,0.0741,720
orders_socket,2,mem,carts,shipping,False,False,-0.1563,0.1563,720
orders_socket,2,mem,orders,payment,True,True,0.3936,0.3936,720
orders_socket,2,mem,orders,shipping,True,True,-0.5519,0.5519,720
orders_socket,2,mem,payment,shipping,True,False,-0.4128,0.4128,720
orders_socket,3,cpu,front-end,catalogue,True,True,0.129,0.129,720
orders_socket,3,cpu,front-end,user,False,True,0.2263,0.2263,720
orders_socket,3,cpu,front-end,carts,False,True,-0.1037,0.1037,720
orders_socket,3,cpu,front-end,orders,False,True,0.1967,0.1967,720
orders_socket,3,cpu,front-end,payment,False,False,0.233,0.233,720
orders_socket,3,cpu,front-end,shipping,False,False,0.0574,0.0574,720
orders_socket,3,cpu,catalogue,user,False,False,0.073,0.073,720
orders_socket,3,cpu,catalogue,carts,False,False,0.1108,0.1108,720
orders_socket,3,cpu,catalogue,orders,False,False,-0.0403,0.0403,720
orders_socket,3,cpu,catalogue,payment,False,False,0.0622,0.0622,720
orders_socket,3,cpu,catalogue,shipping,False,False,-0.1499,0.1499,720
orders_socket,3,cpu,user,carts,True,False,0.2142,0.2142,720
orders_socket,3,cpu,user,orders,False,True,0.1018,0.1018,720
orders_socket,3,cpu,user,payment,False,False,0.0975,0.0975,720
orders_socket,3,cpu,user,shipping,False,False,-0.0095,0.0095,720
orders_socket,3,cpu,carts,orders,False,True,-0.2427,0.2427,720
orders_socket,3,cpu,carts,payment,False,False,0.086,0.086,720
orders_socket,3,cpu,carts,shipping,False,False,-0.2113,0.2113,720
orders_socket,3,cpu,orders,payment,True,True,0.1975,0.1975,720
orders_socket,3,cpu,orders,shipping,True,True,0.4225,0.4225,720
orders_socket,3,cpu,payment,shipping,True,False,0.0997,0.0997,720
orders_socket,3,mem,front-end,catalogue,True,True,0.0681,0.0681,720
orders_socket,3,mem,front-end,user,False,True,0.3494,0.3494,720
orders_socket,3,mem,front-end,carts,False,True,-0.3459,0.3459,720
orders_socket,3,mem,front-end,orders,False,True,-0.4095,0.4095,720
orders_socket,3,mem,front-end,payment,False,False,0.1025,0.1025,720
orders_socket,3,mem,front-end,shipping,False,False,-0.0286,0.0286,720
orders_socket,3,mem,catalogue,user,False,False,-0.1198,0.1198,720
orders_socket,3,mem,catalogue,carts,False,False,0.2576,0.2576,720
orders_socket,3,mem,catalogue,orders,False,False,0.3992,0.3992,720
orders_socket,3,mem,catalogue,payment,False,False,-0.1146,0.1146,720
orders_socket,3,mem,catalogue,shipping,False,False,0.0251,0.0251,720
orders_socket,3,mem,user,carts,True,False,-0.7242,0.7242,720
orders_socket,3,mem,user,orders,False,True,-0.6235,0.6235,720
orders_socket,3,mem,user,payment,False,False,0.733,0.733,720
orders_socket,3,mem,user,shipping,False,False,0.2986,0.2986,720
orders_socket,3,mem,carts,orders,False,True,0.7809,0.7809,720
orders_socket,3,mem,carts,payment,False,False,-0.4481,0.4481,720
orders_socket,3,mem,carts,shipping,False,False,-0.3817,0.3817,720
orders_socket,3,mem,orders,payment,True,True,-0.3412,0.3412,720
orders_socket,3,mem,orders,shipping,True,True,-0.3643,0.3643,720
orders_socket,3,mem,payment,shipping,True,False,0.1606,0.1606,720
payment_cpu,1,cpu,front-end,catalogue,False,True,0.1787,0.1787,720
payment_cpu,1,cpu,front-end,user,False,True,0.0016,0.0016,720
payment_cpu,1,cpu,front-end,carts,False,True,0.1199,0.1199,720
payment_cpu,1,cpu,front-end,orders,False,True,0.072,0.072,720
payment_cpu,1,cpu,front-end,payment,True,False,0.1197,0.1197,720
payment_cpu,1,cpu,front-end,shipping,True,False,0.0649,0.0649,720
payment_cpu,1,cpu,catalogue,user,False,False,0.0317,0.0317,720
payment_cpu,1,cpu,catalogue,carts,False,False,0.1558,0.1558,720
payment_cpu,1,cpu,catalogue,orders,False,False,0.0136,0.0136,720
payment_cpu,1,cpu,catalogue,payment,False,False,0.0964,0.0964,720
payment_cpu,1,cpu,catalogue,shipping,False,False,-0.0833,0.0833,720
payment_cpu,1,cpu,user,carts,True,False,-0.0045,0.0045,720
payment_cpu,1,cpu,user,orders,True,True,0.2069,0.2069,720
payment_cpu,1,cpu,user,payment,False,False,0.0043,0.0043,720
payment_cpu,1,cpu,user,shipping,False,False,-0.0278,0.0278,720
payment_cpu,1,cpu,carts,orders,True,True,0.1267,0.1267,720
payment_cpu,1,cpu,carts,payment,False,False,0.0757,0.0757,720
payment_cpu,1,cpu,carts,shipping,False,False,-0.0484,0.0484,720
payment_cpu,1,cpu,orders,payment,False,True,0.1042,0.1042,720
payment_cpu,1,cpu,orders,shipping,False,True,-0.0197,0.0197,720
payment_cpu,1,cpu,payment,shipping,True,False,-0.2412,0.2412,720
payment_cpu,1,mem,front-end,catalogue,False,True,0.0164,0.0164,720
payment_cpu,1,mem,front-end,user,False,True,-0.0789,0.0789,720
payment_cpu,1,mem,front-end,carts,False,True,-0.09,0.09,720
payment_cpu,1,mem,front-end,orders,False,True,0.0015,0.0015,720
payment_cpu,1,mem,front-end,payment,True,False,-0.0222,0.0222,720
payment_cpu,1,mem,front-end,shipping,True,False,-0.0023,0.0023,720
payment_cpu,1,mem,catalogue,user,False,False,0.3538,0.3538,720
payment_cpu,1,mem,catalogue,carts,False,False,-0.1021,0.1021,720
payment_cpu,1,mem,catalogue,orders,False,False,0.4989,0.4989,720
payment_cpu,1,mem,catalogue,payment,False,False,0.4116,0.4116,720
payment_cpu,1,mem,catalogue,shipping,False,False,0.5326,0.5326,720
payment_cpu,1,mem,user,carts,True,False,-0.2334,0.2334,720
payment_cpu,1,mem,user,orders,True,True,0.2695,0.2695,720
payment_cpu,1,mem,user,payment,False,False,0.2834,0.2834,720
payment_cpu,1,mem,user,shipping,False,False,0.5187,0.5187,720
payment_cpu,1,mem,carts,orders,True,True,-0.129,0.129,720
payment_cpu,1,mem,carts,payment,False,False,0.041,0.041,720
payment_cpu,1,mem,carts,shipping,False,False,-0.257,0.257,720
payment_cpu,1,mem,orders,payment,False,True,0.3794,0.3794,720
payment_cpu,1,mem,orders,shipping,False,True,0.4228,0.4228,720
payment_cpu,1,mem,payment,shipping,True,False,0.2301,0.2301,720
payment_cpu,2,cpu,front-end,catalogue,True,True,-0.0385,0.0385,720
payment_cpu,2,cpu,front-end,user,False,True,0.1006,0.1006,720
payment_cpu,2,cpu,front-end,carts,False,True,-0.1578,0.1578,720
payment_cpu,2,cpu,front-end,orders,False,True,0.0812,0.0812,720
payment_cpu,2,cpu,front-end,payment,False,False,-0.0578,0.0578,720
payment_cpu,2,cpu,front-end,shipping,False,False,-0.0283,0.0283,720
payment_cpu,2,cpu,catalogue,user,False,False,0.1521,0.1521,720
payment_cpu,2,cpu,catalogue,carts,False,False,-0.0212,0.0212,720
payment_cpu,2,cpu,catalogue,orders,False,False,-0.0183,0.0183,720
payment_cpu,2,cpu,catalogue,payment,False,False,0.122,0.122,720
payment_cpu,2,cpu,catalogue,shipping,False,False,-0.0553,0.0553,720
payment_cpu,2,cpu,user,carts,True,False,-0.0613,0.0613,720
payment_cpu,2,cpu,user,orders,False,True,-0.1471,0.1471,720
payment_cpu,2,cpu,user,payment,False,False,0.1177,0.1177,720
payment_cpu,2,cpu,user,shipping,False,False,0.1513,0.1513,720
payment_cpu,2,cpu,carts,orders,False,True,-0.1561,0.1561,720
payment_cpu,2,cpu,carts,payment,False,False,-0.0705,0.0705,720
payment_cpu,2,cpu,carts,shipping,False,False,0.1594,0.1594,720
payment_cpu,2,cpu,orders,payment,True,True,-0.1104,0.1104,720
payment_cpu,2,cpu,orders,shipping,True,True,-0.1958,0.1958,720
payment_cpu,2,cpu,payment,shipping,True,False,-0.0005,0.0005,720
payment_cpu,2,mem,front-end,catalogue,True,True,-0.1084,0.1084,720
payment_cpu,2,mem,front-end,user,False,True,-0.1753,0.1753,720
payment_cpu,2,mem,front-end,carts,False,True,-0.0738,0.0738,720
payment_cpu,2,mem,front-end,orders,False,True,0.1198,0.1198,720
payment_cpu,2,mem,front-end,payment,False,False,-0.0101,0.0101,720
payment_cpu,2,mem,front-end,shipping,False,False,0.052,0.052,720
payment_cpu,2,mem,catalogue,user,False,False,0.8422,0.8422,720
payment_cpu,2,mem,catalogue,carts,False,False,0.8227,0.8227,720
payment_cpu,2,mem,catalogue,orders,False,False,0.5568,0.5568,720
payment_cpu,2,mem,catalogue,payment,False,False,0.4859,0.4859,720
payment_cpu,2,mem,catalogue,shipping,False,False,0.1696,0.1696,720
payment_cpu,2,mem,user,carts,True,False,0.7104,0.7104,720
payment_cpu,2,mem,user,orders,False,True,0.4821,0.4821,720
payment_cpu,2,mem,user,payment,False,False,0.35,0.35,720
payment_cpu,2,mem,user,shipping,False,False,0.0817,0.0817,720
payment_cpu,2,mem,carts,orders,False,True,0.5801,0.5801,720
payment_cpu,2,mem,carts,payment,False,False,0.4726,0.4726,720
payment_cpu,2,mem,carts,shipping,False,False,0.0999,0.0999,720
payment_cpu,2,mem,orders,payment,True,True,0.481,0.481,720
payment_cpu,2,mem,orders,shipping,True,True,0.1856,0.1856,720
payment_cpu,2,mem,payment,shipping,True,False,0.5015,0.5015,720
payment_cpu,3,cpu,front-end,catalogue,True,True,0.0273,0.0273,720
payment_cpu,3,cpu,front-end,user,False,True,0.0543,0.0543,720
payment_cpu,3,cpu,front-end,carts,False,True,-0.0228,0.0228,720
payment_cpu,3,cpu,front-end,orders,False,True,-0.044,0.044,720
payment_cpu,3,cpu,front-end,payment,False,False,-0.0359,0.0359,720
payment_cpu,3,cpu,front-end,shipping,False,False,0.0235,0.0235,720
payment_cpu,3,cpu,catalogue,user,False,False,0.0096,0.0096,720
payment_cpu,3,cpu,catalogue,carts,False,False,0.1523,0.1523,720
payment_cpu,3,cpu,catalogue,orders,False,False,0.0322,0.0322,720
payment_cpu,3,cpu,catalogue,payment,False,False,0.1239,0.1239,720
payment_cpu,3,cpu,catalogue,shipping,False,False,0.0041,0.0041,720
payment_cpu,3,cpu,user,carts,True,False,0.0579,0.0579,720
payment_cpu,3,cpu,user,orders,False,True,0.0484,0.0484,720
payment_cpu,3,cpu,user,payment,False,False,0.0194,0.0194,720
payment_cpu,3,cpu,user,shipping,False,False,0.1731,0.1731,720
payment_cpu,3,cpu,carts,orders,False,True,0.1163,0.1163,720
payment_cpu,3,cpu,carts,payment,False,False,0.232,0.232,720
payment_cpu,3,cpu,carts,shipping,False,False,-0.0385,0.0385,720
payment_cpu,3,cpu,orders,payment,True,True,0.4805,0.4805,720
payment_cpu,3,cpu,orders,shipping,True,True,-0.0615,0.0615,720
payment_cpu,3,cpu,payment,shipping,True,False,0.0023,0.0023,720
payment_cpu,3,mem,front-end,catalogue,True,True,-0.026,0.026,720
payment_cpu,3,mem,front-end,user,False,True,0.111,0.111,720
payment_cpu,3,mem,front-end,carts,False,True,0.0386,0.0386,720
payment_cpu,3,mem,front-end,orders,False,True,0.1031,0.1031,720
payment_cpu,3,mem,front-end,payment,False,False,0.169,0.169,720
payment_cpu,3,mem,front-end,shipping,False,False,0.1531,0.1531,720
payment_cpu,3,mem,catalogue,user,False,False,0.8438,0.8438,720
payment_cpu,3,mem,catalogue,carts,False,False,0.8872,0.8872,720
payment_cpu,3,mem,catalogue,orders,False,False,0.7604,0.7604,720
payment_cpu,3,mem,catalogue,payment,False,False,0.3415,0.3415,720
payment_cpu,3,mem,catalogue,shipping,False,False,0.7563,0.7563,720
payment_cpu,3,mem,user,carts,True,False,0.9079,0.9079,720
payment_cpu,3,mem,user,orders,False,True,0.7235,0.7235,720
payment_cpu,3,mem,user,payment,False,False,0.4509,0.4509,720
payment_cpu,3,mem,user,shipping,False,False,0.6348,0.6348,720
payment_cpu,3,mem,carts,orders,False,True,0.7835,0.7835,720
payment_cpu,3,mem,carts,payment,False,False,0.4694,0.4694,720
payment_cpu,3,mem,carts,shipping,False,False,0.7752,0.7752,720
payment_cpu,3,mem,orders,payment,True,True,0.5324,0.5324,720
payment_cpu,3,mem,orders,shipping,True,True,0.7655,0.7655,720
payment_cpu,3,mem,payment,shipping,True,False,0.3927,0.3927,720
payment_delay,1,cpu,front-end,catalogue,False,True,0.0166,0.0166,720
payment_delay,1,cpu,front-end,user,False,True,0.0795,0.0795,720
payment_delay,1,cpu,front-end,carts,False,True,0.0092,0.0092,720
payment_delay,1,cpu,front-end,orders,False,True,0.2023,0.2023,720
payment_delay,1,cpu,front-end,payment,True,False,-0.082,0.082,720
payment_delay,1,cpu,front-end,shipping,True,False,0.04,0.04,720
payment_delay,1,cpu,catalogue,user,False,False,-0.011,0.011,720
payment_delay,1,cpu,catalogue,carts,False,False,-0.0853,0.0853,720
payment_delay,1,cpu,catalogue,orders,False,False,0.0931,0.0931,720
payment_delay,1,cpu,catalogue,payment,False,False,0.1529,0.1529,720
payment_delay,1,cpu,catalogue,shipping,False,False,0.0939,0.0939,720
payment_delay,1,cpu,user,carts,True,False,0.0588,0.0588,720
payment_delay,1,cpu,user,orders,True,True,0.2109,0.2109,720
payment_delay,1,cpu,user,payment,False,False,0.1414,0.1414,720
payment_delay,1,cpu,user,shipping,False,False,0.2532,0.2532,720
payment_delay,1,cpu,carts,orders,True,True,0.052,0.052,720
payment_delay,1,cpu,carts,payment,False,False,0.0376,0.0376,720
payment_delay,1,cpu,carts,shipping,False,False,0.0519,0.0519,720
payment_delay,1,cpu,orders,payment,False,True,-0.0915,0.0915,720
payment_delay,1,cpu,orders,shipping,False,True,0.22,0.22,720
payment_delay,1,cpu,payment,shipping,True,False,0.1348,0.1348,720
payment_delay,1,mem,front-end,catalogue,False,True,-0.0721,0.0721,720
payment_delay,1,mem,front-end,user,False,True,-0.1648,0.1648,720
payment_delay,1,mem,front-end,carts,False,True,-0.059,0.059,720
payment_delay,1,mem,front-end,orders,False,True,0.1128,0.1128,720
payment_delay,1,mem,front-end,payment,True,False,0.3124,0.3124,720
payment_delay,1,mem,front-end,shipping,True,False,-0.2269,0.2269,720
payment_delay,1,mem,catalogue,user,False,False,-0.1804,0.1804,720
payment_delay,1,mem,catalogue,carts,False,False,0.2151,0.2151,720
payment_delay,1,mem,catalogue,orders,False,False,0.3712,0.3712,720
payment_delay,1,mem,catalogue,payment,False,False,0.1537,0.1537,720
payment_delay,1,mem,catalogue,shipping,False,False,0.013,0.013,720
payment_delay,1,mem,user,carts,True,False,-0.3152,0.3152,720
payment_delay,1,mem,user,orders,True,True,-0.3734,0.3734,720
payment_delay,1,mem,user,payment,False,False,-0.4168,0.4168,720
payment_delay,1,mem,user,shipping,False,False,0.0621,0.0621,720
payment_delay,1,mem,carts,orders,True,True,0.5803,0.5803,720
payment_delay,1,mem,carts,payment,False,False,0.3657,0.3657,720
payment_delay,1,mem,carts,shipping,False,False,-0.0603,0.0603,720
payment_delay,1,mem,orders,payment,False,True,0.6027,0.6027,720
payment_delay,1,mem,orders,shipping,False,True,0.0046,0.0046,720
payment_delay,1,mem,payment,shipping,True,False,-0.0573,0.0573,720
payment_delay,2,cpu,front-end,catalogue,True,True,0.1073,0.1073,720
payment_delay,2,cpu,front-end,user,False,True,0.0535,0.0535,720
payment_delay,2,cpu,front-end,carts,False,True,0.0778,0.0778,720
payment_delay,2,cpu,front-end,orders,False,True,0.0043,0.0043,720
payment_delay,2,cpu,front-end,payment,False,False,-0.0162,0.0162,720
payment_delay,2,cpu,front-end,shipping,False,False,0.076,0.076,720
payment_delay,2,cpu,catalogue,user,False,False,0.1613,0.1613,720
payment_delay,2,cpu,catalogue,carts,False,False,0.0655,0.0655,720
payment_delay,2,cpu,catalogue,orders,False,False,-0.0826,0.0826,720
payment_delay,2,cpu,catalogue,payment,False,False,-0.0508,0.0508,720
payment_delay,2,cpu,catalogue,shipping,False,False,0.0776,0.0776,720
payment_delay,2,cpu,user,carts,True,False,0.1548,0.1548,720
payment_delay,2,cpu,user,orders,False,True,-0.113,0.113,720
payment_delay,2,cpu,user,payment,False,False,-0.2457,0.2457,720
payment_delay,2,cpu,user,shipping,False,False,0.1605,0.1605,720
payment_delay,2,cpu,carts,orders,False,True,0.0485,0.0485,720
payment_delay,2,cpu,carts,payment,False,False,-0.0145,0.0145,720
payment_delay,2,cpu,carts,shipping,False,False,0.1767,0.1767,720
payment_delay,2,cpu,orders,payment,True,True,0.3997,0.3997,720
payment_delay,2,cpu,orders,shipping,True,True,0.6071,0.6071,720
payment_delay,2,cpu,payment,shipping,True,False,-0.001,0.001,720
payment_delay,2,mem,front-end,catalogue,True,True,-0.0228,0.0228,720
payment_delay,2,mem,front-end,user,False,True,0.0663,0.0663,720
payment_delay,2,mem,front-end,carts,False,True,0.0732,0.0732,720
payment_delay,2,mem,front-end,orders,False,True,0.0953,0.0953,720
payment_delay,2,mem,front-end,payment,False,False,-0.037,0.037,720
payment_delay,2,mem,front-end,shipping,False,False,0.0527,0.0527,720
payment_delay,2,mem,catalogue,user,False,False,-0.3385,0.3385,720
payment_delay,2,mem,catalogue,carts,False,False,-0.1427,0.1427,720
payment_delay,2,mem,catalogue,orders,False,False,-0.0844,0.0844,720
payment_delay,2,mem,catalogue,payment,False,False,-0.689,0.689,720
payment_delay,2,mem,catalogue,shipping,False,False,-0.2097,0.2097,720
payment_delay,2,mem,user,carts,True,False,0.1136,0.1136,720
payment_delay,2,mem,user,orders,False,True,0.3128,0.3128,720
payment_delay,2,mem,user,payment,False,False,0.3438,0.3438,720
payment_delay,2,mem,user,shipping,False,False,0.3666,0.3666,720
payment_delay,2,mem,carts,orders,False,True,0.117,0.117,720
payment_delay,2,mem,carts,payment,False,False,0.2597,0.2597,720
payment_delay,2,mem,carts,shipping,False,False,0.1632,0.1632,720
payment_delay,2,mem,orders,payment,True,True,0.2608,0.2608,720
payment_delay,2,mem,orders,shipping,True,True,0.9025,0.9025,720
payment_delay,2,mem,payment,shipping,True,False,0.4273,0.4273,720
payment_delay,3,cpu,front-end,catalogue,True,True,0.091,0.091,720
payment_delay,3,cpu,front-end,user,False,True,0.0119,0.0119,720
payment_delay,3,cpu,front-end,carts,False,True,0.0826,0.0826,720
payment_delay,3,cpu,front-end,orders,False,True,0.299,0.299,720
payment_delay,3,cpu,front-end,payment,False,False,0.1644,0.1644,720
payment_delay,3,cpu,front-end,shipping,False,False,0.2223,0.2223,720
payment_delay,3,cpu,catalogue,user,False,False,0.0954,0.0954,720
payment_delay,3,cpu,catalogue,carts,False,False,0.1175,0.1175,720
payment_delay,3,cpu,catalogue,orders,False,False,0.1239,0.1239,720
payment_delay,3,cpu,catalogue,payment,False,False,0.0363,0.0363,720
payment_delay,3,cpu,catalogue,shipping,False,False,0.0788,0.0788,720
payment_delay,3,cpu,user,carts,True,False,-0.1229,0.1229,720
payment_delay,3,cpu,user,orders,False,True,0.0271,0.0271,720
payment_delay,3,cpu,user,payment,False,False,-0.0657,0.0657,720
payment_delay,3,cpu,user,shipping,False,False,0.0217,0.0217,720
payment_delay,3,cpu,carts,orders,False,True,0.5008,0.5008,720
payment_delay,3,cpu,carts,payment,False,False,0.4301,0.4301,720
payment_delay,3,cpu,carts,shipping,False,False,0.5087,0.5087,720
payment_delay,3,cpu,orders,payment,True,True,0.4612,0.4612,720
payment_delay,3,cpu,orders,shipping,True,True,0.8181,0.8181,720
payment_delay,3,cpu,payment,shipping,True,False,0.5108,0.5108,720
payment_delay,3,mem,front-end,catalogue,True,True,0.3243,0.3243,720
payment_delay,3,mem,front-end,user,False,True,0.2597,0.2597,720
payment_delay,3,mem,front-end,carts,False,True,0.2336,0.2336,720
payment_delay,3,mem,front-end,orders,False,True,0.2743,0.2743,720
payment_delay,3,mem,front-end,payment,False,False,0.2943,0.2943,720
payment_delay,3,mem,front-end,shipping,False,False,0.2107,0.2107,720
payment_delay,3,mem,catalogue,user,False,False,0.9115,0.9115,720
payment_delay,3,mem,catalogue,carts,False,False,0.9542,0.9542,720
payment_delay,3,mem,catalogue,orders,False,False,0.9054,0.9054,720
payment_delay,3,mem,catalogue,payment,False,False,0.8522,0.8522,720
payment_delay,3,mem,catalogue,shipping,False,False,0.8249,0.8249,720
payment_delay,3,mem,user,carts,True,False,0.9433,0.9433,720
payment_delay,3,mem,user,orders,False,True,0.974,0.974,720
payment_delay,3,mem,user,payment,False,False,0.6614,0.6614,720
payment_delay,3,mem,user,shipping,False,False,0.9604,0.9604,720
payment_delay,3,mem,carts,orders,False,True,0.9357,0.9357,720
payment_delay,3,mem,carts,payment,False,False,0.7465,0.7465,720
payment_delay,3,mem,carts,shipping,False,False,0.8972,0.8972,720
payment_delay,3,mem,orders,payment,True,True,0.6745,0.6745,720
payment_delay,3,mem,orders,shipping,True,True,0.9598,0.9598,720
payment_delay,3,mem,payment,shipping,True,False,0.5122,0.5122,720
payment_disk,1,cpu,front-end,catalogue,False,True,0.0452,0.0452,720
payment_disk,1,cpu,front-end,user,False,True,0.0824,0.0824,720
payment_disk,1,cpu,front-end,carts,False,True,0.1197,0.1197,720
payment_disk,1,cpu,front-end,orders,False,True,-0.1313,0.1313,720
payment_disk,1,cpu,front-end,payment,True,False,-0.0084,0.0084,720
payment_disk,1,cpu,front-end,shipping,True,False,0.2174,0.2174,720
payment_disk,1,cpu,catalogue,user,False,False,0.0183,0.0183,720
payment_disk,1,cpu,catalogue,carts,False,False,-0.0238,0.0238,720
payment_disk,1,cpu,catalogue,orders,False,False,0.1881,0.1881,720
payment_disk,1,cpu,catalogue,payment,False,False,-0.073,0.073,720
payment_disk,1,cpu,catalogue,shipping,False,False,0.0492,0.0492,720
payment_disk,1,cpu,user,carts,True,False,0.1084,0.1084,720
payment_disk,1,cpu,user,orders,True,True,-0.0085,0.0085,720
payment_disk,1,cpu,user,payment,False,False,-0.0545,0.0545,720
payment_disk,1,cpu,user,shipping,False,False,0.1309,0.1309,720
payment_disk,1,cpu,carts,orders,True,True,0.1076,0.1076,720
payment_disk,1,cpu,carts,payment,False,False,-0.2129,0.2129,720
payment_disk,1,cpu,carts,shipping,False,False,0.0106,0.0106,720
payment_disk,1,cpu,orders,payment,False,True,-0.2446,0.2446,720
payment_disk,1,cpu,orders,shipping,False,True,-0.0326,0.0326,720
payment_disk,1,cpu,payment,shipping,True,False,0.3206,0.3206,720
payment_disk,1,mem,front-end,catalogue,False,True,0.6285,0.6285,720
payment_disk,1,mem,front-end,user,False,True,0.5569,0.5569,720
payment_disk,1,mem,front-end,carts,False,True,-0.1854,0.1854,720
payment_disk,1,mem,front-end,orders,False,True,0.3046,0.3046,720
payment_disk,1,mem,front-end,payment,True,False,0.0084,0.0084,720
payment_disk,1,mem,front-end,shipping,True,False,0.0608,0.0608,720
payment_disk,1,mem,catalogue,user,False,False,0.6692,0.6692,720
payment_disk,1,mem,catalogue,carts,False,False,-0.2457,0.2457,720
payment_disk,1,mem,catalogue,orders,False,False,0.3193,0.3193,720
payment_disk,1,mem,catalogue,payment,False,False,0.063,0.063,720
payment_disk,1,mem,catalogue,shipping,False,False,0.1297,0.1297,720
payment_disk,1,mem,user,carts,True,False,-0.1383,0.1383,720
payment_disk,1,mem,user,orders,True,True,0.2732,0.2732,720
payment_disk,1,mem,user,payment,False,False,0.1314,0.1314,720
payment_disk,1,mem,user,shipping,False,False,0.0197,0.0197,720
payment_disk,1,mem,carts,orders,True,True,-0.2778,0.2778,720
payment_disk,1,mem,carts,payment,False,False,-0.071,0.071,720
payment_disk,1,mem,carts,shipping,False,False,-0.114,0.114,720
payment_disk,1,mem,orders,payment,False,True,0.4823,0.4823,720
payment_disk,1,mem,orders,shipping,False,True,0.1911,0.1911,720
payment_disk,1,mem,payment,shipping,True,False,0.1728,0.1728,720
payment_disk,2,cpu,front-end,catalogue,True,True,0.0053,0.0053,720
payment_disk,2,cpu,front-end,user,False,True,0.2283,0.2283,720
payment_disk,2,cpu,front-end,carts,False,True,0.0468,0.0468,720
payment_disk,2,cpu,front-end,orders,False,True,0.0908,0.0908,720
payment_disk,2,cpu,front-end,payment,False,False,-0.0802,0.0802,720
payment_disk,2,cpu,front-end,shipping,False,False,0.2455,0.2455,720
payment_disk,2,cpu,catalogue,user,False,False,0.0511,0.0511,720
payment_disk,2,cpu,catalogue,carts,False,False,-0.0014,0.0014,720
payment_disk,2,cpu,catalogue,orders,False,False,-0.0305,0.0305,720
payment_disk,2,cpu,catalogue,payment,False,False,-0.0644,0.0644,720
payment_disk,2,cpu,catalogue,shipping,False,False,-0.0895,0.0895,720
payment_disk,2,cpu,user,carts,True,False,-0.1123,0.1123,720
payment_disk,2,cpu,user,orders,False,True,0.0436,0.0436,720
payment_disk,2,cpu,user,payment,False,False,-0.0641,0.0641,720
payment_disk,2,cpu,user,shipping,False,False,0.0466,0.0466,720
payment_disk,2,cpu,carts,orders,False,True,0.7139,0.7139,720
payment_disk,2,cpu,carts,payment,False,False,0.3386,0.3386,720
payment_disk,2,cpu,carts,shipping,False,False,0.6098,0.6098,720
payment_disk,2,cpu,orders,payment,True,True,0.4785,0.4785,720
payment_disk,2,cpu,orders,shipping,True,True,0.6358,0.6358,720
payment_disk,2,cpu,payment,shipping,True,False,0.2197,0.2197,720
payment_disk,2,mem,front-end,catalogue,True,True,0.2162,0.2162,720
payment_disk,2,mem,front-end,user,False,True,0.1975,0.1975,720
payment_disk,2,mem,front-end,carts,False,True,0.1935,0.1935,720
payment_disk,2,mem,front-end,orders,False,True,0.1832,0.1832,720
payment_disk,2,mem,front-end,payment,False,False,0.0978,0.0978,720
payment_disk,2,mem,front-end,shipping,False,False,0.0543,0.0543,720
payment_disk,2,mem,catalogue,user,False,False,0.8843,0.8843,720
payment_disk,2,mem,catalogue,carts,False,False,0.9447,0.9447,720
payment_disk,2,mem,catalogue,orders,False,False,0.8285,0.8285,720
payment_disk,2,mem,catalogue,payment,False,False,0.7919,0.7919,720
payment_disk,2,mem,catalogue,shipping,False,False,0.2155,0.2155,720
payment_disk,2,mem,user,carts,True,False,0.9707,0.9707,720
payment_disk,2,mem,user,orders,False,True,0.9781,0.9781,720
payment_disk,2,mem,user,payment,False,False,0.578,0.578,720
payment_disk,2,mem,user,shipping,False,False,0.5867,0.5867,720
payment_disk,2,mem,carts,orders,False,True,0.9467,0.9467,720
payment_disk,2,mem,carts,payment,False,False,0.7375,0.7375,720
payment_disk,2,mem,carts,shipping,False,False,0.4404,0.4404,720
payment_disk,2,mem,orders,payment,True,True,0.5358,0.5358,720
payment_disk,2,mem,orders,shipping,True,True,0.6628,0.6628,720
payment_disk,2,mem,payment,shipping,True,False,-0.1699,0.1699,720
payment_disk,3,cpu,front-end,catalogue,True,True,0.0119,0.0119,719
payment_disk,3,cpu,front-end,user,False,True,0.1039,0.1039,720
payment_disk,3,cpu,front-end,carts,False,True,0.0381,0.0381,720
payment_disk,3,cpu,front-end,orders,False,True,0.1574,0.1574,720
payment_disk,3,cpu,front-end,payment,False,False,-0.0064,0.0064,720
payment_disk,3,cpu,front-end,shipping,False,False,-0.0537,0.0537,720
payment_disk,3,cpu,catalogue,user,False,False,0.0637,0.0637,719
payment_disk,3,cpu,catalogue,carts,False,False,-0.0064,0.0064,719
payment_disk,3,cpu,catalogue,orders,False,False,-0.1571,0.1571,719
payment_disk,3,cpu,catalogue,payment,False,False,-0.0635,0.0635,719
payment_disk,3,cpu,catalogue,shipping,False,False,-0.0347,0.0347,719
payment_disk,3,cpu,user,carts,True,False,-0.0103,0.0103,720
payment_disk,3,cpu,user,orders,False,True,0.1222,0.1222,720
payment_disk,3,cpu,user,payment,False,False,0.0272,0.0272,720
payment_disk,3,cpu,user,shipping,False,False,0.0041,0.0041,720
payment_disk,3,cpu,carts,orders,False,True,0.0799,0.0799,720
payment_disk,3,cpu,carts,payment,False,False,-0.0409,0.0409,720
payment_disk,3,cpu,carts,shipping,False,False,0.5655,0.5655,720
payment_disk,3,cpu,orders,payment,True,True,-0.1221,0.1221,720
payment_disk,3,cpu,orders,shipping,True,True,-0.0741,0.0741,720
payment_disk,3,cpu,payment,shipping,True,False,0.1021,0.1021,720
payment_disk,3,mem,front-end,catalogue,True,True,-0.1624,0.1624,720
payment_disk,3,mem,front-end,user,False,True,-0.2591,0.2591,720
payment_disk,3,mem,front-end,carts,False,True,-0.1671,0.1671,720
payment_disk,3,mem,front-end,orders,False,True,-0.0907,0.0907,720
payment_disk,3,mem,front-end,payment,False,False,-0.0805,0.0805,720
payment_disk,3,mem,front-end,shipping,False,False,-0.0818,0.0818,720
payment_disk,3,mem,catalogue,user,False,False,0.4906,0.4906,720
payment_disk,3,mem,catalogue,carts,False,False,0.5526,0.5526,720
payment_disk,3,mem,catalogue,orders,False,False,0.6648,0.6648,720
payment_disk,3,mem,catalogue,payment,False,False,0.7142,0.7142,720
payment_disk,3,mem,catalogue,shipping,False,False,0.9115,0.9115,720
payment_disk,3,mem,user,carts,True,False,0.2882,0.2882,720
payment_disk,3,mem,user,orders,False,True,0.4362,0.4362,720
payment_disk,3,mem,user,payment,False,False,0.4771,0.4771,720
payment_disk,3,mem,user,shipping,False,False,0.4407,0.4407,720
payment_disk,3,mem,carts,orders,False,True,0.2769,0.2769,720
payment_disk,3,mem,carts,payment,False,False,0.3874,0.3874,720
payment_disk,3,mem,carts,shipping,False,False,0.5278,0.5278,720
payment_disk,3,mem,orders,payment,True,True,0.3484,0.3484,720
payment_disk,3,mem,orders,shipping,True,True,0.5598,0.5598,720
payment_disk,3,mem,payment,shipping,True,False,0.8194,0.8194,720
payment_loss,1,cpu,front-end,catalogue,False,True,0.1002,0.1002,720
payment_loss,1,cpu,front-end,user,False,True,0.1948,0.1948,720
payment_loss,1,cpu,front-end,carts,False,True,-0.0443,0.0443,718
payment_loss,1,cpu,front-end,orders,False,True,0.1051,0.1051,720
payment_loss,1,cpu,front-end,payment,True,False,0.0099,0.0099,720
payment_loss,1,cpu,front-end,shipping,True,False,-0.0103,0.0103,720
payment_loss,1,cpu,catalogue,user,False,False,0.1414,0.1414,720
payment_loss,1,cpu,catalogue,carts,False,False,0.1318,0.1318,718
payment_loss,1,cpu,catalogue,orders,False,False,0.0985,0.0985,720
payment_loss,1,cpu,catalogue,payment,False,False,0.0262,0.0262,720
payment_loss,1,cpu,catalogue,shipping,False,False,-0.0322,0.0322,720
payment_loss,1,cpu,user,carts,True,False,0.0612,0.0612,718
payment_loss,1,cpu,user,orders,True,True,0.3644,0.3644,720
payment_loss,1,cpu,user,payment,False,False,0.0214,0.0214,720
payment_loss,1,cpu,user,shipping,False,False,0.0688,0.0688,720
payment_loss,1,cpu,carts,orders,True,True,0.0499,0.0499,718
payment_loss,1,cpu,carts,payment,False,False,-0.0027,0.0027,718
payment_loss,1,cpu,carts,shipping,False,False,0.0917,0.0917,718
payment_loss,1,cpu,orders,payment,False,True,0.0155,0.0155,720
payment_loss,1,cpu,orders,shipping,False,True,0.024,0.024,720
payment_loss,1,cpu,payment,shipping,True,False,0.0013,0.0013,720
payment_loss,1,mem,front-end,catalogue,False,True,0.0711,0.0711,720
payment_loss,1,mem,front-end,user,False,True,0.0003,0.0003,720
payment_loss,1,mem,front-end,carts,False,True,0.178,0.178,720
payment_loss,1,mem,front-end,orders,False,True,0.0,0.0,720
payment_loss,1,mem,front-end,payment,True,False,-0.0154,0.0154,720
payment_loss,1,mem,front-end,shipping,True,False,0.0099,0.0099,720
payment_loss,1,mem,catalogue,user,False,False,0.2609,0.2609,720
payment_loss,1,mem,catalogue,carts,False,False,-0.1179,0.1179,720
payment_loss,1,mem,catalogue,orders,False,False,0.1274,0.1274,720
payment_loss,1,mem,catalogue,payment,False,False,0.192,0.192,720
payment_loss,1,mem,catalogue,shipping,False,False,0.1365,0.1365,720
payment_loss,1,mem,user,carts,True,False,-0.0921,0.0921,720
payment_loss,1,mem,user,orders,True,True,-0.0334,0.0334,720
payment_loss,1,mem,user,payment,False,False,0.1201,0.1201,720
payment_loss,1,mem,user,shipping,False,False,-0.0915,0.0915,720
payment_loss,1,mem,carts,orders,True,True,-0.0426,0.0426,720
payment_loss,1,mem,carts,payment,False,False,0.136,0.136,720
payment_loss,1,mem,carts,shipping,False,False,0.4917,0.4917,720
payment_loss,1,mem,orders,payment,False,True,0.1579,0.1579,720
payment_loss,1,mem,orders,shipping,False,True,0.0367,0.0367,720
payment_loss,1,mem,payment,shipping,True,False,0.1036,0.1036,720
payment_loss,2,cpu,front-end,catalogue,True,True,0.203,0.203,720
payment_loss,2,cpu,front-end,user,False,True,0.2059,0.2059,720
payment_loss,2,cpu,front-end,carts,False,True,0.2189,0.2189,720
payment_loss,2,cpu,front-end,orders,False,True,0.0902,0.0902,720
payment_loss,2,cpu,front-end,payment,False,False,0.0745,0.0745,720
payment_loss,2,cpu,front-end,shipping,False,False,0.1493,0.1493,720
payment_loss,2,cpu,catalogue,user,False,False,0.1208,0.1208,720
payment_loss,2,cpu,catalogue,carts,False,False,0.2049,0.2049,720
payment_loss,2,cpu,catalogue,orders,False,False,0.0143,0.0143,720
payment_loss,2,cpu,catalogue,payment,False,False,-0.1493,0.1493,720
payment_loss,2,cpu,catalogue,shipping,False,False,0.064,0.064,720
payment_loss,2,cpu,user,carts,True,False,0.1971,0.1971,720
payment_loss,2,cpu,user,orders,False,True,0.0002,0.0002,720
payment_loss,2,cpu,user,payment,False,False,0.0741,0.0741,720
payment_loss,2,cpu,user,shipping,False,False,-0.0426,0.0426,720
payment_loss,2,cpu,carts,orders,False,True,-0.0195,0.0195,720
payment_loss,2,cpu,carts,payment,False,False,0.0047,0.0047,720
payment_loss,2,cpu,carts,shipping,False,False,-0.0386,0.0386,720
payment_loss,2,cpu,orders,payment,True,True,-0.0768,0.0768,720
payment_loss,2,cpu,orders,shipping,True,True,-0.0227,0.0227,720
payment_loss,2,cpu,payment,shipping,True,False,0.1788,0.1788,720
payment_loss,2,mem,front-end,catalogue,True,True,-0.0077,0.0077,720
payment_loss,2,mem,front-end,user,False,True,0.0144,0.0144,720
payment_loss,2,mem,front-end,carts,False,True,0.0296,0.0296,720
payment_loss,2,mem,front-end,orders,False,True,0.0244,0.0244,720
payment_loss,2,mem,front-end,payment,False,False,-0.0204,0.0204,720
payment_loss,2,mem,front-end,shipping,False,False,0.0494,0.0494,720
payment_loss,2,mem,catalogue,user,False,False,0.798,0.798,720
payment_loss,2,mem,catalogue,carts,False,False,0.8125,0.8125,720
payment_loss,2,mem,catalogue,orders,False,False,0.8671,0.8671,720
payment_loss,2,mem,catalogue,payment,False,False,0.7886,0.7886,720
payment_loss,2,mem,catalogue,shipping,False,False,0.8032,0.8032,720
payment_loss,2,mem,user,carts,True,False,0.7857,0.7857,720
payment_loss,2,mem,user,orders,False,True,0.8731,0.8731,720
payment_loss,2,mem,user,payment,False,False,0.9143,0.9143,720
payment_loss,2,mem,user,shipping,False,False,0.8075,0.8075,720
payment_loss,2,mem,carts,orders,False,True,0.8532,0.8532,720
payment_loss,2,mem,carts,payment,False,False,0.7793,0.7793,720
payment_loss,2,mem,carts,shipping,False,False,0.8956,0.8956,720
payment_loss,2,mem,orders,payment,True,True,0.8594,0.8594,720
payment_loss,2,mem,orders,shipping,True,True,0.9291,0.9291,720
payment_loss,2,mem,payment,shipping,True,False,0.771,0.771,720
payment_loss,3,cpu,front-end,catalogue,True,True,0.0319,0.0319,720
payment_loss,3,cpu,front-end,user,False,True,0.0332,0.0332,720
payment_loss,3,cpu,front-end,carts,False,True,0.0586,0.0586,720
payment_loss,3,cpu,front-end,orders,False,True,-0.0708,0.0708,720
payment_loss,3,cpu,front-end,payment,False,False,0.0717,0.0717,720
payment_loss,3,cpu,front-end,shipping,False,False,-0.1758,0.1758,720
payment_loss,3,cpu,catalogue,user,False,False,0.0721,0.0721,720
payment_loss,3,cpu,catalogue,carts,False,False,-0.0192,0.0192,720
payment_loss,3,cpu,catalogue,orders,False,False,-0.0361,0.0361,720
payment_loss,3,cpu,catalogue,payment,False,False,-0.0854,0.0854,720
payment_loss,3,cpu,catalogue,shipping,False,False,0.1474,0.1474,720
payment_loss,3,cpu,user,carts,True,False,0.1747,0.1747,720
payment_loss,3,cpu,user,orders,False,True,0.0152,0.0152,720
payment_loss,3,cpu,user,payment,False,False,-0.2149,0.2149,720
payment_loss,3,cpu,user,shipping,False,False,-0.0455,0.0455,720
payment_loss,3,cpu,carts,orders,False,True,-0.0374,0.0374,720
payment_loss,3,cpu,carts,payment,False,False,-0.0525,0.0525,720
payment_loss,3,cpu,carts,shipping,False,False,0.037,0.037,720
payment_loss,3,cpu,orders,payment,True,True,-0.0978,0.0978,720
payment_loss,3,cpu,orders,shipping,True,True,0.1673,0.1673,720
payment_loss,3,cpu,payment,shipping,True,False,0.0279,0.0279,720
payment_loss,3,mem,front-end,catalogue,True,True,0.0156,0.0156,720
payment_loss,3,mem,front-end,user,False,True,0.0414,0.0414,720
payment_loss,3,mem,front-end,carts,False,True,0.1591,0.1591,720
payment_loss,3,mem,front-end,orders,False,True,-0.0248,0.0248,720
payment_loss,3,mem,front-end,payment,False,False,0.0018,0.0018,720
payment_loss,3,mem,front-end,shipping,False,False,0.0156,0.0156,720
payment_loss,3,mem,catalogue,user,False,False,0.8404,0.8404,720
payment_loss,3,mem,catalogue,carts,False,False,0.4904,0.4904,720
payment_loss,3,mem,catalogue,orders,False,False,-0.4835,0.4835,720
payment_loss,3,mem,catalogue,payment,False,False,0.7751,0.7751,720
payment_loss,3,mem,catalogue,shipping,False,False,0.0908,0.0908,720
payment_loss,3,mem,user,carts,True,False,0.4604,0.4604,720
payment_loss,3,mem,user,orders,False,True,-0.5957,0.5957,720
payment_loss,3,mem,user,payment,False,False,0.5521,0.5521,720
payment_loss,3,mem,user,shipping,False,False,-0.039,0.039,720
payment_loss,3,mem,carts,orders,False,True,-0.2039,0.2039,720
payment_loss,3,mem,carts,payment,False,False,0.5518,0.5518,720
payment_loss,3,mem,carts,shipping,False,False,-0.1574,0.1574,720
payment_loss,3,mem,orders,payment,True,True,-0.0915,0.0915,720
payment_loss,3,mem,orders,shipping,True,True,-0.4395,0.4395,720
payment_loss,3,mem,payment,shipping,True,False,-0.2175,0.2175,720
payment_mem,1,cpu,front-end,catalogue,True,True,0.058,0.058,720
payment_mem,1,cpu,front-end,user,False,True,0.4276,0.4276,720
payment_mem,1,cpu,front-end,carts,False,True,-0.026,0.026,720
payment_mem,1,cpu,front-end,orders,False,True,0.5043,0.5043,720
payment_mem,1,cpu,front-end,payment,False,False,0.333,0.333,720
payment_mem,1,cpu,front-end,shipping,False,False,0.011,0.011,718
payment_mem,1,cpu,catalogue,user,False,False,0.0973,0.0973,720
payment_mem,1,cpu,catalogue,carts,False,False,0.0287,0.0287,720
payment_mem,1,cpu,catalogue,orders,False,False,0.2029,0.2029,720
payment_mem,1,cpu,catalogue,payment,False,False,0.0334,0.0334,720
payment_mem,1,cpu,catalogue,shipping,False,False,-0.0522,0.0522,718
payment_mem,1,cpu,user,carts,False,False,-0.1879,0.1879,720
payment_mem,1,cpu,user,orders,False,True,0.441,0.441,720
payment_mem,1,cpu,user,payment,False,False,0.1992,0.1992,720
payment_mem,1,cpu,user,shipping,False,False,-0.1524,0.1524,718
payment_mem,1,cpu,carts,orders,True,True,-0.0454,0.0454,720
payment_mem,1,cpu,carts,payment,True,False,0.0618,0.0618,720
payment_mem,1,cpu,carts,shipping,True,False,0.265,0.265,718
payment_mem,1,cpu,orders,payment,True,True,-0.1728,0.1728,720
payment_mem,1,cpu,orders,shipping,True,True,-0.1034,0.1034,718
payment_mem,1,cpu,payment,shipping,True,False,-0.0214,0.0214,718
payment_mem,1,mem,front-end,catalogue,True,True,0.0847,0.0847,720
payment_mem,1,mem,front-end,user,False,True,0.1343,0.1343,720
payment_mem,1,mem,front-end,carts,False,True,-0.041,0.041,720
payment_mem,1,mem,front-end,orders,False,True,-0.0887,0.0887,720
payment_mem,1,mem,front-end,payment,False,False,-0.0536,0.0536,720
payment_mem,1,mem,front-end,shipping,False,False,0.0434,0.0434,720
payment_mem,1,mem,catalogue,user,False,False,0.679,0.679,720
payment_mem,1,mem,catalogue,carts,False,False,0.5658,0.5658,720
payment_mem,1,mem,catalogue,orders,False,False,-0.3683,0.3683,720
payment_mem,1,mem,catalogue,payment,False,False,0.5797,0.5797,720
payment_mem,1,mem,catalogue,shipping,False,False,0.6781,0.6781,720
payment_mem,1,mem,user,carts,False,False,0.8088,0.8088,720
payment_mem,1,mem,user,orders,False,True,-0.7724,0.7724,720
payment_mem,1,mem,user,payment,False,False,0.7451,0.7451,720
payment_mem,1,mem,user,shipping,False,False,0.9009,0.9009,720
payment_mem,1,mem,carts,orders,True,True,-0.6092,0.6092,720
payment_mem,1,mem,carts,payment,True,False,0.7086,0.7086,720
payment_mem,1,mem,carts,shipping,True,False,0.7781,0.7781,720
payment_mem,1,mem,orders,payment,True,True,-0.5778,0.5778,720
payment_mem,1,mem,orders,shipping,True,True,-0.7868,0.7868,720
payment_mem,1,mem,payment,shipping,True,False,0.8192,0.8192,720
payment_mem,2,cpu,front-end,catalogue,True,True,-0.0368,0.0368,720
payment_mem,2,cpu,front-end,user,False,True,0.0727,0.0727,718
payment_mem,2,cpu,front-end,carts,False,True,-0.0183,0.0183,720
payment_mem,2,cpu,front-end,orders,False,True,-0.1257,0.1257,720
payment_mem,2,cpu,front-end,payment,False,False,0.0874,0.0874,720
payment_mem,2,cpu,front-end,shipping,False,False,-0.0607,0.0607,720
payment_mem,2,cpu,catalogue,user,False,False,0.0315,0.0315,718
payment_mem,2,cpu,catalogue,carts,False,False,0.0152,0.0152,720
payment_mem,2,cpu,catalogue,orders,False,False,0.0471,0.0471,720
payment_mem,2,cpu,catalogue,payment,False,False,0.0542,0.0542,720
payment_mem,2,cpu,catalogue,shipping,False,False,-0.0198,0.0198,720
payment_mem,2,cpu,user,carts,True,False,-0.0277,0.0277,718
payment_mem,2,cpu,user,orders,False,True,0.0741,0.0741,718
payment_mem,2,cpu,user,payment,False,False,-0.1111,0.1111,718
payment_mem,2,cpu,user,shipping,False,False,0.1623,0.1623,718
payment_mem,2,cpu,carts,orders,False,True,0.3522,0.3522,720
payment_mem,2,cpu,carts,payment,False,False,-0.0615,0.0615,720
payment_mem,2,cpu,carts,shipping,False,False,0.4354,0.4354,720
payment_mem,2,cpu,orders,payment,True,True,-0.0525,0.0525,720
payment_mem,2,cpu,orders,shipping,True,True,0.1796,0.1796,720
payment_mem,2,cpu,payment,shipping,True,False,-0.2052,0.2052,720
payment_mem,2,mem,front-end,catalogue,True,True,0.1308,0.1308,720
payment_mem,2,mem,front-end,user,False,True,-0.1473,0.1473,720
payment_mem,2,mem,front-end,carts,False,True,-0.168,0.168,720
payment_mem,2,mem,front-end,orders,False,True,-0.1577,0.1577,720
payment_mem,2,mem,front-end,payment,False,False,0.0626,0.0626,720
payment_mem,2,mem,front-end,shipping,False,False,-0.0054,0.0054,720
payment_mem,2,mem,catalogue,user,False,False,0.321,0.321,720
payment_mem,2,mem,catalogue,carts,False,False,0.0086,0.0086,720
payment_mem,2,mem,catalogue,orders,False,False,0.275,0.275,720
payment_mem,2,mem,catalogue,payment,False,False,-0.1395,0.1395,720
payment_mem,2,mem,catalogue,shipping,False,False,0.3232,0.3232,720
payment_mem,2,mem,user,carts,True,False,0.0972,0.0972,720
payment_mem,2,mem,user,orders,False,True,0.463,0.463,720
payment_mem,2,mem,user,payment,False,False,-0.3958,0.3958,720
payment_mem,2,mem,user,shipping,False,False,0.5123,0.5123,720
payment_mem,2,mem,carts,orders,False,True,0.0385,0.0385,720
payment_mem,2,mem,carts,payment,False,False,-0.338,0.338,720
payment_mem,2,mem,carts,shipping,False,False,0.1085,0.1085,720
payment_mem,2,mem,orders,payment,True,True,-0.163,0.163,720
payment_mem,2,mem,orders,shipping,True,True,0.6375,0.6375,720
payment_mem,2,mem,payment,shipping,True,False,-0.0918,0.0918,720
payment_mem,3,cpu,front-end,catalogue,True,True,0.3181,0.3181,720
payment_mem,3,cpu,front-end,user,False,True,-0.1566,0.1566,720
payment_mem,3,cpu,front-end,carts,False,True,-0.0634,0.0634,720
payment_mem,3,cpu,front-end,orders,False,True,-0.1364,0.1364,720
payment_mem,3,cpu,front-end,payment,False,False,0.0741,0.0741,720
payment_mem,3,cpu,front-end,shipping,False,False,-0.1187,0.1187,720
payment_mem,3,cpu,catalogue,user,False,False,-0.1744,0.1744,720
payment_mem,3,cpu,catalogue,carts,False,False,-0.1229,0.1229,720
payment_mem,3,cpu,catalogue,orders,False,False,-0.093,0.093,720
payment_mem,3,cpu,catalogue,payment,False,False,0.1493,0.1493,720
payment_mem,3,cpu,catalogue,shipping,False,False,-0.1698,0.1698,720
payment_mem,3,cpu,user,carts,True,False,0.1492,0.1492,720
payment_mem,3,cpu,user,orders,False,True,-0.139,0.139,720
payment_mem,3,cpu,user,payment,False,False,-0.4183,0.4183,720
payment_mem,3,cpu,user,shipping,False,False,0.0904,0.0904,720
payment_mem,3,cpu,carts,orders,False,True,-0.0214,0.0214,720
payment_mem,3,cpu,carts,payment,False,False,-0.0966,0.0966,720
payment_mem,3,cpu,carts,shipping,False,False,0.0432,0.0432,720
payment_mem,3,cpu,orders,payment,True,True,-0.0053,0.0053,720
payment_mem,3,cpu,orders,shipping,True,True,0.1756,0.1756,720
payment_mem,3,cpu,payment,shipping,True,False,-0.0781,0.0781,720
payment_mem,3,mem,front-end,catalogue,True,True,-0.0773,0.0773,720
payment_mem,3,mem,front-end,user,False,True,-0.1261,0.1261,720
payment_mem,3,mem,front-end,carts,False,True,0.1404,0.1404,720
payment_mem,3,mem,front-end,orders,False,True,-0.023,0.023,720
payment_mem,3,mem,front-end,payment,False,False,0.0247,0.0247,720
payment_mem,3,mem,front-end,shipping,False,False,0.0545,0.0545,720
payment_mem,3,mem,catalogue,user,False,False,0.6735,0.6735,720
payment_mem,3,mem,catalogue,carts,False,False,0.0686,0.0686,720
payment_mem,3,mem,catalogue,orders,False,False,0.313,0.313,720
payment_mem,3,mem,catalogue,payment,False,False,0.2819,0.2819,720
payment_mem,3,mem,catalogue,shipping,False,False,0.4978,0.4978,720
payment_mem,3,mem,user,carts,True,False,0.1648,0.1648,720
payment_mem,3,mem,user,orders,False,True,0.3731,0.3731,720
payment_mem,3,mem,user,payment,False,False,0.2099,0.2099,720
payment_mem,3,mem,user,shipping,False,False,0.6176,0.6176,720
payment_mem,3,mem,carts,orders,False,True,0.1308,0.1308,720
payment_mem,3,mem,carts,payment,False,False,0.0619,0.0619,720
payment_mem,3,mem,carts,shipping,False,False,0.3409,0.3409,720
payment_mem,3,mem,orders,payment,True,True,0.357,0.357,720
payment_mem,3,mem,orders,shipping,True,True,0.2236,0.2236,720
payment_mem,3,mem,payment,shipping,True,False,0.115,0.115,720
payment_socket,1,cpu,front-end,catalogue,False,True,0.2923,0.2923,720
payment_socket,1,cpu,front-end,user,False,True,-0.0016,0.0016,720
payment_socket,1,cpu,front-end,carts,False,True,0.005,0.005,720
payment_socket,1,cpu,front-end,orders,False,True,0.1708,0.1708,720
payment_socket,1,cpu,front-end,payment,True,False,0.319,0.319,720
payment_socket,1,cpu,front-end,shipping,True,False,0.2543,0.2543,720
payment_socket,1,cpu,catalogue,user,False,False,0.1203,0.1203,720
payment_socket,1,cpu,catalogue,carts,False,False,0.1013,0.1013,720
payment_socket,1,cpu,catalogue,orders,False,False,0.2207,0.2207,720
payment_socket,1,cpu,catalogue,payment,False,False,0.3088,0.3088,720
payment_socket,1,cpu,catalogue,shipping,False,False,0.2211,0.2211,720
payment_socket,1,cpu,user,carts,True,False,-0.0495,0.0495,720
payment_socket,1,cpu,user,orders,True,True,0.2172,0.2172,720
payment_socket,1,cpu,user,payment,False,False,0.2065,0.2065,720
payment_socket,1,cpu,user,shipping,False,False,0.1939,0.1939,720
payment_socket,1,cpu,carts,orders,True,True,-0.0327,0.0327,720
payment_socket,1,cpu,carts,payment,False,False,-0.0215,0.0215,720
payment_socket,1,cpu,carts,shipping,False,False,-0.1523,0.1523,720
payment_socket,1,cpu,orders,payment,False,True,0.1542,0.1542,720
payment_socket,1,cpu,orders,shipping,False,True,0.3302,0.3302,720
payment_socket,1,cpu,payment,shipping,True,False,0.4717,0.4717,720
payment_socket,1,mem,front-end,catalogue,False,True,-0.127,0.127,720
payment_socket,1,mem,front-end,user,False,True,0.0036,0.0036,720
payment_socket,1,mem,front-end,carts,False,True,0.0253,0.0253,720
payment_socket,1,mem,front-end,orders,False,True,-0.0094,0.0094,720
payment_socket,1,mem,front-end,payment,True,False,-0.0091,0.0091,720
payment_socket,1,mem,front-end,shipping,True,False,-0.03,0.03,720
payment_socket,1,mem,catalogue,user,False,False,0.0141,0.0141,720
payment_socket,1,mem,catalogue,carts,False,False,0.0903,0.0903,720
payment_socket,1,mem,catalogue,orders,False,False,-0.3731,0.3731,720
payment_socket,1,mem,catalogue,payment,False,False,-0.1362,0.1362,720
payment_socket,1,mem,catalogue,shipping,False,False,-0.1564,0.1564,720
payment_socket,1,mem,user,carts,True,False,-0.4843,0.4843,720
payment_socket,1,mem,user,orders,True,True,-0.3779,0.3779,720
payment_socket,1,mem,user,payment,False,False,-0.5116,0.5116,720
payment_socket,1,mem,user,shipping,False,False,0.1895,0.1895,720
payment_socket,1,mem,carts,orders,True,True,0.0995,0.0995,720
payment_socket,1,mem,carts,payment,False,False,0.6798,0.6798,720
payment_socket,1,mem,carts,shipping,False,False,-0.1338,0.1338,720
payment_socket,1,mem,orders,payment,False,True,0.1981,0.1981,720
payment_socket,1,mem,orders,shipping,False,True,0.0381,0.0381,720
payment_socket,1,mem,payment,shipping,True,False,-0.1343,0.1343,720
payment_socket,2,cpu,front-end,catalogue,True,True,0.1998,0.1998,720
payment_socket,2,cpu,front-end,user,False,True,0.1543,0.1543,720
payment_socket,2,cpu,front-end,carts,False,True,0.1472,0.1472,718
payment_socket,2,cpu,front-end,orders,False,True,0.0204,0.0204,720
payment_socket,2,cpu,front-end,payment,False,False,0.0027,0.0027,720
payment_socket,2,cpu,front-end,shipping,False,False,-0.0501,0.0501,720
payment_socket,2,cpu,catalogue,user,False,False,0.1788,0.1788,720
payment_socket,2,cpu,catalogue,carts,False,False,0.1939,0.1939,718
payment_socket,2,cpu,catalogue,orders,False,False,-0.0875,0.0875,720
payment_socket,2,cpu,catalogue,payment,False,False,0.0319,0.0319,720
payment_socket,2,cpu,catalogue,shipping,False,False,-0.3092,0.3092,720
payment_socket,2,cpu,user,carts,True,False,0.0547,0.0547,718
payment_socket,2,cpu,user,orders,False,True,-0.0728,0.0728,720
payment_socket,2,cpu,user,payment,False,False,0.0092,0.0092,720
payment_socket,2,cpu,user,shipping,False,False,-0.213,0.213,720
payment_socket,2,cpu,carts,orders,False,True,-0.1551,0.1551,718
payment_socket,2,cpu,carts,payment,False,False,-0.1599,0.1599,718
payment_socket,2,cpu,carts,shipping,False,False,-0.1023,0.1023,718
payment_socket,2,cpu,orders,payment,True,True,-0.0069,0.0069,720
payment_socket,2,cpu,orders,shipping,True,True,0.3904,0.3904,720
payment_socket,2,cpu,payment,shipping,True,False,0.0257,0.0257,720
payment_socket,2,mem,front-end,catalogue,True,True,0.0343,0.0343,720
payment_socket,2,mem,front-end,user,False,True,-0.0767,0.0767,720
payment_socket,2,mem,front-end,carts,False,True,0.1175,0.1175,720
payment_socket,2,mem,front-end,orders,False,True,0.0189,0.0189,720
payment_socket,2,mem,front-end,payment,False,False,0.0874,0.0874,720
payment_socket,2,mem,front-end,shipping,False,False,0.0747,0.0747,720
payment_socket,2,mem,catalogue,user,False,False,0.597,0.597,720
payment_socket,2,mem,catalogue,carts,False,False,-0.5026,0.5026,720
payment_socket,2,mem,catalogue,orders,False,False,-0.1788,0.1788,720
payment_socket,2,mem,catalogue,payment,False,False,0.4053,0.4053,720
payment_socket,2,mem,catalogue,shipping,False,False,0.3087,0.3087,720
payment_socket,2,mem,user,carts,True,False,-0.7043,0.7043,720
payment_socket,2,mem,user,orders,False,True,-0.2908,0.2908,720
payment_socket,2,mem,user,payment,False,False,0.2883,0.2883,720
payment_socket,2,mem,user,shipping,False,False,-0.1048,0.1048,720
payment_socket,2,mem,carts,orders,False,True,0.2127,0.2127,720
payment_socket,2,mem,carts,payment,False,False,-0.1433,0.1433,720
payment_socket,2,mem,carts,shipping,False,False,0.1631,0.1631,720
payment_socket,2,mem,orders,payment,True,True,-0.5578,0.5578,720
payment_socket,2,mem,orders,shipping,True,True,-0.1069,0.1069,720
payment_socket,2,mem,payment,shipping,True,False,0.4329,0.4329,720
payment_socket,3,cpu,front-end,catalogue,True,True,0.0968,0.0968,720
payment_socket,3,cpu,front-end,user,False,True,0.154,0.154,720
payment_socket,3,cpu,front-end,carts,False,True,-0.0708,0.0708,720
payment_socket,3,cpu,front-end,orders,False,True,0.0538,0.0538,720
payment_socket,3,cpu,front-end,payment,False,False,-0.1055,0.1055,720
payment_socket,3,cpu,front-end,shipping,False,False,-0.0822,0.0822,720
payment_socket,3,cpu,catalogue,user,False,False,0.1109,0.1109,720
payment_socket,3,cpu,catalogue,carts,False,False,-0.0373,0.0373,720
payment_socket,3,cpu,catalogue,orders,False,False,-0.0518,0.0518,720
payment_socket,3,cpu,catalogue,payment,False,False,-0.0562,0.0562,720
payment_socket,3,cpu,catalogue,shipping,False,False,-0.0482,0.0482,720
payment_socket,3,cpu,user,carts,True,False,0.0227,0.0227,720
payment_socket,3,cpu,user,orders,False,True,0.0928,0.0928,720
payment_socket,3,cpu,user,payment,False,False,0.1359,0.1359,720
payment_socket,3,cpu,user,shipping,False,False,-0.121,0.121,720
payment_socket,3,cpu,carts,orders,False,True,0.5345,0.5345,720
payment_socket,3,cpu,carts,payment,False,False,-0.0563,0.0563,720
payment_socket,3,cpu,carts,shipping,False,False,0.7738,0.7738,720
payment_socket,3,cpu,orders,payment,True,True,-0.1017,0.1017,720
payment_socket,3,cpu,orders,shipping,True,True,0.3962,0.3962,720
payment_socket,3,cpu,payment,shipping,True,False,-0.0592,0.0592,720
payment_socket,3,mem,front-end,catalogue,True,True,-0.1186,0.1186,720
payment_socket,3,mem,front-end,user,False,True,-0.0051,0.0051,720
payment_socket,3,mem,front-end,carts,False,True,0.0319,0.0319,720
payment_socket,3,mem,front-end,orders,False,True,0.0135,0.0135,720
payment_socket,3,mem,front-end,payment,False,False,-0.0601,0.0601,720
payment_socket,3,mem,front-end,shipping,False,False,-0.0797,0.0797,720
payment_socket,3,mem,catalogue,user,False,False,0.1142,0.1142,720
payment_socket,3,mem,catalogue,carts,False,False,-0.2324,0.2324,720
payment_socket,3,mem,catalogue,orders,False,False,-0.1607,0.1607,720
payment_socket,3,mem,catalogue,payment,False,False,-0.5373,0.5373,720
payment_socket,3,mem,catalogue,shipping,False,False,-0.1032,0.1032,720
payment_socket,3,mem,user,carts,True,False,-0.5758,0.5758,720
payment_socket,3,mem,user,orders,False,True,-0.147,0.147,720
payment_socket,3,mem,user,payment,False,False,-0.2866,0.2866,720
payment_socket,3,mem,user,shipping,False,False,-0.513,0.513,720
payment_socket,3,mem,carts,orders,False,True,0.2339,0.2339,720
payment_socket,3,mem,carts,payment,False,False,0.4332,0.4332,720
payment_socket,3,mem,carts,shipping,False,False,0.6778,0.6778,720
payment_socket,3,mem,orders,payment,True,True,0.2716,0.2716,720
payment_socket,3,mem,orders,shipping,True,True,0.2991,0.2991,720
payment_socket,3,mem,payment,shipping,True,False,0.1819,0.1819,720
user_cpu,1,cpu,front-end,catalogue,False,True,0.0821,0.0821,595
user_cpu,1,cpu,front-end,user,False,True,0.1462,0.1462,595
user_cpu,1,cpu,front-end,carts,False,True,0.3867,0.3867,595
user_cpu,1,cpu,front-end,orders,False,True,0.0184,0.0184,595
user_cpu,1,cpu,front-end,payment,True,False,0.0807,0.0807,595
user_cpu,1,cpu,front-end,shipping,True,False,0.058,0.058,595
user_cpu,1,cpu,catalogue,user,False,False,0.3162,0.3162,720
user_cpu,1,cpu,catalogue,carts,False,False,0.2256,0.2256,720
user_cpu,1,cpu,catalogue,orders,False,False,0.3438,0.3438,720
user_cpu,1,cpu,catalogue,payment,False,False,0.3527,0.3527,720
user_cpu,1,cpu,catalogue,shipping,False,False,0.3457,0.3457,720
user_cpu,1,cpu,user,carts,True,False,0.5994,0.5994,720
user_cpu,1,cpu,user,orders,True,True,0.7487,0.7487,720
user_cpu,1,cpu,user,payment,False,False,0.6209,0.6209,720
user_cpu,1,cpu,user,shipping,False,False,0.6275,0.6275,720
user_cpu,1,cpu,carts,orders,True,True,0.4647,0.4647,720
user_cpu,1,cpu,carts,payment,False,False,0.4862,0.4862,720
user_cpu,1,cpu,carts,shipping,False,False,0.3985,0.3985,720
user_cpu,1,cpu,orders,payment,False,True,0.6753,0.6753,720
user_cpu,1,cpu,orders,shipping,False,True,0.678,0.678,720
user_cpu,1,cpu,payment,shipping,True,False,0.5762,0.5762,720
user_cpu,1,mem,front-end,catalogue,False,True,0.5603,0.5603,682
user_cpu,1,mem,front-end,user,False,True,0.4301,0.4301,682
user_cpu,1,mem,front-end,carts,False,True,0.3524,0.3524,682
user_cpu,1,mem,front-end,orders,False,True,0.2169,0.2169,682
user_cpu,1,mem,front-end,payment,True,False,0.4828,0.4828,682
user_cpu,1,mem,front-end,shipping,True,False,0.3403,0.3403,682
user_cpu,1,mem,catalogue,user,False,False,0.7643,0.7643,720
user_cpu,1,mem,catalogue,carts,False,False,0.5892,0.5892,720
user_cpu,1,mem,catalogue,orders,False,False,0.4396,0.4396,720
user_cpu,1,mem,catalogue,payment,False,False,0.7517,0.7517,720
user_cpu,1,mem,catalogue,shipping,False,False,0.4199,0.4199,720
user_cpu,1,mem,user,carts,True,False,0.6338,0.6338,720
user_cpu,1,mem,user,orders,True,True,0.2996,0.2996,720
user_cpu,1,mem,user,payment,False,False,0.7868,0.7868,720
user_cpu,1,mem,user,shipping,False,False,0.453,0.453,720
user_cpu,1,mem,carts,orders,True,True,0.2406,0.2406,720
user_cpu,1,mem,carts,payment,False,False,0.4591,0.4591,720
user_cpu,1,mem,carts,shipping,False,False,0.3699,0.3699,720
user_cpu,1,mem,orders,payment,False,True,0.2667,0.2667,720
user_cpu,1,mem,orders,shipping,False,True,-0.0723,0.0723,720
user_cpu,1,mem,payment,shipping,True,False,0.5904,0.5904,720
user_cpu,2,cpu,front-end,catalogue,True,True,0.3345,0.3345,587
user_cpu,2,cpu,front-end,user,False,True,0.2751,0.2751,587
user_cpu,2,cpu,front-end,carts,False,True,0.1341,0.1341,587
user_cpu,2,cpu,front-end,orders,False,True,0.3487,0.3487,587
user_cpu,2,cpu,front-end,payment,False,False,0.2221,0.2221,587
user_cpu,2,cpu,front-end,shipping,False,False,0.0241,0.0241,587
user_cpu,2,cpu,catalogue,user,False,False,0.3486,0.3486,720
user_cpu,2,cpu,catalogue,carts,False,False,0.42,0.42,720
user_cpu,2,cpu,catalogue,orders,False,False,0.3234,0.3234,720
user_cpu,2,cpu,catalogue,payment,False,False,0.3149,0.3149,720
user_cpu,2,cpu,catalogue,shipping,False,False,0.0681,0.0681,720
user_cpu,2,cpu,user,carts,True,False,0.5768,0.5768,720
user_cpu,2,cpu,user,orders,False,True,0.374,0.374,720
user_cpu,2,cpu,user,payment,False,False,0.5423,0.5423,720
user_cpu,2,cpu,user,shipping,False,False,0.2062,0.2062,720
user_cpu,2,cpu,carts,orders,False,True,0.331,0.331,720
user_cpu,2,cpu,carts,payment,False,False,0.5169,0.5169,720
user_cpu,2,cpu,carts,shipping,False,False,0.2328,0.2328,720
user_cpu,2,cpu,orders,payment,True,True,0.354,0.354,720
user_cpu,2,cpu,orders,shipping,True,True,0.2375,0.2375,720
user_cpu,2,cpu,payment,shipping,True,False,0.2092,0.2092,720
user_cpu,2,mem,front-end,catalogue,True,True,0.5299,0.5299,695
user_cpu,2,mem,front-end,user,False,True,0.1363,0.1363,695
user_cpu,2,mem,front-end,carts,False,True,0.0398,0.0398,695
user_cpu,2,mem,front-end,orders,False,True,-0.3319,0.3319,695
user_cpu,2,mem,front-end,payment,False,False,0.4412,0.4412,695
user_cpu,2,mem,front-end,shipping,False,False,0.0821,0.0821,695
user_cpu,2,mem,catalogue,user,False,False,0.0448,0.0448,720
user_cpu,2,mem,catalogue,carts,False,False,0.2329,0.2329,720
user_cpu,2,mem,catalogue,orders,False,False,-0.6478,0.6478,720
user_cpu,2,mem,catalogue,payment,False,False,0.976,0.976,720
user_cpu,2,mem,catalogue,shipping,False,False,0.0221,0.0221,720
user_cpu,2,mem,user,carts,True,False,-0.0038,0.0038,720
user_cpu,2,mem,user,orders,False,True,0.0089,0.0089,720
user_cpu,2,mem,user,payment,False,False,-0.0058,0.0058,720
user_cpu,2,mem,user,shipping,False,False,-0.0078,0.0078,720
user_cpu,2,mem,carts,orders,False,True,-0.3872,0.3872,720
user_cpu,2,mem,carts,payment,False,False,0.255,0.255,720
user_cpu,2,mem,carts,shipping,False,False,-0.3651,0.3651,720
user_cpu,2,mem,orders,payment,True,True,-0.663,0.663,720
user_cpu,2,mem,orders,shipping,True,True,0.4363,0.4363,720
user_cpu,2,mem,payment,shipping,True,False,0.0411,0.0411,720
user_cpu,3,cpu,front-end,catalogue,True,True,0.0898,0.0898,719
user_cpu,3,cpu,front-end,user,False,True,0.0014,0.0014,719
user_cpu,3,cpu,front-end,carts,False,True,0.2415,0.2415,719
user_cpu,3,cpu,front-end,orders,False,True,0.0076,0.0076,719
user_cpu,3,cpu,front-end,payment,False,False,-0.1989,0.1989,719
user_cpu,3,cpu,front-end,shipping,False,False,-0.0882,0.0882,719
user_cpu,3,cpu,catalogue,user,False,False,0.0397,0.0397,720
user_cpu,3,cpu,catalogue,carts,False,False,0.1191,0.1191,720
user_cpu,3,cpu,catalogue,orders,False,False,0.2259,0.2259,720
user_cpu,3,cpu,catalogue,payment,False,False,0.0232,0.0232,720
user_cpu,3,cpu,catalogue,shipping,False,False,0.1491,0.1491,720
user_cpu,3,cpu,user,carts,True,False,0.1668,0.1668,720
user_cpu,3,cpu,user,orders,False,True,0.1976,0.1976,720
user_cpu,3,cpu,user,payment,False,False,0.0202,0.0202,720
user_cpu,3,cpu,user,shipping,False,False,0.1423,0.1423,720
user_cpu,3,cpu,carts,orders,False,True,-0.0183,0.0183,720
user_cpu,3,cpu,carts,payment,False,False,-0.0252,0.0252,720
user_cpu,3,cpu,carts,shipping,False,False,-0.1052,0.1052,720
user_cpu,3,cpu,orders,payment,True,True,0.1762,0.1762,720
user_cpu,3,cpu,orders,shipping,True,True,0.2915,0.2915,720
user_cpu,3,cpu,payment,shipping,True,False,0.185,0.185,720
user_cpu,3,mem,front-end,catalogue,True,True,0.3093,0.3093,720
user_cpu,3,mem,front-end,user,False,True,-0.1153,0.1153,720
user_cpu,3,mem,front-end,carts,False,True,0.2959,0.2959,720
user_cpu,3,mem,front-end,orders,False,True,0.0196,0.0196,720
user_cpu,3,mem,front-end,payment,False,False,0.1128,0.1128,720
user_cpu,3,mem,front-end,shipping,False,False,0.1064,0.1064,720
user_cpu,3,mem,catalogue,user,False,False,0.16,0.16,720
user_cpu,3,mem,catalogue,carts,False,False,0.5138,0.5138,720
user_cpu,3,mem,catalogue,orders,False,False,-0.0181,0.0181,720
user_cpu,3,mem,catalogue,payment,False,False,0.7247,0.7247,720
user_cpu,3,mem,catalogue,shipping,False,False,0.682,0.682,720
user_cpu,3,mem,user,carts,True,False,0.1325,0.1325,720
user_cpu,3,mem,user,orders,False,True,0.1632,0.1632,720
user_cpu,3,mem,user,payment,False,False,0.2295,0.2295,720
user_cpu,3,mem,user,shipping,False,False,0.1913,0.1913,720
user_cpu,3,mem,carts,orders,False,True,0.256,0.256,720
user_cpu,3,mem,carts,payment,False,False,0.5661,0.5661,720
user_cpu,3,mem,carts,shipping,False,False,0.3728,0.3728,720
user_cpu,3,mem,orders,payment,True,True,0.0444,0.0444,720
user_cpu,3,mem,orders,shipping,True,True,0.0952,0.0952,720
user_cpu,3,mem,payment,shipping,True,False,0.8722,0.8722,720
user_delay,1,cpu,front-end,catalogue,False,True,0.1993,0.1993,717
user_delay,1,cpu,front-end,user,False,True,0.0355,0.0355,717
user_delay,1,cpu,front-end,carts,False,True,-0.1227,0.1227,717
user_delay,1,cpu,front-end,orders,False,True,0.0309,0.0309,717
user_delay,1,cpu,front-end,payment,True,False,0.1269,0.1269,717
user_delay,1,cpu,front-end,shipping,True,False,0.1888,0.1888,717
user_delay,1,cpu,catalogue,user,False,False,0.055,0.055,720
user_delay,1,cpu,catalogue,carts,False,False,0.1189,0.1189,720
user_delay,1,cpu,catalogue,orders,False,False,-0.0289,0.0289,720
user_delay,1,cpu,catalogue,payment,False,False,0.2144,0.2144,720
user_delay,1,cpu,catalogue,shipping,False,False,0.1305,0.1305,720
user_delay,1,cpu,user,carts,True,False,0.0038,0.0038,720
user_delay,1,cpu,user,orders,True,True,0.0443,0.0443,720
user_delay,1,cpu,user,payment,False,False,-0.0221,0.0221,720
user_delay,1,cpu,user,shipping,False,False,0.0142,0.0142,720
user_delay,1,cpu,carts,orders,True,True,0.2106,0.2106,720
user_delay,1,cpu,carts,payment,False,False,-0.0166,0.0166,720
user_delay,1,cpu,carts,shipping,False,False,-0.0075,0.0075,720
user_delay,1,cpu,orders,payment,False,True,0.1404,0.1404,720
user_delay,1,cpu,orders,shipping,False,True,0.1653,0.1653,720
user_delay,1,cpu,payment,shipping,True,False,0.317,0.317,720
user_delay,1,mem,front-end,catalogue,False,True,0.0178,0.0178,720
user_delay,1,mem,front-end,user,False,True,0.2167,0.2167,720
user_delay,1,mem,front-end,carts,False,True,-0.0687,0.0687,720
user_delay,1,mem,front-end,orders,False,True,-0.0052,0.0052,720
user_delay,1,mem,front-end,payment,True,False,-0.0241,0.0241,720
user_delay,1,mem,front-end,shipping,True,False,0.1673,0.1673,720
user_delay,1,mem,catalogue,user,False,False,-0.1296,0.1296,720
user_delay,1,mem,catalogue,carts,False,False,0.0443,0.0443,720
user_delay,1,mem,catalogue,orders,False,False,0.0929,0.0929,720
user_delay,1,mem,catalogue,payment,False,False,0.0654,0.0654,720
user_delay,1,mem,catalogue,shipping,False,False,0.0086,0.0086,720
user_delay,1,mem,user,carts,True,False,-0.3167,0.3167,720
user_delay,1,mem,user,orders,True,True,0.008,0.008,720
user_delay,1,mem,user,payment,False,False,0.0928,0.0928,720
user_delay,1,mem,user,shipping,False,False,-0.0814,0.0814,720
user_delay,1,mem,carts,orders,True,True,-0.0981,0.0981,720
user_delay,1,mem,carts,payment,False,False,-0.0604,0.0604,720
user_delay,1,mem,carts,shipping,False,False,-0.0346,0.0346,720
user_delay,1,mem,orders,payment,False,True,-0.0434,0.0434,720
user_delay,1,mem,orders,shipping,False,True,0.1535,0.1535,720
user_delay,1,mem,payment,shipping,True,False,0.1934,0.1934,720
user_delay,2,cpu,front-end,catalogue,False,True,0.0562,0.0562,720
user_delay,2,cpu,front-end,user,False,True,0.045,0.045,720
user_delay,2,cpu,front-end,carts,False,True,-0.1418,0.1418,720
user_delay,2,cpu,front-end,orders,False,True,0.0156,0.0156,720
user_delay,2,cpu,front-end,payment,False,False,0.0464,0.0464,720
user_delay,2,cpu,front-end,shipping,False,False,-0.0509,0.0509,720
user_delay,2,cpu,catalogue,user,True,False,0.1136,0.1136,720
user_delay,2,cpu,catalogue,carts,False,False,0.0181,0.0181,720
user_delay,2,cpu,catalogue,orders,True,False,0.0263,0.0263,720
user_delay,2,cpu,catalogue,payment,True,False,0.176,0.176,720
user_delay,2,cpu,catalogue,shipping,False,False,-0.0926,0.0926,720
user_delay,2,cpu,user,carts,False,False,0.3834,0.3834,720
user_delay,2,cpu,user,orders,True,True,-0.0848,0.0848,720
user_delay,2,cpu,user,payment,True,False,0.1456,0.1456,720
user_delay,2,cpu,user,shipping,False,False,0.1545,0.1545,720
user_delay,2,cpu,carts,orders,False,True,-0.0888,0.0888,720
user_delay,2,cpu,carts,payment,False,False,0.1113,0.1113,720
user_delay,2,cpu,carts,shipping,True,False,0.203,0.203,720
user_delay,2,cpu,orders,payment,True,True,-0.2092,0.2092,720
user_delay,2,cpu,orders,shipping,False,True,-0.0758,0.0758,720
user_delay,2,cpu,payment,shipping,False,False,-0.0609,0.0609,720
user_delay,2,mem,front-end,catalogue,False,True,-0.0207,0.0207,720
user_delay,2,mem,front-end,user,False,True,0.2182,0.2182,720
user_delay,2,mem,front-end,carts,False,True,-0.0117,0.0117,720
user_delay,2,mem,front-end,orders,False,True,-0.0386,0.0386,720
user_delay,2,mem,front-end,payment,False,False,-0.0757,0.0757,720
user_delay,2,mem,front-end,shipping,False,False,-0.1562,0.1562,720
user_delay,2,mem,catalogue,user,True,False,-0.3708,0.3708,720
user_delay,2,mem,catalogue,carts,False,False,0.515,0.515,720
user_delay,2,mem,catalogue,orders,True,False,0.0029,0.0029,720
user_delay,2,mem,catalogue,payment,True,False,0.7951,0.7951,720
user_delay,2,mem,catalogue,shipping,False,False,0.6498,0.6498,720
user_delay,2,mem,user,carts,False,False,-0.3404,0.3404,720
user_delay,2,mem,user,orders,True,True,-0.0139,0.0139,720
user_delay,2,mem,user,payment,True,False,-0.4712,0.4712,720
user_delay,2,mem,user,shipping,False,False,-0.5238,0.5238,720
user_delay,2,mem,carts,orders,False,True,0.1321,0.1321,720
user_delay,2,mem,carts,payment,False,False,0.443,0.443,720
user_delay,2,mem,carts,shipping,True,False,0.7414,0.7414,720
user_delay,2,mem,orders,payment,True,True,0.0909,0.0909,720
user_delay,2,mem,orders,shipping,False,True,0.001,0.001,720
user_delay,2,mem,payment,shipping,False,False,0.5719,0.5719,720
user_delay,3,cpu,front-end,catalogue,False,True,0.1115,0.1115,720
user_delay,3,cpu,front-end,user,False,True,-0.0536,0.0536,720
user_delay,3,cpu,front-end,carts,False,True,0.0516,0.0516,720
user_delay,3,cpu,front-end,orders,False,True,-0.0043,0.0043,720
user_delay,3,cpu,front-end,payment,False,False,0.0762,0.0762,720
user_delay,3,cpu,front-end,shipping,False,False,0.0034,0.0034,720
user_delay,3,cpu,catalogue,user,True,False,0.002,0.002,720
user_delay,3,cpu,catalogue,carts,False,False,0.1978,0.1978,720
user_delay,3,cpu,catalogue,orders,True,False,0.1354,0.1354,720
user_delay,3,cpu,catalogue,payment,True,False,-0.0047,0.0047,720
user_delay,3,cpu,catalogue,shipping,False,False,0.1047,0.1047,720
user_delay,3,cpu,user,carts,False,False,0.1637,0.1637,720
user_delay,3,cpu,user,orders,True,True,0.0632,0.0632,720
user_delay,3,cpu,user,payment,True,False,0.103,0.103,720
user_delay,3,cpu,user,shipping,False,False,0.1076,0.1076,720
user_delay,3,cpu,carts,orders,False,True,0.2727,0.2727,720
user_delay,3,cpu,carts,payment,False,False,-0.0455,0.0455,720
user_delay,3,cpu,carts,shipping,True,False,0.1121,0.1121,720
user_delay,3,cpu,orders,payment,True,True,-0.0152,0.0152,720
user_delay,3,cpu,orders,shipping,False,True,0.451,0.451,720
user_delay,3,cpu,payment,shipping,False,False,-0.0107,0.0107,720
user_delay,3,mem,front-end,catalogue,False,True,-0.0364,0.0364,720
user_delay,3,mem,front-end,user,False,True,-0.0377,0.0377,720
user_delay,3,mem,front-end,carts,False,True,0.0587,0.0587,720
user_delay,3,mem,front-end,orders,False,True,0.169,0.169,720
user_delay,3,mem,front-end,payment,False,False,-0.1246,0.1246,720
user_delay,3,mem,front-end,shipping,False,False,-0.0161,0.0161,720
user_delay,3,mem,catalogue,user,True,False,-0.6879,0.6879,720
user_delay,3,mem,catalogue,carts,False,False,0.2457,0.2457,720
user_delay,3,mem,catalogue,orders,True,False,0.2474,0.2474,720
user_delay,3,mem,catalogue,payment,True,False,0.5191,0.5191,720
user_delay,3,mem,catalogue,shipping,False,False,-0.5075,0.5075,720
user_delay,3,mem,user,carts,False,False,-0.298,0.298,720
user_delay,3,mem,user,orders,True,True,-0.4565,0.4565,720
user_delay,3,mem,user,payment,True,False,-0.378,0.378,720
user_delay,3,mem,user,shipping,False,False,0.7625,0.7625,720
user_delay,3,mem,carts,orders,False,True,0.1859,0.1859,720
user_delay,3,mem,carts,payment,False,False,0.1152,0.1152,720
user_delay,3,mem,carts,shipping,True,False,-0.0996,0.0996,720
user_delay,3,mem,orders,payment,True,True,0.1298,0.1298,720
user_delay,3,mem,orders,shipping,False,True,-0.5716,0.5716,720
user_delay,3,mem,payment,shipping,False,False,-0.2279,0.2279,720
user_disk,1,cpu,front-end,catalogue,False,True,0.1775,0.1775,702
user_disk,1,cpu,front-end,user,False,True,0.1813,0.1813,702
user_disk,1,cpu,front-end,carts,False,True,0.085,0.085,702
user_disk,1,cpu,front-end,orders,False,True,0.3406,0.3406,702
user_disk,1,cpu,front-end,payment,True,False,0.2724,0.2724,702
user_disk,1,cpu,front-end,shipping,True,False,0.2516,0.2516,702
user_disk,1,cpu,catalogue,user,False,False,0.3438,0.3438,720
user_disk,1,cpu,catalogue,carts,False,False,0.171,0.171,720
user_disk,1,cpu,catalogue,orders,False,False,0.4189,0.4189,720
user_disk,1,cpu,catalogue,payment,False,False,0.3939,0.3939,720
user_disk,1,cpu,catalogue,shipping,False,False,0.3854,0.3854,720
user_disk,1,cpu,user,carts,True,False,0.516,0.516,720
user_disk,1,cpu,user,orders,True,True,0.6317,0.6317,720
user_disk,1,cpu,user,payment,False,False,0.5458,0.5458,720
user_disk,1,cpu,user,shipping,False,False,0.5426,0.5426,720
user_disk,1,cpu,carts,orders,True,True,0.4472,0.4472,720
user_disk,1,cpu,carts,payment,False,False,0.3764,0.3764,720
user_disk,1,cpu,carts,shipping,False,False,0.4861,0.4861,720
user_disk,1,cpu,orders,payment,False,True,0.5497,0.5497,720
user_disk,1,cpu,orders,shipping,False,True,0.6557,0.6557,720
user_disk,1,cpu,payment,shipping,True,False,0.595,0.595,720
user_disk,1,mem,front-end,catalogue,False,True,-0.8314,0.8314,720
user_disk,1,mem,front-end,user,False,True,0.8475,0.8475,720
user_disk,1,mem,front-end,carts,False,True,-0.5109,0.5109,720
user_disk,1,mem,front-end,orders,False,True,0.421,0.421,720
user_disk,1,mem,front-end,payment,True,False,-0.6325,0.6325,720
user_disk,1,mem,front-end,shipping,True,False,-0.0458,0.0458,720
user_disk,1,mem,catalogue,user,False,False,-0.543,0.543,720
user_disk,1,mem,catalogue,carts,False,False,0.4501,0.4501,720
user_disk,1,mem,catalogue,orders,False,False,-0.5915,0.5915,720
user_disk,1,mem,catalogue,payment,False,False,0.4656,0.4656,720
user_disk,1,mem,catalogue,shipping,False,False,0.0483,0.0483,720
user_disk,1,mem,user,carts,True,False,-0.4753,0.4753,720
user_disk,1,mem,user,orders,True,True,0.2217,0.2217,720
user_disk,1,mem,user,payment,False,False,-0.5265,0.5265,720
user_disk,1,mem,user,shipping,False,False,-0.0699,0.0699,720
user_disk,1,mem,carts,orders,True,True,-0.4148,0.4148,720
user_disk,1,mem,carts,payment,False,False,0.4152,0.4152,720
user_disk,1,mem,carts,shipping,False,False,-0.0622,0.0622,720
user_disk,1,mem,orders,payment,False,True,-0.2918,0.2918,720
user_disk,1,mem,orders,shipping,False,True,0.0563,0.0563,720
user_disk,1,mem,payment,shipping,True,False,-0.1044,0.1044,720
user_disk,2,cpu,front-end,catalogue,True,True,-0.0328,0.0328,720
user_disk,2,cpu,front-end,user,False,True,-0.1029,0.1029,720
user_disk,2,cpu,front-end,carts,False,True,0.0285,0.0285,720
user_disk,2,cpu,front-end,orders,False,True,0.082,0.082,720
user_disk,2,cpu,front-end,payment,False,False,0.0053,0.0053,720
user_disk,2,cpu,front-end,shipping,False,False,0.0013,0.0013,720
user_disk,2,cpu,catalogue,user,False,False,0.2738,0.2738,720
user_disk,2,cpu,catalogue,carts,False,False,0.0076,0.0076,720
user_disk,2,cpu,catalogue,orders,False,False,0.1432,0.1432,720
user_disk,2,cpu,catalogue,payment,False,False,0.0111,0.0111,720
user_disk,2,cpu,catalogue,shipping,False,False,-0.1182,0.1182,720
user_disk,2,cpu,user,carts,True,False,-0.015,0.015,720
user_disk,2,cpu,user,orders,False,True,0.1363,0.1363,720
user_disk,2,cpu,user,payment,False,False,0.059,0.059,720
user_disk,2,cpu,user,shipping,False,False,0.0458,0.0458,720
user_disk,2,cpu,carts,orders,False,True,-0.019,0.019,720
user_disk,2,cpu,carts,payment,False,False,-0.1916,0.1916,720
user_disk,2,cpu,carts,shipping,False,False,-0.0787,0.0787,720
user_disk,2,cpu,orders,payment,True,True,0.0686,0.0686,720
user_disk,2,cpu,orders,shipping,True,True,-0.0125,0.0125,720
user_disk,2,cpu,payment,shipping,True,False,-0.1524,0.1524,720
user_disk,2,mem,front-end,catalogue,True,True,0.193,0.193,720
user_disk,2,mem,front-end,user,False,True,-0.1056,0.1056,720
user_disk,2,mem,front-end,carts,False,True,-0.1877,0.1877,720
user_disk,2,mem,front-end,orders,False,True,-0.0757,0.0757,720
user_disk,2,mem,front-end,payment,False,False,0.1018,0.1018,720
user_disk,2,mem,front-end,shipping,False,False,-0.0047,0.0047,720
user_disk,2,mem,catalogue,user,False,False,-0.5817,0.5817,720
user_disk,2,mem,catalogue,carts,False,False,-0.6276,0.6276,720
user_disk,2,mem,catalogue,orders,False,False,-0.6218,0.6218,720
user_disk,2,mem,catalogue,payment,False,False,0.8078,0.8078,720
user_disk,2,mem,catalogue,shipping,False,False,0.4421,0.4421,720
user_disk,2,mem,user,carts,True,False,0.9237,0.9237,720
user_disk,2,mem,user,orders,False,True,0.1886,0.1886,720
user_disk,2,mem,user,payment,False,False,-0.3612,0.3612,720
user_disk,2,mem,user,shipping,False,False,0.0107,0.0107,720
user_disk,2,mem,carts,orders,False,True,0.3003,0.3003,720
user_disk,2,mem,carts,payment,False,False,-0.4739,0.4739,720
user_disk,2,mem,carts,shipping,False,False,-0.0844,0.0844,720
user_disk,2,mem,orders,payment,True,True,-0.8735,0.8735,720
user_disk,2,mem,orders,shipping,True,True,-0.6201,0.6201,720
user_disk,2,mem,payment,shipping,True,False,0.5875,0.5875,720
user_disk,3,cpu,front-end,catalogue,True,True,0.0691,0.0691,718
user_disk,3,cpu,front-end,user,False,True,-0.0824,0.0824,718
user_disk,3,cpu,front-end,carts,False,True,0.056,0.056,718
user_disk,3,cpu,front-end,orders,False,True,-0.0525,0.0525,718
user_disk,3,cpu,front-end,payment,False,False,0.016,0.016,718
user_disk,3,cpu,front-end,shipping,False,False,0.1028,0.1028,718
user_disk,3,cpu,catalogue,user,False,False,-0.0284,0.0284,720
user_disk,3,cpu,catalogue,carts,False,False,-0.076,0.076,720
user_disk,3,cpu,catalogue,orders,False,False,0.0178,0.0178,720
user_disk,3,cpu,catalogue,payment,False,False,0.1246,0.1246,720
user_disk,3,cpu,catalogue,shipping,False,False,0.1446,0.1446,720
user_disk,3,cpu,user,carts,True,False,-0.2049,0.2049,720
user_disk,3,cpu,user,orders,False,True,-0.0452,0.0452,720
user_disk,3,cpu,user,payment,False,False,0.1086,0.1086,720
user_disk,3,cpu,user,shipping,False,False,0.0267,0.0267,720
user_disk,3,cpu,carts,orders,False,True,0.4913,0.4913,720
user_disk,3,cpu,carts,payment,False,False,-0.1402,0.1402,720
user_disk,3,cpu,carts,shipping,False,False,0.1473,0.1473,720
user_disk,3,cpu,orders,payment,True,True,0.027,0.027,720
user_disk,3,cpu,orders,shipping,True,True,0.577,0.577,720
user_disk,3,cpu,payment,shipping,True,False,0.2686,0.2686,720
user_disk,3,mem,front-end,catalogue,True,True,-0.0496,0.0496,720
user_disk,3,mem,front-end,user,False,True,-0.0054,0.0054,720
user_disk,3,mem,front-end,carts,False,True,0.0492,0.0492,720
user_disk,3,mem,front-end,orders,False,True,0.0521,0.0521,720
user_disk,3,mem,front-end,payment,False,False,-0.0501,0.0501,720
user_disk,3,mem,front-end,shipping,False,False,-0.0516,0.0516,720
user_disk,3,mem,catalogue,user,False,False,-0.3768,0.3768,720
user_disk,3,mem,catalogue,carts,False,False,0.5214,0.5214,720
user_disk,3,mem,catalogue,orders,False,False,0.4039,0.4039,720
user_disk,3,mem,catalogue,payment,False,False,0.5154,0.5154,720
user_disk,3,mem,catalogue,shipping,False,False,0.3248,0.3248,720
user_disk,3,mem,user,carts,True,False,-0.5949,0.5949,720
user_disk,3,mem,user,orders,False,True,-0.4503,0.4503,720
user_disk,3,mem,user,payment,False,False,-0.7352,0.7352,720
user_disk,3,mem,user,shipping,False,False,-0.7067,0.7067,720
user_disk,3,mem,carts,orders,False,True,0.8205,0.8205,720
user_disk,3,mem,carts,payment,False,False,0.7281,0.7281,720
user_disk,3,mem,carts,shipping,False,False,0.5267,0.5267,720
user_disk,3,mem,orders,payment,True,True,0.5226,0.5226,720
user_disk,3,mem,orders,shipping,True,True,0.5248,0.5248,720
user_disk,3,mem,payment,shipping,True,False,0.5319,0.5319,720
user_loss,1,cpu,front-end,catalogue,False,True,0.0924,0.0924,720
user_loss,1,cpu,front-end,user,False,True,0.0342,0.0342,720
user_loss,1,cpu,front-end,carts,False,True,-0.0203,0.0203,720
user_loss,1,cpu,front-end,orders,False,True,0.079,0.079,720
user_loss,1,cpu,front-end,payment,True,False,0.0787,0.0787,720
user_loss,1,cpu,front-end,shipping,True,False,0.1111,0.1111,720
user_loss,1,cpu,catalogue,user,False,False,-0.0289,0.0289,720
user_loss,1,cpu,catalogue,carts,False,False,-0.0672,0.0672,720
user_loss,1,cpu,catalogue,orders,False,False,-0.0008,0.0008,720
user_loss,1,cpu,catalogue,payment,False,False,-0.0446,0.0446,720
user_loss,1,cpu,catalogue,shipping,False,False,-0.2337,0.2337,720
user_loss,1,cpu,user,carts,True,False,0.0612,0.0612,720
user_loss,1,cpu,user,orders,True,True,0.3073,0.3073,720
user_loss,1,cpu,user,payment,False,False,-0.0129,0.0129,720
user_loss,1,cpu,user,shipping,False,False,0.1486,0.1486,720
user_loss,1,cpu,carts,orders,True,True,0.0467,0.0467,720
user_loss,1,cpu,carts,payment,False,False,0.0757,0.0757,720
user_loss,1,cpu,carts,shipping,False,False,0.0393,0.0393,720
user_loss,1,cpu,orders,payment,False,True,0.1069,0.1069,720
user_loss,1,cpu,orders,shipping,False,True,0.1473,0.1473,720
user_loss,1,cpu,payment,shipping,True,False,0.081,0.081,720
user_loss,1,mem,front-end,catalogue,False,True,0.0775,0.0775,720
user_loss,1,mem,front-end,user,False,True,-0.232,0.232,720
user_loss,1,mem,front-end,carts,False,True,0.1134,0.1134,720
user_loss,1,mem,front-end,orders,False,True,0.0621,0.0621,720
user_loss,1,mem,front-end,payment,True,False,0.1069,0.1069,720
user_loss,1,mem,front-end,shipping,True,False,0.2632,0.2632,720
user_loss,1,mem,catalogue,user,False,False,-0.0594,0.0594,720
user_loss,1,mem,catalogue,carts,False,False,0.1204,0.1204,720
user_loss,1,mem,catalogue,orders,False,False,0.1221,0.1221,720
user_loss,1,mem,catalogue,payment,False,False,0.0514,0.0514,720
user_loss,1,mem,catalogue,shipping,False,False,-0.0604,0.0604,720
user_loss,1,mem,user,carts,True,False,-0.1203,0.1203,720
user_loss,1,mem,user,orders,True,True,-0.1888,0.1888,720
user_loss,1,mem,user,payment,False,False,-0.3695,0.3695,720
user_loss,1,mem,user,shipping,False,False,-0.1331,0.1331,720
user_loss,1,mem,carts,orders,True,True,0.6042,0.6042,720
user_loss,1,mem,carts,payment,False,False,0.1858,0.1858,720
user_loss,1,mem,carts,shipping,False,False,0.1045,0.1045,720
user_loss,1,mem,orders,payment,False,True,0.2535,0.2535,720
user_loss,1,mem,orders,shipping,False,True,-0.0173,0.0173,720
user_loss,1,mem,payment,shipping,True,False,0.0672,0.0672,720
user_loss,2,cpu,front-end,catalogue,False,True,-0.0507,0.0507,720
user_loss,2,cpu,front-end,user,False,True,0.031,0.031,720
user_loss,2,cpu,front-end,carts,False,True,-0.1299,0.1299,720
user_loss,2,cpu,front-end,orders,False,True,-0.0799,0.0799,720
user_loss,2,cpu,front-end,payment,False,False,0.0753,0.0753,720
user_loss,2,cpu,front-end,shipping,False,False,-0.083,0.083,720
user_loss,2,cpu,catalogue,user,True,False,0.2207,0.2207,720
user_loss,2,cpu,catalogue,carts,False,False,0.0349,0.0349,720
user_loss,2,cpu,catalogue,orders,True,False,0.0568,0.0568,720
user_loss,2,cpu,catalogue,payment,True,False,0.1539,0.1539,720
user_loss,2,cpu,catalogue,shipping,False,False,0.1152,0.1152,720
user_loss,2,cpu,user,carts,False,False,-0.0029,0.0029,720
user_loss,2,cpu,user,orders,True,True,0.1317,0.1317,720
user_loss,2,cpu,user,payment,True,False,0.1435,0.1435,720
user_loss,2,cpu,user,shipping,False,False,-0.0132,0.0132,720
user_loss,2,cpu,carts,orders,False,True,0.432,0.432,720
user_loss,2,cpu,carts,payment,False,False,-0.1121,0.1121,720
user_loss,2,cpu,carts,shipping,True,False,0.5448,0.5448,720
user_loss,2,cpu,orders,payment,True,True,-0.0634,0.0634,720
user_loss,2,cpu,orders,shipping,False,True,0.8292,0.8292,720
user_loss,2,cpu,payment,shipping,False,False,-0.0631,0.0631,720
user_loss,2,mem,front-end,catalogue,False,True,0.04,0.04,720
user_loss,2,mem,front-end,user,False,True,0.1837,0.1837,720
user_loss,2,mem,front-end,carts,False,True,0.0225,0.0225,720
user_loss,2,mem,front-end,orders,False,True,-0.0867,0.0867,720
user_loss,2,mem,front-end,payment,False,False,-0.1282,0.1282,720
user_loss,2,mem,front-end,shipping,False,False,-0.1161,0.1161,720
user_loss,2,mem,catalogue,user,True,False,0.1863,0.1863,720
user_loss,2,mem,catalogue,carts,False,False,-0.5363,0.5363,720
user_loss,2,mem,catalogue,orders,True,False,-0.7744,0.7744,720
user_loss,2,mem,catalogue,payment,True,False,-0.4781,0.4781,720
user_loss,2,mem,catalogue,shipping,False,False,-0.8011,0.8011,720
user_loss,2,mem,user,carts,False,False,-0.2464,0.2464,720
user_loss,2,mem,user,orders,True,True,-0.1492,0.1492,720
user_loss,2,mem,user,payment,True,False,-0.6616,0.6616,720
user_loss,2,mem,user,shipping,False,False,-0.4024,0.4024,720
user_loss,2,mem,carts,orders,False,True,0.5182,0.5182,720
user_loss,2,mem,carts,payment,False,False,0.6278,0.6278,720
user_loss,2,mem,carts,shipping,True,False,0.4313,0.4313,720
user_loss,2,mem,orders,payment,True,True,0.4592,0.4592,720
user_loss,2,mem,orders,shipping,False,True,0.8361,0.8361,720
user_loss,2,mem,payment,shipping,False,False,0.5591,0.5591,720
user_loss,3,cpu,front-end,catalogue,False,True,0.0819,0.0819,720
user_loss,3,cpu,front-end,user,False,True,0.2258,0.2258,720
user_loss,3,cpu,front-end,carts,False,True,0.327,0.327,720
user_loss,3,cpu,front-end,orders,False,True,0.2453,0.2453,720
user_loss,3,cpu,front-end,payment,False,False,0.2927,0.2927,720
user_loss,3,cpu,front-end,shipping,False,False,0.308,0.308,720
user_loss,3,cpu,catalogue,user,True,False,0.2315,0.2315,720
user_loss,3,cpu,catalogue,carts,False,False,0.3058,0.3058,720
user_loss,3,cpu,catalogue,orders,True,False,0.1183,0.1183,720
user_loss,3,cpu,catalogue,payment,True,False,0.2953,0.2953,720
user_loss,3,cpu,catalogue,shipping,False,False,0.0942,0.0942,720
user_loss,3,cpu,user,carts,False,False,0.5961,0.5961,720
user_loss,3,cpu,user,orders,True,True,0.1873,0.1873,720
user_loss,3,cpu,user,payment,True,False,0.4882,0.4882,720
user_loss,3,cpu,user,shipping,False,False,0.3421,0.3421,720
user_loss,3,cpu,carts,orders,False,True,0.1677,0.1677,720
user_loss,3,cpu,carts,payment,False,False,0.5237,0.5237,720
user_loss,3,cpu,carts,shipping,True,False,0.3017,0.3017,720
user_loss,3,cpu,orders,payment,True,True,0.2554,0.2554,720
user_loss,3,cpu,orders,shipping,False,True,0.0124,0.0124,720
user_loss,3,cpu,payment,shipping,False,False,0.2943,0.2943,720
user_loss,3,mem,front-end,catalogue,False,True,-0.2377,0.2377,720
user_loss,3,mem,front-end,user,False,True,-0.4394,0.4394,720
user_loss,3,mem,front-end,carts,False,True,-0.1394,0.1394,720
user_loss,3,mem,front-end,orders,False,True,-0.3382,0.3382,720
user_loss,3,mem,front-end,payment,False,False,-0.5866,0.5866,720
user_loss,3,mem,front-end,shipping,False,False,-0.123,0.123,720
user_loss,3,mem,catalogue,user,True,False,0.452,0.452,720
user_loss,3,mem,catalogue,carts,False,False,-0.0438,0.0438,720
user_loss,3,mem,catalogue,orders,True,False,0.429,0.429,720
user_loss,3,mem,catalogue,payment,True,False,0.3659,0.3659,720
user_loss,3,mem,catalogue,shipping,False,False,-0.0641,0.0641,720
user_loss,3,mem,user,carts,False,False,0.0415,0.0415,720
user_loss,3,mem,user,orders,True,True,0.842,0.842,720
user_loss,3,mem,user,payment,True,False,0.8412,0.8412,720
user_loss,3,mem,user,shipping,False,False,-0.0035,0.0035,720
user_loss,3,mem,carts,orders,False,True,-0.0996,0.0996,720
user_loss,3,mem,carts,payment,False,False,0.0157,0.0157,720
user_loss,3,mem,carts,shipping,True,False,-0.0044,0.0044,720
user_loss,3,mem,orders,payment,True,True,0.7022,0.7022,720
user_loss,3,mem,orders,shipping,False,True,0.1473,0.1473,720
user_loss,3,mem,payment,shipping,False,False,-0.0256,0.0256,720
user_mem,1,cpu,front-end,catalogue,True,True,0.1479,0.1479,718
user_mem,1,cpu,front-end,user,False,True,0.0907,0.0907,720
user_mem,1,cpu,front-end,carts,False,True,0.0943,0.0943,720
user_mem,1,cpu,front-end,orders,False,True,0.0671,0.0671,720
user_mem,1,cpu,front-end,payment,False,False,0.0077,0.0077,720
user_mem,1,cpu,front-end,shipping,False,False,0.0961,0.0961,720
user_mem,1,cpu,catalogue,user,False,False,0.0234,0.0234,718
user_mem,1,cpu,catalogue,carts,False,False,-0.0236,0.0236,718
user_mem,1,cpu,catalogue,orders,False,False,0.1746,0.1746,718
user_mem,1,cpu,catalogue,payment,False,False,-0.0248,0.0248,718
user_mem,1,cpu,catalogue,shipping,False,False,-0.0717,0.0717,718
user_mem,1,cpu,user,carts,False,False,-0.0913,0.0913,720
user_mem,1,cpu,user,orders,False,True,0.1381,0.1381,720
user_mem,1,cpu,user,payment,False,False,0.1547,0.1547,720
user_mem,1,cpu,user,shipping,False,False,-0.083,0.083,720
user_mem,1,cpu,carts,orders,True,True,-0.0095,0.0095,720
user_mem,1,cpu,carts,payment,True,False,0.0072,0.0072,720
user_mem,1,cpu,carts,shipping,True,False,0.2775,0.2775,720
user_mem,1,cpu,orders,payment,True,True,0.1139,0.1139,720
user_mem,1,cpu,orders,shipping,True,True,0.1764,0.1764,720
user_mem,1,cpu,payment,shipping,True,False,-0.0665,0.0665,720
user_mem,1,mem,front-end,catalogue,True,True,0.1925,0.1925,720
user_mem,1,mem,front-end,user,False,True,0.1348,0.1348,720
user_mem,1,mem,front-end,carts,False,True,-0.1205,0.1205,720
user_mem,1,mem,front-end,orders,False,True,0.282,0.282,720
user_mem,1,mem,front-end,payment,False,False,0.1381,0.1381,720
user_mem,1,mem,front-end,shipping,False,False,0.0207,0.0207,720
user_mem,1,mem,catalogue,user,False,False,0.4258,0.4258,720
user_mem,1,mem,catalogue,carts,False,False,-0.431,0.431,720
user_mem,1,mem,catalogue,orders,False,False,0.418,0.418,720
user_mem,1,mem,catalogue,payment,False,False,0.4991,0.4991,720
user_mem,1,mem,catalogue,shipping,False,False,0.2837,0.2837,720
user_mem,1,mem,user,carts,False,False,-0.685,0.685,720
user_mem,1,mem,user,orders,False,True,0.7034,0.7034,720
user_mem,1,mem,user,payment,False,False,0.7269,0.7269,720
user_mem,1,mem,user,shipping,False,False,0.4176,0.4176,720
user_mem,1,mem,carts,orders,True,True,-0.772,0.772,720
user_mem,1,mem,carts,payment,True,False,-0.7552,0.7552,720
user_mem,1,mem,carts,shipping,True,False,-0.3267,0.3267,720
user_mem,1,mem,orders,payment,True,True,0.8188,0.8188,720
user_mem,1,mem,orders,shipping,True,True,0.5087,0.5087,720
user_mem,1,mem,payment,shipping,True,False,0.6024,0.6024,720
user_mem,2,cpu,front-end,catalogue,True,True,-0.07,0.07,720
user_mem,2,cpu,front-end,user,False,True,0.1721,0.1721,720
user_mem,2,cpu,front-end,carts,False,True,0.1207,0.1207,720
user_mem,2,cpu,front-end,orders,False,True,0.0941,0.0941,720
user_mem,2,cpu,front-end,payment,False,False,0.1909,0.1909,719
user_mem,2,cpu,front-end,shipping,False,False,0.143,0.143,720
user_mem,2,cpu,catalogue,user,False,False,-0.0609,0.0609,720
user_mem,2,cpu,catalogue,carts,False,False,-0.1249,0.1249,720
user_mem,2,cpu,catalogue,orders,False,False,-0.0368,0.0368,720
user_mem,2,cpu,catalogue,payment,False,False,0.0942,0.0942,719
user_mem,2,cpu,catalogue,shipping,False,False,-0.1122,0.1122,720
user_mem,2,cpu,user,carts,True,False,0.2277,0.2277,720
user_mem,2,cpu,user,orders,False,True,0.3497,0.3497,720
user_mem,2,cpu,user,payment,False,False,0.0873,0.0873,719
user_mem,2,cpu,user,shipping,False,False,0.1079,0.1079,720
user_mem,2,cpu,carts,orders,False,True,0.6037,0.6037,720
user_mem,2,cpu,carts,payment,False,False,0.0882,0.0882,719
user_mem,2,cpu,carts,shipping,False,False,0.251,0.251,720
user_mem,2,cpu,orders,payment,True,True,-0.0163,0.0163,719
user_mem,2,cpu,orders,shipping,True,True,0.4186,0.4186,720
user_mem,2,cpu,payment,shipping,True,False,-0.1415,0.1415,719
user_mem,2,mem,front-end,catalogue,True,True,0.0108,0.0108,720
user_mem,2,mem,front-end,user,False,True,0.0567,0.0567,720
user_mem,2,mem,front-end,carts,False,True,0.0926,0.0926,720
user_mem,2,mem,front-end,orders,False,True,0.0735,0.0735,720
user_mem,2,mem,front-end,payment,False,False,0.0176,0.0176,720
user_mem,2,mem,front-end,shipping,False,False,0.1385,0.1385,720
user_mem,2,mem,catalogue,user,False,False,0.8955,0.8955,720
user_mem,2,mem,catalogue,carts,False,False,0.9145,0.9145,720
user_mem,2,mem,catalogue,orders,False,False,0.9129,0.9129,720
user_mem,2,mem,catalogue,payment,False,False,0.9209,0.9209,720
user_mem,2,mem,catalogue,shipping,False,False,0.5251,0.5251,720
user_mem,2,mem,user,carts,True,False,0.9451,0.9451,720
user_mem,2,mem,user,orders,False,True,0.9701,0.9701,720
user_mem,2,mem,user,payment,False,False,0.822,0.822,720
user_mem,2,mem,user,shipping,False,False,0.7251,0.7251,720
user_mem,2,mem,carts,orders,False,True,0.9177,0.9177,720
user_mem,2,mem,carts,payment,False,False,0.8895,0.8895,720
user_mem,2,mem,carts,shipping,False,False,0.5863,0.5863,720
user_mem,2,mem,orders,payment,True,True,0.7877,0.7877,720
user_mem,2,mem,orders,shipping,True,True,0.775,0.775,720
user_mem,2,mem,payment,shipping,True,False,0.2986,0.2986,720
user_mem,3,cpu,front-end,catalogue,True,True,0.2359,0.2359,720
user_mem,3,cpu,front-end,user,False,True,0.1307,0.1307,719
user_mem,3,cpu,front-end,carts,False,True,-0.1957,0.1957,720
user_mem,3,cpu,front-end,orders,False,True,0.0797,0.0797,720
user_mem,3,cpu,front-end,payment,False,False,-0.0677,0.0677,720
user_mem,3,cpu,front-end,shipping,False,False,-0.0252,0.0252,720
user_mem,3,cpu,catalogue,user,False,False,0.0685,0.0685,719
user_mem,3,cpu,catalogue,carts,False,False,-0.1066,0.1066,720
user_mem,3,cpu,catalogue,orders,False,False,0.2013,0.2013,720
user_mem,3,cpu,catalogue,payment,False,False,-0.1061,0.1061,720
user_mem,3,cpu,catalogue,shipping,False,False,-0.2189,0.2189,720
user_mem,3,cpu,user,carts,True,False,0.1117,0.1117,719
user_mem,3,cpu,user,orders,False,True,-0.0998,0.0998,719
user_mem,3,cpu,user,payment,False,False,0.223,0.223,719
user_mem,3,cpu,user,shipping,False,False,0.0509,0.0509,719
user_mem,3,cpu,carts,orders,False,True,-0.0927,0.0927,720
user_mem,3,cpu,carts,payment,False,False,0.1876,0.1876,720
user_mem,3,cpu,carts,shipping,False,False,0.4039,0.4039,720
user_mem,3,cpu,orders,payment,True,True,-0.0465,0.0465,720
user_mem,3,cpu,orders,shipping,True,True,-0.1143,0.1143,720
user_mem,3,cpu,payment,shipping,True,False,0.0573,0.0573,720
user_mem,3,mem,front-end,catalogue,True,True,-0.2276,0.2276,720
user_mem,3,mem,front-end,user,False,True,0.0316,0.0316,720
user_mem,3,mem,front-end,carts,False,True,-0.1165,0.1165,720
user_mem,3,mem,front-end,orders,False,True,-0.0344,0.0344,720
user_mem,3,mem,front-end,payment,False,False,-0.1185,0.1185,720
user_mem,3,mem,front-end,shipping,False,False,-0.0804,0.0804,720
user_mem,3,mem,catalogue,user,False,False,-0.2178,0.2178,720
user_mem,3,mem,catalogue,carts,False,False,-0.2273,0.2273,720
user_mem,3,mem,catalogue,orders,False,False,-0.2774,0.2774,720
user_mem,3,mem,catalogue,payment,False,False,-0.2615,0.2615,720
user_mem,3,mem,catalogue,shipping,False,False,-0.5188,0.5188,720
user_mem,3,mem,user,carts,True,False,0.5368,0.5368,720
user_mem,3,mem,user,orders,False,True,0.1454,0.1454,720
user_mem,3,mem,user,payment,False,False,0.2192,0.2192,720
user_mem,3,mem,user,shipping,False,False,0.49,0.49,720
user_mem,3,mem,carts,orders,False,True,0.6635,0.6635,720
user_mem,3,mem,carts,payment,False,False,0.678,0.678,720
user_mem,3,mem,carts,shipping,False,False,0.7432,0.7432,720
user_mem,3,mem,orders,payment,True,True,0.6924,0.6924,720
user_mem,3,mem,orders,shipping,True,True,0.5756,0.5756,720
user_mem,3,mem,payment,shipping,True,False,0.4666,0.4666,720
user_socket,1,cpu,front-end,catalogue,False,True,0.0948,0.0948,720
user_socket,1,cpu,front-end,user,False,True,0.0002,0.0002,720
user_socket,1,cpu,front-end,carts,False,True,-0.0782,0.0782,720
user_socket,1,cpu,front-end,orders,False,True,0.0617,0.0617,720
user_socket,1,cpu,front-end,payment,True,False,0.05,0.05,720
user_socket,1,cpu,front-end,shipping,True,False,0.1819,0.1819,720
user_socket,1,cpu,catalogue,user,False,False,0.0878,0.0878,720
user_socket,1,cpu,catalogue,carts,False,False,-0.1653,0.1653,720
user_socket,1,cpu,catalogue,orders,False,False,0.0289,0.0289,720
user_socket,1,cpu,catalogue,payment,False,False,-0.0031,0.0031,720
user_socket,1,cpu,catalogue,shipping,False,False,0.0326,0.0326,720
user_socket,1,cpu,user,carts,True,False,-0.0104,0.0104,720
user_socket,1,cpu,user,orders,True,True,0.1905,0.1905,720
user_socket,1,cpu,user,payment,False,False,0.1475,0.1475,720
user_socket,1,cpu,user,shipping,False,False,0.0562,0.0562,720
user_socket,1,cpu,carts,orders,True,True,-0.1059,0.1059,720
user_socket,1,cpu,carts,payment,False,False,-0.0652,0.0652,720
user_socket,1,cpu,carts,shipping,False,False,-0.1296,0.1296,720
user_socket,1,cpu,orders,payment,False,True,0.2754,0.2754,720
user_socket,1,cpu,orders,shipping,False,True,0.2134,0.2134,720
user_socket,1,cpu,payment,shipping,True,False,0.1018,0.1018,720
user_socket,1,mem,front-end,catalogue,False,True,0.2779,0.2779,720
user_socket,1,mem,front-end,user,False,True,0.0232,0.0232,720
user_socket,1,mem,front-end,carts,False,True,0.2614,0.2614,720
user_socket,1,mem,front-end,orders,False,True,-0.0294,0.0294,720
user_socket,1,mem,front-end,payment,True,False,0.1273,0.1273,720
user_socket,1,mem,front-end,shipping,True,False,0.1637,0.1637,720
user_socket,1,mem,catalogue,user,False,False,0.3137,0.3137,720
user_socket,1,mem,catalogue,carts,False,False,0.6906,0.6906,720
user_socket,1,mem,catalogue,orders,False,False,0.3159,0.3159,720
user_socket,1,mem,catalogue,payment,False,False,-0.3744,0.3744,720
user_socket,1,mem,catalogue,shipping,False,False,-0.0754,0.0754,720
user_socket,1,mem,user,carts,True,False,0.4665,0.4665,720
user_socket,1,mem,user,orders,True,True,0.0785,0.0785,720
user_socket,1,mem,user,payment,False,False,0.1026,0.1026,720
user_socket,1,mem,user,shipping,False,False,-0.0522,0.0522,720
user_socket,1,mem,carts,orders,True,True,0.3773,0.3773,720
user_socket,1,mem,carts,payment,False,False,-0.3949,0.3949,720
user_socket,1,mem,carts,shipping,False,False,-0.1238,0.1238,720
user_socket,1,mem,orders,payment,False,True,-0.1696,0.1696,720
user_socket,1,mem,orders,shipping,False,True,-0.1773,0.1773,720
user_socket,1,mem,payment,shipping,True,False,0.0215,0.0215,720
user_socket,2,cpu,front-end,catalogue,True,True,0.0022,0.0022,720
user_socket,2,cpu,front-end,user,False,True,0.1723,0.1723,720
user_socket,2,cpu,front-end,carts,False,True,0.1135,0.1135,720
user_socket,2,cpu,front-end,orders,False,True,0.1376,0.1376,720
user_socket,2,cpu,front-end,payment,False,False,0.1267,0.1267,720
user_socket,2,cpu,front-end,shipping,False,False,0.1952,0.1952,718
user_socket,2,cpu,catalogue,user,False,False,0.0615,0.0615,720
user_socket,2,cpu,catalogue,carts,False,False,0.1365,0.1365,720
user_socket,2,cpu,catalogue,orders,False,False,0.0911,0.0911,720
user_socket,2,cpu,catalogue,payment,False,False,0.1187,0.1187,720
user_socket,2,cpu,catalogue,shipping,False,False,0.0314,0.0314,718
user_socket,2,cpu,user,carts,True,False,0.282,0.282,720
user_socket,2,cpu,user,orders,False,True,0.0596,0.0596,720
user_socket,2,cpu,user,payment,False,False,0.2189,0.2189,720
user_socket,2,cpu,user,shipping,False,False,0.1385,0.1385,718
user_socket,2,cpu,carts,orders,False,True,0.079,0.079,720
user_socket,2,cpu,carts,payment,False,False,0.1941,0.1941,720
user_socket,2,cpu,carts,shipping,False,False,0.0956,0.0956,718
user_socket,2,cpu,orders,payment,True,True,0.0156,0.0156,720
user_socket,2,cpu,orders,shipping,True,True,0.8121,0.8121,718
user_socket,2,cpu,payment,shipping,True,False,0.0789,0.0789,718
user_socket,2,mem,front-end,catalogue,True,True,0.0018,0.0018,720
user_socket,2,mem,front-end,user,False,True,0.2083,0.2083,720
user_socket,2,mem,front-end,carts,False,True,-0.1735,0.1735,720
user_socket,2,mem,front-end,orders,False,True,0.0386,0.0386,720
user_socket,2,mem,front-end,payment,False,False,-0.0298,0.0298,720
user_socket,2,mem,front-end,shipping,False,False,0.1386,0.1386,720
user_socket,2,mem,catalogue,user,False,False,0.0058,0.0058,720
user_socket,2,mem,catalogue,carts,False,False,-0.0884,0.0884,720
user_socket,2,mem,catalogue,orders,False,False,0.6945,0.6945,720
user_socket,2,mem,catalogue,payment,False,False,-0.2459,0.2459,720
user_socket,2,mem,catalogue,shipping,False,False,-0.1646,0.1646,720
user_socket,2,mem,user,carts,True,False,-0.0005,0.0005,720
user_socket,2,mem,user,orders,False,True,0.2506,0.2506,720
user_socket,2,mem,user,payment,False,False,-0.3929,0.3929,720
user_socket,2,mem,user,shipping,False,False,-0.0015,0.0015,720
user_socket,2,mem,carts,orders,False,True,-0.1137,0.1137,720
user_socket,2,mem,carts,payment,False,False,0.1119,0.1119,720
user_socket,2,mem,carts,shipping,False,False,0.0371,0.0371,720
user_socket,2,mem,orders,payment,True,True,-0.5549,0.5549,720
user_socket,2,mem,orders,shipping,True,True,-0.068,0.068,720
user_socket,2,mem,payment,shipping,True,False,0.022,0.022,720
user_socket,3,cpu,front-end,catalogue,True,True,0.1971,0.1971,720
user_socket,3,cpu,front-end,user,False,True,0.1329,0.1329,720
user_socket,3,cpu,front-end,carts,False,True,0.1919,0.1919,720
user_socket,3,cpu,front-end,orders,False,True,0.2475,0.2475,717
user_socket,3,cpu,front-end,payment,False,False,-0.0357,0.0357,720
user_socket,3,cpu,front-end,shipping,False,False,0.2211,0.2211,720
user_socket,3,cpu,catalogue,user,False,False,0.1204,0.1204,720
user_socket,3,cpu,catalogue,carts,False,False,0.1844,0.1844,720
user_socket,3,cpu,catalogue,orders,False,False,0.1102,0.1102,717
user_socket,3,cpu,catalogue,payment,False,False,0.1486,0.1486,720
user_socket,3,cpu,catalogue,shipping,False,False,0.1211,0.1211,720
user_socket,3,cpu,user,carts,True,False,0.1031,0.1031,720
user_socket,3,cpu,user,orders,False,True,0.3624,0.3624,717
user_socket,3,cpu,user,payment,False,False,-0.0807,0.0807,720
user_socket,3,cpu,user,shipping,False,False,0.3091,0.3091,720
user_socket,3,cpu,carts,orders,False,True,0.5507,0.5507,717
user_socket,3,cpu,carts,payment,False,False,-0.1568,0.1568,720
user_socket,3,cpu,carts,shipping,False,False,0.4305,0.4305,720
user_socket,3,cpu,orders,payment,True,True,-0.2878,0.2878,717
user_socket,3,cpu,orders,shipping,True,True,0.768,0.768,717
user_socket,3,cpu,payment,shipping,True,False,-0.2535,0.2535,720
user_socket,3,mem,front-end,catalogue,True,True,0.2789,0.2789,720
user_socket,3,mem,front-end,user,False,True,0.2197,0.2197,720
user_socket,3,mem,front-end,carts,False,True,0.2062,0.2062,720
user_socket,3,mem,front-end,orders,False,True,0.2602,0.2602,720
user_socket,3,mem,front-end,payment,False,False,0.2643,0.2643,720
user_socket,3,mem,front-end,shipping,False,False,0.1918,0.1918,720
user_socket,3,mem,catalogue,user,False,False,0.9357,0.9357,720
user_socket,3,mem,catalogue,carts,False,False,0.9204,0.9204,720
user_socket,3,mem,catalogue,orders,False,False,0.883,0.883,720
user_socket,3,mem,catalogue,payment,False,False,0.869,0.869,720
user_socket,3,mem,catalogue,shipping,False,False,0.8487,0.8487,720
user_socket,3,mem,user,carts,True,False,0.9261,0.9261,720
user_socket,3,mem,user,orders,False,True,0.9698,0.9698,720
user_socket,3,mem,user,payment,False,False,0.6983,0.6983,720
user_socket,3,mem,user,shipping,False,False,0.9678,0.9678,720
user_socket,3,mem,carts,orders,False,True,0.902,0.902,720
user_socket,3,mem,carts,payment,False,False,0.7385,0.7385,720
user_socket,3,mem,carts,shipping,False,False,0.8681,0.8681,720
user_socket,3,mem,orders,payment,True,True,0.6282,0.6282,720
user_socket,3,mem,orders,shipping,True,True,0.9572,0.9572,720
user_socket,3,mem,payment,shipping,True,False,0.5897,0.5897,720
